test,kind,r
across_replicates_same_ctx_pert,observed,0.17480722
across_replicates_same_ctx_pert,observed,0.2662012
across_replicates_same_ctx_pert,observed,0.2662012
across_replicates_same_ctx_pert,observed,0.16749792
across_replicates_same_ctx_pert,observed,0.16749792
across_replicates_same_ctx_pert,observed,0.16749792
across_replicates_same_ctx_pert,observed,0.056648567
across_replicates_same_ctx_pert,observed,0.056648567
across_replicates_same_ctx_pert,observed,0.0725809
across_replicates_same_ctx_pert,observed,0.1337356
across_replicates_same_ctx_pert,observed,0.13360512
across_replicates_same_ctx_pert,observed,0.13360512
across_replicates_same_ctx_pert,observed,0.23743863
across_replicates_same_ctx_pert,observed,0.181515
across_replicates_same_ctx_pert,observed,0.23743863
across_replicates_same_ctx_pert,observed,0.273538
across_replicates_same_ctx_pert,observed,0.32656953
across_replicates_same_ctx_pert,observed,0.32656953
across_replicates_same_ctx_pert,observed,0.1635206
across_replicates_same_ctx_pert,observed,0.1635206
across_replicates_same_ctx_pert,observed,0.1635206
across_replicates_same_ctx_pert,observed,0.1809042
across_replicates_same_ctx_pert,observed,0.1955361
across_replicates_same_ctx_pert,observed,0.1955361
across_replicates_same_ctx_pert,observed,0.23483567
across_replicates_same_ctx_pert,observed,0.23483567
across_replicates_same_ctx_pert,observed,0.17867844
across_replicates_same_ctx_pert,observed,0.13577287
across_replicates_same_ctx_pert,observed,0.061423678
across_replicates_same_ctx_pert,observed,0.07244949
across_replicates_same_ctx_pert,observed,0.15451735
across_replicates_same_ctx_pert,observed,0.15451735
across_replicates_same_ctx_pert,observed,0.15451735
across_replicates_same_ctx_pert,observed,0.11600311
across_replicates_same_ctx_pert,observed,0.18252425
across_replicates_same_ctx_pert,observed,0.08730777
across_replicates_same_ctx_pert,observed,0.20628743
across_replicates_same_ctx_pert,observed,0.20628743
across_replicates_same_ctx_pert,observed,0.08055038
across_replicates_same_ctx_pert,observed,0.08055038
across_replicates_same_ctx_pert,observed,0.0802229
across_replicates_same_ctx_pert,observed,0.10332857
across_replicates_same_ctx_pert,observed,0.10397894
across_replicates_same_ctx_pert,observed,0.14892174
across_replicates_same_ctx_pert,observed,0.17485023
across_replicates_same_ctx_pert,observed,0.1693719
across_replicates_same_ctx_pert,observed,0.10744463
across_replicates_same_ctx_pert,observed,0.13443425
across_replicates_same_ctx_pert,observed,0.097665064
across_replicates_same_ctx_pert,observed,0.13443425
across_replicates_same_ctx_pert,observed,0.22433965
across_replicates_same_ctx_pert,observed,0.17531791
across_replicates_same_ctx_pert,observed,0.17531791
across_replicates_same_ctx_pert,observed,0.1751344
across_replicates_same_ctx_pert,observed,0.023899462
across_replicates_same_ctx_pert,observed,0.1751344
across_replicates_same_ctx_pert,observed,0.21752931
across_replicates_same_ctx_pert,observed,0.21752931
across_replicates_same_ctx_pert,observed,0.13212456
across_replicates_same_ctx_pert,observed,0.14369102
across_replicates_same_ctx_pert,observed,0.32151926
across_replicates_same_ctx_pert,observed,0.14045143
across_replicates_same_ctx_pert,observed,0.23196645
across_replicates_same_ctx_pert,observed,0.23196645
across_replicates_same_ctx_pert,observed,0.23224343
across_replicates_same_ctx_pert,observed,0.08585953
across_replicates_same_ctx_pert,observed,0.21827975
across_replicates_same_ctx_pert,observed,0.08585953
across_replicates_same_ctx_pert,observed,0.15602511
across_replicates_same_ctx_pert,observed,0.16966651
across_replicates_same_ctx_pert,observed,0.16966651
across_replicates_same_ctx_pert,observed,0.24277173
across_replicates_same_ctx_pert,observed,0.20766792
across_replicates_same_ctx_pert,observed,0.2343383
across_replicates_same_ctx_pert,observed,0.14340435
across_replicates_same_ctx_pert,observed,0.21366185
across_replicates_same_ctx_pert,observed,0.17839818
across_replicates_same_ctx_pert,observed,0.17847008
across_replicates_same_ctx_pert,observed,0.14371043
across_replicates_same_ctx_pert,observed,0.06349586
across_replicates_same_ctx_pert,observed,0.22312331
across_replicates_same_ctx_pert,observed,0.20314704
across_replicates_same_ctx_pert,observed,0.273437
across_replicates_same_ctx_pert,observed,0.06644694
across_replicates_same_ctx_pert,observed,0.2557893
across_replicates_same_ctx_pert,observed,0.195673
across_replicates_same_ctx_pert,observed,0.16149291
across_replicates_same_ctx_pert,observed,0.07456517
across_replicates_same_ctx_pert,observed,0.17497201
across_replicates_same_ctx_pert,observed,0.17567435
across_replicates_same_ctx_pert,observed,0.24277173
across_replicates_same_ctx_pert,observed,0.19087318
across_replicates_same_ctx_pert,observed,0.18224882
across_replicates_same_ctx_pert,observed,0.19342987
across_replicates_same_ctx_pert,observed,0.30067405
across_replicates_same_ctx_pert,observed,0.14290868
across_replicates_same_ctx_pert,observed,0.13219398
across_replicates_same_ctx_pert,observed,0.171958
across_replicates_same_ctx_pert,observed,0.20727544
across_replicates_same_ctx_pert,observed,0.218199
across_replicates_same_ctx_pert,observed,0.30037853
across_replicates_same_ctx_pert,observed,0.14344342
across_replicates_same_ctx_pert,observed,0.14344342
across_replicates_same_ctx_pert,observed,0.14344342
across_replicates_same_ctx_pert,observed,0.10695217
across_replicates_same_ctx_pert,observed,0.10695217
across_replicates_same_ctx_pert,observed,0.10695217
across_replicates_same_ctx_pert,observed,0.22270355
across_replicates_same_ctx_pert,observed,0.08381748
across_replicates_same_ctx_pert,observed,0.08381748
across_replicates_same_ctx_pert,observed,0.19569422
across_replicates_same_ctx_pert,observed,0.17272031
across_replicates_same_ctx_pert,observed,0.19569422
across_replicates_same_ctx_pert,observed,0.10726436
across_replicates_same_ctx_pert,observed,0.10726436
across_replicates_same_ctx_pert,observed,0.10726436
across_replicates_same_ctx_pert,observed,0.23585002
across_replicates_same_ctx_pert,observed,0.23585002
across_replicates_same_ctx_pert,observed,0.20634282
across_replicates_same_ctx_pert,observed,0.06825959
across_replicates_same_ctx_pert,observed,0.13451761
across_replicates_same_ctx_pert,observed,0.048833854
across_replicates_same_ctx_pert,observed,0.14520843
across_replicates_same_ctx_pert,observed,0.048833854
across_replicates_same_ctx_pert,observed,0.1471191
across_replicates_same_ctx_pert,observed,0.17107521
across_replicates_same_ctx_pert,observed,0.17107521
across_replicates_same_ctx_pert,observed,0.17728521
across_replicates_same_ctx_pert,observed,0.11385692
across_replicates_same_ctx_pert,observed,0.11385692
across_replicates_same_ctx_pert,observed,0.07514673
across_replicates_same_ctx_pert,observed,0.13209161
across_replicates_same_ctx_pert,observed,0.16121991
across_replicates_same_ctx_pert,observed,0.15845972
across_replicates_same_ctx_pert,observed,0.15845972
across_replicates_same_ctx_pert,observed,0.22573186
across_replicates_same_ctx_pert,observed,0.1630162
across_replicates_same_ctx_pert,observed,0.0790392
across_replicates_same_ctx_pert,observed,0.11271543
across_replicates_same_ctx_pert,observed,0.13779545
across_replicates_same_ctx_pert,observed,0.13779545
across_replicates_same_ctx_pert,observed,0.12854387
across_replicates_same_ctx_pert,observed,0.14950338
across_replicates_same_ctx_pert,observed,0.14950338
across_replicates_same_ctx_pert,observed,0.16106349
across_replicates_same_ctx_pert,observed,0.1334892
across_replicates_same_ctx_pert,observed,0.1334892
across_replicates_same_ctx_pert,observed,0.1334892
across_replicates_same_ctx_pert,observed,0.19601622
across_replicates_same_ctx_pert,observed,0.19854413
across_replicates_same_ctx_pert,observed,0.19854413
across_replicates_same_ctx_pert,observed,0.046272803
across_replicates_same_ctx_pert,observed,0.0064222044
across_replicates_same_ctx_pert,observed,0.027934123
across_replicates_same_ctx_pert,observed,0.018530104
across_replicates_same_ctx_pert,observed,-0.05603565
across_replicates_same_ctx_pert,observed,0.046330467
across_replicates_same_ctx_pert,observed,0.021040952
across_replicates_same_ctx_pert,observed,0.049391348
across_replicates_same_ctx_pert,observed,0.046402954
across_replicates_same_ctx_pert,observed,0.04395163
across_replicates_same_ctx_pert,observed,0.011323626
across_replicates_same_ctx_pert,observed,0.044618286
across_replicates_same_ctx_pert,observed,0.01701619
across_replicates_same_ctx_pert,observed,0.017995747
across_replicates_same_ctx_pert,observed,0.022274308
across_replicates_same_ctx_pert,observed,0.011323626
across_replicates_same_ctx_pert,observed,0.035767823
across_replicates_same_ctx_pert,observed,0.048150342
across_replicates_same_ctx_pert,observed,0.05713767
across_replicates_same_ctx_pert,observed,0.089672826
across_replicates_same_ctx_pert,observed,0.008715268
across_replicates_same_ctx_pert,observed,0.056306668
across_replicates_same_ctx_pert,observed,-0.09331202
across_replicates_same_ctx_pert,observed,0.03127848
across_replicates_same_ctx_pert,observed,0.06794392
across_replicates_same_ctx_pert,observed,-0.019370241
across_replicates_same_ctx_pert,observed,0.021040952
across_replicates_same_ctx_pert,observed,0.047261324
across_replicates_same_ctx_pert,observed,0.020599391
across_replicates_same_ctx_pert,observed,0.058689218
across_replicates_same_ctx_pert,observed,0.08706136
across_replicates_same_ctx_pert,observed,0.046051033
across_replicates_same_ctx_pert,observed,0.07664629
across_replicates_same_ctx_pert,observed,0.00930564
across_replicates_same_ctx_pert,observed,0.020599391
across_replicates_same_ctx_pert,observed,-0.011591374
across_replicates_same_ctx_pert,observed,0.06267572
across_replicates_same_ctx_pert,observed,0.24117231
across_replicates_same_ctx_pert,observed,0.24117231
across_replicates_same_ctx_pert,observed,0.24117231
across_replicates_same_ctx_pert,observed,0.23657185
across_replicates_same_ctx_pert,observed,0.23657185
across_replicates_same_ctx_pert,observed,0.17606458
across_replicates_same_ctx_pert,observed,0.06994259
across_replicates_same_ctx_pert,observed,0.13682902
across_replicates_same_ctx_pert,observed,0.13682902
across_replicates_same_ctx_pert,observed,0.11648134
across_replicates_same_ctx_pert,observed,0.21903618
across_replicates_same_ctx_pert,observed,0.21903618
across_replicates_same_ctx_pert,observed,0.1279685
across_replicates_same_ctx_pert,observed,0.1279685
across_replicates_same_ctx_pert,observed,0.10595534
across_replicates_same_ctx_pert,observed,0.06335393
across_replicates_same_ctx_pert,observed,0.08718317
across_replicates_same_ctx_pert,observed,0.08718317
across_replicates_same_ctx_pert,observed,0.18761194
across_replicates_same_ctx_pert,observed,0.18761194
across_replicates_same_ctx_pert,observed,0.17847434
across_replicates_same_ctx_pert,observed,0.3969523
across_replicates_same_ctx_pert,observed,0.24188974
across_replicates_same_ctx_pert,observed,0.2681886
across_replicates_same_ctx_pert,observed,0.18856853
across_replicates_same_ctx_pert,observed,0.103212535
across_replicates_same_ctx_pert,observed,0.18856853
across_replicates_same_ctx_pert,observed,0.09684063
across_replicates_same_ctx_pert,observed,0.09684063
across_replicates_same_ctx_pert,observed,0.09684063
across_replicates_same_ctx_pert,observed,0.20351149
across_replicates_same_ctx_pert,observed,0.20351149
across_replicates_same_ctx_pert,observed,0.21356255
across_replicates_same_ctx_pert,observed,0.14690678
across_replicates_same_ctx_pert,observed,0.20695348
across_replicates_same_ctx_pert,observed,0.1972579
across_replicates_same_ctx_pert,observed,0.22789012
across_replicates_same_ctx_pert,observed,-0.006201254
across_replicates_same_ctx_pert,observed,-0.13200016
across_replicates_same_ctx_pert,observed,0.12471339
across_replicates_same_ctx_pert,observed,0.11319768
across_replicates_same_ctx_pert,observed,0.12471339
across_replicates_same_ctx_pert,observed,0.16580379
across_replicates_same_ctx_pert,observed,0.14228931
across_replicates_same_ctx_pert,observed,0.14228931
across_replicates_same_ctx_pert,observed,0.067282826
across_replicates_same_ctx_pert,observed,0.067282826
across_replicates_same_ctx_pert,observed,0.067282826
across_replicates_same_ctx_pert,observed,0.3965282
across_replicates_same_ctx_pert,observed,0.3965282
across_replicates_same_ctx_pert,observed,0.49548674
across_replicates_same_ctx_pert,observed,0.14851893
across_replicates_same_ctx_pert,observed,0.13695534
across_replicates_same_ctx_pert,observed,0.06316027
across_replicates_same_ctx_pert,observed,0.06896953
across_replicates_same_ctx_pert,observed,0.06896953
across_replicates_same_ctx_pert,observed,0.083982386
across_replicates_same_ctx_pert,observed,0.20987175
across_replicates_same_ctx_pert,observed,0.20987175
across_replicates_same_ctx_pert,observed,0.20987175
across_replicates_same_ctx_pert,observed,0.18718706
across_replicates_same_ctx_pert,observed,0.23672964
across_replicates_same_ctx_pert,observed,0.17106675
across_replicates_same_ctx_pert,observed,0.16446537
across_replicates_same_ctx_pert,observed,0.119905
across_replicates_same_ctx_pert,observed,0.16446537
across_replicates_same_ctx_pert,observed,0.14201888
across_replicates_same_ctx_pert,observed,0.14201888
across_replicates_same_ctx_pert,observed,0.14201888
across_replicates_same_ctx_pert,observed,0.068988115
across_replicates_same_ctx_pert,observed,0.068988115
across_replicates_same_ctx_pert,observed,0.19775693
across_replicates_same_ctx_pert,observed,0.10632776
across_replicates_same_ctx_pert,observed,0.108903565
across_replicates_same_ctx_pert,observed,0.10632776
across_replicates_same_ctx_pert,observed,0.03776945
across_replicates_same_ctx_pert,observed,0.082443215
across_replicates_same_ctx_pert,observed,0.03776945
across_replicates_same_ctx_pert,observed,0.093629904
across_replicates_same_ctx_pert,observed,0.08240694
across_replicates_same_ctx_pert,observed,0.093629904
across_replicates_same_ctx_pert,observed,0.18991366
across_replicates_same_ctx_pert,observed,0.18991366
across_replicates_same_ctx_pert,observed,0.04922308
across_replicates_same_ctx_pert,observed,-0.023694154
across_replicates_same_ctx_pert,observed,0.11322207
across_replicates_same_ctx_pert,observed,-0.023694154
across_replicates_same_ctx_pert,observed,0.10785431
across_replicates_same_ctx_pert,observed,0.10785431
across_replicates_same_ctx_pert,observed,0.077231035
across_replicates_same_ctx_pert,observed,0.2462969
across_replicates_same_ctx_pert,observed,0.11600827
across_replicates_same_ctx_pert,observed,0.17131151
across_replicates_same_ctx_pert,observed,0.06874374
across_replicates_same_ctx_pert,observed,0.06874374
across_replicates_same_ctx_pert,observed,0.06874374
across_replicates_same_ctx_pert,observed,0.19277093
across_replicates_same_ctx_pert,observed,0.19277093
across_replicates_same_ctx_pert,observed,0.1337786
across_replicates_same_ctx_pert,observed,0.075636126
across_replicates_same_ctx_pert,observed,0.09097573
across_replicates_same_ctx_pert,observed,0.075636126
across_replicates_same_ctx_pert,observed,0.11697898
across_replicates_same_ctx_pert,observed,0.13866341
across_replicates_same_ctx_pert,observed,0.13866341
across_replicates_same_ctx_pert,observed,0.11359161
across_replicates_same_ctx_pert,observed,0.11359161
across_replicates_same_ctx_pert,observed,0.11359161
across_replicates_same_ctx_pert,observed,0.16325323
across_replicates_same_ctx_pert,observed,0.16325323
across_replicates_same_ctx_pert,observed,0.17132102
across_replicates_same_ctx_pert,observed,0.1553328
across_replicates_same_ctx_pert,observed,0.1553328
across_replicates_same_ctx_pert,observed,0.022398153
across_replicates_same_ctx_pert,observed,0.028055796
across_replicates_same_ctx_pert,observed,0.028055796
across_replicates_same_ctx_pert,observed,0.15893297
across_replicates_same_ctx_pert,observed,0.14063458
across_replicates_same_ctx_pert,observed,0.15893297
across_replicates_same_ctx_pert,observed,0.24183042
across_replicates_same_ctx_pert,observed,0.25019175
across_replicates_same_ctx_pert,observed,0.25019175
across_replicates_same_ctx_pert,observed,0.07027872
across_replicates_same_ctx_pert,observed,0.05395102
across_replicates_same_ctx_pert,observed,0.05395102
across_replicates_same_ctx_pert,observed,0.1411773
across_replicates_same_ctx_pert,observed,0.070018776
across_replicates_same_ctx_pert,observed,0.1411773
across_replicates_same_ctx_pert,observed,0.072913766
across_replicates_same_ctx_pert,observed,0.10184902
across_replicates_same_ctx_pert,observed,0.10184902
across_replicates_same_ctx_pert,observed,0.117771015
across_replicates_same_ctx_pert,observed,0.117771015
across_replicates_same_ctx_pert,observed,0.21649066
across_replicates_same_ctx_pert,observed,0.12972231
across_replicates_same_ctx_pert,observed,0.20083877
across_replicates_same_ctx_pert,observed,0.12972231
across_replicates_same_ctx_pert,observed,-0.0084784245
across_replicates_same_ctx_pert,observed,0.11063469
across_replicates_same_ctx_pert,observed,-0.0084784245
across_replicates_same_ctx_pert,observed,0.098224826
across_replicates_same_ctx_pert,observed,0.07799463
across_replicates_same_ctx_pert,observed,0.13237791
across_replicates_same_ctx_pert,observed,0.25199774
across_replicates_same_ctx_pert,observed,0.20223965
across_replicates_same_ctx_pert,observed,0.20223965
across_replicates_same_ctx_pert,observed,0.33499998
across_replicates_same_ctx_pert,observed,0.33499998
across_replicates_same_ctx_pert,observed,0.2657839
across_replicates_same_ctx_pert,observed,0.17430174
across_replicates_same_ctx_pert,observed,0.119027935
across_replicates_same_ctx_pert,observed,0.119027935
across_replicates_same_ctx_pert,observed,0.2701082
across_replicates_same_ctx_pert,observed,0.25241742
across_replicates_same_ctx_pert,observed,0.25241742
across_replicates_same_ctx_pert,observed,0.10307595
across_replicates_same_ctx_pert,observed,0.10307595
across_replicates_same_ctx_pert,observed,0.11383744
across_replicates_same_ctx_pert,observed,0.08811538
across_replicates_same_ctx_pert,observed,0.08811538
across_replicates_same_ctx_pert,observed,0.19699581
across_replicates_same_ctx_pert,observed,0.20104842
across_replicates_same_ctx_pert,observed,0.22056873
across_replicates_same_ctx_pert,observed,0.20104842
across_replicates_same_ctx_pert,observed,0.12010504
across_replicates_same_ctx_pert,observed,0.12010504
across_replicates_same_ctx_pert,observed,0.17479877
across_replicates_same_ctx_pert,observed,0.28444803
across_replicates_same_ctx_pert,observed,0.108594544
across_replicates_same_ctx_pert,observed,0.108594544
across_replicates_same_ctx_pert,observed,0.20270574
across_replicates_same_ctx_pert,observed,0.20270574
across_replicates_same_ctx_pert,observed,0.18916841
across_replicates_same_ctx_pert,observed,-0.027062833
across_replicates_same_ctx_pert,observed,-0.0002508006
across_replicates_same_ctx_pert,observed,-0.027062833
across_replicates_same_ctx_pert,observed,0.16924424
across_replicates_same_ctx_pert,observed,0.22489765
across_replicates_same_ctx_pert,observed,0.22489765
across_replicates_same_ctx_pert,observed,0.44306126
across_replicates_same_ctx_pert,observed,0.50971997
across_replicates_same_ctx_pert,observed,0.4956513
across_replicates_same_ctx_pert,observed,0.10522465
across_replicates_same_ctx_pert,observed,0.10174186
across_replicates_same_ctx_pert,observed,0.14084238
across_replicates_same_ctx_pert,observed,0.12432541
across_replicates_same_ctx_pert,observed,0.17116717
across_replicates_same_ctx_pert,observed,0.12432541
across_replicates_same_ctx_pert,observed,0.11671288
across_replicates_same_ctx_pert,observed,0.151006
across_replicates_same_ctx_pert,observed,0.14757484
across_replicates_same_ctx_pert,observed,-0.06003998
across_replicates_same_ctx_pert,observed,0.18872261
across_replicates_same_ctx_pert,observed,0.18872261
across_replicates_same_ctx_pert,observed,0.16313857
across_replicates_same_ctx_pert,observed,0.13892388
across_replicates_same_ctx_pert,observed,0.13892388
across_replicates_same_ctx_pert,observed,0.06471373
across_replicates_same_ctx_pert,observed,0.06471373
across_replicates_same_ctx_pert,observed,0.10497962
across_replicates_same_ctx_pert,observed,0.1470024
across_replicates_same_ctx_pert,observed,0.1470024
across_replicates_same_ctx_pert,observed,0.1470024
across_replicates_same_ctx_pert,observed,0.23915938
across_replicates_same_ctx_pert,observed,-0.035242565
across_replicates_same_ctx_pert,observed,-0.10003592
across_replicates_same_ctx_pert,observed,0.33019805
across_replicates_same_ctx_pert,observed,0.33019805
across_replicates_same_ctx_pert,observed,0.34610713
across_replicates_same_ctx_pert,observed,0.15698119
across_replicates_same_ctx_pert,observed,0.1702462
across_replicates_same_ctx_pert,observed,0.1702462
across_replicates_same_ctx_pert,observed,0.07059013
across_replicates_same_ctx_pert,observed,0.10309041
across_replicates_same_ctx_pert,observed,0.10309041
across_replicates_same_ctx_pert,observed,0.200418
across_replicates_same_ctx_pert,observed,0.200418
across_replicates_same_ctx_pert,observed,0.21065117
across_replicates_same_ctx_pert,observed,0.031802624
across_replicates_same_ctx_pert,observed,-0.07146928
across_replicates_same_ctx_pert,observed,-0.07146928
across_replicates_same_ctx_pert,observed,0.18973988
across_replicates_same_ctx_pert,observed,0.09502103
across_replicates_same_ctx_pert,observed,0.18973988
across_replicates_same_ctx_pert,observed,0.19044895
across_replicates_same_ctx_pert,observed,0.2087156
across_replicates_same_ctx_pert,observed,0.19044895
across_replicates_same_ctx_pert,observed,0.12399162
across_replicates_same_ctx_pert,observed,0.12399162
across_replicates_same_ctx_pert,observed,0.12399162
across_replicates_same_ctx_pert,observed,0.21907574
across_replicates_same_ctx_pert,observed,0.14648513
across_replicates_same_ctx_pert,observed,0.22648264
across_replicates_same_ctx_pert,observed,0.21552618
across_replicates_same_ctx_pert,observed,0.3665311
across_replicates_same_ctx_pert,observed,0.2937074
across_replicates_same_ctx_pert,observed,0.120017685
across_replicates_same_ctx_pert,observed,0.21288796
across_replicates_same_ctx_pert,observed,0.120017685
across_replicates_same_ctx_pert,observed,0.15626253
across_replicates_same_ctx_pert,observed,0.11697549
across_replicates_same_ctx_pert,observed,0.15626253
across_replicates_same_ctx_pert,observed,0.14621773
across_replicates_same_ctx_pert,observed,0.14621773
across_replicates_same_ctx_pert,observed,0.12392356
across_replicates_same_ctx_pert,observed,0.19700927
across_replicates_same_ctx_pert,observed,0.1782239
across_replicates_same_ctx_pert,observed,0.1782239
across_replicates_same_ctx_pert,observed,0.12018062
across_replicates_same_ctx_pert,observed,0.11136548
across_replicates_same_ctx_pert,observed,0.11136548
across_replicates_same_ctx_pert,observed,0.13179839
across_replicates_same_ctx_pert,observed,0.13179839
across_replicates_same_ctx_pert,observed,0.08843874
across_replicates_same_ctx_pert,observed,0.2624678
across_replicates_same_ctx_pert,observed,0.2624678
across_replicates_same_ctx_pert,observed,0.25081933
across_replicates_same_ctx_pert,observed,0.12906884
across_replicates_same_ctx_pert,observed,0.12906884
across_replicates_same_ctx_pert,observed,0.1598153
across_replicates_same_ctx_pert,observed,0.15896142
across_replicates_same_ctx_pert,observed,0.16493353
across_replicates_same_ctx_pert,observed,0.15896142
across_replicates_same_ctx_pert,observed,0.31241867
across_replicates_same_ctx_pert,observed,0.19158752
across_replicates_same_ctx_pert,observed,0.31241867
across_replicates_same_ctx_pert,observed,0.1149405
across_replicates_same_ctx_pert,observed,0.1149405
across_replicates_same_ctx_pert,observed,0.19445676
across_replicates_same_ctx_pert,observed,0.10100535
across_replicates_same_ctx_pert,observed,0.13387349
across_replicates_same_ctx_pert,observed,0.10100535
across_replicates_same_ctx_pert,observed,0.1078309
across_replicates_same_ctx_pert,observed,0.1008763
across_replicates_same_ctx_pert,observed,0.1078309
across_replicates_same_ctx_pert,observed,0.14529854
across_replicates_same_ctx_pert,observed,0.14529854
across_replicates_same_ctx_pert,observed,0.18459591
across_replicates_same_ctx_pert,observed,0.11572141
across_replicates_same_ctx_pert,observed,0.14501104
across_replicates_same_ctx_pert,observed,0.11572141
across_replicates_same_ctx_pert,observed,0.09748452
across_replicates_same_ctx_pert,observed,0.01502116
across_replicates_same_ctx_pert,observed,0.09748452
across_replicates_same_ctx_pert,observed,0.29971758
across_replicates_same_ctx_pert,observed,0.23477691
across_replicates_same_ctx_pert,observed,0.23477691
across_replicates_same_ctx_pert,observed,0.1073185
across_replicates_same_ctx_pert,observed,0.095668934
across_replicates_same_ctx_pert,observed,0.1073185
across_replicates_same_ctx_pert,observed,0.11054112
across_replicates_same_ctx_pert,observed,0.12006366
across_replicates_same_ctx_pert,observed,0.12006366
across_replicates_same_ctx_pert,observed,0.14944723
across_replicates_same_ctx_pert,observed,0.04304526
across_replicates_same_ctx_pert,observed,0.14944723
across_replicates_same_ctx_pert,observed,0.23720665
across_replicates_same_ctx_pert,observed,0.32845134
across_replicates_same_ctx_pert,observed,0.32845134
across_replicates_same_ctx_pert,observed,0.039125644
across_replicates_same_ctx_pert,observed,-0.037579585
across_replicates_same_ctx_pert,observed,0.21648252
across_replicates_same_ctx_pert,observed,0.2873315
across_replicates_same_ctx_pert,observed,0.1892125
across_replicates_same_ctx_pert,observed,0.2873315
across_replicates_same_ctx_pert,observed,0.56040347
across_replicates_same_ctx_pert,observed,0.56040347
across_replicates_same_ctx_pert,observed,0.56040347
across_replicates_same_ctx_pert,observed,0.50278306
across_replicates_same_ctx_pert,observed,0.50278306
across_replicates_same_ctx_pert,observed,0.5821769
across_replicates_same_ctx_pert,observed,0.4693881
across_replicates_same_ctx_pert,observed,0.37571317
across_replicates_same_ctx_pert,observed,0.4693881
across_replicates_same_ctx_pert,observed,0.47583026
across_replicates_same_ctx_pert,observed,0.5608345
across_replicates_same_ctx_pert,observed,0.52681607
across_replicates_same_ctx_pert,observed,0.13423349
across_replicates_same_ctx_pert,observed,0.13423349
across_replicates_same_ctx_pert,observed,0.13423349
across_replicates_same_ctx_pert,observed,0.3134186
across_replicates_same_ctx_pert,observed,0.3134186
across_replicates_same_ctx_pert,observed,0.34605494
across_replicates_same_ctx_pert,observed,0.30445376
across_replicates_same_ctx_pert,observed,0.2920725
across_replicates_same_ctx_pert,observed,0.30445376
across_replicates_same_ctx_pert,observed,0.34721932
across_replicates_same_ctx_pert,observed,0.34721932
across_replicates_same_ctx_pert,observed,0.34721932
across_replicates_same_ctx_pert,observed,0.1906243
across_replicates_same_ctx_pert,observed,0.4654839
across_replicates_same_ctx_pert,observed,0.13252045
across_replicates_same_ctx_pert,observed,0.118769795
across_replicates_same_ctx_pert,observed,0.26507643
across_replicates_same_ctx_pert,observed,0.4485227
across_replicates_same_ctx_pert,observed,0.46825725
across_replicates_same_ctx_pert,observed,0.46825725
across_replicates_same_ctx_pert,observed,0.41109157
across_replicates_same_ctx_pert,observed,0.36089864
across_replicates_same_ctx_pert,observed,0.17091048
across_replicates_same_ctx_pert,observed,0.17091048
across_replicates_same_ctx_pert,observed,0.28411737
across_replicates_same_ctx_pert,observed,0.46704963
across_replicates_same_ctx_pert,observed,0.29719356
across_replicates_same_ctx_pert,observed,0.3940558
across_replicates_same_ctx_pert,observed,0.4690645
across_replicates_same_ctx_pert,observed,0.4690645
across_replicates_same_ctx_pert,observed,0.5018405
across_replicates_same_ctx_pert,observed,0.5018405
across_replicates_same_ctx_pert,observed,0.5936486
across_replicates_same_ctx_pert,observed,0.59716487
across_replicates_same_ctx_pert,observed,0.4982453
across_replicates_same_ctx_pert,observed,0.59716487
across_replicates_same_ctx_pert,observed,0.39760664
across_replicates_same_ctx_pert,observed,0.39760664
across_replicates_same_ctx_pert,observed,0.38894635
across_replicates_same_ctx_pert,observed,0.456655
across_replicates_same_ctx_pert,observed,0.456655
across_replicates_same_ctx_pert,observed,0.53988403
across_replicates_same_ctx_pert,observed,0.26416394
across_replicates_same_ctx_pert,observed,0.26416394
across_replicates_same_ctx_pert,observed,0.29581302
across_replicates_same_ctx_pert,observed,0.36896116
across_replicates_same_ctx_pert,observed,0.40921798
across_replicates_same_ctx_pert,observed,0.27654114
across_replicates_same_ctx_pert,observed,0.45861802
across_replicates_same_ctx_pert,observed,0.43386272
across_replicates_same_ctx_pert,observed,0.41606337
across_replicates_same_ctx_pert,observed,0.3396418
across_replicates_same_ctx_pert,observed,0.5014495
across_replicates_same_ctx_pert,observed,0.5099245
across_replicates_same_ctx_pert,observed,0.5206858
across_replicates_same_ctx_pert,observed,0.5431868
across_replicates_same_ctx_pert,observed,0.46163353
across_replicates_same_ctx_pert,observed,0.396485
across_replicates_same_ctx_pert,observed,0.4665196
across_replicates_same_ctx_pert,observed,0.4812023
across_replicates_same_ctx_pert,observed,0.26816013
across_replicates_same_ctx_pert,observed,0.36730766
across_replicates_same_ctx_pert,observed,0.5268568
across_replicates_same_ctx_pert,observed,0.4126985
across_replicates_same_ctx_pert,observed,0.5026635
across_replicates_same_ctx_pert,observed,0.5248511
across_replicates_same_ctx_pert,observed,0.5252411
across_replicates_same_ctx_pert,observed,0.48217633
across_replicates_same_ctx_pert,observed,0.28809267
across_replicates_same_ctx_pert,observed,0.415433
across_replicates_same_ctx_pert,observed,0.424042
across_replicates_same_ctx_pert,observed,0.2808905
across_replicates_same_ctx_pert,observed,0.5751853
across_replicates_same_ctx_pert,observed,0.41886467
across_replicates_same_ctx_pert,observed,0.46804133
across_replicates_same_ctx_pert,observed,0.38397104
across_replicates_same_ctx_pert,observed,0.39449525
across_replicates_same_ctx_pert,observed,0.6185343
across_replicates_same_ctx_pert,observed,0.31058705
across_replicates_same_ctx_pert,observed,0.40137133
across_replicates_same_ctx_pert,observed,0.5056609
across_replicates_same_ctx_pert,observed,0.5162515
across_replicates_same_ctx_pert,observed,0.39550465
across_replicates_same_ctx_pert,observed,0.3382959
across_replicates_same_ctx_pert,observed,0.42659852
across_replicates_same_ctx_pert,observed,0.40625706
across_replicates_same_ctx_pert,observed,0.48123175
across_replicates_same_ctx_pert,observed,0.48123175
across_replicates_same_ctx_pert,observed,0.45519012
across_replicates_same_ctx_pert,observed,0.25018102
across_replicates_same_ctx_pert,observed,0.35461888
across_replicates_same_ctx_pert,observed,0.35461888
across_replicates_same_ctx_pert,observed,0.34708187
across_replicates_same_ctx_pert,observed,0.34708187
across_replicates_same_ctx_pert,observed,0.41130915
across_replicates_same_ctx_pert,observed,0.5373426
across_replicates_same_ctx_pert,observed,0.5373426
across_replicates_same_ctx_pert,observed,0.10182198
across_replicates_same_ctx_pert,observed,0.5267229
across_replicates_same_ctx_pert,observed,0.5267229
across_replicates_same_ctx_pert,observed,0.22728258
across_replicates_same_ctx_pert,observed,0.35729715
across_replicates_same_ctx_pert,observed,0.4602998
across_replicates_same_ctx_pert,observed,0.15900879
across_replicates_same_ctx_pert,observed,0.15900879
across_replicates_same_ctx_pert,observed,0.43250382
across_replicates_same_ctx_pert,observed,0.3367141
across_replicates_same_ctx_pert,observed,0.3367141
across_replicates_same_ctx_pert,observed,0.3944391
across_replicates_same_ctx_pert,observed,0.42906296
across_replicates_same_ctx_pert,observed,0.5047158
across_replicates_same_ctx_pert,observed,0.42906296
across_replicates_same_ctx_pert,observed,0.3587061
across_replicates_same_ctx_pert,observed,0.2528067
across_replicates_same_ctx_pert,observed,0.2528067
across_replicates_same_ctx_pert,observed,0.38619667
across_replicates_same_ctx_pert,observed,0.40772402
across_replicates_same_ctx_pert,observed,0.38619667
across_replicates_same_ctx_pert,observed,0.47032905
across_replicates_same_ctx_pert,observed,0.47032905
across_replicates_same_ctx_pert,observed,0.3586194
across_replicates_same_ctx_pert,observed,0.3778144
across_replicates_same_ctx_pert,observed,0.4173034
across_replicates_same_ctx_pert,observed,0.4173034
across_replicates_same_ctx_pert,observed,0.73660696
across_replicates_same_ctx_pert,observed,0.7570029
across_replicates_same_ctx_pert,observed,0.73660696
across_replicates_same_ctx_pert,observed,0.416975
across_replicates_same_ctx_pert,observed,0.416975
across_replicates_same_ctx_pert,observed,0.416975
across_replicates_same_ctx_pert,observed,0.33189568
across_replicates_same_ctx_pert,observed,0.33189568
across_replicates_same_ctx_pert,observed,0.3631257
across_replicates_same_ctx_pert,observed,0.2008451
across_replicates_same_ctx_pert,observed,0.3645504
across_replicates_same_ctx_pert,observed,0.36480927
across_replicates_same_ctx_pert,observed,0.27048963
across_replicates_same_ctx_pert,observed,0.35531983
across_replicates_same_ctx_pert,observed,0.35456237
across_replicates_same_ctx_pert,observed,0.4896867
across_replicates_same_ctx_pert,observed,0.22103482
across_replicates_same_ctx_pert,observed,0.0828431
across_replicates_same_ctx_pert,observed,0.4068766
across_replicates_same_ctx_pert,observed,0.35231754
across_replicates_same_ctx_pert,observed,0.0016818963
across_replicates_same_ctx_pert,observed,0.42060938
across_replicates_same_ctx_pert,observed,0.54906934
across_replicates_same_ctx_pert,observed,0.47389105
across_replicates_same_ctx_pert,observed,0.39396983
across_replicates_same_ctx_pert,observed,0.3260391
across_replicates_same_ctx_pert,observed,0.41346836
across_replicates_same_ctx_pert,observed,0.22716329
across_replicates_same_ctx_pert,observed,0.35972947
across_replicates_same_ctx_pert,observed,0.40571705
across_replicates_same_ctx_pert,observed,0.2615417
across_replicates_same_ctx_pert,observed,0.22536401
across_replicates_same_ctx_pert,observed,0.28124723
across_replicates_same_ctx_pert,observed,0.4421722
across_replicates_same_ctx_pert,observed,0.4421722
across_replicates_same_ctx_pert,observed,0.4421722
across_replicates_same_ctx_pert,observed,0.2543871
across_replicates_same_ctx_pert,observed,0.27800286
across_replicates_same_ctx_pert,observed,0.29479137
across_replicates_same_ctx_pert,observed,0.3983988
across_replicates_same_ctx_pert,observed,0.4562295
across_replicates_same_ctx_pert,observed,0.3983988
across_replicates_same_ctx_pert,observed,0.33203986
across_replicates_same_ctx_pert,observed,0.23248714
across_replicates_same_ctx_pert,observed,0.5013571
across_replicates_same_ctx_pert,observed,0.40537715
across_replicates_same_ctx_pert,observed,0.39562678
across_replicates_same_ctx_pert,observed,0.40537715
across_replicates_same_ctx_pert,observed,0.37575406
across_replicates_same_ctx_pert,observed,0.4361097
across_replicates_same_ctx_pert,observed,0.37190837
across_replicates_same_ctx_pert,observed,0.4030448
across_replicates_same_ctx_pert,observed,0.4030448
across_replicates_same_ctx_pert,observed,0.46956214
across_replicates_same_ctx_pert,observed,0.5375766
across_replicates_same_ctx_pert,observed,0.54385793
across_replicates_same_ctx_pert,observed,0.54385793
across_replicates_same_ctx_pert,observed,0.45417163
across_replicates_same_ctx_pert,observed,0.118718274
across_replicates_same_ctx_pert,observed,0.118718274
across_replicates_same_ctx_pert,observed,0.141943
across_replicates_same_ctx_pert,observed,0.24473618
across_replicates_same_ctx_pert,observed,0.31584293
across_replicates_same_ctx_pert,observed,0.21247819
across_replicates_same_ctx_pert,observed,0.21247819
across_replicates_same_ctx_pert,observed,0.25097978
across_replicates_same_ctx_pert,observed,0.4008071
across_replicates_same_ctx_pert,observed,0.4928716
across_replicates_same_ctx_pert,observed,0.4008071
across_replicates_same_ctx_pert,observed,0.45292094
across_replicates_same_ctx_pert,observed,0.061483532
across_replicates_same_ctx_pert,observed,0.45292094
across_replicates_same_ctx_pert,observed,0.53257334
across_replicates_same_ctx_pert,observed,0.43706343
across_replicates_same_ctx_pert,observed,0.43706343
across_replicates_same_ctx_pert,observed,0.6094499
across_replicates_same_ctx_pert,observed,0.5338594
across_replicates_same_ctx_pert,observed,0.5338594
across_replicates_same_ctx_pert,observed,0.38340375
across_replicates_same_ctx_pert,observed,0.41330907
across_replicates_same_ctx_pert,observed,0.38340375
across_replicates_same_ctx_pert,observed,0.21032266
across_replicates_same_ctx_pert,observed,0.21032266
across_replicates_same_ctx_pert,observed,0.059043244
across_replicates_same_ctx_pert,observed,0.47464967
across_replicates_same_ctx_pert,observed,0.3311379
across_replicates_same_ctx_pert,observed,0.24939354
across_replicates_same_ctx_pert,observed,0.3110169
across_replicates_same_ctx_pert,observed,0.3110169
across_replicates_same_ctx_pert,observed,0.5571919
across_replicates_same_ctx_pert,observed,0.49153414
across_replicates_same_ctx_pert,observed,0.5571919
across_replicates_same_ctx_pert,observed,0.4912649
across_replicates_same_ctx_pert,observed,0.44265184
across_replicates_same_ctx_pert,observed,0.4912649
across_replicates_same_ctx_pert,observed,0.3197782
across_replicates_same_ctx_pert,observed,0.3981173
across_replicates_same_ctx_pert,observed,0.3981173
across_replicates_same_ctx_pert,observed,0.5782856
across_replicates_same_ctx_pert,observed,0.5782856
across_replicates_same_ctx_pert,observed,0.40418628
across_replicates_same_ctx_pert,observed,0.31437644
across_replicates_same_ctx_pert,observed,0.10246744
across_replicates_same_ctx_pert,observed,0.27170902
across_replicates_same_ctx_pert,observed,0.38233197
across_replicates_same_ctx_pert,observed,0.29097918
across_replicates_same_ctx_pert,observed,0.29097918
across_replicates_same_ctx_pert,observed,0.34908292
across_replicates_same_ctx_pert,observed,0.34908292
across_replicates_same_ctx_pert,observed,0.34908292
across_replicates_same_ctx_pert,observed,0.1970799
across_replicates_same_ctx_pert,observed,0.1970799
across_replicates_same_ctx_pert,observed,0.1970799
across_replicates_same_ctx_pert,observed,0.4441159
across_replicates_same_ctx_pert,observed,0.4441159
across_replicates_same_ctx_pert,observed,0.57204795
across_replicates_same_ctx_pert,observed,-0.06400547
across_replicates_same_ctx_pert,observed,-0.06400547
across_replicates_same_ctx_pert,observed,0.3737308
across_replicates_same_ctx_pert,observed,0.36599544
across_replicates_same_ctx_pert,observed,0.36599544
across_replicates_same_ctx_pert,observed,0.36599544
across_replicates_same_ctx_pert,observed,0.61225945
across_replicates_same_ctx_pert,observed,0.7472218
across_replicates_same_ctx_pert,observed,0.61225945
across_replicates_same_ctx_pert,observed,0.3160102
across_replicates_same_ctx_pert,observed,0.41074613
across_replicates_same_ctx_pert,observed,0.41074613
across_replicates_same_ctx_pert,observed,0.38871235
across_replicates_same_ctx_pert,observed,0.17234552
across_replicates_same_ctx_pert,observed,0.38871235
across_replicates_same_ctx_pert,observed,0.35636917
across_replicates_same_ctx_pert,observed,0.3422374
across_replicates_same_ctx_pert,observed,0.24299291
across_replicates_same_ctx_pert,observed,0.30701113
across_replicates_same_ctx_pert,observed,0.2595284
across_replicates_same_ctx_pert,observed,0.2595284
across_replicates_same_ctx_pert,observed,0.35153392
across_replicates_same_ctx_pert,observed,0.3711504
across_replicates_same_ctx_pert,observed,0.3711504
across_replicates_same_ctx_pert,observed,0.30789873
across_replicates_same_ctx_pert,observed,0.30789873
across_replicates_same_ctx_pert,observed,0.30789873
across_replicates_same_ctx_pert,observed,0.34593543
across_replicates_same_ctx_pert,observed,0.36922193
across_replicates_same_ctx_pert,observed,0.34593543
across_replicates_same_ctx_pert,observed,0.19982412
across_replicates_same_ctx_pert,observed,0.57024163
across_replicates_same_ctx_pert,observed,0.57024163
across_replicates_same_ctx_pert,observed,0.47571218
across_replicates_same_ctx_pert,observed,0.4721315
across_replicates_same_ctx_pert,observed,0.46114346
across_replicates_same_ctx_pert,observed,0.45360088
across_replicates_same_ctx_pert,observed,0.5067078
across_replicates_same_ctx_pert,observed,0.5067078
across_replicates_same_ctx_pert,observed,0.32082295
across_replicates_same_ctx_pert,observed,0.5860076
across_replicates_same_ctx_pert,observed,0.5860076
across_replicates_same_ctx_pert,observed,0.5626557
across_replicates_same_ctx_pert,observed,0.38458785
across_replicates_same_ctx_pert,observed,0.5626557
across_replicates_same_ctx_pert,observed,0.45552078
across_replicates_same_ctx_pert,observed,0.31094614
across_replicates_same_ctx_pert,observed,0.24085192
across_replicates_same_ctx_pert,observed,0.38578424
across_replicates_same_ctx_pert,observed,0.52754915
across_replicates_same_ctx_pert,observed,0.52754915
across_replicates_same_ctx_pert,observed,0.40297624
across_replicates_same_ctx_pert,observed,0.40297624
across_replicates_same_ctx_pert,observed,0.40297624
across_replicates_same_ctx_pert,observed,0.20703043
across_replicates_same_ctx_pert,observed,0.47603074
across_replicates_same_ctx_pert,observed,0.20703043
across_replicates_same_ctx_pert,observed,0.40927055
across_replicates_same_ctx_pert,observed,0.40927055
across_replicates_same_ctx_pert,observed,0.40927055
across_replicates_same_ctx_pert,observed,0.40881208
across_replicates_same_ctx_pert,observed,0.392147
across_replicates_same_ctx_pert,observed,0.40881208
across_replicates_same_ctx_pert,observed,0.540369
across_replicates_same_ctx_pert,observed,0.5225214
across_replicates_same_ctx_pert,observed,0.52819204
across_replicates_same_ctx_pert,observed,0.064947985
across_replicates_same_ctx_pert,observed,0.11677048
across_replicates_same_ctx_pert,observed,0.11677048
across_replicates_same_ctx_pert,observed,0.40101972
across_replicates_same_ctx_pert,observed,0.40101972
across_replicates_same_ctx_pert,observed,0.40101972
across_replicates_same_ctx_pert,observed,0.3871553
across_replicates_same_ctx_pert,observed,0.33861074
across_replicates_same_ctx_pert,observed,0.3871553
across_replicates_same_ctx_pert,observed,0.48610607
across_replicates_same_ctx_pert,observed,0.32594296
across_replicates_same_ctx_pert,observed,0.48610607
across_replicates_same_ctx_pert,observed,0.25716597
across_replicates_same_ctx_pert,observed,0.24913268
across_replicates_same_ctx_pert,observed,0.24913268
across_replicates_same_ctx_pert,observed,0.3993394
across_replicates_same_ctx_pert,observed,0.34056014
across_replicates_same_ctx_pert,observed,0.34056014
across_replicates_same_ctx_pert,observed,0.4086048
across_replicates_same_ctx_pert,observed,0.7001475
across_replicates_same_ctx_pert,observed,0.7001475
across_replicates_same_ctx_pert,observed,0.58354443
across_replicates_same_ctx_pert,observed,0.48299932
across_replicates_same_ctx_pert,observed,0.46548235
across_replicates_same_ctx_pert,observed,0.61621225
across_replicates_same_ctx_pert,observed,-0.015388123
across_replicates_same_ctx_pert,observed,0.61621225
across_replicates_same_ctx_pert,observed,0.5642012
across_replicates_same_ctx_pert,observed,0.5642012
across_replicates_same_ctx_pert,observed,0.5231209
across_replicates_same_ctx_pert,observed,0.71630806
across_replicates_same_ctx_pert,observed,0.71630806
across_replicates_same_ctx_pert,observed,0.31997624
across_replicates_same_ctx_pert,observed,0.31997624
across_replicates_same_ctx_pert,observed,0.34825817
across_replicates_same_ctx_pert,observed,0.4755369
across_replicates_same_ctx_pert,observed,0.34634706
across_replicates_same_ctx_pert,observed,0.4755369
across_replicates_same_ctx_pert,observed,0.58620477
across_replicates_same_ctx_pert,observed,0.58620477
across_replicates_same_ctx_pert,observed,0.48858672
across_replicates_same_ctx_pert,observed,0.21928085
across_replicates_same_ctx_pert,observed,0.44769746
across_replicates_same_ctx_pert,observed,0.21928085
across_replicates_same_ctx_pert,observed,0.5006761
across_replicates_same_ctx_pert,observed,0.52079964
across_replicates_same_ctx_pert,observed,0.5006761
across_replicates_same_ctx_pert,observed,0.38081878
across_replicates_same_ctx_pert,observed,0.27565143
across_replicates_same_ctx_pert,observed,0.33413425
across_replicates_same_ctx_pert,observed,0.28816128
across_replicates_same_ctx_pert,observed,0.5290764
across_replicates_same_ctx_pert,observed,0.28816128
across_replicates_same_ctx_pert,observed,-0.13842084
across_replicates_same_ctx_pert,observed,-0.10729023
across_replicates_same_ctx_pert,observed,-0.13842084
across_replicates_same_ctx_pert,observed,0.6091743
across_replicates_same_ctx_pert,observed,0.6091743
across_replicates_same_ctx_pert,observed,0.5780598
across_replicates_same_ctx_pert,observed,0.56716365
across_replicates_same_ctx_pert,observed,0.50193334
across_replicates_same_ctx_pert,observed,0.56716365
across_replicates_same_ctx_pert,observed,0.30348405
across_replicates_same_ctx_pert,observed,0.3568878
across_replicates_same_ctx_pert,observed,0.3568878
across_replicates_same_ctx_pert,observed,0.49233416
across_replicates_same_ctx_pert,observed,0.529236
across_replicates_same_ctx_pert,observed,0.529236
across_replicates_same_ctx_pert,observed,0.08108586
across_replicates_same_ctx_pert,observed,0.08108586
across_replicates_same_ctx_pert,observed,0.57690287
across_replicates_same_ctx_pert,observed,0.11428511
across_replicates_same_ctx_pert,observed,0.11428511
across_replicates_same_ctx_pert,observed,0.11428511
across_replicates_same_ctx_pert,observed,0.4394519
across_replicates_same_ctx_pert,observed,0.536149
across_replicates_same_ctx_pert,observed,0.4394519
across_replicates_same_ctx_pert,observed,0.29951417
across_replicates_same_ctx_pert,observed,0.2521355
across_replicates_same_ctx_pert,observed,0.4339042
across_replicates_same_ctx_pert,observed,0.61866534
across_replicates_same_ctx_pert,observed,0.3636673
across_replicates_same_ctx_pert,observed,0.61866534
across_replicates_same_ctx_pert,observed,0.41578856
across_replicates_same_ctx_pert,observed,0.46168634
across_replicates_same_ctx_pert,observed,0.5297436
across_replicates_same_ctx_pert,observed,0.33842796
across_replicates_same_ctx_pert,observed,0.33842796
across_replicates_same_ctx_pert,observed,0.27364573
across_replicates_same_ctx_pert,observed,0.521476
across_replicates_same_ctx_pert,observed,0.46889466
across_replicates_same_ctx_pert,observed,0.46889466
across_replicates_same_ctx_pert,observed,0.34076744
across_replicates_same_ctx_pert,observed,0.26726228
across_replicates_same_ctx_pert,observed,0.31135133
across_replicates_same_ctx_pert,observed,0.34792274
across_replicates_same_ctx_pert,observed,0.34792274
across_replicates_same_ctx_pert,observed,0.37395155
across_replicates_same_ctx_pert,observed,0.26911712
across_replicates_same_ctx_pert,observed,0.43354514
across_replicates_same_ctx_pert,observed,0.26911712
across_replicates_same_ctx_pert,observed,0.28210887
across_replicates_same_ctx_pert,observed,0.37540057
across_replicates_same_ctx_pert,observed,0.33834168
across_replicates_same_ctx_pert,observed,0.3961137
across_replicates_same_ctx_pert,observed,0.38391995
across_replicates_same_ctx_pert,observed,0.34705678
across_replicates_same_ctx_pert,observed,0.4592297
across_replicates_same_ctx_pert,observed,0.45118085
across_replicates_same_ctx_pert,observed,0.45118085
across_replicates_same_ctx_pert,observed,0.7039465
across_replicates_same_ctx_pert,observed,0.76865214
across_replicates_same_ctx_pert,observed,0.7039465
across_replicates_same_ctx_pert,observed,0.3414803
across_replicates_same_ctx_pert,observed,0.3414803
across_replicates_same_ctx_pert,observed,0.15229842
across_replicates_same_ctx_pert,observed,0.44669026
across_replicates_same_ctx_pert,observed,0.44669026
across_replicates_same_ctx_pert,observed,0.44669026
across_replicates_same_ctx_pert,observed,0.34309566
across_replicates_same_ctx_pert,observed,0.42027035
across_replicates_same_ctx_pert,observed,0.42093518
across_replicates_same_ctx_pert,observed,0.39974958
across_replicates_same_ctx_pert,observed,0.33825415
across_replicates_same_ctx_pert,observed,0.39401153
across_replicates_same_ctx_pert,observed,0.47217333
across_replicates_same_ctx_pert,observed,0.50531507
across_replicates_same_ctx_pert,observed,0.50531507
across_replicates_same_ctx_pert,observed,0.5399424
across_replicates_same_ctx_pert,observed,0.5399424
across_replicates_same_ctx_pert,observed,0.47668114
across_replicates_same_ctx_pert,observed,0.33958188
across_replicates_same_ctx_pert,observed,0.28931785
across_replicates_same_ctx_pert,observed,0.28931785
across_replicates_same_ctx_pert,observed,0.28528014
across_replicates_same_ctx_pert,observed,0.28528014
across_replicates_same_ctx_pert,observed,0.33896604
across_replicates_same_ctx_pert,observed,0.33896604
across_replicates_same_ctx_pert,observed,0.2928298
across_replicates_same_ctx_pert,observed,0.41787815
across_replicates_same_ctx_pert,observed,0.43327293
across_replicates_same_ctx_pert,observed,0.4070596
across_replicates_same_ctx_pert,observed,0.33663777
across_replicates_same_ctx_pert,observed,0.39460218
across_replicates_same_ctx_pert,observed,0.33663777
across_replicates_same_ctx_pert,observed,0.32739374
across_replicates_same_ctx_pert,observed,0.32739374
across_replicates_same_ctx_pert,observed,0.61649215
across_replicates_same_ctx_pert,observed,0.030249791
across_replicates_same_ctx_pert,observed,0.50695
across_replicates_same_ctx_pert,observed,0.030249791
across_replicates_same_ctx_pert,observed,0.19226365
across_replicates_same_ctx_pert,observed,0.18817648
across_replicates_same_ctx_pert,observed,0.22336094
across_replicates_same_ctx_pert,observed,0.13515897
across_replicates_same_ctx_pert,observed,0.13515897
across_replicates_same_ctx_pert,observed,0.21768537
across_replicates_same_ctx_pert,observed,0.1460378
across_replicates_same_ctx_pert,observed,0.1601885
across_replicates_same_ctx_pert,observed,0.11659427
across_replicates_same_ctx_pert,observed,0.17307658
across_replicates_same_ctx_pert,observed,0.16294478
across_replicates_same_ctx_pert,observed,0.17307658
across_replicates_same_ctx_pert,observed,0.15344548
across_replicates_same_ctx_pert,observed,0.17416652
across_replicates_same_ctx_pert,observed,0.17416652
across_replicates_same_ctx_pert,observed,0.1665368
across_replicates_same_ctx_pert,observed,0.1665368
across_replicates_same_ctx_pert,observed,0.20544867
across_replicates_same_ctx_pert,observed,0.22466196
across_replicates_same_ctx_pert,observed,0.2026
across_replicates_same_ctx_pert,observed,0.22466196
across_replicates_same_ctx_pert,observed,0.12889743
across_replicates_same_ctx_pert,observed,0.12889743
across_replicates_same_ctx_pert,observed,0.16544347
across_replicates_same_ctx_pert,observed,0.1295477
across_replicates_same_ctx_pert,observed,0.07777782
across_replicates_same_ctx_pert,observed,0.07777782
across_replicates_same_ctx_pert,observed,0.19009972
across_replicates_same_ctx_pert,observed,0.084035
across_replicates_same_ctx_pert,observed,0.084035
across_replicates_same_ctx_pert,observed,0.14606988
across_replicates_same_ctx_pert,observed,0.14606988
across_replicates_same_ctx_pert,observed,0.16333951
across_replicates_same_ctx_pert,observed,0.14201689
across_replicates_same_ctx_pert,observed,0.13470277
across_replicates_same_ctx_pert,observed,0.14201689
across_replicates_same_ctx_pert,observed,0.20551947
across_replicates_same_ctx_pert,observed,0.16587585
across_replicates_same_ctx_pert,observed,0.20551947
across_replicates_same_ctx_pert,observed,0.11283914
across_replicates_same_ctx_pert,observed,0.126859
across_replicates_same_ctx_pert,observed,0.20860837
across_replicates_same_ctx_pert,observed,0.2030891
across_replicates_same_ctx_pert,observed,0.14144097
across_replicates_same_ctx_pert,observed,0.1172067
across_replicates_same_ctx_pert,observed,0.09628301
across_replicates_same_ctx_pert,observed,0.06919047
across_replicates_same_ctx_pert,observed,0.09628301
across_replicates_same_ctx_pert,observed,0.21942656
across_replicates_same_ctx_pert,observed,0.21942656
across_replicates_same_ctx_pert,observed,0.214428
across_replicates_same_ctx_pert,observed,0.08006607
across_replicates_same_ctx_pert,observed,0.08006607
across_replicates_same_ctx_pert,observed,0.16282918
across_replicates_same_ctx_pert,observed,0.12708405
across_replicates_same_ctx_pert,observed,0.12708405
across_replicates_same_ctx_pert,observed,0.12708405
across_replicates_same_ctx_pert,observed,0.19454099
across_replicates_same_ctx_pert,observed,0.19454099
across_replicates_same_ctx_pert,observed,0.19454099
across_replicates_same_ctx_pert,observed,0.19709912
across_replicates_same_ctx_pert,observed,0.30101222
across_replicates_same_ctx_pert,observed,0.18890215
across_replicates_same_ctx_pert,observed,0.19965741
across_replicates_same_ctx_pert,observed,0.20899527
across_replicates_same_ctx_pert,observed,0.19965741
across_replicates_same_ctx_pert,observed,0.10049243
across_replicates_same_ctx_pert,observed,0.10049243
across_replicates_same_ctx_pert,observed,0.17578559
across_replicates_same_ctx_pert,observed,0.14241453
across_replicates_same_ctx_pert,observed,0.11660658
across_replicates_same_ctx_pert,observed,0.14241453
across_replicates_same_ctx_pert,observed,0.08901237
across_replicates_same_ctx_pert,observed,0.10855381
across_replicates_same_ctx_pert,observed,0.1087261
across_replicates_same_ctx_pert,observed,0.06363494
across_replicates_same_ctx_pert,observed,0.057345435
across_replicates_same_ctx_pert,observed,0.08057022
across_replicates_same_ctx_pert,observed,0.05427277
across_replicates_same_ctx_pert,observed,0.1329768
across_replicates_same_ctx_pert,observed,0.14631027
across_replicates_same_ctx_pert,observed,0.04259505
across_replicates_same_ctx_pert,observed,0.11455135
across_replicates_same_ctx_pert,observed,0.039050724
across_replicates_same_ctx_pert,observed,0.074903704
across_replicates_same_ctx_pert,observed,0.07514649
across_replicates_same_ctx_pert,observed,0.15382917
across_replicates_same_ctx_pert,observed,0.12931937
across_replicates_same_ctx_pert,observed,0.15648726
across_replicates_same_ctx_pert,observed,0.087231815
across_replicates_same_ctx_pert,observed,0.13328764
across_replicates_same_ctx_pert,observed,0.07820157
across_replicates_same_ctx_pert,observed,0.05565693
across_replicates_same_ctx_pert,observed,0.08465525
across_replicates_same_ctx_pert,observed,0.053523436
across_replicates_same_ctx_pert,observed,0.0902062
across_replicates_same_ctx_pert,observed,0.09043934
across_replicates_same_ctx_pert,observed,0.021982666
across_replicates_same_ctx_pert,observed,0.04163043
across_replicates_same_ctx_pert,observed,0.10267967
across_replicates_same_ctx_pert,observed,0.08465525
across_replicates_same_ctx_pert,observed,0.003959567
across_replicates_same_ctx_pert,observed,0.06326545
across_replicates_same_ctx_pert,observed,0.12767565
across_replicates_same_ctx_pert,observed,0.11712358
across_replicates_same_ctx_pert,observed,0.058389116
across_replicates_same_ctx_pert,observed,0.18155387
across_replicates_same_ctx_pert,observed,0.18155387
across_replicates_same_ctx_pert,observed,0.18155387
across_replicates_same_ctx_pert,observed,0.09454158
across_replicates_same_ctx_pert,observed,0.09454158
across_replicates_same_ctx_pert,observed,0.059420664
across_replicates_same_ctx_pert,observed,0.08667603
across_replicates_same_ctx_pert,observed,0.09577622
across_replicates_same_ctx_pert,observed,0.10817195
across_replicates_same_ctx_pert,observed,0.18780546
across_replicates_same_ctx_pert,observed,0.03750843
across_replicates_same_ctx_pert,observed,0.18780546
across_replicates_same_ctx_pert,observed,-0.0844744
across_replicates_same_ctx_pert,observed,-0.0844744
across_replicates_same_ctx_pert,observed,-0.08666298
across_replicates_same_ctx_pert,observed,0.21115352
across_replicates_same_ctx_pert,observed,0.21115352
across_replicates_same_ctx_pert,observed,0.15568914
across_replicates_same_ctx_pert,observed,0.12054746
across_replicates_same_ctx_pert,observed,0.04366651
across_replicates_same_ctx_pert,observed,0.020507365
across_replicates_same_ctx_pert,observed,0.047309875
across_replicates_same_ctx_pert,observed,0.21538363
across_replicates_same_ctx_pert,observed,0.15948951
across_replicates_same_ctx_pert,observed,0.20297223
across_replicates_same_ctx_pert,observed,0.20297223
across_replicates_same_ctx_pert,observed,0.14877547
across_replicates_same_ctx_pert,observed,0.14876156
across_replicates_same_ctx_pert,observed,0.14876156
across_replicates_same_ctx_pert,observed,0.18511915
across_replicates_same_ctx_pert,observed,0.15063582
across_replicates_same_ctx_pert,observed,0.18511915
across_replicates_same_ctx_pert,observed,0.12735622
across_replicates_same_ctx_pert,observed,0.10623888
across_replicates_same_ctx_pert,observed,0.11953095
across_replicates_same_ctx_pert,observed,0.20980456
across_replicates_same_ctx_pert,observed,0.1283258
across_replicates_same_ctx_pert,observed,0.20980456
across_replicates_same_ctx_pert,observed,0.088904455
across_replicates_same_ctx_pert,observed,0.18668942
across_replicates_same_ctx_pert,observed,0.18668942
across_replicates_same_ctx_pert,observed,0.1858676
across_replicates_same_ctx_pert,observed,0.18651111
across_replicates_same_ctx_pert,observed,0.18651111
across_replicates_same_ctx_pert,observed,0.14740038
across_replicates_same_ctx_pert,observed,0.14740038
across_replicates_same_ctx_pert,observed,0.13571396
across_replicates_same_ctx_pert,observed,0.16330308
across_replicates_same_ctx_pert,observed,0.10546124
across_replicates_same_ctx_pert,observed,0.10546124
across_replicates_same_ctx_pert,observed,-0.010739251
across_replicates_same_ctx_pert,observed,0.059166074
across_replicates_same_ctx_pert,observed,0.09460819
across_replicates_same_ctx_pert,observed,0.0003613226
across_replicates_same_ctx_pert,observed,0.014741015
across_replicates_same_ctx_pert,observed,0.059537742
across_replicates_same_ctx_pert,observed,0.030543312
across_replicates_same_ctx_pert,observed,0.034679685
across_replicates_same_ctx_pert,observed,0.03512856
across_replicates_same_ctx_pert,observed,0.068818286
across_replicates_same_ctx_pert,observed,0.029041955
across_replicates_same_ctx_pert,observed,-0.049540553
across_replicates_same_ctx_pert,observed,0.0144331185
across_replicates_same_ctx_pert,observed,0.027063407
across_replicates_same_ctx_pert,observed,0.024334194
across_replicates_same_ctx_pert,observed,0.056455877
across_replicates_same_ctx_pert,observed,0.040308945
across_replicates_same_ctx_pert,observed,0.027279276
across_replicates_same_ctx_pert,observed,0.037671257
across_replicates_same_ctx_pert,observed,0.032422226
across_replicates_same_ctx_pert,observed,0.030378496
across_replicates_same_ctx_pert,observed,0.07445313
across_replicates_same_ctx_pert,observed,0.009683949
across_replicates_same_ctx_pert,observed,0.036586855
across_replicates_same_ctx_pert,observed,0.057790063
across_replicates_same_ctx_pert,observed,-0.022110056
across_replicates_same_ctx_pert,observed,0.022980353
across_replicates_same_ctx_pert,observed,-0.02959463
across_replicates_same_ctx_pert,observed,0.028274657
across_replicates_same_ctx_pert,observed,0.091531806
across_replicates_same_ctx_pert,observed,0.02748181
across_replicates_same_ctx_pert,observed,0.0018537464
across_replicates_same_ctx_pert,observed,0.006817091
across_replicates_same_ctx_pert,observed,0.025217792
across_replicates_same_ctx_pert,observed,0.046298202
across_replicates_same_ctx_pert,observed,0.010718259
across_replicates_same_ctx_pert,observed,-0.07669804
across_replicates_same_ctx_pert,observed,0.20614806
across_replicates_same_ctx_pert,observed,0.23881604
across_replicates_same_ctx_pert,observed,0.20614806
across_replicates_same_ctx_pert,observed,0.15236953
across_replicates_same_ctx_pert,observed,0.15236953
across_replicates_same_ctx_pert,observed,0.21846272
across_replicates_same_ctx_pert,observed,0.15814333
across_replicates_same_ctx_pert,observed,0.15906164
across_replicates_same_ctx_pert,observed,0.17862615
across_replicates_same_ctx_pert,observed,0.04580912
across_replicates_same_ctx_pert,observed,0.18485413
across_replicates_same_ctx_pert,observed,0.04580912
across_replicates_same_ctx_pert,observed,0.18613239
across_replicates_same_ctx_pert,observed,0.07628974
across_replicates_same_ctx_pert,observed,0.09646266
across_replicates_same_ctx_pert,observed,0.14271563
across_replicates_same_ctx_pert,observed,0.18517445
across_replicates_same_ctx_pert,observed,0.18517445
across_replicates_same_ctx_pert,observed,0.16746393
across_replicates_same_ctx_pert,observed,0.16746393
across_replicates_same_ctx_pert,observed,0.1582561
across_replicates_same_ctx_pert,observed,0.15920866
across_replicates_same_ctx_pert,observed,0.15417837
across_replicates_same_ctx_pert,observed,0.15417837
across_replicates_same_ctx_pert,observed,0.108816415
across_replicates_same_ctx_pert,observed,0.15185179
across_replicates_same_ctx_pert,observed,0.0014019893
across_replicates_same_ctx_pert,observed,0.090794235
across_replicates_same_ctx_pert,observed,0.11586638
across_replicates_same_ctx_pert,observed,0.090794235
across_replicates_same_ctx_pert,observed,0.20619309
across_replicates_same_ctx_pert,observed,0.16492218
across_replicates_same_ctx_pert,observed,0.16492218
across_replicates_same_ctx_pert,observed,0.108534046
across_replicates_same_ctx_pert,observed,0.108534046
across_replicates_same_ctx_pert,observed,0.16727935
across_replicates_same_ctx_pert,observed,0.012109447
across_replicates_same_ctx_pert,observed,-0.02635141
across_replicates_same_ctx_pert,observed,-0.02635141
across_replicates_same_ctx_pert,observed,0.13206059
across_replicates_same_ctx_pert,observed,0.09541944
across_replicates_same_ctx_pert,observed,0.1712774
across_replicates_same_ctx_pert,observed,0.15141968
across_replicates_same_ctx_pert,observed,0.15141968
across_replicates_same_ctx_pert,observed,0.16359363
across_replicates_same_ctx_pert,observed,0.20640978
across_replicates_same_ctx_pert,observed,0.10982326
across_replicates_same_ctx_pert,observed,0.07118278
across_replicates_same_ctx_pert,observed,0.26157573
across_replicates_same_ctx_pert,observed,0.17075403
across_replicates_same_ctx_pert,observed,0.19074368
across_replicates_same_ctx_pert,observed,0.09226953
across_replicates_same_ctx_pert,observed,0.23324323
across_replicates_same_ctx_pert,observed,0.09226953
across_replicates_same_ctx_pert,observed,0.10085963
across_replicates_same_ctx_pert,observed,0.09943465
across_replicates_same_ctx_pert,observed,0.09943465
across_replicates_same_ctx_pert,observed,0.17334163
across_replicates_same_ctx_pert,observed,0.13386126
across_replicates_same_ctx_pert,observed,0.17334163
across_replicates_same_ctx_pert,observed,0.18852772
across_replicates_same_ctx_pert,observed,0.18852772
across_replicates_same_ctx_pert,observed,0.18852772
across_replicates_same_ctx_pert,observed,0.16741374
across_replicates_same_ctx_pert,observed,0.16741374
across_replicates_same_ctx_pert,observed,0.16741374
across_replicates_same_ctx_pert,observed,0.074870214
across_replicates_same_ctx_pert,observed,0.074870214
across_replicates_same_ctx_pert,observed,0.074870214
across_replicates_same_ctx_pert,observed,0.16673581
across_replicates_same_ctx_pert,observed,0.16673581
across_replicates_same_ctx_pert,observed,0.17112178
across_replicates_same_ctx_pert,observed,0.12119861
across_replicates_same_ctx_pert,observed,0.108497456
across_replicates_same_ctx_pert,observed,0.108497456
across_replicates_same_ctx_pert,observed,0.14124794
across_replicates_same_ctx_pert,observed,0.14124794
across_replicates_same_ctx_pert,observed,0.11108435
across_replicates_same_ctx_pert,observed,0.17859372
across_replicates_same_ctx_pert,observed,0.17859372
across_replicates_same_ctx_pert,observed,0.07271126
across_replicates_same_ctx_pert,observed,0.09517207
across_replicates_same_ctx_pert,observed,0.119585276
across_replicates_same_ctx_pert,observed,0.119585276
across_replicates_same_ctx_pert,observed,0.08581283
across_replicates_same_ctx_pert,observed,0.08581283
across_replicates_same_ctx_pert,observed,0.08581283
across_replicates_same_ctx_pert,observed,0.16428727
across_replicates_same_ctx_pert,observed,0.16428727
across_replicates_same_ctx_pert,observed,0.0971015
across_replicates_same_ctx_pert,observed,0.14014393
across_replicates_same_ctx_pert,observed,0.14014393
across_replicates_same_ctx_pert,observed,0.12701389
across_replicates_same_ctx_pert,observed,0.14851618
across_replicates_same_ctx_pert,observed,0.14851618
across_replicates_same_ctx_pert,observed,0.14851618
across_replicates_same_ctx_pert,observed,0.18247588
across_replicates_same_ctx_pert,observed,0.1590072
across_replicates_same_ctx_pert,observed,0.04867597
across_replicates_same_ctx_pert,observed,0.12559448
across_replicates_same_ctx_pert,observed,0.14925905
across_replicates_same_ctx_pert,observed,0.1384392
across_replicates_same_ctx_pert,observed,0.11313319
across_replicates_same_ctx_pert,observed,0.11239513
across_replicates_same_ctx_pert,observed,0.11239513
across_replicates_same_ctx_pert,observed,0.19358227
across_replicates_same_ctx_pert,observed,0.19358227
across_replicates_same_ctx_pert,observed,0.19358227
across_replicates_same_ctx_pert,observed,0.1686504
across_replicates_same_ctx_pert,observed,0.1686504
across_replicates_same_ctx_pert,observed,0.13379832
across_replicates_same_ctx_pert,observed,0.11439366
across_replicates_same_ctx_pert,observed,0.11439366
across_replicates_same_ctx_pert,observed,0.06468512
across_replicates_same_ctx_pert,observed,0.21784082
across_replicates_same_ctx_pert,observed,0.06468512
across_replicates_same_ctx_pert,observed,0.12375373
across_replicates_same_ctx_pert,observed,0.11605764
across_replicates_same_ctx_pert,observed,0.12375373
across_replicates_same_ctx_pert,observed,0.15392919
across_replicates_same_ctx_pert,observed,0.12699972
across_replicates_same_ctx_pert,observed,0.15392919
across_replicates_same_ctx_pert,observed,0.19426532
across_replicates_same_ctx_pert,observed,0.059872277
across_replicates_same_ctx_pert,observed,0.059872277
across_replicates_same_ctx_pert,observed,0.1199215
across_replicates_same_ctx_pert,observed,0.1199215
across_replicates_same_ctx_pert,observed,0.19192798
across_replicates_same_ctx_pert,observed,0.08134437
across_replicates_same_ctx_pert,observed,0.14973314
across_replicates_same_ctx_pert,observed,0.08134437
across_replicates_same_ctx_pert,observed,0.17258412
across_replicates_same_ctx_pert,observed,0.17258412
across_replicates_same_ctx_pert,observed,0.17258412
across_replicates_same_ctx_pert,observed,0.1408995
across_replicates_same_ctx_pert,observed,0.1408995
across_replicates_same_ctx_pert,observed,0.15724544
across_replicates_same_ctx_pert,observed,0.118548356
across_replicates_same_ctx_pert,observed,0.14234933
across_replicates_same_ctx_pert,observed,0.09850739
across_replicates_same_ctx_pert,observed,0.12524433
across_replicates_same_ctx_pert,observed,0.12524433
across_replicates_same_ctx_pert,observed,0.1593405
across_replicates_same_ctx_pert,observed,0.1593405
across_replicates_same_ctx_pert,observed,0.17834136
across_replicates_same_ctx_pert,observed,0.15036201
across_replicates_same_ctx_pert,observed,0.14221083
across_replicates_same_ctx_pert,observed,0.16550379
across_replicates_same_ctx_pert,observed,0.19137965
across_replicates_same_ctx_pert,observed,0.17769638
across_replicates_same_ctx_pert,observed,0.20346774
across_replicates_same_ctx_pert,observed,0.21951339
across_replicates_same_ctx_pert,observed,0.21951339
across_replicates_same_ctx_pert,observed,0.094527766
across_replicates_same_ctx_pert,observed,0.14412701
across_replicates_same_ctx_pert,observed,0.24649276
across_replicates_same_ctx_pert,observed,0.15051948
across_replicates_same_ctx_pert,observed,0.17068166
across_replicates_same_ctx_pert,observed,0.14076658
across_replicates_same_ctx_pert,observed,0.17068166
across_replicates_same_ctx_pert,observed,0.10703003
across_replicates_same_ctx_pert,observed,0.10703003
across_replicates_same_ctx_pert,observed,0.10703003
across_replicates_same_ctx_pert,observed,0.17348668
across_replicates_same_ctx_pert,observed,0.14440493
across_replicates_same_ctx_pert,observed,0.14440493
across_replicates_same_ctx_pert,observed,0.15704712
across_replicates_same_ctx_pert,observed,0.11907816
across_replicates_same_ctx_pert,observed,0.20215894
across_replicates_same_ctx_pert,observed,0.093082316
across_replicates_same_ctx_pert,observed,0.1248047
across_replicates_same_ctx_pert,observed,0.1248047
across_replicates_same_ctx_pert,observed,0.20066775
across_replicates_same_ctx_pert,observed,0.1473115
across_replicates_same_ctx_pert,observed,0.1473115
across_replicates_same_ctx_pert,observed,0.17179029
across_replicates_same_ctx_pert,observed,-0.053772114
across_replicates_same_ctx_pert,observed,-0.07055743
across_replicates_same_ctx_pert,observed,0.15468904
across_replicates_same_ctx_pert,observed,0.20556103
across_replicates_same_ctx_pert,observed,0.15149145
across_replicates_same_ctx_pert,observed,0.4756562
across_replicates_same_ctx_pert,observed,0.4756562
across_replicates_same_ctx_pert,observed,0.09649424
across_replicates_same_ctx_pert,observed,0.13553911
across_replicates_same_ctx_pert,observed,0.2089165
across_replicates_same_ctx_pert,observed,0.15906036
across_replicates_same_ctx_pert,observed,0.19458652
across_replicates_same_ctx_pert,observed,0.08252556
across_replicates_same_ctx_pert,observed,0.19458652
across_replicates_same_ctx_pert,observed,0.2235106
across_replicates_same_ctx_pert,observed,0.07102321
across_replicates_same_ctx_pert,observed,0.07102321
across_replicates_same_ctx_pert,observed,0.18166535
across_replicates_same_ctx_pert,observed,-0.026122274
across_replicates_same_ctx_pert,observed,0.044655148
across_replicates_same_ctx_pert,observed,0.14942423
across_replicates_same_ctx_pert,observed,0.17129086
across_replicates_same_ctx_pert,observed,0.14942423
across_replicates_same_ctx_pert,observed,0.14152752
across_replicates_same_ctx_pert,observed,0.14152752
across_replicates_same_ctx_pert,observed,0.14152752
across_replicates_same_ctx_pert,observed,0.15271518
across_replicates_same_ctx_pert,observed,0.1455923
across_replicates_same_ctx_pert,observed,0.1455923
across_replicates_same_ctx_pert,observed,-0.057774868
across_replicates_same_ctx_pert,observed,0.24892248
across_replicates_same_ctx_pert,observed,-0.022642799
across_replicates_same_ctx_pert,observed,0.24975969
across_replicates_same_ctx_pert,observed,0.33902103
across_replicates_same_ctx_pert,observed,0.33902103
across_replicates_same_ctx_pert,observed,0.09229539
across_replicates_same_ctx_pert,observed,0.14173235
across_replicates_same_ctx_pert,observed,0.09229539
across_replicates_same_ctx_pert,observed,0.14665934
across_replicates_same_ctx_pert,observed,0.14665934
across_replicates_same_ctx_pert,observed,0.13042144
across_replicates_same_ctx_pert,observed,0.29797822
across_replicates_same_ctx_pert,observed,0.29797822
across_replicates_same_ctx_pert,observed,0.17080463
across_replicates_same_ctx_pert,observed,0.19238918
across_replicates_same_ctx_pert,observed,0.015575861
across_replicates_same_ctx_pert,observed,0.015575861
across_replicates_same_ctx_pert,observed,0.107512616
across_replicates_same_ctx_pert,observed,0.107512616
across_replicates_same_ctx_pert,observed,0.107512616
across_replicates_same_ctx_pert,observed,0.17109114
across_replicates_same_ctx_pert,observed,0.15619583
across_replicates_same_ctx_pert,observed,0.15619583
across_replicates_same_ctx_pert,observed,0.1360169
across_replicates_same_ctx_pert,observed,0.099559315
across_replicates_same_ctx_pert,observed,0.1360169
across_replicates_same_ctx_pert,observed,0.22683513
across_replicates_same_ctx_pert,observed,0.20273103
across_replicates_same_ctx_pert,observed,0.17634432
across_replicates_same_ctx_pert,observed,0.1257178
across_replicates_same_ctx_pert,observed,0.17249314
across_replicates_same_ctx_pert,observed,0.1280703
across_replicates_same_ctx_pert,observed,0.09265119
across_replicates_same_ctx_pert,observed,0.11530085
across_replicates_same_ctx_pert,observed,0.09265119
across_replicates_same_ctx_pert,observed,0.15430267
across_replicates_same_ctx_pert,observed,0.15430267
across_replicates_same_ctx_pert,observed,0.15430267
across_replicates_same_ctx_pert,observed,0.11789752
across_replicates_same_ctx_pert,observed,0.11789752
across_replicates_same_ctx_pert,observed,0.11789752
across_replicates_same_ctx_pert,observed,0.093790434
across_replicates_same_ctx_pert,observed,0.13569003
across_replicates_same_ctx_pert,observed,0.16258012
across_replicates_same_ctx_pert,observed,0.14417225
across_replicates_same_ctx_pert,observed,0.14417225
across_replicates_same_ctx_pert,observed,0.16885826
across_replicates_same_ctx_pert,observed,0.10738522
across_replicates_same_ctx_pert,observed,0.10738522
across_replicates_same_ctx_pert,observed,0.18063678
across_replicates_same_ctx_pert,observed,0.20573935
across_replicates_same_ctx_pert,observed,0.20573935
across_replicates_same_ctx_pert,observed,0.20573935
across_replicates_same_ctx_pert,observed,0.16504559
across_replicates_same_ctx_pert,observed,0.15184988
across_replicates_same_ctx_pert,observed,0.15557563
across_replicates_same_ctx_pert,observed,0.13185477
across_replicates_same_ctx_pert,observed,0.15649454
across_replicates_same_ctx_pert,observed,0.13185477
across_replicates_same_ctx_pert,observed,0.2031165
across_replicates_same_ctx_pert,observed,0.24022423
across_replicates_same_ctx_pert,observed,0.2838181
across_replicates_same_ctx_pert,observed,0.08305426
across_replicates_same_ctx_pert,observed,0.08305426
across_replicates_same_ctx_pert,observed,0.1299018
across_replicates_same_ctx_pert,observed,0.06932573
across_replicates_same_ctx_pert,observed,0.06932573
across_replicates_same_ctx_pert,observed,0.10005686
across_replicates_same_ctx_pert,observed,0.1352543
across_replicates_same_ctx_pert,observed,0.16983771
across_replicates_same_ctx_pert,observed,0.12006628
across_replicates_same_ctx_pert,observed,0.13277878
across_replicates_same_ctx_pert,observed,0.13470949
across_replicates_same_ctx_pert,observed,0.13470949
across_replicates_same_ctx_pert,observed,0.14179842
across_replicates_same_ctx_pert,observed,0.14179842
across_replicates_same_ctx_pert,observed,0.16130827
across_replicates_same_ctx_pert,observed,0.023162236
across_replicates_same_ctx_pert,observed,0.19999921
across_replicates_same_ctx_pert,observed,0.023162236
across_replicates_same_ctx_pert,observed,0.13244525
across_replicates_same_ctx_pert,observed,0.09329264
across_replicates_same_ctx_pert,observed,0.13244525
across_replicates_same_ctx_pert,observed,0.08963481
across_replicates_same_ctx_pert,observed,0.041769292
across_replicates_same_ctx_pert,observed,0.08963481
across_replicates_same_ctx_pert,observed,0.15883638
across_replicates_same_ctx_pert,observed,0.1029192
across_replicates_same_ctx_pert,observed,0.14777099
across_replicates_same_ctx_pert,observed,0.15231211
across_replicates_same_ctx_pert,observed,0.13584976
across_replicates_same_ctx_pert,observed,0.13584976
across_replicates_same_ctx_pert,observed,0.11485411
across_replicates_same_ctx_pert,observed,0.06615557
across_replicates_same_ctx_pert,observed,0.10168093
across_replicates_same_ctx_pert,observed,0.18963523
across_replicates_same_ctx_pert,observed,-0.0002162006
across_replicates_same_ctx_pert,observed,-0.0002162006
across_replicates_same_ctx_pert,observed,0.53052264
across_replicates_same_ctx_pert,observed,0.5605957
across_replicates_same_ctx_pert,observed,0.53052264
across_replicates_same_ctx_pert,observed,0.258657
across_replicates_same_ctx_pert,observed,0.47078165
across_replicates_same_ctx_pert,observed,0.27890506
across_replicates_same_ctx_pert,observed,0.46331403
across_replicates_same_ctx_pert,observed,0.39297155
across_replicates_same_ctx_pert,observed,0.44322693
across_replicates_same_ctx_pert,observed,0.34664452
across_replicates_same_ctx_pert,observed,0.33563775
across_replicates_same_ctx_pert,observed,0.33563775
across_replicates_same_ctx_pert,observed,0.37314275
across_replicates_same_ctx_pert,observed,0.33492628
across_replicates_same_ctx_pert,observed,0.37314275
across_replicates_same_ctx_pert,observed,0.16984414
across_replicates_same_ctx_pert,observed,0.16984414
across_replicates_same_ctx_pert,observed,0.16984414
across_replicates_same_ctx_pert,observed,0.45135906
across_replicates_same_ctx_pert,observed,0.39685032
across_replicates_same_ctx_pert,observed,0.43213317
across_replicates_same_ctx_pert,observed,0.33714905
across_replicates_same_ctx_pert,observed,0.32086927
across_replicates_same_ctx_pert,observed,0.32086927
across_replicates_same_ctx_pert,observed,0.29133776
across_replicates_same_ctx_pert,observed,0.29133776
across_replicates_same_ctx_pert,observed,0.3116133
across_replicates_same_ctx_pert,observed,0.25350708
across_replicates_same_ctx_pert,observed,0.36800116
across_replicates_same_ctx_pert,observed,0.25350708
across_replicates_same_ctx_pert,observed,0.17972335
across_replicates_same_ctx_pert,observed,0.41277498
across_replicates_same_ctx_pert,observed,0.17972335
across_replicates_same_ctx_pert,observed,0.35459298
across_replicates_same_ctx_pert,observed,0.3590778
across_replicates_same_ctx_pert,observed,0.39025313
across_replicates_same_ctx_pert,observed,0.12885192
across_replicates_same_ctx_pert,observed,0.1637788
across_replicates_same_ctx_pert,observed,0.1637788
across_replicates_same_ctx_pert,observed,0.31719723
across_replicates_same_ctx_pert,observed,0.27900496
across_replicates_same_ctx_pert,observed,0.27900496
across_replicates_same_ctx_pert,observed,0.31983134
across_replicates_same_ctx_pert,observed,0.31858316
across_replicates_same_ctx_pert,observed,0.31983134
across_replicates_same_ctx_pert,observed,0.35304472
across_replicates_same_ctx_pert,observed,0.25086468
across_replicates_same_ctx_pert,observed,0.35304472
across_replicates_same_ctx_pert,observed,0.41345897
across_replicates_same_ctx_pert,observed,0.36754817
across_replicates_same_ctx_pert,observed,0.43646008
across_replicates_same_ctx_pert,observed,0.41167614
across_replicates_same_ctx_pert,observed,0.41167614
across_replicates_same_ctx_pert,observed,0.39969584
across_replicates_same_ctx_pert,observed,0.3414119
across_replicates_same_ctx_pert,observed,0.14049552
across_replicates_same_ctx_pert,observed,0.14049552
across_replicates_same_ctx_pert,observed,0.26810056
across_replicates_same_ctx_pert,observed,0.37734854
across_replicates_same_ctx_pert,observed,0.26810056
across_replicates_same_ctx_pert,observed,0.24114904
across_replicates_same_ctx_pert,observed,0.24114904
across_replicates_same_ctx_pert,observed,0.23650216
across_replicates_same_ctx_pert,observed,0.4395556
across_replicates_same_ctx_pert,observed,0.48172164
across_replicates_same_ctx_pert,observed,0.4395556
across_replicates_same_ctx_pert,observed,0.39601538
across_replicates_same_ctx_pert,observed,0.39601538
across_replicates_same_ctx_pert,observed,0.36437845
across_replicates_same_ctx_pert,observed,0.37065673
across_replicates_same_ctx_pert,observed,0.33385095
across_replicates_same_ctx_pert,observed,0.33385095
across_replicates_same_ctx_pert,observed,0.37192822
across_replicates_same_ctx_pert,observed,0.2482076
across_replicates_same_ctx_pert,observed,0.20770949
across_replicates_same_ctx_pert,observed,0.2772398
across_replicates_same_ctx_pert,observed,0.26373297
across_replicates_same_ctx_pert,observed,0.29161477
across_replicates_same_ctx_pert,observed,0.3111241
across_replicates_same_ctx_pert,observed,0.31312412
across_replicates_same_ctx_pert,observed,0.369222
across_replicates_same_ctx_pert,observed,0.33091488
across_replicates_same_ctx_pert,observed,0.22735363
across_replicates_same_ctx_pert,observed,0.30900535
across_replicates_same_ctx_pert,observed,0.3296835
across_replicates_same_ctx_pert,observed,0.29518008
across_replicates_same_ctx_pert,observed,0.3431397
across_replicates_same_ctx_pert,observed,0.339148
across_replicates_same_ctx_pert,observed,0.35049155
across_replicates_same_ctx_pert,observed,0.28921834
across_replicates_same_ctx_pert,observed,0.3030448
across_replicates_same_ctx_pert,observed,0.3583452
across_replicates_same_ctx_pert,observed,0.23775339
across_replicates_same_ctx_pert,observed,0.22020748
across_replicates_same_ctx_pert,observed,0.35166708
across_replicates_same_ctx_pert,observed,0.2709684
across_replicates_same_ctx_pert,observed,0.19903223
across_replicates_same_ctx_pert,observed,0.22620136
across_replicates_same_ctx_pert,observed,0.26671758
across_replicates_same_ctx_pert,observed,0.23434664
across_replicates_same_ctx_pert,observed,0.37054938
across_replicates_same_ctx_pert,observed,0.22735363
across_replicates_same_ctx_pert,observed,0.39056417
across_replicates_same_ctx_pert,observed,0.2709684
across_replicates_same_ctx_pert,observed,0.40754196
across_replicates_same_ctx_pert,observed,0.28118962
across_replicates_same_ctx_pert,observed,0.34077173
across_replicates_same_ctx_pert,observed,0.23891693
across_replicates_same_ctx_pert,observed,0.34879956
across_replicates_same_ctx_pert,observed,0.3829372
across_replicates_same_ctx_pert,observed,0.3829372
across_replicates_same_ctx_pert,observed,0.34817758
across_replicates_same_ctx_pert,observed,0.34817758
across_replicates_same_ctx_pert,observed,0.30410513
across_replicates_same_ctx_pert,observed,0.35216042
across_replicates_same_ctx_pert,observed,0.20765087
across_replicates_same_ctx_pert,observed,0.35216042
across_replicates_same_ctx_pert,observed,0.8797498
across_replicates_same_ctx_pert,observed,0.25216246
across_replicates_same_ctx_pert,observed,0.8797498
across_replicates_same_ctx_pert,observed,0.24626175
across_replicates_same_ctx_pert,observed,0.37805033
across_replicates_same_ctx_pert,observed,0.26399207
across_replicates_same_ctx_pert,observed,0.46484894
across_replicates_same_ctx_pert,observed,0.46484894
across_replicates_same_ctx_pert,observed,0.46484894
across_replicates_same_ctx_pert,observed,0.18687713
across_replicates_same_ctx_pert,observed,0.18687713
across_replicates_same_ctx_pert,observed,0.15217675
across_replicates_same_ctx_pert,observed,0.15217675
across_replicates_same_ctx_pert,observed,0.5336979
across_replicates_same_ctx_pert,observed,0.42708033
across_replicates_same_ctx_pert,observed,0.12940766
across_replicates_same_ctx_pert,observed,0.12940766
across_replicates_same_ctx_pert,observed,0.2566058
across_replicates_same_ctx_pert,observed,0.33904976
across_replicates_same_ctx_pert,observed,0.2566058
across_replicates_same_ctx_pert,observed,0.33771953
across_replicates_same_ctx_pert,observed,0.33771953
across_replicates_same_ctx_pert,observed,0.33771953
across_replicates_same_ctx_pert,observed,0.34550607
across_replicates_same_ctx_pert,observed,0.4059992
across_replicates_same_ctx_pert,observed,0.34550607
across_replicates_same_ctx_pert,observed,0.27492514
across_replicates_same_ctx_pert,observed,0.27492514
across_replicates_same_ctx_pert,observed,0.3065822
across_replicates_same_ctx_pert,observed,0.33635557
across_replicates_same_ctx_pert,observed,0.36249897
across_replicates_same_ctx_pert,observed,0.3867255
across_replicates_same_ctx_pert,observed,0.3101905
across_replicates_same_ctx_pert,observed,0.3101905
across_replicates_same_ctx_pert,observed,0.3101905
across_replicates_same_ctx_pert,observed,0.459784
across_replicates_same_ctx_pert,observed,0.34342426
across_replicates_same_ctx_pert,observed,0.459784
across_replicates_same_ctx_pert,observed,0.33035567
across_replicates_same_ctx_pert,observed,0.38543245
across_replicates_same_ctx_pert,observed,0.2944635
across_replicates_same_ctx_pert,observed,0.28267142
across_replicates_same_ctx_pert,observed,0.37292975
across_replicates_same_ctx_pert,observed,0.37292975
across_replicates_same_ctx_pert,observed,-0.15780209
across_replicates_same_ctx_pert,observed,-0.007650756
across_replicates_same_ctx_pert,observed,0.14666297
across_replicates_same_ctx_pert,observed,0.13338043
across_replicates_same_ctx_pert,observed,0.10231712
across_replicates_same_ctx_pert,observed,0.57318413
across_replicates_same_ctx_pert,observed,0.15784635
across_replicates_same_ctx_pert,observed,0.04153079
across_replicates_same_ctx_pert,observed,0.10727567
across_replicates_same_ctx_pert,observed,0.051629387
across_replicates_same_ctx_pert,observed,0.07251774
across_replicates_same_ctx_pert,observed,0.0019773138
across_replicates_same_ctx_pert,observed,0.19818257
across_replicates_same_ctx_pert,observed,0.078156665
across_replicates_same_ctx_pert,observed,0.12234122
across_replicates_same_ctx_pert,observed,0.054693736
across_replicates_same_ctx_pert,observed,0.08817744
across_replicates_same_ctx_pert,observed,0.08797525
across_replicates_same_ctx_pert,observed,0.09158967
across_replicates_same_ctx_pert,observed,0.16828835
across_replicates_same_ctx_pert,observed,0.054693736
across_replicates_same_ctx_pert,observed,0.043270938
across_replicates_same_ctx_pert,observed,0.10019367
across_replicates_same_ctx_pert,observed,0.12812446
across_replicates_same_ctx_pert,observed,0.040851712
across_replicates_same_ctx_pert,observed,-0.17861418
across_replicates_same_ctx_pert,observed,0.120502874
across_replicates_same_ctx_pert,observed,0.01783109
across_replicates_same_ctx_pert,observed,0.51879936
across_replicates_same_ctx_pert,observed,0.5472689
across_replicates_same_ctx_pert,observed,0.51879936
across_replicates_same_ctx_pert,observed,0.45786992
across_replicates_same_ctx_pert,observed,0.43838286
across_replicates_same_ctx_pert,observed,0.48473164
across_replicates_same_ctx_pert,observed,0.44026485
across_replicates_same_ctx_pert,observed,0.377946
across_replicates_same_ctx_pert,observed,0.44026485
across_replicates_same_ctx_pert,observed,0.08821398
across_replicates_same_ctx_pert,observed,0.457765
across_replicates_same_ctx_pert,observed,0.1751601
across_replicates_same_ctx_pert,observed,0.27419072
across_replicates_same_ctx_pert,observed,0.32845974
across_replicates_same_ctx_pert,observed,0.29489073
across_replicates_same_ctx_pert,observed,0.33319286
across_replicates_same_ctx_pert,observed,0.33319286
across_replicates_same_ctx_pert,observed,0.33319286
across_replicates_same_ctx_pert,observed,0.347871
across_replicates_same_ctx_pert,observed,0.34446245
across_replicates_same_ctx_pert,observed,0.34446245
across_replicates_same_ctx_pert,observed,0.45687163
across_replicates_same_ctx_pert,observed,0.50157183
across_replicates_same_ctx_pert,observed,0.45687163
across_replicates_same_ctx_pert,observed,0.21347976
across_replicates_same_ctx_pert,observed,0.3477256
across_replicates_same_ctx_pert,observed,0.020070646
across_replicates_same_ctx_pert,observed,0.22292183
across_replicates_same_ctx_pert,observed,0.22292183
across_replicates_same_ctx_pert,observed,0.238293
across_replicates_same_ctx_pert,observed,0.47665128
across_replicates_same_ctx_pert,observed,0.42790028
across_replicates_same_ctx_pert,observed,0.4393203
across_replicates_same_ctx_pert,observed,0.37108943
across_replicates_same_ctx_pert,observed,0.38425937
across_replicates_same_ctx_pert,observed,0.37108943
across_replicates_same_ctx_pert,observed,0.035326537
across_replicates_same_ctx_pert,observed,0.393407
across_replicates_same_ctx_pert,observed,-0.08219455
across_replicates_same_ctx_pert,observed,0.2914261
across_replicates_same_ctx_pert,observed,0.29599315
across_replicates_same_ctx_pert,observed,0.2914261
across_replicates_same_ctx_pert,observed,0.30079302
across_replicates_same_ctx_pert,observed,0.30079302
across_replicates_same_ctx_pert,observed,0.35213542
across_replicates_same_ctx_pert,observed,0.34135804
across_replicates_same_ctx_pert,observed,0.34135804
across_replicates_same_ctx_pert,observed,0.37209564
across_replicates_same_ctx_pert,observed,0.64548844
across_replicates_same_ctx_pert,observed,0.17186353
across_replicates_same_ctx_pert,observed,0.64548844
across_replicates_same_ctx_pert,observed,0.18804125
across_replicates_same_ctx_pert,observed,0.085151345
across_replicates_same_ctx_pert,observed,0.4798891
across_replicates_same_ctx_pert,observed,0.25965074
across_replicates_same_ctx_pert,observed,0.25965074
across_replicates_same_ctx_pert,observed,0.25965074
across_replicates_same_ctx_pert,observed,0.25667182
across_replicates_same_ctx_pert,observed,0.25667182
across_replicates_same_ctx_pert,observed,0.25667182
across_replicates_same_ctx_pert,observed,0.43741217
across_replicates_same_ctx_pert,observed,0.38195965
across_replicates_same_ctx_pert,observed,0.43741217
across_replicates_same_ctx_pert,observed,0.36209255
across_replicates_same_ctx_pert,observed,0.45042774
across_replicates_same_ctx_pert,observed,0.36209255
across_replicates_same_ctx_pert,observed,0.14813098
across_replicates_same_ctx_pert,observed,0.14813098
across_replicates_same_ctx_pert,observed,0.44963947
across_replicates_same_ctx_pert,observed,0.17511186
across_replicates_same_ctx_pert,observed,0.44963947
across_replicates_same_ctx_pert,observed,0.23682821
across_replicates_same_ctx_pert,observed,0.23682821
across_replicates_same_ctx_pert,observed,0.40782055
across_replicates_same_ctx_pert,observed,0.42686138
across_replicates_same_ctx_pert,observed,0.42686138
across_replicates_same_ctx_pert,observed,0.42686138
across_replicates_same_ctx_pert,observed,0.21693473
across_replicates_same_ctx_pert,observed,0.39100522
across_replicates_same_ctx_pert,observed,0.2612501
across_replicates_same_ctx_pert,observed,0.3376191
across_replicates_same_ctx_pert,observed,0.36278087
across_replicates_same_ctx_pert,observed,0.3376191
across_replicates_same_ctx_pert,observed,0.32169676
across_replicates_same_ctx_pert,observed,0.32169676
across_replicates_same_ctx_pert,observed,0.1770875
across_replicates_same_ctx_pert,observed,0.33754292
across_replicates_same_ctx_pert,observed,0.33754292
across_replicates_same_ctx_pert,observed,0.25738654
across_replicates_same_ctx_pert,observed,0.6083216
across_replicates_same_ctx_pert,observed,0.6083216
across_replicates_same_ctx_pert,observed,0.6083216
across_replicates_same_ctx_pert,observed,0.2906448
across_replicates_same_ctx_pert,observed,0.30717203
across_replicates_same_ctx_pert,observed,0.42834654
across_replicates_same_ctx_pert,observed,0.12703349
across_replicates_same_ctx_pert,observed,0.26017553
across_replicates_same_ctx_pert,observed,0.3809336
across_replicates_same_ctx_pert,observed,0.2390576
across_replicates_same_ctx_pert,observed,0.34505504
across_replicates_same_ctx_pert,observed,0.31654587
across_replicates_same_ctx_pert,observed,0.38082656
across_replicates_same_ctx_pert,observed,0.38082656
across_replicates_same_ctx_pert,observed,0.38082656
across_replicates_same_ctx_pert,observed,0.33268797
across_replicates_same_ctx_pert,observed,0.33268797
across_replicates_same_ctx_pert,observed,0.3567028
across_replicates_same_ctx_pert,observed,0.8585344
across_replicates_same_ctx_pert,observed,0.8585344
across_replicates_same_ctx_pert,observed,0.26570526
across_replicates_same_ctx_pert,observed,0.26570526
across_replicates_same_ctx_pert,observed,0.32033572
across_replicates_same_ctx_pert,observed,0.46004117
across_replicates_same_ctx_pert,observed,0.07658962
across_replicates_same_ctx_pert,observed,0.14507659
across_replicates_same_ctx_pert,observed,0.3090516
across_replicates_same_ctx_pert,observed,0.302968
across_replicates_same_ctx_pert,observed,0.3324377
across_replicates_same_ctx_pert,observed,0.41037422
across_replicates_same_ctx_pert,observed,0.41357008
across_replicates_same_ctx_pert,observed,0.41357008
across_replicates_same_ctx_pert,observed,0.19742122
across_replicates_same_ctx_pert,observed,0.19742122
across_replicates_same_ctx_pert,observed,0.19742122
across_replicates_same_ctx_pert,observed,0.39032885
across_replicates_same_ctx_pert,observed,0.3388762
across_replicates_same_ctx_pert,observed,0.3388762
across_replicates_same_ctx_pert,observed,0.34088483
across_replicates_same_ctx_pert,observed,0.27994424
across_replicates_same_ctx_pert,observed,0.34088483
across_replicates_same_ctx_pert,observed,0.38748622
across_replicates_same_ctx_pert,observed,0.38748622
across_replicates_same_ctx_pert,observed,0.38748622
across_replicates_same_ctx_pert,observed,0.27821222
across_replicates_same_ctx_pert,observed,0.3149905
across_replicates_same_ctx_pert,observed,0.3149905
across_replicates_same_ctx_pert,observed,0.29916728
across_replicates_same_ctx_pert,observed,0.22454639
across_replicates_same_ctx_pert,observed,0.29916728
across_replicates_same_ctx_pert,observed,0.86615705
across_replicates_same_ctx_pert,observed,0.25141194
across_replicates_same_ctx_pert,observed,0.25141194
across_replicates_same_ctx_pert,observed,0.3115738
across_replicates_same_ctx_pert,observed,0.3115738
across_replicates_same_ctx_pert,observed,0.31925118
across_replicates_same_ctx_pert,observed,0.41268474
across_replicates_same_ctx_pert,observed,0.37686175
across_replicates_same_ctx_pert,observed,0.37686175
across_replicates_same_ctx_pert,observed,0.4100364
across_replicates_same_ctx_pert,observed,0.4100364
across_replicates_same_ctx_pert,observed,0.46052292
across_replicates_same_ctx_pert,observed,0.3252538
across_replicates_same_ctx_pert,observed,0.44824606
across_replicates_same_ctx_pert,observed,0.44824606
across_replicates_same_ctx_pert,observed,0.44992805
across_replicates_same_ctx_pert,observed,0.44992805
across_replicates_same_ctx_pert,observed,0.46587616
across_replicates_same_ctx_pert,observed,0.3313073
across_replicates_same_ctx_pert,observed,0.3313073
across_replicates_same_ctx_pert,observed,0.32852018
across_replicates_same_ctx_pert,observed,0.40645024
across_replicates_same_ctx_pert,observed,0.40645024
across_replicates_same_ctx_pert,observed,0.2376516
across_replicates_same_ctx_pert,observed,0.47823453
across_replicates_same_ctx_pert,observed,0.43017766
across_replicates_same_ctx_pert,observed,0.43017766
across_replicates_same_ctx_pert,observed,0.34683895
across_replicates_same_ctx_pert,observed,0.40921593
across_replicates_same_ctx_pert,observed,0.34683895
across_replicates_same_ctx_pert,observed,0.056855887
across_replicates_same_ctx_pert,observed,0.056855887
across_replicates_same_ctx_pert,observed,0.21675597
across_replicates_same_ctx_pert,observed,0.39163306
across_replicates_same_ctx_pert,observed,0.39163306
across_replicates_same_ctx_pert,observed,0.39163306
across_replicates_same_ctx_pert,observed,0.47741234
across_replicates_same_ctx_pert,observed,-0.023402462
across_replicates_same_ctx_pert,observed,0.47741234
across_replicates_same_ctx_pert,observed,0.45116845
across_replicates_same_ctx_pert,observed,0.36745927
across_replicates_same_ctx_pert,observed,0.42618698
across_replicates_same_ctx_pert,observed,0.11817325
across_replicates_same_ctx_pert,observed,0.44727248
across_replicates_same_ctx_pert,observed,0.44727248
across_replicates_same_ctx_pert,observed,0.34739318
across_replicates_same_ctx_pert,observed,0.32367852
across_replicates_same_ctx_pert,observed,0.32367852
across_replicates_same_ctx_pert,observed,0.48394194
across_replicates_same_ctx_pert,observed,0.48394194
across_replicates_same_ctx_pert,observed,0.48394194
across_replicates_same_ctx_pert,observed,0.4474121
across_replicates_same_ctx_pert,observed,0.30635628
across_replicates_same_ctx_pert,observed,0.30635628
across_replicates_same_ctx_pert,observed,0.4586089
across_replicates_same_ctx_pert,observed,0.4586089
across_replicates_same_ctx_pert,observed,-0.038171653
across_replicates_same_ctx_pert,observed,0.37517968
across_replicates_same_ctx_pert,observed,0.37517968
across_replicates_same_ctx_pert,observed,0.37517968
across_replicates_same_ctx_pert,observed,0.29221824
across_replicates_same_ctx_pert,observed,0.24724957
across_replicates_same_ctx_pert,observed,0.29221824
across_replicates_same_ctx_pert,observed,0.40672392
across_replicates_same_ctx_pert,observed,0.40672392
across_replicates_same_ctx_pert,observed,0.35433778
across_replicates_same_ctx_pert,observed,0.5310813
across_replicates_same_ctx_pert,observed,-0.1584816
across_replicates_same_ctx_pert,observed,-0.1584816
across_replicates_same_ctx_pert,observed,0.5300713
across_replicates_same_ctx_pert,observed,0.5817797
across_replicates_same_ctx_pert,observed,0.5300713
across_replicates_same_ctx_pert,observed,0.33961207
across_replicates_same_ctx_pert,observed,0.354301
across_replicates_same_ctx_pert,observed,0.3585601
across_replicates_same_ctx_pert,observed,0.37224194
across_replicates_same_ctx_pert,observed,0.35549974
across_replicates_same_ctx_pert,observed,0.35549974
across_replicates_same_ctx_pert,observed,0.44292024
across_replicates_same_ctx_pert,observed,0.47431087
across_replicates_same_ctx_pert,observed,0.47431087
across_replicates_same_ctx_pert,observed,-0.009031844
across_replicates_same_ctx_pert,observed,0.03934988
across_replicates_same_ctx_pert,observed,0.4907104
across_replicates_same_ctx_pert,observed,0.25932357
across_replicates_same_ctx_pert,observed,0.29216334
across_replicates_same_ctx_pert,observed,0.21587884
across_replicates_same_ctx_pert,observed,0.31037742
across_replicates_same_ctx_pert,observed,0.35543662
across_replicates_same_ctx_pert,observed,0.34713882
across_replicates_same_ctx_pert,observed,0.2601753
across_replicates_same_ctx_pert,observed,0.3050749
across_replicates_same_ctx_pert,observed,0.3050749
across_replicates_same_ctx_pert,observed,0.40966058
across_replicates_same_ctx_pert,observed,0.40966058
across_replicates_same_ctx_pert,observed,0.40966058
across_replicates_same_ctx_pert,observed,0.5509796
across_replicates_same_ctx_pert,observed,0.5509796
across_replicates_same_ctx_pert,observed,0.55607015
across_replicates_same_ctx_pert,observed,0.31242627
across_replicates_same_ctx_pert,observed,0.30153155
across_replicates_same_ctx_pert,observed,0.30153155
across_replicates_same_ctx_pert,observed,0.3375677
across_replicates_same_ctx_pert,observed,0.37527925
across_replicates_same_ctx_pert,observed,0.3375677
across_replicates_same_ctx_pert,observed,0.30725083
across_replicates_same_ctx_pert,observed,0.31195322
across_replicates_same_ctx_pert,observed,0.31195322
across_replicates_same_ctx_pert,observed,0.38900957
across_replicates_same_ctx_pert,observed,0.38511595
across_replicates_same_ctx_pert,observed,0.34573638
across_replicates_same_ctx_pert,observed,0.29652828
across_replicates_same_ctx_pert,observed,0.33864197
across_replicates_same_ctx_pert,observed,0.33864197
across_replicates_same_ctx_pert,observed,0.3387771
across_replicates_same_ctx_pert,observed,0.3290233
across_replicates_same_ctx_pert,observed,0.35435
across_replicates_same_ctx_pert,observed,0.49421325
across_replicates_same_ctx_pert,observed,0.51809955
across_replicates_same_ctx_pert,observed,0.49421325
across_replicates_same_ctx_pert,observed,0.3531246
across_replicates_same_ctx_pert,observed,0.33568472
across_replicates_same_ctx_pert,observed,0.31902787
across_replicates_same_ctx_pert,observed,0.407505
across_replicates_same_ctx_pert,observed,0.407505
across_replicates_same_ctx_pert,observed,0.407505
across_replicates_same_ctx_pert,observed,0.4976216
across_replicates_same_ctx_pert,observed,0.48043236
across_replicates_same_ctx_pert,observed,0.48043236
across_replicates_same_ctx_pert,observed,0.34277996
across_replicates_same_ctx_pert,observed,0.34277996
across_replicates_same_ctx_pert,observed,0.3684336
across_replicates_same_ctx_pert,observed,0.33103493
across_replicates_same_ctx_pert,observed,0.33103493
across_replicates_same_ctx_pert,observed,0.3544579
across_replicates_same_ctx_pert,observed,0.34160203
across_replicates_same_ctx_pert,observed,0.37402967
across_replicates_same_ctx_pert,observed,0.29622486
across_replicates_same_ctx_pert,observed,0.36195776
across_replicates_same_ctx_pert,observed,0.2744881
across_replicates_same_ctx_pert,observed,0.2744881
across_replicates_same_ctx_pert,observed,0.49956164
across_replicates_same_ctx_pert,observed,0.49956164
across_replicates_same_ctx_pert,observed,0.3394415
across_replicates_same_ctx_pert,observed,0.015169086
across_replicates_same_ctx_pert,observed,0.015169086
across_replicates_same_ctx_pert,observed,0.015169086
across_replicates_same_ctx_pert,observed,0.524465
across_replicates_same_ctx_pert,observed,0.22525962
across_replicates_same_ctx_pert,observed,0.524465
across_replicates_same_ctx_pert,observed,0.31900838
across_replicates_same_ctx_pert,observed,0.31900838
across_replicates_same_ctx_pert,observed,0.29751047
across_replicates_same_ctx_pert,observed,0.24303441
across_replicates_same_ctx_pert,observed,0.24303441
across_replicates_same_ctx_pert,observed,0.24303441
across_replicates_same_ctx_pert,observed,0.33491343
across_replicates_same_ctx_pert,observed,0.33491343
across_replicates_same_ctx_pert,observed,0.28541496
across_replicates_same_ctx_pert,observed,0.46120784
across_replicates_same_ctx_pert,observed,0.50931865
across_replicates_same_ctx_pert,observed,0.50931865
across_replicates_same_ctx_pert,observed,0.031406283
across_replicates_same_ctx_pert,observed,-0.04577049
across_replicates_same_ctx_pert,observed,0.4214403
across_replicates_same_ctx_pert,observed,0.08093875
across_replicates_same_ctx_pert,observed,0.031325493
across_replicates_same_ctx_pert,observed,0.031325493
across_replicates_same_ctx_pert,observed,-0.008269579
across_replicates_same_ctx_pert,observed,0.05678176
across_replicates_same_ctx_pert,observed,0.05678176
across_replicates_same_ctx_pert,observed,0.011363647
across_replicates_same_ctx_pert,observed,0.052679807
across_replicates_same_ctx_pert,observed,0.052679807
across_replicates_same_ctx_pert,observed,0.043588422
across_replicates_same_ctx_pert,observed,0.0256758
across_replicates_same_ctx_pert,observed,0.043588422
across_replicates_same_ctx_pert,observed,0.0099536525
across_replicates_same_ctx_pert,observed,0.030346204
across_replicates_same_ctx_pert,observed,0.0099536525
across_replicates_same_ctx_pert,observed,0.08551784
across_replicates_same_ctx_pert,observed,0.08551784
across_replicates_same_ctx_pert,observed,0.07293092
across_replicates_same_ctx_pert,observed,0.027459644
across_replicates_same_ctx_pert,observed,0.07293092
across_replicates_same_ctx_pert,observed,0.015219008
across_replicates_same_ctx_pert,observed,0.017283693
across_replicates_same_ctx_pert,observed,0.063406125
across_replicates_same_ctx_pert,observed,0.013167645
across_replicates_same_ctx_pert,observed,0.007900795
across_replicates_same_ctx_pert,observed,0.05154619
across_replicates_same_ctx_pert,observed,0.013814428
across_replicates_same_ctx_pert,observed,-0.0041197324
across_replicates_same_ctx_pert,observed,-0.0041197324
across_replicates_same_ctx_pert,observed,0.047648676
across_replicates_same_ctx_pert,observed,0.062102955
across_replicates_same_ctx_pert,observed,0.048527546
across_replicates_same_ctx_pert,observed,0.014734362
across_replicates_same_ctx_pert,observed,0.014734362
across_replicates_same_ctx_pert,observed,0.008834792
across_replicates_same_ctx_pert,observed,-0.0007687866
across_replicates_same_ctx_pert,observed,-0.0007687866
across_replicates_same_ctx_pert,observed,-0.0007687866
across_replicates_same_ctx_pert,observed,0.014421466
across_replicates_same_ctx_pert,observed,0.021044616
across_replicates_same_ctx_pert,observed,0.010377127
across_replicates_same_ctx_pert,observed,0.012110577
across_replicates_same_ctx_pert,observed,0.017134799
across_replicates_same_ctx_pert,observed,0.012110577
across_replicates_same_ctx_pert,observed,0.04429678
across_replicates_same_ctx_pert,observed,0.04429678
across_replicates_same_ctx_pert,observed,0.10641983
across_replicates_same_ctx_pert,observed,0.024640268
across_replicates_same_ctx_pert,observed,0.05122049
across_replicates_same_ctx_pert,observed,0.024640268
across_replicates_same_ctx_pert,observed,0.03338298
across_replicates_same_ctx_pert,observed,-0.002025052
across_replicates_same_ctx_pert,observed,-0.002025052
across_replicates_same_ctx_pert,observed,-0.001367877
across_replicates_same_ctx_pert,observed,-0.001367877
across_replicates_same_ctx_pert,observed,0.061644074
across_replicates_same_ctx_pert,observed,0.113929175
across_replicates_same_ctx_pert,observed,0.113929175
across_replicates_same_ctx_pert,observed,0.09547317
across_replicates_same_ctx_pert,observed,0.006751515
across_replicates_same_ctx_pert,observed,0.024181774
across_replicates_same_ctx_pert,observed,0.006751515
across_replicates_same_ctx_pert,observed,0.046813373
across_replicates_same_ctx_pert,observed,0.046813373
across_replicates_same_ctx_pert,observed,0.0073596914
across_replicates_same_ctx_pert,observed,0.023817625
across_replicates_same_ctx_pert,observed,0.023817625
across_replicates_same_ctx_pert,observed,0.007366138
across_replicates_same_ctx_pert,observed,0.03787503
across_replicates_same_ctx_pert,observed,0.06936
across_replicates_same_ctx_pert,observed,-0.027995907
across_replicates_same_ctx_pert,observed,-0.0030351537
across_replicates_same_ctx_pert,observed,0.03787503
across_replicates_same_ctx_pert,observed,0.0045245206
across_replicates_same_ctx_pert,observed,0.04599527
across_replicates_same_ctx_pert,observed,0.028047802
across_replicates_same_ctx_pert,observed,0.02585446
across_replicates_same_ctx_pert,observed,0.08570199
across_replicates_same_ctx_pert,observed,0.08570199
across_replicates_same_ctx_pert,observed,0.038864408
across_replicates_same_ctx_pert,observed,0.017350854
across_replicates_same_ctx_pert,observed,0.017350854
across_replicates_same_ctx_pert,observed,-0.0021521025
across_replicates_same_ctx_pert,observed,0.020739397
across_replicates_same_ctx_pert,observed,0.020739397
across_replicates_same_ctx_pert,observed,0.010439191
across_replicates_same_ctx_pert,observed,0.030079989
across_replicates_same_ctx_pert,observed,0.100238636
across_replicates_same_ctx_pert,observed,0.059489794
across_replicates_same_ctx_pert,observed,0.07376484
across_replicates_same_ctx_pert,observed,-0.076357305
across_replicates_same_ctx_pert,observed,0.039910864
across_replicates_same_ctx_pert,observed,-0.012663358
across_replicates_same_ctx_pert,observed,0.019350408
across_replicates_same_ctx_pert,observed,-0.012663358
across_replicates_same_ctx_pert,observed,0.022719357
across_replicates_same_ctx_pert,observed,-0.028272446
across_replicates_same_ctx_pert,observed,0.022719357
across_replicates_same_ctx_pert,observed,0.031111408
across_replicates_same_ctx_pert,observed,-0.002584089
across_replicates_same_ctx_pert,observed,-0.002584089
across_replicates_same_ctx_pert,observed,0.021217845
across_replicates_same_ctx_pert,observed,0.024471812
across_replicates_same_ctx_pert,observed,0.010606488
across_replicates_same_ctx_pert,observed,0.012563141
across_replicates_same_ctx_pert,observed,0.012563141
across_replicates_same_ctx_pert,observed,0.032502707
across_replicates_same_ctx_pert,observed,-0.0071623125
across_replicates_same_ctx_pert,observed,0.06277901
across_replicates_same_ctx_pert,observed,0.06277901
across_replicates_same_ctx_pert,observed,0.0142028015
across_replicates_same_ctx_pert,observed,0.024088684
across_replicates_same_ctx_pert,observed,0.0142028015
across_replicates_same_ctx_pert,observed,-0.0033746515
across_replicates_same_ctx_pert,observed,0.030939264
across_replicates_same_ctx_pert,observed,-0.0033746515
across_replicates_same_ctx_pert,observed,0.020211605
across_replicates_same_ctx_pert,observed,0.02156892
across_replicates_same_ctx_pert,observed,0.020211605
across_replicates_same_ctx_pert,observed,0.041221917
across_replicates_same_ctx_pert,observed,0.041221917
across_replicates_same_ctx_pert,observed,-0.0043116105
across_replicates_same_ctx_pert,observed,0.022357836
across_replicates_same_ctx_pert,observed,0.031880714
across_replicates_same_ctx_pert,observed,0.010169423
across_replicates_same_ctx_pert,observed,0.003732653
across_replicates_same_ctx_pert,observed,0.005373857
across_replicates_same_ctx_pert,observed,0.008491896
across_replicates_same_ctx_pert,observed,-0.0019154997
across_replicates_same_ctx_pert,observed,-0.0063684606
across_replicates_same_ctx_pert,observed,-0.010285558
across_replicates_same_ctx_pert,observed,-0.0033112753
across_replicates_same_ctx_pert,observed,0.028727269
across_replicates_same_ctx_pert,observed,-0.01627593
across_replicates_same_ctx_pert,observed,0.044909548
across_replicates_same_ctx_pert,observed,0.009378867
across_replicates_same_ctx_pert,observed,-0.021843964
across_replicates_same_ctx_pert,observed,0.057836868
across_replicates_same_ctx_pert,observed,-0.00062745414
across_replicates_same_ctx_pert,observed,-0.030427178
across_replicates_same_ctx_pert,observed,0.002073692
across_replicates_same_ctx_pert,observed,-0.012839505
across_replicates_same_ctx_pert,observed,-0.00784381
across_replicates_same_ctx_pert,observed,0.01806394
across_replicates_same_ctx_pert,observed,0.03671166
across_replicates_same_ctx_pert,observed,-0.0036664028
across_replicates_same_ctx_pert,observed,0.038399033
across_replicates_same_ctx_pert,observed,-0.022322766
across_replicates_same_ctx_pert,observed,0.044909548
across_replicates_same_ctx_pert,observed,0.021570746
across_replicates_same_ctx_pert,observed,0.011240604
across_replicates_same_ctx_pert,observed,-0.004808281
across_replicates_same_ctx_pert,observed,0.04606796
across_replicates_same_ctx_pert,observed,0.024671767
across_replicates_same_ctx_pert,observed,0.0001742696
across_replicates_same_ctx_pert,observed,-0.014481052
across_replicates_same_ctx_pert,observed,7.365241e-05
across_replicates_same_ctx_pert,observed,0.01683671
across_replicates_same_ctx_pert,observed,0.04962851
across_replicates_same_ctx_pert,observed,0.04962851
across_replicates_same_ctx_pert,observed,0.07460448
across_replicates_same_ctx_pert,observed,0.011251244
across_replicates_same_ctx_pert,observed,0.054127637
across_replicates_same_ctx_pert,observed,0.037878275
across_replicates_same_ctx_pert,observed,0.037878275
across_replicates_same_ctx_pert,observed,0.041451674
across_replicates_same_ctx_pert,observed,-0.05053634
across_replicates_same_ctx_pert,observed,-0.05053634
across_replicates_same_ctx_pert,observed,-0.05053634
across_replicates_same_ctx_pert,observed,-0.011125355
across_replicates_same_ctx_pert,observed,-0.011125355
across_replicates_same_ctx_pert,observed,0.00082245335
across_replicates_same_ctx_pert,observed,0.028092505
across_replicates_same_ctx_pert,observed,0.028092505
across_replicates_same_ctx_pert,observed,0.028092505
across_replicates_same_ctx_pert,observed,0.020598253
across_replicates_same_ctx_pert,observed,0.020598253
across_replicates_same_ctx_pert,observed,0.045455154
across_replicates_same_ctx_pert,observed,0.037470568
across_replicates_same_ctx_pert,observed,0.037470568
across_replicates_same_ctx_pert,observed,0.011580985
across_replicates_same_ctx_pert,observed,-0.017180806
across_replicates_same_ctx_pert,observed,-0.017180806
across_replicates_same_ctx_pert,observed,-0.017180806
across_replicates_same_ctx_pert,observed,-0.0045527937
across_replicates_same_ctx_pert,observed,-0.0045527937
across_replicates_same_ctx_pert,observed,0.031929713
across_replicates_same_ctx_pert,observed,0.050316162
across_replicates_same_ctx_pert,observed,0.054412127
across_replicates_same_ctx_pert,observed,0.027659385
across_replicates_same_ctx_pert,observed,0.030874176
across_replicates_same_ctx_pert,observed,0.009631116
across_replicates_same_ctx_pert,observed,0.03398342
across_replicates_same_ctx_pert,observed,0.04691582
across_replicates_same_ctx_pert,observed,0.04691582
across_replicates_same_ctx_pert,observed,-0.029050801
across_replicates_same_ctx_pert,observed,0.02724298
across_replicates_same_ctx_pert,observed,0.02724298
across_replicates_same_ctx_pert,observed,0.0028086547
across_replicates_same_ctx_pert,observed,-0.017024582
across_replicates_same_ctx_pert,observed,-0.017024582
across_replicates_same_ctx_pert,observed,0.03500981
across_replicates_same_ctx_pert,observed,0.013365473
across_replicates_same_ctx_pert,observed,0.03500981
across_replicates_same_ctx_pert,observed,0.0013665851
across_replicates_same_ctx_pert,observed,-0.014476022
across_replicates_same_ctx_pert,observed,0.008077305
across_replicates_same_ctx_pert,observed,-0.020230955
across_replicates_same_ctx_pert,observed,-0.020230955
across_replicates_same_ctx_pert,observed,-0.020230955
across_replicates_same_ctx_pert,observed,0.067136094
across_replicates_same_ctx_pert,observed,0.067136094
across_replicates_same_ctx_pert,observed,0.067136094
across_replicates_same_ctx_pert,observed,0.038336977
across_replicates_same_ctx_pert,observed,0.026237223
across_replicates_same_ctx_pert,observed,0.021547122
across_replicates_same_ctx_pert,observed,0.05294212
across_replicates_same_ctx_pert,observed,0.045415457
across_replicates_same_ctx_pert,observed,0.023219952
across_replicates_same_ctx_pert,observed,0.05249153
across_replicates_same_ctx_pert,observed,0.05249153
across_replicates_same_ctx_pert,observed,-0.0045461175
across_replicates_same_ctx_pert,observed,0.022788676
across_replicates_same_ctx_pert,observed,0.022788676
across_replicates_same_ctx_pert,observed,0.022788676
across_replicates_same_ctx_pert,observed,0.0106670465
across_replicates_same_ctx_pert,observed,0.014468283
across_replicates_same_ctx_pert,observed,0.014468283
across_replicates_same_ctx_pert,observed,0.03159506
across_replicates_same_ctx_pert,observed,0.016085485
across_replicates_same_ctx_pert,observed,0.016085485
across_replicates_same_ctx_pert,observed,0.062106095
across_replicates_same_ctx_pert,observed,0.01489038
across_replicates_same_ctx_pert,observed,0.062106095
across_replicates_same_ctx_pert,observed,0.06218871
across_replicates_same_ctx_pert,observed,0.06218871
across_replicates_same_ctx_pert,observed,0.033516362
across_replicates_same_ctx_pert,observed,0.016412128
across_replicates_same_ctx_pert,observed,0.016412128
across_replicates_same_ctx_pert,observed,0.009357815
across_replicates_same_ctx_pert,observed,0.021494348
across_replicates_same_ctx_pert,observed,-0.0013215444
across_replicates_same_ctx_pert,observed,0.069932394
across_replicates_same_ctx_pert,observed,-0.010836956
across_replicates_same_ctx_pert,observed,-0.010836956
across_replicates_same_ctx_pert,observed,0.063453436
across_replicates_same_ctx_pert,observed,0.039719347
across_replicates_same_ctx_pert,observed,0.063453436
across_replicates_same_ctx_pert,observed,0.009516534
across_replicates_same_ctx_pert,observed,0.009516534
across_replicates_same_ctx_pert,observed,0.026997378
across_replicates_same_ctx_pert,observed,-0.026859218
across_replicates_same_ctx_pert,observed,-0.026859218
across_replicates_same_ctx_pert,observed,0.0158945
across_replicates_same_ctx_pert,observed,0.079087675
across_replicates_same_ctx_pert,observed,0.030975947
across_replicates_same_ctx_pert,observed,0.079087675
across_replicates_same_ctx_pert,observed,0.028125921
across_replicates_same_ctx_pert,observed,0.028125921
across_replicates_same_ctx_pert,observed,0.028125921
across_replicates_same_ctx_pert,observed,0.01883776
across_replicates_same_ctx_pert,observed,0.053497393
across_replicates_same_ctx_pert,observed,0.0562417
across_replicates_same_ctx_pert,observed,0.052026886
across_replicates_same_ctx_pert,observed,-0.0045122285
across_replicates_same_ctx_pert,observed,0.052026886
across_replicates_same_ctx_pert,observed,0.004485391
across_replicates_same_ctx_pert,observed,0.023787398
across_replicates_same_ctx_pert,observed,0.004485391
across_replicates_same_ctx_pert,observed,0.007983804
across_replicates_same_ctx_pert,observed,0.035259306
across_replicates_same_ctx_pert,observed,0.007983804
across_replicates_same_ctx_pert,observed,0.060623217
across_replicates_same_ctx_pert,observed,0.043330554
across_replicates_same_ctx_pert,observed,0.03027035
across_replicates_same_ctx_pert,observed,0.025091434
across_replicates_same_ctx_pert,observed,0.07460211
across_replicates_same_ctx_pert,observed,0.07460211
across_replicates_same_ctx_pert,observed,0.020041052
across_replicates_same_ctx_pert,observed,0.020041052
across_replicates_same_ctx_pert,observed,0.030822948
across_replicates_same_ctx_pert,observed,-0.005145448
across_replicates_same_ctx_pert,observed,-0.005145448
across_replicates_same_ctx_pert,observed,-0.005145448
across_replicates_same_ctx_pert,observed,0.08840876
across_replicates_same_ctx_pert,observed,0.08840876
across_replicates_same_ctx_pert,observed,0.08840876
across_replicates_same_ctx_pert,observed,-0.008941802
across_replicates_same_ctx_pert,observed,-0.008941802
across_replicates_same_ctx_pert,observed,0.057417203
across_replicates_same_ctx_pert,observed,0.10763584
across_replicates_same_ctx_pert,observed,0.06626028
across_replicates_same_ctx_pert,observed,0.06626028
across_replicates_same_ctx_pert,observed,0.0409438
across_replicates_same_ctx_pert,observed,0.066629186
across_replicates_same_ctx_pert,observed,0.0409438
across_replicates_same_ctx_pert,observed,0.074269235
across_replicates_same_ctx_pert,observed,0.074269235
across_replicates_same_ctx_pert,observed,0.074269235
across_replicates_same_ctx_pert,observed,0.045145642
across_replicates_same_ctx_pert,observed,0.018645799
across_replicates_same_ctx_pert,observed,0.018645799
across_replicates_same_ctx_pert,observed,-0.003390681
across_replicates_same_ctx_pert,observed,-0.003390681
across_replicates_same_ctx_pert,observed,-0.004637346
across_replicates_same_ctx_pert,observed,0.05970283
across_replicates_same_ctx_pert,observed,0.01150534
across_replicates_same_ctx_pert,observed,0.07438433
across_replicates_same_ctx_pert,observed,-0.0047123847
across_replicates_same_ctx_pert,observed,-0.0047123847
across_replicates_same_ctx_pert,observed,-0.0047123847
across_replicates_same_ctx_pert,observed,0.083175376
across_replicates_same_ctx_pert,observed,0.083175376
across_replicates_same_ctx_pert,observed,0.044754013
across_replicates_same_ctx_pert,observed,0.03866499
across_replicates_same_ctx_pert,observed,0.03866499
across_replicates_same_ctx_pert,observed,0.017922336
across_replicates_same_ctx_pert,observed,0.049723983
across_replicates_same_ctx_pert,observed,-0.02875205
across_replicates_same_ctx_pert,observed,0.076030165
across_replicates_same_ctx_pert,observed,0.076030165
across_replicates_same_ctx_pert,observed,-0.0069604083
across_replicates_same_ctx_pert,observed,0.20941137
across_replicates_same_ctx_pert,observed,0.20941137
across_replicates_same_ctx_pert,observed,0.006697264
across_replicates_same_ctx_pert,observed,0.04331274
across_replicates_same_ctx_pert,observed,0.006697264
across_replicates_same_ctx_pert,observed,0.031868868
across_replicates_same_ctx_pert,observed,0.02310976
across_replicates_same_ctx_pert,observed,-0.015472382
across_replicates_same_ctx_pert,observed,0.024909213
across_replicates_same_ctx_pert,observed,0.024909213
across_replicates_same_ctx_pert,observed,0.039199285
across_replicates_same_ctx_pert,observed,-0.0015540055
across_replicates_same_ctx_pert,observed,-0.0071316785
across_replicates_same_ctx_pert,observed,-0.0015540055
across_replicates_same_ctx_pert,observed,-0.0013225732
across_replicates_same_ctx_pert,observed,0.01393467
across_replicates_same_ctx_pert,observed,-0.0013225732
across_replicates_same_ctx_pert,observed,0.028999725
across_replicates_same_ctx_pert,observed,0.028999725
across_replicates_same_ctx_pert,observed,0.056576785
across_replicates_same_ctx_pert,observed,0.027285516
across_replicates_same_ctx_pert,observed,0.035945635
across_replicates_same_ctx_pert,observed,0.035945635
across_replicates_same_ctx_pert,observed,0.013410819
across_replicates_same_ctx_pert,observed,0.013410819
across_replicates_same_ctx_pert,observed,0.006772757
across_replicates_same_ctx_pert,observed,0.031426337
across_replicates_same_ctx_pert,observed,0.006772757
across_replicates_same_ctx_pert,observed,0.028614352
across_replicates_same_ctx_pert,observed,0.045333494
across_replicates_same_ctx_pert,observed,0.028614352
across_replicates_same_ctx_pert,observed,0.019961376
across_replicates_same_ctx_pert,observed,0.019961376
across_replicates_same_ctx_pert,observed,0.019961376
across_replicates_same_ctx_pert,observed,-0.02553183
across_replicates_same_ctx_pert,observed,0.049361475
across_replicates_same_ctx_pert,observed,-0.02553183
across_replicates_same_ctx_pert,observed,0.010540809
across_replicates_same_ctx_pert,observed,0.075765885
across_replicates_same_ctx_pert,observed,0.075765885
across_replicates_same_ctx_pert,observed,0.016983071
across_replicates_same_ctx_pert,observed,-0.003390529
across_replicates_same_ctx_pert,observed,0.016983071
across_replicates_same_ctx_pert,observed,0.027391627
across_replicates_same_ctx_pert,observed,0.013515793
across_replicates_same_ctx_pert,observed,0.027391627
across_replicates_same_ctx_pert,observed,0.03741268
across_replicates_same_ctx_pert,observed,0.03741268
across_replicates_same_ctx_pert,observed,0.03741268
across_replicates_same_ctx_pert,observed,0.065722786
across_replicates_same_ctx_pert,observed,0.057727795
across_replicates_same_ctx_pert,observed,0.06911698
across_replicates_same_ctx_pert,observed,0.034136567
across_replicates_same_ctx_pert,observed,0.06838641
across_replicates_same_ctx_pert,observed,0.05230213
across_replicates_same_ctx_pert,observed,0.050964773
across_replicates_same_ctx_pert,observed,-0.004212786
across_replicates_same_ctx_pert,observed,0.050964773
across_replicates_same_ctx_pert,observed,0.028696364
across_replicates_same_ctx_pert,observed,0.024362776
across_replicates_same_ctx_pert,observed,0.019047607
across_replicates_same_ctx_pert,observed,0.034014203
across_replicates_same_ctx_pert,observed,0.012216813
across_replicates_same_ctx_pert,observed,0.012216813
across_replicates_same_ctx_pert,observed,0.015508678
across_replicates_same_ctx_pert,observed,0.014090934
across_replicates_same_ctx_pert,observed,0.015508678
across_replicates_same_ctx_pert,observed,0.07714424
across_replicates_same_ctx_pert,observed,0.036345705
across_replicates_same_ctx_pert,observed,0.078968845
across_replicates_same_ctx_pert,observed,0.022264697
across_replicates_same_ctx_pert,observed,0.022264697
across_replicates_same_ctx_pert,observed,0.043935936
across_replicates_same_ctx_pert,observed,0.06381782
across_replicates_same_ctx_pert,observed,0.06381782
across_replicates_same_ctx_pert,observed,0.07153594
across_replicates_same_ctx_pert,observed,0.009104099
across_replicates_same_ctx_pert,observed,0.05701553
across_replicates_same_ctx_pert,observed,0.05701553
across_replicates_same_ctx_pert,observed,0.037221465
across_replicates_same_ctx_pert,observed,0.037221465
across_replicates_same_ctx_pert,observed,0.037221465
across_replicates_same_ctx_pert,observed,0.007475954
across_replicates_same_ctx_pert,observed,0.032737635
across_replicates_same_ctx_pert,observed,0.057918493
across_replicates_same_ctx_pert,observed,-0.04473299
across_replicates_same_ctx_pert,observed,-0.04473299
across_replicates_same_ctx_pert,observed,0.058118846
across_replicates_same_ctx_pert,observed,0.0028540671
across_replicates_same_ctx_pert,observed,0.0049395077
across_replicates_same_ctx_pert,observed,0.0049395077
across_replicates_same_ctx_pert,observed,0.04086777
across_replicates_same_ctx_pert,observed,0.018626872
across_replicates_same_ctx_pert,observed,0.018626872
across_replicates_same_ctx_pert,observed,0.022603711
across_replicates_same_ctx_pert,observed,0.028142663
across_replicates_same_ctx_pert,observed,0.028142663
across_replicates_same_ctx_pert,observed,0.08061228
across_replicates_same_ctx_pert,observed,0.08061228
across_replicates_same_ctx_pert,observed,0.022960616
across_replicates_same_ctx_pert,observed,0.041547913
across_replicates_same_ctx_pert,observed,-0.0033337264
across_replicates_same_ctx_pert,observed,0.072904855
across_replicates_same_ctx_pert,observed,0.060961943
across_replicates_same_ctx_pert,observed,0.05321124
across_replicates_same_ctx_pert,observed,0.062355693
across_replicates_same_ctx_pert,observed,0.003327172
across_replicates_same_ctx_pert,observed,0.062355693
across_replicates_same_ctx_pert,observed,0.06416836
across_replicates_same_ctx_pert,observed,0.06416836
across_replicates_same_ctx_pert,observed,-0.030245533
across_replicates_same_ctx_pert,observed,0.045478355
across_replicates_same_ctx_pert,observed,0.045478355
across_replicates_same_ctx_pert,observed,0.045478355
across_replicates_same_ctx_pert,observed,0.028285833
across_replicates_same_ctx_pert,observed,0.0509681
across_replicates_same_ctx_pert,observed,0.0509681
across_replicates_same_ctx_pert,observed,0.029047769
across_replicates_same_ctx_pert,observed,0.04116704
across_replicates_same_ctx_pert,observed,0.04116704
across_replicates_same_ctx_pert,observed,0.019353002
across_replicates_same_ctx_pert,observed,0.024228336
across_replicates_same_ctx_pert,observed,0.024228336
across_replicates_same_ctx_pert,observed,-0.024489323
across_replicates_same_ctx_pert,observed,0.020465601
across_replicates_same_ctx_pert,observed,-0.024489323
across_replicates_same_ctx_pert,observed,0.061416518
across_replicates_same_ctx_pert,observed,0.10853368
across_replicates_same_ctx_pert,observed,0.10853368
across_replicates_same_ctx_pert,observed,0.046463232
across_replicates_same_ctx_pert,observed,0.04979124
across_replicates_same_ctx_pert,observed,0.046463232
across_replicates_same_ctx_pert,observed,0.03955984
across_replicates_same_ctx_pert,observed,0.051468376
across_replicates_same_ctx_pert,observed,0.03955984
across_replicates_same_ctx_pert,observed,0.011076206
across_replicates_same_ctx_pert,observed,0.034620512
across_replicates_same_ctx_pert,observed,0.011076206
across_replicates_same_ctx_pert,observed,-0.020665085
across_replicates_same_ctx_pert,observed,-0.04568084
across_replicates_same_ctx_pert,observed,-0.020665085
across_replicates_same_ctx_pert,observed,0.022375897
across_replicates_same_ctx_pert,observed,0.010674219
across_replicates_same_ctx_pert,observed,0.010674219
across_replicates_same_ctx_pert,observed,0.065479085
across_replicates_same_ctx_pert,observed,0.033003308
across_replicates_same_ctx_pert,observed,0.033003308
across_replicates_same_ctx_pert,observed,0.45501143
across_replicates_same_ctx_pert,observed,0.45501143
across_replicates_same_ctx_pert,observed,0.014984404
across_replicates_same_ctx_pert,observed,0.014984404
across_replicates_same_ctx_pert,observed,0.014984404
across_replicates_same_ctx_pert,observed,-0.009677463
across_replicates_same_ctx_pert,observed,0.035343207
across_replicates_same_ctx_pert,observed,0.058242872
across_replicates_same_ctx_pert,observed,-0.005337057
across_replicates_same_ctx_pert,observed,0.010091011
across_replicates_same_ctx_pert,observed,0.02739799
across_replicates_same_ctx_pert,observed,0.03517403
across_replicates_same_ctx_pert,observed,0.069041036
across_replicates_same_ctx_pert,observed,0.069041036
across_replicates_same_ctx_pert,observed,0.023959972
across_replicates_same_ctx_pert,observed,0.037843056
across_replicates_same_ctx_pert,observed,0.011953647
across_replicates_same_ctx_pert,observed,0.02196181
across_replicates_same_ctx_pert,observed,0.04454971
across_replicates_same_ctx_pert,observed,0.04454971
across_replicates_same_ctx_pert,observed,0.0010678306
across_replicates_same_ctx_pert,observed,0.0010678306
across_replicates_same_ctx_pert,observed,-0.010918834
across_replicates_same_ctx_pert,observed,0.23052777
across_replicates_same_ctx_pert,observed,0.22103097
across_replicates_same_ctx_pert,observed,0.3190813
across_replicates_same_ctx_pert,observed,0.06461194
across_replicates_same_ctx_pert,observed,0.023415698
across_replicates_same_ctx_pert,observed,0.06461194
across_replicates_same_ctx_pert,observed,0.0036234676
across_replicates_same_ctx_pert,observed,0.0108169
across_replicates_same_ctx_pert,observed,0.0036234676
across_replicates_same_ctx_pert,observed,0.030842619
across_replicates_same_ctx_pert,observed,0.017994387
across_replicates_same_ctx_pert,observed,0.030842619
across_replicates_same_ctx_pert,observed,0.039010987
across_replicates_same_ctx_pert,observed,0.08684525
across_replicates_same_ctx_pert,observed,0.026749777
across_replicates_same_ctx_pert,observed,0.011568189
across_replicates_same_ctx_pert,observed,0.039010987
across_replicates_same_ctx_pert,observed,0.02388812
across_replicates_same_ctx_pert,observed,0.36035484
across_replicates_same_ctx_pert,observed,0.02388812
across_replicates_same_ctx_pert,observed,0.08195317
across_replicates_same_ctx_pert,observed,0.07513226
across_replicates_same_ctx_pert,observed,0.035714194
across_replicates_same_ctx_pert,observed,0.11766912
across_replicates_same_ctx_pert,observed,0.100574024
across_replicates_same_ctx_pert,observed,0.097909704
across_replicates_same_ctx_pert,observed,0.1075854
across_replicates_same_ctx_pert,observed,0.04639178
across_replicates_same_ctx_pert,observed,0.029911924
across_replicates_same_ctx_pert,observed,0.02735455
across_replicates_same_ctx_pert,observed,0.021065524
across_replicates_same_ctx_pert,observed,0.021065524
across_replicates_same_ctx_pert,observed,0.036656015
across_replicates_same_ctx_pert,observed,0.033489175
across_replicates_same_ctx_pert,observed,-0.0110798
across_replicates_same_ctx_pert,observed,0.033489175
across_replicates_same_ctx_pert,observed,0.2667997
across_replicates_same_ctx_pert,observed,0.2667997
across_replicates_same_ctx_pert,observed,0.018608674
across_replicates_same_ctx_pert,observed,0.048895717
across_replicates_same_ctx_pert,observed,0.018608674
across_replicates_same_ctx_pert,observed,-0.04509474
across_replicates_same_ctx_pert,observed,-0.04509474
across_replicates_same_ctx_pert,observed,0.0345385
across_replicates_same_ctx_pert,observed,0.51576954
across_replicates_same_ctx_pert,observed,0.51576954
across_replicates_same_ctx_pert,observed,0.02297275
across_replicates_same_ctx_pert,observed,-0.0013220006
across_replicates_same_ctx_pert,observed,-0.01553669
across_replicates_same_ctx_pert,observed,0.0076336707
across_replicates_same_ctx_pert,observed,-0.012619321
across_replicates_same_ctx_pert,observed,0.0076336707
across_replicates_same_ctx_pert,observed,0.037241284
across_replicates_same_ctx_pert,observed,0.012459524
across_replicates_same_ctx_pert,observed,0.012459524
across_replicates_same_ctx_pert,observed,0.032409657
across_replicates_same_ctx_pert,observed,0.032409657
across_replicates_same_ctx_pert,observed,0.032409657
across_replicates_same_ctx_pert,observed,0.03636921
across_replicates_same_ctx_pert,observed,0.03636921
across_replicates_same_ctx_pert,observed,0.03636921
across_replicates_same_ctx_pert,observed,-0.013975288
across_replicates_same_ctx_pert,observed,-0.017284455
across_replicates_same_ctx_pert,observed,-0.013975288
across_replicates_same_ctx_pert,observed,0.036315426
across_replicates_same_ctx_pert,observed,0.053522788
across_replicates_same_ctx_pert,observed,0.036315426
across_replicates_same_ctx_pert,observed,-0.0069886707
across_replicates_same_ctx_pert,observed,0.0154733835
across_replicates_same_ctx_pert,observed,-0.0069886707
across_replicates_same_ctx_pert,observed,0.057386428
across_replicates_same_ctx_pert,observed,0.032071125
across_replicates_same_ctx_pert,observed,0.04165977
across_replicates_same_ctx_pert,observed,-0.02016925
across_replicates_same_ctx_pert,observed,0.021157201
across_replicates_same_ctx_pert,observed,0.021157201
across_replicates_same_ctx_pert,observed,0.015440997
across_replicates_same_ctx_pert,observed,0.032715213
across_replicates_same_ctx_pert,observed,0.032715213
across_replicates_same_ctx_pert,observed,-0.013567123
across_replicates_same_ctx_pert,observed,0.020419676
across_replicates_same_ctx_pert,observed,0.005048817
across_replicates_same_ctx_pert,observed,0.006462946
across_replicates_same_ctx_pert,observed,-0.003750038
across_replicates_same_ctx_pert,observed,0.01709092
across_replicates_same_ctx_pert,observed,-0.040437244
across_replicates_same_ctx_pert,observed,0.0021577105
across_replicates_same_ctx_pert,observed,-0.04462654
across_replicates_same_ctx_pert,observed,-0.009769295
across_replicates_same_ctx_pert,observed,-0.002375952
across_replicates_same_ctx_pert,observed,-0.009440347
across_replicates_same_ctx_pert,observed,0.028299753
across_replicates_same_ctx_pert,observed,0.02700262
across_replicates_same_ctx_pert,observed,0.011412322
across_replicates_same_ctx_pert,observed,-0.020276483
across_replicates_same_ctx_pert,observed,0.0010161472
across_replicates_same_ctx_pert,observed,0.028270045
across_replicates_same_ctx_pert,observed,-0.007956567
across_replicates_same_ctx_pert,observed,-0.00018487372
across_replicates_same_ctx_pert,observed,0.0006782465
across_replicates_same_ctx_pert,observed,-0.012453833
across_replicates_same_ctx_pert,observed,0.011573315
across_replicates_same_ctx_pert,observed,-0.0014944457
across_replicates_same_ctx_pert,observed,0.027705535
across_replicates_same_ctx_pert,observed,-0.032780178
across_replicates_same_ctx_pert,observed,0.020639798
across_replicates_same_ctx_pert,observed,-0.00027977605
across_replicates_same_ctx_pert,observed,0.026942004
across_replicates_same_ctx_pert,observed,0.023987021
across_replicates_same_ctx_pert,observed,-0.008555971
across_replicates_same_ctx_pert,observed,-0.020942803
across_replicates_same_ctx_pert,observed,0.012287391
across_replicates_same_ctx_pert,observed,0.05768102
across_replicates_same_ctx_pert,observed,0.060525566
across_replicates_same_ctx_pert,observed,0.05140997
across_replicates_same_ctx_pert,observed,0.06327415
across_replicates_same_ctx_pert,observed,0.085302405
across_replicates_same_ctx_pert,observed,0.085302405
across_replicates_same_ctx_pert,observed,0.025814502
across_replicates_same_ctx_pert,observed,0.0010223121
across_replicates_same_ctx_pert,observed,0.0010223121
across_replicates_same_ctx_pert,observed,0.021740578
across_replicates_same_ctx_pert,observed,0.021740578
across_replicates_same_ctx_pert,observed,-0.027339958
across_replicates_same_ctx_pert,observed,0.008053795
across_replicates_same_ctx_pert,observed,-0.0019534228
across_replicates_same_ctx_pert,observed,0.008053795
across_replicates_same_ctx_pert,observed,-0.002243538
across_replicates_same_ctx_pert,observed,-0.0011759878
across_replicates_same_ctx_pert,observed,-0.0011759878
across_replicates_same_ctx_pert,observed,0.022994546
across_replicates_same_ctx_pert,observed,0.048750684
across_replicates_same_ctx_pert,observed,0.039070528
across_replicates_same_ctx_pert,observed,0.038101036
across_replicates_same_ctx_pert,observed,0.0071016285
across_replicates_same_ctx_pert,observed,-0.0055230143
across_replicates_same_ctx_pert,observed,0.034197874
across_replicates_same_ctx_pert,observed,-0.028243138
across_replicates_same_ctx_pert,observed,-0.028243138
across_replicates_same_ctx_pert,observed,0.027053261
across_replicates_same_ctx_pert,observed,0.045740698
across_replicates_same_ctx_pert,observed,0.045740698
across_replicates_same_ctx_pert,observed,0.05285704
across_replicates_same_ctx_pert,observed,0.056932878
across_replicates_same_ctx_pert,observed,0.056932878
across_replicates_same_ctx_pert,observed,0.03379526
across_replicates_same_ctx_pert,observed,-0.0031545705
across_replicates_same_ctx_pert,observed,0.05087616
across_replicates_same_ctx_pert,observed,0.03867034
across_replicates_same_ctx_pert,observed,-0.033182174
across_replicates_same_ctx_pert,observed,0.016324872
across_replicates_same_ctx_pert,observed,-0.010789877
across_replicates_same_ctx_pert,observed,-0.010789877
across_replicates_same_ctx_pert,observed,0.051407393
across_replicates_same_ctx_pert,observed,0.02271291
across_replicates_same_ctx_pert,observed,-0.0003383158
across_replicates_same_ctx_pert,observed,-0.031734396
across_replicates_same_ctx_pert,observed,0.028435988
across_replicates_same_ctx_pert,observed,0.028435988
across_replicates_same_ctx_pert,observed,0.028435988
across_replicates_same_ctx_pert,observed,0.0725316
across_replicates_same_ctx_pert,observed,0.0725316
across_replicates_same_ctx_pert,observed,0.02742895
across_replicates_same_ctx_pert,observed,0.02742895
across_replicates_same_ctx_pert,observed,0.021862976
across_replicates_same_ctx_pert,observed,0.04613326
across_replicates_same_ctx_pert,observed,0.015416309
across_replicates_same_ctx_pert,observed,0.038408753
across_replicates_same_ctx_pert,observed,0.053980287
across_replicates_same_ctx_pert,observed,0.01964777
across_replicates_same_ctx_pert,observed,0.053980287
across_replicates_same_ctx_pert,observed,0.053241715
across_replicates_same_ctx_pert,observed,0.055189453
across_replicates_same_ctx_pert,observed,0.055189453
across_replicates_same_ctx_pert,observed,0.08444248
across_replicates_same_ctx_pert,observed,0.048766136
across_replicates_same_ctx_pert,observed,0.048766136
across_replicates_same_ctx_pert,observed,0.42159015
across_replicates_same_ctx_pert,observed,0.65969545
across_replicates_same_ctx_pert,observed,0.65969545
across_replicates_same_ctx_pert,observed,0.0052030995
across_replicates_same_ctx_pert,observed,0.0052030995
across_replicates_same_ctx_pert,observed,0.020986179
across_replicates_same_ctx_pert,observed,-0.013087119
across_replicates_same_ctx_pert,observed,0.06517641
across_replicates_same_ctx_pert,observed,0.06517641
across_replicates_same_ctx_pert,observed,0.03017254
across_replicates_same_ctx_pert,observed,0.0039694756
across_replicates_same_ctx_pert,observed,0.0045001586
across_replicates_same_ctx_pert,observed,0.03430502
across_replicates_same_ctx_pert,observed,0.018740058
across_replicates_same_ctx_pert,observed,0.03430502
across_replicates_same_ctx_pert,observed,0.04819403
across_replicates_same_ctx_pert,observed,0.04819403
across_replicates_same_ctx_pert,observed,0.001832209
across_replicates_same_ctx_pert,observed,0.041090656
across_replicates_same_ctx_pert,observed,0.020512579
across_replicates_same_ctx_pert,observed,-0.012416279
across_replicates_same_ctx_pert,observed,-0.0009515505
across_replicates_same_ctx_pert,observed,0.038071144
across_replicates_same_ctx_pert,observed,-0.0009515505
across_replicates_same_ctx_pert,observed,0.0697039
across_replicates_same_ctx_pert,observed,0.0697039
across_replicates_same_ctx_pert,observed,0.039472282
across_replicates_same_ctx_pert,observed,0.019934393
across_replicates_same_ctx_pert,observed,0.037038695
across_replicates_same_ctx_pert,observed,0.012115982
across_replicates_same_ctx_pert,observed,-0.009006857
across_replicates_same_ctx_pert,observed,-0.009006857
across_replicates_same_ctx_pert,observed,-0.009006857
across_replicates_same_ctx_pert,observed,0.0026474171
across_replicates_same_ctx_pert,observed,0.022060873
across_replicates_same_ctx_pert,observed,0.022060873
across_replicates_same_ctx_pert,observed,-0.008908722
across_replicates_same_ctx_pert,observed,-0.008908722
across_replicates_same_ctx_pert,observed,-0.008908722
across_replicates_same_ctx_pert,observed,-0.0045696828
across_replicates_same_ctx_pert,observed,0.03554283
across_replicates_same_ctx_pert,observed,0.03554283
across_replicates_same_ctx_pert,observed,0.029126935
across_replicates_same_ctx_pert,observed,0.029126935
across_replicates_same_ctx_pert,observed,0.029126935
across_replicates_same_ctx_pert,observed,0.020577678
across_replicates_same_ctx_pert,observed,0.020577678
across_replicates_same_ctx_pert,observed,0.05658617
across_replicates_same_ctx_pert,observed,0.05450444
across_replicates_same_ctx_pert,observed,0.054624427
across_replicates_same_ctx_pert,observed,0.054624427
across_replicates_same_ctx_pert,observed,0.032542415
across_replicates_same_ctx_pert,observed,0.0126634
across_replicates_same_ctx_pert,observed,0.032542415
across_replicates_same_ctx_pert,observed,-0.009513636
across_replicates_same_ctx_pert,observed,0.004675193
across_replicates_same_ctx_pert,observed,-0.009513636
across_replicates_same_ctx_pert,observed,0.05392813
across_replicates_same_ctx_pert,observed,0.026116034
across_replicates_same_ctx_pert,observed,0.046763092
across_replicates_same_ctx_pert,observed,0.005487837
across_replicates_same_ctx_pert,observed,0.005487837
across_replicates_same_ctx_pert,observed,-0.012649878
across_replicates_same_ctx_pert,observed,0.066385776
across_replicates_same_ctx_pert,observed,0.032977585
across_replicates_same_ctx_pert,observed,0.01618723
across_replicates_same_ctx_pert,observed,0.019149506
across_replicates_same_ctx_pert,observed,-0.0021244264
across_replicates_same_ctx_pert,observed,0.019149506
across_replicates_same_ctx_pert,observed,0.019088523
across_replicates_same_ctx_pert,observed,-0.0099818
across_replicates_same_ctx_pert,observed,0.041373223
across_replicates_same_ctx_pert,observed,0.36972392
across_replicates_same_ctx_pert,observed,0.36972392
across_replicates_same_ctx_pert,observed,0.032096315
across_replicates_same_ctx_pert,observed,0.032613453
across_replicates_same_ctx_pert,observed,-0.019044258
across_replicates_same_ctx_pert,observed,0.065074176
across_replicates_same_ctx_pert,observed,0.065074176
across_replicates_same_ctx_pert,observed,0.026376104
across_replicates_same_ctx_pert,observed,0.04888882
across_replicates_same_ctx_pert,observed,0.09749378
across_replicates_same_ctx_pert,observed,0.085006215
across_replicates_same_ctx_pert,observed,0.061129548
across_replicates_same_ctx_pert,observed,0.008232208
across_replicates_same_ctx_pert,observed,0.008232208
across_replicates_same_ctx_pert,observed,0.053273227
across_replicates_same_ctx_pert,observed,0.09786108
across_replicates_same_ctx_pert,observed,0.053273227
across_replicates_same_ctx_pert,observed,0.033366654
across_replicates_same_ctx_pert,observed,-0.049054574
across_replicates_same_ctx_pert,observed,0.033366654
across_replicates_same_ctx_pert,observed,-0.015596322
across_replicates_same_ctx_pert,observed,0.028636873
across_replicates_same_ctx_pert,observed,-0.015596322
across_replicates_same_ctx_pert,observed,0.015696483
across_replicates_same_ctx_pert,observed,0.07234976
across_replicates_same_ctx_pert,observed,0.014614581
across_replicates_same_ctx_pert,observed,0.012827683
across_replicates_same_ctx_pert,observed,0.012827683
across_replicates_same_ctx_pert,observed,0.026195645
across_replicates_same_ctx_pert,observed,0.052167866
across_replicates_same_ctx_pert,observed,0.07035512
across_replicates_same_ctx_pert,observed,0.07035512
across_replicates_same_ctx_pert,observed,0.05704277
across_replicates_same_ctx_pert,observed,0.06156841
across_replicates_same_ctx_pert,observed,0.05160576
across_replicates_same_ctx_pert,observed,-0.022876764
across_replicates_same_ctx_pert,observed,-0.022876764
across_replicates_same_ctx_pert,observed,0.055362802
across_replicates_same_ctx_pert,observed,0.051909477
across_replicates_same_ctx_pert,observed,-0.024459463
across_replicates_same_ctx_pert,observed,-0.024459463
across_replicates_same_ctx_pert,observed,0.048623946
across_replicates_same_ctx_pert,observed,0.10168038
across_replicates_same_ctx_pert,observed,0.10168038
across_replicates_same_ctx_pert,observed,0.0006949066
across_replicates_same_ctx_pert,observed,-0.014297998
across_replicates_same_ctx_pert,observed,0.03406974
across_replicates_same_ctx_pert,observed,0.02153125
across_replicates_same_ctx_pert,observed,0.02153125
across_replicates_same_ctx_pert,observed,0.02153125
across_replicates_same_ctx_pert,observed,0.032925293
across_replicates_same_ctx_pert,observed,-0.0075870478
across_replicates_same_ctx_pert,observed,-0.016452814
across_replicates_same_ctx_pert,observed,-0.030070344
across_replicates_same_ctx_pert,observed,-0.042877723
across_replicates_same_ctx_pert,observed,-0.014185151
across_replicates_same_ctx_pert,observed,0.022255372
across_replicates_same_ctx_pert,observed,-0.020666735
across_replicates_same_ctx_pert,observed,-0.020666735
across_replicates_same_ctx_pert,observed,0.026712934
across_replicates_same_ctx_pert,observed,0.026712934
across_replicates_same_ctx_pert,observed,-0.0033134033
across_replicates_same_ctx_pert,observed,0.03378638
across_replicates_same_ctx_pert,observed,0.009334505
across_replicates_same_ctx_pert,observed,0.03378638
across_replicates_same_ctx_pert,observed,-0.015416655
across_replicates_same_ctx_pert,observed,-0.043207027
across_replicates_same_ctx_pert,observed,0.04705545
across_replicates_same_ctx_pert,observed,0.07201014
across_replicates_same_ctx_pert,observed,0.07201014
across_replicates_same_ctx_pert,observed,0.018658856
across_replicates_same_ctx_pert,observed,0.0015192778
across_replicates_same_ctx_pert,observed,0.01253413
across_replicates_same_ctx_pert,observed,-0.021272833
across_replicates_same_ctx_pert,observed,-0.025341412
across_replicates_same_ctx_pert,observed,0.035892937
across_replicates_same_ctx_pert,observed,0.07040807
across_replicates_same_ctx_pert,observed,0.05209589
across_replicates_same_ctx_pert,observed,0.05209589
across_replicates_same_ctx_pert,observed,-0.024230495
across_replicates_same_ctx_pert,observed,0.038504686
across_replicates_same_ctx_pert,observed,0.038504686
across_replicates_same_ctx_pert,observed,0.030229872
across_replicates_same_ctx_pert,observed,0.030229872
across_replicates_same_ctx_pert,observed,0.006151805
across_replicates_same_ctx_pert,observed,0.0057811006
across_replicates_same_ctx_pert,observed,0.020902256
across_replicates_same_ctx_pert,observed,0.020902256
across_replicates_same_ctx_pert,observed,-0.024106814
across_replicates_same_ctx_pert,observed,0.002882665
across_replicates_same_ctx_pert,observed,-0.009063653
across_replicates_same_ctx_pert,observed,0.010905987
across_replicates_same_ctx_pert,observed,0.0018996316
across_replicates_same_ctx_pert,observed,0.010905987
across_replicates_same_ctx_pert,observed,0.16071394
across_replicates_same_ctx_pert,observed,0.16071394
across_replicates_same_ctx_pert,observed,-0.0071756537
across_replicates_same_ctx_pert,observed,0.046478797
across_replicates_same_ctx_pert,observed,0.046478797
across_replicates_same_ctx_pert,observed,0.00047836322
across_replicates_same_ctx_pert,observed,0.00047836322
across_replicates_same_ctx_pert,observed,0.05139024
across_replicates_same_ctx_pert,observed,0.05046707
across_replicates_same_ctx_pert,observed,0.05046707
across_replicates_same_ctx_pert,observed,0.043589693
across_replicates_same_ctx_pert,observed,0.015814021
across_replicates_same_ctx_pert,observed,0.015814021
across_replicates_same_ctx_pert,observed,0.055819243
across_replicates_same_ctx_pert,observed,-0.008964026
across_replicates_same_ctx_pert,observed,0.002647165
across_replicates_same_ctx_pert,observed,0.002647165
across_replicates_same_ctx_pert,observed,0.04896786
across_replicates_same_ctx_pert,observed,0.04896786
across_replicates_same_ctx_pert,observed,0.04896786
across_replicates_same_ctx_pert,observed,0.044334613
across_replicates_same_ctx_pert,observed,0.044334613
across_replicates_same_ctx_pert,observed,0.041165195
across_replicates_same_ctx_pert,observed,0.026587998
across_replicates_same_ctx_pert,observed,0.026587998
across_replicates_same_ctx_pert,observed,0.01136799
across_replicates_same_ctx_pert,observed,0.026247006
across_replicates_same_ctx_pert,observed,0.026557446
across_replicates_same_ctx_pert,observed,0.026247006
across_replicates_same_ctx_pert,observed,0.093859315
across_replicates_same_ctx_pert,observed,0.07300422
across_replicates_same_ctx_pert,observed,0.093859315
across_replicates_same_ctx_pert,observed,0.06305259
across_replicates_same_ctx_pert,observed,0.06664167
across_replicates_same_ctx_pert,observed,0.043847475
across_replicates_same_ctx_pert,observed,0.017849836
across_replicates_same_ctx_pert,observed,0.03933114
across_replicates_same_ctx_pert,observed,0.017849836
across_replicates_same_ctx_pert,observed,0.029823512
across_replicates_same_ctx_pert,observed,0.0044696834
across_replicates_same_ctx_pert,observed,0.029823512
across_replicates_same_ctx_pert,observed,0.021972917
across_replicates_same_ctx_pert,observed,0.021972917
across_replicates_same_ctx_pert,observed,0.021972917
across_replicates_same_ctx_pert,observed,-0.010727026
across_replicates_same_ctx_pert,observed,-0.010727026
across_replicates_same_ctx_pert,observed,0.041495662
across_replicates_same_ctx_pert,observed,0.0307092
across_replicates_same_ctx_pert,observed,0.0307092
across_replicates_same_ctx_pert,observed,0.03483707
across_replicates_same_ctx_pert,observed,0.07500391
across_replicates_same_ctx_pert,observed,0.07500391
across_replicates_same_ctx_pert,observed,0.07167696
across_replicates_same_ctx_pert,observed,0.07167696
across_replicates_same_ctx_pert,observed,0.019536221
across_replicates_same_ctx_pert,observed,0.008411648
across_replicates_same_ctx_pert,observed,-0.014605037
across_replicates_same_ctx_pert,observed,-0.014605037
across_replicates_same_ctx_pert,observed,0.018598424
across_replicates_same_ctx_pert,observed,0.011649183
across_replicates_same_ctx_pert,observed,0.0007207731
across_replicates_same_ctx_pert,observed,0.04029084
across_replicates_same_ctx_pert,observed,-0.014323552
across_replicates_same_ctx_pert,observed,-0.014323552
across_replicates_same_ctx_pert,null,0.007245425
across_replicates_same_ctx_pert,null,0.01880764
across_replicates_same_ctx_pert,null,-0.05323415
across_replicates_same_ctx_pert,null,0.026136773
across_replicates_same_ctx_pert,null,-0.09589953
across_replicates_same_ctx_pert,null,-0.015552936
across_replicates_same_ctx_pert,null,0.053873606
across_replicates_same_ctx_pert,null,-0.019069495
across_replicates_same_ctx_pert,null,-0.051493336
across_replicates_same_ctx_pert,null,-0.048597883
across_replicates_same_ctx_pert,null,-0.0025630551
across_replicates_same_ctx_pert,null,-0.013381976
across_replicates_same_ctx_pert,null,-0.06449692
across_replicates_same_ctx_pert,null,-0.080350116
across_replicates_same_ctx_pert,null,0.0019936569
across_replicates_same_ctx_pert,null,0.0125728175
across_replicates_same_ctx_pert,null,-0.035164814
across_replicates_same_ctx_pert,null,-0.01752626
across_replicates_same_ctx_pert,null,-0.03046574
across_replicates_same_ctx_pert,null,0.2108321
across_replicates_same_ctx_pert,null,-0.032167982
across_replicates_same_ctx_pert,null,0.011945787
across_replicates_same_ctx_pert,null,0.0230981
across_replicates_same_ctx_pert,null,0.051381476
across_replicates_same_ctx_pert,null,-0.016392557
across_replicates_same_ctx_pert,null,-0.008098427
across_replicates_same_ctx_pert,null,0.10075009
across_replicates_same_ctx_pert,null,0.0037934862
across_replicates_same_ctx_pert,null,-0.015373654
across_replicates_same_ctx_pert,null,0.017372675
across_replicates_same_ctx_pert,null,-0.027456498
across_replicates_same_ctx_pert,null,0.03495283
across_replicates_same_ctx_pert,null,0.04683967
across_replicates_same_ctx_pert,null,0.03482579
across_replicates_same_ctx_pert,null,0.018902889
across_replicates_same_ctx_pert,null,-0.002388067
across_replicates_same_ctx_pert,null,-0.020553522
across_replicates_same_ctx_pert,null,-0.01697351
across_replicates_same_ctx_pert,null,0.012301254
across_replicates_same_ctx_pert,null,0.06574778
across_replicates_same_ctx_pert,null,-0.010494162
across_replicates_same_ctx_pert,null,0.99999994
across_replicates_same_ctx_pert,null,0.0031244913
across_replicates_same_ctx_pert,null,-0.0115755405
across_replicates_same_ctx_pert,null,0.006323726
across_replicates_same_ctx_pert,null,0.078344524
across_replicates_same_ctx_pert,null,0.09690678
across_replicates_same_ctx_pert,null,-0.000735377
across_replicates_same_ctx_pert,null,0.019758971
across_replicates_same_ctx_pert,null,-0.018744383
across_replicates_same_ctx_pert,null,-0.13662422
across_replicates_same_ctx_pert,null,-0.026521001
across_replicates_same_ctx_pert,null,0.037970964
across_replicates_same_ctx_pert,null,0.005902358
across_replicates_same_ctx_pert,null,0.020413047
across_replicates_same_ctx_pert,null,0.003966664
across_replicates_same_ctx_pert,null,-0.020017602
across_replicates_same_ctx_pert,null,-0.046762772
across_replicates_same_ctx_pert,null,-0.030664397
across_replicates_same_ctx_pert,null,-0.022124162
across_replicates_same_ctx_pert,null,-0.039966613
across_replicates_same_ctx_pert,null,0.024228262
across_replicates_same_ctx_pert,null,0.2539138
across_replicates_same_ctx_pert,null,0.039262127
across_replicates_same_ctx_pert,null,-0.05784535
across_replicates_same_ctx_pert,null,-0.040629122
across_replicates_same_ctx_pert,null,-0.005336997
across_replicates_same_ctx_pert,null,-0.0007757767
across_replicates_same_ctx_pert,null,-0.013766844
across_replicates_same_ctx_pert,null,0.028153379
across_replicates_same_ctx_pert,null,-0.024825405
across_replicates_same_ctx_pert,null,0.0689528
across_replicates_same_ctx_pert,null,0.027094044
across_replicates_same_ctx_pert,null,-0.027811706
across_replicates_same_ctx_pert,null,-0.030300336
across_replicates_same_ctx_pert,null,0.031811476
across_replicates_same_ctx_pert,null,0.01171437
across_replicates_same_ctx_pert,null,-0.045004785
across_replicates_same_ctx_pert,null,-0.029284306
across_replicates_same_ctx_pert,null,-0.0008062176
across_replicates_same_ctx_pert,null,0.025961632
across_replicates_same_ctx_pert,null,-0.011641075
across_replicates_same_ctx_pert,null,0.027341917
across_replicates_same_ctx_pert,null,0.021015795
across_replicates_same_ctx_pert,null,0.0424832
across_replicates_same_ctx_pert,null,-0.025122928
across_replicates_same_ctx_pert,null,-0.006665612
across_replicates_same_ctx_pert,null,0.025226982
across_replicates_same_ctx_pert,null,-0.06223577
across_replicates_same_ctx_pert,null,0.040729888
across_replicates_same_ctx_pert,null,0.041612692
across_replicates_same_ctx_pert,null,0.014808071
across_replicates_same_ctx_pert,null,0.13088812
across_replicates_same_ctx_pert,null,0.07776391
across_replicates_same_ctx_pert,null,-0.015641911
across_replicates_same_ctx_pert,null,-0.030060725
across_replicates_same_ctx_pert,null,0.00014068434
across_replicates_same_ctx_pert,null,-0.0007217162
across_replicates_same_ctx_pert,null,-0.0072162864
across_replicates_same_ctx_pert,null,-0.025894832
across_replicates_same_ctx_pert,null,-0.021603942
across_replicates_same_ctx_pert,null,0.020518105
across_replicates_same_ctx_pert,null,0.036508337
across_replicates_same_ctx_pert,null,0.03312252
across_replicates_same_ctx_pert,null,-0.010065434
across_replicates_same_ctx_pert,null,-0.0015361427
across_replicates_same_ctx_pert,null,0.11586581
across_replicates_same_ctx_pert,null,0.0068654856
across_replicates_same_ctx_pert,null,0.055175472
across_replicates_same_ctx_pert,null,-0.015090678
across_replicates_same_ctx_pert,null,0.019693207
across_replicates_same_ctx_pert,null,-0.001862568
across_replicates_same_ctx_pert,null,-0.049023017
across_replicates_same_ctx_pert,null,0.028753143
across_replicates_same_ctx_pert,null,0.07052416
across_replicates_same_ctx_pert,null,-0.006154511
across_replicates_same_ctx_pert,null,-0.0060017556
across_replicates_same_ctx_pert,null,-0.060624454
across_replicates_same_ctx_pert,null,0.0032293731
across_replicates_same_ctx_pert,null,-0.04798978
across_replicates_same_ctx_pert,null,-0.0018881038
across_replicates_same_ctx_pert,null,-0.03153626
across_replicates_same_ctx_pert,null,0.0057544825
across_replicates_same_ctx_pert,null,0.02858844
across_replicates_same_ctx_pert,null,0.18277106
across_replicates_same_ctx_pert,null,-0.037461285
across_replicates_same_ctx_pert,null,-0.0013565056
across_replicates_same_ctx_pert,null,-0.019342277
across_replicates_same_ctx_pert,null,-0.018065726
across_replicates_same_ctx_pert,null,0.041905615
across_replicates_same_ctx_pert,null,-0.07148629
across_replicates_same_ctx_pert,null,0.0024701476
across_replicates_same_ctx_pert,null,-0.0007021972
across_replicates_same_ctx_pert,null,0.0051224264
across_replicates_same_ctx_pert,null,-0.01578716
across_replicates_same_ctx_pert,null,0.12624554
across_replicates_same_ctx_pert,null,-0.031205207
across_replicates_same_ctx_pert,null,0.001168093
across_replicates_same_ctx_pert,null,0.061935302
across_replicates_same_ctx_pert,null,0.001124851
across_replicates_same_ctx_pert,null,-0.0064084334
across_replicates_same_ctx_pert,null,0.005243403
across_replicates_same_ctx_pert,null,-0.024192613
across_replicates_same_ctx_pert,null,0.06633821
across_replicates_same_ctx_pert,null,-0.016467113
across_replicates_same_ctx_pert,null,0.0483877
across_replicates_same_ctx_pert,null,0.013985432
across_replicates_same_ctx_pert,null,-0.13060236
across_replicates_same_ctx_pert,null,-0.0316385
across_replicates_same_ctx_pert,null,0.0035017768
across_replicates_same_ctx_pert,null,0.0072376216
across_replicates_same_ctx_pert,null,-0.025369087
across_replicates_same_ctx_pert,null,-0.024161598
across_replicates_same_ctx_pert,null,0.06437237
across_replicates_same_ctx_pert,null,0.09382391
across_replicates_same_ctx_pert,null,-0.06392388
across_replicates_same_ctx_pert,null,0.14408205
across_replicates_same_ctx_pert,null,0.032347154
across_replicates_same_ctx_pert,null,0.041989326
across_replicates_same_ctx_pert,null,-0.033357196
across_replicates_same_ctx_pert,null,0.012906727
across_replicates_same_ctx_pert,null,0.005443868
across_replicates_same_ctx_pert,null,0.0044193384
across_replicates_same_ctx_pert,null,-0.0055822413
across_replicates_same_ctx_pert,null,-0.021515582
across_replicates_same_ctx_pert,null,0.055665057
across_replicates_same_ctx_pert,null,0.002889894
across_replicates_same_ctx_pert,null,-0.04254471
across_replicates_same_ctx_pert,null,0.009950809
across_replicates_same_ctx_pert,null,-0.005978595
across_replicates_same_ctx_pert,null,0.0011993747
across_replicates_same_ctx_pert,null,-0.08983003
across_replicates_same_ctx_pert,null,-0.020802015
across_replicates_same_ctx_pert,null,0.013332626
across_replicates_same_ctx_pert,null,0.05415492
across_replicates_same_ctx_pert,null,-0.013765349
across_replicates_same_ctx_pert,null,-0.01209864
across_replicates_same_ctx_pert,null,0.0039286446
across_replicates_same_ctx_pert,null,-0.036812454
across_replicates_same_ctx_pert,null,0.000694446
across_replicates_same_ctx_pert,null,-0.025580114
across_replicates_same_ctx_pert,null,0.009666684
across_replicates_same_ctx_pert,null,-0.030625839
across_replicates_same_ctx_pert,null,-0.006604063
across_replicates_same_ctx_pert,null,-0.007223397
across_replicates_same_ctx_pert,null,-0.021801727
across_replicates_same_ctx_pert,null,-0.076738685
across_replicates_same_ctx_pert,null,0.012477906
across_replicates_same_ctx_pert,null,0.015119066
across_replicates_same_ctx_pert,null,0.033812616
across_replicates_same_ctx_pert,null,-0.008496657
across_replicates_same_ctx_pert,null,-0.05251711
across_replicates_same_ctx_pert,null,0.0167339
across_replicates_same_ctx_pert,null,0.10864982
across_replicates_same_ctx_pert,null,-0.18315603
across_replicates_same_ctx_pert,null,-0.0022322205
across_replicates_same_ctx_pert,null,-0.068670474
across_replicates_same_ctx_pert,null,0.003066101
across_replicates_same_ctx_pert,null,-0.014642709
across_replicates_same_ctx_pert,null,0.033444967
across_replicates_same_ctx_pert,null,0.004424624
across_replicates_same_ctx_pert,null,0.009874008
across_replicates_same_ctx_pert,null,0.054922532
across_replicates_same_ctx_pert,null,0.0082952585
across_replicates_same_ctx_pert,null,0.05479297
across_replicates_same_ctx_pert,null,0.042844027
across_replicates_same_ctx_pert,null,-0.06708713
across_replicates_same_ctx_pert,null,-0.05812705
across_replicates_same_ctx_pert,null,-0.022573238
across_replicates_same_ctx_pert,null,0.011568048
across_replicates_same_ctx_pert,null,-0.015442231
across_replicates_same_ctx_pert,null,-0.039868396
across_replicates_same_ctx_pert,null,0.004757912
across_replicates_same_ctx_pert,null,0.010986464
across_replicates_same_ctx_pert,null,-0.03730057
across_replicates_same_ctx_pert,null,-0.009721714
across_replicates_same_ctx_pert,null,0.07860002
across_replicates_same_ctx_pert,null,-0.05129068
across_replicates_same_ctx_pert,null,-0.038888045
across_replicates_same_ctx_pert,null,-0.006121091
across_replicates_same_ctx_pert,null,0.003333825
across_replicates_same_ctx_pert,null,0.0069379997
across_replicates_same_ctx_pert,null,0.0025332212
across_replicates_same_ctx_pert,null,-0.011573183
across_replicates_same_ctx_pert,null,-0.040045533
across_replicates_same_ctx_pert,null,-0.022113055
across_replicates_same_ctx_pert,null,0.13582262
across_replicates_same_ctx_pert,null,-0.012893545
across_replicates_same_ctx_pert,null,-0.005084143
across_replicates_same_ctx_pert,null,0.024947116
across_replicates_same_ctx_pert,null,-0.037731733
across_replicates_same_ctx_pert,null,0.07577987
across_replicates_same_ctx_pert,null,0.0025836583
across_replicates_same_ctx_pert,null,-0.026822055
across_replicates_same_ctx_pert,null,-0.0008299702
across_replicates_same_ctx_pert,null,-0.00488031
across_replicates_same_ctx_pert,null,0.05849714
across_replicates_same_ctx_pert,null,0.027023425
across_replicates_same_ctx_pert,null,0.020391019
across_replicates_same_ctx_pert,null,0.012274372
across_replicates_same_ctx_pert,null,-0.022355935
across_replicates_same_ctx_pert,null,-0.16735059
across_replicates_same_ctx_pert,null,-0.07923157
across_replicates_same_ctx_pert,null,-0.013872227
across_replicates_same_ctx_pert,null,0.0066648326
across_replicates_same_ctx_pert,null,0.05183564
across_replicates_same_ctx_pert,null,0.053064335
across_replicates_same_ctx_pert,null,0.03203262
across_replicates_same_ctx_pert,null,0.034361985
across_replicates_same_ctx_pert,null,0.023042593
across_replicates_same_ctx_pert,null,0.13464974
across_replicates_same_ctx_pert,null,-0.040532794
across_replicates_same_ctx_pert,null,0.023211416
across_replicates_same_ctx_pert,null,-0.0009856615
across_replicates_same_ctx_pert,null,0.008667458
across_replicates_same_ctx_pert,null,0.022104867
across_replicates_same_ctx_pert,null,0.07782644
across_replicates_same_ctx_pert,null,0.06120086
across_replicates_same_ctx_pert,null,-0.037520107
across_replicates_same_ctx_pert,null,-0.08167771
across_replicates_same_ctx_pert,null,-0.038604923
across_replicates_same_ctx_pert,null,0.055583227
across_replicates_same_ctx_pert,null,-0.027074477
across_replicates_same_ctx_pert,null,0.015323519
across_replicates_same_ctx_pert,null,-0.023992652
across_replicates_same_ctx_pert,null,-0.014580365
across_replicates_same_ctx_pert,null,0.057864603
across_replicates_same_ctx_pert,null,0.12882124
across_replicates_same_ctx_pert,null,-0.01708358
across_replicates_same_ctx_pert,null,0.004254168
across_replicates_same_ctx_pert,null,-0.053289168
across_replicates_same_ctx_pert,null,-0.0070023513
across_replicates_same_ctx_pert,null,-0.021178057
across_replicates_same_ctx_pert,null,-0.04856961
across_replicates_same_ctx_pert,null,0.1870088
across_replicates_same_ctx_pert,null,0.052581202
across_replicates_same_ctx_pert,null,0.09858649
across_replicates_same_ctx_pert,null,-0.021136194
across_replicates_same_ctx_pert,null,0.008790229
across_replicates_same_ctx_pert,null,-0.01000503
across_replicates_same_ctx_pert,null,0.010635134
across_replicates_same_ctx_pert,null,0.0038776349
across_replicates_same_ctx_pert,null,-0.003839419
across_replicates_same_ctx_pert,null,-0.046237234
across_replicates_same_ctx_pert,null,0.002418789
across_replicates_same_ctx_pert,null,-0.013358965
across_replicates_same_ctx_pert,null,-0.029683355
across_replicates_same_ctx_pert,null,0.047721885
across_replicates_same_ctx_pert,null,-0.04176269
across_replicates_same_ctx_pert,null,-0.045301974
across_replicates_same_ctx_pert,null,0.061183978
across_replicates_same_ctx_pert,null,-0.0076120086
across_replicates_same_ctx_pert,null,-0.026038973
across_replicates_same_ctx_pert,null,-0.0010374702
across_replicates_same_ctx_pert,null,-0.035160698
across_replicates_same_ctx_pert,null,-0.022635173
across_replicates_same_ctx_pert,null,-0.005194109
across_replicates_same_ctx_pert,null,0.007486134
across_replicates_same_ctx_pert,null,0.037635054
across_replicates_same_ctx_pert,null,0.013178943
across_replicates_same_ctx_pert,null,0.025013367
across_replicates_same_ctx_pert,null,0.005193536
across_replicates_same_ctx_pert,null,-0.0014382997
across_replicates_same_ctx_pert,null,0.034891374
across_replicates_same_ctx_pert,null,0.028571898
across_replicates_same_ctx_pert,null,0.029231131
across_replicates_same_ctx_pert,null,-0.020761652
across_replicates_same_ctx_pert,null,-0.022787144
across_replicates_same_ctx_pert,null,0.023754735
across_replicates_same_ctx_pert,null,0.032672193
across_replicates_same_ctx_pert,null,0.08984361
across_replicates_same_ctx_pert,null,-0.03726712
across_replicates_same_ctx_pert,null,-0.046866924
across_replicates_same_ctx_pert,null,-0.017405529
across_replicates_same_ctx_pert,null,-0.06946523
across_replicates_same_ctx_pert,null,-0.06458085
across_replicates_same_ctx_pert,null,-0.020301197
across_replicates_same_ctx_pert,null,-0.0073667597
across_replicates_same_ctx_pert,null,0.029118227
across_replicates_same_ctx_pert,null,-0.06275416
across_replicates_same_ctx_pert,null,-0.007853153
across_replicates_same_ctx_pert,null,0.049736388
across_replicates_same_ctx_pert,null,0.017994884
across_replicates_same_ctx_pert,null,-0.022264333
across_replicates_same_ctx_pert,null,-0.06459171
across_replicates_same_ctx_pert,null,-0.048049316
across_replicates_same_ctx_pert,null,0.057606876
across_replicates_same_ctx_pert,null,0.028809816
across_replicates_same_ctx_pert,null,-0.06765654
across_replicates_same_ctx_pert,null,-0.04835608
across_replicates_same_ctx_pert,null,0.02795073
across_replicates_same_ctx_pert,null,-0.030781565
across_replicates_same_ctx_pert,null,0.036032848
across_replicates_same_ctx_pert,null,0.029047515
across_replicates_same_ctx_pert,null,0.04067186
across_replicates_same_ctx_pert,null,-0.0019434175
across_replicates_same_ctx_pert,null,0.0029990596
across_replicates_same_ctx_pert,null,0.006380336
across_replicates_same_ctx_pert,null,0.07723584
across_replicates_same_ctx_pert,null,0.03903627
across_replicates_same_ctx_pert,null,-0.04923263
across_replicates_same_ctx_pert,null,0.09767661
across_replicates_same_ctx_pert,null,-0.0073824627
across_replicates_same_ctx_pert,null,-0.03830883
across_replicates_same_ctx_pert,null,-0.061984885
across_replicates_same_ctx_pert,null,-0.008052226
across_replicates_same_ctx_pert,null,0.03927455
across_replicates_same_ctx_pert,null,0.06273193
across_replicates_same_ctx_pert,null,-0.07222613
across_replicates_same_ctx_pert,null,-0.036824264
across_replicates_same_ctx_pert,null,-0.04615693
across_replicates_same_ctx_pert,null,-0.06059348
across_replicates_same_ctx_pert,null,0.0005643784
across_replicates_same_ctx_pert,null,-0.022133728
across_replicates_same_ctx_pert,null,-0.10944786
across_replicates_same_ctx_pert,null,-0.084255785
across_replicates_same_ctx_pert,null,0.015616089
across_replicates_same_ctx_pert,null,0.08168568
across_replicates_same_ctx_pert,null,0.017741827
across_replicates_same_ctx_pert,null,-0.010042746
across_replicates_same_ctx_pert,null,-0.011253438
across_replicates_same_ctx_pert,null,0.035909813
across_replicates_same_ctx_pert,null,0.008072894
across_replicates_same_ctx_pert,null,-0.008427789
across_replicates_same_ctx_pert,null,0.00885392
across_replicates_same_ctx_pert,null,-0.019671982
across_replicates_same_ctx_pert,null,0.03642339
across_replicates_same_ctx_pert,null,0.003895934
across_replicates_same_ctx_pert,null,-0.0067155226
across_replicates_same_ctx_pert,null,0.009749126
across_replicates_same_ctx_pert,null,-0.01862592
across_replicates_same_ctx_pert,null,0.0058371266
across_replicates_same_ctx_pert,null,0.0082683675
across_replicates_same_ctx_pert,null,0.020860044
across_replicates_same_ctx_pert,null,0.0532983
across_replicates_same_ctx_pert,null,-0.007974222
across_replicates_same_ctx_pert,null,0.10696952
across_replicates_same_ctx_pert,null,-0.04429536
across_replicates_same_ctx_pert,null,-0.06511687
across_replicates_same_ctx_pert,null,-0.018270448
across_replicates_same_ctx_pert,null,0.012672673
across_replicates_same_ctx_pert,null,-0.0014952044
across_replicates_same_ctx_pert,null,-0.018704122
across_replicates_same_ctx_pert,null,0.05718285
across_replicates_same_ctx_pert,null,0.010396991
across_replicates_same_ctx_pert,null,-0.0062515517
across_replicates_same_ctx_pert,null,0.015114491
across_replicates_same_ctx_pert,null,-0.026547452
across_replicates_same_ctx_pert,null,0.018487914
across_replicates_same_ctx_pert,null,-0.0443329
across_replicates_same_ctx_pert,null,-0.008961285
across_replicates_same_ctx_pert,null,0.008855618
across_replicates_same_ctx_pert,null,0.0056093507
across_replicates_same_ctx_pert,null,0.020254027
across_replicates_same_ctx_pert,null,-0.022501457
across_replicates_same_ctx_pert,null,0.18798983
across_replicates_same_ctx_pert,null,0.022223268
across_replicates_same_ctx_pert,null,-0.021314215
across_replicates_same_ctx_pert,null,0.016686637
across_replicates_same_ctx_pert,null,0.014662467
across_replicates_same_ctx_pert,null,0.018182874
across_replicates_same_ctx_pert,null,-0.005639814
across_replicates_same_ctx_pert,null,0.0018579296
across_replicates_same_ctx_pert,null,0.014420298
across_replicates_same_ctx_pert,null,-0.06679696
across_replicates_same_ctx_pert,null,-0.08692852
across_replicates_same_ctx_pert,null,-0.0021239894
across_replicates_same_ctx_pert,null,-0.02350316
across_replicates_same_ctx_pert,null,0.042507924
across_replicates_same_ctx_pert,null,-0.012827971
across_replicates_same_ctx_pert,null,-0.00661935
across_replicates_same_ctx_pert,null,-0.030956252
across_replicates_same_ctx_pert,null,0.055702657
across_replicates_same_ctx_pert,null,0.016509578
across_replicates_same_ctx_pert,null,0.014628162
across_replicates_same_ctx_pert,null,0.0068144095
across_replicates_same_ctx_pert,null,0.06489834
across_replicates_same_ctx_pert,null,0.051263254
across_replicates_same_ctx_pert,null,-0.01915772
across_replicates_same_ctx_pert,null,-0.058822826
across_replicates_same_ctx_pert,null,-0.0082197385
across_replicates_same_ctx_pert,null,-0.020658994
across_replicates_same_ctx_pert,null,0.0056637125
across_replicates_same_ctx_pert,null,-0.018732717
across_replicates_same_ctx_pert,null,-0.004355091
across_replicates_same_ctx_pert,null,0.0063743587
across_replicates_same_ctx_pert,null,-0.052787453
across_replicates_same_ctx_pert,null,-0.015314329
across_replicates_same_ctx_pert,null,-0.11744458
across_replicates_same_ctx_pert,null,0.035766453
across_replicates_same_ctx_pert,null,-0.030519383
across_replicates_same_ctx_pert,null,0.005032725
across_replicates_same_ctx_pert,null,0.042577457
across_replicates_same_ctx_pert,null,0.0050962027
across_replicates_same_ctx_pert,null,0.017324178
across_replicates_same_ctx_pert,null,0.015882785
across_replicates_same_ctx_pert,null,0.032195136
across_replicates_same_ctx_pert,null,0.0027839998
across_replicates_same_ctx_pert,null,-0.0076170703
across_replicates_same_ctx_pert,null,-0.01134415
across_replicates_same_ctx_pert,null,0.037936248
across_replicates_same_ctx_pert,null,-0.020220486
across_replicates_same_ctx_pert,null,0.0027917274
across_replicates_same_ctx_pert,null,-0.0015713901
across_replicates_same_ctx_pert,null,0.06550532
across_replicates_same_ctx_pert,null,0.0043165814
across_replicates_same_ctx_pert,null,-0.05053655
across_replicates_same_ctx_pert,null,-0.013885142
across_replicates_same_ctx_pert,null,-0.029272377
across_replicates_same_ctx_pert,null,-0.007887566
across_replicates_same_ctx_pert,null,-0.04974051
across_replicates_same_ctx_pert,null,-0.019330034
across_replicates_same_ctx_pert,null,-0.04092994
across_replicates_same_ctx_pert,null,0.13943753
across_replicates_same_ctx_pert,null,-0.120782234
across_replicates_same_ctx_pert,null,-0.031261154
across_replicates_same_ctx_pert,null,-0.033895977
across_replicates_same_ctx_pert,null,-0.030166997
across_replicates_same_ctx_pert,null,-0.11682458
across_replicates_same_ctx_pert,null,0.03468002
across_replicates_same_ctx_pert,null,-0.03813278
across_replicates_same_ctx_pert,null,0.03521024
across_replicates_same_ctx_pert,null,0.0696344
across_replicates_same_ctx_pert,null,-0.026521925
across_replicates_same_ctx_pert,null,0.030561017
across_replicates_same_ctx_pert,null,-0.01688139
across_replicates_same_ctx_pert,null,0.09078307
across_replicates_same_ctx_pert,null,0.02361008
across_replicates_same_ctx_pert,null,-0.031331487
across_replicates_same_ctx_pert,null,-0.036206473
across_replicates_same_ctx_pert,null,-0.021079507
across_replicates_same_ctx_pert,null,0.096714966
across_replicates_same_ctx_pert,null,0.035761952
across_replicates_same_ctx_pert,null,0.037571345
across_replicates_same_ctx_pert,null,-0.022475263
across_replicates_same_ctx_pert,null,0.03246126
across_replicates_same_ctx_pert,null,0.06424836
across_replicates_same_ctx_pert,null,-0.039729252
across_replicates_same_ctx_pert,null,-0.02801041
across_replicates_same_ctx_pert,null,-0.009407812
across_replicates_same_ctx_pert,null,-0.011655053
across_replicates_same_ctx_pert,null,-0.009312553
across_replicates_same_ctx_pert,null,-0.03725779
across_replicates_same_ctx_pert,null,0.016008131
across_replicates_same_ctx_pert,null,0.019444615
across_replicates_same_ctx_pert,null,0.006607951
across_replicates_same_ctx_pert,null,-0.025314884
across_replicates_same_ctx_pert,null,-0.015178074
across_replicates_same_ctx_pert,null,-0.042198826
across_replicates_same_ctx_pert,null,0.0007599276
across_replicates_same_ctx_pert,null,0.037334584
across_replicates_same_ctx_pert,null,-0.0053692125
across_replicates_same_ctx_pert,null,-0.0334928
across_replicates_same_ctx_pert,null,0.012975339
across_replicates_same_ctx_pert,null,-0.022360759
across_replicates_same_ctx_pert,null,0.029231945
across_replicates_same_ctx_pert,null,-0.023300583
across_replicates_same_ctx_pert,null,-0.03581743
across_replicates_same_ctx_pert,null,-0.010833037
across_replicates_same_ctx_pert,null,0.025032772
across_replicates_same_ctx_pert,null,0.013561684
across_replicates_same_ctx_pert,null,-0.024916029
across_replicates_same_ctx_pert,null,-0.036112204
across_replicates_same_ctx_pert,null,0.001356523
across_replicates_same_ctx_pert,null,-0.0134893255
across_replicates_same_ctx_pert,null,-0.00728244
across_replicates_same_ctx_pert,null,0.07350851
across_replicates_same_ctx_pert,null,0.013107872
across_replicates_same_ctx_pert,null,-0.018127184
across_replicates_same_ctx_pert,null,-0.008388825
across_replicates_same_ctx_pert,null,0.014261919
across_replicates_same_ctx_pert,null,-0.021067549
across_replicates_same_ctx_pert,null,0.019025961
across_replicates_same_ctx_pert,null,-0.029796012
across_replicates_same_ctx_pert,null,-0.028981803
across_replicates_same_ctx_pert,null,0.024728432
across_replicates_same_ctx_pert,null,-0.010808851
across_replicates_same_ctx_pert,null,0.042442102
across_replicates_same_ctx_pert,null,-0.07298389
across_replicates_same_ctx_pert,null,0.014194962
across_replicates_same_ctx_pert,null,-0.063987285
across_replicates_same_ctx_pert,null,0.022916006
across_replicates_same_ctx_pert,null,0.005264971
across_replicates_same_ctx_pert,null,0.05029374
across_replicates_same_ctx_pert,null,0.011682792
across_replicates_same_ctx_pert,null,-0.016359853
across_replicates_same_ctx_pert,null,-0.0014175549
across_replicates_same_ctx_pert,null,0.13218081
across_replicates_same_ctx_pert,null,0.051841572
across_replicates_same_ctx_pert,null,0.008242332
across_replicates_same_ctx_pert,null,-0.0068997564
across_replicates_same_ctx_pert,null,0.007061008
across_replicates_same_ctx_pert,null,0.010342669
across_replicates_same_ctx_pert,null,0.07694624
across_replicates_same_ctx_pert,null,0.014418699
across_replicates_same_ctx_pert,null,0.0008255841
across_replicates_same_ctx_pert,null,0.031566277
across_replicates_same_ctx_pert,null,-0.07790131
across_replicates_same_ctx_pert,null,0.01426754
across_replicates_same_ctx_pert,null,0.010220705
across_replicates_same_ctx_pert,null,-0.021095598
across_replicates_same_ctx_pert,null,-0.0146910595
across_replicates_same_ctx_pert,null,-0.01820799
across_replicates_same_ctx_pert,null,0.011441465
across_replicates_same_ctx_pert,null,0.03737261
across_replicates_same_ctx_pert,null,-0.03801827
across_replicates_same_ctx_pert,null,0.07859452
across_replicates_same_ctx_pert,null,0.043835387
across_replicates_same_ctx_pert,null,0.008603438
across_replicates_same_ctx_pert,null,-0.044210084
across_replicates_same_ctx_pert,null,-0.008466046
across_replicates_same_ctx_pert,null,0.03339382
across_replicates_same_ctx_pert,null,0.038120113
across_replicates_same_ctx_pert,null,-0.11824622
across_replicates_same_ctx_pert,null,-0.10333029
across_replicates_same_ctx_pert,null,-0.05643805
across_replicates_same_ctx_pert,null,0.012318675
across_replicates_same_ctx_pert,null,0.042291317
across_replicates_same_ctx_pert,null,0.006421643
across_replicates_same_ctx_pert,null,-0.043312076
across_replicates_same_ctx_pert,null,-0.063637964
across_replicates_same_ctx_pert,null,0.11146104
across_replicates_same_ctx_pert,null,-0.0302632
across_replicates_same_ctx_pert,null,0.014741622
across_replicates_same_ctx_pert,null,0.027271414
across_replicates_same_ctx_pert,null,-0.117768124
across_replicates_same_ctx_pert,null,-0.006442596
across_replicates_same_ctx_pert,null,0.013713455
across_replicates_same_ctx_pert,null,0.041242093
across_replicates_same_ctx_pert,null,0.018992698
across_replicates_same_ctx_pert,null,-0.036282957
across_replicates_same_ctx_pert,null,-0.041471105
across_replicates_same_ctx_pert,null,0.035168692
across_replicates_same_ctx_pert,null,-0.03536057
across_replicates_same_ctx_pert,null,-0.04301837
across_replicates_same_ctx_pert,null,0.011255281
across_replicates_same_ctx_pert,null,-0.048048876
across_replicates_same_ctx_pert,null,0.0019076716
across_replicates_same_ctx_pert,null,0.027459547
across_replicates_same_ctx_pert,null,0.007948893
across_replicates_same_ctx_pert,null,-0.0139013175
across_replicates_same_ctx_pert,null,-0.036308374
across_replicates_same_ctx_pert,null,0.010519917
across_replicates_same_ctx_pert,null,0.03656381
across_replicates_same_ctx_pert,null,0.0018863061
across_replicates_same_ctx_pert,null,-0.011159205
across_replicates_same_ctx_pert,null,0.042644046
across_replicates_same_ctx_pert,null,0.0115463985
across_replicates_same_ctx_pert,null,0.021202069
across_replicates_same_ctx_pert,null,0.051199507
across_replicates_same_ctx_pert,null,0.0028035692
across_replicates_same_ctx_pert,null,-0.064358704
across_replicates_same_ctx_pert,null,-0.062238283
across_replicates_same_ctx_pert,null,0.025814699
across_replicates_same_ctx_pert,null,-0.027562866
across_replicates_same_ctx_pert,null,-0.04124197
across_replicates_same_ctx_pert,null,0.0054132557
across_replicates_same_ctx_pert,null,-0.0017236869
across_replicates_same_ctx_pert,null,-0.04410171
across_replicates_same_ctx_pert,null,-0.0385944
across_replicates_same_ctx_pert,null,0.011390094
across_replicates_same_ctx_pert,null,0.04745489
across_replicates_same_ctx_pert,null,-0.046554986
across_replicates_same_ctx_pert,null,-0.025353946
across_replicates_same_ctx_pert,null,0.005599128
across_replicates_same_ctx_pert,null,0.02723242
across_replicates_same_ctx_pert,null,0.00022050523
across_replicates_same_ctx_pert,null,0.01823032
across_replicates_same_ctx_pert,null,0.017256731
across_replicates_same_ctx_pert,null,0.05744759
across_replicates_same_ctx_pert,null,-0.038592357
across_replicates_same_ctx_pert,null,0.025054857
across_replicates_same_ctx_pert,null,0.024652129
across_replicates_same_ctx_pert,null,0.094087936
across_replicates_same_ctx_pert,null,-0.008608053
across_replicates_same_ctx_pert,null,-0.028231522
across_replicates_same_ctx_pert,null,-0.007308626
across_replicates_same_ctx_pert,null,0.07842355
across_replicates_same_ctx_pert,null,-0.031650387
across_replicates_same_ctx_pert,null,0.022192093
across_replicates_same_ctx_pert,null,-0.020397045
across_replicates_same_ctx_pert,null,-0.027632521
across_replicates_same_ctx_pert,null,0.05384611
across_replicates_same_ctx_pert,null,0.002297539
across_replicates_same_ctx_pert,null,0.010750816
across_replicates_same_ctx_pert,null,0.014019577
across_replicates_same_ctx_pert,null,0.025196705
across_replicates_same_ctx_pert,null,-0.04968269
across_replicates_same_ctx_pert,null,-0.040203936
across_replicates_same_ctx_pert,null,-0.01984782
across_replicates_same_ctx_pert,null,0.0038375836
across_replicates_same_ctx_pert,null,0.0048621013
across_replicates_same_ctx_pert,null,-0.015720174
across_replicates_same_ctx_pert,null,-0.0002202956
across_replicates_same_ctx_pert,null,0.02306404
across_replicates_same_ctx_pert,null,-0.0174686
across_replicates_same_ctx_pert,null,0.021333482
across_replicates_same_ctx_pert,null,-0.032249086
across_replicates_same_ctx_pert,null,0.0775777
across_replicates_same_ctx_pert,null,0.052003212
across_replicates_same_ctx_pert,null,-0.024957161
across_replicates_same_ctx_pert,null,0.05199926
across_replicates_same_ctx_pert,null,0.01441618
across_replicates_same_ctx_pert,null,-0.016599797
across_replicates_same_ctx_pert,null,0.01392077
across_replicates_same_ctx_pert,null,-0.01850743
across_replicates_same_ctx_pert,null,-0.014032558
across_replicates_same_ctx_pert,null,0.04972774
across_replicates_same_ctx_pert,null,0.0617089
across_replicates_same_ctx_pert,null,-0.041973747
across_replicates_same_ctx_pert,null,-0.036094766
across_replicates_same_ctx_pert,null,0.0072987224
across_replicates_same_ctx_pert,null,0.0038699189
across_replicates_same_ctx_pert,null,0.08272647
across_replicates_same_ctx_pert,null,0.075288385
across_replicates_same_ctx_pert,null,-0.014914264
across_replicates_same_ctx_pert,null,0.013225293
across_replicates_same_ctx_pert,null,-0.0036846506
across_replicates_same_ctx_pert,null,-0.05545254
across_replicates_same_ctx_pert,null,0.035289075
across_replicates_same_ctx_pert,null,-0.001268493
across_replicates_same_ctx_pert,null,-0.02115565
across_replicates_same_ctx_pert,null,0.03557635
across_replicates_same_ctx_pert,null,0.050325904
across_replicates_same_ctx_pert,null,0.032275714
across_replicates_same_ctx_pert,null,-0.14067921
across_replicates_same_ctx_pert,null,-0.002751351
across_replicates_same_ctx_pert,null,0.010335777
across_replicates_same_ctx_pert,null,-0.022882586
across_replicates_same_ctx_pert,null,0.08131709
across_replicates_same_ctx_pert,null,0.030006316
across_replicates_same_ctx_pert,null,0.019310975
across_replicates_same_ctx_pert,null,0.035640918
across_replicates_same_ctx_pert,null,0.0063637984
across_replicates_same_ctx_pert,null,0.006965324
across_replicates_same_ctx_pert,null,-0.013368841
across_replicates_same_ctx_pert,null,-0.029043749
across_replicates_same_ctx_pert,null,0.0026322121
across_replicates_same_ctx_pert,null,-0.018663507
across_replicates_same_ctx_pert,null,-0.018772628
across_replicates_same_ctx_pert,null,0.07320221
across_replicates_same_ctx_pert,null,-0.01068553
across_replicates_same_ctx_pert,null,-0.025976852
across_replicates_same_ctx_pert,null,0.006010959
across_replicates_same_ctx_pert,null,0.030885877
across_replicates_same_ctx_pert,null,-0.010073693
across_replicates_same_ctx_pert,null,0.0456869
across_replicates_same_ctx_pert,null,-0.0026874954
across_replicates_same_ctx_pert,null,0.012693652
across_replicates_same_ctx_pert,null,-0.010198687
across_replicates_same_ctx_pert,null,0.0945084
across_replicates_same_ctx_pert,null,0.04348136
across_replicates_same_ctx_pert,null,0.052663628
across_replicates_same_ctx_pert,null,0.09895847
across_replicates_same_ctx_pert,null,-0.02069549
across_replicates_same_ctx_pert,null,0.025413567
across_replicates_same_ctx_pert,null,-0.036431085
across_replicates_same_ctx_pert,null,-0.0047612214
across_replicates_same_ctx_pert,null,0.02044599
across_replicates_same_ctx_pert,null,0.044786807
across_replicates_same_ctx_pert,null,0.032958154
across_replicates_same_ctx_pert,null,-0.0320327
across_replicates_same_ctx_pert,null,0.021005927
across_replicates_same_ctx_pert,null,-0.045983434
across_replicates_same_ctx_pert,null,-0.024911694
across_replicates_same_ctx_pert,null,0.00137824
across_replicates_same_ctx_pert,null,0.010258956
across_replicates_same_ctx_pert,null,0.056690875
across_replicates_same_ctx_pert,null,0.046022132
across_replicates_same_ctx_pert,null,0.021862827
across_replicates_same_ctx_pert,null,-0.06814206
across_replicates_same_ctx_pert,null,0.046398543
across_replicates_same_ctx_pert,null,0.009522813
across_replicates_same_ctx_pert,null,0.047958862
across_replicates_same_ctx_pert,null,-0.036362
across_replicates_same_ctx_pert,null,0.03343095
across_replicates_same_ctx_pert,null,-0.032859717
across_replicates_same_ctx_pert,null,-0.01771019
across_replicates_same_ctx_pert,null,0.105764985
across_replicates_same_ctx_pert,null,-0.0011920427
across_replicates_same_ctx_pert,null,-0.046302643
across_replicates_same_ctx_pert,null,0.072667435
across_replicates_same_ctx_pert,null,-0.014291443
across_replicates_same_ctx_pert,null,-0.07218371
across_replicates_same_ctx_pert,null,-0.07810986
across_replicates_same_ctx_pert,null,0.003977234
across_replicates_same_ctx_pert,null,-0.14990664
across_replicates_same_ctx_pert,null,0.0026568829
across_replicates_same_ctx_pert,null,-0.090410724
across_replicates_same_ctx_pert,null,-0.03201188
across_replicates_same_ctx_pert,null,-0.03892163
across_replicates_same_ctx_pert,null,0.0017675618
across_replicates_same_ctx_pert,null,-0.02680044
across_replicates_same_ctx_pert,null,0.022633543
across_replicates_same_ctx_pert,null,0.017433016
across_replicates_same_ctx_pert,null,0.03424092
across_replicates_same_ctx_pert,null,-0.04152408
across_replicates_same_ctx_pert,null,-0.004883142
across_replicates_same_ctx_pert,null,0.011807165
across_replicates_same_ctx_pert,null,-0.022479337
across_replicates_same_ctx_pert,null,0.017450519
across_replicates_same_ctx_pert,null,-0.065028995
across_replicates_same_ctx_pert,null,-0.010595634
across_replicates_same_ctx_pert,null,0.0013246386
across_replicates_same_ctx_pert,null,0.04610187
across_replicates_same_ctx_pert,null,-0.06395065
across_replicates_same_ctx_pert,null,0.008259029
across_replicates_same_ctx_pert,null,0.028052991
across_replicates_same_ctx_pert,null,-0.015878905
across_replicates_same_ctx_pert,null,0.0035733783
across_replicates_same_ctx_pert,null,-0.037622716
across_replicates_same_ctx_pert,null,-0.046741486
across_replicates_same_ctx_pert,null,0.015936028
across_replicates_same_ctx_pert,null,0.019587254
across_replicates_same_ctx_pert,null,-0.024142371
across_replicates_same_ctx_pert,null,0.0043310365
across_replicates_same_ctx_pert,null,-0.022969607
across_replicates_same_ctx_pert,null,-0.03424399
across_replicates_same_ctx_pert,null,-0.018290274
across_replicates_same_ctx_pert,null,-0.017880928
across_replicates_same_ctx_pert,null,-0.1871426
across_replicates_same_ctx_pert,null,0.0494582
across_replicates_same_ctx_pert,null,-0.0081103705
across_replicates_same_ctx_pert,null,-0.029255457
across_replicates_same_ctx_pert,null,0.080901325
across_replicates_same_ctx_pert,null,0.025054688
across_replicates_same_ctx_pert,null,0.0017295573
across_replicates_same_ctx_pert,null,0.030757945
across_replicates_same_ctx_pert,null,-0.020999992
across_replicates_same_ctx_pert,null,-0.030969724
across_replicates_same_ctx_pert,null,0.029291935
across_replicates_same_ctx_pert,null,-0.027542843
across_replicates_same_ctx_pert,null,-0.009943768
across_replicates_same_ctx_pert,null,-0.0047547263
across_replicates_same_ctx_pert,null,0.03747722
across_replicates_same_ctx_pert,null,0.046514418
across_replicates_same_ctx_pert,null,0.014675668
across_replicates_same_ctx_pert,null,0.04828448
across_replicates_same_ctx_pert,null,-0.006193404
across_replicates_same_ctx_pert,null,0.03918743
across_replicates_same_ctx_pert,null,-0.009223076
across_replicates_same_ctx_pert,null,0.06294137
across_replicates_same_ctx_pert,null,0.029491838
across_replicates_same_ctx_pert,null,0.045944165
across_replicates_same_ctx_pert,null,0.029027548
across_replicates_same_ctx_pert,null,0.009233059
across_replicates_same_ctx_pert,null,0.0003688518
across_replicates_same_ctx_pert,null,0.05968725
across_replicates_same_ctx_pert,null,-0.030726032
across_replicates_same_ctx_pert,null,0.002077372
across_replicates_same_ctx_pert,null,0.038457766
across_replicates_same_ctx_pert,null,0.004713027
across_replicates_same_ctx_pert,null,0.000597021
across_replicates_same_ctx_pert,null,-0.021893032
across_replicates_same_ctx_pert,null,0.0056985877
across_replicates_same_ctx_pert,null,0.10050764
across_replicates_same_ctx_pert,null,-0.01871851
across_replicates_same_ctx_pert,null,-0.0012817191
across_replicates_same_ctx_pert,null,0.02503893
across_replicates_same_ctx_pert,null,-0.0797411
across_replicates_same_ctx_pert,null,-0.03003161
across_replicates_same_ctx_pert,null,-0.014982718
across_replicates_same_ctx_pert,null,-0.04177851
across_replicates_same_ctx_pert,null,-0.2213444
across_replicates_same_ctx_pert,null,-0.024604362
across_replicates_same_ctx_pert,null,-0.075378686
across_replicates_same_ctx_pert,null,-0.05862255
across_replicates_same_ctx_pert,null,-0.00014065947
across_replicates_same_ctx_pert,null,0.048916608
across_replicates_same_ctx_pert,null,-0.03213141
across_replicates_same_ctx_pert,null,0.0889402
across_replicates_same_ctx_pert,null,0.02227517
across_replicates_same_ctx_pert,null,0.041329116
across_replicates_same_ctx_pert,null,-0.0014294422
across_replicates_same_ctx_pert,null,-0.0066401805
across_replicates_same_ctx_pert,null,0.024707533
across_replicates_same_ctx_pert,null,-0.009048608
across_replicates_same_ctx_pert,null,0.09102105
across_replicates_same_ctx_pert,null,-0.027060471
across_replicates_same_ctx_pert,null,0.027146148
across_replicates_same_ctx_pert,null,-0.011061073
across_replicates_same_ctx_pert,null,-0.00029137827
across_replicates_same_ctx_pert,null,0.11728079
across_replicates_same_ctx_pert,null,-0.030273693
across_replicates_same_ctx_pert,null,-0.01810918
across_replicates_same_ctx_pert,null,-0.008705061
across_replicates_same_ctx_pert,null,0.05394353
across_replicates_same_ctx_pert,null,0.040746503
across_replicates_same_ctx_pert,null,-0.045685053
across_replicates_same_ctx_pert,null,0.045631483
across_replicates_same_ctx_pert,null,-0.033503667
across_replicates_same_ctx_pert,null,-0.09200981
across_replicates_same_ctx_pert,null,0.060026225
across_replicates_same_ctx_pert,null,0.0015771794
across_replicates_same_ctx_pert,null,-0.026564568
across_replicates_same_ctx_pert,null,-0.046794556
across_replicates_same_ctx_pert,null,-0.09682397
across_replicates_same_ctx_pert,null,0.041013345
across_replicates_same_ctx_pert,null,0.0187745
across_replicates_same_ctx_pert,null,0.015652217
across_replicates_same_ctx_pert,null,-0.019665843
across_replicates_same_ctx_pert,null,0.030772243
across_replicates_same_ctx_pert,null,-0.04273539
across_replicates_same_ctx_pert,null,-0.085101426
across_replicates_same_ctx_pert,null,0.036023766
across_replicates_same_ctx_pert,null,0.011137057
across_replicates_same_ctx_pert,null,0.082633376
across_replicates_same_ctx_pert,null,0.011973146
across_replicates_same_ctx_pert,null,0.027951762
across_replicates_same_ctx_pert,null,0.061464004
across_replicates_same_ctx_pert,null,-0.0101688
across_replicates_same_ctx_pert,null,0.0021959478
across_replicates_same_ctx_pert,null,0.032012057
across_replicates_same_ctx_pert,null,-0.048785143
across_replicates_same_ctx_pert,null,-0.018182972
across_replicates_same_ctx_pert,null,-0.022428287
across_replicates_same_ctx_pert,null,-0.0041880505
across_replicates_same_ctx_pert,null,-0.0016218992
across_replicates_same_ctx_pert,null,0.0102736335
across_replicates_same_ctx_pert,null,-0.0080359895
across_replicates_same_ctx_pert,null,-0.07846984
across_replicates_same_ctx_pert,null,0.022561798
across_replicates_same_ctx_pert,null,0.0017609993
across_replicates_same_ctx_pert,null,0.07821791
across_replicates_same_ctx_pert,null,-0.0034597714
across_replicates_same_ctx_pert,null,-0.009243046
across_replicates_same_ctx_pert,null,-0.052674122
across_replicates_same_ctx_pert,null,0.009527708
across_replicates_same_ctx_pert,null,0.008457985
across_replicates_same_ctx_pert,null,-0.00237269
across_replicates_same_ctx_pert,null,0.010446937
across_replicates_same_ctx_pert,null,0.011394234
across_replicates_same_ctx_pert,null,0.015328657
across_replicates_same_ctx_pert,null,-0.015930181
across_replicates_same_ctx_pert,null,0.019591821
across_replicates_same_ctx_pert,null,-0.008556463
across_replicates_same_ctx_pert,null,-0.038148593
across_replicates_same_ctx_pert,null,-0.014734612
across_replicates_same_ctx_pert,null,0.020994516
across_replicates_same_ctx_pert,null,-0.0105686225
across_replicates_same_ctx_pert,null,-0.023498941
across_replicates_same_ctx_pert,null,0.017552508
across_replicates_same_ctx_pert,null,0.027624803
across_replicates_same_ctx_pert,null,-0.023825968
across_replicates_same_ctx_pert,null,-0.03681711
across_replicates_same_ctx_pert,null,-0.028671376
across_replicates_same_ctx_pert,null,-0.0061301617
across_replicates_same_ctx_pert,null,-0.009763521
across_replicates_same_ctx_pert,null,0.0047284504
across_replicates_same_ctx_pert,null,0.04397295
across_replicates_same_ctx_pert,null,0.029730676
across_replicates_same_ctx_pert,null,-0.012385387
across_replicates_same_ctx_pert,null,0.014413387
across_replicates_same_ctx_pert,null,-0.02952385
across_replicates_same_ctx_pert,null,-0.09863555
across_replicates_same_ctx_pert,null,-7.3027e-06
across_replicates_same_ctx_pert,null,0.09211458
across_replicates_same_ctx_pert,null,-0.024303257
across_replicates_same_ctx_pert,null,0.009876999
across_replicates_same_ctx_pert,null,0.012455522
across_replicates_same_ctx_pert,null,0.069790155
across_replicates_same_ctx_pert,null,0.010041163
across_replicates_same_ctx_pert,null,-0.020233843
across_replicates_same_ctx_pert,null,0.05916225
across_replicates_same_ctx_pert,null,0.005276754
across_replicates_same_ctx_pert,null,-0.027503524
across_replicates_same_ctx_pert,null,-0.061723314
across_replicates_same_ctx_pert,null,-0.007801015
across_replicates_same_ctx_pert,null,-0.0040891813
across_replicates_same_ctx_pert,null,0.013810678
across_replicates_same_ctx_pert,null,-0.0546462
across_replicates_same_ctx_pert,null,0.11037875
across_replicates_same_ctx_pert,null,-0.032424565
across_replicates_same_ctx_pert,null,0.05274288
across_replicates_same_ctx_pert,null,-0.085856095
across_replicates_same_ctx_pert,null,-0.031528525
across_replicates_same_ctx_pert,null,0.00010540951
across_replicates_same_ctx_pert,null,-0.012153301
across_replicates_same_ctx_pert,null,-0.026930494
across_replicates_same_ctx_pert,null,0.11052929
across_replicates_same_ctx_pert,null,-0.003337571
across_replicates_same_ctx_pert,null,0.07185661
across_replicates_same_ctx_pert,null,-0.03292878
across_replicates_same_ctx_pert,null,0.013666947
across_replicates_same_ctx_pert,null,0.0076487665
across_replicates_same_ctx_pert,null,-0.017938813
across_replicates_same_ctx_pert,null,-0.062867515
across_replicates_same_ctx_pert,null,0.03684345
across_replicates_same_ctx_pert,null,0.023170637
across_replicates_same_ctx_pert,null,-0.01620942
across_replicates_same_ctx_pert,null,-0.02671634
across_replicates_same_ctx_pert,null,0.028564215
across_replicates_same_ctx_pert,null,-0.052510813
across_replicates_same_ctx_pert,null,0.05067215
across_replicates_same_ctx_pert,null,0.01940464
across_replicates_same_ctx_pert,null,-0.028181253
across_replicates_same_ctx_pert,null,-0.0023488586
across_replicates_same_ctx_pert,null,0.026509287
across_replicates_same_ctx_pert,null,-0.035719357
across_replicates_same_ctx_pert,null,0.0066692163
across_replicates_same_ctx_pert,null,0.0036420475
across_replicates_same_ctx_pert,null,0.00018496427
across_replicates_same_ctx_pert,null,-0.00034629932
across_replicates_same_ctx_pert,null,-0.039841585
across_replicates_same_ctx_pert,null,0.0038538398
across_replicates_same_ctx_pert,null,-0.037205245
across_replicates_same_ctx_pert,null,0.037499405
across_replicates_same_ctx_pert,null,0.0146931335
across_replicates_same_ctx_pert,null,0.110629655
across_replicates_same_ctx_pert,null,-0.0059971884
across_replicates_same_ctx_pert,null,0.01602443
across_replicates_same_ctx_pert,null,-0.011100357
across_replicates_same_ctx_pert,null,0.052947253
across_replicates_same_ctx_pert,null,-0.034082927
across_replicates_same_ctx_pert,null,0.0366952
across_replicates_same_ctx_pert,null,0.049138032
across_replicates_same_ctx_pert,null,-0.02308517
across_replicates_same_ctx_pert,null,0.017095119
across_replicates_same_ctx_pert,null,-0.0068767457
across_replicates_same_ctx_pert,null,-0.06472384
across_replicates_same_ctx_pert,null,0.033352863
across_replicates_same_ctx_pert,null,0.029176084
across_replicates_same_ctx_pert,null,0.0159287
across_replicates_same_ctx_pert,null,-0.00073072995
across_replicates_same_ctx_pert,null,-0.008753795
across_replicates_same_ctx_pert,null,-0.12032455
across_replicates_same_ctx_pert,null,-0.005113724
across_replicates_same_ctx_pert,null,0.020780802
across_replicates_same_ctx_pert,null,-0.025155349
across_replicates_same_ctx_pert,null,0.010021711
across_replicates_same_ctx_pert,null,-0.06237235
across_replicates_same_ctx_pert,null,9.3963616e-05
across_replicates_same_ctx_pert,null,0.0059166714
across_replicates_same_ctx_pert,null,0.038626116
across_replicates_same_ctx_pert,null,0.0032113618
across_replicates_same_ctx_pert,null,0.042929716
across_replicates_same_ctx_pert,null,-0.017128346
across_replicates_same_ctx_pert,null,-0.046791244
across_replicates_same_ctx_pert,null,-0.009407281
across_replicates_same_ctx_pert,null,0.061696917
across_replicates_same_ctx_pert,null,0.034979917
across_replicates_same_ctx_pert,null,0.004055496
across_replicates_same_ctx_pert,null,-0.0455764
across_replicates_same_ctx_pert,null,0.019068247
across_replicates_same_ctx_pert,null,-0.12769951
across_replicates_same_ctx_pert,null,-0.007716138
across_replicates_same_ctx_pert,null,0.027521297
across_replicates_same_ctx_pert,null,0.023009073
across_replicates_same_ctx_pert,null,0.02993967
across_replicates_same_ctx_pert,null,-0.008879624
across_replicates_same_ctx_pert,null,0.028306449
across_replicates_same_ctx_pert,null,0.060627703
across_replicates_same_ctx_pert,null,-0.049967073
across_replicates_same_ctx_pert,null,-0.0004761932
across_replicates_same_ctx_pert,null,0.012412439
across_replicates_same_ctx_pert,null,-0.012799054
across_replicates_same_ctx_pert,null,0.020850549
across_replicates_same_ctx_pert,null,-0.009430669
across_replicates_same_ctx_pert,null,-0.0014354785
across_replicates_same_ctx_pert,null,-0.010943545
across_replicates_same_ctx_pert,null,0.033207003
across_replicates_same_ctx_pert,null,-0.01121992
across_replicates_same_ctx_pert,null,-0.056020666
across_replicates_same_ctx_pert,null,0.010430438
across_replicates_same_ctx_pert,null,-0.034029055
across_replicates_same_ctx_pert,null,-0.011228533
across_replicates_same_ctx_pert,null,0.16550684
across_replicates_same_ctx_pert,null,-0.04702475
across_replicates_same_ctx_pert,null,-0.020273818
across_replicates_same_ctx_pert,null,0.046205092
across_replicates_same_ctx_pert,null,-0.027992269
across_replicates_same_ctx_pert,null,-0.0012711643
across_replicates_same_ctx_pert,null,0.04125765
across_replicates_same_ctx_pert,null,0.01774703
across_replicates_same_ctx_pert,null,-0.087320596
across_replicates_same_ctx_pert,null,0.003249662
across_replicates_same_ctx_pert,null,-0.011668941
across_replicates_same_ctx_pert,null,-0.0009879213
across_replicates_same_ctx_pert,null,-0.035637423
across_replicates_same_ctx_pert,null,-0.003188092
across_replicates_same_ctx_pert,null,0.003135936
across_replicates_same_ctx_pert,null,0.011695507
across_replicates_same_ctx_pert,null,-0.038769852
across_replicates_same_ctx_pert,null,-0.0038100374
across_replicates_same_ctx_pert,null,0.038429357
across_replicates_same_ctx_pert,null,0.03269658
across_replicates_same_ctx_pert,null,0.031501446
across_replicates_same_ctx_pert,null,-0.02684573
across_replicates_same_ctx_pert,null,0.061168313
across_replicates_same_ctx_pert,null,0.060754113
across_replicates_same_ctx_pert,null,0.0026197706
across_replicates_same_ctx_pert,null,0.003867713
across_replicates_same_ctx_pert,null,0.042424705
across_replicates_same_ctx_pert,null,-0.01339937
across_replicates_same_ctx_pert,null,0.022162756
across_replicates_same_ctx_pert,null,0.055290435
across_replicates_same_ctx_pert,null,0.016775107
across_replicates_same_ctx_pert,null,0.041801807
across_replicates_same_ctx_pert,null,-0.019763354
across_replicates_same_ctx_pert,null,0.04343819
across_replicates_same_ctx_pert,null,-0.019965317
across_replicates_same_ctx_pert,null,-0.006803507
across_replicates_same_ctx_pert,null,0.00084072544
across_replicates_same_ctx_pert,null,0.0045699254
across_replicates_same_ctx_pert,null,-0.03792283
across_replicates_same_ctx_pert,null,-0.026050018
across_replicates_same_ctx_pert,null,-0.03090671
across_replicates_same_ctx_pert,null,-0.058681425
across_replicates_same_ctx_pert,null,0.008163557
across_replicates_same_ctx_pert,null,0.014649512
across_replicates_same_ctx_pert,null,0.1169526
across_replicates_same_ctx_pert,null,0.048195075
across_replicates_same_ctx_pert,null,0.027458783
across_replicates_same_ctx_pert,null,-0.028342217
across_replicates_same_ctx_pert,null,-0.0034914021
across_replicates_same_ctx_pert,null,0.027904423
across_replicates_same_ctx_pert,null,0.030184813
across_replicates_same_ctx_pert,null,-0.030397872
across_replicates_same_ctx_pert,null,-0.022105254
across_replicates_same_ctx_pert,null,-0.038465314
across_replicates_same_ctx_pert,null,-0.013702254
across_replicates_same_ctx_pert,null,0.054493275
across_replicates_same_ctx_pert,null,0.018413171
across_replicates_same_ctx_pert,null,-0.03946413
across_replicates_same_ctx_pert,null,0.008370247
across_replicates_same_ctx_pert,null,0.024354888
across_replicates_same_ctx_pert,null,-0.0064917486
across_replicates_same_ctx_pert,null,-0.04447829
across_replicates_same_ctx_pert,null,0.018703744
across_replicates_same_ctx_pert,null,0.010502863
across_replicates_same_ctx_pert,null,-0.01666207
across_replicates_same_ctx_pert,null,-0.023967896
across_replicates_same_ctx_pert,null,-0.01857849
across_replicates_same_ctx_pert,null,0.011655749
across_replicates_same_ctx_pert,null,-0.028140659
across_replicates_same_ctx_pert,null,0.09593884
across_replicates_same_ctx_pert,null,-0.013412977
across_replicates_same_ctx_pert,null,0.029679026
across_replicates_same_ctx_pert,null,-4.37448e-05
across_replicates_same_ctx_pert,null,-0.030145966
across_replicates_same_ctx_pert,null,0.030627334
across_replicates_same_ctx_pert,null,-0.040089093
across_replicates_same_ctx_pert,null,0.024224363
across_replicates_same_ctx_pert,null,-0.0050281896
across_replicates_same_ctx_pert,null,0.054649282
across_replicates_same_ctx_pert,null,-0.021503488
across_replicates_same_ctx_pert,null,0.029055297
across_replicates_same_ctx_pert,null,0.022665258
across_replicates_same_ctx_pert,null,-0.059492555
across_replicates_same_ctx_pert,null,0.019283945
across_replicates_same_ctx_pert,null,-0.0050480682
across_replicates_same_ctx_pert,null,0.026082618
across_replicates_same_ctx_pert,null,0.002773291
across_replicates_same_ctx_pert,null,0.02183653
across_replicates_same_ctx_pert,null,-0.07359957
across_replicates_same_ctx_pert,null,-0.0012181873
across_replicates_same_ctx_pert,null,0.018257935
across_replicates_same_ctx_pert,null,-0.005826373
across_replicates_same_ctx_pert,null,0.15361282
across_replicates_same_ctx_pert,null,-0.027881796
across_replicates_same_ctx_pert,null,-0.05745874
across_replicates_same_ctx_pert,null,-0.03992338
across_replicates_same_ctx_pert,null,-0.031383876
across_replicates_same_ctx_pert,null,0.0295825
across_replicates_same_ctx_pert,null,-0.010793266
across_replicates_same_ctx_pert,null,-0.03455577
across_replicates_same_ctx_pert,null,-0.045448292
across_replicates_same_ctx_pert,null,-0.011560541
across_replicates_same_ctx_pert,null,0.007786829
across_replicates_same_ctx_pert,null,0.0025232604
across_replicates_same_ctx_pert,null,0.040304918
across_replicates_same_ctx_pert,null,-0.013532882
across_replicates_same_ctx_pert,null,0.016420165
across_replicates_same_ctx_pert,null,-0.01086036
across_replicates_same_ctx_pert,null,0.002442373
across_replicates_same_ctx_pert,null,0.07435993
across_replicates_same_ctx_pert,null,0.0057531763
across_replicates_same_ctx_pert,null,-0.017321674
across_replicates_same_ctx_pert,null,0.16906907
across_replicates_same_ctx_pert,null,-0.0004893176
across_replicates_same_ctx_pert,null,0.5235457
across_replicates_same_ctx_pert,null,-0.10693961
across_replicates_same_ctx_pert,null,0.08010125
across_replicates_same_ctx_pert,null,0.0037968736
across_replicates_same_ctx_pert,null,0.008903265
across_replicates_same_ctx_pert,null,-0.17676756
across_replicates_same_ctx_pert,null,0.0041508498
across_replicates_same_ctx_pert,null,0.0022872654
across_replicates_same_ctx_pert,null,-0.04632449
across_replicates_same_ctx_pert,null,-0.019780397
across_replicates_same_ctx_pert,null,0.03395585
across_replicates_same_ctx_pert,null,-0.021842804
across_replicates_same_ctx_pert,null,-0.008975584
across_replicates_same_ctx_pert,null,0.076965965
across_replicates_same_ctx_pert,null,-0.015326524
across_replicates_same_ctx_pert,null,0.024248293
across_replicates_same_ctx_pert,null,0.044016026
across_replicates_same_ctx_pert,null,-0.03463854
across_replicates_same_ctx_pert,null,0.08014602
across_replicates_same_ctx_pert,null,-0.008621519
across_replicates_same_ctx_pert,null,0.09520897
across_replicates_same_ctx_pert,null,0.014969391
across_replicates_same_ctx_pert,null,-0.00690132
across_replicates_same_ctx_pert,null,-0.005033013
across_replicates_same_ctx_pert,null,0.02725146
across_replicates_same_ctx_pert,null,0.016862163
across_replicates_same_ctx_pert,null,0.18687223
across_replicates_same_ctx_pert,null,-0.032996535
across_replicates_same_ctx_pert,null,0.03170252
across_replicates_same_ctx_pert,null,-0.02935449
across_replicates_same_ctx_pert,null,-0.016394245
across_replicates_same_ctx_pert,null,0.022635069
across_replicates_same_ctx_pert,null,0.043843433
across_replicates_same_ctx_pert,null,0.002757242
across_replicates_same_ctx_pert,null,0.09110205
across_replicates_same_ctx_pert,null,0.023713373
across_replicates_same_ctx_pert,null,0.020324972
across_replicates_same_ctx_pert,null,0.017765287
across_replicates_same_ctx_pert,null,-0.011519172
across_replicates_same_ctx_pert,null,0.00911975
across_replicates_same_ctx_pert,null,-0.002186343
across_replicates_same_ctx_pert,null,0.16820876
across_replicates_same_ctx_pert,null,0.028782906
across_replicates_same_ctx_pert,null,-0.033226788
across_replicates_same_ctx_pert,null,0.042282306
across_replicates_same_ctx_pert,null,-0.017662317
across_replicates_same_ctx_pert,null,0.054384485
across_replicates_same_ctx_pert,null,-0.024518464
across_replicates_same_ctx_pert,null,-0.028567513
across_replicates_same_ctx_pert,null,-0.044878725
across_replicates_same_ctx_pert,null,0.026635712
across_replicates_same_ctx_pert,null,0.03260089
across_replicates_same_ctx_pert,null,0.026910339
across_replicates_same_ctx_pert,null,0.0045983866
across_replicates_same_ctx_pert,null,-0.041552126
across_replicates_same_ctx_pert,null,0.025541052
across_replicates_same_ctx_pert,null,0.006939306
across_replicates_same_ctx_pert,null,-0.028140847
across_replicates_same_ctx_pert,null,-0.030913303
across_replicates_same_ctx_pert,null,-0.020137962
across_replicates_same_ctx_pert,null,-0.0014602925
across_replicates_same_ctx_pert,null,0.005339069
across_replicates_same_ctx_pert,null,0.09848825
across_replicates_same_ctx_pert,null,0.05396468
across_replicates_same_ctx_pert,null,0.0054404037
across_replicates_same_ctx_pert,null,-0.025709776
across_replicates_same_ctx_pert,null,-0.012274482
across_replicates_same_ctx_pert,null,0.13631482
across_replicates_same_ctx_pert,null,-0.016568553
across_replicates_same_ctx_pert,null,0.0023959512
across_replicates_same_ctx_pert,null,0.3416123
across_replicates_same_ctx_pert,null,-0.06787321
across_replicates_same_ctx_pert,null,-0.002902236
across_replicates_same_ctx_pert,null,-0.025239833
across_replicates_same_ctx_pert,null,-0.033358995
across_replicates_same_ctx_pert,null,-0.0067505017
across_replicates_same_ctx_pert,null,-0.030302055
across_replicates_same_ctx_pert,null,-0.049842738
across_replicates_same_ctx_pert,null,0.017187946
across_replicates_same_ctx_pert,null,0.064023204
across_replicates_same_ctx_pert,null,0.020576311
across_replicates_same_ctx_pert,null,-0.020812914
across_replicates_same_ctx_pert,null,0.017400276
across_replicates_same_ctx_pert,null,0.0043970235
across_replicates_same_ctx_pert,null,-0.013358964
across_replicates_same_ctx_pert,null,0.08933976
across_replicates_same_ctx_pert,null,-0.106597714
across_replicates_same_ctx_pert,null,0.018223112
across_replicates_same_ctx_pert,null,0.039419282
across_replicates_same_ctx_pert,null,-0.019569924
across_replicates_same_ctx_pert,null,-0.0012675521
across_replicates_same_ctx_pert,null,-0.027515937
across_replicates_same_ctx_pert,null,-0.11705494
across_replicates_same_ctx_pert,null,0.05101947
across_replicates_same_ctx_pert,null,-0.010400785
across_replicates_same_ctx_pert,null,0.006255818
across_replicates_same_ctx_pert,null,-0.021965126
across_replicates_same_ctx_pert,null,-0.022883654
across_replicates_same_ctx_pert,null,0.0011514777
across_replicates_same_ctx_pert,null,-0.02307558
across_replicates_same_ctx_pert,null,0.036540844
across_replicates_same_ctx_pert,null,-0.010343304
across_replicates_same_ctx_pert,null,0.0030733456
across_replicates_same_ctx_pert,null,-0.044469595
across_replicates_same_ctx_pert,null,-0.010721536
across_replicates_same_ctx_pert,null,0.06424066
across_replicates_same_ctx_pert,null,0.015281534
across_replicates_same_ctx_pert,null,0.053282585
across_replicates_same_ctx_pert,null,-0.036975298
across_replicates_same_ctx_pert,null,0.02284209
across_replicates_same_ctx_pert,null,0.056709412
across_replicates_same_ctx_pert,null,-0.022461602
across_replicates_same_ctx_pert,null,0.001799506
across_replicates_same_ctx_pert,null,-0.00071813376
across_replicates_same_ctx_pert,null,0.022697976
across_replicates_same_ctx_pert,null,0.012398107
across_replicates_same_ctx_pert,null,-0.029992841
across_replicates_same_ctx_pert,null,0.003557147
across_replicates_same_ctx_pert,null,-0.04691353
across_replicates_same_ctx_pert,null,-0.018765025
across_replicates_same_ctx_pert,null,-0.045628496
across_replicates_same_ctx_pert,null,0.014326998
across_replicates_same_ctx_pert,null,0.018686121
across_replicates_same_ctx_pert,null,-0.015149451
across_replicates_same_ctx_pert,null,0.023077432
across_replicates_same_ctx_pert,null,-0.0635251
across_replicates_same_ctx_pert,null,0.01299648
across_replicates_same_ctx_pert,null,-0.032246053
across_replicates_same_ctx_pert,null,0.043264844
across_replicates_same_ctx_pert,null,-0.026732828
across_replicates_same_ctx_pert,null,-0.036289077
across_replicates_same_ctx_pert,null,0.032096356
across_replicates_same_ctx_pert,null,0.0534105
across_replicates_same_ctx_pert,null,0.06574685
across_replicates_same_ctx_pert,null,-0.0008975404
across_replicates_same_ctx_pert,null,0.021104958
across_replicates_same_ctx_pert,null,0.030667514
across_replicates_same_ctx_pert,null,0.0062234546
across_replicates_same_ctx_pert,null,0.0796226
across_replicates_same_ctx_pert,null,0.038253788
across_replicates_same_ctx_pert,null,-0.023029104
across_replicates_same_ctx_pert,null,-0.031928413
across_replicates_same_ctx_pert,null,0.031195689
across_replicates_same_ctx_pert,null,0.01082969
across_replicates_same_ctx_pert,null,-0.024651561
across_replicates_same_ctx_pert,null,-0.038390882
across_replicates_same_ctx_pert,null,-0.042354226
across_replicates_same_ctx_pert,null,0.1789919
across_replicates_same_ctx_pert,null,0.043639973
across_replicates_same_ctx_pert,null,0.014519427
across_replicates_same_ctx_pert,null,0.016112378
across_replicates_same_ctx_pert,null,-0.014365503
across_replicates_same_ctx_pert,null,-0.007879234
across_replicates_same_ctx_pert,null,-0.020343296
across_replicates_same_ctx_pert,null,0.0033416944
across_replicates_same_ctx_pert,null,0.030748682
across_replicates_same_ctx_pert,null,0.03816955
across_replicates_same_ctx_pert,null,0.052330967
across_replicates_same_ctx_pert,null,-0.0773071
across_replicates_same_ctx_pert,null,-0.0026026703
across_replicates_same_ctx_pert,null,-0.037678674
across_replicates_same_ctx_pert,null,0.05643636
across_replicates_same_ctx_pert,null,0.010384547
across_replicates_same_ctx_pert,null,-0.021078555
across_replicates_same_ctx_pert,null,-0.0005414008
across_replicates_same_ctx_pert,null,-0.015050608
across_replicates_same_ctx_pert,null,0.014388581
across_replicates_same_ctx_pert,null,-0.0054280497
across_replicates_same_ctx_pert,null,-0.037634637
across_replicates_same_ctx_pert,null,0.016059082
across_replicates_same_ctx_pert,null,-0.015968379
across_replicates_same_ctx_pert,null,-0.011270192
across_replicates_same_ctx_pert,null,0.004014766
across_replicates_same_ctx_pert,null,0.010140139
across_replicates_same_ctx_pert,null,-0.033669494
across_replicates_same_ctx_pert,null,-0.020225547
across_replicates_same_ctx_pert,null,-0.013014358
across_replicates_same_ctx_pert,null,-0.05445495
across_replicates_same_ctx_pert,null,0.018920066
across_replicates_same_ctx_pert,null,-0.003079721
across_replicates_same_ctx_pert,null,-0.018110365
across_replicates_same_ctx_pert,null,0.019400517
across_replicates_same_ctx_pert,null,0.0025662798
across_replicates_same_ctx_pert,null,0.06429943
across_replicates_same_ctx_pert,null,0.07419145
across_replicates_same_ctx_pert,null,0.039259262
across_replicates_same_ctx_pert,null,-0.004899543
across_replicates_same_ctx_pert,null,-0.018488059
across_replicates_same_ctx_pert,null,0.0010220167
across_replicates_same_ctx_pert,null,0.028139032
across_replicates_same_ctx_pert,null,-0.024145849
across_replicates_same_ctx_pert,null,0.059573896
across_replicates_same_ctx_pert,null,-0.0075551746
across_replicates_same_ctx_pert,null,0.06495287
across_replicates_same_ctx_pert,null,0.013228947
across_replicates_same_ctx_pert,null,0.0039870325
across_replicates_same_ctx_pert,null,0.11780666
across_replicates_same_ctx_pert,null,-0.018575221
across_replicates_same_ctx_pert,null,-0.045876652
across_replicates_same_ctx_pert,null,0.050527837
across_replicates_same_ctx_pert,null,-0.00021508313
across_replicates_same_ctx_pert,null,-0.010899721
across_replicates_same_ctx_pert,null,-0.05284378
across_replicates_same_ctx_pert,null,-0.0045394343
across_replicates_same_ctx_pert,null,0.03575664
across_replicates_same_ctx_pert,null,0.08527983
across_replicates_same_ctx_pert,null,-0.03372506
across_replicates_same_ctx_pert,null,0.0029466297
across_replicates_same_ctx_pert,null,-0.091208756
across_replicates_same_ctx_pert,null,-0.021638438
across_replicates_same_ctx_pert,null,-0.0044282074
across_replicates_same_ctx_pert,null,0.0052778134
across_replicates_same_ctx_pert,null,-0.023773631
across_replicates_same_ctx_pert,null,-0.014974593
across_replicates_same_ctx_pert,null,0.03053569
across_replicates_same_ctx_pert,null,-0.0070011658
across_replicates_same_ctx_pert,null,0.02677236
across_replicates_same_ctx_pert,null,-0.012340636
across_replicates_same_ctx_pert,null,-0.010071531
across_replicates_same_ctx_pert,null,-0.041295186
across_replicates_same_ctx_pert,null,-0.00053711975
across_replicates_same_ctx_pert,null,0.039490227
across_replicates_same_ctx_pert,null,-0.059201553
across_replicates_same_ctx_pert,null,0.013418663
across_replicates_same_ctx_pert,null,-0.006534178
across_replicates_same_ctx_pert,null,-0.026113667
across_replicates_same_ctx_pert,null,0.018539486
across_replicates_same_ctx_pert,null,-0.023020677
across_replicates_same_ctx_pert,null,0.0022662524
across_replicates_same_ctx_pert,null,0.05740302
across_replicates_same_ctx_pert,null,0.00061021006
across_replicates_same_ctx_pert,null,-0.051235333
across_replicates_same_ctx_pert,null,0.03383553
across_replicates_same_ctx_pert,null,0.010452389
across_replicates_same_ctx_pert,null,-0.052678723
across_replicates_same_ctx_pert,null,0.056953307
across_replicates_same_ctx_pert,null,0.0055289427
across_replicates_same_ctx_pert,null,-0.0005252663
across_replicates_same_ctx_pert,null,0.013174888
across_replicates_same_ctx_pert,null,0.036026094
across_replicates_same_ctx_pert,null,0.013396623
across_replicates_same_ctx_pert,null,-0.08881371
across_replicates_same_ctx_pert,null,0.010619578
across_replicates_same_ctx_pert,null,-0.016563475
across_replicates_same_ctx_pert,null,0.025807213
across_replicates_same_ctx_pert,null,-0.014025498
across_replicates_same_ctx_pert,null,0.001123683
across_replicates_same_ctx_pert,null,0.07812054
across_replicates_same_ctx_pert,null,0.043358296
across_replicates_same_ctx_pert,null,-0.01833819
across_replicates_same_ctx_pert,null,-0.022323243
across_replicates_same_ctx_pert,null,-0.02573435
across_replicates_same_ctx_pert,null,-0.025717424
across_replicates_same_ctx_pert,null,-0.014675167
across_replicates_same_ctx_pert,null,-0.00982792
across_replicates_same_ctx_pert,null,-0.050142612
across_replicates_same_ctx_pert,null,0.013376879
across_replicates_same_ctx_pert,null,-0.036072128
across_replicates_same_ctx_pert,null,0.05274768
across_replicates_same_ctx_pert,null,0.019964162
across_replicates_same_ctx_pert,null,0.027136989
across_replicates_same_ctx_pert,null,0.023442408
across_replicates_same_ctx_pert,null,-0.0040324363
across_replicates_same_ctx_pert,null,-0.061147053
across_replicates_same_ctx_pert,null,0.0024718088
across_replicates_same_ctx_pert,null,0.03651917
across_replicates_same_ctx_pert,null,1.5449345e-05
across_replicates_same_ctx_pert,null,-0.0804414
across_replicates_same_ctx_pert,null,-0.041352745
across_replicates_same_ctx_pert,null,0.059398886
across_replicates_same_ctx_pert,null,0.021131916
across_replicates_same_ctx_pert,null,-0.039970886
across_replicates_same_ctx_pert,null,-0.017526323
across_replicates_same_ctx_pert,null,-0.052458476
across_replicates_same_ctx_pert,null,-0.028613927
across_replicates_same_ctx_pert,null,-0.024892837
across_replicates_same_ctx_pert,null,-0.027560458
across_replicates_same_ctx_pert,null,-0.016938854
across_replicates_same_ctx_pert,null,-0.025663503
across_replicates_same_ctx_pert,null,0.015447212
across_replicates_same_ctx_pert,null,-0.006499298
across_replicates_same_ctx_pert,null,0.036943648
across_replicates_same_ctx_pert,null,-0.0118757915
across_replicates_same_ctx_pert,null,0.028423285
across_replicates_same_ctx_pert,null,-0.033425655
across_replicates_same_ctx_pert,null,0.041631367
across_replicates_same_ctx_pert,null,0.028631544
across_replicates_same_ctx_pert,null,-0.01850328
across_replicates_same_ctx_pert,null,-0.053546634
across_replicates_same_ctx_pert,null,0.0028858958
across_replicates_same_ctx_pert,null,0.001687572
across_replicates_same_ctx_pert,null,-0.004128316
across_replicates_same_ctx_pert,null,0.053975344
across_replicates_same_ctx_pert,null,0.033193897
across_replicates_same_ctx_pert,null,0.058164842
across_replicates_same_ctx_pert,null,-0.014604351
across_replicates_same_ctx_pert,null,0.008011175
across_replicates_same_ctx_pert,null,-0.0059394916
across_replicates_same_ctx_pert,null,-0.017984299
across_replicates_same_ctx_pert,null,-0.07100581
across_replicates_same_ctx_pert,null,0.013159274
across_replicates_same_ctx_pert,null,-0.0060966047
across_replicates_same_ctx_pert,null,-0.046018336
across_replicates_same_ctx_pert,null,-0.034543138
across_replicates_same_ctx_pert,null,-0.0034827578
across_replicates_same_ctx_pert,null,-0.036655325
across_replicates_same_ctx_pert,null,0.03127559
across_replicates_same_ctx_pert,null,0.0018740844
across_replicates_same_ctx_pert,null,0.04374802
across_replicates_same_ctx_pert,null,-0.020666813
across_replicates_same_ctx_pert,null,-0.04201558
across_replicates_same_ctx_pert,null,-0.22099756
across_replicates_same_ctx_pert,null,-0.015348449
across_replicates_same_ctx_pert,null,0.017397199
across_replicates_same_ctx_pert,null,-0.057779733
across_replicates_same_ctx_pert,null,0.08397445
across_replicates_same_ctx_pert,null,-0.04337162
across_replicates_same_ctx_pert,null,-0.007794075
across_replicates_same_ctx_pert,null,-0.06549081
across_replicates_same_ctx_pert,null,0.028232915
across_replicates_same_ctx_pert,null,-0.033336814
across_replicates_same_ctx_pert,null,-0.04429058
across_replicates_same_ctx_pert,null,-0.040879186
across_replicates_same_ctx_pert,null,-0.0071495217
across_replicates_same_ctx_pert,null,-0.03430823
across_replicates_same_ctx_pert,null,0.042293604
across_replicates_same_ctx_pert,null,0.030335635
across_replicates_same_ctx_pert,null,0.021320762
across_replicates_same_ctx_pert,null,-0.03139721
across_replicates_same_ctx_pert,null,0.03762679
across_replicates_same_ctx_pert,null,-0.04337184
across_replicates_same_ctx_pert,null,-0.035764735
across_replicates_same_ctx_pert,null,-0.01813819
across_replicates_same_ctx_pert,null,-0.04405493
across_replicates_same_ctx_pert,null,0.024901645
across_replicates_same_ctx_pert,null,-0.015722845
across_replicates_same_ctx_pert,null,-0.032859046
across_replicates_same_ctx_pert,null,0.001426822
across_replicates_same_ctx_pert,null,0.002491632
across_replicates_same_ctx_pert,null,-0.0046146144
across_replicates_same_ctx_pert,null,0.056432102
across_replicates_same_ctx_pert,null,-0.020282412
across_replicates_same_ctx_pert,null,-0.0048443777
across_replicates_same_ctx_pert,null,-0.021327501
across_replicates_same_ctx_pert,null,-0.002950087
across_replicates_same_ctx_pert,null,0.15906894
across_replicates_same_ctx_pert,null,-0.006875746
across_replicates_same_ctx_pert,null,0.040351752
across_replicates_same_ctx_pert,null,-0.05674365
across_replicates_same_ctx_pert,null,0.018885627
across_replicates_same_ctx_pert,null,-0.043863457
across_replicates_same_ctx_pert,null,-0.013107701
across_replicates_same_ctx_pert,null,-0.11295363
across_replicates_same_ctx_pert,null,-0.010559616
across_replicates_same_ctx_pert,null,-0.038334854
across_replicates_same_ctx_pert,null,0.020748232
across_replicates_same_ctx_pert,null,-0.012750097
across_replicates_same_ctx_pert,null,0.016180573
across_replicates_same_ctx_pert,null,-0.109290846
across_replicates_same_ctx_pert,null,-0.016433896
across_replicates_same_ctx_pert,null,0.0030633276
across_replicates_same_ctx_pert,null,0.1203922
across_replicates_same_ctx_pert,null,-0.098558
across_replicates_same_ctx_pert,null,0.038617738
across_replicates_same_ctx_pert,null,-0.0027293342
across_replicates_same_ctx_pert,null,0.01910493
across_replicates_same_ctx_pert,null,0.07297156
across_replicates_same_ctx_pert,null,0.02098711
across_replicates_same_ctx_pert,null,-0.030746356
across_replicates_same_ctx_pert,null,-0.02618307
across_replicates_same_ctx_pert,null,0.014213538
across_replicates_same_ctx_pert,null,0.032979354
across_replicates_same_ctx_pert,null,0.0103587005
across_replicates_same_ctx_pert,null,-0.0039232895
across_replicates_same_ctx_pert,null,-0.035324622
across_replicates_same_ctx_pert,null,-0.07663406
across_replicates_same_ctx_pert,null,-0.05548934
across_replicates_same_ctx_pert,null,0.005905726
across_replicates_same_ctx_pert,null,0.004497388
across_replicates_same_ctx_pert,null,-0.012000479
across_replicates_same_ctx_pert,null,0.009200034
across_replicates_same_ctx_pert,null,-0.048514914
across_replicates_same_ctx_pert,null,-0.037801243
across_replicates_same_ctx_pert,null,0.024624733
across_replicates_same_ctx_pert,null,-0.0133229
across_replicates_same_ctx_pert,null,0.001924832
across_replicates_same_ctx_pert,null,0.023193587
across_replicates_same_ctx_pert,null,-0.04079752
across_replicates_same_ctx_pert,null,-0.041277613
across_replicates_same_ctx_pert,null,0.00200009
across_replicates_same_ctx_pert,null,0.05128455
across_replicates_same_ctx_pert,null,-0.009550053
across_replicates_same_ctx_pert,null,0.026196107
across_replicates_same_ctx_pert,null,-0.031328406
across_replicates_same_ctx_pert,null,0.018314255
across_replicates_same_ctx_pert,null,-0.0010315257
across_replicates_same_ctx_pert,null,-0.035322394
across_replicates_same_ctx_pert,null,0.06871075
across_replicates_same_ctx_pert,null,-0.006125836
across_replicates_same_ctx_pert,null,0.016880618
across_replicates_same_ctx_pert,null,9.119457e-05
across_replicates_same_ctx_pert,null,0.013068526
across_replicates_same_ctx_pert,null,0.06403978
across_replicates_same_ctx_pert,null,-0.045243442
across_replicates_same_ctx_pert,null,0.042936753
across_replicates_same_ctx_pert,null,0.01392675
across_replicates_same_ctx_pert,null,0.033151824
across_replicates_same_ctx_pert,null,-0.008453078
across_replicates_same_ctx_pert,null,-0.0033140827
across_replicates_same_ctx_pert,null,0.0500306
across_replicates_same_ctx_pert,null,0.018195553
across_replicates_same_ctx_pert,null,0.02406353
across_replicates_same_ctx_pert,null,-0.016301496
across_replicates_same_ctx_pert,null,0.022759171
across_replicates_same_ctx_pert,null,-0.009802322
across_replicates_same_ctx_pert,null,0.02902926
across_replicates_same_ctx_pert,null,-0.0348415
across_replicates_same_ctx_pert,null,0.008009295
across_replicates_same_ctx_pert,null,0.19479482
across_replicates_same_ctx_pert,null,-0.007989449
across_replicates_same_ctx_pert,null,-0.027909668
across_replicates_same_ctx_pert,null,-0.03702193
across_replicates_same_ctx_pert,null,0.043685522
across_replicates_same_ctx_pert,null,-0.021887891
across_replicates_same_ctx_pert,null,0.0049024257
across_replicates_same_ctx_pert,null,-0.06309293
across_replicates_same_ctx_pert,null,0.061302688
across_replicates_same_ctx_pert,null,-0.029427746
across_replicates_same_ctx_pert,null,-0.011312034
across_replicates_same_ctx_pert,null,0.062302202
across_replicates_same_ctx_pert,null,0.008588355
across_replicates_same_ctx_pert,null,0.00818806
across_replicates_same_ctx_pert,null,0.0818408
across_replicates_same_ctx_pert,null,-0.01582587
across_replicates_same_ctx_pert,null,0.055473905
across_replicates_same_ctx_pert,null,0.011495253
across_replicates_same_ctx_pert,null,-0.0073755714
across_replicates_same_ctx_pert,null,0.019295538
across_replicates_same_ctx_pert,null,0.032052826
across_replicates_same_ctx_pert,null,-0.039845146
across_replicates_same_ctx_pert,null,0.0126365395
across_replicates_same_ctx_pert,null,0.033894464
across_replicates_same_ctx_pert,null,-0.008640345
across_replicates_same_ctx_pert,null,-0.008418244
across_replicates_same_ctx_pert,null,0.03524573
across_replicates_same_ctx_pert,null,-0.07226738
across_replicates_same_ctx_pert,null,-0.027411362
across_replicates_same_ctx_pert,null,-0.023065934
across_replicates_same_ctx_pert,null,-0.011030395
across_replicates_same_ctx_pert,null,-0.0023743096
across_replicates_same_ctx_pert,null,0.006993638
across_replicates_same_ctx_pert,null,-0.028512403
across_replicates_same_ctx_pert,null,-0.03076655
across_replicates_same_ctx_pert,null,-0.039040256
across_replicates_same_ctx_pert,null,0.0063129915
across_replicates_same_ctx_pert,null,-0.022692468
across_replicates_same_ctx_pert,null,-0.06609351
across_replicates_same_ctx_pert,null,0.05315638
across_replicates_same_ctx_pert,null,-0.026385335
across_replicates_same_ctx_pert,null,0.048004813
across_replicates_same_ctx_pert,null,-0.013028607
across_replicates_same_ctx_pert,null,-0.003203856
across_replicates_same_ctx_pert,null,0.06577609
across_replicates_same_ctx_pert,null,0.04401606
across_replicates_same_ctx_pert,null,-0.011561735
across_replicates_same_ctx_pert,null,0.026897747
across_replicates_same_ctx_pert,null,0.00069989695
across_replicates_same_ctx_pert,null,0.000518102
across_replicates_same_ctx_pert,null,0.022769298
across_replicates_same_ctx_pert,null,0.020991135
across_replicates_same_ctx_pert,null,-0.10837614
across_replicates_same_ctx_pert,null,-0.01619294
across_replicates_same_ctx_pert,null,-0.013445958
across_replicates_same_ctx_pert,null,-0.054155674
across_replicates_same_ctx_pert,null,-0.059059206
across_replicates_same_ctx_pert,null,-0.0029276535
across_replicates_same_ctx_pert,null,0.06057442
across_replicates_same_ctx_pert,null,-0.049671058
across_replicates_same_ctx_pert,null,-0.05966839
across_replicates_same_ctx_pert,null,-0.03289688
across_replicates_same_ctx_pert,null,0.01721952
across_replicates_same_ctx_pert,null,-0.024141481
across_replicates_same_ctx_pert,null,0.007996454
across_replicates_same_ctx_pert,null,-0.00017332572
across_replicates_same_ctx_pert,null,-0.04333485
across_replicates_same_ctx_pert,null,0.097762
across_replicates_same_ctx_pert,null,0.005368862
across_replicates_same_ctx_pert,null,0.017665226
across_replicates_same_ctx_pert,null,0.066016026
across_replicates_same_ctx_pert,null,-0.033137005
across_replicates_same_ctx_pert,null,0.098172724
across_replicates_same_ctx_pert,null,-0.017486652
across_replicates_same_ctx_pert,null,0.026985804
across_replicates_same_ctx_pert,null,-0.010398841
across_replicates_same_ctx_pert,null,-0.0006039501
across_replicates_same_ctx_pert,null,0.033397224
across_replicates_same_ctx_pert,null,-0.002802771
across_replicates_same_ctx_pert,null,-0.101156086
across_replicates_same_ctx_pert,null,0.09031015
across_replicates_same_ctx_pert,null,0.028170606
across_replicates_same_ctx_pert,null,0.020006418
across_replicates_same_ctx_pert,null,0.010712555
across_replicates_same_ctx_pert,null,-0.010653803
across_replicates_same_ctx_pert,null,-0.040287945
across_replicates_same_ctx_pert,null,-0.023640774
across_replicates_same_ctx_pert,null,0.03622911
across_replicates_same_ctx_pert,null,0.01326123
across_replicates_same_ctx_pert,null,0.003776249
across_replicates_same_ctx_pert,null,-0.011189173
across_replicates_same_ctx_pert,null,0.082267955
across_replicates_same_ctx_pert,null,-0.021805579
across_replicates_same_ctx_pert,null,-0.01819676
across_replicates_same_ctx_pert,null,-0.046725277
across_replicates_same_ctx_pert,null,-0.055687245
across_replicates_same_ctx_pert,null,-0.04437837
across_replicates_same_ctx_pert,null,0.041481744
across_replicates_same_ctx_pert,null,0.058936063
across_replicates_same_ctx_pert,null,0.0016656757
across_replicates_same_ctx_pert,null,-0.031377196
across_replicates_same_ctx_pert,null,-0.034299362
across_replicates_same_ctx_pert,null,0.048130624
across_replicates_same_ctx_pert,null,0.069334805
across_replicates_same_ctx_pert,null,0.036267
across_replicates_same_ctx_pert,null,-1.6038433e-05
across_replicates_same_ctx_pert,null,0.020743899
across_replicates_same_ctx_pert,null,0.10237148
across_replicates_same_ctx_pert,null,-0.050438482
across_replicates_same_ctx_pert,null,-0.00026654376
across_replicates_same_ctx_pert,null,0.013208509
across_replicates_same_ctx_pert,null,0.0021136217
across_replicates_same_ctx_pert,null,0.039067257
across_replicates_same_ctx_pert,null,0.099256285
across_replicates_same_ctx_pert,null,0.0039679855
across_replicates_same_ctx_pert,null,-0.074970044
across_replicates_same_ctx_pert,null,0.0031133806
across_replicates_same_ctx_pert,null,0.11674579
across_replicates_same_ctx_pert,null,0.0194351
across_replicates_same_ctx_pert,null,-0.020496778
across_replicates_same_ctx_pert,null,-0.018197568
across_replicates_same_ctx_pert,null,0.025082976
across_replicates_same_ctx_pert,null,-0.019117258
across_replicates_same_ctx_pert,null,0.020194044
across_replicates_same_ctx_pert,null,0.0037997754
across_replicates_same_ctx_pert,null,0.080823764
across_replicates_same_ctx_pert,null,0.014420834
across_replicates_same_ctx_pert,null,0.0053661824
across_replicates_same_ctx_pert,null,0.07248419
across_replicates_same_ctx_pert,null,-0.045575555
across_replicates_same_ctx_pert,null,-0.008205578
across_replicates_same_ctx_pert,null,-0.015211502
across_replicates_same_ctx_pert,null,0.01224369
across_replicates_same_ctx_pert,null,0.03665146
across_replicates_same_ctx_pert,null,0.060533553
across_replicates_same_ctx_pert,null,0.024344936
across_replicates_same_ctx_pert,null,0.07573668
across_replicates_same_ctx_pert,null,-0.040462483
across_replicates_same_ctx_pert,null,0.17475636
across_replicates_same_ctx_pert,null,-0.02010879
across_replicates_same_ctx_pert,null,-0.04974981
across_replicates_same_ctx_pert,null,-0.036600776
across_replicates_same_ctx_pert,null,0.026067723
across_replicates_same_ctx_pert,null,-0.04207194
across_replicates_same_ctx_pert,null,-0.030812409
across_replicates_same_ctx_pert,null,0.0012613533
across_replicates_same_ctx_pert,null,-0.024681333
across_replicates_same_ctx_pert,null,-0.018796207
across_replicates_same_ctx_pert,null,-0.01932306
across_replicates_same_ctx_pert,null,0.0201512
across_replicates_same_ctx_pert,null,0.011152597
across_replicates_same_ctx_pert,null,0.008239617
across_replicates_same_ctx_pert,null,0.016049327
across_replicates_same_ctx_pert,null,0.032814756
across_replicates_same_ctx_pert,null,-0.017473886
across_replicates_same_ctx_pert,null,-0.043174066
across_replicates_same_ctx_pert,null,0.018859174
across_replicates_same_ctx_pert,null,-0.0005812244
across_replicates_same_ctx_pert,null,0.047774296
across_replicates_same_ctx_pert,null,-0.04053343
across_replicates_same_ctx_pert,null,-0.036681663
across_replicates_same_ctx_pert,null,-0.042104065
across_replicates_same_ctx_pert,null,0.072694734
across_replicates_same_ctx_pert,null,0.038155902
across_replicates_same_ctx_pert,null,-0.029379036
across_replicates_same_ctx_pert,null,-0.05827672
across_replicates_same_ctx_pert,null,-0.018421251
across_replicates_same_ctx_pert,null,-0.008163882
across_replicates_same_ctx_pert,null,-0.034418568
across_replicates_same_ctx_pert,null,-0.041393235
across_replicates_same_ctx_pert,null,-0.053501382
across_replicates_same_ctx_pert,null,0.09260494
across_replicates_same_ctx_pert,null,0.016563527
across_replicates_same_ctx_pert,null,-0.03583143
across_replicates_same_ctx_pert,null,-0.041153517
across_replicates_same_ctx_pert,null,-0.039858416
across_replicates_same_ctx_pert,null,0.011332402
across_replicates_same_ctx_pert,null,0.026813637
across_replicates_same_ctx_pert,null,0.10517522
across_replicates_same_ctx_pert,null,-0.025401378
across_replicates_same_ctx_pert,null,-0.06245534
across_replicates_same_ctx_pert,null,-0.016681887
across_replicates_same_ctx_pert,null,0.028571438
across_replicates_same_ctx_pert,null,-0.0132701
across_replicates_same_ctx_pert,null,0.020223994
across_replicates_same_ctx_pert,null,0.023380533
across_replicates_same_ctx_pert,null,-0.019163186
across_replicates_same_ctx_pert,null,0.023161814
across_replicates_same_ctx_pert,null,0.014075114
across_replicates_same_ctx_pert,null,-0.0069167325
across_replicates_same_ctx_pert,null,0.0125477025
across_replicates_same_ctx_pert,null,-0.009450861
across_replicates_same_ctx_pert,null,-0.0045509855
across_replicates_same_ctx_pert,null,-0.02445218
across_replicates_same_ctx_pert,null,-0.012841066
across_replicates_same_ctx_pert,null,0.073533386
across_replicates_same_ctx_pert,null,0.00089873245
across_replicates_same_ctx_pert,null,0.08821481
across_replicates_same_ctx_pert,null,-0.003727885
across_replicates_same_ctx_pert,null,-0.054367688
across_replicates_same_ctx_pert,null,0.046176217
across_replicates_same_ctx_pert,null,-0.0026655486
across_replicates_same_ctx_pert,null,0.01783258
across_replicates_same_ctx_pert,null,0.0006545668
across_replicates_same_ctx_pert,null,-0.028458403
across_replicates_same_ctx_pert,null,-0.0074282894
across_replicates_same_ctx_pert,null,-0.008947425
across_replicates_same_ctx_pert,null,0.0063802204
across_replicates_same_ctx_pert,null,-0.00064559
across_replicates_same_ctx_pert,null,-0.025248533
across_replicates_same_ctx_pert,null,0.029466389
across_replicates_same_ctx_pert,null,-0.010309471
across_replicates_same_ctx_pert,null,0.012411973
across_replicates_same_ctx_pert,null,-0.013510489
across_replicates_same_ctx_pert,null,-0.03344209
across_replicates_same_ctx_pert,null,-0.022264903
across_replicates_same_ctx_pert,null,0.016343478
across_replicates_same_ctx_pert,null,0.008828781
across_replicates_same_ctx_pert,null,-0.016819278
across_replicates_same_ctx_pert,null,-0.024922369
across_replicates_same_ctx_pert,null,-0.11764762
across_replicates_same_ctx_pert,null,-0.014435281
across_replicates_same_ctx_pert,null,-0.039579824
across_replicates_same_ctx_pert,null,-0.06369324
across_replicates_same_ctx_pert,null,-0.027995925
across_replicates_same_ctx_pert,null,-0.010449434
across_replicates_same_ctx_pert,null,-0.027674416
across_replicates_same_ctx_pert,null,-0.0042029154
across_replicates_same_ctx_pert,null,-0.043506127
across_replicates_same_ctx_pert,null,-0.0021381823
across_replicates_same_ctx_pert,null,-0.014022522
across_replicates_same_ctx_pert,null,0.048014153
across_replicates_same_ctx_pert,null,-0.013677706
across_replicates_same_ctx_pert,null,0.015561789
across_replicates_same_ctx_pert,null,-0.0057995394
across_replicates_same_ctx_pert,null,-0.038894333
across_replicates_same_ctx_pert,null,-0.063973136
across_replicates_same_ctx_pert,null,0.017366536
across_replicates_same_ctx_pert,null,-0.070357166
across_replicates_same_ctx_pert,null,0.24139668
across_replicates_same_ctx_pert,null,-0.030462515
across_replicates_same_ctx_pert,null,0.055627678
across_replicates_same_ctx_pert,null,-0.023345929
across_replicates_same_ctx_pert,null,0.005987797
across_replicates_same_ctx_pert,null,-0.0074452194
across_replicates_same_ctx_pert,null,-0.033511512
across_replicates_same_ctx_pert,null,-0.04427954
across_replicates_same_ctx_pert,null,-0.0078003546
across_replicates_same_ctx_pert,null,-0.00031938544
across_replicates_same_ctx_pert,null,0.027622594
across_replicates_same_ctx_pert,null,-0.022458483
across_replicates_same_ctx_pert,null,0.02729923
across_replicates_same_ctx_pert,null,-0.031071864
across_replicates_same_ctx_pert,null,-0.08235272
across_replicates_same_ctx_pert,null,-0.063558415
across_replicates_same_ctx_pert,null,-0.033298932
across_replicates_same_ctx_pert,null,-0.009614264
across_replicates_same_ctx_pert,null,-0.016514143
across_replicates_same_ctx_pert,null,0.034672607
across_replicates_same_ctx_pert,null,0.08176308
across_replicates_same_ctx_pert,null,0.016485656
across_replicates_same_ctx_pert,null,0.05005248
across_replicates_same_ctx_pert,null,0.015809285
across_replicates_same_ctx_pert,null,0.0107594505
across_replicates_same_ctx_pert,null,-0.043442152
across_replicates_same_ctx_pert,null,-0.04645081
across_replicates_same_ctx_pert,null,0.03602775
across_replicates_same_ctx_pert,null,0.0114217345
across_replicates_same_ctx_pert,null,0.00040994317
across_replicates_same_ctx_pert,null,0.15738335
across_replicates_same_ctx_pert,null,-0.009528501
across_replicates_same_ctx_pert,null,-0.0277637
across_replicates_same_ctx_pert,null,-0.036989264
across_replicates_same_ctx_pert,null,0.08741002
across_replicates_same_ctx_pert,null,0.011647552
across_replicates_same_ctx_pert,null,0.12285923
across_replicates_same_ctx_pert,null,-0.018613162
across_replicates_same_ctx_pert,null,-0.055174347
across_replicates_same_ctx_pert,null,0.041113365
across_replicates_same_ctx_pert,null,-0.03606616
across_replicates_same_ctx_pert,null,0.035361167
across_replicates_same_ctx_pert,null,-0.033038378
across_replicates_same_ctx_pert,null,0.0551002
across_replicates_same_ctx_pert,null,-0.0046904543
across_replicates_same_ctx_pert,null,-0.01698606
across_replicates_same_ctx_pert,null,0.019946363
across_replicates_same_ctx_pert,null,0.050068635
across_replicates_same_ctx_pert,null,-0.021802427
across_replicates_same_ctx_pert,null,-0.040768076
across_replicates_same_ctx_pert,null,0.0069745537
across_replicates_same_ctx_pert,null,0.04083949
across_replicates_same_ctx_pert,null,-0.02475928
across_replicates_same_ctx_pert,null,-0.02564509
across_replicates_same_ctx_pert,null,0.0008729715
across_replicates_same_ctx_pert,null,-0.041792873
across_replicates_same_ctx_pert,null,-0.04509713
across_replicates_same_ctx_pert,null,-0.029463217
across_replicates_same_ctx_pert,null,0.08743772
across_replicates_same_ctx_pert,null,0.010284741
across_replicates_same_ctx_pert,null,0.026783496
across_replicates_same_ctx_pert,null,0.09295658
across_replicates_same_ctx_pert,null,0.020367237
across_replicates_same_ctx_pert,null,-0.027511371
across_replicates_same_ctx_pert,null,0.051073235
across_replicates_same_ctx_pert,null,-0.07378631
across_replicates_same_ctx_pert,null,-0.029143766
across_replicates_same_ctx_pert,null,-0.00480197
across_replicates_same_ctx_pert,null,-0.025159592
across_replicates_same_ctx_pert,null,-0.042846
across_replicates_same_ctx_pert,null,0.074699484
across_replicates_same_ctx_pert,null,0.023644894
across_replicates_same_ctx_pert,null,0.012058296
across_replicates_same_ctx_pert,null,0.04659311
across_replicates_same_ctx_pert,null,-0.038146127
across_replicates_same_ctx_pert,null,-0.00691373
across_replicates_same_ctx_pert,null,0.012785848
across_replicates_same_ctx_pert,null,0.04526433
across_replicates_same_ctx_pert,null,0.0037723358
across_replicates_same_ctx_pert,null,0.023072863
across_replicates_same_ctx_pert,null,0.068023816
across_replicates_same_ctx_pert,null,-0.011418685
across_replicates_same_ctx_pert,null,-0.022939287
across_replicates_same_ctx_pert,null,-0.024212932
across_replicates_same_ctx_pert,null,0.059323434
across_replicates_same_ctx_pert,null,0.024924064
across_replicates_same_ctx_pert,null,-0.001231232
across_replicates_same_ctx_pert,null,-0.009520134
across_replicates_same_ctx_pert,null,-0.047901157
across_replicates_same_ctx_pert,null,-0.0084071625
across_replicates_same_ctx_pert,null,-0.04922957
across_replicates_same_ctx_pert,null,-0.016897144
across_replicates_same_ctx_pert,null,-0.13604033
across_replicates_same_ctx_pert,null,-0.00714737
across_replicates_same_ctx_pert,null,0.09698638
across_replicates_same_ctx_pert,null,0.040288646
across_replicates_same_ctx_pert,null,0.03146274
across_replicates_same_ctx_pert,null,0.045226067
across_replicates_same_ctx_pert,null,-0.013728832
across_replicates_same_ctx_pert,null,0.021274138
across_replicates_same_ctx_pert,null,-0.017566208
across_replicates_same_ctx_pert,null,0.0011482452
across_replicates_same_ctx_pert,null,-0.027986316
across_replicates_same_ctx_pert,null,0.010232416
across_replicates_same_ctx_pert,null,-0.050265327
across_replicates_same_ctx_pert,null,-0.06277416
across_replicates_same_ctx_pert,null,0.0068030274
across_replicates_same_ctx_pert,null,0.01248989
across_replicates_same_ctx_pert,null,0.052628044
across_replicates_same_ctx_pert,null,0.024871714
across_replicates_same_ctx_pert,null,-0.008332485
across_replicates_same_ctx_pert,null,0.031136489
across_replicates_same_ctx_pert,null,0.005767095
across_replicates_same_ctx_pert,null,-0.018814083
across_replicates_same_ctx_pert,null,-0.020889945
across_replicates_same_ctx_pert,null,0.027716305
across_replicates_same_ctx_pert,null,-0.011995012
across_replicates_same_ctx_pert,null,-0.039655533
across_replicates_same_ctx_pert,null,-0.01493478
across_replicates_same_ctx_pert,null,0.08032868
across_replicates_same_ctx_pert,null,-0.031760722
across_replicates_same_ctx_pert,null,-0.05553269
across_replicates_same_ctx_pert,null,0.017552871
across_replicates_same_ctx_pert,null,0.018580144
across_replicates_same_ctx_pert,null,-0.0031869693
across_replicates_same_ctx_pert,null,-0.019409344
across_replicates_same_ctx_pert,null,-0.0041464255
across_replicates_same_ctx_pert,null,-0.062348347
across_replicates_same_ctx_pert,null,-0.045528248
across_replicates_same_ctx_pert,null,-0.020985434
across_replicates_same_ctx_pert,null,0.000910727
across_replicates_same_ctx_pert,null,-0.023704065
across_replicates_same_ctx_pert,null,0.064357
across_replicates_same_ctx_pert,null,0.015812794
across_replicates_same_ctx_pert,null,-0.006671333
across_replicates_same_ctx_pert,null,-0.022811798
across_replicates_same_ctx_pert,null,-0.0028189188
across_replicates_same_ctx_pert,null,0.08382642
across_replicates_same_ctx_pert,null,0.0098207025
across_replicates_same_ctx_pert,null,-0.027252275
across_replicates_same_ctx_pert,null,0.008807857
across_replicates_same_ctx_pert,null,0.008871438
across_replicates_same_ctx_pert,null,-0.020300603
across_replicates_same_ctx_pert,null,-0.027237574
across_replicates_same_ctx_pert,null,-0.0179942
across_replicates_same_ctx_pert,null,0.019537918
across_replicates_same_ctx_pert,null,-0.0038020776
across_replicates_same_ctx_pert,null,-0.008651748
across_replicates_same_ctx_pert,null,-0.008766923
across_replicates_same_ctx_pert,null,0.051091284
across_replicates_same_ctx_pert,null,-0.026462084
across_replicates_same_ctx_pert,null,0.03358563
across_replicates_same_ctx_pert,null,-0.035504717
across_replicates_same_ctx_pert,null,-0.0049254633
across_replicates_same_ctx_pert,null,0.024999246
across_replicates_same_ctx_pert,null,0.0038375836
across_replicates_same_ctx_pert,null,-0.017071534
across_replicates_same_ctx_pert,null,0.024202475
across_replicates_same_ctx_pert,null,-0.036327165
across_replicates_same_ctx_pert,null,0.0059261024
across_replicates_same_ctx_pert,null,0.002482011
across_replicates_same_ctx_pert,null,-0.04109889
across_replicates_same_ctx_pert,null,-0.0030142388
across_replicates_same_ctx_pert,null,-0.18094468
across_replicates_same_ctx_pert,null,0.02979064
across_replicates_same_ctx_pert,null,-0.011262204
across_replicates_same_ctx_pert,null,0.024807887
across_replicates_same_ctx_pert,null,0.063191935
across_replicates_same_ctx_pert,null,0.0075259563
across_replicates_same_ctx_pert,null,-0.04400596
across_replicates_same_ctx_pert,null,-0.015825694
across_replicates_same_ctx_pert,null,0.017177917
across_replicates_same_ctx_pert,null,-0.019104
across_replicates_same_ctx_pert,null,0.018451612
across_replicates_same_ctx_pert,null,0.011487312
across_replicates_same_ctx_pert,null,-0.020509416
across_replicates_same_ctx_pert,null,0.03499237
across_replicates_same_ctx_pert,null,0.0012191486
across_replicates_same_ctx_pert,null,0.042442437
across_replicates_same_ctx_pert,null,0.0074401647
across_replicates_same_ctx_pert,null,0.0058615226
across_replicates_same_ctx_pert,null,-0.042551324
across_replicates_same_ctx_pert,null,0.015915865
across_replicates_same_ctx_pert,null,-0.0695112
across_replicates_same_ctx_pert,null,0.0726567
across_replicates_same_ctx_pert,null,0.031698205
across_replicates_same_ctx_pert,null,0.027599242
across_replicates_same_ctx_pert,null,-0.06018564
across_replicates_same_ctx_pert,null,0.027951105
across_replicates_same_ctx_pert,null,0.04696243
across_replicates_same_ctx_pert,null,-0.0034261164
across_replicates_same_ctx_pert,null,0.05338721
across_replicates_same_ctx_pert,null,0.006189973
across_replicates_same_ctx_pert,null,0.010817635
across_replicates_same_ctx_pert,null,0.05244757
across_replicates_same_ctx_pert,null,0.0069418275
across_replicates_same_ctx_pert,null,0.054305214
across_replicates_same_ctx_pert,null,0.087979876
across_replicates_same_ctx_pert,null,0.006552152
across_replicates_same_ctx_pert,null,-0.04065562
across_replicates_same_ctx_pert,null,0.067081735
across_replicates_same_ctx_pert,null,0.023022529
across_replicates_same_ctx_pert,null,0.059295036
across_replicates_same_ctx_pert,null,0.012041918
across_replicates_same_ctx_pert,null,-0.04308261
across_replicates_same_ctx_pert,null,-0.033376344
across_replicates_same_ctx_pert,null,-0.03479755
across_replicates_same_ctx_pert,null,0.015039881
across_replicates_same_ctx_pert,null,-0.0010801503
across_replicates_same_ctx_pert,null,0.02503949
across_replicates_same_ctx_pert,null,-0.0021543545
across_replicates_same_ctx_pert,null,-0.014814971
across_replicates_same_ctx_pert,null,-0.054773703
across_replicates_same_ctx_pert,null,-0.020020697
across_replicates_same_ctx_pert,null,-0.015356211
across_replicates_same_ctx_pert,null,-0.013770235
across_replicates_same_ctx_pert,null,0.01138146
across_replicates_same_ctx_pert,null,-0.09852214
across_replicates_same_ctx_pert,null,0.0072204676
across_replicates_same_ctx_pert,null,-0.041235454
across_replicates_same_ctx_pert,null,0.012874332
across_replicates_same_ctx_pert,null,-0.008405444
across_replicates_same_ctx_pert,null,0.1074585
across_replicates_same_ctx_pert,null,-0.032237455
across_replicates_same_ctx_pert,null,-0.0023079452
across_replicates_same_ctx_pert,null,0.013232564
across_replicates_same_ctx_pert,null,0.06795214
across_replicates_same_ctx_pert,null,0.06636196
across_replicates_same_ctx_pert,null,0.01464724
across_replicates_same_ctx_pert,null,-0.0015937034
across_replicates_same_ctx_pert,null,0.023140669
across_replicates_same_ctx_pert,null,-0.007052876
across_replicates_same_ctx_pert,null,-0.002345201
across_replicates_same_ctx_pert,null,0.09496962
across_replicates_same_ctx_pert,null,-0.022645347
across_replicates_same_ctx_pert,null,-0.0680328
across_replicates_same_ctx_pert,null,0.08511332
across_replicates_same_ctx_pert,null,-0.038879912
across_replicates_same_ctx_pert,null,-0.030743888
across_replicates_same_ctx_pert,null,0.005640713
across_replicates_same_ctx_pert,null,0.030174553
across_replicates_same_ctx_pert,null,-0.03968727
across_replicates_same_ctx_pert,null,-0.096426934
across_replicates_same_ctx_pert,null,0.009870404
across_replicates_same_ctx_pert,null,-0.03693123
across_replicates_same_ctx_pert,null,0.065866694
across_replicates_same_ctx_pert,null,-0.066243716
across_replicates_same_ctx_pert,null,-0.032475747
across_replicates_same_ctx_pert,null,0.00054769864
across_replicates_same_ctx_pert,null,0.012926507
across_replicates_same_ctx_pert,null,0.07906041
across_replicates_same_ctx_pert,null,-0.030446855
across_replicates_same_ctx_pert,null,0.026217755
across_replicates_same_ctx_pert,null,0.033173084
across_replicates_same_ctx_pert,null,0.006567607
across_replicates_same_ctx_pert,null,0.009595348
across_replicates_same_ctx_pert,null,-0.02008249
across_replicates_same_ctx_pert,null,-0.02878873
across_replicates_same_ctx_pert,null,0.037330747
across_replicates_same_ctx_pert,null,-0.047698226
across_replicates_same_ctx_pert,null,0.0462806
across_replicates_same_ctx_pert,null,-0.011210544
across_replicates_same_ctx_pert,null,-0.043904684
across_replicates_same_ctx_pert,null,-0.03157581
across_replicates_same_ctx_pert,null,-0.11606572
across_replicates_same_ctx_pert,null,-0.043802775
across_replicates_same_ctx_pert,null,-0.0036307997
across_replicates_same_ctx_pert,null,-0.08927623
across_replicates_same_ctx_pert,null,-0.035792857
across_replicates_same_ctx_pert,null,-0.0005638801
across_replicates_same_ctx_pert,null,-0.15603013
across_replicates_same_ctx_pert,null,-0.013004952
across_replicates_same_ctx_pert,null,0.021924531
across_replicates_same_ctx_pert,null,-0.07039057
across_replicates_same_ctx_pert,null,-0.043003272
across_replicates_same_ctx_pert,null,0.011559163
across_replicates_same_ctx_pert,null,-0.016236326
across_replicates_same_ctx_pert,null,-0.019705335
across_replicates_same_ctx_pert,null,-0.04135693
across_replicates_same_ctx_pert,null,-0.016774869
across_replicates_same_ctx_pert,null,-0.004132098
across_replicates_same_ctx_pert,null,-0.025959004
across_replicates_same_ctx_pert,null,0.061469655
across_replicates_same_ctx_pert,null,0.037491266
across_replicates_same_ctx_pert,null,-0.036800563
across_replicates_same_ctx_pert,null,-0.022359308
across_replicates_same_ctx_pert,null,-0.034440815
across_replicates_same_ctx_pert,null,-0.022999229
across_replicates_same_ctx_pert,null,-0.071385175
across_replicates_same_ctx_pert,null,-0.012191949
across_replicates_same_ctx_pert,null,-0.0057706144
across_replicates_same_ctx_pert,null,0.060011722
across_replicates_same_ctx_pert,null,0.017936012
across_replicates_same_ctx_pert,null,-0.12271504
across_replicates_same_ctx_pert,null,-0.008980053
across_replicates_same_ctx_pert,null,0.025951516
across_replicates_same_ctx_pert,null,-0.03024713
across_replicates_same_ctx_pert,null,-0.025014786
across_replicates_same_ctx_pert,null,0.020431101
across_replicates_same_ctx_pert,null,0.005681397
across_replicates_same_ctx_pert,null,-0.024778608
across_replicates_same_ctx_pert,null,-0.03267387
across_replicates_same_ctx_pert,null,-0.026969226
across_replicates_same_ctx_pert,null,-0.043635
across_replicates_same_ctx_pert,null,0.028476989
across_replicates_same_ctx_pert,null,-0.03596161
across_replicates_same_ctx_pert,null,-0.0074139317
across_replicates_same_ctx_pert,null,0.12627454
across_replicates_same_ctx_pert,null,0.0025154175
across_replicates_same_ctx_pert,null,-0.034491744
across_replicates_same_ctx_pert,null,0.07204405
across_replicates_same_ctx_pert,null,0.014455314
across_replicates_same_ctx_pert,null,-0.01079605
across_replicates_same_ctx_pert,null,-0.01667216
across_replicates_same_ctx_pert,null,-0.03178964
across_replicates_same_ctx_pert,null,-0.042105976
across_replicates_same_ctx_pert,null,-0.024965787
across_replicates_same_ctx_pert,null,-0.02691179
across_replicates_same_ctx_pert,null,0.0044671865
across_replicates_same_ctx_pert,null,0.16281094
across_replicates_same_ctx_pert,null,-0.022940498
across_replicates_same_ctx_pert,null,-0.015020807
across_replicates_same_ctx_pert,null,0.011748487
across_replicates_same_ctx_pert,null,0.02302232
across_replicates_same_ctx_pert,null,-0.018464979
across_replicates_same_ctx_pert,null,0.024856685
across_replicates_same_ctx_pert,null,0.029611317
across_replicates_same_ctx_pert,null,-0.018907988
across_replicates_same_ctx_pert,null,0.019098833
across_replicates_same_ctx_pert,null,-0.03590352
across_replicates_same_ctx_pert,null,-0.04293815
across_replicates_same_ctx_pert,null,0.102611475
across_replicates_same_ctx_pert,null,-0.061846357
across_replicates_same_ctx_pert,null,-0.03311688
across_replicates_same_ctx_pert,null,-0.010451343
across_replicates_same_ctx_pert,null,0.039778914
across_replicates_same_ctx_pert,null,0.01273838
across_replicates_same_ctx_pert,null,-0.005886613
across_replicates_same_ctx_pert,null,0.04719043
across_replicates_same_ctx_pert,null,-0.032690153
across_replicates_same_ctx_pert,null,-0.040872946
across_replicates_same_ctx_pert,null,0.01464463
across_replicates_same_ctx_pert,null,0.0037784996
across_replicates_same_ctx_pert,null,-0.028452411
across_replicates_same_ctx_pert,null,-0.023411741
across_replicates_same_ctx_pert,null,-0.085863866
across_replicates_same_ctx_pert,null,-0.015467352
across_replicates_same_ctx_pert,null,0.004644936
across_replicates_same_ctx_pert,null,0.013951952
across_replicates_same_ctx_pert,null,0.02408307
across_replicates_same_ctx_pert,null,0.004817285
across_replicates_same_ctx_pert,null,0.015129254
across_replicates_same_ctx_pert,null,-0.0020790847
across_replicates_same_ctx_pert,null,0.1090177
across_replicates_same_ctx_pert,null,-0.043700933
across_replicates_same_ctx_pert,null,0.013083172
across_replicates_same_ctx_pert,null,-0.054180194
across_replicates_same_ctx_pert,null,-0.01288379
across_replicates_same_ctx_pert,null,0.0019091867
across_replicates_same_ctx_pert,null,0.00095718144
across_replicates_same_ctx_pert,null,0.0032769113
across_replicates_same_ctx_pert,null,0.031315595
across_replicates_same_ctx_pert,null,-0.030634778
across_replicates_same_ctx_pert,null,-0.1384037
across_replicates_same_ctx_pert,null,-0.009975039
across_replicates_same_ctx_pert,null,-0.0054501425
across_replicates_same_ctx_pert,null,0.017257541
across_replicates_same_ctx_pert,null,0.06695011
across_replicates_same_ctx_pert,null,0.007288832
across_replicates_same_ctx_pert,null,0.0892333
across_replicates_same_ctx_pert,null,-0.0120159
across_replicates_same_ctx_pert,null,-0.0036387234
across_replicates_same_ctx_pert,null,-0.02148177
across_replicates_same_ctx_pert,null,-0.02854706
across_replicates_same_ctx_pert,null,-0.011504835
across_replicates_same_ctx_pert,null,-0.011189724
across_replicates_same_ctx_pert,null,-0.023062944
across_replicates_same_ctx_pert,null,-0.07648671
across_replicates_same_ctx_pert,null,-0.07787802
across_replicates_same_ctx_pert,null,-0.02504402
across_replicates_same_ctx_pert,null,0.046990823
across_replicates_same_ctx_pert,null,-0.03169947
across_replicates_same_ctx_pert,null,0.034706045
across_replicates_same_ctx_pert,null,-0.023948915
across_replicates_same_ctx_pert,null,-0.048591528
across_replicates_same_ctx_pert,null,0.00707809
across_replicates_same_ctx_pert,null,0.0012731963
across_replicates_same_ctx_pert,null,0.00013424939
across_replicates_same_ctx_pert,null,-0.01033943
across_replicates_same_ctx_pert,null,0.0065006493
across_replicates_same_ctx_pert,null,-0.0066659106
across_replicates_same_ctx_pert,null,-0.013319003
across_replicates_same_ctx_pert,null,0.0031439024
across_replicates_same_ctx_pert,null,-0.0010254236
across_replicates_same_ctx_pert,null,0.014897524
across_replicates_same_ctx_pert,null,0.016095633
across_replicates_same_ctx_pert,null,-0.025989316
across_replicates_same_ctx_pert,null,-0.0071188235
across_replicates_same_ctx_pert,null,-0.030338936
across_replicates_same_ctx_pert,null,0.006801889
across_replicates_same_ctx_pert,null,0.003639812
across_replicates_same_ctx_pert,null,0.064350344
across_replicates_same_ctx_pert,null,0.023397965
across_replicates_same_ctx_pert,null,-0.029187245
across_replicates_same_ctx_pert,null,0.024499757
across_replicates_same_ctx_pert,null,-0.033162605
across_replicates_same_ctx_pert,null,0.0033151496
across_replicates_same_ctx_pert,null,0.0032264972
across_replicates_same_ctx_pert,null,0.054407142
across_replicates_same_ctx_pert,null,-0.024183495
across_replicates_same_ctx_pert,null,-0.0017052321
across_replicates_same_ctx_pert,null,-0.091349386
across_replicates_same_ctx_pert,null,-0.0052207257
across_replicates_same_ctx_pert,null,0.062656775
across_replicates_same_ctx_pert,null,0.029957542
across_replicates_same_ctx_pert,null,-0.09797181
across_replicates_same_ctx_pert,null,-0.010915399
across_replicates_same_ctx_pert,null,-0.03618436
across_replicates_same_ctx_pert,null,-0.022984687
across_replicates_same_ctx_pert,null,0.10647317
across_replicates_same_ctx_pert,null,-0.021644754
across_replicates_same_ctx_pert,null,-0.036396053
across_replicates_same_ctx_pert,null,-0.060085624
across_replicates_same_ctx_pert,null,0.061681703
across_replicates_same_ctx_pert,null,-0.04295451
across_replicates_same_ctx_pert,null,-0.030027809
across_replicates_same_ctx_pert,null,-0.025801934
across_replicates_same_ctx_pert,null,0.038684994
across_replicates_same_ctx_pert,null,0.006137459
across_replicates_same_ctx_pert,null,0.012975572
across_replicates_same_ctx_pert,null,-0.020054724
across_replicates_same_ctx_pert,null,-0.029622154
across_replicates_same_ctx_pert,null,0.007803385
across_replicates_same_ctx_pert,null,-0.0116040325
across_replicates_same_ctx_pert,null,0.07136776
across_replicates_same_ctx_pert,null,-0.1085544
across_replicates_same_ctx_pert,null,-0.092580214
across_replicates_same_ctx_pert,null,-0.012361411
across_replicates_same_ctx_pert,null,-0.06819565
across_replicates_same_ctx_pert,null,-0.032846276
across_replicates_same_ctx_pert,null,-0.024129068
across_replicates_same_ctx_pert,null,0.029435301
across_replicates_same_ctx_pert,null,-0.004865695
across_replicates_same_ctx_pert,null,0.08222997
across_replicates_same_ctx_pert,null,-0.0018565882
across_replicates_same_ctx_pert,null,-0.034691446
across_replicates_same_ctx_pert,null,-0.013741309
across_replicates_same_ctx_pert,null,0.034861762
across_replicates_same_ctx_pert,null,-0.038381334
across_replicates_same_ctx_pert,null,-0.034350313
across_replicates_same_ctx_pert,null,-0.048622407
across_replicates_same_ctx_pert,null,0.027516901
across_replicates_same_ctx_pert,null,0.04800704
across_replicates_same_ctx_pert,null,-0.023840303
across_replicates_same_ctx_pert,null,-0.016428782
across_replicates_same_ctx_pert,null,-0.016374111
across_replicates_same_ctx_pert,null,0.02827941
across_replicates_same_ctx_pert,null,0.0016117156
across_replicates_same_ctx_pert,null,0.00039595398
across_replicates_same_ctx_pert,null,0.029021183
across_replicates_same_ctx_pert,null,-0.00529555
across_replicates_same_ctx_pert,null,-0.016243305
across_replicates_same_ctx_pert,null,-0.032189213
across_replicates_same_ctx_pert,null,-0.14140631
across_replicates_same_ctx_pert,null,-0.04944258
across_replicates_same_ctx_pert,null,0.01959987
across_replicates_same_ctx_pert,null,-0.0573661
across_replicates_same_ctx_pert,null,-0.028644325
across_replicates_same_ctx_pert,null,0.19359776
across_replicates_same_ctx_pert,null,-0.031259105
across_replicates_same_ctx_pert,null,-0.019371476
across_replicates_same_ctx_pert,null,0.22892267
across_replicates_same_ctx_pert,null,-0.0004896836
across_replicates_same_ctx_pert,null,-0.015733032
across_replicates_same_ctx_pert,null,-0.012307053
across_replicates_same_ctx_pert,null,0.049767468
across_replicates_same_ctx_pert,null,0.06928288
across_replicates_same_ctx_pert,null,0.016946025
across_replicates_same_ctx_pert,null,-0.012819798
across_replicates_same_ctx_pert,null,0.03542162
across_replicates_same_ctx_pert,null,-0.016423566
across_replicates_same_ctx_pert,null,0.0145644825
across_replicates_same_ctx_pert,null,-0.0053437464
across_replicates_same_ctx_pert,null,0.005705571
across_replicates_same_ctx_pert,null,-0.023128008
across_replicates_same_ctx_pert,null,0.010382537
across_replicates_same_ctx_pert,null,-0.043385725
across_replicates_same_ctx_pert,null,-0.024213072
across_replicates_same_ctx_pert,null,0.0016022793
across_replicates_same_ctx_pert,null,0.0014253032
across_replicates_same_ctx_pert,null,-0.019979512
across_replicates_same_ctx_pert,null,0.07409454
across_replicates_same_ctx_pert,null,-0.029905057
across_replicates_same_ctx_pert,null,-0.06773815
across_replicates_same_ctx_pert,null,0.089487836
across_replicates_same_ctx_pert,null,-0.025318595
across_replicates_same_ctx_pert,null,0.005509362
across_replicates_same_ctx_pert,null,-0.008242981
across_replicates_same_ctx_pert,null,-0.014831934
across_replicates_same_ctx_pert,null,0.017099356
across_replicates_same_ctx_pert,null,-0.010548004
across_replicates_same_ctx_pert,null,-0.037897848
across_replicates_same_ctx_pert,null,0.034233715
across_replicates_same_ctx_pert,null,0.042196553
across_replicates_same_ctx_pert,null,0.05455154
across_replicates_same_ctx_pert,null,0.013175786
across_replicates_same_ctx_pert,null,-0.013853377
across_replicates_same_ctx_pert,null,-0.014582044
across_replicates_same_ctx_pert,null,-0.007167093
across_replicates_same_ctx_pert,null,0.04322077
across_replicates_same_ctx_pert,null,-0.0059738117
across_replicates_same_ctx_pert,null,0.04133314
across_replicates_same_ctx_pert,null,0.13579993
across_replicates_same_ctx_pert,null,0.02622894
across_replicates_same_ctx_pert,null,-0.03578783
across_replicates_same_ctx_pert,null,0.014193827
across_replicates_same_ctx_pert,null,-0.007964699
across_replicates_same_ctx_pert,null,-0.024117509
across_replicates_same_ctx_pert,null,-0.012889598
across_replicates_same_ctx_pert,null,0.029063417
across_replicates_same_ctx_pert,null,-0.019807681
across_replicates_same_ctx_pert,null,-0.02080466
across_replicates_same_ctx_pert,null,-0.018942999
across_replicates_same_ctx_pert,null,-0.017025547
across_replicates_same_ctx_pert,null,-0.020151006
across_replicates_same_ctx_pert,null,0.075842105
across_replicates_same_ctx_pert,null,-0.090424374
across_replicates_same_ctx_pert,null,-0.048201717
across_replicates_same_ctx_pert,null,-0.018860389
across_replicates_same_ctx_pert,null,0.019956568
across_replicates_same_ctx_pert,null,0.07444501
across_replicates_same_ctx_pert,null,-0.02449695
across_replicates_same_ctx_pert,null,0.05901279
across_replicates_same_ctx_pert,null,0.018386554
across_replicates_same_ctx_pert,null,-0.04202022
across_replicates_same_ctx_pert,null,0.02538721
across_replicates_same_ctx_pert,null,0.054924626
across_replicates_same_ctx_pert,null,0.020212838
across_replicates_same_ctx_pert,null,0.0067785336
across_replicates_same_ctx_pert,null,0.0076381927
across_replicates_same_ctx_pert,null,0.0070125526
across_replicates_same_ctx_pert,null,0.021761656
across_replicates_same_ctx_pert,null,-0.0018184342
across_replicates_same_ctx_pert,null,0.0058051073
across_replicates_same_ctx_pert,null,-0.05254938
across_replicates_same_ctx_pert,null,-0.0054416317
across_replicates_same_ctx_pert,null,0.046258412
across_replicates_same_ctx_pert,null,0.020199927
across_replicates_same_ctx_pert,null,0.030336209
across_replicates_same_ctx_pert,null,-0.025642773
across_replicates_same_ctx_pert,null,-0.034644723
across_replicates_same_ctx_pert,null,-0.02124383
across_replicates_same_ctx_pert,null,0.10930578
across_replicates_same_ctx_pert,null,-0.027169032
across_replicates_same_ctx_pert,null,0.032056935
across_replicates_same_ctx_pert,null,0.0382882
across_replicates_same_ctx_pert,null,0.0664654
across_replicates_same_ctx_pert,null,0.0098875
across_replicates_same_ctx_pert,null,0.045781944
across_replicates_same_ctx_pert,null,0.026381956
across_replicates_same_ctx_pert,null,-0.023457712
across_replicates_same_ctx_pert,null,0.0075175334
across_replicates_same_ctx_pert,null,0.074939385
across_replicates_same_ctx_pert,null,-0.07474979
across_replicates_same_ctx_pert,null,-0.0028884588
across_replicates_same_ctx_pert,null,-0.026905125
across_replicates_same_ctx_pert,null,0.0028998738
across_replicates_same_ctx_pert,null,-0.01796164
across_replicates_same_ctx_pert,null,0.007462678
across_replicates_same_ctx_pert,null,0.0002327181
across_replicates_same_ctx_pert,null,0.015556678
across_replicates_same_ctx_pert,null,-0.050477747
across_replicates_same_ctx_pert,null,-0.027646873
across_replicates_same_ctx_pert,null,0.012361162
across_replicates_same_ctx_pert,null,-0.023465987
across_replicates_same_ctx_pert,null,0.017839763
across_replicates_same_ctx_pert,null,-0.035808396
across_replicates_same_ctx_pert,null,-0.0519761
across_replicates_same_ctx_pert,null,-0.003371762
across_replicates_same_ctx_pert,null,-0.037600424
across_replicates_same_ctx_pert,null,0.0392398
across_replicates_same_ctx_pert,null,0.022808855
across_replicates_same_ctx_pert,null,-0.023855707
across_replicates_same_ctx_pert,null,-0.010783476
across_replicates_same_ctx_pert,null,0.06386245
across_replicates_same_ctx_pert,null,0.022065906
across_replicates_same_ctx_pert,null,-0.026145896
across_replicates_same_ctx_pert,null,0.04816482
across_replicates_same_ctx_pert,null,-0.0015190027
across_replicates_same_ctx_pert,null,-0.08260859
across_replicates_same_ctx_pert,null,0.021388993
across_replicates_same_ctx_pert,null,0.095670745
across_replicates_same_ctx_pert,null,-0.038902473
across_replicates_same_ctx_pert,null,-0.029424276
across_replicates_same_ctx_pert,null,-0.004272039
across_replicates_same_ctx_pert,null,-0.10380177
across_replicates_same_ctx_pert,null,-0.104744874
across_replicates_same_ctx_pert,null,0.0497575
across_replicates_same_ctx_pert,null,-0.05248575
across_replicates_same_ctx_pert,null,-0.038611215
across_replicates_same_ctx_pert,null,-0.033371843
across_replicates_same_ctx_pert,null,-0.019480973
across_replicates_same_ctx_pert,null,-0.03012006
across_replicates_same_ctx_pert,null,0.04992213
across_replicates_same_ctx_pert,null,-0.022953466
across_replicates_same_ctx_pert,null,0.029376315
across_replicates_same_ctx_pert,null,-0.0068744975
across_replicates_same_ctx_pert,null,-0.09514206
across_replicates_same_ctx_pert,null,-0.09002493
across_replicates_same_ctx_pert,null,-0.069462754
across_replicates_same_ctx_pert,null,-0.05971421
across_replicates_same_ctx_pert,null,-0.012379272
across_replicates_same_ctx_pert,null,-0.06930128
across_replicates_same_ctx_pert,null,-0.028710283
across_replicates_same_ctx_pert,null,0.11274931
across_replicates_same_ctx_pert,null,0.08960627
across_replicates_same_ctx_pert,null,0.029405931
across_replicates_same_ctx_pert,null,0.004698613
across_replicates_same_ctx_pert,null,-0.016476367
across_replicates_same_ctx_pert,null,0.02557487
across_replicates_same_ctx_pert,null,-0.031636816
across_replicates_same_ctx_pert,null,-0.040354982
across_replicates_same_ctx_pert,null,0.0018500265
across_replicates_same_ctx_pert,null,-0.0011903848
across_replicates_same_ctx_pert,null,0.0012721918
across_replicates_same_ctx_pert,null,0.055257298
across_replicates_same_ctx_pert,null,0.048163686
across_replicates_same_ctx_pert,null,-0.072492845
across_replicates_same_ctx_pert,null,-0.001614846
across_replicates_same_ctx_pert,null,0.044813003
across_replicates_same_ctx_pert,null,0.062335588
across_replicates_same_ctx_pert,null,0.0016611919
across_replicates_same_ctx_pert,null,0.017338958
across_replicates_same_ctx_pert,null,-0.032232355
across_replicates_same_ctx_pert,null,0.0077354047
across_replicates_same_ctx_pert,null,-0.025885256
across_replicates_same_ctx_pert,null,-0.018093623
across_replicates_same_ctx_pert,null,0.0169456
across_replicates_same_ctx_pert,null,-0.025304548
across_replicates_same_ctx_pert,null,0.031129224
across_replicates_same_ctx_pert,null,0.016075024
across_replicates_same_ctx_pert,null,0.020860126
across_replicates_same_ctx_pert,null,0.024661632
across_replicates_same_ctx_pert,null,-0.010041527
across_replicates_same_ctx_pert,null,-0.03130151
across_replicates_same_ctx_pert,null,0.0019895495
across_replicates_same_ctx_pert,null,0.022447059
across_replicates_same_ctx_pert,null,0.0127704255
across_replicates_same_ctx_pert,null,0.088763885
across_replicates_same_ctx_pert,null,-0.050757628
across_replicates_same_ctx_pert,null,0.036149513
across_replicates_same_ctx_pert,null,-0.012335079
across_replicates_same_ctx_pert,null,0.010822875
across_replicates_same_ctx_pert,null,0.0031266534
across_replicates_same_ctx_pert,null,-0.03085813
across_replicates_same_ctx_pert,null,0.013780718
across_replicates_same_ctx_pert,null,-0.12675895
across_replicates_same_ctx_pert,null,-0.014639374
across_replicates_same_ctx_pert,null,-0.032811645
across_replicates_same_ctx_pert,null,-0.0058102626
across_replicates_same_ctx_pert,null,0.0015812943
across_replicates_same_ctx_pert,null,0.036820866
across_replicates_same_ctx_pert,null,-0.0322731
across_replicates_same_ctx_pert,null,0.01967105
across_replicates_same_ctx_pert,null,0.07978816
across_replicates_same_ctx_pert,null,-0.012177864
across_replicates_same_ctx_pert,null,0.011137982
across_replicates_same_ctx_pert,null,-0.004565428
across_replicates_same_ctx_pert,null,0.014975715
across_replicates_same_ctx_pert,null,-0.027706664
across_replicates_same_ctx_pert,null,-0.012710163
across_replicates_same_ctx_pert,null,-0.009671155
across_replicates_same_ctx_pert,null,-0.042985864
across_replicates_same_ctx_pert,null,-8.1044105e-05
across_replicates_same_ctx_pert,null,-0.019963596
across_replicates_same_ctx_pert,null,0.00034365748
across_replicates_same_ctx_pert,null,0.02011114
across_replicates_same_ctx_pert,null,-0.026462084
across_replicates_same_ctx_pert,null,0.070604846
across_replicates_same_ctx_pert,null,0.008130887
across_replicates_same_ctx_pert,null,-0.009626495
across_replicates_same_ctx_pert,null,0.04596517
across_replicates_same_ctx_pert,null,0.0039480533
across_replicates_same_ctx_pert,null,-0.018267896
across_replicates_same_ctx_pert,null,0.042831108
across_replicates_same_ctx_pert,null,0.020298384
across_replicates_same_ctx_pert,null,-0.026005927
across_replicates_same_ctx_pert,null,0.008049641
across_replicates_same_ctx_pert,null,-0.06911913
across_replicates_same_ctx_pert,null,-0.0025712035
across_replicates_same_ctx_pert,null,0.09499773
across_replicates_same_ctx_pert,null,-0.08263503
across_replicates_same_ctx_pert,null,0.0022308296
across_replicates_same_ctx_pert,null,-0.015671086
across_replicates_same_ctx_pert,null,0.043054037
across_replicates_same_ctx_pert,null,-0.035885047
across_replicates_same_ctx_pert,null,-0.00701228
across_replicates_same_ctx_pert,null,0.044543635
across_replicates_same_ctx_pert,null,0.050260767
across_replicates_same_ctx_pert,null,0.029509949
across_replicates_same_ctx_pert,null,-0.0053459904
across_replicates_same_ctx_pert,null,-0.010216655
across_replicates_same_ctx_pert,null,0.00025384387
across_replicates_same_ctx_pert,null,0.036917523
across_replicates_same_ctx_pert,null,-0.024154922
across_replicates_same_ctx_pert,null,-0.0030056338
across_replicates_same_ctx_pert,null,-0.0014772849
across_replicates_same_ctx_pert,null,-0.17474101
across_replicates_same_ctx_pert,null,-0.0032595189
across_replicates_same_ctx_pert,null,-0.013519967
across_replicates_same_ctx_pert,null,0.0007224283
across_replicates_same_ctx_pert,null,-0.0866428
across_replicates_same_ctx_pert,null,0.06437163
across_replicates_same_ctx_pert,null,-0.00090695923
across_replicates_same_ctx_pert,null,0.0068079177
across_replicates_same_ctx_pert,null,0.014131923
across_replicates_same_ctx_pert,null,-0.022722732
across_replicates_same_ctx_pert,null,-0.01415852
across_replicates_same_ctx_pert,null,-0.028349917
across_replicates_same_ctx_pert,null,-0.026245585
across_replicates_same_ctx_pert,null,0.021898
across_replicates_same_ctx_pert,null,0.00024906354
across_replicates_same_ctx_pert,null,0.121181674
across_replicates_same_ctx_pert,null,-0.0077220476
across_replicates_same_ctx_pert,null,0.0031856531
across_replicates_same_ctx_pert,null,-0.018496742
across_replicates_same_ctx_pert,null,-0.057831615
across_replicates_same_ctx_pert,null,-0.029498853
across_replicates_same_ctx_pert,null,-0.041008364
across_replicates_same_ctx_pert,null,0.06534935
across_replicates_same_ctx_pert,null,-0.003487391
across_replicates_same_ctx_pert,null,-0.0013516601
across_replicates_same_ctx_pert,null,0.025552709
across_replicates_same_ctx_pert,null,0.018224673
across_replicates_same_ctx_pert,null,0.015979614
across_replicates_same_ctx_pert,null,-0.006306376
across_replicates_same_ctx_pert,null,0.0691443
across_replicates_same_ctx_pert,null,-0.0415016
across_replicates_same_ctx_pert,null,-0.03376086
across_replicates_same_ctx_pert,null,0.012598025
across_replicates_same_ctx_pert,null,0.0028551123
across_replicates_same_ctx_pert,null,-0.06320747
across_replicates_same_ctx_pert,null,-0.01512033
across_replicates_same_ctx_pert,null,-0.038887344
across_replicates_same_ctx_pert,null,-0.00849297
across_replicates_same_ctx_pert,null,-0.014823638
across_replicates_same_ctx_pert,null,-0.0265889
across_replicates_same_ctx_pert,null,0.030169696
across_replicates_same_ctx_pert,null,0.031324875
across_replicates_same_ctx_pert,null,0.11022354
across_replicates_same_ctx_pert,null,-0.0164182
across_replicates_same_ctx_pert,null,0.011900983
across_replicates_same_ctx_pert,null,0.044519342
across_replicates_same_ctx_pert,null,-0.047168415
across_replicates_same_ctx_pert,null,0.047620397
across_replicates_same_ctx_pert,null,-0.0025920726
across_replicates_same_ctx_pert,null,-0.031253025
across_replicates_same_ctx_pert,null,0.03338733
across_replicates_same_ctx_pert,null,-0.029437143
across_replicates_same_ctx_pert,null,-0.0062044007
across_replicates_same_ctx_pert,null,0.032272693
across_replicates_same_ctx_pert,null,-0.011654478
across_replicates_same_ctx_pert,null,-0.048232358
across_replicates_same_ctx_pert,null,-0.012616445
across_replicates_same_ctx_pert,null,-0.035762113
across_replicates_same_ctx_pert,null,-0.041354455
across_replicates_same_ctx_pert,null,0.05990974
across_replicates_same_ctx_pert,null,0.01018857
across_replicates_same_ctx_pert,null,-0.021226032
across_replicates_same_ctx_pert,null,-0.024709167
across_replicates_same_ctx_pert,null,-0.018581396
across_replicates_same_ctx_pert,null,-0.08608649
across_replicates_same_ctx_pert,null,0.038743887
across_replicates_same_ctx_pert,null,0.011675732
across_replicates_same_ctx_pert,null,0.01059497
across_replicates_same_ctx_pert,null,0.012487268
across_replicates_same_ctx_pert,null,-0.0168144
across_replicates_same_ctx_pert,null,-0.035219215
across_replicates_same_ctx_pert,null,0.022054087
across_replicates_same_ctx_pert,null,-0.00896963
across_replicates_same_ctx_pert,null,-0.0044153323
across_replicates_same_ctx_pert,null,0.015362441
across_replicates_same_ctx_pert,null,0.11780992
across_replicates_same_ctx_pert,null,-0.0074246638
across_replicates_same_ctx_pert,null,0.05286744
across_replicates_same_ctx_pert,null,0.06180028
across_replicates_same_ctx_pert,null,-0.017216213
across_replicates_same_ctx_pert,null,-0.08281803
across_replicates_same_ctx_pert,null,-0.012470465
across_replicates_same_ctx_pert,null,-0.0068057952
across_replicates_same_ctx_pert,null,-0.019221887
across_replicates_same_ctx_pert,null,0.03983878
across_replicates_same_ctx_pert,null,-0.02634106
across_replicates_same_ctx_pert,null,0.0346261
across_replicates_same_ctx_pert,null,0.01275198
across_replicates_same_ctx_pert,null,-0.051987823
across_replicates_same_ctx_pert,null,0.0522932
across_replicates_same_ctx_pert,null,0.008405317
across_replicates_same_ctx_pert,null,0.003846686
across_replicates_same_ctx_pert,null,-0.0011178547
across_replicates_same_ctx_pert,null,0.010327881
across_replicates_same_ctx_pert,null,-0.004123576
across_replicates_same_ctx_pert,null,-0.028426446
across_replicates_same_ctx_pert,null,0.0068854643
across_replicates_same_ctx_pert,null,0.018052783
across_replicates_same_ctx_pert,null,-0.010887858
across_replicates_same_ctx_pert,null,-0.026127486
across_replicates_same_ctx_pert,null,-0.0059066713
across_replicates_same_ctx_pert,null,0.011101468
across_replicates_same_ctx_pert,null,-0.025311911
across_replicates_same_ctx_pert,null,-0.007384341
across_replicates_same_ctx_pert,null,-0.046432026
across_replicates_same_ctx_pert,null,-0.10778502
across_replicates_same_ctx_pert,null,0.01900283
across_replicates_same_ctx_pert,null,-0.009918572
across_replicates_same_ctx_pert,null,-0.038622405
across_replicates_same_ctx_pert,null,0.04163377
across_replicates_same_ctx_pert,null,0.052972663
across_replicates_same_ctx_pert,null,-0.019420842
across_replicates_same_ctx_pert,null,0.018511472
across_replicates_same_ctx_pert,null,0.014191674
across_replicates_same_ctx_pert,null,-0.05116125
across_replicates_same_ctx_pert,null,-0.045486674
across_replicates_same_ctx_pert,null,-0.016424732
across_replicates_same_ctx_pert,null,0.041531783
across_replicates_same_ctx_pert,null,0.002422335
across_replicates_same_ctx_pert,null,0.016961265
across_replicates_same_ctx_pert,null,0.019603996
across_replicates_same_ctx_pert,null,0.064098
across_replicates_same_ctx_pert,null,-0.071869306
across_replicates_same_ctx_pert,null,0.020529862
across_replicates_same_ctx_pert,null,-0.04684161
across_replicates_same_ctx_pert,null,0.01359001
across_replicates_same_ctx_pert,null,0.01718641
across_replicates_same_ctx_pert,null,0.0151289785
across_replicates_same_ctx_pert,null,0.010315458
across_replicates_same_ctx_pert,null,0.016707437
across_replicates_same_ctx_pert,null,-0.003584461
across_replicates_same_ctx_pert,null,0.005040533
across_replicates_same_ctx_pert,null,0.013537701
across_replicates_same_ctx_pert,null,-0.04799447
across_replicates_same_ctx_pert,null,0.030664789
across_replicates_same_ctx_pert,null,-0.010011617
across_replicates_same_ctx_pert,null,0.0042993575
across_replicates_same_ctx_pert,null,-0.06538432
across_replicates_same_ctx_pert,null,0.008350853
across_replicates_same_ctx_pert,null,0.027153296
across_replicates_same_ctx_pert,null,-2.6409478e-05
across_replicates_same_ctx_pert,null,-0.02442248
across_replicates_same_ctx_pert,null,0.012648899
across_replicates_same_ctx_pert,null,-0.048717037
across_replicates_same_ctx_pert,null,0.03857252
across_replicates_same_ctx_pert,null,-0.0066574095
across_replicates_same_ctx_pert,null,0.01971677
across_replicates_same_ctx_pert,null,-0.041956365
across_replicates_same_ctx_pert,null,0.0076334733
across_replicates_same_ctx_pert,null,-0.00041772015
across_replicates_same_ctx_pert,null,-0.03404688
across_replicates_same_ctx_pert,null,-0.013296766
across_replicates_same_ctx_pert,null,0.040129106
across_replicates_same_ctx_pert,null,-0.04848274
across_replicates_same_ctx_pert,null,-0.032950826
across_replicates_same_ctx_pert,null,-0.042253245
across_replicates_same_ctx_pert,null,0.047361616
across_replicates_same_ctx_pert,null,0.0023534426
across_replicates_same_ctx_pert,null,0.01046062
across_replicates_same_ctx_pert,null,0.021202913
across_replicates_same_ctx_pert,null,-0.08182561
across_replicates_same_ctx_pert,null,0.008417186
across_replicates_same_ctx_pert,null,-0.012586099
across_replicates_same_ctx_pert,null,0.049971104
across_replicates_same_ctx_pert,null,-0.0033747475
across_replicates_same_ctx_pert,null,0.019673793
across_replicates_same_ctx_pert,null,0.04925506
across_replicates_same_ctx_pert,null,0.023685042
across_replicates_same_ctx_pert,null,0.03133503
across_replicates_same_ctx_pert,null,0.060122292
across_replicates_same_ctx_pert,null,0.0028456145
across_replicates_same_ctx_pert,null,0.029851217
across_replicates_same_ctx_pert,null,-0.028837629
across_replicates_same_ctx_pert,null,0.010846287
across_replicates_same_ctx_pert,null,-0.015914282
across_replicates_same_ctx_pert,null,0.018558662
across_replicates_same_ctx_pert,null,0.10448144
across_replicates_same_ctx_pert,null,0.036796343
across_replicates_same_ctx_pert,null,-0.041497767
across_replicates_same_ctx_pert,null,-0.016886087
across_replicates_same_ctx_pert,null,-0.040153936
across_replicates_same_ctx_pert,null,0.087232985
across_replicates_same_ctx_pert,null,0.12983812
across_replicates_same_ctx_pert,null,-0.010269969
across_replicates_same_ctx_pert,null,0.013780982
across_replicates_same_ctx_pert,null,-0.022052111
across_replicates_same_ctx_pert,null,0.014953578
across_replicates_same_ctx_pert,null,0.01930241
across_replicates_same_ctx_pert,null,0.021302726
across_replicates_same_ctx_pert,null,0.027693097
across_replicates_same_ctx_pert,null,0.028701106
across_replicates_same_ctx_pert,null,0.04168472
across_replicates_same_ctx_pert,null,-0.020897686
across_replicates_same_ctx_pert,null,0.014727375
across_replicates_same_ctx_pert,null,0.0032686018
across_replicates_same_ctx_pert,null,-0.11206905
across_replicates_same_ctx_pert,null,-0.0045578647
across_replicates_same_ctx_pert,null,-0.010257386
across_replicates_same_ctx_pert,null,-0.051826496
across_replicates_same_ctx_pert,null,0.035140492
across_replicates_same_ctx_pert,null,-0.0064274105
across_replicates_same_ctx_pert,null,-0.18654065
across_replicates_same_ctx_pert,null,-0.008557397
across_replicates_same_ctx_pert,null,0.020146247
across_replicates_same_ctx_pert,null,0.08837424
across_replicates_same_ctx_pert,null,-0.007376052
across_replicates_same_ctx_pert,null,-0.018203642
across_replicates_same_ctx_pert,null,-0.005872468
across_replicates_same_ctx_pert,null,-0.015045403
across_replicates_same_ctx_pert,null,-0.009716767
across_replicates_same_ctx_pert,null,-0.02190356
across_replicates_same_ctx_pert,null,-0.015750771
across_replicates_same_ctx_pert,null,-0.010911419
across_replicates_same_ctx_pert,null,0.039894152
across_replicates_same_ctx_pert,null,0.009933601
across_replicates_same_ctx_pert,null,-0.050283693
across_replicates_same_ctx_pert,null,0.06517674
across_replicates_same_ctx_pert,null,0.045645922
across_replicates_same_ctx_pert,null,-0.020073403
across_replicates_same_ctx_pert,null,0.045686472
across_replicates_same_ctx_pert,null,-0.012246861
across_replicates_same_ctx_pert,null,0.062429648
across_replicates_same_ctx_pert,null,0.009319356
across_replicates_same_ctx_pert,null,0.02066611
across_replicates_same_ctx_pert,null,0.04631467
across_replicates_same_ctx_pert,null,-0.021749608
across_replicates_same_ctx_pert,null,-0.010646608
across_replicates_same_ctx_pert,null,-0.0225733
across_replicates_same_ctx_pert,null,-0.032301255
across_replicates_same_ctx_pert,null,0.00207495
across_replicates_same_ctx_pert,null,0.044597447
across_replicates_same_ctx_pert,null,0.018731501
across_replicates_same_ctx_pert,null,-0.042579144
across_replicates_same_ctx_pert,null,-0.035252232
across_replicates_same_ctx_pert,null,-0.034440454
across_replicates_same_ctx_pert,null,-0.03378849
across_replicates_same_ctx_pert,null,-0.03674342
across_replicates_same_ctx_pert,null,-0.05055883
across_replicates_same_ctx_pert,null,-0.016298799
across_replicates_same_ctx_pert,null,0.023850957
across_replicates_same_ctx_pert,null,0.0008370216
across_replicates_same_ctx_pert,null,-0.034907676
across_replicates_same_ctx_pert,null,0.0036171314
across_replicates_same_ctx_pert,null,-0.03315021
across_replicates_same_ctx_pert,null,-0.017316675
across_replicates_same_ctx_pert,null,-0.0048311003
across_replicates_same_ctx_pert,null,-0.026007345
across_replicates_same_ctx_pert,null,-0.03648285
across_replicates_same_ctx_pert,null,-0.0064005456
across_replicates_same_ctx_pert,null,-0.13425897
across_replicates_same_ctx_pert,null,0.033115614
across_replicates_same_ctx_pert,null,-0.02549231
across_replicates_same_ctx_pert,null,0.12833463
across_replicates_same_ctx_pert,null,0.0530865
across_replicates_same_ctx_pert,null,-0.004443395
across_replicates_same_ctx_pert,null,-0.022212565
across_replicates_same_ctx_pert,null,-0.0128494315
across_replicates_same_ctx_pert,null,-0.038812403
across_replicates_same_ctx_pert,null,0.03132956
across_replicates_same_ctx_pert,null,0.02556685
across_replicates_same_ctx_pert,null,0.02558662
across_replicates_same_ctx_pert,null,-0.00442658
across_replicates_same_ctx_pert,null,0.034069307
across_replicates_same_ctx_pert,null,0.011409201
across_replicates_same_ctx_pert,null,0.03972745
across_replicates_same_ctx_pert,null,0.036688585
across_replicates_same_ctx_pert,null,0.08146933
across_replicates_same_ctx_pert,null,-0.036983695
across_replicates_same_ctx_pert,null,0.015449909
across_replicates_same_ctx_pert,null,-0.002477215
across_replicates_same_ctx_pert,null,-0.079969056
across_replicates_same_ctx_pert,null,-0.28868926
across_replicates_same_ctx_pert,null,0.0626097
across_replicates_same_ctx_pert,null,0.051315777
across_replicates_same_ctx_pert,null,-0.012209525
across_replicates_same_ctx_pert,null,0.028554011
across_replicates_same_ctx_pert,null,0.097455435
across_replicates_same_ctx_pert,null,-0.04050111
across_replicates_same_ctx_pert,null,0.014571229
across_replicates_same_ctx_pert,null,-0.02993982
across_replicates_same_ctx_pert,null,-0.016073497
across_replicates_same_ctx_pert,null,0.026522852
across_replicates_same_ctx_pert,null,-0.052405547
across_replicates_same_ctx_pert,null,-0.055205174
across_replicates_same_ctx_pert,null,0.02047614
across_replicates_same_ctx_pert,null,-0.0023117275
across_replicates_same_ctx_pert,null,-0.007587698
across_replicates_same_ctx_pert,null,-0.09286144
across_replicates_same_ctx_pert,null,-0.0026566074
across_replicates_same_ctx_pert,null,0.07248429
across_replicates_same_ctx_pert,null,0.046706002
across_replicates_same_ctx_pert,null,-0.052101135
across_replicates_same_ctx_pert,null,0.0028377213
across_replicates_same_ctx_pert,null,-0.049481574
across_replicates_same_ctx_pert,null,0.011839512
across_replicates_same_ctx_pert,null,0.05141199
across_replicates_same_ctx_pert,null,-0.05471138
across_replicates_same_ctx_pert,null,0.009766092
across_replicates_same_ctx_pert,null,-0.0006846034
across_replicates_same_ctx_pert,null,0.07892714
across_replicates_same_ctx_pert,null,-0.042017344
across_replicates_same_ctx_pert,null,0.008856578
across_replicates_same_ctx_pert,null,0.05257668
across_replicates_same_ctx_pert,null,0.015461829
across_replicates_same_ctx_pert,null,0.116717964
across_replicates_same_ctx_pert,null,0.039802898
across_replicates_same_ctx_pert,null,-0.007883494
across_replicates_same_ctx_pert,null,0.055032432
across_replicates_same_ctx_pert,null,0.07500129
across_replicates_same_ctx_pert,null,0.0074097714
across_replicates_same_ctx_pert,null,0.017232291
across_replicates_same_ctx_pert,null,0.054889888
across_replicates_same_ctx_pert,null,0.039782826
across_replicates_same_ctx_pert,null,-0.047890592
across_replicates_same_ctx_pert,null,-0.05100204
across_replicates_same_ctx_pert,null,0.008622184
across_replicates_same_ctx_pert,null,-0.00954513
across_replicates_same_ctx_pert,null,0.0047493866
across_replicates_same_ctx_pert,null,-0.002393918
across_replicates_same_ctx_pert,null,0.002574596
across_replicates_same_ctx_pert,null,0.030274691
across_replicates_same_ctx_pert,null,-0.03765956
across_replicates_same_ctx_pert,null,0.011807126
across_replicates_same_ctx_pert,null,0.015365422
across_replicates_same_ctx_pert,null,-0.02402666
across_replicates_same_ctx_pert,null,-0.0070197247
across_replicates_same_ctx_pert,null,0.03023674
across_replicates_same_ctx_pert,null,0.018791605
across_replicates_same_ctx_pert,null,-0.0021965366
across_replicates_same_ctx_pert,null,0.043251883
across_replicates_same_ctx_pert,null,0.006121093
across_replicates_same_ctx_pert,null,-0.008748278
across_replicates_same_ctx_pert,null,0.057943705
across_replicates_same_ctx_pert,null,0.012670446
across_replicates_same_ctx_pert,null,0.039752983
across_replicates_same_ctx_pert,null,-0.022751717
across_replicates_same_ctx_pert,null,0.016526945
across_replicates_same_ctx_pert,null,0.0023772854
across_replicates_same_ctx_pert,null,0.007604526
across_replicates_same_ctx_pert,null,-0.037568733
across_replicates_same_ctx_pert,null,0.16028738
across_replicates_same_ctx_pert,null,-0.04753555
across_replicates_same_ctx_pert,null,0.049055792
across_replicates_same_ctx_pert,null,-0.012650335
across_replicates_same_ctx_pert,null,0.0088680405
across_replicates_same_ctx_pert,null,-0.016697159
across_replicates_same_ctx_pert,null,0.011315492
across_replicates_same_ctx_pert,null,-0.013843588
across_replicates_same_ctx_pert,null,-0.0069794804
across_replicates_same_ctx_pert,null,0.028002672
across_replicates_same_ctx_pert,null,-0.026009792
across_replicates_same_ctx_pert,null,-0.08941063
across_replicates_same_ctx_pert,null,-0.061321106
across_replicates_same_ctx_pert,null,-0.03839767
across_replicates_same_ctx_pert,null,0.005283242
across_replicates_same_ctx_pert,null,-0.029781938
across_replicates_same_ctx_pert,null,0.3065822
across_replicates_same_ctx_pert,null,-0.008205717
across_replicates_same_ctx_pert,null,-0.038876764
across_replicates_same_ctx_pert,null,-0.08135764
across_replicates_same_ctx_pert,null,0.010329468
across_replicates_same_ctx_pert,null,-0.043336026
across_replicates_same_ctx_pert,null,-0.01689084
across_replicates_same_ctx_pert,null,-0.048895262
across_replicates_same_ctx_pert,null,0.0018739399
across_replicates_same_ctx_pert,null,-0.039765783
across_replicates_same_ctx_pert,null,0.046815384
across_perturbations_within_ctx,observed,0.03888666
across_perturbations_within_ctx,observed,0.022988165
across_perturbations_within_ctx,observed,-0.007081739
across_perturbations_within_ctx,observed,-0.0008299819
across_perturbations_within_ctx,observed,0.009806329
across_perturbations_within_ctx,observed,0.016994985
across_perturbations_within_ctx,observed,0.06531027
across_perturbations_within_ctx,observed,-0.016448284
across_perturbations_within_ctx,observed,0.039370157
across_perturbations_within_ctx,observed,0.04319342
across_perturbations_within_ctx,observed,0.021454223
across_perturbations_within_ctx,observed,0.025741495
across_perturbations_within_ctx,observed,-0.060718864
across_perturbations_within_ctx,observed,-0.013909192
across_perturbations_within_ctx,observed,0.049303234
across_perturbations_within_ctx,observed,-0.04198244
across_perturbations_within_ctx,observed,-0.026089197
across_perturbations_within_ctx,observed,-0.023979848
across_perturbations_within_ctx,observed,-0.009169403
across_perturbations_within_ctx,observed,-0.019577894
across_perturbations_within_ctx,observed,0.04139703
across_perturbations_within_ctx,observed,0.0668455
across_perturbations_within_ctx,observed,0.1477483
across_perturbations_within_ctx,observed,0.013424277
across_perturbations_within_ctx,observed,-0.084722966
across_perturbations_within_ctx,observed,-0.014427063
across_perturbations_within_ctx,observed,0.03530717
across_perturbations_within_ctx,observed,0.11273557
across_perturbations_within_ctx,observed,0.0006043334
across_perturbations_within_ctx,observed,0.026800513
across_perturbations_within_ctx,observed,0.035396546
across_perturbations_within_ctx,observed,0.0363605
across_perturbations_within_ctx,observed,-0.049565505
across_perturbations_within_ctx,observed,0.057194747
across_perturbations_within_ctx,observed,-0.0019564366
across_perturbations_within_ctx,observed,0.038923055
across_perturbations_within_ctx,observed,-0.03553734
across_perturbations_within_ctx,observed,0.11434945
across_perturbations_within_ctx,observed,0.116947934
across_perturbations_within_ctx,observed,0.041231442
across_perturbations_within_ctx,observed,0.15307839
across_perturbations_within_ctx,observed,0.07466981
across_perturbations_within_ctx,observed,0.007835483
across_perturbations_within_ctx,observed,-0.010859716
across_perturbations_within_ctx,observed,0.11402083
across_perturbations_within_ctx,observed,-0.010039568
across_perturbations_within_ctx,observed,0.22538218
across_perturbations_within_ctx,observed,0.0010810316
across_perturbations_within_ctx,observed,-0.010813168
across_perturbations_within_ctx,observed,-0.014190634
across_perturbations_within_ctx,observed,-0.030973313
across_perturbations_within_ctx,observed,-0.009870699
across_perturbations_within_ctx,observed,0.20957191
across_perturbations_within_ctx,observed,-0.04566871
across_perturbations_within_ctx,observed,0.05166493
across_perturbations_within_ctx,observed,0.08815911
across_perturbations_within_ctx,observed,0.11300849
across_perturbations_within_ctx,observed,-0.06948288
across_perturbations_within_ctx,observed,-0.0089607695
across_perturbations_within_ctx,observed,-0.03727472
across_perturbations_within_ctx,observed,0.0063599925
across_perturbations_within_ctx,observed,0.06418191
across_perturbations_within_ctx,observed,0.10200317
across_perturbations_within_ctx,observed,0.08396857
across_perturbations_within_ctx,observed,0.05104796
across_perturbations_within_ctx,observed,0.08564088
across_perturbations_within_ctx,observed,0.036927804
across_perturbations_within_ctx,observed,0.24613252
across_perturbations_within_ctx,observed,0.060877346
across_perturbations_within_ctx,observed,0.12772961
across_perturbations_within_ctx,observed,0.045524016
across_perturbations_within_ctx,observed,0.04250994
across_perturbations_within_ctx,observed,0.074136265
across_perturbations_within_ctx,observed,0.020443516
across_perturbations_within_ctx,observed,0.011922598
across_perturbations_within_ctx,observed,0.13692799
across_perturbations_within_ctx,observed,0.00078348443
across_perturbations_within_ctx,observed,0.012967861
across_perturbations_within_ctx,observed,0.04247282
across_perturbations_within_ctx,observed,0.047443625
across_perturbations_within_ctx,observed,-0.0005393451
across_perturbations_within_ctx,observed,0.06520432
across_perturbations_within_ctx,observed,-0.01170933
across_perturbations_within_ctx,observed,0.02483695
across_perturbations_within_ctx,observed,0.03693575
across_perturbations_within_ctx,observed,0.01824766
across_perturbations_within_ctx,observed,-0.011691965
across_perturbations_within_ctx,observed,-0.0146261435
across_perturbations_within_ctx,observed,0.0062870826
across_perturbations_within_ctx,observed,-0.0070489286
across_perturbations_within_ctx,observed,0.015842373
across_perturbations_within_ctx,observed,0.031076562
across_perturbations_within_ctx,observed,-0.033224065
across_perturbations_within_ctx,observed,0.028032472
across_perturbations_within_ctx,observed,-0.0038898087
across_perturbations_within_ctx,observed,0.012863025
across_perturbations_within_ctx,observed,-0.0029748508
across_perturbations_within_ctx,observed,-0.008426995
across_perturbations_within_ctx,observed,0.013668087
across_perturbations_within_ctx,observed,0.0427587
across_perturbations_within_ctx,observed,-0.009562958
across_perturbations_within_ctx,observed,0.0025312332
across_perturbations_within_ctx,observed,-0.0311202
across_perturbations_within_ctx,observed,-0.014332342
across_perturbations_within_ctx,observed,0.035824984
across_perturbations_within_ctx,observed,0.011331388
across_perturbations_within_ctx,observed,0.054807704
across_perturbations_within_ctx,observed,0.03970066
across_perturbations_within_ctx,observed,0.023832824
across_perturbations_within_ctx,observed,-0.015757103
across_perturbations_within_ctx,observed,-0.053148303
across_perturbations_within_ctx,observed,0.04033787
across_perturbations_within_ctx,observed,-0.030569784
across_perturbations_within_ctx,observed,0.0012015196
across_perturbations_within_ctx,observed,-0.0049324706
across_perturbations_within_ctx,observed,0.009019083
across_perturbations_within_ctx,observed,0.0316197
across_perturbations_within_ctx,observed,-0.032740224
across_perturbations_within_ctx,observed,-0.0018649186
across_perturbations_within_ctx,observed,-0.04400596
across_perturbations_within_ctx,observed,0.07777738
across_perturbations_within_ctx,observed,0.028613357
across_perturbations_within_ctx,observed,0.017601402
across_perturbations_within_ctx,observed,-0.015493246
across_perturbations_within_ctx,observed,0.03095404
across_perturbations_within_ctx,observed,0.018250683
across_perturbations_within_ctx,observed,0.08366563
across_perturbations_within_ctx,observed,-0.07029709
across_perturbations_within_ctx,observed,0.012904538
across_perturbations_within_ctx,observed,-0.027162315
across_perturbations_within_ctx,observed,-0.0137790395
across_perturbations_within_ctx,observed,0.043136004
across_perturbations_within_ctx,observed,0.0049789473
across_perturbations_within_ctx,observed,0.07638207
across_perturbations_within_ctx,observed,0.09328988
across_perturbations_within_ctx,observed,0.035126228
across_perturbations_within_ctx,observed,0.042839743
across_perturbations_within_ctx,observed,0.19945918
across_perturbations_within_ctx,observed,0.02785803
across_perturbations_within_ctx,observed,0.07107232
across_perturbations_within_ctx,observed,0.051082443
across_perturbations_within_ctx,observed,0.1573675
across_perturbations_within_ctx,observed,0.006546271
across_perturbations_within_ctx,observed,0.05457167
across_perturbations_within_ctx,observed,-0.052322134
across_perturbations_within_ctx,observed,-0.029718578
across_perturbations_within_ctx,observed,0.026371226
across_perturbations_within_ctx,observed,0.053651694
across_perturbations_within_ctx,observed,0.010676914
across_perturbations_within_ctx,observed,0.05887966
across_perturbations_within_ctx,observed,-0.016642552
across_perturbations_within_ctx,observed,-0.020309858
across_perturbations_within_ctx,observed,0.005131535
across_perturbations_within_ctx,observed,0.09793635
across_perturbations_within_ctx,observed,0.023512907
across_perturbations_within_ctx,observed,0.011993575
across_perturbations_within_ctx,observed,0.072789244
across_perturbations_within_ctx,observed,0.021565758
across_perturbations_within_ctx,observed,-0.011506774
across_perturbations_within_ctx,observed,0.026219858
across_perturbations_within_ctx,observed,0.04090323
across_perturbations_within_ctx,observed,0.033320446
across_perturbations_within_ctx,observed,-0.015618941
across_perturbations_within_ctx,observed,-0.023384584
across_perturbations_within_ctx,observed,-0.0074018384
across_perturbations_within_ctx,observed,0.031032724
across_perturbations_within_ctx,observed,-0.012148893
across_perturbations_within_ctx,observed,-0.014057832
across_perturbations_within_ctx,observed,-0.018686876
across_perturbations_within_ctx,observed,-0.015943248
across_perturbations_within_ctx,observed,-0.0011304923
across_perturbations_within_ctx,observed,0.008322946
across_perturbations_within_ctx,observed,-0.005182641
across_perturbations_within_ctx,observed,0.020280035
across_perturbations_within_ctx,observed,0.0046358104
across_perturbations_within_ctx,observed,-0.019459805
across_perturbations_within_ctx,observed,-0.015962759
across_perturbations_within_ctx,observed,-0.0038008366
across_perturbations_within_ctx,observed,-0.0095216995
across_perturbations_within_ctx,observed,-0.0766066
across_perturbations_within_ctx,observed,0.01122466
across_perturbations_within_ctx,observed,0.00083092187
across_perturbations_within_ctx,observed,-0.033056136
across_perturbations_within_ctx,observed,0.00645466
across_perturbations_within_ctx,observed,-0.041406654
across_perturbations_within_ctx,observed,0.005627296
across_perturbations_within_ctx,observed,-0.025893949
across_perturbations_within_ctx,observed,-0.03768746
across_perturbations_within_ctx,observed,-0.009512124
across_perturbations_within_ctx,observed,0.0060775788
across_perturbations_within_ctx,observed,-0.019393792
across_perturbations_within_ctx,observed,-0.003493627
across_perturbations_within_ctx,observed,-0.029688874
across_perturbations_within_ctx,observed,-0.0028081615
across_perturbations_within_ctx,observed,-0.06012105
across_perturbations_within_ctx,observed,-0.021049745
across_perturbations_within_ctx,observed,-0.056444336
across_perturbations_within_ctx,observed,-0.023100976
across_perturbations_within_ctx,observed,-0.021269023
across_perturbations_within_ctx,observed,0.02677867
across_perturbations_within_ctx,observed,-0.009849737
across_perturbations_within_ctx,observed,0.003747082
across_perturbations_within_ctx,observed,0.030974554
across_perturbations_within_ctx,observed,0.028202066
across_perturbations_within_ctx,observed,-0.00011383411
across_perturbations_within_ctx,observed,0.018585568
across_perturbations_within_ctx,observed,0.014066089
across_perturbations_within_ctx,observed,0.030533671
across_perturbations_within_ctx,observed,0.0006162348
across_perturbations_within_ctx,observed,-0.038416065
across_perturbations_within_ctx,observed,-0.023802731
across_perturbations_within_ctx,observed,0.046461426
across_perturbations_within_ctx,observed,0.010664982
across_perturbations_within_ctx,observed,0.017148899
across_perturbations_within_ctx,observed,0.010534657
across_perturbations_within_ctx,observed,-0.02913403
across_perturbations_within_ctx,observed,0.00020361935
across_perturbations_within_ctx,observed,-0.028173184
across_perturbations_within_ctx,observed,-0.0022904593
across_perturbations_within_ctx,observed,0.031187924
across_perturbations_within_ctx,observed,-0.013168169
across_perturbations_within_ctx,observed,0.036524337
across_perturbations_within_ctx,observed,0.0044899834
across_perturbations_within_ctx,observed,0.012821461
across_perturbations_within_ctx,observed,0.007082748
across_perturbations_within_ctx,observed,-0.0025283438
across_perturbations_within_ctx,observed,-0.022040118
across_perturbations_within_ctx,observed,-0.018915208
across_perturbations_within_ctx,observed,0.016172104
across_perturbations_within_ctx,observed,0.053514224
across_perturbations_within_ctx,observed,-0.004075488
across_perturbations_within_ctx,observed,-0.0019302455
across_perturbations_within_ctx,observed,0.09471965
across_perturbations_within_ctx,observed,-0.021731183
across_perturbations_within_ctx,observed,0.012174729
across_perturbations_within_ctx,observed,-0.009484022
across_perturbations_within_ctx,observed,-0.0033957178
across_perturbations_within_ctx,observed,0.027072249
across_perturbations_within_ctx,observed,0.034232415
across_perturbations_within_ctx,observed,-0.00092348736
across_perturbations_within_ctx,observed,-0.00011613418
across_perturbations_within_ctx,observed,-0.01775351
across_perturbations_within_ctx,observed,0.0016165473
across_perturbations_within_ctx,observed,0.009465411
across_perturbations_within_ctx,observed,-0.0087887095
across_perturbations_within_ctx,observed,-0.020931162
across_perturbations_within_ctx,observed,-0.012938735
across_perturbations_within_ctx,null,-0.02492409
across_perturbations_within_ctx,null,-0.028744496
across_perturbations_within_ctx,null,0.019046538
across_perturbations_within_ctx,null,0.0269231
across_perturbations_within_ctx,null,0.045640074
across_perturbations_within_ctx,null,0.025086805
across_perturbations_within_ctx,null,-0.034342304
across_perturbations_within_ctx,null,-0.061786707
across_perturbations_within_ctx,null,0.011818707
across_perturbations_within_ctx,null,-0.036408845
across_perturbations_within_ctx,null,0.020593433
across_perturbations_within_ctx,null,0.0676655
across_perturbations_within_ctx,null,-0.03280151
across_perturbations_within_ctx,null,-0.009004452
across_perturbations_within_ctx,null,0.021920688
across_perturbations_within_ctx,null,-0.04212657
across_perturbations_within_ctx,null,0.022520741
across_perturbations_within_ctx,null,0.003323267
across_perturbations_within_ctx,null,-0.00043022106
across_perturbations_within_ctx,null,0.041377682
across_perturbations_within_ctx,null,-0.030377023
across_perturbations_within_ctx,null,-0.024113616
across_perturbations_within_ctx,null,0.06912451
across_perturbations_within_ctx,null,0.02925344
across_perturbations_within_ctx,null,-0.014879144
across_perturbations_within_ctx,null,-0.031626947
across_perturbations_within_ctx,null,-0.016251933
across_perturbations_within_ctx,null,0.12022732
across_perturbations_within_ctx,null,0.012525013
across_perturbations_within_ctx,null,0.036477506
across_perturbations_within_ctx,null,0.023713613
across_perturbations_within_ctx,null,-0.027176479
across_perturbations_within_ctx,null,-0.05643442
across_perturbations_within_ctx,null,-0.037120704
across_perturbations_within_ctx,null,-0.024942169
across_perturbations_within_ctx,null,-0.0014431315
across_perturbations_within_ctx,null,-0.0050826976
across_perturbations_within_ctx,null,0.04786378
across_perturbations_within_ctx,null,0.0015628128
across_perturbations_within_ctx,null,-0.02173065
across_perturbations_within_ctx,null,0.026396072
across_perturbations_within_ctx,null,-0.04385724
across_perturbations_within_ctx,null,-0.0847265
across_perturbations_within_ctx,null,0.010350858
across_perturbations_within_ctx,null,-0.07179883
across_perturbations_within_ctx,null,0.0684388
across_perturbations_within_ctx,null,-0.02604488
across_perturbations_within_ctx,null,-0.0077082585
across_perturbations_within_ctx,null,0.010556551
across_perturbations_within_ctx,null,-0.0019164102
across_perturbations_within_ctx,null,0.017923249
across_perturbations_within_ctx,null,0.008526944
across_perturbations_within_ctx,null,-0.004805923
across_perturbations_within_ctx,null,0.001411089
across_perturbations_within_ctx,null,-0.0197638
across_perturbations_within_ctx,null,-0.056353357
across_perturbations_within_ctx,null,0.016315557
across_perturbations_within_ctx,null,0.009356522
across_perturbations_within_ctx,null,0.08331646
across_perturbations_within_ctx,null,-0.010313082
across_perturbations_within_ctx,null,-0.011565691
across_perturbations_within_ctx,null,-0.022780366
across_perturbations_within_ctx,null,0.028256163
across_perturbations_within_ctx,null,0.025368169
across_perturbations_within_ctx,null,0.028492413
across_perturbations_within_ctx,null,0.14506544
across_perturbations_within_ctx,null,-0.02227975
across_perturbations_within_ctx,null,-0.025583157
across_perturbations_within_ctx,null,-0.012139647
across_perturbations_within_ctx,null,-0.018508364
across_perturbations_within_ctx,null,-0.06096437
across_perturbations_within_ctx,null,0.019137213
across_perturbations_within_ctx,null,-0.04977964
across_perturbations_within_ctx,null,0.05205876
across_perturbations_within_ctx,null,-0.020517306
across_perturbations_within_ctx,null,-0.013288093
across_perturbations_within_ctx,null,0.09394683
across_perturbations_within_ctx,null,0.05357434
across_perturbations_within_ctx,null,-0.009036765
across_perturbations_within_ctx,null,0.029260788
across_perturbations_within_ctx,null,0.009617948
across_perturbations_within_ctx,null,0.032865293
across_perturbations_within_ctx,null,-0.02801369
across_perturbations_within_ctx,null,0.03072728
across_perturbations_within_ctx,null,-0.004642498
across_perturbations_within_ctx,null,0.0018997387
across_perturbations_within_ctx,null,0.10326484
across_perturbations_within_ctx,null,-0.058606952
across_perturbations_within_ctx,null,-0.007719703
across_perturbations_within_ctx,null,0.09254474
across_perturbations_within_ctx,null,0.06830877
across_perturbations_within_ctx,null,-0.04163829
across_perturbations_within_ctx,null,0.0033546835
across_perturbations_within_ctx,null,-0.030799728
across_perturbations_within_ctx,null,-0.01855902
across_perturbations_within_ctx,null,0.0049487995
across_perturbations_within_ctx,null,0.05695275
across_perturbations_within_ctx,null,-0.030468099
across_perturbations_within_ctx,null,-0.034719042
across_perturbations_within_ctx,null,0.043803796
across_perturbations_within_ctx,null,-0.035009697
across_perturbations_within_ctx,null,-0.0020258673
across_perturbations_within_ctx,null,-0.020341344
across_perturbations_within_ctx,null,-0.034729432
across_perturbations_within_ctx,null,0.005909526
across_perturbations_within_ctx,null,-0.00062863954
across_perturbations_within_ctx,null,0.009175805
across_perturbations_within_ctx,null,-0.040751006
across_perturbations_within_ctx,null,0.027014287
across_perturbations_within_ctx,null,-0.06543618
across_perturbations_within_ctx,null,-0.007677393
across_perturbations_within_ctx,null,-0.003790438
across_perturbations_within_ctx,null,-0.11075705
across_perturbations_within_ctx,null,-0.04786882
across_perturbations_within_ctx,null,0.03975432
across_perturbations_within_ctx,null,-0.026358532
across_perturbations_within_ctx,null,-0.030937398
across_perturbations_within_ctx,null,0.041980863
across_perturbations_within_ctx,null,-0.06653864
across_perturbations_within_ctx,null,-0.022519682
across_perturbations_within_ctx,null,0.042198423
across_perturbations_within_ctx,null,-0.004083391
across_perturbations_within_ctx,null,-0.004381741
across_perturbations_within_ctx,null,0.0075780535
across_perturbations_within_ctx,null,-0.04962532
across_perturbations_within_ctx,null,0.041300673
across_perturbations_within_ctx,null,-0.016535789
across_perturbations_within_ctx,null,-0.011900841
across_perturbations_within_ctx,null,-0.011554891
across_perturbations_within_ctx,null,-0.011076839
across_perturbations_within_ctx,null,-0.05105518
across_perturbations_within_ctx,null,-0.019223318
across_perturbations_within_ctx,null,-0.006320607
across_perturbations_within_ctx,null,0.03905007
across_perturbations_within_ctx,null,0.0072204033
across_perturbations_within_ctx,null,0.03386094
across_perturbations_within_ctx,null,-0.04888968
across_perturbations_within_ctx,null,-0.05021055
across_perturbations_within_ctx,null,-0.027784554
across_perturbations_within_ctx,null,-0.011557106
across_perturbations_within_ctx,null,0.006641772
across_perturbations_within_ctx,null,-0.0008389805
across_perturbations_within_ctx,null,-0.017077096
across_perturbations_within_ctx,null,0.027047455
across_perturbations_within_ctx,null,0.058523048
across_perturbations_within_ctx,null,-0.005659379
across_perturbations_within_ctx,null,0.016153742
across_perturbations_within_ctx,null,-0.010395067
across_perturbations_within_ctx,null,-0.004436519
across_perturbations_within_ctx,null,0.017228462
across_perturbations_within_ctx,null,-0.015511266
across_perturbations_within_ctx,null,0.0054847896
across_perturbations_within_ctx,null,0.053006366
across_perturbations_within_ctx,null,0.011146746
across_perturbations_within_ctx,null,-0.0012714115
across_perturbations_within_ctx,null,0.07688441
across_perturbations_within_ctx,null,0.032844868
across_perturbations_within_ctx,null,0.122872934
across_perturbations_within_ctx,null,0.039628476
across_perturbations_within_ctx,null,-0.029803025
across_perturbations_within_ctx,null,-0.024626698
across_perturbations_within_ctx,null,-0.046341512
across_perturbations_within_ctx,null,0.015114099
across_perturbations_within_ctx,null,-0.020925494
across_perturbations_within_ctx,null,-0.049629793
across_perturbations_within_ctx,null,0.07566332
across_perturbations_within_ctx,null,0.01584482
across_perturbations_within_ctx,null,-0.00024136802
across_perturbations_within_ctx,null,-0.01669102
across_perturbations_within_ctx,null,-0.012529643
across_perturbations_within_ctx,null,0.060211793
across_perturbations_within_ctx,null,0.057431873
across_perturbations_within_ctx,null,0.008440058
across_perturbations_within_ctx,null,-0.027370239
across_perturbations_within_ctx,null,0.010368209
across_perturbations_within_ctx,null,0.3161229
across_perturbations_within_ctx,null,0.031858888
across_perturbations_within_ctx,null,0.0017060812
across_perturbations_within_ctx,null,0.011131908
across_perturbations_within_ctx,null,0.012946194
across_perturbations_within_ctx,null,-0.039807122
across_perturbations_within_ctx,null,0.009377798
across_perturbations_within_ctx,null,0.13217632
across_perturbations_within_ctx,null,0.013970587
across_perturbations_within_ctx,null,0.20400546
across_perturbations_within_ctx,null,-0.007171858
across_perturbations_within_ctx,null,0.03547318
across_perturbations_within_ctx,null,0.022092212
across_perturbations_within_ctx,null,-0.011844401
across_perturbations_within_ctx,null,-0.010936104
across_perturbations_within_ctx,null,0.0026630166
across_perturbations_within_ctx,null,0.042072594
across_perturbations_within_ctx,null,0.0033557266
across_perturbations_within_ctx,null,0.028052995
across_perturbations_within_ctx,null,-0.014486295
across_perturbations_within_ctx,null,-0.008405457
across_perturbations_within_ctx,null,-0.03259861
across_perturbations_within_ctx,null,0.12907244
across_perturbations_within_ctx,null,0.18215616
across_perturbations_within_ctx,null,-0.023580281
across_perturbations_within_ctx,null,-0.05714644
across_perturbations_within_ctx,null,0.012366682
across_perturbations_within_ctx,null,0.011182107
across_perturbations_within_ctx,null,0.020014863
across_perturbations_within_ctx,null,-0.023197293
across_perturbations_within_ctx,null,-0.0063835024
across_perturbations_within_ctx,null,0.0124574
across_perturbations_within_ctx,null,0.025373617
across_perturbations_within_ctx,null,-0.030011311
across_perturbations_within_ctx,null,-0.027997058
across_perturbations_within_ctx,null,-0.02233214
across_perturbations_within_ctx,null,0.06590906
across_perturbations_within_ctx,null,-0.013658553
across_perturbations_within_ctx,null,-0.023547042
across_perturbations_within_ctx,null,0.039799772
across_perturbations_within_ctx,null,-0.016510602
across_perturbations_within_ctx,null,-0.028015476
across_perturbations_within_ctx,null,-0.044876873
across_perturbations_within_ctx,null,0.04322512
across_perturbations_within_ctx,null,0.037341382
across_perturbations_within_ctx,null,-0.027805522
across_perturbations_within_ctx,null,-0.0076763825
across_perturbations_within_ctx,null,0.014482463
across_perturbations_within_ctx,null,-0.016633853
across_perturbations_within_ctx,null,-0.089015916
across_perturbations_within_ctx,null,-0.016585927
across_perturbations_within_ctx,null,-0.024325062
across_perturbations_within_ctx,null,-0.016535517
across_perturbations_within_ctx,null,-0.08146177
across_perturbations_within_ctx,null,-0.014473934
across_perturbations_within_ctx,null,0.016835866
across_perturbations_within_ctx,null,0.10543352
across_perturbations_within_ctx,null,0.015230941
across_perturbations_within_ctx,null,-0.0060003554
across_perturbations_within_ctx,null,0.015266437
across_perturbations_within_ctx,null,0.029853621
across_perturbations_within_ctx,null,-0.018955711
across_perturbations_within_ctx,null,-0.09191214
across_perturbations_within_ctx,null,-0.01497526
across_perturbations_within_ctx,null,-0.010636319
across_perturbations_within_ctx,null,0.028529376
across_perturbations_within_ctx,null,0.032713074
across_perturbations_within_ctx,null,0.045842417
across_perturbations_within_ctx,null,-0.033165358
across_perturbations_within_ctx,null,-0.008039356
across_perturbations_within_ctx,null,0.0048889164
across_perturbations_within_ctx,null,0.021026785
across_contexts_same_perturbation,observed,-0.11831222
across_contexts_same_perturbation,observed,-0.13087684
across_contexts_same_perturbation,observed,0.055960644
across_contexts_same_perturbation,observed,-0.12893845
across_contexts_same_perturbation,observed,-0.1364249
across_contexts_same_perturbation,observed,-0.104268156
across_contexts_same_perturbation,observed,-0.12893845
across_contexts_same_perturbation,observed,-0.08197449
across_contexts_same_perturbation,observed,-0.107209414
across_contexts_same_perturbation,observed,-0.14648706
across_contexts_same_perturbation,observed,-0.1298309
across_contexts_same_perturbation,observed,0.1950033
across_contexts_same_perturbation,observed,0.10645322
across_contexts_same_perturbation,observed,-0.004998208
across_contexts_same_perturbation,observed,-0.04535734
across_contexts_same_perturbation,observed,0.17848971
across_contexts_same_perturbation,observed,-0.122529626
across_contexts_same_perturbation,observed,-0.13123108
across_contexts_same_perturbation,observed,0.17704882
across_contexts_same_perturbation,observed,-0.097833335
across_contexts_same_perturbation,observed,0.10645322
across_contexts_same_perturbation,observed,-0.092798755
across_contexts_same_perturbation,observed,-0.117052875
across_contexts_same_perturbation,observed,-0.04535734
across_contexts_same_perturbation,observed,0.10645322
across_contexts_same_perturbation,observed,0.35356128
across_contexts_same_perturbation,observed,-0.07237788
across_contexts_same_perturbation,observed,-0.07237788
across_contexts_same_perturbation,observed,-0.14238107
across_contexts_same_perturbation,observed,-0.11814118
across_contexts_same_perturbation,observed,0.1844842
across_contexts_same_perturbation,observed,-0.13958582
across_contexts_same_perturbation,observed,0.15652624
across_contexts_same_perturbation,observed,0.1844842
across_contexts_same_perturbation,observed,-0.10721939
across_contexts_same_perturbation,observed,0.36943707
across_contexts_same_perturbation,observed,-0.17539696
across_contexts_same_perturbation,observed,-0.10595117
across_contexts_same_perturbation,observed,-0.21422756
across_contexts_same_perturbation,observed,-0.15666825
across_contexts_same_perturbation,observed,0.019258106
across_contexts_same_perturbation,observed,0.13210127
across_contexts_same_perturbation,observed,0.22898847
across_contexts_same_perturbation,observed,0.03460288
across_contexts_same_perturbation,observed,-0.0970953
across_contexts_same_perturbation,observed,-0.11531049
across_contexts_same_perturbation,observed,0.12628257
across_contexts_same_perturbation,observed,-0.1160353
across_contexts_same_perturbation,observed,-0.11700534
across_contexts_same_perturbation,observed,-0.113394715
across_contexts_same_perturbation,observed,-0.13756983
across_contexts_same_perturbation,observed,-0.17959969
across_contexts_same_perturbation,observed,-0.038568266
across_contexts_same_perturbation,observed,-0.14958516
across_contexts_same_perturbation,observed,-0.066455126
across_contexts_same_perturbation,observed,-0.2354734
across_contexts_same_perturbation,observed,0.12740736
across_contexts_same_perturbation,observed,-0.20189469
across_contexts_same_perturbation,observed,-0.116221644
across_contexts_same_perturbation,observed,-0.10394296
across_contexts_same_perturbation,observed,0.09595936
across_contexts_same_perturbation,observed,-0.08977265
across_contexts_same_perturbation,observed,0.027229115
across_contexts_same_perturbation,observed,-0.0836028
across_contexts_same_perturbation,observed,-0.108876176
across_contexts_same_perturbation,observed,-0.097792074
across_contexts_same_perturbation,observed,-0.16212651
across_contexts_same_perturbation,observed,-0.03772885
across_contexts_same_perturbation,observed,-0.035032574
across_contexts_same_perturbation,observed,-0.07322514
across_contexts_same_perturbation,observed,-0.104113035
across_contexts_same_perturbation,observed,-0.06299165
across_contexts_same_perturbation,observed,0.06160447
across_contexts_same_perturbation,observed,-0.09483327
across_contexts_same_perturbation,observed,0.007819875
across_contexts_same_perturbation,observed,0.13000472
across_contexts_same_perturbation,observed,0.13000472
across_contexts_same_perturbation,observed,-0.1555597
across_contexts_same_perturbation,observed,-0.09687555
across_contexts_same_perturbation,observed,0.24393827
across_contexts_same_perturbation,observed,-0.054130103
across_contexts_same_perturbation,observed,-0.24326272
across_contexts_same_perturbation,observed,-0.124292105
across_contexts_same_perturbation,observed,-0.06302763
across_contexts_same_perturbation,observed,-0.14747472
across_contexts_same_perturbation,observed,0.093851656
across_contexts_same_perturbation,observed,-0.0028734424
across_contexts_same_perturbation,observed,-0.0043680696
across_contexts_same_perturbation,observed,-0.07197438
across_contexts_same_perturbation,observed,-0.20439072
across_contexts_same_perturbation,observed,-0.20439072
across_contexts_same_perturbation,observed,-0.12521616
across_contexts_same_perturbation,observed,-0.12439355
across_contexts_same_perturbation,observed,0.07586066
across_contexts_same_perturbation,observed,-0.20511301
across_contexts_same_perturbation,observed,0.036740154
across_contexts_same_perturbation,observed,-0.08092768
across_contexts_same_perturbation,observed,-0.066058874
across_contexts_same_perturbation,observed,0.10843924
across_contexts_same_perturbation,observed,0.062299855
across_contexts_same_perturbation,observed,-0.01616054
across_contexts_same_perturbation,observed,-0.027121738
across_contexts_same_perturbation,observed,0.09998118
across_contexts_same_perturbation,observed,-0.110964954
across_contexts_same_perturbation,observed,-0.13137935
across_contexts_same_perturbation,observed,-0.07686487
across_contexts_same_perturbation,observed,-0.23623806
across_contexts_same_perturbation,observed,-0.122652985
across_contexts_same_perturbation,observed,-0.11011399
across_contexts_same_perturbation,observed,-0.051476337
across_contexts_same_perturbation,observed,-0.088070355
across_contexts_same_perturbation,observed,-0.19232881
across_contexts_same_perturbation,observed,-0.06461344
across_contexts_same_perturbation,observed,-0.16750415
across_contexts_same_perturbation,observed,-0.11386231
across_contexts_same_perturbation,observed,0.16732292
across_contexts_same_perturbation,observed,-0.10980308
across_contexts_same_perturbation,observed,-0.16404471
across_contexts_same_perturbation,observed,-0.16404471
across_contexts_same_perturbation,observed,0.040917955
across_contexts_same_perturbation,observed,0.2868165
across_contexts_same_perturbation,observed,-0.13622592
across_contexts_same_perturbation,observed,-0.09476245
across_contexts_same_perturbation,observed,-0.118205614
across_contexts_same_perturbation,observed,0.19123216
across_contexts_same_perturbation,observed,-0.18602832
across_contexts_same_perturbation,observed,-0.10080823
across_contexts_same_perturbation,observed,-0.13945295
across_contexts_same_perturbation,observed,0.2868165
across_contexts_same_perturbation,observed,-0.089004636
across_contexts_same_perturbation,observed,-0.17900364
across_contexts_same_perturbation,observed,-0.022598056
across_contexts_same_perturbation,observed,-0.20771103
across_contexts_same_perturbation,observed,-0.10187485
across_contexts_same_perturbation,observed,-0.18874198
across_contexts_same_perturbation,observed,-0.14993581
across_contexts_same_perturbation,observed,-0.08479573
across_contexts_same_perturbation,observed,-0.182699
across_contexts_same_perturbation,observed,0.08279064
across_contexts_same_perturbation,observed,-0.09358309
across_contexts_same_perturbation,observed,0.13643724
across_contexts_same_perturbation,observed,0.12811875
across_contexts_same_perturbation,observed,-0.13435437
across_contexts_same_perturbation,observed,0.013822506
across_contexts_same_perturbation,observed,-0.017072083
across_contexts_same_perturbation,observed,0.02058888
across_contexts_same_perturbation,observed,-0.038702782
across_contexts_same_perturbation,observed,0.056613777
across_contexts_same_perturbation,observed,-0.20303813
across_contexts_same_perturbation,observed,-0.20303813
across_contexts_same_perturbation,observed,-0.10699797
across_contexts_same_perturbation,observed,-0.21556757
across_contexts_same_perturbation,observed,-0.14518662
across_contexts_same_perturbation,observed,0.14697671
across_contexts_same_perturbation,observed,-0.086680055
across_contexts_same_perturbation,observed,0.016611261
across_contexts_same_perturbation,observed,0.14773138
across_contexts_same_perturbation,observed,-0.15236098
across_contexts_same_perturbation,observed,0.11950785
across_contexts_same_perturbation,observed,-0.22482863
across_contexts_same_perturbation,observed,0.030340046
across_contexts_same_perturbation,observed,0.048301492
across_contexts_same_perturbation,observed,-0.15236098
across_contexts_same_perturbation,observed,-0.04456861
across_contexts_same_perturbation,observed,0.12596883
across_contexts_same_perturbation,observed,-0.21344462
across_contexts_same_perturbation,observed,0.0870278
across_contexts_same_perturbation,observed,0.08639958
across_contexts_same_perturbation,observed,0.09887749
across_contexts_same_perturbation,observed,0.10776387
across_contexts_same_perturbation,observed,-0.17947266
across_contexts_same_perturbation,observed,-0.22531943
across_contexts_same_perturbation,observed,-0.13742802
across_contexts_same_perturbation,observed,0.008522191
across_contexts_same_perturbation,observed,-0.03510062
across_contexts_same_perturbation,observed,-0.17166021
across_contexts_same_perturbation,observed,0.03773742
across_contexts_same_perturbation,observed,-0.12552984
across_contexts_same_perturbation,observed,-0.17947266
across_contexts_same_perturbation,observed,0.019899018
across_contexts_same_perturbation,observed,-0.04314829
across_contexts_same_perturbation,observed,0.043744203
across_contexts_same_perturbation,observed,0.019406375
across_contexts_same_perturbation,observed,0.007165033
across_contexts_same_perturbation,observed,-0.096446194
across_contexts_same_perturbation,observed,0.06677872
across_contexts_same_perturbation,observed,-0.15676382
across_contexts_same_perturbation,observed,-0.15205161
across_contexts_same_perturbation,observed,-0.08288614
across_contexts_same_perturbation,observed,-0.047974426
across_contexts_same_perturbation,observed,-0.11603176
across_contexts_same_perturbation,observed,-0.09828188
across_contexts_same_perturbation,observed,-0.06521081
across_contexts_same_perturbation,observed,-0.070761845
across_contexts_same_perturbation,observed,0.18259662
across_contexts_same_perturbation,observed,-0.016753515
across_contexts_same_perturbation,observed,0.290675
across_contexts_same_perturbation,observed,-0.1415374
across_contexts_same_perturbation,observed,-0.20819014
across_contexts_same_perturbation,observed,-0.16356188
across_contexts_same_perturbation,observed,-0.15797268
across_contexts_same_perturbation,observed,-0.24021864
across_contexts_same_perturbation,observed,-0.09078779
across_contexts_same_perturbation,observed,0.028495181
across_contexts_same_perturbation,observed,-0.14554103
across_contexts_same_perturbation,observed,0.13110282
across_contexts_same_perturbation,observed,-0.008747949
across_contexts_same_perturbation,observed,-0.17642693
across_contexts_same_perturbation,observed,-0.13577862
across_contexts_same_perturbation,observed,0.14762679
across_contexts_same_perturbation,observed,-0.1321701
across_contexts_same_perturbation,observed,-0.11432897
across_contexts_same_perturbation,observed,0.19520213
across_contexts_same_perturbation,observed,-0.11198088
across_contexts_same_perturbation,observed,0.0058051073
across_contexts_same_perturbation,observed,-0.058207657
across_contexts_same_perturbation,observed,0.039889324
across_contexts_same_perturbation,observed,-0.13016766
across_contexts_same_perturbation,observed,-0.20693636
across_contexts_same_perturbation,observed,-0.1506804
across_contexts_same_perturbation,observed,-0.11285067
across_contexts_same_perturbation,observed,-0.1710417
across_contexts_same_perturbation,observed,-0.10476354
across_contexts_same_perturbation,observed,-0.11605852
across_contexts_same_perturbation,observed,0.24643178
across_contexts_same_perturbation,observed,-0.07377871
across_contexts_same_perturbation,observed,-0.10904612
across_contexts_same_perturbation,observed,-0.08680917
across_contexts_same_perturbation,observed,0.008864025
across_contexts_same_perturbation,observed,-0.08071186
across_contexts_same_perturbation,observed,-0.14082187
across_contexts_same_perturbation,observed,-0.21992928
across_contexts_same_perturbation,observed,-0.17876709
across_contexts_same_perturbation,observed,-0.14689073
across_contexts_same_perturbation,observed,0.05533148
across_contexts_same_perturbation,observed,-0.15438944
across_contexts_same_perturbation,observed,0.1310506
across_contexts_same_perturbation,observed,0.115307726
across_contexts_same_perturbation,observed,0.09395399
across_contexts_same_perturbation,observed,-0.11135715
across_contexts_same_perturbation,observed,0.1310506
across_contexts_same_perturbation,observed,0.057908434
across_contexts_same_perturbation,observed,-0.10108965
across_contexts_same_perturbation,observed,0.0433485
across_contexts_same_perturbation,observed,-0.16798544
across_contexts_same_perturbation,observed,0.15096012
across_contexts_same_perturbation,observed,0.07937847
across_contexts_same_perturbation,observed,-0.09165158
across_contexts_same_perturbation,observed,-0.10947245
across_contexts_same_perturbation,observed,-0.123025924
across_contexts_same_perturbation,observed,-0.1716904
across_contexts_same_perturbation,observed,-0.25836647
across_contexts_same_perturbation,observed,-0.07459493
across_contexts_same_perturbation,observed,-0.046206314
across_contexts_same_perturbation,observed,-0.077669054
across_contexts_same_perturbation,observed,-0.0541861
across_contexts_same_perturbation,observed,-0.12042198
across_contexts_same_perturbation,observed,-0.03538855
across_contexts_same_perturbation,observed,-0.033623222
across_contexts_same_perturbation,observed,-0.20126307
across_contexts_same_perturbation,observed,-0.08105722
across_contexts_same_perturbation,observed,-0.2725355
across_contexts_same_perturbation,observed,-0.08982737
across_contexts_same_perturbation,observed,-0.24486531
across_contexts_same_perturbation,observed,-0.030090708
across_contexts_same_perturbation,observed,-0.24985272
across_contexts_same_perturbation,observed,0.0053483862
across_contexts_same_perturbation,observed,0.069807716
across_contexts_same_perturbation,observed,-0.108608015
across_contexts_same_perturbation,observed,-0.007437024
across_contexts_same_perturbation,observed,-0.026256254
across_contexts_same_perturbation,observed,-0.09284941
across_contexts_same_perturbation,observed,-0.05502416
across_contexts_same_perturbation,observed,-0.037202742
across_contexts_same_perturbation,observed,-0.06840161
across_contexts_same_perturbation,observed,-0.15906893
across_contexts_same_perturbation,observed,0.053353883
across_contexts_same_perturbation,observed,-0.020232765
across_contexts_same_perturbation,observed,-0.16609567
across_contexts_same_perturbation,observed,-0.18731222
across_contexts_same_perturbation,observed,-0.12981331
across_contexts_same_perturbation,observed,-0.12510222
across_contexts_same_perturbation,observed,-0.039812643
across_contexts_same_perturbation,observed,-0.06781854
across_contexts_same_perturbation,observed,-0.030676499
across_contexts_same_perturbation,observed,-0.09952779
across_contexts_same_perturbation,observed,0.09513853
across_contexts_same_perturbation,observed,0.13011013
across_contexts_same_perturbation,observed,-0.14800012
across_contexts_same_perturbation,observed,0.29072976
across_contexts_same_perturbation,observed,-0.12598442
across_contexts_same_perturbation,observed,0.040636003
across_contexts_same_perturbation,observed,-0.18013394
across_contexts_same_perturbation,observed,-0.14484052
across_contexts_same_perturbation,observed,0.10186853
across_contexts_same_perturbation,observed,-0.12495688
across_contexts_same_perturbation,observed,-0.17321976
across_contexts_same_perturbation,observed,-0.031714227
across_contexts_same_perturbation,observed,0.01703921
across_contexts_same_perturbation,observed,-0.15421213
across_contexts_same_perturbation,observed,-0.23300053
across_contexts_same_perturbation,observed,-0.22004756
across_contexts_same_perturbation,observed,-0.023813797
across_contexts_same_perturbation,observed,-0.1127907
across_contexts_same_perturbation,observed,-0.1226746
across_contexts_same_perturbation,observed,-0.23720755
across_contexts_same_perturbation,observed,-0.40327013
across_contexts_same_perturbation,observed,-0.15378243
across_contexts_same_perturbation,observed,-0.2228721
across_contexts_same_perturbation,observed,-0.28024444
across_contexts_same_perturbation,observed,-0.31782043
across_contexts_same_perturbation,observed,-0.1290741
across_contexts_same_perturbation,observed,-0.29168028
across_contexts_same_perturbation,observed,-0.12917855
across_contexts_same_perturbation,observed,-0.1922638
across_contexts_same_perturbation,observed,0.25674197
across_contexts_same_perturbation,observed,-0.15101625
across_contexts_same_perturbation,observed,-0.289418
across_contexts_same_perturbation,observed,0.005298895
across_contexts_same_perturbation,observed,-0.09271853
across_contexts_same_perturbation,observed,-0.013156207
across_contexts_same_perturbation,observed,-0.058391307
across_contexts_same_perturbation,observed,-0.12536456
across_contexts_same_perturbation,observed,-0.21243577
across_contexts_same_perturbation,observed,-0.12276437
across_contexts_same_perturbation,observed,-0.2394868
across_contexts_same_perturbation,observed,-0.1696643
across_contexts_same_perturbation,observed,-0.254401
across_contexts_same_perturbation,observed,-0.1026356
across_contexts_same_perturbation,observed,-0.23793489
across_contexts_same_perturbation,observed,0.005336981
across_contexts_same_perturbation,observed,0.36686608
across_contexts_same_perturbation,observed,-0.16757987
across_contexts_same_perturbation,observed,-0.12536456
across_contexts_same_perturbation,observed,-0.26271778
across_contexts_same_perturbation,observed,-0.15413804
across_contexts_same_perturbation,observed,-0.15413804
across_contexts_same_perturbation,observed,-0.20764823
across_contexts_same_perturbation,observed,0.01767799
across_contexts_same_perturbation,observed,0.06359752
across_contexts_same_perturbation,observed,-0.06495716
across_contexts_same_perturbation,observed,-0.08119289
across_contexts_same_perturbation,observed,-0.14654121
across_contexts_same_perturbation,observed,-0.27283794
across_contexts_same_perturbation,observed,-0.14483283
across_contexts_same_perturbation,observed,-0.08324003
across_contexts_same_perturbation,observed,-0.18288979
across_contexts_same_perturbation,observed,-0.1021627
across_contexts_same_perturbation,observed,-0.17505485
across_contexts_same_perturbation,observed,-0.07161241
across_contexts_same_perturbation,observed,-0.16734473
across_contexts_same_perturbation,observed,-0.3012106
across_contexts_same_perturbation,observed,0.24744989
across_contexts_same_perturbation,observed,-0.056573603
across_contexts_same_perturbation,observed,-0.17437677
across_contexts_same_perturbation,observed,-0.16825353
across_contexts_same_perturbation,observed,0.04102769
across_contexts_same_perturbation,observed,-0.07103785
across_contexts_same_perturbation,observed,-0.3012106
across_contexts_same_perturbation,observed,-0.014486304
across_contexts_same_perturbation,observed,-0.124412134
across_contexts_same_perturbation,observed,-0.14932908
across_contexts_same_perturbation,observed,-0.15110639
across_contexts_same_perturbation,observed,-0.06228032
across_contexts_same_perturbation,observed,0.013580139
across_contexts_same_perturbation,observed,-0.14175871
across_contexts_same_perturbation,observed,-0.11471698
across_contexts_same_perturbation,observed,-0.064307846
across_contexts_same_perturbation,observed,-0.019961735
across_contexts_same_perturbation,observed,0.085916236
across_contexts_same_perturbation,observed,-0.22105132
across_contexts_same_perturbation,observed,-0.17642365
across_contexts_same_perturbation,observed,0.07828906
across_contexts_same_perturbation,observed,-0.13383569
across_contexts_same_perturbation,observed,-0.13279568
across_contexts_same_perturbation,observed,-0.21820222
across_contexts_same_perturbation,observed,-0.13085777
across_contexts_same_perturbation,observed,-0.11744845
across_contexts_same_perturbation,observed,-0.19043344
across_contexts_same_perturbation,observed,-0.20968063
across_contexts_same_perturbation,observed,-0.1489701
across_contexts_same_perturbation,observed,-0.12539333
across_contexts_same_perturbation,observed,0.049181245
across_contexts_same_perturbation,observed,-0.16404507
across_contexts_same_perturbation,observed,-0.09414343
across_contexts_same_perturbation,observed,0.05209618
across_contexts_same_perturbation,observed,-0.17057276
across_contexts_same_perturbation,observed,-0.21508004
across_contexts_same_perturbation,observed,-0.18687704
across_contexts_same_perturbation,observed,-0.15813982
across_contexts_same_perturbation,observed,0.034172907
across_contexts_same_perturbation,observed,-0.19554617
across_contexts_same_perturbation,observed,-0.11419438
across_contexts_same_perturbation,observed,-0.0689159
across_contexts_same_perturbation,observed,-0.010655858
across_contexts_same_perturbation,observed,-0.08723171
across_contexts_same_perturbation,observed,0.09255623
across_contexts_same_perturbation,observed,-0.12196631
across_contexts_same_perturbation,observed,0.070151664
across_contexts_same_perturbation,observed,0.07848457
across_contexts_same_perturbation,observed,-0.16579953
across_contexts_same_perturbation,observed,-0.010655858
across_contexts_same_perturbation,observed,0.0034165676
across_contexts_same_perturbation,observed,0.123236515
across_contexts_same_perturbation,observed,0.3294777
across_contexts_same_perturbation,observed,-0.14181434
across_contexts_same_perturbation,observed,-0.13364905
across_contexts_same_perturbation,observed,0.35081223
across_contexts_same_perturbation,observed,0.19417693
across_contexts_same_perturbation,observed,-0.17824356
across_contexts_same_perturbation,observed,0.20435368
across_contexts_same_perturbation,observed,-0.21776034
across_contexts_same_perturbation,observed,0.07869513
across_contexts_same_perturbation,observed,-0.27090058
across_contexts_same_perturbation,observed,0.26031935
across_contexts_same_perturbation,observed,0.20435368
across_contexts_same_perturbation,observed,-0.16769235
across_contexts_same_perturbation,observed,-0.02336787
across_contexts_same_perturbation,observed,-0.1768426
across_contexts_same_perturbation,observed,0.1298499
across_contexts_same_perturbation,observed,-0.0012691778
across_contexts_same_perturbation,observed,-0.1768426
across_contexts_same_perturbation,observed,-0.095066406
across_contexts_same_perturbation,observed,-0.008432637
across_contexts_same_perturbation,observed,-0.19678108
across_contexts_same_perturbation,observed,-0.050200794
across_contexts_same_perturbation,observed,-0.16189373
across_contexts_same_perturbation,observed,-0.11509054
across_contexts_same_perturbation,observed,-0.08214348
across_contexts_same_perturbation,observed,0.12906879
across_contexts_same_perturbation,observed,0.021687016
across_contexts_same_perturbation,observed,-0.11647161
across_contexts_same_perturbation,observed,0.027643096
across_contexts_same_perturbation,observed,-0.10780471
across_contexts_same_perturbation,observed,-0.12466054
across_contexts_same_perturbation,observed,-0.12466054
across_contexts_same_perturbation,observed,-0.18324614
across_contexts_same_perturbation,observed,-0.17832068
across_contexts_same_perturbation,observed,-0.09845129
across_contexts_same_perturbation,observed,0.106006965
across_contexts_same_perturbation,observed,-0.08003924
across_contexts_same_perturbation,observed,-0.10780471
across_contexts_same_perturbation,observed,-0.16042596
across_contexts_same_perturbation,observed,-0.15426049
across_contexts_same_perturbation,observed,0.09316467
across_contexts_same_perturbation,observed,0.03550972
across_contexts_same_perturbation,observed,-0.08429311
across_contexts_same_perturbation,observed,-0.0117703015
across_contexts_same_perturbation,observed,-0.010733518
across_contexts_same_perturbation,observed,-0.09811001
across_contexts_same_perturbation,observed,-0.12626597
across_contexts_same_perturbation,observed,0.07802487
across_contexts_same_perturbation,observed,0.16024002
across_contexts_same_perturbation,observed,0.07802487
across_contexts_same_perturbation,observed,-0.12257809
across_contexts_same_perturbation,observed,-0.010452148
across_contexts_same_perturbation,observed,0.025776774
across_contexts_same_perturbation,observed,0.025911443
across_contexts_same_perturbation,observed,0.018110761
across_contexts_same_perturbation,observed,-0.0041709016
across_contexts_same_perturbation,observed,-0.015654456
across_contexts_same_perturbation,observed,-0.05014215
across_contexts_same_perturbation,observed,-0.0018864389
across_contexts_same_perturbation,observed,-0.031503826
across_contexts_same_perturbation,observed,-0.0972956
across_contexts_same_perturbation,observed,0.044182673
across_contexts_same_perturbation,observed,0.008584482
across_contexts_same_perturbation,observed,-0.009628877
across_contexts_same_perturbation,observed,-0.009991723
across_contexts_same_perturbation,observed,0.02815294
across_contexts_same_perturbation,observed,-0.008788762
across_contexts_same_perturbation,observed,-0.029546501
across_contexts_same_perturbation,observed,-0.0025114908
across_contexts_same_perturbation,observed,0.022805484
across_contexts_same_perturbation,observed,-0.0018850613
across_contexts_same_perturbation,observed,0.0006838575
across_contexts_same_perturbation,observed,0.006913352
across_contexts_same_perturbation,observed,-0.028919814
across_contexts_same_perturbation,observed,-0.057500307
across_contexts_same_perturbation,observed,-0.022170592
across_contexts_same_perturbation,observed,0.008352405
across_contexts_same_perturbation,observed,-0.055064775
across_contexts_same_perturbation,observed,0.068746
across_contexts_same_perturbation,observed,-0.050903656
across_contexts_same_perturbation,observed,0.0036631476
across_contexts_same_perturbation,observed,-0.022696229
across_contexts_same_perturbation,observed,-0.011011791
across_contexts_same_perturbation,observed,-0.097875684
across_contexts_same_perturbation,observed,-0.0589009
across_contexts_same_perturbation,observed,-0.11383938
across_contexts_same_perturbation,observed,0.03900468
across_contexts_same_perturbation,observed,-0.13663034
across_contexts_same_perturbation,observed,0.03900468
across_contexts_same_perturbation,observed,-0.12873071
across_contexts_same_perturbation,observed,0.2782057
across_contexts_same_perturbation,observed,0.17865323
across_contexts_same_perturbation,observed,-0.031808518
across_contexts_same_perturbation,observed,-0.092691265
across_contexts_same_perturbation,observed,-0.09053402
across_contexts_same_perturbation,observed,-0.08044801
across_contexts_same_perturbation,observed,-0.09014944
across_contexts_same_perturbation,observed,0.026600119
across_contexts_same_perturbation,observed,-0.055378977
across_contexts_same_perturbation,observed,0.16475758
across_contexts_same_perturbation,observed,-0.19402623
across_contexts_same_perturbation,observed,0.004269696
across_contexts_same_perturbation,observed,-0.091364935
across_contexts_same_perturbation,observed,-0.13750789
across_contexts_same_perturbation,observed,-0.036530886
across_contexts_same_perturbation,observed,0.12280956
across_contexts_same_perturbation,observed,0.10466755
across_contexts_same_perturbation,observed,0.007373698
across_contexts_same_perturbation,observed,-0.14626311
across_contexts_same_perturbation,observed,-0.13560663
across_contexts_same_perturbation,observed,-0.05313712
across_contexts_same_perturbation,observed,0.04279052
across_contexts_same_perturbation,observed,-0.20736913
across_contexts_same_perturbation,observed,-0.12324678
across_contexts_same_perturbation,observed,0.11694274
across_contexts_same_perturbation,observed,0.24786116
across_contexts_same_perturbation,observed,-0.09330234
across_contexts_same_perturbation,observed,-0.13981718
across_contexts_same_perturbation,observed,-0.17579366
across_contexts_same_perturbation,observed,-0.17892832
across_contexts_same_perturbation,observed,-0.22564036
across_contexts_same_perturbation,observed,-0.20476508
across_contexts_same_perturbation,observed,-0.003660084
across_contexts_same_perturbation,observed,0.22708903
across_contexts_same_perturbation,observed,-0.16961573
across_contexts_same_perturbation,observed,-0.05451887
across_contexts_same_perturbation,observed,-0.13338836
across_contexts_same_perturbation,observed,-0.18873231
across_contexts_same_perturbation,observed,-0.12833963
across_contexts_same_perturbation,observed,-0.11654621
across_contexts_same_perturbation,observed,-0.18794063
across_contexts_same_perturbation,observed,0.10946295
across_contexts_same_perturbation,observed,-0.021405036
across_contexts_same_perturbation,observed,-0.08690178
across_contexts_same_perturbation,observed,0.124311395
across_contexts_same_perturbation,observed,-0.10809099
across_contexts_same_perturbation,observed,-0.13187085
across_contexts_same_perturbation,observed,-0.14071178
across_contexts_same_perturbation,observed,-0.19702859
across_contexts_same_perturbation,observed,-0.1304214
across_contexts_same_perturbation,observed,-0.1727303
across_contexts_same_perturbation,observed,-0.099851094
across_contexts_same_perturbation,observed,-0.141721
across_contexts_same_perturbation,observed,-0.1727303
across_contexts_same_perturbation,observed,-0.07078417
across_contexts_same_perturbation,observed,-0.09877316
across_contexts_same_perturbation,observed,-0.12253825
across_contexts_same_perturbation,observed,-0.12371945
across_contexts_same_perturbation,observed,-0.1043113
across_contexts_same_perturbation,observed,0.092526264
across_contexts_same_perturbation,observed,-0.17308612
across_contexts_same_perturbation,observed,-0.15186225
across_contexts_same_perturbation,observed,-0.13972047
across_contexts_same_perturbation,observed,-0.13217789
across_contexts_same_perturbation,observed,-0.100356594
across_contexts_same_perturbation,observed,-0.11335322
across_contexts_same_perturbation,observed,0.15366775
across_contexts_same_perturbation,observed,-0.12599713
across_contexts_same_perturbation,observed,-0.14769804
across_contexts_same_perturbation,observed,-0.07912015
across_contexts_same_perturbation,observed,-0.08785518
across_contexts_same_perturbation,observed,-0.099323176
across_contexts_same_perturbation,observed,-0.14896989
across_contexts_same_perturbation,observed,-0.061110653
across_contexts_same_perturbation,observed,-0.15615469
across_contexts_same_perturbation,observed,-0.09631607
across_contexts_same_perturbation,observed,-0.17633176
across_contexts_same_perturbation,observed,-0.12534174
across_contexts_same_perturbation,observed,-0.07858994
across_contexts_same_perturbation,observed,-0.13806172
across_contexts_same_perturbation,observed,-0.13194622
across_contexts_same_perturbation,observed,-0.15774167
across_contexts_same_perturbation,observed,-0.1506594
across_contexts_same_perturbation,observed,0.0020124712
across_contexts_same_perturbation,observed,0.017653048
across_contexts_same_perturbation,observed,-0.10088996
across_contexts_same_perturbation,observed,-0.18108253
across_contexts_same_perturbation,observed,-0.19232148
across_contexts_same_perturbation,observed,-0.12785715
across_contexts_same_perturbation,observed,0.042833038
across_contexts_same_perturbation,observed,0.10119635
across_contexts_same_perturbation,observed,-0.009372777
across_contexts_same_perturbation,observed,-0.1146127
across_contexts_same_perturbation,observed,-0.108852476
across_contexts_same_perturbation,observed,0.042833038
across_contexts_same_perturbation,observed,-0.09001026
across_contexts_same_perturbation,observed,-0.1490549
across_contexts_same_perturbation,observed,0.055162255
across_contexts_same_perturbation,observed,0.06239274
across_contexts_same_perturbation,observed,0.035810094
across_contexts_same_perturbation,observed,0.035810094
across_contexts_same_perturbation,observed,-0.054798618
across_contexts_same_perturbation,observed,-0.04661079
across_contexts_same_perturbation,observed,0.07845541
across_contexts_same_perturbation,observed,0.0122937
across_contexts_same_perturbation,observed,-0.12226606
across_contexts_same_perturbation,observed,0.062532134
across_contexts_same_perturbation,observed,0.007838016
across_contexts_same_perturbation,observed,-0.10457514
across_contexts_same_perturbation,observed,-0.2167752
across_contexts_same_perturbation,observed,-0.19465749
across_contexts_same_perturbation,observed,-0.18201722
across_contexts_same_perturbation,observed,-0.14981198
across_contexts_same_perturbation,observed,0.15354928
across_contexts_same_perturbation,observed,0.027182655
across_contexts_same_perturbation,observed,0.0026302661
across_contexts_same_perturbation,observed,-0.06719693
across_contexts_same_perturbation,observed,0.122555666
across_contexts_same_perturbation,observed,-0.23854885
across_contexts_same_perturbation,observed,-0.12778395
across_contexts_same_perturbation,observed,-0.23238686
across_contexts_same_perturbation,observed,-0.19378619
across_contexts_same_perturbation,observed,-0.18643722
across_contexts_same_perturbation,observed,0.12027828
across_contexts_same_perturbation,observed,-0.31789538
across_contexts_same_perturbation,observed,-0.11788105
across_contexts_same_perturbation,observed,0.21827504
across_contexts_same_perturbation,observed,-0.12354469
across_contexts_same_perturbation,observed,-0.13632849
across_contexts_same_perturbation,observed,0.24967724
across_contexts_same_perturbation,observed,0.009093994
across_contexts_same_perturbation,observed,-0.11745154
across_contexts_same_perturbation,observed,0.009893588
across_contexts_same_perturbation,observed,-0.13519102
across_contexts_same_perturbation,observed,-0.11924998
across_contexts_same_perturbation,observed,-0.206068
across_contexts_same_perturbation,observed,0.11777395
across_contexts_same_perturbation,observed,0.25488174
across_contexts_same_perturbation,observed,-0.09790384
across_contexts_same_perturbation,observed,0.06694846
across_contexts_same_perturbation,observed,-0.15061887
across_contexts_same_perturbation,observed,-0.13407171
across_contexts_same_perturbation,observed,-0.05438357
across_contexts_same_perturbation,observed,-0.10696397
across_contexts_same_perturbation,observed,-0.079432786
across_contexts_same_perturbation,observed,-0.03837619
across_contexts_same_perturbation,observed,-0.054453537
across_contexts_same_perturbation,observed,-0.13614227
across_contexts_same_perturbation,observed,-0.076517224
across_contexts_same_perturbation,observed,-0.08579431
across_contexts_same_perturbation,observed,0.06820899
across_contexts_same_perturbation,observed,-0.16669595
across_contexts_same_perturbation,observed,0.035588272
across_contexts_same_perturbation,observed,-0.14333299
across_contexts_same_perturbation,observed,-0.19770814
across_contexts_same_perturbation,observed,0.10914167
across_contexts_same_perturbation,observed,-0.21013181
across_contexts_same_perturbation,observed,0.021528747
across_contexts_same_perturbation,observed,-0.07326059
across_contexts_same_perturbation,observed,-0.0466145
across_contexts_same_perturbation,observed,-0.15161125
across_contexts_same_perturbation,observed,-0.14301607
across_contexts_same_perturbation,observed,-0.15659864
across_contexts_same_perturbation,observed,-0.110474765
across_contexts_same_perturbation,observed,-0.12389996
across_contexts_same_perturbation,observed,-0.20496638
across_contexts_same_perturbation,observed,-0.11208273
across_contexts_same_perturbation,observed,-0.13301545
across_contexts_same_perturbation,observed,-0.09093544
across_contexts_same_perturbation,observed,-0.19388373
across_contexts_same_perturbation,observed,-0.16278799
across_contexts_same_perturbation,observed,-0.26599467
across_contexts_same_perturbation,observed,-0.2541704
across_contexts_same_perturbation,observed,-0.0027303975
across_contexts_same_perturbation,observed,-0.1425429
across_contexts_same_perturbation,observed,-0.1874345
across_contexts_same_perturbation,observed,-0.17058335
across_contexts_same_perturbation,observed,-0.15182923
across_contexts_same_perturbation,observed,0.03405657
across_contexts_same_perturbation,observed,-0.06079585
across_contexts_same_perturbation,observed,-0.08632828
across_contexts_same_perturbation,observed,-0.15040489
across_contexts_same_perturbation,observed,-0.12291863
across_contexts_same_perturbation,observed,-0.08877244
across_contexts_same_perturbation,observed,-0.032640778
across_contexts_same_perturbation,observed,-0.10943401
across_contexts_same_perturbation,observed,-0.001219838
across_contexts_same_perturbation,observed,-0.08877244
across_contexts_same_perturbation,observed,-0.19038248
across_contexts_same_perturbation,observed,-0.09792651
across_contexts_same_perturbation,observed,-0.17843106
across_contexts_same_perturbation,observed,-0.184748
across_contexts_same_perturbation,observed,-0.049431823
across_contexts_same_perturbation,observed,-0.045619715
across_contexts_same_perturbation,observed,-0.1443142
across_contexts_same_perturbation,observed,-0.17724632
across_contexts_same_perturbation,observed,0.029685313
across_contexts_same_perturbation,observed,-0.13755824
across_contexts_same_perturbation,observed,-0.112574115
across_contexts_same_perturbation,observed,-0.090037294
across_contexts_same_perturbation,observed,-0.23873174
across_contexts_same_perturbation,observed,-0.06318141
across_contexts_same_perturbation,observed,-0.050658308
across_contexts_same_perturbation,observed,-0.15051329
across_contexts_same_perturbation,observed,-0.06318141
across_contexts_same_perturbation,observed,0.039274048
across_contexts_same_perturbation,observed,-0.107834354
across_contexts_same_perturbation,observed,-0.11778438
across_contexts_same_perturbation,observed,0.14938399
across_contexts_same_perturbation,observed,-0.08946223
across_contexts_same_perturbation,observed,-0.09026618
across_contexts_same_perturbation,observed,0.018623833
across_contexts_same_perturbation,observed,-0.1298769
across_contexts_same_perturbation,observed,-0.16988663
across_contexts_same_perturbation,observed,-0.068602525
across_contexts_same_perturbation,observed,-0.12253578
across_contexts_same_perturbation,observed,-0.1411262
across_contexts_same_perturbation,observed,-0.21956971
across_contexts_same_perturbation,observed,-0.16287002
across_contexts_same_perturbation,observed,0.045925807
across_contexts_same_perturbation,observed,-0.20884834
across_contexts_same_perturbation,observed,-0.0654105
across_contexts_same_perturbation,observed,-0.21149947
across_contexts_same_perturbation,observed,-0.13381678
across_contexts_same_perturbation,observed,-0.09841975
across_contexts_same_perturbation,observed,-0.09841975
across_contexts_same_perturbation,observed,0.19120649
across_contexts_same_perturbation,observed,-0.077669814
across_contexts_same_perturbation,observed,-0.12296946
across_contexts_same_perturbation,observed,0.06868435
across_contexts_same_perturbation,observed,-0.19691665
across_contexts_same_perturbation,observed,0.06868435
across_contexts_same_perturbation,observed,-0.17321786
across_contexts_same_perturbation,observed,-0.21256953
across_contexts_same_perturbation,observed,-0.24481231
across_contexts_same_perturbation,observed,0.107683495
across_contexts_same_perturbation,observed,0.11410965
across_contexts_same_perturbation,observed,-0.20029853
across_contexts_same_perturbation,observed,-0.26964945
across_contexts_same_perturbation,observed,-0.26964945
across_contexts_same_perturbation,observed,-0.15640114
across_contexts_same_perturbation,observed,0.20501919
across_contexts_same_perturbation,observed,-0.1476739
across_contexts_same_perturbation,observed,-0.031166643
across_contexts_same_perturbation,observed,-0.11037335
across_contexts_same_perturbation,observed,-0.078209646
across_contexts_same_perturbation,observed,-0.13344173
across_contexts_same_perturbation,observed,-0.11340875
across_contexts_same_perturbation,observed,-0.1389223
across_contexts_same_perturbation,observed,-0.09373832
across_contexts_same_perturbation,observed,0.17535357
across_contexts_same_perturbation,observed,-0.087665215
across_contexts_same_perturbation,observed,0.092656896
across_contexts_same_perturbation,observed,-0.11957062
across_contexts_same_perturbation,observed,-0.12992026
across_contexts_same_perturbation,observed,-0.07310411
across_contexts_same_perturbation,observed,-0.12731282
across_contexts_same_perturbation,observed,0.06908816
across_contexts_same_perturbation,observed,0.19591905
across_contexts_same_perturbation,observed,-0.21660407
across_contexts_same_perturbation,observed,-0.02833677
across_contexts_same_perturbation,observed,-0.06896421
across_contexts_same_perturbation,observed,-0.19066504
across_contexts_same_perturbation,observed,0.028900973
across_contexts_same_perturbation,observed,-0.12747464
across_contexts_same_perturbation,observed,-0.09446863
across_contexts_same_perturbation,observed,-0.11746844
across_contexts_same_perturbation,observed,0.10519969
across_contexts_same_perturbation,observed,0.2823347
across_contexts_same_perturbation,observed,0.17978837
across_contexts_same_perturbation,observed,-0.12747464
across_contexts_same_perturbation,observed,-0.11746844
across_contexts_same_perturbation,observed,-0.09446863
across_contexts_same_perturbation,observed,0.023959883
across_contexts_same_perturbation,observed,-0.11053693
across_contexts_same_perturbation,observed,-0.13129833
across_contexts_same_perturbation,observed,-0.22611372
across_contexts_same_perturbation,observed,-0.1735508
across_contexts_same_perturbation,observed,0.007168752
across_contexts_same_perturbation,observed,-0.112548746
across_contexts_same_perturbation,observed,-0.13875325
across_contexts_same_perturbation,observed,-0.25316358
across_contexts_same_perturbation,observed,-0.016673315
across_contexts_same_perturbation,observed,-0.11612594
across_contexts_same_perturbation,observed,0.024186509
across_contexts_same_perturbation,observed,0.29975277
across_contexts_same_perturbation,observed,-0.15628152
across_contexts_same_perturbation,observed,-0.10834635
across_contexts_same_perturbation,observed,-0.15593912
across_contexts_same_perturbation,observed,0.14920542
across_contexts_same_perturbation,observed,-0.12668623
across_contexts_same_perturbation,observed,-0.14058214
across_contexts_same_perturbation,observed,0.06060158
across_contexts_same_perturbation,observed,-0.11133179
across_contexts_same_perturbation,observed,-0.1793154
across_contexts_same_perturbation,observed,0.16921335
across_contexts_same_perturbation,observed,-0.21596746
across_contexts_same_perturbation,observed,0.03583378
across_contexts_same_perturbation,observed,-0.11437178
across_contexts_same_perturbation,observed,0.1883942
across_contexts_same_perturbation,observed,-0.19421893
across_contexts_same_perturbation,observed,0.03583378
across_contexts_same_perturbation,observed,-0.20239958
across_contexts_same_perturbation,observed,-0.19421893
across_contexts_same_perturbation,observed,-0.14661328
across_contexts_same_perturbation,observed,-0.16269569
across_contexts_same_perturbation,observed,-0.2341087
across_contexts_same_perturbation,observed,-0.060544126
across_contexts_same_perturbation,observed,0.031887084
across_contexts_same_perturbation,observed,-0.09236952
across_contexts_same_perturbation,observed,0.13311994
across_contexts_same_perturbation,observed,-0.23739736
across_contexts_same_perturbation,observed,0.074955575
across_contexts_same_perturbation,observed,0.026146233
across_contexts_same_perturbation,observed,0.074955575
across_contexts_same_perturbation,observed,-0.09302192
across_contexts_same_perturbation,observed,-0.14661328
across_contexts_same_perturbation,observed,-0.14106023
across_contexts_same_perturbation,observed,-0.19040237
across_contexts_same_perturbation,observed,0.2177312
across_contexts_same_perturbation,observed,0.116614856
across_contexts_same_perturbation,observed,-0.16989423
across_contexts_same_perturbation,observed,-0.12629181
across_contexts_same_perturbation,observed,-0.22755837
across_contexts_same_perturbation,observed,-0.018341064
across_contexts_same_perturbation,observed,0.09834227
across_contexts_same_perturbation,observed,-0.16151223
across_contexts_same_perturbation,observed,0.054670904
across_contexts_same_perturbation,observed,-0.16151223
across_contexts_same_perturbation,observed,-0.18429491
across_contexts_same_perturbation,observed,0.033119377
across_contexts_same_perturbation,observed,-0.20049892
across_contexts_same_perturbation,observed,-0.07886199
across_contexts_same_perturbation,observed,-0.10835835
across_contexts_same_perturbation,observed,-0.21197543
across_contexts_same_perturbation,observed,-0.13281828
across_contexts_same_perturbation,observed,-0.17236234
across_contexts_same_perturbation,observed,-0.16858761
across_contexts_same_perturbation,observed,0.1150028
across_contexts_same_perturbation,observed,0.1865299
across_contexts_same_perturbation,observed,0.09802316
across_contexts_same_perturbation,observed,-0.018588422
across_contexts_same_perturbation,observed,-0.124286786
across_contexts_same_perturbation,observed,-0.12914519
across_contexts_same_perturbation,observed,-0.03513196
across_contexts_same_perturbation,observed,0.15956141
across_contexts_same_perturbation,observed,0.08274481
across_contexts_same_perturbation,observed,0.062739335
across_contexts_same_perturbation,observed,0.27527645
across_contexts_same_perturbation,observed,-0.17461039
across_contexts_same_perturbation,observed,-0.25298864
across_contexts_same_perturbation,observed,-0.099765785
across_contexts_same_perturbation,observed,-0.18251427
across_contexts_same_perturbation,observed,-0.099765785
across_contexts_same_perturbation,observed,-0.14592002
across_contexts_same_perturbation,observed,-0.14372584
across_contexts_same_perturbation,observed,-0.113670394
across_contexts_same_perturbation,observed,-0.1360646
across_contexts_same_perturbation,observed,-0.08035479
across_contexts_same_perturbation,observed,-0.1360646
across_contexts_same_perturbation,observed,-0.24651445
across_contexts_same_perturbation,observed,-0.08822576
across_contexts_same_perturbation,observed,-0.12904173
across_contexts_same_perturbation,observed,-0.1449593
across_contexts_same_perturbation,observed,0.015948633
across_contexts_same_perturbation,observed,-0.13469073
across_contexts_same_perturbation,observed,0.06691276
across_contexts_same_perturbation,observed,-0.1744682
across_contexts_same_perturbation,observed,-0.16953777
across_contexts_same_perturbation,observed,-0.12904173
across_contexts_same_perturbation,observed,-0.14428994
across_contexts_same_perturbation,observed,0.04258896
across_contexts_same_perturbation,observed,-0.19864617
across_contexts_same_perturbation,observed,-0.02317401
across_contexts_same_perturbation,observed,-0.104701884
across_contexts_same_perturbation,observed,-0.13916302
across_contexts_same_perturbation,observed,0.11075051
across_contexts_same_perturbation,observed,-0.19397104
across_contexts_same_perturbation,observed,-0.13076666
across_contexts_same_perturbation,observed,-0.17074943
across_contexts_same_perturbation,observed,-0.2410018
across_contexts_same_perturbation,observed,0.16064362
across_contexts_same_perturbation,observed,-0.17100725
across_contexts_same_perturbation,observed,-0.019800141
across_contexts_same_perturbation,observed,-0.11802534
across_contexts_same_perturbation,observed,-0.2107382
across_contexts_same_perturbation,observed,-0.096942306
across_contexts_same_perturbation,observed,-0.16450202
across_contexts_same_perturbation,observed,0.14707391
across_contexts_same_perturbation,observed,-0.23088194
across_contexts_same_perturbation,observed,-0.10301737
across_contexts_same_perturbation,observed,-0.21107765
across_contexts_same_perturbation,observed,-0.058633193
across_contexts_same_perturbation,observed,-0.16067082
across_contexts_same_perturbation,observed,-0.089410655
across_contexts_same_perturbation,observed,-0.11117701
across_contexts_same_perturbation,observed,-0.060676366
across_contexts_same_perturbation,observed,-0.17138064
across_contexts_same_perturbation,observed,-0.03571748
across_contexts_same_perturbation,observed,-0.01582724
across_contexts_same_perturbation,observed,-0.02617131
across_contexts_same_perturbation,observed,-0.10174069
across_contexts_same_perturbation,observed,0.045986116
across_contexts_same_perturbation,observed,-0.19890794
across_contexts_same_perturbation,observed,-0.19890794
across_contexts_same_perturbation,observed,-0.08287949
across_contexts_same_perturbation,observed,-0.18470621
across_contexts_same_perturbation,observed,-0.07495411
across_contexts_same_perturbation,observed,0.1359992
across_contexts_same_perturbation,observed,-0.117694296
across_contexts_same_perturbation,observed,-0.20562053
across_contexts_same_perturbation,observed,-0.13810895
across_contexts_same_perturbation,observed,-0.1414156
across_contexts_same_perturbation,observed,0.20219426
across_contexts_same_perturbation,observed,-0.033475008
across_contexts_same_perturbation,observed,-0.08821435
across_contexts_same_perturbation,observed,0.18819341
across_contexts_same_perturbation,observed,0.041735247
across_contexts_same_perturbation,observed,-0.0615428
across_contexts_same_perturbation,observed,-0.14902328
across_contexts_same_perturbation,observed,-0.10104981
across_contexts_same_perturbation,observed,-0.1494526
across_contexts_same_perturbation,observed,-0.1340406
across_contexts_same_perturbation,observed,-0.11922101
across_contexts_same_perturbation,observed,-0.191685
across_contexts_same_perturbation,observed,-0.06941821
across_contexts_same_perturbation,observed,-0.126699
across_contexts_same_perturbation,observed,-0.12610777
across_contexts_same_perturbation,observed,-0.0127203595
across_contexts_same_perturbation,observed,-0.013345261
across_contexts_same_perturbation,observed,-0.2317261
across_contexts_same_perturbation,observed,0.06269504
across_contexts_same_perturbation,observed,-0.21399252
across_contexts_same_perturbation,observed,0.08062105
across_contexts_same_perturbation,observed,0.059625156
across_contexts_same_perturbation,observed,-0.104526535
across_contexts_same_perturbation,observed,-0.13712397
across_contexts_same_perturbation,observed,0.024005495
across_contexts_same_perturbation,observed,-0.16068956
across_contexts_same_perturbation,observed,0.020730555
across_contexts_same_perturbation,observed,-0.18402296
across_contexts_same_perturbation,observed,-0.12487553
across_contexts_same_perturbation,observed,-0.05337577
across_contexts_same_perturbation,observed,0.08366236
across_contexts_same_perturbation,observed,-0.19347632
across_contexts_same_perturbation,observed,-0.103398815
across_contexts_same_perturbation,observed,-0.11772945
across_contexts_same_perturbation,observed,-0.085417114
across_contexts_same_perturbation,observed,-0.15795162
across_contexts_same_perturbation,observed,0.09536498
across_contexts_same_perturbation,observed,0.15494165
across_contexts_same_perturbation,observed,0.19176438
across_contexts_same_perturbation,observed,-0.13559687
across_contexts_same_perturbation,observed,0.07816812
across_contexts_same_perturbation,observed,-0.16460635
across_contexts_same_perturbation,observed,-0.11390186
across_contexts_same_perturbation,observed,-0.20578533
across_contexts_same_perturbation,observed,-0.12922788
across_contexts_same_perturbation,observed,0.059773367
across_contexts_same_perturbation,observed,-0.12010105
across_contexts_same_perturbation,observed,0.26095486
across_contexts_same_perturbation,observed,0.10568229
across_contexts_same_perturbation,observed,-0.1457879
across_contexts_same_perturbation,observed,-0.06302511
across_contexts_same_perturbation,observed,0.11638116
across_contexts_same_perturbation,observed,-0.1457879
across_contexts_same_perturbation,observed,0.09850028
across_contexts_same_perturbation,observed,-0.1561908
across_contexts_same_perturbation,observed,0.23511359
across_contexts_same_perturbation,observed,-0.14100324
across_contexts_same_perturbation,observed,-0.14100324
across_contexts_same_perturbation,observed,0.34011042
across_contexts_same_perturbation,observed,-0.19830382
across_contexts_same_perturbation,observed,-0.21810271
across_contexts_same_perturbation,observed,-0.19830382
across_contexts_same_perturbation,observed,-0.20794445
across_contexts_same_perturbation,observed,-0.14379813
across_contexts_same_perturbation,observed,0.07148586
across_contexts_same_perturbation,observed,-0.25766245
across_contexts_same_perturbation,observed,-0.13561864
across_contexts_same_perturbation,observed,0.02625424
across_contexts_same_perturbation,observed,-0.16832504
across_contexts_same_perturbation,observed,-0.25382832
across_contexts_same_perturbation,observed,-0.15058634
across_contexts_same_perturbation,observed,-0.033485916
across_contexts_same_perturbation,observed,0.27202535
across_contexts_same_perturbation,observed,-0.067652754
across_contexts_same_perturbation,observed,-0.15239583
across_contexts_same_perturbation,observed,-0.1295362
across_contexts_same_perturbation,observed,-0.18677177
across_contexts_same_perturbation,observed,-0.10241609
across_contexts_same_perturbation,observed,-0.14597267
across_contexts_same_perturbation,observed,-0.1239633
across_contexts_same_perturbation,observed,-0.12771343
across_contexts_same_perturbation,observed,-0.012298191
across_contexts_same_perturbation,observed,-0.14262971
across_contexts_same_perturbation,observed,-0.1417926
across_contexts_same_perturbation,observed,-0.14637129
across_contexts_same_perturbation,observed,-0.0029056014
across_contexts_same_perturbation,observed,0.14513879
across_contexts_same_perturbation,observed,-0.15868884
across_contexts_same_perturbation,observed,-0.061615657
across_contexts_same_perturbation,observed,0.0022619108
across_contexts_same_perturbation,observed,-0.17636536
across_contexts_same_perturbation,observed,-0.055517253
across_contexts_same_perturbation,observed,-0.09765791
across_contexts_same_perturbation,observed,0.050616227
across_contexts_same_perturbation,observed,0.018359758
across_contexts_same_perturbation,observed,-0.11337224
across_contexts_same_perturbation,observed,-0.07671902
across_contexts_same_perturbation,observed,-0.11294544
across_contexts_same_perturbation,observed,-0.1363925
across_contexts_same_perturbation,observed,-0.15840088
across_contexts_same_perturbation,observed,-0.107038125
across_contexts_same_perturbation,observed,-0.10759719
across_contexts_same_perturbation,observed,-0.14174163
across_contexts_same_perturbation,observed,-0.17768304
across_contexts_same_perturbation,observed,-0.07428734
across_contexts_same_perturbation,observed,-0.11557664
across_contexts_same_perturbation,observed,-0.17435531
across_contexts_same_perturbation,observed,-0.15968855
across_contexts_same_perturbation,observed,0.057154547
across_contexts_same_perturbation,observed,-0.15968855
across_contexts_same_perturbation,observed,0.028471231
across_contexts_same_perturbation,observed,0.040899053
across_contexts_same_perturbation,observed,-0.1612972
across_contexts_same_perturbation,observed,-0.22114532
across_contexts_same_perturbation,observed,0.21948813
across_contexts_same_perturbation,observed,0.10098026
across_contexts_same_perturbation,observed,-0.06345064
across_contexts_same_perturbation,observed,-0.18508275
across_contexts_same_perturbation,observed,0.08700983
across_contexts_same_perturbation,observed,0.2130735
across_contexts_same_perturbation,observed,-0.13680302
across_contexts_same_perturbation,observed,-0.14261937
across_contexts_same_perturbation,observed,-0.12924565
across_contexts_same_perturbation,observed,-0.21490075
across_contexts_same_perturbation,observed,0.04091334
across_contexts_same_perturbation,observed,-0.1501837
across_contexts_same_perturbation,observed,-0.04599571
across_contexts_same_perturbation,observed,-0.17486331
across_contexts_same_perturbation,observed,-0.010338304
across_contexts_same_perturbation,observed,-0.024189485
across_contexts_same_perturbation,observed,-0.2155011
across_contexts_same_perturbation,observed,-0.014791809
across_contexts_same_perturbation,observed,0.01441573
across_contexts_same_perturbation,observed,0.19700933
across_contexts_same_perturbation,observed,-0.024189485
across_contexts_same_perturbation,observed,-0.18078046
across_contexts_same_perturbation,observed,0.054536838
across_contexts_same_perturbation,observed,0.051110126
across_contexts_same_perturbation,observed,-0.1209249
across_contexts_same_perturbation,observed,-0.1364402
across_contexts_same_perturbation,observed,-0.17401321
across_contexts_same_perturbation,observed,0.050820187
across_contexts_same_perturbation,observed,0.051110126
across_contexts_same_perturbation,observed,0.31294417
across_contexts_same_perturbation,observed,-0.20142804
across_contexts_same_perturbation,observed,-0.22286128
across_contexts_same_perturbation,observed,0.024402888
across_contexts_same_perturbation,observed,-0.13023858
across_contexts_same_perturbation,observed,0.3045259
across_contexts_same_perturbation,observed,0.01291835
across_contexts_same_perturbation,observed,-0.117389955
across_contexts_same_perturbation,observed,0.008437995
across_contexts_same_perturbation,observed,0.16363972
across_contexts_same_perturbation,observed,-0.1531281
across_contexts_same_perturbation,observed,-0.10616555
across_contexts_same_perturbation,observed,-0.08093555
across_contexts_same_perturbation,observed,-0.12176315
across_contexts_same_perturbation,observed,-0.1478334
across_contexts_same_perturbation,observed,-0.20150779
across_contexts_same_perturbation,observed,-0.18124445
across_contexts_same_perturbation,observed,-0.21845028
across_contexts_same_perturbation,observed,-0.13417956
across_contexts_same_perturbation,observed,-0.14029557
across_contexts_same_perturbation,observed,-0.18797827
across_contexts_same_perturbation,observed,0.13292469
across_contexts_same_perturbation,observed,-0.14029557
across_contexts_same_perturbation,observed,0.13292469
across_contexts_same_perturbation,observed,0.06751827
across_contexts_same_perturbation,observed,-0.15490323
across_contexts_same_perturbation,observed,-0.08337522
across_contexts_same_perturbation,observed,-0.17764312
across_contexts_same_perturbation,observed,0.10671722
across_contexts_same_perturbation,observed,-0.06616082
across_contexts_same_perturbation,observed,-0.08031931
across_contexts_same_perturbation,observed,-0.1994777
across_contexts_same_perturbation,observed,-0.22360821
across_contexts_same_perturbation,observed,-0.10179326
across_contexts_same_perturbation,observed,-0.15016729
across_contexts_same_perturbation,observed,-0.13285643
across_contexts_same_perturbation,observed,-0.13282327
across_contexts_same_perturbation,observed,-0.033389006
across_contexts_same_perturbation,observed,0.2615318
across_contexts_same_perturbation,observed,-0.29050103
across_contexts_same_perturbation,observed,-0.16101402
across_contexts_same_perturbation,observed,-0.0839348
across_contexts_same_perturbation,observed,-0.09752594
across_contexts_same_perturbation,observed,-0.16120774
across_contexts_same_perturbation,observed,-0.0839348
across_contexts_same_perturbation,observed,-0.12534079
across_contexts_same_perturbation,observed,-0.18466756
across_contexts_same_perturbation,observed,0.0041230433
across_contexts_same_perturbation,observed,-0.13824932
across_contexts_same_perturbation,observed,-0.055549964
across_contexts_same_perturbation,observed,-0.0021167821
across_contexts_same_perturbation,observed,-0.09079476
across_contexts_same_perturbation,observed,-0.013569835
across_contexts_same_perturbation,observed,0.30943653
across_contexts_same_perturbation,observed,-0.17706221
across_contexts_same_perturbation,observed,-0.17786035
across_contexts_same_perturbation,observed,-0.15566325
across_contexts_same_perturbation,observed,-0.113275036
across_contexts_same_perturbation,observed,-0.23314816
across_contexts_same_perturbation,observed,-0.1886891
across_contexts_same_perturbation,observed,-0.007833447
across_contexts_same_perturbation,observed,-0.14030111
across_contexts_same_perturbation,observed,0.25494805
across_contexts_same_perturbation,observed,-0.19814542
across_contexts_same_perturbation,observed,-0.12404489
across_contexts_same_perturbation,observed,0.07427354
across_contexts_same_perturbation,observed,-0.119413994
across_contexts_same_perturbation,observed,0.2308307
across_contexts_same_perturbation,observed,-0.17354257
across_contexts_same_perturbation,observed,-0.10747574
across_contexts_same_perturbation,observed,0.011800917
across_contexts_same_perturbation,observed,-0.096746035
across_contexts_same_perturbation,observed,-0.19828483
across_contexts_same_perturbation,observed,-0.12636209
across_contexts_same_perturbation,observed,0.011658661
across_contexts_same_perturbation,observed,0.047136296
across_contexts_same_perturbation,observed,-0.2405852
across_contexts_same_perturbation,observed,-0.13112861
across_contexts_same_perturbation,observed,-0.2405852
across_contexts_same_perturbation,observed,-0.16759953
across_contexts_same_perturbation,observed,0.05211453
across_contexts_same_perturbation,observed,-0.22272429
across_contexts_same_perturbation,observed,-0.15316814
across_contexts_same_perturbation,observed,0.051665824
across_contexts_same_perturbation,observed,-0.09856468
across_contexts_same_perturbation,observed,-0.07207124
across_contexts_same_perturbation,observed,0.01514318
across_contexts_same_perturbation,observed,-0.06015227
across_contexts_same_perturbation,observed,-0.13034454
across_contexts_same_perturbation,observed,-0.06015227
across_contexts_same_perturbation,observed,-0.19282897
across_contexts_same_perturbation,observed,-0.17387173
across_contexts_same_perturbation,observed,-0.16357613
across_contexts_same_perturbation,observed,-0.09575209
across_contexts_same_perturbation,observed,-0.10383146
across_contexts_same_perturbation,observed,-0.071127824
across_contexts_same_perturbation,observed,0.02369838
across_contexts_same_perturbation,observed,-0.13015026
across_contexts_same_perturbation,observed,-0.22318669
across_contexts_same_perturbation,observed,-0.10811613
across_contexts_same_perturbation,observed,-0.106367916
across_contexts_same_perturbation,observed,-0.15640703
across_contexts_same_perturbation,observed,-0.13006702
across_contexts_same_perturbation,observed,-0.15887445
across_contexts_same_perturbation,observed,0.124786414
across_contexts_same_perturbation,observed,-0.087384515
across_contexts_same_perturbation,observed,-0.13845764
across_contexts_same_perturbation,observed,0.07141479
across_contexts_same_perturbation,observed,0.096653126
across_contexts_same_perturbation,observed,0.063706696
across_contexts_same_perturbation,observed,-0.16394632
across_contexts_same_perturbation,observed,-0.09110127
across_contexts_same_perturbation,observed,0.084200636
across_contexts_same_perturbation,observed,0.05830613
across_contexts_same_perturbation,observed,0.034403443
across_contexts_same_perturbation,observed,-0.18242577
across_contexts_same_perturbation,observed,-0.11380514
across_contexts_same_perturbation,observed,-0.13776796
across_contexts_same_perturbation,observed,-0.20178533
across_contexts_same_perturbation,observed,0.05062641
across_contexts_same_perturbation,observed,0.05759033
across_contexts_same_perturbation,observed,-0.18598364
across_contexts_same_perturbation,observed,0.06964354
across_contexts_same_perturbation,observed,0.036886983
across_contexts_same_perturbation,observed,-0.10985129
across_contexts_same_perturbation,observed,0.03297349
across_contexts_same_perturbation,observed,-0.103599176
across_contexts_same_perturbation,observed,-0.1362535
across_contexts_same_perturbation,observed,-0.13868098
across_contexts_same_perturbation,observed,0.10573201
across_contexts_same_perturbation,observed,0.015787426
across_contexts_same_perturbation,observed,0.103696205
across_contexts_same_perturbation,observed,0.2671584
across_contexts_same_perturbation,observed,-0.06702232
across_contexts_same_perturbation,observed,-0.14422598
across_contexts_same_perturbation,observed,-0.21672122
across_contexts_same_perturbation,observed,-0.2328016
across_contexts_same_perturbation,observed,-0.19717327
across_contexts_same_perturbation,observed,0.13227412
across_contexts_same_perturbation,observed,-0.21296099
across_contexts_same_perturbation,observed,-0.2510268
across_contexts_same_perturbation,observed,-0.07651807
across_contexts_same_perturbation,observed,-0.22625397
across_contexts_same_perturbation,observed,-0.01993499
across_contexts_same_perturbation,observed,-0.2504992
across_contexts_same_perturbation,observed,0.026084518
across_contexts_same_perturbation,observed,-0.24877557
across_contexts_same_perturbation,observed,-0.24119085
across_contexts_same_perturbation,observed,-0.13556835
across_contexts_same_perturbation,observed,-0.12007066
across_contexts_same_perturbation,observed,0.008023511
across_contexts_same_perturbation,observed,0.057329696
across_contexts_same_perturbation,observed,-0.03284773
across_contexts_same_perturbation,observed,-0.18499039
across_contexts_same_perturbation,observed,0.20826747
across_contexts_same_perturbation,observed,-0.19020611
across_contexts_same_perturbation,observed,-0.07305335
across_contexts_same_perturbation,observed,-0.030838858
across_contexts_same_perturbation,observed,-0.04764415
across_contexts_same_perturbation,observed,0.07547894
across_contexts_same_perturbation,observed,0.11325208
across_contexts_same_perturbation,observed,0.05159963
across_contexts_same_perturbation,observed,0.19021003
across_contexts_same_perturbation,observed,-0.14272624
across_contexts_same_perturbation,observed,-0.22338596
across_contexts_same_perturbation,observed,0.065380044
across_contexts_same_perturbation,observed,0.088538274
across_contexts_same_perturbation,observed,0.049113095
across_contexts_same_perturbation,observed,-0.13094568
across_contexts_same_perturbation,observed,-0.18774234
across_contexts_same_perturbation,observed,-0.26749393
across_contexts_same_perturbation,observed,-0.14272624
across_contexts_same_perturbation,observed,-0.031029498
across_contexts_same_perturbation,observed,0.033193003
across_contexts_same_perturbation,observed,-0.11973754
across_contexts_same_perturbation,observed,-0.13629432
across_contexts_same_perturbation,observed,-0.1781748
across_contexts_same_perturbation,observed,-0.17351899
across_contexts_same_perturbation,observed,0.10187696
across_contexts_same_perturbation,observed,-0.10016573
across_contexts_same_perturbation,observed,0.033193003
across_contexts_same_perturbation,observed,-0.14578184
across_contexts_same_perturbation,observed,-0.16975279
across_contexts_same_perturbation,observed,-0.18378063
across_contexts_same_perturbation,observed,0.17408931
across_contexts_same_perturbation,observed,-0.072120905
across_contexts_same_perturbation,observed,-0.21940562
across_contexts_same_perturbation,observed,-0.27144516
across_contexts_same_perturbation,observed,0.06631305
across_contexts_same_perturbation,observed,-0.15592507
across_contexts_same_perturbation,observed,0.06631305
across_contexts_same_perturbation,observed,-0.0013129587
across_contexts_same_perturbation,observed,0.24800135
across_contexts_same_perturbation,observed,0.004496065
across_contexts_same_perturbation,observed,-0.26337728
across_contexts_same_perturbation,observed,-0.08286076
across_contexts_same_perturbation,observed,-0.18001588
across_contexts_same_perturbation,observed,-0.11152022
across_contexts_same_perturbation,observed,0.115157336
across_contexts_same_perturbation,observed,0.034933902
across_contexts_same_perturbation,observed,-0.17435391
across_contexts_same_perturbation,observed,-0.10406255
across_contexts_same_perturbation,observed,-0.12749556
across_contexts_same_perturbation,observed,-0.15729147
across_contexts_same_perturbation,observed,-0.13888738
across_contexts_same_perturbation,observed,-0.09858026
across_contexts_same_perturbation,observed,-0.17275101
across_contexts_same_perturbation,observed,0.050280523
across_contexts_same_perturbation,observed,-0.1590903
across_contexts_same_perturbation,observed,-0.12954892
across_contexts_same_perturbation,observed,-0.09239334
across_contexts_same_perturbation,observed,0.24417645
across_contexts_same_perturbation,observed,0.06167981
across_contexts_same_perturbation,observed,-0.13246672
across_contexts_same_perturbation,observed,-0.061146468
across_contexts_same_perturbation,observed,-0.13433522
across_contexts_same_perturbation,observed,0.017584428
across_contexts_same_perturbation,observed,0.04558696
across_contexts_same_perturbation,observed,0.11577422
across_contexts_same_perturbation,observed,-0.13270041
across_contexts_same_perturbation,observed,0.17982538
across_contexts_same_perturbation,observed,-0.053820748
across_contexts_same_perturbation,observed,-0.20106952
across_contexts_same_perturbation,observed,-0.08074715
across_contexts_same_perturbation,observed,-0.23247091
across_contexts_same_perturbation,observed,-0.2328379
across_contexts_same_perturbation,observed,0.013274739
across_contexts_same_perturbation,observed,-0.07607314
across_contexts_same_perturbation,observed,0.17339572
across_contexts_same_perturbation,observed,-0.044289734
across_contexts_same_perturbation,observed,0.18094699
across_contexts_same_perturbation,observed,-0.0021722692
across_contexts_same_perturbation,observed,-0.10896306
across_contexts_same_perturbation,observed,-0.058687784
across_contexts_same_perturbation,observed,-0.05659852
across_contexts_same_perturbation,observed,-0.11864383
across_contexts_same_perturbation,observed,-0.011365983
across_contexts_same_perturbation,observed,-0.1167508
across_contexts_same_perturbation,observed,-0.19403775
across_contexts_same_perturbation,observed,-0.19403775
across_contexts_same_perturbation,observed,0.097358145
across_contexts_same_perturbation,observed,-0.11357998
across_contexts_same_perturbation,observed,-0.1386012
across_contexts_same_perturbation,observed,-0.087992884
across_contexts_same_perturbation,observed,-0.2025743
across_contexts_same_perturbation,observed,-0.17458768
across_contexts_same_perturbation,observed,-0.087992884
across_contexts_same_perturbation,observed,0.112831034
across_contexts_same_perturbation,observed,-0.18175264
across_contexts_same_perturbation,observed,-0.20970324
across_contexts_same_perturbation,observed,0.120266065
across_contexts_same_perturbation,observed,-0.15416227
across_contexts_same_perturbation,observed,-0.14660461
across_contexts_same_perturbation,observed,0.09068472
across_contexts_same_perturbation,observed,-0.007799958
across_contexts_same_perturbation,observed,-0.168521
across_contexts_same_perturbation,observed,0.051110465
across_contexts_same_perturbation,observed,0.06179311
across_contexts_same_perturbation,observed,0.022273546
across_contexts_same_perturbation,observed,-0.18460518
across_contexts_same_perturbation,observed,0.022273546
across_contexts_same_perturbation,observed,0.013615462
across_contexts_same_perturbation,observed,0.1220926
across_contexts_same_perturbation,observed,-0.09010459
across_contexts_same_perturbation,observed,-0.20843528
across_contexts_same_perturbation,observed,0.019708097
across_contexts_same_perturbation,observed,0.060150694
across_contexts_same_perturbation,observed,0.08157981
across_contexts_same_perturbation,observed,-0.07208729
across_contexts_same_perturbation,observed,-0.1027401
across_contexts_same_perturbation,observed,-0.006621884
across_contexts_same_perturbation,observed,0.036548235
across_contexts_same_perturbation,observed,-0.2108747
across_contexts_same_perturbation,observed,-0.017725846
across_contexts_same_perturbation,observed,-0.032970652
across_contexts_same_perturbation,observed,-0.17675692
across_contexts_same_perturbation,observed,-0.12143906
across_contexts_same_perturbation,observed,0.061914288
across_contexts_same_perturbation,observed,-0.078293405
across_contexts_same_perturbation,observed,-0.14543876
across_contexts_same_perturbation,observed,-0.091461465
across_contexts_same_perturbation,observed,-0.09697837
across_contexts_same_perturbation,observed,0.04263357
across_contexts_same_perturbation,observed,-0.1517577
across_contexts_same_perturbation,observed,-0.13425286
across_contexts_same_perturbation,observed,-0.14118427
across_contexts_same_perturbation,observed,-0.032062452
across_contexts_same_perturbation,observed,-0.09487526
across_contexts_same_perturbation,observed,-0.14543876
across_contexts_same_perturbation,observed,0.04263357
across_contexts_same_perturbation,observed,0.17342344
across_contexts_same_perturbation,observed,-0.14750193
across_contexts_same_perturbation,observed,-0.13789915
across_contexts_same_perturbation,observed,-0.20140712
across_contexts_same_perturbation,observed,-0.13585165
across_contexts_same_perturbation,observed,0.049407303
across_contexts_same_perturbation,observed,-0.11069582
across_contexts_same_perturbation,observed,-0.14750193
across_contexts_same_perturbation,observed,-0.166192
across_contexts_same_perturbation,observed,-0.022870628
across_contexts_same_perturbation,observed,-0.18159142
across_contexts_same_perturbation,observed,-0.08758355
across_contexts_same_perturbation,observed,-0.22736137
across_contexts_same_perturbation,observed,-0.06776314
across_contexts_same_perturbation,observed,-0.06776314
across_contexts_same_perturbation,observed,-0.120096005
across_contexts_same_perturbation,observed,-0.17988588
across_contexts_same_perturbation,observed,-0.11445112
across_contexts_same_perturbation,observed,-0.17780928
across_contexts_same_perturbation,observed,-0.051085386
across_contexts_same_perturbation,observed,-0.0755577
across_contexts_same_perturbation,observed,-0.20732678
across_contexts_same_perturbation,observed,0.1321163
across_contexts_same_perturbation,observed,-0.29602456
across_contexts_same_perturbation,observed,0.13544545
across_contexts_same_perturbation,observed,-0.15652275
across_contexts_same_perturbation,observed,-0.11566666
across_contexts_same_perturbation,observed,-0.05685552
across_contexts_same_perturbation,observed,-0.1357001
across_contexts_same_perturbation,observed,0.0070381407
across_contexts_same_perturbation,observed,-0.115648635
across_contexts_same_perturbation,observed,-0.12427788
across_contexts_same_perturbation,observed,-0.13128017
across_contexts_same_perturbation,observed,-0.21284822
across_contexts_same_perturbation,observed,-0.20913504
across_contexts_same_perturbation,observed,-0.15505387
across_contexts_same_perturbation,observed,-0.09614936
across_contexts_same_perturbation,observed,0.06293175
across_contexts_same_perturbation,observed,-0.019154347
across_contexts_same_perturbation,observed,-0.15608856
across_contexts_same_perturbation,observed,-0.06538792
across_contexts_same_perturbation,observed,-0.017337825
across_contexts_same_perturbation,observed,-0.019154347
across_contexts_same_perturbation,observed,-0.06686577
across_contexts_same_perturbation,observed,0.08321775
across_contexts_same_perturbation,observed,-0.096100025
across_contexts_same_perturbation,observed,-0.17565812
across_contexts_same_perturbation,observed,-0.17782255
across_contexts_same_perturbation,observed,0.19147052
across_contexts_same_perturbation,observed,-0.14187393
across_contexts_same_perturbation,observed,-0.23528524
across_contexts_same_perturbation,observed,-0.108030915
across_contexts_same_perturbation,observed,0.07889054
across_contexts_same_perturbation,observed,-0.032665096
across_contexts_same_perturbation,observed,-0.1825346
across_contexts_same_perturbation,observed,-0.079055816
across_contexts_same_perturbation,observed,-0.15431458
across_contexts_same_perturbation,observed,0.07889054
across_contexts_same_perturbation,observed,-0.023799624
across_contexts_same_perturbation,observed,-0.0034662369
across_contexts_same_perturbation,observed,0.0650959
across_contexts_same_perturbation,observed,0.018191405
across_contexts_same_perturbation,observed,-0.17103462
across_contexts_same_perturbation,observed,0.04463864
across_contexts_same_perturbation,observed,0.1534653
across_contexts_same_perturbation,observed,-0.19430283
across_contexts_same_perturbation,observed,-0.17103462
across_contexts_same_perturbation,observed,-0.17103462
across_contexts_same_perturbation,observed,0.11685122
across_contexts_same_perturbation,observed,-0.06910489
across_contexts_same_perturbation,observed,-0.14776552
across_contexts_same_perturbation,observed,0.012361031
across_contexts_same_perturbation,observed,-0.14311917
across_contexts_same_perturbation,observed,-0.18343751
across_contexts_same_perturbation,observed,-0.075106606
across_contexts_same_perturbation,observed,-0.19332604
across_contexts_same_perturbation,observed,-0.106723845
across_contexts_same_perturbation,observed,-0.17596245
across_contexts_same_perturbation,observed,-0.15415321
across_contexts_same_perturbation,observed,0.014338095
across_contexts_same_perturbation,observed,-0.12901227
across_contexts_same_perturbation,observed,-0.19332604
across_contexts_same_perturbation,observed,0.095431
across_contexts_same_perturbation,observed,0.018766476
across_contexts_same_perturbation,observed,-0.14531036
across_contexts_same_perturbation,observed,-0.14031734
across_contexts_same_perturbation,observed,0.05577713
across_contexts_same_perturbation,observed,-0.011759784
across_contexts_same_perturbation,observed,0.05340387
across_contexts_same_perturbation,observed,0.056904946
across_contexts_same_perturbation,observed,0.017216135
across_contexts_same_perturbation,observed,0.017216135
across_contexts_same_perturbation,observed,-0.19484676
across_contexts_same_perturbation,observed,-0.061066788
across_contexts_same_perturbation,observed,0.07564952
across_contexts_same_perturbation,observed,0.116196536
across_contexts_same_perturbation,observed,0.0626329
across_contexts_same_perturbation,observed,-0.1633482
across_contexts_same_perturbation,observed,-0.24677561
across_contexts_same_perturbation,observed,-0.1863878
across_contexts_same_perturbation,observed,-0.13466763
across_contexts_same_perturbation,observed,-0.11383113
across_contexts_same_perturbation,observed,-0.09396666
across_contexts_same_perturbation,observed,-0.14511578
across_contexts_same_perturbation,observed,-0.17112207
across_contexts_same_perturbation,observed,-0.17648624
across_contexts_same_perturbation,observed,-0.11383113
across_contexts_same_perturbation,observed,-0.056389403
across_contexts_same_perturbation,observed,-0.07539619
across_contexts_same_perturbation,observed,-0.15323703
across_contexts_same_perturbation,observed,-0.081719995
across_contexts_same_perturbation,observed,-0.09538419
across_contexts_same_perturbation,observed,-0.07800232
across_contexts_same_perturbation,observed,-0.09843812
across_contexts_same_perturbation,observed,-0.14211598
across_contexts_same_perturbation,observed,-0.1546553
across_contexts_same_perturbation,observed,-0.024651717
across_contexts_same_perturbation,observed,-0.081278704
across_contexts_same_perturbation,observed,-0.0711121
across_contexts_same_perturbation,observed,-0.14942552
across_contexts_same_perturbation,observed,-0.044958174
across_contexts_same_perturbation,observed,-0.120671004
across_contexts_same_perturbation,observed,0.2261097
across_contexts_same_perturbation,observed,-0.18105668
across_contexts_same_perturbation,observed,-0.102594696
across_contexts_same_perturbation,observed,-0.04140995
across_contexts_same_perturbation,observed,0.2261097
across_contexts_same_perturbation,observed,-0.09622074
across_contexts_same_perturbation,observed,-0.07836714
across_contexts_same_perturbation,observed,-0.025136553
across_contexts_same_perturbation,observed,-0.14374053
across_contexts_same_perturbation,observed,-0.18358268
across_contexts_same_perturbation,observed,-0.06945599
across_contexts_same_perturbation,observed,0.09326654
across_contexts_same_perturbation,observed,-0.16910593
across_contexts_same_perturbation,observed,0.033079542
across_contexts_same_perturbation,observed,-0.18449141
across_contexts_same_perturbation,observed,0.019513339
across_contexts_same_perturbation,observed,-0.1732877
across_contexts_same_perturbation,observed,-0.10623746
across_contexts_same_perturbation,observed,-0.16910593
across_contexts_same_perturbation,observed,-0.028203176
across_contexts_same_perturbation,observed,0.123968236
across_contexts_same_perturbation,observed,0.0027484507
across_contexts_same_perturbation,observed,0.24643119
across_contexts_same_perturbation,observed,0.055954218
across_contexts_same_perturbation,observed,0.09192505
across_contexts_same_perturbation,observed,0.063306615
across_contexts_same_perturbation,observed,-0.17342837
across_contexts_same_perturbation,observed,-0.04887823
across_contexts_same_perturbation,observed,-0.16704506
across_contexts_same_perturbation,observed,-0.2477473
across_contexts_same_perturbation,observed,-0.15383618
across_contexts_same_perturbation,observed,-0.2477473
across_contexts_same_perturbation,observed,-0.1839338
across_contexts_same_perturbation,observed,-0.21324134
across_contexts_same_perturbation,observed,-0.12142184
across_contexts_same_perturbation,observed,0.027576258
across_contexts_same_perturbation,observed,-0.05694004
across_contexts_same_perturbation,observed,-0.12142184
across_contexts_same_perturbation,observed,-0.19476698
across_contexts_same_perturbation,observed,0.16138399
across_contexts_same_perturbation,observed,-0.14775646
across_contexts_same_perturbation,observed,-0.221019
across_contexts_same_perturbation,observed,0.33632258
across_contexts_same_perturbation,observed,-0.15658934
across_contexts_same_perturbation,observed,-0.0721201
across_contexts_same_perturbation,observed,-0.19117641
across_contexts_same_perturbation,observed,-0.19985633
across_contexts_same_perturbation,observed,-0.16108511
across_contexts_same_perturbation,null,0.0061559305
across_contexts_same_perturbation,null,-0.04794333
across_contexts_same_perturbation,null,0.028486853
across_contexts_same_perturbation,null,-0.20435843
across_contexts_same_perturbation,null,-0.018493168
across_contexts_same_perturbation,null,0.009698712
across_contexts_same_perturbation,null,0.0028758617
across_contexts_same_perturbation,null,-0.07312219
across_contexts_same_perturbation,null,-0.0097253155
across_contexts_same_perturbation,null,-0.05036946
across_contexts_same_perturbation,null,-0.040489364
across_contexts_same_perturbation,null,0.00076872343
across_contexts_same_perturbation,null,-0.02737139
across_contexts_same_perturbation,null,-0.006277148
across_contexts_same_perturbation,null,0.024006885
across_contexts_same_perturbation,null,0.08634163
across_contexts_same_perturbation,null,-0.0033594747
across_contexts_same_perturbation,null,0.076724775
across_contexts_same_perturbation,null,0.008957319
across_contexts_same_perturbation,null,0.041406754
across_contexts_same_perturbation,null,0.04473462
across_contexts_same_perturbation,null,0.05044519
across_contexts_same_perturbation,null,0.06255889
across_contexts_same_perturbation,null,-0.023174435
across_contexts_same_perturbation,null,-0.0014005102
across_contexts_same_perturbation,null,-0.028443007
across_contexts_same_perturbation,null,0.012690062
across_contexts_same_perturbation,null,-0.06899039
across_contexts_same_perturbation,null,0.015192468
across_contexts_same_perturbation,null,-0.05385979
across_contexts_same_perturbation,null,0.011903164
across_contexts_same_perturbation,null,0.014742452
across_contexts_same_perturbation,null,0.0006420308
across_contexts_same_perturbation,null,-0.009868118
across_contexts_same_perturbation,null,-0.017902697
across_contexts_same_perturbation,null,-0.04910981
across_contexts_same_perturbation,null,0.16235399
across_contexts_same_perturbation,null,0.039499342
across_contexts_same_perturbation,null,-0.00239045
across_contexts_same_perturbation,null,-0.0041528814
across_contexts_same_perturbation,null,-0.01843433
across_contexts_same_perturbation,null,-0.038298562
across_contexts_same_perturbation,null,-0.04455993
across_contexts_same_perturbation,null,0.024380306
across_contexts_same_perturbation,null,-0.035226956
across_contexts_same_perturbation,null,0.016377486
across_contexts_same_perturbation,null,-0.024845932
across_contexts_same_perturbation,null,-0.03884673
across_contexts_same_perturbation,null,0.06610054
across_contexts_same_perturbation,null,0.0063767345
across_contexts_same_perturbation,null,0.07477643
across_contexts_same_perturbation,null,-0.021130282
across_contexts_same_perturbation,null,-0.018427882
across_contexts_same_perturbation,null,0.014962574
across_contexts_same_perturbation,null,0.014804649
across_contexts_same_perturbation,null,0.0040702964
across_contexts_same_perturbation,null,-0.014012072
across_contexts_same_perturbation,null,0.08816611
across_contexts_same_perturbation,null,0.013568957
across_contexts_same_perturbation,null,0.007836894
across_contexts_same_perturbation,null,0.042552166
across_contexts_same_perturbation,null,0.0013431443
across_contexts_same_perturbation,null,-0.0031141439
across_contexts_same_perturbation,null,-0.030732099
across_contexts_same_perturbation,null,0.06636571
across_contexts_same_perturbation,null,0.012622704
across_contexts_same_perturbation,null,-0.041324876
across_contexts_same_perturbation,null,0.058719534
across_contexts_same_perturbation,null,-0.010640378
across_contexts_same_perturbation,null,0.028747251
across_contexts_same_perturbation,null,0.006687718
across_contexts_same_perturbation,null,0.0011247776
across_contexts_same_perturbation,null,0.012396243
across_contexts_same_perturbation,null,-0.06199382
across_contexts_same_perturbation,null,-0.04031751
across_contexts_same_perturbation,null,0.043577127
across_contexts_same_perturbation,null,-0.032547247
across_contexts_same_perturbation,null,-0.02600178
across_contexts_same_perturbation,null,-0.0056516416
across_contexts_same_perturbation,null,-0.012533744
across_contexts_same_perturbation,null,-0.025557969
across_contexts_same_perturbation,null,-0.029013181
across_contexts_same_perturbation,null,-0.029851904
across_contexts_same_perturbation,null,-0.0050522774
across_contexts_same_perturbation,null,-0.00825169
across_contexts_same_perturbation,null,-0.0075204535
across_contexts_same_perturbation,null,0.053628076
across_contexts_same_perturbation,null,0.0936174
across_contexts_same_perturbation,null,0.0033421686
across_contexts_same_perturbation,null,-0.062248833
across_contexts_same_perturbation,null,0.0040228753
across_contexts_same_perturbation,null,-0.012930085
across_contexts_same_perturbation,null,0.015886588
across_contexts_same_perturbation,null,-0.07621894
across_contexts_same_perturbation,null,-0.029553346
across_contexts_same_perturbation,null,0.110226065
across_contexts_same_perturbation,null,0.013856396
across_contexts_same_perturbation,null,0.008990622
across_contexts_same_perturbation,null,-0.024622554
across_contexts_same_perturbation,null,-0.005989224
across_contexts_same_perturbation,null,-0.0012496455
across_contexts_same_perturbation,null,-0.0860814
across_contexts_same_perturbation,null,0.000925968
across_contexts_same_perturbation,null,0.043067187
across_contexts_same_perturbation,null,0.08861583
across_contexts_same_perturbation,null,0.10198086
across_contexts_same_perturbation,null,0.004943101
across_contexts_same_perturbation,null,-0.18902317
across_contexts_same_perturbation,null,-0.020956865
across_contexts_same_perturbation,null,-0.03253165
across_contexts_same_perturbation,null,0.0018231072
across_contexts_same_perturbation,null,-0.024705276
across_contexts_same_perturbation,null,-0.025741927
across_contexts_same_perturbation,null,0.0113999
across_contexts_same_perturbation,null,-0.020865941
across_contexts_same_perturbation,null,0.055382293
across_contexts_same_perturbation,null,-0.052164994
across_contexts_same_perturbation,null,-0.039695177
across_contexts_same_perturbation,null,-0.0077080345
across_contexts_same_perturbation,null,-0.03273416
across_contexts_same_perturbation,null,0.01631887
across_contexts_same_perturbation,null,-0.0029358566
across_contexts_same_perturbation,null,-0.040535294
across_contexts_same_perturbation,null,-0.0001610292
across_contexts_same_perturbation,null,-0.03385012
across_contexts_same_perturbation,null,0.0127293
across_contexts_same_perturbation,null,0.01289706
across_contexts_same_perturbation,null,0.08934912
across_contexts_same_perturbation,null,-0.054011658
across_contexts_same_perturbation,null,-0.036195222
across_contexts_same_perturbation,null,0.005989213
across_contexts_same_perturbation,null,-0.011407518
across_contexts_same_perturbation,null,0.058786247
across_contexts_same_perturbation,null,0.021342883
across_contexts_same_perturbation,null,-0.025855841
across_contexts_same_perturbation,null,-0.03478955
across_contexts_same_perturbation,null,-0.020002456
across_contexts_same_perturbation,null,0.0004054547
across_contexts_same_perturbation,null,0.0052893674
across_contexts_same_perturbation,null,-0.09644142
across_contexts_same_perturbation,null,0.061478093
across_contexts_same_perturbation,null,0.0109866625
across_contexts_same_perturbation,null,0.067048654
across_contexts_same_perturbation,null,0.09954102
across_contexts_same_perturbation,null,-0.009099844
across_contexts_same_perturbation,null,-0.024307683
across_contexts_same_perturbation,null,0.031321958
across_contexts_same_perturbation,null,0.020448497
across_contexts_same_perturbation,null,0.052564114
across_contexts_same_perturbation,null,-0.033409335
across_contexts_same_perturbation,null,-0.005946541
across_contexts_same_perturbation,null,-2.4946792e-05
across_contexts_same_perturbation,null,-0.025062729
across_contexts_same_perturbation,null,-0.042275667
across_contexts_same_perturbation,null,-0.011070838
across_contexts_same_perturbation,null,0.0056193387
across_contexts_same_perturbation,null,-0.01555026
across_contexts_same_perturbation,null,0.09128661
across_contexts_same_perturbation,null,-0.03123338
across_contexts_same_perturbation,null,-0.004062654
across_contexts_same_perturbation,null,0.0625479
across_contexts_same_perturbation,null,-0.027777055
across_contexts_same_perturbation,null,0.03761496
across_contexts_same_perturbation,null,0.0049730903
across_contexts_same_perturbation,null,-0.0075872256
across_contexts_same_perturbation,null,-0.14551862
across_contexts_same_perturbation,null,-0.027446555
across_contexts_same_perturbation,null,0.010653811
across_contexts_same_perturbation,null,0.088871635
across_contexts_same_perturbation,null,0.05625261
across_contexts_same_perturbation,null,0.06624105
across_contexts_same_perturbation,null,0.008464991
across_contexts_same_perturbation,null,0.09743097
across_contexts_same_perturbation,null,-0.019030686
across_contexts_same_perturbation,null,-0.007318874
across_contexts_same_perturbation,null,-0.011218648
across_contexts_same_perturbation,null,0.0124972705
across_contexts_same_perturbation,null,-0.010750102
across_contexts_same_perturbation,null,0.02870568
across_contexts_same_perturbation,null,0.054690924
across_contexts_same_perturbation,null,0.024487596
across_contexts_same_perturbation,null,0.09625513
across_contexts_same_perturbation,null,0.034011338
across_contexts_same_perturbation,null,0.045435905
across_contexts_same_perturbation,null,-0.025463784
across_contexts_same_perturbation,null,0.0655548
across_contexts_same_perturbation,null,0.05840368
across_contexts_same_perturbation,null,0.0029818069
across_contexts_same_perturbation,null,5.280758e-05
across_contexts_same_perturbation,null,-0.009966317
across_contexts_same_perturbation,null,-0.030539308
across_contexts_same_perturbation,null,-0.008619251
across_contexts_same_perturbation,null,-0.016006691
across_contexts_same_perturbation,null,-0.049085565
across_contexts_same_perturbation,null,0.033052742
across_contexts_same_perturbation,null,-0.008278991
across_contexts_same_perturbation,null,0.060479823
across_contexts_same_perturbation,null,-0.0039201505
across_contexts_same_perturbation,null,-0.017469555
across_contexts_same_perturbation,null,-0.026892982
across_contexts_same_perturbation,null,0.0014263766
across_contexts_same_perturbation,null,0.040034533
across_contexts_same_perturbation,null,-0.051612187
across_contexts_same_perturbation,null,0.070006005
across_contexts_same_perturbation,null,0.009351362
across_contexts_same_perturbation,null,-0.02925002
across_contexts_same_perturbation,null,-0.079082824
across_contexts_same_perturbation,null,-0.00090600166
across_contexts_same_perturbation,null,0.016562046
across_contexts_same_perturbation,null,0.0082769925
across_contexts_same_perturbation,null,0.01114182
across_contexts_same_perturbation,null,-0.011484799
across_contexts_same_perturbation,null,0.03505691
across_contexts_same_perturbation,null,-0.00609246
across_contexts_same_perturbation,null,0.050939776
across_contexts_same_perturbation,null,-0.124873556
across_contexts_same_perturbation,null,0.0053131985
across_contexts_same_perturbation,null,0.008070919
across_contexts_same_perturbation,null,0.033262406
across_contexts_same_perturbation,null,-0.00034795332
across_contexts_same_perturbation,null,-0.06631096
across_contexts_same_perturbation,null,-0.0065189525
across_contexts_same_perturbation,null,-0.0314388
across_contexts_same_perturbation,null,-0.08500737
across_contexts_same_perturbation,null,0.061052807
across_contexts_same_perturbation,null,-0.036759026
across_contexts_same_perturbation,null,0.06160447
across_contexts_same_perturbation,null,0.0031352846
across_contexts_same_perturbation,null,-0.048108093
across_contexts_same_perturbation,null,-0.009522971
across_contexts_same_perturbation,null,-0.06591729
across_contexts_same_perturbation,null,-0.024238894
across_contexts_same_perturbation,null,0.005272137
across_contexts_same_perturbation,null,-0.0054230345
across_contexts_same_perturbation,null,-0.010346631
across_contexts_same_perturbation,null,0.00027972573
across_contexts_same_perturbation,null,-0.007281518
across_contexts_same_perturbation,null,-0.07448763
across_contexts_same_perturbation,null,-0.031322077
across_contexts_same_perturbation,null,-0.0111549655
across_contexts_same_perturbation,null,0.07259808
across_contexts_same_perturbation,null,-0.010307098
across_contexts_same_perturbation,null,1.7177359e-05
across_contexts_same_perturbation,null,-0.03788595
across_contexts_same_perturbation,null,-0.058374465
across_contexts_same_perturbation,null,-0.040121883
across_contexts_same_perturbation,null,0.029702904
across_contexts_same_perturbation,null,0.0022003213
across_contexts_same_perturbation,null,-0.0035813674
across_contexts_same_perturbation,null,-0.013863643
across_contexts_same_perturbation,null,0.0071029244
across_contexts_same_perturbation,null,-0.055417676
across_contexts_same_perturbation,null,-0.033910688
across_contexts_same_perturbation,null,0.12773053
across_contexts_same_perturbation,null,0.05956419
across_contexts_same_perturbation,null,-0.00087168795
across_contexts_same_perturbation,null,0.015366267
across_contexts_same_perturbation,null,-0.043568127
across_contexts_same_perturbation,null,0.005614926
across_contexts_same_perturbation,null,0.094114274
across_contexts_same_perturbation,null,-0.02203551
across_contexts_same_perturbation,null,0.029447755
across_contexts_same_perturbation,null,0.020521238
across_contexts_same_perturbation,null,0.0041910782
across_contexts_same_perturbation,null,0.06478263
across_contexts_same_perturbation,null,0.0025684696
across_contexts_same_perturbation,null,-0.009179516
across_contexts_same_perturbation,null,0.007903736
across_contexts_same_perturbation,null,0.013824883
across_contexts_same_perturbation,null,0.03872759
across_contexts_same_perturbation,null,-0.022633595
across_contexts_same_perturbation,null,0.00979345
across_contexts_same_perturbation,null,-0.018868584
across_contexts_same_perturbation,null,0.017626358
across_contexts_same_perturbation,null,-0.030123599
across_contexts_same_perturbation,null,-0.008043197
across_contexts_same_perturbation,null,0.0006785774
across_contexts_same_perturbation,null,-0.021569857
across_contexts_same_perturbation,null,-0.01957988
across_contexts_same_perturbation,null,-0.0030989102
across_contexts_same_perturbation,null,-0.004038332
across_contexts_same_perturbation,null,0.016024217
across_contexts_same_perturbation,null,-0.055014636
across_contexts_same_perturbation,null,-0.024256194
across_contexts_same_perturbation,null,0.0068869963
across_contexts_same_perturbation,null,-0.04148011
across_contexts_same_perturbation,null,0.007904758
across_contexts_same_perturbation,null,0.0042817052
across_contexts_same_perturbation,null,-0.0034830486
across_contexts_same_perturbation,null,-0.0116144065
across_contexts_same_perturbation,null,-0.005568206
across_contexts_same_perturbation,null,-0.017124811
across_contexts_same_perturbation,null,-0.016776256
across_contexts_same_perturbation,null,0.010210351
across_contexts_same_perturbation,null,-0.01574808
across_contexts_same_perturbation,null,0.038687024
across_contexts_same_perturbation,null,-0.0015433448
across_contexts_same_perturbation,null,-0.060847417
across_contexts_same_perturbation,null,0.022272691
across_contexts_same_perturbation,null,0.02543878
across_contexts_same_perturbation,null,0.031315874
across_contexts_same_perturbation,null,0.021476189
across_contexts_same_perturbation,null,0.021284342
across_contexts_same_perturbation,null,-0.046131328
across_contexts_same_perturbation,null,-0.058187667
across_contexts_same_perturbation,null,-0.015900677
across_contexts_same_perturbation,null,-0.030064898
across_contexts_same_perturbation,null,-0.00096921576
across_contexts_same_perturbation,null,0.034216024
across_contexts_same_perturbation,null,0.11880978
across_contexts_same_perturbation,null,0.004653017
across_contexts_same_perturbation,null,0.034821525
across_contexts_same_perturbation,null,-0.010601896
across_contexts_same_perturbation,null,0.028457148
across_contexts_same_perturbation,null,0.03179884
across_contexts_same_perturbation,null,-0.044977956
across_contexts_same_perturbation,null,0.047908936
across_contexts_same_perturbation,null,0.026062928
across_contexts_same_perturbation,null,0.07780412
across_contexts_same_perturbation,null,0.004187601
across_contexts_same_perturbation,null,-0.006192996
across_contexts_same_perturbation,null,0.012843461
across_contexts_same_perturbation,null,0.021686291
across_contexts_same_perturbation,null,-0.0065074773
across_contexts_same_perturbation,null,-0.018056307
across_contexts_same_perturbation,null,-0.07415722
across_contexts_same_perturbation,null,-0.03931612
across_contexts_same_perturbation,null,-0.006704516
across_contexts_same_perturbation,null,-0.048800077
across_contexts_same_perturbation,null,-0.0022077076
across_contexts_same_perturbation,null,-0.043612175
across_contexts_same_perturbation,null,0.05783828
across_contexts_same_perturbation,null,0.017877119
across_contexts_same_perturbation,null,-0.08348191
across_contexts_same_perturbation,null,-0.022805091
across_contexts_same_perturbation,null,0.0074434
across_contexts_same_perturbation,null,0.015639357
across_contexts_same_perturbation,null,0.019857738
across_contexts_same_perturbation,null,0.0273387
across_contexts_same_perturbation,null,-0.04412631
across_contexts_same_perturbation,null,0.057141505
across_contexts_same_perturbation,null,-0.005634678
across_contexts_same_perturbation,null,0.060558673
across_contexts_same_perturbation,null,-0.021151798
across_contexts_same_perturbation,null,0.06802257
across_contexts_same_perturbation,null,-0.018349024
across_contexts_same_perturbation,null,0.01616507
across_contexts_same_perturbation,null,0.06624922
across_contexts_same_perturbation,null,0.017985635
across_contexts_same_perturbation,null,-0.08987389
across_contexts_same_perturbation,null,-0.059322964
across_contexts_same_perturbation,null,-0.046587296
across_contexts_same_perturbation,null,0.010558934
across_contexts_same_perturbation,null,-0.017938873
across_contexts_same_perturbation,null,0.028133115
across_contexts_same_perturbation,null,0.010180426
across_contexts_same_perturbation,null,-0.05805378
across_contexts_same_perturbation,null,0.00520086
across_contexts_same_perturbation,null,0.030360663
across_contexts_same_perturbation,null,0.016943173
across_contexts_same_perturbation,null,-0.034213234
across_contexts_same_perturbation,null,0.012675977
across_contexts_same_perturbation,null,0.07987725
across_contexts_same_perturbation,null,0.2678294
across_contexts_same_perturbation,null,0.0013413153
across_contexts_same_perturbation,null,0.050258253
across_contexts_same_perturbation,null,-0.012874689
across_contexts_same_perturbation,null,-0.04292231
across_contexts_same_perturbation,null,0.011392817
across_contexts_same_perturbation,null,-0.028025199
across_contexts_same_perturbation,null,-0.022585774
across_contexts_same_perturbation,null,0.008453101
across_contexts_same_perturbation,null,-0.055962082
across_contexts_same_perturbation,null,0.036787316
across_contexts_same_perturbation,null,0.018444845
across_contexts_same_perturbation,null,0.040802628
across_contexts_same_perturbation,null,0.001984182
across_contexts_same_perturbation,null,-0.032972425
across_contexts_same_perturbation,null,0.045058172
across_contexts_same_perturbation,null,0.026776558
across_contexts_same_perturbation,null,-0.02914596
across_contexts_same_perturbation,null,-0.006692692
across_contexts_same_perturbation,null,-0.022402981
across_contexts_same_perturbation,null,-0.015849305
across_contexts_same_perturbation,null,0.003978409
across_contexts_same_perturbation,null,0.0072498615
across_contexts_same_perturbation,null,0.039134353
across_contexts_same_perturbation,null,-0.02597943
across_contexts_same_perturbation,null,0.0072565917
across_contexts_same_perturbation,null,0.03029321
across_contexts_same_perturbation,null,0.049766775
across_contexts_same_perturbation,null,0.13224325
across_contexts_same_perturbation,null,0.06670269
across_contexts_same_perturbation,null,0.039922617
across_contexts_same_perturbation,null,0.005029918
across_contexts_same_perturbation,null,-0.007684897
across_contexts_same_perturbation,null,-0.21673842
across_contexts_same_perturbation,null,0.024361026
across_contexts_same_perturbation,null,-0.032533918
across_contexts_same_perturbation,null,0.030175772
across_contexts_same_perturbation,null,0.009300225
across_contexts_same_perturbation,null,-0.018721333
across_contexts_same_perturbation,null,-0.020386629
across_contexts_same_perturbation,null,0.03190386
across_contexts_same_perturbation,null,-0.017596617
across_contexts_same_perturbation,null,-0.01496487
across_contexts_same_perturbation,null,-0.06915412
across_contexts_same_perturbation,null,0.043624368
across_contexts_same_perturbation,null,-0.028181663
across_contexts_same_perturbation,null,0.009713754
across_contexts_same_perturbation,null,0.009346954
across_contexts_same_perturbation,null,0.07700582
across_contexts_same_perturbation,null,0.0056402097
across_contexts_same_perturbation,null,-0.0071920087
across_contexts_same_perturbation,null,-0.011411497
across_contexts_same_perturbation,null,-0.0029004542
across_contexts_same_perturbation,null,0.04351086
across_contexts_same_perturbation,null,-0.054204736
across_contexts_same_perturbation,null,0.02883601
across_contexts_same_perturbation,null,0.042259965
across_contexts_same_perturbation,null,0.04392644
across_contexts_same_perturbation,null,-0.026463734
across_contexts_same_perturbation,null,-0.020320276
across_contexts_same_perturbation,null,0.09911629
across_contexts_same_perturbation,null,-0.033133086
across_contexts_same_perturbation,null,0.014471879
across_contexts_same_perturbation,null,-0.02330086
across_contexts_same_perturbation,null,0.011273567
across_contexts_same_perturbation,null,-0.0064385463
across_contexts_same_perturbation,null,0.02578908
across_contexts_same_perturbation,null,0.026385387
across_contexts_same_perturbation,null,0.019253548
across_contexts_same_perturbation,null,-0.08786638
across_contexts_same_perturbation,null,0.0021678943
across_contexts_same_perturbation,null,-0.048438884
across_contexts_same_perturbation,null,0.0075872303
across_contexts_same_perturbation,null,0.011292005
across_contexts_same_perturbation,null,0.006093001
across_contexts_same_perturbation,null,-0.019492539
across_contexts_same_perturbation,null,-0.018562105
across_contexts_same_perturbation,null,0.027546003
across_contexts_same_perturbation,null,0.07634696
across_contexts_same_perturbation,null,0.043354236
across_contexts_same_perturbation,null,-0.011254467
across_contexts_same_perturbation,null,-0.001273131
across_contexts_same_perturbation,null,0.0031427047
across_contexts_same_perturbation,null,0.16016935
across_contexts_same_perturbation,null,-0.05140319
across_contexts_same_perturbation,null,0.06623949
across_contexts_same_perturbation,null,0.1585931
across_contexts_same_perturbation,null,0.010483512
across_contexts_same_perturbation,null,0.018101081
across_contexts_same_perturbation,null,-0.042349424
across_contexts_same_perturbation,null,0.014245741
across_contexts_same_perturbation,null,0.051067676
across_contexts_same_perturbation,null,-0.051336274
across_contexts_same_perturbation,null,0.009372912
across_contexts_same_perturbation,null,-0.015788022
across_contexts_same_perturbation,null,0.052461255
across_contexts_same_perturbation,null,-0.011913087
across_contexts_same_perturbation,null,-0.057348445
across_contexts_same_perturbation,null,-0.013679044
across_contexts_same_perturbation,null,0.011674466
across_contexts_same_perturbation,null,0.0060336255
across_contexts_same_perturbation,null,0.040603273
across_contexts_same_perturbation,null,0.025235167
across_contexts_same_perturbation,null,0.0030961423
across_contexts_same_perturbation,null,-0.011799321
across_contexts_same_perturbation,null,0.01073528
across_contexts_same_perturbation,null,0.07292125
across_contexts_same_perturbation,null,0.0005983317
across_contexts_same_perturbation,null,0.015688865
across_contexts_same_perturbation,null,-0.0028231102
across_contexts_same_perturbation,null,-0.022982566
across_contexts_same_perturbation,null,-0.0033567273
across_contexts_same_perturbation,null,-0.025302153
across_contexts_same_perturbation,null,-0.025562488
across_contexts_same_perturbation,null,0.0093297055
across_contexts_same_perturbation,null,-0.0116945505
across_contexts_same_perturbation,null,-0.023845771
across_contexts_same_perturbation,null,0.102062576
across_contexts_same_perturbation,null,-0.025980452
across_contexts_same_perturbation,null,0.013449776
across_contexts_same_perturbation,null,-0.02741091
across_contexts_same_perturbation,null,-0.007993941
across_contexts_same_perturbation,null,-0.03249272
across_contexts_same_perturbation,null,-0.011249915
across_contexts_same_perturbation,null,0.0049328003
across_contexts_same_perturbation,null,0.015933657
across_contexts_same_perturbation,null,0.14206138
across_contexts_same_perturbation,null,-0.029623143
across_contexts_same_perturbation,null,-0.036954388
across_contexts_same_perturbation,null,-0.036851034
across_contexts_same_perturbation,null,0.059827603
across_contexts_same_perturbation,null,0.014771496
across_contexts_same_perturbation,null,0.044842854
across_contexts_same_perturbation,null,-0.051588114
across_contexts_same_perturbation,null,-0.06935203
across_contexts_same_perturbation,null,0.0008347543
across_contexts_same_perturbation,null,0.03276409
across_contexts_same_perturbation,null,-0.007788072
across_contexts_same_perturbation,null,-0.015518777
across_contexts_same_perturbation,null,-0.025990082
across_contexts_same_perturbation,null,-0.034312677
across_contexts_same_perturbation,null,0.011025764
across_contexts_same_perturbation,null,0.00383667
across_contexts_same_perturbation,null,0.004251148
across_contexts_same_perturbation,null,0.04279019
across_contexts_same_perturbation,null,-0.017293595
across_contexts_same_perturbation,null,0.097125016
across_contexts_same_perturbation,null,-0.035133597
across_contexts_same_perturbation,null,-0.03551199
across_contexts_same_perturbation,null,0.005615163
across_contexts_same_perturbation,null,-0.028124081
across_contexts_same_perturbation,null,-0.011727045
across_contexts_same_perturbation,null,-0.002208645
across_contexts_same_perturbation,null,0.10705146
across_contexts_same_perturbation,null,-0.20886418
across_contexts_same_perturbation,null,-0.046040583
across_contexts_same_perturbation,null,0.1193637
across_contexts_same_perturbation,null,-0.02966382
across_contexts_same_perturbation,null,-0.061453186
across_contexts_same_perturbation,null,-0.01653346
across_contexts_same_perturbation,null,-0.015354092
across_contexts_same_perturbation,null,-0.019304508
across_contexts_same_perturbation,null,-0.014909768
across_contexts_same_perturbation,null,-0.040996697
across_contexts_same_perturbation,null,-0.027908377
across_contexts_same_perturbation,null,-0.05554004
across_contexts_same_perturbation,null,-0.009852396
across_contexts_same_perturbation,null,0.027940493
across_contexts_same_perturbation,null,0.092378326
across_contexts_same_perturbation,null,-0.046612773
across_contexts_same_perturbation,null,-0.002594254
across_contexts_same_perturbation,null,0.010767703
across_contexts_same_perturbation,null,0.0042902986
across_contexts_same_perturbation,null,0.035005867
across_contexts_same_perturbation,null,-0.008284431
across_contexts_same_perturbation,null,0.010005243
across_contexts_same_perturbation,null,-0.0061633456
across_contexts_same_perturbation,null,0.023493795
across_contexts_same_perturbation,null,0.018131401
across_contexts_same_perturbation,null,-0.0042411103
across_contexts_same_perturbation,null,-0.04612302
across_contexts_same_perturbation,null,0.00577126
across_contexts_same_perturbation,null,-0.043988608
across_contexts_same_perturbation,null,0.057686616
across_contexts_same_perturbation,null,0.055229146
across_contexts_same_perturbation,null,0.042730607
across_contexts_same_perturbation,null,-0.04157231
across_contexts_same_perturbation,null,-0.0043031275
across_contexts_same_perturbation,null,0.0872129
across_contexts_same_perturbation,null,-0.008680886
across_contexts_same_perturbation,null,0.057207715
across_contexts_same_perturbation,null,-0.07596403
across_contexts_same_perturbation,null,-0.02863964
across_contexts_same_perturbation,null,-0.00075702317
across_contexts_same_perturbation,null,0.026146507
across_contexts_same_perturbation,null,-0.030335428
across_contexts_same_perturbation,null,0.024547141
across_contexts_same_perturbation,null,-0.034188233
across_contexts_same_perturbation,null,-0.021351654
across_contexts_same_perturbation,null,0.01372714
across_contexts_same_perturbation,null,0.01704476
across_contexts_same_perturbation,null,0.02438792
across_contexts_same_perturbation,null,-0.015244802
across_contexts_same_perturbation,null,0.054971017
across_contexts_same_perturbation,null,0.11037032
across_contexts_same_perturbation,null,-0.037558675
across_contexts_same_perturbation,null,-0.12181875
across_contexts_same_perturbation,null,0.017199755
across_contexts_same_perturbation,null,0.050115243
across_contexts_same_perturbation,null,0.0172338
across_contexts_same_perturbation,null,0.02164152
across_contexts_same_perturbation,null,-0.030606704
across_contexts_same_perturbation,null,-0.003976655
across_contexts_same_perturbation,null,0.013120412
across_contexts_same_perturbation,null,0.07384966
across_contexts_same_perturbation,null,-0.05307034
across_contexts_same_perturbation,null,0.0027695359
across_contexts_same_perturbation,null,0.023011368
across_contexts_same_perturbation,null,-0.072145976
across_contexts_same_perturbation,null,0.014843142
across_contexts_same_perturbation,null,-0.0048316508
across_contexts_same_perturbation,null,0.027884098
across_contexts_same_perturbation,null,-0.014963882
across_contexts_same_perturbation,null,0.13478026
across_contexts_same_perturbation,null,0.0052352804
across_contexts_same_perturbation,null,-0.016218124
across_contexts_same_perturbation,null,0.032986008
across_contexts_same_perturbation,null,0.0033115481
across_contexts_same_perturbation,null,0.07413337
across_contexts_same_perturbation,null,0.013706311
across_contexts_same_perturbation,null,0.014447363
across_contexts_same_perturbation,null,0.021483406
across_contexts_same_perturbation,null,0.23105358
across_contexts_same_perturbation,null,0.0010404602
across_contexts_same_perturbation,null,0.044289898
across_contexts_same_perturbation,null,0.024604904
across_contexts_same_perturbation,null,-0.017939966
across_contexts_same_perturbation,null,0.034975044
across_contexts_same_perturbation,null,-0.013401665
across_contexts_same_perturbation,null,-0.036572337
across_contexts_same_perturbation,null,0.019392516
across_contexts_same_perturbation,null,0.01358869
across_contexts_same_perturbation,null,0.008384462
across_contexts_same_perturbation,null,-0.0038229611
across_contexts_same_perturbation,null,0.02083789
across_contexts_same_perturbation,null,0.0040681716
across_contexts_same_perturbation,null,0.0020012157
across_contexts_same_perturbation,null,0.016676607
across_contexts_same_perturbation,null,0.053726573
across_contexts_same_perturbation,null,0.011147214
across_contexts_same_perturbation,null,-0.010346344
across_contexts_same_perturbation,null,-0.015111231
across_contexts_same_perturbation,null,-0.032095112
across_contexts_same_perturbation,null,-0.02292974
across_contexts_same_perturbation,null,-0.025573373
across_contexts_same_perturbation,null,0.10477921
across_contexts_same_perturbation,null,0.00048080052
across_contexts_same_perturbation,null,-0.015396419
across_contexts_same_perturbation,null,-0.004544261
across_contexts_same_perturbation,null,-0.0397633
across_contexts_same_perturbation,null,-0.035254095
across_contexts_same_perturbation,null,-0.02610938
across_contexts_same_perturbation,null,0.04577842
across_contexts_same_perturbation,null,0.01658475
across_contexts_same_perturbation,null,-0.0091370465
across_contexts_same_perturbation,null,0.0303781
across_contexts_same_perturbation,null,0.03993099
across_contexts_same_perturbation,null,-0.019548662
across_contexts_same_perturbation,null,0.07105611
across_contexts_same_perturbation,null,-0.0041045486
across_contexts_same_perturbation,null,0.036024578
across_contexts_same_perturbation,null,0.001539601
across_contexts_same_perturbation,null,-0.040664464
across_contexts_same_perturbation,null,0.015001651
across_contexts_same_perturbation,null,-0.0056528095
across_contexts_same_perturbation,null,-0.017353045
across_contexts_same_perturbation,null,-0.2154135
across_contexts_same_perturbation,null,-0.04073083
across_contexts_same_perturbation,null,-0.038705774
across_contexts_same_perturbation,null,-0.005174405
across_contexts_same_perturbation,null,-0.009000156
across_contexts_same_perturbation,null,-0.0036146052
across_contexts_same_perturbation,null,0.035724133
across_contexts_same_perturbation,null,-0.009622562
across_contexts_same_perturbation,null,0.02046446
across_contexts_same_perturbation,null,0.0043935697
across_contexts_same_perturbation,null,0.06108618
across_contexts_same_perturbation,null,-0.01680566
across_contexts_same_perturbation,null,-0.02843597
across_contexts_same_perturbation,null,-0.023762455
across_contexts_same_perturbation,null,-0.0010842597
across_contexts_same_perturbation,null,0.006191344
across_contexts_same_perturbation,null,0.013080759
across_contexts_same_perturbation,null,-0.005339898
across_contexts_same_perturbation,null,-0.044224873
across_contexts_same_perturbation,null,0.06723627
across_contexts_same_perturbation,null,0.014217839
across_contexts_same_perturbation,null,0.08091511
across_contexts_same_perturbation,null,0.060083076
across_contexts_same_perturbation,null,-0.01541024
across_contexts_same_perturbation,null,-0.05392072
across_contexts_same_perturbation,null,0.048731923
across_contexts_same_perturbation,null,0.04900301
across_contexts_same_perturbation,null,-0.016482323
across_contexts_same_perturbation,null,0.033532355
across_contexts_same_perturbation,null,0.0015149737
across_contexts_same_perturbation,null,-0.02704192
across_contexts_same_perturbation,null,0.020894375
across_contexts_same_perturbation,null,-0.018940853
across_contexts_same_perturbation,null,0.029036663
across_contexts_same_perturbation,null,0.032889098
across_contexts_same_perturbation,null,0.0055577937
across_contexts_same_perturbation,null,0.051911905
across_contexts_same_perturbation,null,-0.022854932
across_contexts_same_perturbation,null,0.044115268
across_contexts_same_perturbation,null,0.0020376556
across_contexts_same_perturbation,null,-0.0025990678
across_contexts_same_perturbation,null,-0.029699333
across_contexts_same_perturbation,null,-0.006096094
across_contexts_same_perturbation,null,-0.0030422092
across_contexts_same_perturbation,null,0.01715228
across_contexts_same_perturbation,null,-0.009375994
across_contexts_same_perturbation,null,0.069626115
across_contexts_same_perturbation,null,-0.0146721825
across_contexts_same_perturbation,null,-0.016066324
across_contexts_same_perturbation,null,-0.017187012
across_contexts_same_perturbation,null,0.05342591
across_contexts_same_perturbation,null,-0.033190455
across_contexts_same_perturbation,null,-0.032358266
across_contexts_same_perturbation,null,0.017745178
across_contexts_same_perturbation,null,-0.0114886835
across_contexts_same_perturbation,null,-0.06838918
across_contexts_same_perturbation,null,-0.016460013
across_contexts_same_perturbation,null,-0.026218742
across_contexts_same_perturbation,null,0.052135736
across_contexts_same_perturbation,null,0.017176263
across_contexts_same_perturbation,null,-0.026381133
across_contexts_same_perturbation,null,-0.008115195
across_contexts_same_perturbation,null,0.046772715
across_contexts_same_perturbation,null,0.006819617
across_contexts_same_perturbation,null,-0.07199946
across_contexts_same_perturbation,null,-0.100892566
across_contexts_same_perturbation,null,0.11846608
across_contexts_same_perturbation,null,-0.010481001
across_contexts_same_perturbation,null,0.0077061574
across_contexts_same_perturbation,null,0.051726557
across_contexts_same_perturbation,null,0.027917482
across_contexts_same_perturbation,null,-0.036218196
across_contexts_same_perturbation,null,0.0015822712
across_contexts_same_perturbation,null,-0.020052752
across_contexts_same_perturbation,null,-0.012126211
across_contexts_same_perturbation,null,-0.027594782
across_contexts_same_perturbation,null,0.009199112
across_contexts_same_perturbation,null,-0.008397196
across_contexts_same_perturbation,null,-0.060726315
across_contexts_same_perturbation,null,-0.0040737665
across_contexts_same_perturbation,null,-0.030516915
across_contexts_same_perturbation,null,-0.010713517
across_contexts_same_perturbation,null,-0.036803324
across_contexts_same_perturbation,null,-0.068752095
across_contexts_same_perturbation,null,-0.037880342
across_contexts_same_perturbation,null,-0.043724302
across_contexts_same_perturbation,null,0.0055599646
across_contexts_same_perturbation,null,0.04668036
across_contexts_same_perturbation,null,-0.0048666107
across_contexts_same_perturbation,null,0.046685796
across_contexts_same_perturbation,null,0.023113918
across_contexts_same_perturbation,null,-0.03580011
across_contexts_same_perturbation,null,0.040351998
across_contexts_same_perturbation,null,-0.032082535
across_contexts_same_perturbation,null,0.025407156
across_contexts_same_perturbation,null,-0.011494878
across_contexts_same_perturbation,null,-0.011172975
across_contexts_same_perturbation,null,0.009649251
across_contexts_same_perturbation,null,0.018244753
across_contexts_same_perturbation,null,-0.03291107
across_contexts_same_perturbation,null,0.015408231
across_contexts_same_perturbation,null,-0.0057980726
across_contexts_same_perturbation,null,-0.030204955
across_contexts_same_perturbation,null,0.072436
across_contexts_same_perturbation,null,-0.03701802
across_contexts_same_perturbation,null,-0.012324193
across_contexts_same_perturbation,null,0.008336562
across_contexts_same_perturbation,null,-0.023524314
across_contexts_same_perturbation,null,-0.027137132
across_contexts_same_perturbation,null,-0.0037989125
across_contexts_same_perturbation,null,0.0355822
across_contexts_same_perturbation,null,-0.005462021
across_contexts_same_perturbation,null,-0.0032832066
across_contexts_same_perturbation,null,0.052563574
across_contexts_same_perturbation,null,0.061021
across_contexts_same_perturbation,null,0.04594399
across_contexts_same_perturbation,null,0.05185548
across_contexts_same_perturbation,null,-0.0001505222
across_contexts_same_perturbation,null,-0.05942013
across_contexts_same_perturbation,null,-0.018776225
across_contexts_same_perturbation,null,-0.05020076
across_contexts_same_perturbation,null,0.028712632
across_contexts_same_perturbation,null,-0.010098598
across_contexts_same_perturbation,null,-0.0024501632
across_contexts_same_perturbation,null,-0.012459218
across_contexts_same_perturbation,null,-0.023259496
across_contexts_same_perturbation,null,0.039825454
across_contexts_same_perturbation,null,-0.010961068
across_contexts_same_perturbation,null,-0.0075559025
across_contexts_same_perturbation,null,-0.046932057
across_contexts_same_perturbation,null,-0.08798694
across_contexts_same_perturbation,null,0.0060544824
across_contexts_same_perturbation,null,0.046240214
across_contexts_same_perturbation,null,-0.13748688
across_contexts_same_perturbation,null,-0.004011601
across_contexts_same_perturbation,null,-0.051272992
across_contexts_same_perturbation,null,-0.01712033
across_contexts_same_perturbation,null,0.024708247
across_contexts_same_perturbation,null,0.025325939
across_contexts_same_perturbation,null,-0.018186154
across_contexts_same_perturbation,null,0.008105179
across_contexts_same_perturbation,null,0.0041926345
across_contexts_same_perturbation,null,-0.008411418
across_contexts_same_perturbation,null,0.051716734
across_contexts_same_perturbation,null,-0.031525664
across_contexts_same_perturbation,null,-0.011315737
across_contexts_same_perturbation,null,-0.0527568
across_contexts_same_perturbation,null,0.0070940536
across_contexts_same_perturbation,null,0.019758075
across_contexts_same_perturbation,null,-0.022180693
across_contexts_same_perturbation,null,-0.0075643356
across_contexts_same_perturbation,null,-0.018860266
across_contexts_same_perturbation,null,0.020958789
across_contexts_same_perturbation,null,0.025222687
across_contexts_same_perturbation,null,-0.029605158
across_contexts_same_perturbation,null,0.030854661
across_contexts_same_perturbation,null,-0.014100032
across_contexts_same_perturbation,null,-0.035061967
across_contexts_same_perturbation,null,-0.02701663
across_contexts_same_perturbation,null,0.041793462
across_contexts_same_perturbation,null,0.01918373
across_contexts_same_perturbation,null,0.008777059
across_contexts_same_perturbation,null,0.054730937
across_contexts_same_perturbation,null,-0.018346354
across_contexts_same_perturbation,null,-0.026216758
across_contexts_same_perturbation,null,0.0060400693
across_contexts_same_perturbation,null,0.048642118
across_contexts_same_perturbation,null,-0.0206762
across_contexts_same_perturbation,null,-0.028872382
across_contexts_same_perturbation,null,0.0502595
across_contexts_same_perturbation,null,0.00752125
across_contexts_same_perturbation,null,0.0154151935
across_contexts_same_perturbation,null,-0.019095289
across_contexts_same_perturbation,null,-0.034794733
across_contexts_same_perturbation,null,-0.0228059
across_contexts_same_perturbation,null,0.03405288
across_contexts_same_perturbation,null,0.0317761
across_contexts_same_perturbation,null,0.043410867
across_contexts_same_perturbation,null,-0.0060612485
across_contexts_same_perturbation,null,-0.017533345
across_contexts_same_perturbation,null,-0.020915154
across_contexts_same_perturbation,null,0.0053163604
across_contexts_same_perturbation,null,0.020595718
across_contexts_same_perturbation,null,0.023925627
across_contexts_same_perturbation,null,-0.028842581
across_contexts_same_perturbation,null,0.05412845
across_contexts_same_perturbation,null,-0.010515157
across_contexts_same_perturbation,null,0.02874436
across_contexts_same_perturbation,null,-0.021147601
across_contexts_same_perturbation,null,-0.02526295
across_contexts_same_perturbation,null,0.039439432
across_contexts_same_perturbation,null,0.009198587
across_contexts_same_perturbation,null,0.0170308
across_contexts_same_perturbation,null,0.00822869
across_contexts_same_perturbation,null,-0.032680366
across_contexts_same_perturbation,null,0.0024494133
across_contexts_same_perturbation,null,-0.025128614
across_contexts_same_perturbation,null,0.06164155
across_contexts_same_perturbation,null,0.025348563
across_contexts_same_perturbation,null,0.01715313
across_contexts_same_perturbation,null,-0.01936647
across_contexts_same_perturbation,null,-0.022497727
across_contexts_same_perturbation,null,0.017499376
across_contexts_same_perturbation,null,0.010979968
across_contexts_same_perturbation,null,-0.003858521
across_contexts_same_perturbation,null,-0.009563511
across_contexts_same_perturbation,null,0.01414694
across_contexts_same_perturbation,null,0.044889964
across_contexts_same_perturbation,null,-0.006449941
across_contexts_same_perturbation,null,0.010876838
across_contexts_same_perturbation,null,0.02790319
across_contexts_same_perturbation,null,-0.07214601
across_contexts_same_perturbation,null,-0.007481986
across_contexts_same_perturbation,null,0.006609942
across_contexts_same_perturbation,null,-0.008436054
across_contexts_same_perturbation,null,0.004393481
across_contexts_same_perturbation,null,-0.03957742
across_contexts_same_perturbation,null,-0.057542853
across_contexts_same_perturbation,null,-0.020364966
across_contexts_same_perturbation,null,0.011873872
across_contexts_same_perturbation,null,0.044228125
across_contexts_same_perturbation,null,-0.032735653
across_contexts_same_perturbation,null,0.0067175985
across_contexts_same_perturbation,null,-0.0037884598
across_contexts_same_perturbation,null,0.15240167
across_contexts_same_perturbation,null,-0.033959262
across_contexts_same_perturbation,null,0.01588712
across_contexts_same_perturbation,null,0.02242504
across_contexts_same_perturbation,null,0.015037559
across_contexts_same_perturbation,null,-0.023566075
across_contexts_same_perturbation,null,-0.009570899
across_contexts_same_perturbation,null,-0.011751467
across_contexts_same_perturbation,null,0.01597872
across_contexts_same_perturbation,null,0.050290022
across_contexts_same_perturbation,null,0.13394733
across_contexts_same_perturbation,null,-0.07226228
across_contexts_same_perturbation,null,0.0023908
across_contexts_same_perturbation,null,0.021379879
across_contexts_same_perturbation,null,0.21147904
across_contexts_same_perturbation,null,-0.020760354
across_contexts_same_perturbation,null,0.031949203
across_contexts_same_perturbation,null,0.022064507
across_contexts_same_perturbation,null,-0.02160341
across_contexts_same_perturbation,null,-0.09321348
across_contexts_same_perturbation,null,0.06763399
across_contexts_same_perturbation,null,-0.01610207
across_contexts_same_perturbation,null,-0.02459529
across_contexts_same_perturbation,null,-0.02772183
across_contexts_same_perturbation,null,0.0071110236
across_contexts_same_perturbation,null,0.024811199
across_contexts_same_perturbation,null,-0.0028541342
across_contexts_same_perturbation,null,-0.028756313
across_contexts_same_perturbation,null,-0.019837098
across_contexts_same_perturbation,null,-0.035356637
across_contexts_same_perturbation,null,-0.033582505
across_contexts_same_perturbation,null,0.037128713
across_contexts_same_perturbation,null,0.04843127
across_contexts_same_perturbation,null,-0.023761455
across_contexts_same_perturbation,null,-0.00085090066
across_contexts_same_perturbation,null,0.04072878
across_contexts_same_perturbation,null,0.03597016
across_contexts_same_perturbation,null,-0.02492204
across_contexts_same_perturbation,null,0.05326701
across_contexts_same_perturbation,null,0.008324568
across_contexts_same_perturbation,null,0.022526534
across_contexts_same_perturbation,null,0.07169046
across_contexts_same_perturbation,null,-0.0017127534
across_contexts_same_perturbation,null,0.051524434
across_contexts_same_perturbation,null,-0.005151818
across_contexts_same_perturbation,null,-0.06929894
across_contexts_same_perturbation,null,0.0008645087
across_contexts_same_perturbation,null,0.008351242
across_contexts_same_perturbation,null,-0.017503876
across_contexts_same_perturbation,null,0.054583117
across_contexts_same_perturbation,null,-0.009802111
across_contexts_same_perturbation,null,-0.1433111
across_contexts_same_perturbation,null,-0.015808763
across_contexts_same_perturbation,null,0.03319158
across_contexts_same_perturbation,null,-0.009485866
across_contexts_same_perturbation,null,0.029472822
across_contexts_same_perturbation,null,0.0312209
across_contexts_same_perturbation,null,-0.008465042
across_contexts_same_perturbation,null,0.027223151
across_contexts_same_perturbation,null,0.015450946
across_contexts_same_perturbation,null,-0.03224644
across_contexts_same_perturbation,null,-0.0043438687
across_contexts_same_perturbation,null,0.00076603336
across_contexts_same_perturbation,null,-0.04945435
across_contexts_same_perturbation,null,-0.037612747
across_contexts_same_perturbation,null,0.055455852
across_contexts_same_perturbation,null,-0.0050909608
across_contexts_same_perturbation,null,-0.017124502
across_contexts_same_perturbation,null,0.020012071
across_contexts_same_perturbation,null,0.05637181
across_contexts_same_perturbation,null,-0.05447616
across_contexts_same_perturbation,null,-0.024193926
across_contexts_same_perturbation,null,-0.012179458
across_contexts_same_perturbation,null,0.020748671
across_contexts_same_perturbation,null,-0.01041452
across_contexts_same_perturbation,null,0.073775016
across_contexts_same_perturbation,null,-0.017145842
across_contexts_same_perturbation,null,0.008403542
across_contexts_same_perturbation,null,0.024235118
across_contexts_same_perturbation,null,0.015485579
across_contexts_same_perturbation,null,-0.10879401
across_contexts_same_perturbation,null,0.027810322
across_contexts_same_perturbation,null,-0.03475599
across_contexts_same_perturbation,null,0.023207309
across_contexts_same_perturbation,null,-0.026156133
across_contexts_same_perturbation,null,-0.18587169
across_contexts_same_perturbation,null,-0.013844352
across_contexts_same_perturbation,null,-0.0019274139
across_contexts_same_perturbation,null,0.025847936
across_contexts_same_perturbation,null,0.026415072
across_contexts_same_perturbation,null,0.033860844
across_contexts_same_perturbation,null,0.011972454
across_contexts_same_perturbation,null,-0.037329786
across_contexts_same_perturbation,null,-0.092846155
across_contexts_same_perturbation,null,-0.0098071275
across_contexts_same_perturbation,null,-0.01787719
across_contexts_same_perturbation,null,-0.025281971
across_contexts_same_perturbation,null,0.014140132
across_contexts_same_perturbation,null,-0.041306682
across_contexts_same_perturbation,null,-0.0038359852
across_contexts_same_perturbation,null,-0.044225063
across_contexts_same_perturbation,null,0.021852594
across_contexts_same_perturbation,null,-0.050215162
across_contexts_same_perturbation,null,-0.03592404
across_contexts_same_perturbation,null,-0.03926091
across_contexts_same_perturbation,null,0.023687825
across_contexts_same_perturbation,null,-0.031128412
across_contexts_same_perturbation,null,0.028882308
across_contexts_same_perturbation,null,-0.0617487
across_contexts_same_perturbation,null,0.031301584
across_contexts_same_perturbation,null,-0.040502835
across_contexts_same_perturbation,null,-0.017595172
across_contexts_same_perturbation,null,-0.005129881
across_contexts_same_perturbation,null,0.0060789827
across_contexts_same_perturbation,null,-0.004504401
across_contexts_same_perturbation,null,-0.009352932
across_contexts_same_perturbation,null,-0.024672389
across_contexts_same_perturbation,null,0.012194851
across_contexts_same_perturbation,null,-0.006298557
across_contexts_same_perturbation,null,0.03190789
across_contexts_same_perturbation,null,-0.053770293
across_contexts_same_perturbation,null,0.019362612
across_contexts_same_perturbation,null,-0.021049548
across_contexts_same_perturbation,null,0.0042166263
across_contexts_same_perturbation,null,-0.022297239
across_contexts_same_perturbation,null,-0.014552597
across_contexts_same_perturbation,null,0.00893242
across_contexts_same_perturbation,null,-0.038576405
across_contexts_same_perturbation,null,-0.008908703
across_contexts_same_perturbation,null,0.0005592237
across_contexts_same_perturbation,null,0.01763947
across_contexts_same_perturbation,null,-0.0045726486
across_contexts_same_perturbation,null,0.00120625
across_contexts_same_perturbation,null,0.010483371
across_contexts_same_perturbation,null,0.013879595
across_contexts_same_perturbation,null,-0.024620727
across_contexts_same_perturbation,null,-0.026699286
across_contexts_same_perturbation,null,0.01547157
across_contexts_same_perturbation,null,-0.053246345
across_contexts_same_perturbation,null,0.1172635
across_contexts_same_perturbation,null,0.0023291588
across_contexts_same_perturbation,null,-0.03648845
across_contexts_same_perturbation,null,0.06716387
across_contexts_same_perturbation,null,-0.008761121
across_contexts_same_perturbation,null,-0.015580156
across_contexts_same_perturbation,null,-0.023707017
across_contexts_same_perturbation,null,-0.019609673
across_contexts_same_perturbation,null,0.015528133
across_contexts_same_perturbation,null,0.07539292
across_contexts_same_perturbation,null,0.01020729
across_contexts_same_perturbation,null,0.010129131
across_contexts_same_perturbation,null,-0.038352266
across_contexts_same_perturbation,null,-0.051274743
across_contexts_same_perturbation,null,-0.010231609
across_contexts_same_perturbation,null,-0.0027570282
across_contexts_same_perturbation,null,0.005114154
across_contexts_same_perturbation,null,-0.012497883
across_contexts_same_perturbation,null,0.00437671
across_contexts_same_perturbation,null,-0.19023007
across_contexts_same_perturbation,null,0.010543696
across_contexts_same_perturbation,null,0.004399875
across_contexts_same_perturbation,null,-0.033517398
across_contexts_same_perturbation,null,-0.0024612395
across_contexts_same_perturbation,null,-0.017042024
across_contexts_same_perturbation,null,-0.0055603944
across_contexts_same_perturbation,null,0.023380134
across_contexts_same_perturbation,null,0.054199975
across_contexts_same_perturbation,null,0.039176013
across_contexts_same_perturbation,null,-0.0033249003
across_contexts_same_perturbation,null,-0.033003606
across_contexts_same_perturbation,null,0.01772399
across_contexts_same_perturbation,null,0.0059816935
across_contexts_same_perturbation,null,-0.029037576
across_contexts_same_perturbation,null,0.014732413
across_contexts_same_perturbation,null,-0.014989426
across_contexts_same_perturbation,null,0.0075943964
across_contexts_same_perturbation,null,0.013059723
across_contexts_same_perturbation,null,0.1881565
across_contexts_same_perturbation,null,0.0073621916
across_contexts_same_perturbation,null,-0.033595808
across_contexts_same_perturbation,null,0.001443474
across_contexts_same_perturbation,null,-0.041055772
across_contexts_same_perturbation,null,-0.02680476
across_contexts_same_perturbation,null,0.004578487
across_contexts_same_perturbation,null,0.00036502435
across_contexts_same_perturbation,null,-0.0033004547
across_contexts_same_perturbation,null,0.056187797
across_contexts_same_perturbation,null,0.02253765
across_contexts_same_perturbation,null,-0.025391316
across_contexts_same_perturbation,null,-0.052998926
across_contexts_same_perturbation,null,-0.0028028153
across_contexts_same_perturbation,null,-0.05317892
across_contexts_same_perturbation,null,0.008387427
across_contexts_same_perturbation,null,0.10667748
across_contexts_same_perturbation,null,0.0184264
across_contexts_same_perturbation,null,0.032371942
across_contexts_same_perturbation,null,0.030445708
across_contexts_same_perturbation,null,0.031947184
across_contexts_same_perturbation,null,0.017290987
across_contexts_same_perturbation,null,0.06955703
across_contexts_same_perturbation,null,-0.087688416
across_contexts_same_perturbation,null,0.008550956
across_contexts_same_perturbation,null,0.051063888
across_contexts_same_perturbation,null,0.008031305
across_contexts_same_perturbation,null,0.071025416
across_contexts_same_perturbation,null,-0.011851028
across_contexts_same_perturbation,null,-0.018602626
across_contexts_same_perturbation,null,0.09090142
across_contexts_same_perturbation,null,0.016000776
across_contexts_same_perturbation,null,-0.074210845
across_contexts_same_perturbation,null,0.011884187
across_contexts_same_perturbation,null,0.06518484
across_contexts_same_perturbation,null,0.007816504
across_contexts_same_perturbation,null,0.018237352
across_contexts_same_perturbation,null,-0.038038407
across_contexts_same_perturbation,null,0.08427804
across_contexts_same_perturbation,null,-0.012098659
across_contexts_same_perturbation,null,0.038464885
across_contexts_same_perturbation,null,0.02467086
across_contexts_same_perturbation,null,0.009503905
across_contexts_same_perturbation,null,-0.050763067
across_contexts_same_perturbation,null,-0.03438741
across_contexts_same_perturbation,null,-0.07525817
across_contexts_same_perturbation,null,0.0149666555
across_contexts_same_perturbation,null,0.053479377
across_contexts_same_perturbation,null,0.01361009
across_contexts_same_perturbation,null,0.036538422
across_contexts_same_perturbation,null,-0.01983604
across_contexts_same_perturbation,null,-0.009655835
across_contexts_same_perturbation,null,0.029110642
across_contexts_same_perturbation,null,0.008982505
across_contexts_same_perturbation,null,0.031108348
across_contexts_same_perturbation,null,-0.018868897
across_contexts_same_perturbation,null,0.017495554
across_contexts_same_perturbation,null,-0.03160598
across_contexts_same_perturbation,null,-0.032120813
across_contexts_same_perturbation,null,0.0027422474
across_contexts_same_perturbation,null,0.016415741
across_contexts_same_perturbation,null,-0.04700461
across_contexts_same_perturbation,null,0.03951077
across_contexts_same_perturbation,null,0.016268035
across_contexts_same_perturbation,null,0.014265045
across_contexts_same_perturbation,null,-0.022080215
across_contexts_same_perturbation,null,0.286279
across_contexts_same_perturbation,null,-0.021860328
across_contexts_same_perturbation,null,0.0032363907
across_contexts_same_perturbation,null,-0.018663133
across_contexts_same_perturbation,null,0.071716376
across_contexts_same_perturbation,null,0.024504354
across_contexts_same_perturbation,null,-0.04702374
across_contexts_same_perturbation,null,0.05483138
across_contexts_same_perturbation,null,0.034341436
across_contexts_same_perturbation,null,-0.009368759
across_contexts_same_perturbation,null,-0.018419234
across_contexts_same_perturbation,null,-0.0341526
across_contexts_same_perturbation,null,0.035887867
across_contexts_same_perturbation,null,-0.019428967
across_contexts_same_perturbation,null,-0.009285968
across_contexts_same_perturbation,null,-0.06470366
across_contexts_same_perturbation,null,0.11674329
across_contexts_same_perturbation,null,0.110465705
across_contexts_same_perturbation,null,-0.011879195
across_contexts_same_perturbation,null,0.0036193796
across_contexts_same_perturbation,null,0.004283643
across_contexts_same_perturbation,null,0.075766
across_contexts_same_perturbation,null,0.032272954
across_contexts_same_perturbation,null,-0.022609636
across_contexts_same_perturbation,null,0.020789329
across_contexts_same_perturbation,null,0.002370249
across_contexts_same_perturbation,null,-0.02331253
across_contexts_same_perturbation,null,0.030364288
across_contexts_same_perturbation,null,-0.008339102
across_contexts_same_perturbation,null,-0.03944438
across_contexts_same_perturbation,null,-0.013804424
across_contexts_same_perturbation,null,0.008450626
across_contexts_same_perturbation,null,0.011042673
across_contexts_same_perturbation,null,-0.051571462
across_contexts_same_perturbation,null,0.026580257
across_contexts_same_perturbation,null,-0.021152811
across_contexts_same_perturbation,null,0.036413174
across_contexts_same_perturbation,null,-0.07465482
across_contexts_same_perturbation,null,0.02397464
across_contexts_same_perturbation,null,-0.03845825
across_contexts_same_perturbation,null,0.020838382
across_contexts_same_perturbation,null,0.008068047
across_contexts_same_perturbation,null,0.0047939625
across_contexts_same_perturbation,null,0.038021684
across_contexts_same_perturbation,null,0.0361084
across_contexts_same_perturbation,null,0.007836281
across_contexts_same_perturbation,null,-0.002024602
across_contexts_same_perturbation,null,0.009211912
across_contexts_same_perturbation,null,0.047979936
across_contexts_same_perturbation,null,-0.019587668
across_contexts_same_perturbation,null,0.060608733
across_contexts_same_perturbation,null,-0.0025984794
across_contexts_same_perturbation,null,-0.06740513
across_contexts_same_perturbation,null,-0.03894838
across_contexts_same_perturbation,null,-0.07485873
across_contexts_same_perturbation,null,0.0041968976
across_contexts_same_perturbation,null,0.0074944426
across_contexts_same_perturbation,null,0.017946001
across_contexts_same_perturbation,null,-0.013382242
across_contexts_same_perturbation,null,-0.16853942
across_contexts_same_perturbation,null,-0.05462071
across_contexts_same_perturbation,null,-0.012463423
across_contexts_same_perturbation,null,-0.02130073
across_contexts_same_perturbation,null,-0.03109022
across_contexts_same_perturbation,null,-0.018572055
across_contexts_same_perturbation,null,-0.044224
across_contexts_same_perturbation,null,-0.022006076
across_contexts_same_perturbation,null,-0.0171305
across_contexts_same_perturbation,null,0.007028559
across_contexts_same_perturbation,null,-0.037885036
across_contexts_same_perturbation,null,0.018099388
across_contexts_same_perturbation,null,0.024825895
across_contexts_same_perturbation,null,0.0057152607
across_contexts_same_perturbation,null,-0.016683565
across_contexts_same_perturbation,null,0.025658859
across_contexts_same_perturbation,null,-0.047052998
across_contexts_same_perturbation,null,-0.025751838
across_contexts_same_perturbation,null,0.05873843
across_contexts_same_perturbation,null,-0.027828777
across_contexts_same_perturbation,null,-0.027917823
across_contexts_same_perturbation,null,-0.02848568
across_contexts_same_perturbation,null,-0.063228846
across_contexts_same_perturbation,null,-0.056913145
across_contexts_same_perturbation,null,-0.02410791
across_contexts_same_perturbation,null,-0.019315133
across_contexts_same_perturbation,null,0.0532876
across_contexts_same_perturbation,null,-0.039938826
across_contexts_same_perturbation,null,-0.0050774887
across_contexts_same_perturbation,null,-0.084644586
across_contexts_same_perturbation,null,0.041727874
across_contexts_same_perturbation,null,0.004544338
across_contexts_same_perturbation,null,0.00070167216
across_contexts_same_perturbation,null,0.02313823
across_contexts_same_perturbation,null,-0.013234166
across_contexts_same_perturbation,null,0.01113961
across_contexts_same_perturbation,null,0.050248478
across_contexts_same_perturbation,null,0.056366578
across_contexts_same_perturbation,null,-0.032945823
across_contexts_same_perturbation,null,0.004705607
across_contexts_same_perturbation,null,0.025814492
across_contexts_same_perturbation,null,0.0076462138
across_contexts_same_perturbation,null,0.004123246
across_contexts_same_perturbation,null,0.005246608
across_contexts_same_perturbation,null,0.100256614
across_contexts_same_perturbation,null,0.0028166708
across_contexts_same_perturbation,null,0.01721869
across_contexts_same_perturbation,null,-0.0005390983
across_contexts_same_perturbation,null,0.019566946
across_contexts_same_perturbation,null,-0.0019423638
across_contexts_same_perturbation,null,0.008783249
across_contexts_same_perturbation,null,0.028478732
across_contexts_same_perturbation,null,-0.010860652
across_contexts_same_perturbation,null,-0.024281323
across_contexts_same_perturbation,null,-0.012549518
across_contexts_same_perturbation,null,0.0023405002
across_contexts_same_perturbation,null,-0.047481246
across_contexts_same_perturbation,null,-0.0055001415
across_contexts_same_perturbation,null,0.036894888
across_contexts_same_perturbation,null,0.051233117
across_contexts_same_perturbation,null,-0.04803756
across_contexts_same_perturbation,null,-0.022859663
across_contexts_same_perturbation,null,-0.04028089
across_contexts_same_perturbation,null,0.0021634088
across_contexts_same_perturbation,null,-0.032733943
across_contexts_same_perturbation,null,-0.009798787
across_contexts_same_perturbation,null,-0.063114196
across_contexts_same_perturbation,null,-0.021126365
across_contexts_same_perturbation,null,-0.054890726
across_contexts_same_perturbation,null,-0.043089367
across_contexts_same_perturbation,null,0.015918309
across_contexts_same_perturbation,null,-0.02983223
across_contexts_same_perturbation,null,-0.00820607
across_contexts_same_perturbation,null,0.0030569548
across_contexts_same_perturbation,null,0.010265185
across_contexts_same_perturbation,null,0.0020397317
across_contexts_same_perturbation,null,0.0031422188
across_contexts_same_perturbation,null,0.0046967603
across_contexts_same_perturbation,null,-0.011971663
across_contexts_same_perturbation,null,0.019646622
across_contexts_same_perturbation,null,-0.05253683
across_contexts_same_perturbation,null,0.023448598
across_contexts_same_perturbation,null,-0.04645481
across_contexts_same_perturbation,null,0.012159389
across_contexts_same_perturbation,null,0.023708552
across_contexts_same_perturbation,null,-0.036394306
across_contexts_same_perturbation,null,0.0046025454
across_contexts_same_perturbation,null,-0.06266917
across_contexts_same_perturbation,null,0.07437903
across_contexts_same_perturbation,null,-0.0030625379
across_contexts_same_perturbation,null,-0.021370975
across_contexts_same_perturbation,null,-0.045580257
across_contexts_same_perturbation,null,-0.0061680446
across_contexts_same_perturbation,null,0.037487336
across_contexts_same_perturbation,null,0.010665878
across_contexts_same_perturbation,null,0.037765294
across_contexts_same_perturbation,null,-0.038481157
across_contexts_same_perturbation,null,0.011435685
across_contexts_same_perturbation,null,0.100959666
across_contexts_same_perturbation,null,0.029854553
across_contexts_same_perturbation,null,0.039478913
across_contexts_same_perturbation,null,0.0042348555
across_contexts_same_perturbation,null,-0.025666894
across_contexts_same_perturbation,null,-0.04652553
across_contexts_same_perturbation,null,-0.0013765699
across_contexts_same_perturbation,null,-0.0058981604
across_contexts_same_perturbation,null,0.04276006
across_contexts_same_perturbation,null,-0.030908689
across_contexts_same_perturbation,null,0.05005616
across_contexts_same_perturbation,null,-0.006380424
across_contexts_same_perturbation,null,0.016472323
across_contexts_same_perturbation,null,-0.034469742
across_contexts_same_perturbation,null,0.0033428657
across_contexts_same_perturbation,null,-0.0020950139
across_contexts_same_perturbation,null,-0.0032732792
across_contexts_same_perturbation,null,0.010495604
across_contexts_same_perturbation,null,0.079774104
across_contexts_same_perturbation,null,-0.027867993
across_contexts_same_perturbation,null,0.06172377
across_contexts_same_perturbation,null,0.01161218
across_contexts_same_perturbation,null,0.024682371
across_contexts_same_perturbation,null,-0.018990675
across_contexts_same_perturbation,null,0.16883229
across_contexts_same_perturbation,null,-0.33032867
across_contexts_same_perturbation,null,0.23197688
across_contexts_same_perturbation,null,0.06353946
across_contexts_same_perturbation,null,-0.005516965
across_contexts_same_perturbation,null,-0.04277725
across_contexts_same_perturbation,null,-0.06885031
across_contexts_same_perturbation,null,-0.013962855
across_contexts_same_perturbation,null,-0.033859707
across_contexts_same_perturbation,null,-0.081526965
across_contexts_same_perturbation,null,-0.033354804
across_contexts_same_perturbation,null,-0.023983777
across_contexts_same_perturbation,null,-0.019099405
across_contexts_same_perturbation,null,-0.16756804
across_contexts_same_perturbation,null,0.018611131
across_contexts_same_perturbation,null,-0.010222888
across_contexts_same_perturbation,null,0.03262154
across_contexts_same_perturbation,null,-0.07518113
across_contexts_same_perturbation,null,-0.014712525
across_contexts_same_perturbation,null,0.027582992
across_contexts_same_perturbation,null,-0.056841716
across_contexts_same_perturbation,null,0.03432209
across_contexts_same_perturbation,null,0.010524081
across_contexts_same_perturbation,null,0.017487688
across_contexts_same_perturbation,null,0.0463989
across_contexts_same_perturbation,null,0.04026058
across_contexts_same_perturbation,null,-0.027992316
across_contexts_same_perturbation,null,-0.0042305253
across_contexts_same_perturbation,null,-0.0011451143
across_contexts_same_perturbation,null,-0.050352022
across_contexts_same_perturbation,null,-0.021553831
across_contexts_same_perturbation,null,-0.002345978
across_contexts_same_perturbation,null,-0.018108401
across_contexts_same_perturbation,null,0.028052941
across_contexts_same_perturbation,null,-0.010069838
across_contexts_same_perturbation,null,0.059648655
across_contexts_same_perturbation,null,0.014598082
across_contexts_same_perturbation,null,0.0020751453
across_contexts_same_perturbation,null,-0.0102931755
across_contexts_same_perturbation,null,-0.02841379
across_contexts_same_perturbation,null,0.016128736
across_contexts_same_perturbation,null,0.024844889
across_contexts_same_perturbation,null,-0.0025448527
across_contexts_same_perturbation,null,0.078837305
across_contexts_same_perturbation,null,-0.08981239
across_contexts_same_perturbation,null,0.007416254
across_contexts_same_perturbation,null,0.009349127
across_contexts_same_perturbation,null,0.013237904
across_contexts_same_perturbation,null,-0.067101024
across_contexts_same_perturbation,null,-0.021875491
across_contexts_same_perturbation,null,-0.009688861
across_contexts_same_perturbation,null,-0.017882403
across_contexts_same_perturbation,null,0.027146077
across_contexts_same_perturbation,null,0.04691402
across_contexts_same_perturbation,null,-0.009341318
across_contexts_same_perturbation,null,0.04633021
across_contexts_same_perturbation,null,-0.025726682
across_contexts_same_perturbation,null,0.069743544
across_contexts_same_perturbation,null,0.050634105
across_contexts_same_perturbation,null,0.0017050272
across_contexts_same_perturbation,null,-0.013072974
across_contexts_same_perturbation,null,-0.05201592
across_contexts_same_perturbation,null,0.0054907994
across_contexts_same_perturbation,null,-0.0603812
across_contexts_same_perturbation,null,-0.036512487
across_contexts_same_perturbation,null,0.047814034
across_contexts_same_perturbation,null,-0.056630116
across_contexts_same_perturbation,null,0.074017525
across_contexts_same_perturbation,null,-0.012017489
across_contexts_same_perturbation,null,-0.026309684
across_contexts_same_perturbation,null,0.023148308
across_contexts_same_perturbation,null,0.02217255
across_contexts_same_perturbation,null,-0.014461444
across_contexts_same_perturbation,null,0.01298988
across_contexts_same_perturbation,null,0.011438231
across_contexts_same_perturbation,null,0.07698731
across_contexts_same_perturbation,null,-0.034218412
across_contexts_same_perturbation,null,-0.04876172
across_contexts_same_perturbation,null,-0.05141536
across_contexts_same_perturbation,null,-0.0022863497
across_contexts_same_perturbation,null,0.015860874
across_contexts_same_perturbation,null,0.0012191639
across_contexts_same_perturbation,null,-0.022856886
across_contexts_same_perturbation,null,0.022432879
across_contexts_same_perturbation,null,0.07665288
across_contexts_same_perturbation,null,-0.039393775
across_contexts_same_perturbation,null,-0.0076255607
across_contexts_same_perturbation,null,0.007926273
across_contexts_same_perturbation,null,-0.033815667
across_contexts_same_perturbation,null,-0.018503813
across_contexts_same_perturbation,null,-0.019924855
across_contexts_same_perturbation,null,-0.012241961
across_contexts_same_perturbation,null,0.046917286
across_contexts_same_perturbation,null,0.010278025
across_contexts_same_perturbation,null,0.05006091
across_contexts_same_perturbation,null,0.018703679
across_contexts_same_perturbation,null,0.0069518727
across_contexts_same_perturbation,null,0.026510183
across_contexts_same_perturbation,null,0.020073807
across_contexts_same_perturbation,null,-0.024120776
across_contexts_same_perturbation,null,-0.037524648
across_contexts_same_perturbation,null,0.056094028
across_contexts_same_perturbation,null,0.0068411785
across_contexts_same_perturbation,null,-0.0061597633
across_contexts_same_perturbation,null,-0.004892457
across_contexts_same_perturbation,null,0.01444705
across_contexts_same_perturbation,null,-0.011190191
across_contexts_same_perturbation,null,0.024717351
across_contexts_same_perturbation,null,-0.02431866
across_contexts_same_perturbation,null,0.029896438
across_contexts_same_perturbation,null,0.01567109
across_contexts_same_perturbation,null,-0.013498711
across_contexts_same_perturbation,null,0.042788215
across_contexts_same_perturbation,null,0.046952315
across_contexts_same_perturbation,null,0.021275872
across_contexts_same_perturbation,null,0.034295015
across_contexts_same_perturbation,null,0.10178609
across_contexts_same_perturbation,null,0.008711818
across_contexts_same_perturbation,null,-0.024865888
across_contexts_same_perturbation,null,0.036494117
across_contexts_same_perturbation,null,0.0065182974
across_contexts_same_perturbation,null,0.02900134
across_contexts_same_perturbation,null,-0.0074395025
across_contexts_same_perturbation,null,-0.013882251
across_contexts_same_perturbation,null,-0.0058155297
across_contexts_same_perturbation,null,-0.011966916
across_contexts_same_perturbation,null,0.0097938515
across_contexts_same_perturbation,null,0.047372494
across_contexts_same_perturbation,null,-0.06369274
across_contexts_same_perturbation,null,-0.034942396
across_contexts_same_perturbation,null,0.034703135
across_contexts_same_perturbation,null,0.010221413
across_contexts_same_perturbation,null,-0.007485274
across_contexts_same_perturbation,null,-0.054584265
across_contexts_same_perturbation,null,0.0050967853
across_contexts_same_perturbation,null,0.025244106
across_contexts_same_perturbation,null,0.02531806
across_contexts_same_perturbation,null,0.059100546
across_contexts_same_perturbation,null,-0.025132127
across_contexts_same_perturbation,null,0.021739716
across_contexts_same_perturbation,null,-0.0036871836
across_contexts_same_perturbation,null,-0.04974572
across_contexts_same_perturbation,null,-0.01649464
across_contexts_same_perturbation,null,0.012950588
across_contexts_same_perturbation,null,0.054855056
across_contexts_same_perturbation,null,0.056240264
across_contexts_same_perturbation,null,0.012866428
across_contexts_same_perturbation,null,-0.01564611
across_contexts_same_perturbation,null,0.009832475
across_contexts_same_perturbation,null,0.01148374
across_contexts_same_perturbation,null,0.0366369
across_contexts_same_perturbation,null,-0.0060544135
across_contexts_same_perturbation,null,-0.029760946
across_contexts_same_perturbation,null,-0.015453269
across_contexts_same_perturbation,null,0.04198153
across_contexts_same_perturbation,null,-0.03660746
across_contexts_same_perturbation,null,-0.06314912
across_contexts_same_perturbation,null,0.022270618
across_contexts_same_perturbation,null,-0.0036082112
across_contexts_same_perturbation,null,-0.018621728
across_contexts_same_perturbation,null,-0.009832591
across_contexts_same_perturbation,null,0.038445532
across_contexts_same_perturbation,null,-0.0143477395
across_contexts_same_perturbation,null,-0.044702433
across_contexts_same_perturbation,null,0.007006099
across_contexts_same_perturbation,null,0.019265343
across_contexts_same_perturbation,null,0.01573312
across_contexts_same_perturbation,null,-0.020350594
across_contexts_same_perturbation,null,-0.011369081
across_contexts_same_perturbation,null,-0.04460169
across_contexts_same_perturbation,null,-0.021167437
across_contexts_same_perturbation,null,-0.05535775
across_contexts_same_perturbation,null,0.018549096
across_contexts_same_perturbation,null,-0.024388758
across_contexts_same_perturbation,null,-0.07408907
across_contexts_same_perturbation,null,0.026242826
across_contexts_same_perturbation,null,-0.0025776015
across_contexts_same_perturbation,null,-0.014628875
across_contexts_same_perturbation,null,0.010672796
across_contexts_same_perturbation,null,0.013975131
across_contexts_same_perturbation,null,0.08708667
across_contexts_same_perturbation,null,-0.04871539
across_contexts_same_perturbation,null,0.04430382
across_contexts_same_perturbation,null,-0.18111844
across_contexts_same_perturbation,null,-0.004998974
across_contexts_same_perturbation,null,-0.1203429
across_contexts_same_perturbation,null,-0.011850334
across_contexts_same_perturbation,null,-0.037392434
across_contexts_same_perturbation,null,0.050775513
across_contexts_same_perturbation,null,1.0000001
across_contexts_same_perturbation,null,-0.03198091
across_contexts_same_perturbation,null,-0.017812684
across_contexts_same_perturbation,null,-0.04600172
across_contexts_same_perturbation,null,0.012596909
across_contexts_same_perturbation,null,-0.04698987
across_contexts_same_perturbation,null,-0.0035336656
across_contexts_same_perturbation,null,-0.03182669
across_contexts_same_perturbation,null,0.031239292
across_contexts_same_perturbation,null,0.05533091
across_contexts_same_perturbation,null,-0.01440336
across_contexts_same_perturbation,null,-0.051022317
across_contexts_same_perturbation,null,-0.011428984
across_contexts_same_perturbation,null,0.15312313
across_contexts_same_perturbation,null,-0.014172905
across_contexts_same_perturbation,null,-0.004466134
across_contexts_same_perturbation,null,0.012833835
across_contexts_same_perturbation,null,-0.0047006467
across_contexts_same_perturbation,null,0.013111484
across_contexts_same_perturbation,null,0.07797936
across_contexts_same_perturbation,null,0.016953623
across_contexts_same_perturbation,null,0.04885916
across_contexts_same_perturbation,null,-0.015223618
across_contexts_same_perturbation,null,0.06417937
across_contexts_same_perturbation,null,0.103887625
across_contexts_same_perturbation,null,0.0002641542
across_contexts_same_perturbation,null,0.018701807
across_contexts_same_perturbation,null,0.014531166
across_contexts_same_perturbation,null,0.0072295098
across_contexts_same_perturbation,null,-0.0010033445
across_contexts_same_perturbation,null,-0.017895771
across_contexts_same_perturbation,null,-0.0073169805
across_contexts_same_perturbation,null,-0.015394686
across_contexts_same_perturbation,null,-0.026103336
