test,kind,r
across_replicates_same_ctx_pert,observed,0.03697361
across_replicates_same_ctx_pert,observed,0.04737857
across_replicates_same_ctx_pert,observed,0.037209094
across_replicates_same_ctx_pert,observed,0.17703255
across_replicates_same_ctx_pert,observed,0.020011555
across_replicates_same_ctx_pert,observed,0.024668783
across_replicates_same_ctx_pert,observed,0.019150773
across_replicates_same_ctx_pert,observed,0.17427994
across_replicates_same_ctx_pert,observed,0.042340595
across_replicates_same_ctx_pert,observed,0.047239732
across_replicates_same_ctx_pert,observed,0.14466481
across_replicates_same_ctx_pert,observed,0.14609334
across_replicates_same_ctx_pert,observed,0.14609334
across_replicates_same_ctx_pert,observed,0.13251363
across_replicates_same_ctx_pert,observed,0.041552294
across_replicates_same_ctx_pert,observed,0.0126396995
across_replicates_same_ctx_pert,observed,0.036067367
across_replicates_same_ctx_pert,observed,0.026066057
across_replicates_same_ctx_pert,observed,0.2009358
across_replicates_same_ctx_pert,observed,0.026066057
across_replicates_same_ctx_pert,observed,0.03433338
across_replicates_same_ctx_pert,observed,0.02221358
across_replicates_same_ctx_pert,observed,0.03418275
across_replicates_same_ctx_pert,observed,0.19045389
across_replicates_same_ctx_pert,observed,0.011575383
across_replicates_same_ctx_pert,observed,0.07321378
across_replicates_same_ctx_pert,observed,0.02650687
across_replicates_same_ctx_pert,observed,0.07288079
across_replicates_same_ctx_pert,observed,0.19045389
across_replicates_same_ctx_pert,observed,0.004086716
across_replicates_same_ctx_pert,observed,0.18568265
across_replicates_same_ctx_pert,observed,0.14543849
across_replicates_same_ctx_pert,observed,0.18568265
across_replicates_same_ctx_pert,observed,0.18568265
across_replicates_same_ctx_pert,observed,0.18568265
across_replicates_same_ctx_pert,observed,0.06822194
across_replicates_same_ctx_pert,observed,0.17574997
across_replicates_same_ctx_pert,observed,0.18929446
across_replicates_same_ctx_pert,observed,0.18929446
across_replicates_same_ctx_pert,observed,-0.015954563
across_replicates_same_ctx_pert,observed,0.100339
across_replicates_same_ctx_pert,observed,0.10263773
across_replicates_same_ctx_pert,observed,0.334379
across_replicates_same_ctx_pert,observed,-0.0010774933
across_replicates_same_ctx_pert,observed,0.06301844
across_replicates_same_ctx_pert,observed,0.0808197
across_replicates_same_ctx_pert,observed,0.030213585
across_replicates_same_ctx_pert,observed,0.030213585
across_replicates_same_ctx_pert,observed,0.040415037
across_replicates_same_ctx_pert,observed,0.054858223
across_replicates_same_ctx_pert,observed,0.21573338
across_replicates_same_ctx_pert,observed,0.006906333
across_replicates_same_ctx_pert,observed,0.18117836
across_replicates_same_ctx_pert,observed,0.040189665
across_replicates_same_ctx_pert,observed,0.24885753
across_replicates_same_ctx_pert,observed,0.24885753
across_replicates_same_ctx_pert,observed,0.15567647
across_replicates_same_ctx_pert,observed,0.04184728
across_replicates_same_ctx_pert,observed,0.053731892
across_replicates_same_ctx_pert,observed,0.053731892
across_replicates_same_ctx_pert,observed,0.0084935045
across_replicates_same_ctx_pert,observed,0.18285792
across_replicates_same_ctx_pert,observed,0.12673256
across_replicates_same_ctx_pert,observed,0.12673256
across_replicates_same_ctx_pert,observed,0.0047414065
across_replicates_same_ctx_pert,observed,0.026019363
across_replicates_same_ctx_pert,observed,0.102039166
across_replicates_same_ctx_pert,observed,0.032012645
across_replicates_same_ctx_pert,observed,0.12412546
across_replicates_same_ctx_pert,observed,0.12412546
across_replicates_same_ctx_pert,observed,0.12412546
across_replicates_same_ctx_pert,observed,-0.002150144
across_replicates_same_ctx_pert,observed,0.013964603
across_replicates_same_ctx_pert,observed,0.08066068
across_replicates_same_ctx_pert,observed,0.077786446
across_replicates_same_ctx_pert,observed,0.20302828
across_replicates_same_ctx_pert,observed,0.11919613
across_replicates_same_ctx_pert,observed,-0.011942938
across_replicates_same_ctx_pert,observed,0.1780038
across_replicates_same_ctx_pert,observed,0.1810401
across_replicates_same_ctx_pert,observed,0.009977127
across_replicates_same_ctx_pert,observed,0.009977127
across_replicates_same_ctx_pert,observed,0.112630114
across_replicates_same_ctx_pert,observed,-0.0045921644
across_replicates_same_ctx_pert,observed,0.023964375
across_replicates_same_ctx_pert,observed,0.023964375
across_replicates_same_ctx_pert,observed,0.22442308
across_replicates_same_ctx_pert,observed,0.045976922
across_replicates_same_ctx_pert,observed,0.007282413
across_replicates_same_ctx_pert,observed,0.041695677
across_replicates_same_ctx_pert,observed,0.03303492
across_replicates_same_ctx_pert,observed,0.17806882
across_replicates_same_ctx_pert,observed,0.013894357
across_replicates_same_ctx_pert,observed,0.12871845
across_replicates_same_ctx_pert,observed,-0.0015960529
across_replicates_same_ctx_pert,observed,0.0019017701
across_replicates_same_ctx_pert,observed,0.054099526
across_replicates_same_ctx_pert,observed,0.042187206
across_replicates_same_ctx_pert,observed,0.04260919
across_replicates_same_ctx_pert,observed,0.047982458
across_replicates_same_ctx_pert,observed,0.054099526
across_replicates_same_ctx_pert,observed,0.06300036
across_replicates_same_ctx_pert,observed,0.0483679
across_replicates_same_ctx_pert,observed,0.06754522
across_replicates_same_ctx_pert,observed,0.06342723
across_replicates_same_ctx_pert,observed,0.0483679
across_replicates_same_ctx_pert,observed,0.06300036
across_replicates_same_ctx_pert,observed,0.032397952
across_replicates_same_ctx_pert,observed,0.07264556
across_replicates_same_ctx_pert,observed,0.0042299735
across_replicates_same_ctx_pert,observed,0.055208728
across_replicates_same_ctx_pert,observed,0.1549529
across_replicates_same_ctx_pert,observed,0.1549529
across_replicates_same_ctx_pert,observed,0.04494147
across_replicates_same_ctx_pert,observed,0.06401058
across_replicates_same_ctx_pert,observed,0.019344086
across_replicates_same_ctx_pert,observed,0.031984314
across_replicates_same_ctx_pert,observed,0.04225787
across_replicates_same_ctx_pert,observed,0.04225787
across_replicates_same_ctx_pert,observed,0.14975265
across_replicates_same_ctx_pert,observed,0.1618285
across_replicates_same_ctx_pert,observed,0.036606185
across_replicates_same_ctx_pert,observed,0.039531905
across_replicates_same_ctx_pert,observed,0.034925755
across_replicates_same_ctx_pert,observed,4.9684495e-05
across_replicates_same_ctx_pert,observed,0.007052527
across_replicates_same_ctx_pert,observed,0.005566939
across_replicates_same_ctx_pert,observed,0.005566939
across_replicates_same_ctx_pert,observed,0.0052115927
across_replicates_same_ctx_pert,observed,-0.012268596
across_replicates_same_ctx_pert,observed,0.15920614
across_replicates_same_ctx_pert,observed,0.038371857
across_replicates_same_ctx_pert,observed,0.16217932
across_replicates_same_ctx_pert,observed,0.15920614
across_replicates_same_ctx_pert,observed,0.15749207
across_replicates_same_ctx_pert,observed,0.03286504
across_replicates_same_ctx_pert,observed,-0.0070980764
across_replicates_same_ctx_pert,observed,0.05973457
across_replicates_same_ctx_pert,observed,0.05973457
across_replicates_same_ctx_pert,observed,0.04463078
across_replicates_same_ctx_pert,observed,0.08360314
across_replicates_same_ctx_pert,observed,0.0370982
across_replicates_same_ctx_pert,observed,0.0266254
across_replicates_same_ctx_pert,observed,0.0266254
across_replicates_same_ctx_pert,observed,0.04320699
across_replicates_same_ctx_pert,observed,0.010234255
across_replicates_same_ctx_pert,observed,0.01845396
across_replicates_same_ctx_pert,observed,0.048017494
across_replicates_same_ctx_pert,observed,0.014155832
across_replicates_same_ctx_pert,observed,0.08721095
across_replicates_same_ctx_pert,observed,0.01749503
across_replicates_same_ctx_pert,observed,0.025987217
across_replicates_same_ctx_pert,observed,0.08721095
across_replicates_same_ctx_pert,observed,0.05984164
across_replicates_same_ctx_pert,observed,0.03698545
across_replicates_same_ctx_pert,observed,0.012408224
across_replicates_same_ctx_pert,observed,0.089932956
across_replicates_same_ctx_pert,observed,0.2289843
across_replicates_same_ctx_pert,observed,0.006215129
across_replicates_same_ctx_pert,observed,0.0563987
across_replicates_same_ctx_pert,observed,0.038991716
across_replicates_same_ctx_pert,observed,0.000493121
across_replicates_same_ctx_pert,observed,0.053508315
across_replicates_same_ctx_pert,observed,0.006215129
across_replicates_same_ctx_pert,observed,0.0357834
across_replicates_same_ctx_pert,observed,0.036058705
across_replicates_same_ctx_pert,observed,-0.00053555716
across_replicates_same_ctx_pert,observed,0.16413285
across_replicates_same_ctx_pert,observed,0.018318089
across_replicates_same_ctx_pert,observed,0.037807412
across_replicates_same_ctx_pert,observed,0.047320623
across_replicates_same_ctx_pert,observed,0.17550336
across_replicates_same_ctx_pert,observed,0.13330826
across_replicates_same_ctx_pert,observed,0.03600163
across_replicates_same_ctx_pert,observed,0.024754116
across_replicates_same_ctx_pert,observed,0.025164621
across_replicates_same_ctx_pert,observed,0.025164621
across_replicates_same_ctx_pert,observed,0.031399205
across_replicates_same_ctx_pert,observed,0.0067837173
across_replicates_same_ctx_pert,observed,0.12665206
across_replicates_same_ctx_pert,observed,0.0067837173
across_replicates_same_ctx_pert,observed,0.044604853
across_replicates_same_ctx_pert,observed,0.017863309
across_replicates_same_ctx_pert,observed,0.004296678
across_replicates_same_ctx_pert,observed,0.044604853
across_replicates_same_ctx_pert,observed,0.04169532
across_replicates_same_ctx_pert,observed,-0.02887318
across_replicates_same_ctx_pert,observed,0.12369914
across_replicates_same_ctx_pert,observed,0.01273463
across_replicates_same_ctx_pert,observed,0.18773325
across_replicates_same_ctx_pert,observed,0.08228156
across_replicates_same_ctx_pert,observed,0.01824127
across_replicates_same_ctx_pert,observed,0.13854446
across_replicates_same_ctx_pert,observed,0.0023355223
across_replicates_same_ctx_pert,observed,0.12353293
across_replicates_same_ctx_pert,observed,0.011722066
across_replicates_same_ctx_pert,observed,0.062143628
across_replicates_same_ctx_pert,observed,0.16110183
across_replicates_same_ctx_pert,observed,0.12353293
across_replicates_same_ctx_pert,observed,0.30095938
across_replicates_same_ctx_pert,observed,0.11402202
across_replicates_same_ctx_pert,observed,0.15543897
across_replicates_same_ctx_pert,observed,0.005533023
across_replicates_same_ctx_pert,observed,0.15543897
across_replicates_same_ctx_pert,observed,0.05693855
across_replicates_same_ctx_pert,observed,0.17210728
across_replicates_same_ctx_pert,observed,0.02813045
across_replicates_same_ctx_pert,observed,0.040700156
across_replicates_same_ctx_pert,observed,0.14537106
across_replicates_same_ctx_pert,observed,0.06856512
across_replicates_same_ctx_pert,observed,0.0074809664
across_replicates_same_ctx_pert,observed,0.011384328
across_replicates_same_ctx_pert,observed,0.20815872
across_replicates_same_ctx_pert,observed,0.003053743
across_replicates_same_ctx_pert,observed,0.01803926
across_replicates_same_ctx_pert,observed,0.020888645
across_replicates_same_ctx_pert,observed,0.20815872
across_replicates_same_ctx_pert,observed,0.1308779
across_replicates_same_ctx_pert,observed,0.01858626
across_replicates_same_ctx_pert,observed,0.00935988
across_replicates_same_ctx_pert,observed,0.0386902
across_replicates_same_ctx_pert,observed,0.05903893
across_replicates_same_ctx_pert,observed,0.11391452
across_replicates_same_ctx_pert,observed,0.15733986
across_replicates_same_ctx_pert,observed,0.15980527
across_replicates_same_ctx_pert,observed,0.16769862
across_replicates_same_ctx_pert,observed,0.030137455
across_replicates_same_ctx_pert,observed,0.037492912
across_replicates_same_ctx_pert,observed,0.037492912
across_replicates_same_ctx_pert,observed,0.058882874
across_replicates_same_ctx_pert,observed,0.21875224
across_replicates_same_ctx_pert,observed,0.021546839
across_replicates_same_ctx_pert,observed,0.17587784
across_replicates_same_ctx_pert,observed,0.0870853
across_replicates_same_ctx_pert,observed,0.0870853
across_replicates_same_ctx_pert,observed,0.17005959
across_replicates_same_ctx_pert,observed,0.080284454
across_replicates_same_ctx_pert,observed,0.20471431
across_replicates_same_ctx_pert,observed,-0.0161699
across_replicates_same_ctx_pert,observed,0.16859627
across_replicates_same_ctx_pert,observed,0.16613324
across_replicates_same_ctx_pert,observed,0.03855249
across_replicates_same_ctx_pert,observed,0.1761891
across_replicates_same_ctx_pert,observed,0.026260057
across_replicates_same_ctx_pert,observed,0.1761891
across_replicates_same_ctx_pert,observed,0.03989788
across_replicates_same_ctx_pert,observed,0.0030803664
across_replicates_same_ctx_pert,observed,0.0075948206
across_replicates_same_ctx_pert,observed,-0.027184436
across_replicates_same_ctx_pert,observed,0.09038163
across_replicates_same_ctx_pert,observed,0.0027550785
across_replicates_same_ctx_pert,observed,0.0027550785
across_replicates_same_ctx_pert,observed,0.04662245
across_replicates_same_ctx_pert,observed,-0.009706713
across_replicates_same_ctx_pert,observed,0.023150725
across_replicates_same_ctx_pert,observed,0.0027550785
across_replicates_same_ctx_pert,observed,0.14836052
across_replicates_same_ctx_pert,observed,0.14836052
across_replicates_same_ctx_pert,observed,0.03863305
across_replicates_same_ctx_pert,observed,0.031700138
across_replicates_same_ctx_pert,observed,0.15244284
across_replicates_same_ctx_pert,observed,0.026156567
across_replicates_same_ctx_pert,observed,0.047850754
across_replicates_same_ctx_pert,observed,0.03713415
across_replicates_same_ctx_pert,observed,0.046766903
across_replicates_same_ctx_pert,observed,0.10265608
across_replicates_same_ctx_pert,observed,0.046662603
across_replicates_same_ctx_pert,observed,0.17577012
across_replicates_same_ctx_pert,observed,0.008278561
across_replicates_same_ctx_pert,observed,0.014431185
across_replicates_same_ctx_pert,observed,0.014431185
across_replicates_same_ctx_pert,observed,0.0016703566
across_replicates_same_ctx_pert,observed,0.056674756
across_replicates_same_ctx_pert,observed,0.008278561
across_replicates_same_ctx_pert,observed,0.04848493
across_replicates_same_ctx_pert,observed,0.12374002
across_replicates_same_ctx_pert,observed,0.0032388368
across_replicates_same_ctx_pert,observed,0.16652083
across_replicates_same_ctx_pert,observed,-0.0020001517
across_replicates_same_ctx_pert,observed,0.00916359
across_replicates_same_ctx_pert,observed,0.07874978
across_replicates_same_ctx_pert,observed,-0.0020001517
across_replicates_same_ctx_pert,observed,-0.0020001517
across_replicates_same_ctx_pert,observed,0.037278473
across_replicates_same_ctx_pert,observed,0.011366885
across_replicates_same_ctx_pert,observed,0.0106231095
across_replicates_same_ctx_pert,observed,0.15880205
across_replicates_same_ctx_pert,observed,0.024690676
across_replicates_same_ctx_pert,observed,0.10814304
across_replicates_same_ctx_pert,observed,0.040278994
across_replicates_same_ctx_pert,observed,0.17819928
across_replicates_same_ctx_pert,observed,0.057822548
across_replicates_same_ctx_pert,observed,0.12056199
across_replicates_same_ctx_pert,observed,0.06661846
across_replicates_same_ctx_pert,observed,0.039243806
across_replicates_same_ctx_pert,observed,0.20040807
across_replicates_same_ctx_pert,observed,0.049506243
across_replicates_same_ctx_pert,observed,0.060029812
across_replicates_same_ctx_pert,observed,0.03135977
across_replicates_same_ctx_pert,observed,0.036750622
across_replicates_same_ctx_pert,observed,0.13063143
across_replicates_same_ctx_pert,observed,-7.322104e-05
across_replicates_same_ctx_pert,observed,0.0021387436
across_replicates_same_ctx_pert,observed,0.0047320486
across_replicates_same_ctx_pert,observed,0.04346828
across_replicates_same_ctx_pert,observed,0.190827
across_replicates_same_ctx_pert,observed,0.18549699
across_replicates_same_ctx_pert,observed,0.26411313
across_replicates_same_ctx_pert,observed,0.26411313
across_replicates_same_ctx_pert,observed,0.26411313
across_replicates_same_ctx_pert,observed,0.043446712
across_replicates_same_ctx_pert,observed,0.031299822
across_replicates_same_ctx_pert,observed,0.07778749
across_replicates_same_ctx_pert,observed,0.06007972
across_replicates_same_ctx_pert,observed,0.060241345
across_replicates_same_ctx_pert,observed,0.058216594
across_replicates_same_ctx_pert,observed,0.058968715
across_replicates_same_ctx_pert,observed,0.09523933
across_replicates_same_ctx_pert,observed,0.04397815
across_replicates_same_ctx_pert,observed,0.021650333
across_replicates_same_ctx_pert,observed,0.04217794
across_replicates_same_ctx_pert,observed,0.027524062
across_replicates_same_ctx_pert,observed,0.15624537
across_replicates_same_ctx_pert,observed,0.15624537
across_replicates_same_ctx_pert,observed,-0.02613802
across_replicates_same_ctx_pert,observed,0.02458151
across_replicates_same_ctx_pert,observed,0.18120253
across_replicates_same_ctx_pert,observed,0.030806197
across_replicates_same_ctx_pert,observed,-0.0016359206
across_replicates_same_ctx_pert,observed,0.03885819
across_replicates_same_ctx_pert,observed,0.03885819
across_replicates_same_ctx_pert,observed,0.18114357
across_replicates_same_ctx_pert,observed,0.15914309
across_replicates_same_ctx_pert,observed,0.20944552
across_replicates_same_ctx_pert,observed,0.0388138
across_replicates_same_ctx_pert,observed,0.061071258
across_replicates_same_ctx_pert,observed,-0.005664817
across_replicates_same_ctx_pert,observed,0.025441023
across_replicates_same_ctx_pert,observed,0.025441023
across_replicates_same_ctx_pert,observed,0.0154071385
across_replicates_same_ctx_pert,observed,0.2406558
across_replicates_same_ctx_pert,observed,0.03897634
across_replicates_same_ctx_pert,observed,0.011381638
across_replicates_same_ctx_pert,observed,0.07694113
across_replicates_same_ctx_pert,observed,-0.017605752
across_replicates_same_ctx_pert,observed,0.0032853477
across_replicates_same_ctx_pert,observed,0.05744421
across_replicates_same_ctx_pert,observed,0.035226144
across_replicates_same_ctx_pert,observed,0.049438205
across_replicates_same_ctx_pert,observed,0.035226144
across_replicates_same_ctx_pert,observed,0.06955786
across_replicates_same_ctx_pert,observed,0.21806324
across_replicates_same_ctx_pert,observed,0.080314524
across_replicates_same_ctx_pert,observed,0.01077412
across_replicates_same_ctx_pert,observed,0.16467096
across_replicates_same_ctx_pert,observed,0.013694618
across_replicates_same_ctx_pert,observed,0.042258676
across_replicates_same_ctx_pert,observed,0.0153965615
across_replicates_same_ctx_pert,observed,0.0153965615
across_replicates_same_ctx_pert,observed,0.033774864
across_replicates_same_ctx_pert,observed,0.022711227
across_replicates_same_ctx_pert,observed,0.032910105
across_replicates_same_ctx_pert,observed,0.06219704
across_replicates_same_ctx_pert,observed,-0.009970207
across_replicates_same_ctx_pert,observed,0.1631787
across_replicates_same_ctx_pert,observed,0.0012162306
across_replicates_same_ctx_pert,observed,0.1631787
across_replicates_same_ctx_pert,observed,-0.009970207
across_replicates_same_ctx_pert,observed,0.035296407
across_replicates_same_ctx_pert,observed,0.0012105093
across_replicates_same_ctx_pert,observed,-0.001109686
across_replicates_same_ctx_pert,observed,0.14842874
across_replicates_same_ctx_pert,observed,0.22318758
across_replicates_same_ctx_pert,observed,0.019066626
across_replicates_same_ctx_pert,observed,0.05116104
across_replicates_same_ctx_pert,observed,0.08035321
across_replicates_same_ctx_pert,observed,0.06597086
across_replicates_same_ctx_pert,observed,0.03340715
across_replicates_same_ctx_pert,observed,0.049368802
across_replicates_same_ctx_pert,observed,0.03340715
across_replicates_same_ctx_pert,observed,0.1587936
across_replicates_same_ctx_pert,observed,0.041835006
across_replicates_same_ctx_pert,observed,0.10726988
across_replicates_same_ctx_pert,observed,0.029656656
across_replicates_same_ctx_pert,observed,0.18637823
across_replicates_same_ctx_pert,observed,0.15114486
across_replicates_same_ctx_pert,observed,-0.0054295533
across_replicates_same_ctx_pert,observed,0.15053307
across_replicates_same_ctx_pert,observed,0.022500534
across_replicates_same_ctx_pert,observed,0.022500534
across_replicates_same_ctx_pert,observed,0.05636336
across_replicates_same_ctx_pert,observed,0.05746637
across_replicates_same_ctx_pert,observed,0.043469865
across_replicates_same_ctx_pert,observed,0.03349899
across_replicates_same_ctx_pert,observed,0.043469865
across_replicates_same_ctx_pert,observed,0.04842237
across_replicates_same_ctx_pert,observed,0.020327602
across_replicates_same_ctx_pert,observed,0.13374265
across_replicates_same_ctx_pert,observed,0.059471015
across_replicates_same_ctx_pert,observed,0.059471015
across_replicates_same_ctx_pert,observed,0.16031812
across_replicates_same_ctx_pert,observed,0.035079695
across_replicates_same_ctx_pert,observed,0.059471015
across_replicates_same_ctx_pert,observed,0.045216862
across_replicates_same_ctx_pert,observed,0.13966037
across_replicates_same_ctx_pert,observed,0.046041865
across_replicates_same_ctx_pert,observed,0.03553477
across_replicates_same_ctx_pert,observed,0.0059423908
across_replicates_same_ctx_pert,observed,0.14858629
across_replicates_same_ctx_pert,observed,0.012888349
across_replicates_same_ctx_pert,observed,-0.028825987
across_replicates_same_ctx_pert,observed,0.062170196
across_replicates_same_ctx_pert,observed,0.047753442
across_replicates_same_ctx_pert,observed,0.049016885
across_replicates_same_ctx_pert,observed,0.03602819
across_replicates_same_ctx_pert,observed,0.22151484
across_replicates_same_ctx_pert,observed,0.2525844
across_replicates_same_ctx_pert,observed,-0.019598419
across_replicates_same_ctx_pert,observed,-0.019598419
across_replicates_same_ctx_pert,observed,-0.0024965291
across_replicates_same_ctx_pert,observed,0.09693387
across_replicates_same_ctx_pert,observed,0.05621658
across_replicates_same_ctx_pert,observed,-0.010648761
across_replicates_same_ctx_pert,observed,0.024133852
across_replicates_same_ctx_pert,observed,-0.013676875
across_replicates_same_ctx_pert,observed,0.05429133
across_replicates_same_ctx_pert,observed,0.041860126
across_replicates_same_ctx_pert,observed,0.14204602
across_replicates_same_ctx_pert,observed,0.038203143
across_replicates_same_ctx_pert,observed,0.041860126
across_replicates_same_ctx_pert,observed,0.0022056852
across_replicates_same_ctx_pert,observed,0.14204602
across_replicates_same_ctx_pert,observed,0.038203143
across_replicates_same_ctx_pert,observed,0.043926015
across_replicates_same_ctx_pert,observed,0.17212868
across_replicates_same_ctx_pert,observed,0.030598782
across_replicates_same_ctx_pert,observed,0.10774282
across_replicates_same_ctx_pert,observed,0.17243262
across_replicates_same_ctx_pert,observed,0.035860203
across_replicates_same_ctx_pert,observed,0.12188952
across_replicates_same_ctx_pert,observed,-0.0044652023
across_replicates_same_ctx_pert,observed,0.027481424
across_replicates_same_ctx_pert,observed,0.028597819
across_replicates_same_ctx_pert,observed,-0.0026982191
across_replicates_same_ctx_pert,observed,0.12921944
across_replicates_same_ctx_pert,observed,-0.0015492656
across_replicates_same_ctx_pert,observed,-0.0026982191
across_replicates_same_ctx_pert,observed,-0.0015492656
across_replicates_same_ctx_pert,observed,0.011083005
across_replicates_same_ctx_pert,observed,0.15924573
across_replicates_same_ctx_pert,observed,0.01126854
across_replicates_same_ctx_pert,observed,-0.0149925165
across_replicates_same_ctx_pert,observed,0.15924573
across_replicates_same_ctx_pert,observed,-0.0149925165
across_replicates_same_ctx_pert,observed,0.006637169
across_replicates_same_ctx_pert,observed,0.16782588
across_replicates_same_ctx_pert,observed,0.012888074
across_replicates_same_ctx_pert,observed,0.117174596
across_replicates_same_ctx_pert,observed,0.18067296
across_replicates_same_ctx_pert,observed,0.008317386
across_replicates_same_ctx_pert,observed,0.070566766
across_replicates_same_ctx_pert,observed,0.16682361
across_replicates_same_ctx_pert,observed,-0.0028598388
across_replicates_same_ctx_pert,observed,0.016413912
across_replicates_same_ctx_pert,observed,0.020672461
across_replicates_same_ctx_pert,observed,0.047168873
across_replicates_same_ctx_pert,observed,0.07330672
across_replicates_same_ctx_pert,observed,0.07330672
across_replicates_same_ctx_pert,observed,0.056093134
across_replicates_same_ctx_pert,observed,0.18057926
across_replicates_same_ctx_pert,observed,0.042595964
across_replicates_same_ctx_pert,observed,-0.008246783
across_replicates_same_ctx_pert,observed,0.011847718
across_replicates_same_ctx_pert,observed,-0.014048439
across_replicates_same_ctx_pert,observed,0.1731088
across_replicates_same_ctx_pert,observed,0.022825904
across_replicates_same_ctx_pert,observed,0.025988434
across_replicates_same_ctx_pert,observed,-0.0046765916
across_replicates_same_ctx_pert,observed,0.15513845
across_replicates_same_ctx_pert,observed,-0.0046765916
across_replicates_same_ctx_pert,observed,0.045301553
across_replicates_same_ctx_pert,observed,0.039982706
across_replicates_same_ctx_pert,observed,0.061533473
across_replicates_same_ctx_pert,observed,0.23522992
across_replicates_same_ctx_pert,observed,0.039982706
across_replicates_same_ctx_pert,observed,-0.008420602
across_replicates_same_ctx_pert,observed,0.042870834
across_replicates_same_ctx_pert,observed,0.048102878
across_replicates_same_ctx_pert,observed,0.1112497
across_replicates_same_ctx_pert,observed,0.20817047
across_replicates_same_ctx_pert,observed,0.03248836
across_replicates_same_ctx_pert,observed,0.0011052171
across_replicates_same_ctx_pert,observed,0.027103418
across_replicates_same_ctx_pert,observed,0.026846565
across_replicates_same_ctx_pert,observed,0.023731356
across_replicates_same_ctx_pert,observed,0.022324905
across_replicates_same_ctx_pert,observed,0.049928028
across_replicates_same_ctx_pert,observed,0.049928028
across_replicates_same_ctx_pert,observed,0.07073273
across_replicates_same_ctx_pert,observed,-0.0016613055
across_replicates_same_ctx_pert,observed,0.05164805
across_replicates_same_ctx_pert,observed,0.11235346
across_replicates_same_ctx_pert,observed,0.07073273
across_replicates_same_ctx_pert,observed,0.033134058
across_replicates_same_ctx_pert,observed,0.021071943
across_replicates_same_ctx_pert,observed,0.021071943
across_replicates_same_ctx_pert,observed,0.17168987
across_replicates_same_ctx_pert,observed,0.11617291
across_replicates_same_ctx_pert,observed,0.122563004
across_replicates_same_ctx_pert,observed,0.020215765
across_replicates_same_ctx_pert,observed,0.07067889
across_replicates_same_ctx_pert,observed,0.013017158
across_replicates_same_ctx_pert,observed,0.010579112
across_replicates_same_ctx_pert,observed,0.1578084
across_replicates_same_ctx_pert,observed,-0.00046968993
across_replicates_same_ctx_pert,observed,0.1578084
across_replicates_same_ctx_pert,observed,0.010787087
across_replicates_same_ctx_pert,observed,0.009338149
across_replicates_same_ctx_pert,observed,0.17395043
across_replicates_same_ctx_pert,observed,0.049824674
across_replicates_same_ctx_pert,observed,0.035172362
across_replicates_same_ctx_pert,observed,0.0012022154
across_replicates_same_ctx_pert,observed,0.01023999
across_replicates_same_ctx_pert,observed,-0.012693221
across_replicates_same_ctx_pert,observed,0.056527086
across_replicates_same_ctx_pert,observed,0.046289522
across_replicates_same_ctx_pert,observed,0.031946607
across_replicates_same_ctx_pert,observed,0.07941987
across_replicates_same_ctx_pert,observed,0.07879209
across_replicates_same_ctx_pert,observed,0.07879209
across_replicates_same_ctx_pert,observed,0.045996558
across_replicates_same_ctx_pert,observed,0.013857938
across_replicates_same_ctx_pert,observed,0.05618674
across_replicates_same_ctx_pert,observed,0.012140429
across_replicates_same_ctx_pert,observed,0.033052318
across_replicates_same_ctx_pert,observed,0.011877585
across_replicates_same_ctx_pert,observed,0.0046818387
across_replicates_same_ctx_pert,observed,0.029294806
across_replicates_same_ctx_pert,observed,0.1676249
across_replicates_same_ctx_pert,observed,0.092906736
across_replicates_same_ctx_pert,observed,0.18719697
across_replicates_same_ctx_pert,observed,0.12840421
across_replicates_same_ctx_pert,observed,0.067172855
across_replicates_same_ctx_pert,observed,0.20547889
across_replicates_same_ctx_pert,observed,0.06877979
across_replicates_same_ctx_pert,observed,0.021872511
across_replicates_same_ctx_pert,observed,0.1669319
across_replicates_same_ctx_pert,observed,0.042698126
across_replicates_same_ctx_pert,observed,0.055176582
across_replicates_same_ctx_pert,observed,0.055176582
across_replicates_same_ctx_pert,observed,0.06056484
across_replicates_same_ctx_pert,observed,0.06056484
across_replicates_same_ctx_pert,observed,0.053432282
across_replicates_same_ctx_pert,observed,0.053432282
across_replicates_same_ctx_pert,observed,0.01098488
across_replicates_same_ctx_pert,observed,0.11394056
across_replicates_same_ctx_pert,observed,0.38165608
across_replicates_same_ctx_pert,observed,0.023485744
across_replicates_same_ctx_pert,observed,0.18268614
across_replicates_same_ctx_pert,observed,0.2799378
across_replicates_same_ctx_pert,observed,0.004960462
across_replicates_same_ctx_pert,observed,0.05155124
across_replicates_same_ctx_pert,observed,0.030833742
across_replicates_same_ctx_pert,observed,0.054771706
across_replicates_same_ctx_pert,observed,-0.0015258797
across_replicates_same_ctx_pert,observed,0.17773683
across_replicates_same_ctx_pert,observed,0.13587923
across_replicates_same_ctx_pert,observed,0.22295909
across_replicates_same_ctx_pert,observed,0.15461102
across_replicates_same_ctx_pert,observed,-0.012733983
across_replicates_same_ctx_pert,observed,0.041077007
across_replicates_same_ctx_pert,observed,0.023926053
across_replicates_same_ctx_pert,observed,0.31241694
across_replicates_same_ctx_pert,observed,0.3562927
across_replicates_same_ctx_pert,observed,0.021153893
across_replicates_same_ctx_pert,observed,0.04156051
across_replicates_same_ctx_pert,observed,0.0302559
across_replicates_same_ctx_pert,observed,0.027781438
across_replicates_same_ctx_pert,observed,0.19038025
across_replicates_same_ctx_pert,observed,0.021296853
across_replicates_same_ctx_pert,observed,0.047292657
across_replicates_same_ctx_pert,observed,0.021153893
across_replicates_same_ctx_pert,observed,0.022123935
across_replicates_same_ctx_pert,observed,0.031849556
across_replicates_same_ctx_pert,observed,0.031849556
across_replicates_same_ctx_pert,observed,0.031849556
across_replicates_same_ctx_pert,observed,0.0057487483
across_replicates_same_ctx_pert,observed,0.0644226
across_replicates_same_ctx_pert,observed,0.127515
across_replicates_same_ctx_pert,observed,0.0644226
across_replicates_same_ctx_pert,observed,0.035300277
across_replicates_same_ctx_pert,observed,-0.016188717
across_replicates_same_ctx_pert,observed,0.019392338
across_replicates_same_ctx_pert,observed,0.003854076
across_replicates_same_ctx_pert,observed,0.027749809
across_replicates_same_ctx_pert,observed,0.21457721
across_replicates_same_ctx_pert,observed,-0.019344848
across_replicates_same_ctx_pert,observed,0.039600447
across_replicates_same_ctx_pert,observed,0.026217923
across_replicates_same_ctx_pert,observed,0.21457721
across_replicates_same_ctx_pert,observed,0.066521816
across_replicates_same_ctx_pert,observed,0.010465451
across_replicates_same_ctx_pert,observed,0.03240737
across_replicates_same_ctx_pert,observed,0.03916012
across_replicates_same_ctx_pert,observed,0.03240737
across_replicates_same_ctx_pert,observed,0.05164316
across_replicates_same_ctx_pert,observed,0.012159663
across_replicates_same_ctx_pert,observed,0.01454929
across_replicates_same_ctx_pert,observed,0.029312138
across_replicates_same_ctx_pert,observed,-0.060983617
across_replicates_same_ctx_pert,observed,0.03490723
across_replicates_same_ctx_pert,observed,0.012986966
across_replicates_same_ctx_pert,observed,0.14914264
across_replicates_same_ctx_pert,observed,0.06409942
across_replicates_same_ctx_pert,observed,0.12163228
across_replicates_same_ctx_pert,observed,0.12163228
across_replicates_same_ctx_pert,observed,0.035126355
across_replicates_same_ctx_pert,observed,0.035126355
across_replicates_same_ctx_pert,observed,0.19058253
across_replicates_same_ctx_pert,observed,0.015969645
across_replicates_same_ctx_pert,observed,0.19908533
across_replicates_same_ctx_pert,observed,0.011929394
across_replicates_same_ctx_pert,observed,0.046923373
across_replicates_same_ctx_pert,observed,0.23551756
across_replicates_same_ctx_pert,observed,0.030712098
across_replicates_same_ctx_pert,observed,0.018643677
across_replicates_same_ctx_pert,observed,0.059759982
across_replicates_same_ctx_pert,observed,0.0017943075
across_replicates_same_ctx_pert,observed,0.12252279
across_replicates_same_ctx_pert,observed,0.17336076
across_replicates_same_ctx_pert,observed,0.039654076
across_replicates_same_ctx_pert,observed,-0.0065778974
across_replicates_same_ctx_pert,observed,0.13626179
across_replicates_same_ctx_pert,observed,0.013547152
across_replicates_same_ctx_pert,observed,0.017646814
across_replicates_same_ctx_pert,observed,0.060651913
across_replicates_same_ctx_pert,observed,0.18109721
across_replicates_same_ctx_pert,observed,0.18109721
across_replicates_same_ctx_pert,observed,0.12704691
across_replicates_same_ctx_pert,observed,0.045766816
across_replicates_same_ctx_pert,observed,0.17383413
across_replicates_same_ctx_pert,observed,0.04631655
across_replicates_same_ctx_pert,observed,0.045766816
across_replicates_same_ctx_pert,observed,0.04273411
across_replicates_same_ctx_pert,observed,0.02901523
across_replicates_same_ctx_pert,observed,0.02901523
across_replicates_same_ctx_pert,observed,0.047524713
across_replicates_same_ctx_pert,observed,0.120759405
across_replicates_same_ctx_pert,observed,0.14782734
across_replicates_same_ctx_pert,observed,0.16801918
across_replicates_same_ctx_pert,observed,0.044833384
across_replicates_same_ctx_pert,observed,0.15120012
across_replicates_same_ctx_pert,observed,0.05127496
across_replicates_same_ctx_pert,observed,0.14696738
across_replicates_same_ctx_pert,observed,-0.004511132
across_replicates_same_ctx_pert,observed,0.01305666
across_replicates_same_ctx_pert,observed,-0.004511132
across_replicates_same_ctx_pert,observed,0.14696738
across_replicates_same_ctx_pert,observed,0.018012833
across_replicates_same_ctx_pert,observed,0.08511454
across_replicates_same_ctx_pert,observed,0.16030242
across_replicates_same_ctx_pert,observed,0.032213442
across_replicates_same_ctx_pert,observed,0.010882424
across_replicates_same_ctx_pert,observed,0.05187322
across_replicates_same_ctx_pert,observed,0.16030242
across_replicates_same_ctx_pert,observed,0.010882424
across_replicates_same_ctx_pert,observed,0.00908452
across_replicates_same_ctx_pert,observed,0.12313135
across_replicates_same_ctx_pert,observed,0.16936366
across_replicates_same_ctx_pert,observed,0.17744873
across_replicates_same_ctx_pert,observed,-0.002466114
across_replicates_same_ctx_pert,observed,-0.006222984
across_replicates_same_ctx_pert,observed,0.009610728
across_replicates_same_ctx_pert,observed,-0.002466114
across_replicates_same_ctx_pert,observed,0.026373306
across_replicates_same_ctx_pert,observed,0.044968348
across_replicates_same_ctx_pert,observed,0.029021809
across_replicates_same_ctx_pert,observed,0.07523664
across_replicates_same_ctx_pert,observed,0.055254515
across_replicates_same_ctx_pert,observed,0.16288878
across_replicates_same_ctx_pert,observed,0.029021809
across_replicates_same_ctx_pert,observed,-0.008820019
across_replicates_same_ctx_pert,observed,0.027477844
across_replicates_same_ctx_pert,observed,0.0014109005
across_replicates_same_ctx_pert,observed,0.024246672
across_replicates_same_ctx_pert,observed,-0.008820019
across_replicates_same_ctx_pert,observed,0.04155606
across_replicates_same_ctx_pert,observed,0.017319266
across_replicates_same_ctx_pert,observed,0.03802569
across_replicates_same_ctx_pert,observed,0.017319266
across_replicates_same_ctx_pert,observed,0.0098084435
across_replicates_same_ctx_pert,observed,0.06879215
across_replicates_same_ctx_pert,observed,0.14773072
across_replicates_same_ctx_pert,observed,0.018365145
across_replicates_same_ctx_pert,observed,0.0353476
across_replicates_same_ctx_pert,observed,0.3059138
across_replicates_same_ctx_pert,observed,0.068632044
across_replicates_same_ctx_pert,observed,0.018213123
across_replicates_same_ctx_pert,observed,0.03487955
across_replicates_same_ctx_pert,observed,0.2088413
across_replicates_same_ctx_pert,observed,0.045675505
across_replicates_same_ctx_pert,observed,0.040861443
across_replicates_same_ctx_pert,observed,0.13232882
across_replicates_same_ctx_pert,observed,0.033931725
across_replicates_same_ctx_pert,observed,-0.012457183
across_replicates_same_ctx_pert,observed,0.16903886
across_replicates_same_ctx_pert,observed,0.029942358
across_replicates_same_ctx_pert,observed,0.029942358
across_replicates_same_ctx_pert,observed,0.0466354
across_replicates_same_ctx_pert,observed,0.0047827046
across_replicates_same_ctx_pert,observed,0.016064921
across_replicates_same_ctx_pert,observed,0.05150512
across_replicates_same_ctx_pert,observed,0.035871033
across_replicates_same_ctx_pert,observed,0.029375268
across_replicates_same_ctx_pert,observed,0.016064921
across_replicates_same_ctx_pert,observed,0.041762155
across_replicates_same_ctx_pert,observed,0.117458396
across_replicates_same_ctx_pert,observed,0.016662475
across_replicates_same_ctx_pert,observed,0.0318487
across_replicates_same_ctx_pert,observed,0.048786987
across_replicates_same_ctx_pert,observed,0.10988783
across_replicates_same_ctx_pert,observed,0.046935156
across_replicates_same_ctx_pert,observed,0.046935156
across_replicates_same_ctx_pert,observed,0.046935156
across_replicates_same_ctx_pert,observed,0.027956048
across_replicates_same_ctx_pert,observed,0.008516934
across_replicates_same_ctx_pert,observed,0.010979764
across_replicates_same_ctx_pert,observed,0.12040266
across_replicates_same_ctx_pert,observed,0.017941697
across_replicates_same_ctx_pert,observed,0.117214315
across_replicates_same_ctx_pert,observed,0.10556789
across_replicates_same_ctx_pert,observed,0.004379774
across_replicates_same_ctx_pert,observed,0.15107742
across_replicates_same_ctx_pert,observed,0.02199001
across_replicates_same_ctx_pert,observed,0.055505134
across_replicates_same_ctx_pert,observed,0.12924278
across_replicates_same_ctx_pert,observed,0.007524005
across_replicates_same_ctx_pert,observed,0.05803294
across_replicates_same_ctx_pert,observed,0.06041208
across_replicates_same_ctx_pert,observed,0.058741346
across_replicates_same_ctx_pert,observed,0.13807508
across_replicates_same_ctx_pert,observed,0.030775033
across_replicates_same_ctx_pert,observed,0.046266317
across_replicates_same_ctx_pert,observed,0.030498287
across_replicates_same_ctx_pert,observed,0.031501718
across_replicates_same_ctx_pert,observed,0.030498287
across_replicates_same_ctx_pert,observed,0.06402843
across_replicates_same_ctx_pert,observed,0.16885886
across_replicates_same_ctx_pert,observed,0.11067033
across_replicates_same_ctx_pert,observed,0.06863939
across_replicates_same_ctx_pert,observed,0.15320824
across_replicates_same_ctx_pert,observed,0.17181969
across_replicates_same_ctx_pert,observed,0.14459953
across_replicates_same_ctx_pert,observed,0.0049199527
across_replicates_same_ctx_pert,observed,0.14459953
across_replicates_same_ctx_pert,observed,0.0029007732
across_replicates_same_ctx_pert,observed,0.11743931
across_replicates_same_ctx_pert,observed,0.113493174
across_replicates_same_ctx_pert,observed,0.13892214
across_replicates_same_ctx_pert,observed,0.09212154
across_replicates_same_ctx_pert,observed,0.2445819
across_replicates_same_ctx_pert,observed,0.14964469
across_replicates_same_ctx_pert,observed,0.02021986
across_replicates_same_ctx_pert,observed,-0.04488555
across_replicates_same_ctx_pert,observed,0.03872474
across_replicates_same_ctx_pert,observed,0.02021986
across_replicates_same_ctx_pert,observed,0.03872474
across_replicates_same_ctx_pert,observed,0.15681085
across_replicates_same_ctx_pert,observed,0.21042526
across_replicates_same_ctx_pert,observed,0.037797976
across_replicates_same_ctx_pert,observed,0.043728486
across_replicates_same_ctx_pert,observed,0.034955468
across_replicates_same_ctx_pert,observed,0.028589953
across_replicates_same_ctx_pert,observed,0.03482285
across_replicates_same_ctx_pert,observed,0.19301285
across_replicates_same_ctx_pert,observed,0.19214708
across_replicates_same_ctx_pert,observed,0.0068467176
across_replicates_same_ctx_pert,observed,0.19214708
across_replicates_same_ctx_pert,observed,0.044445954
across_replicates_same_ctx_pert,observed,0.03405564
across_replicates_same_ctx_pert,observed,0.039853256
across_replicates_same_ctx_pert,observed,0.048946176
across_replicates_same_ctx_pert,observed,0.058298644
across_replicates_same_ctx_pert,observed,0.048946176
across_replicates_same_ctx_pert,observed,0.036000043
across_replicates_same_ctx_pert,observed,0.009592352
across_replicates_same_ctx_pert,observed,0.1308149
across_replicates_same_ctx_pert,observed,-0.02231644
across_replicates_same_ctx_pert,observed,0.1308149
across_replicates_same_ctx_pert,observed,0.009592352
across_replicates_same_ctx_pert,observed,0.0328105
across_replicates_same_ctx_pert,observed,0.18600006
across_replicates_same_ctx_pert,observed,0.028548125
across_replicates_same_ctx_pert,observed,-0.0073834155
across_replicates_same_ctx_pert,observed,0.13630296
across_replicates_same_ctx_pert,observed,0.018298455
across_replicates_same_ctx_pert,observed,0.16934453
across_replicates_same_ctx_pert,observed,0.037333604
across_replicates_same_ctx_pert,observed,0.16934453
across_replicates_same_ctx_pert,observed,0.18496482
across_replicates_same_ctx_pert,observed,0.028143246
across_replicates_same_ctx_pert,observed,0.016344797
across_replicates_same_ctx_pert,observed,0.016297475
across_replicates_same_ctx_pert,observed,0.19609149
across_replicates_same_ctx_pert,observed,0.0056684953
across_replicates_same_ctx_pert,observed,0.0056684953
across_replicates_same_ctx_pert,observed,0.19609149
across_replicates_same_ctx_pert,observed,0.0056684953
across_replicates_same_ctx_pert,observed,0.13682832
across_replicates_same_ctx_pert,observed,0.17102453
across_replicates_same_ctx_pert,observed,0.042128813
across_replicates_same_ctx_pert,observed,0.17102453
across_replicates_same_ctx_pert,observed,0.13682832
across_replicates_same_ctx_pert,observed,0.017878024
across_replicates_same_ctx_pert,observed,0.056721445
across_replicates_same_ctx_pert,observed,0.055462703
across_replicates_same_ctx_pert,observed,-0.0060558603
across_replicates_same_ctx_pert,observed,0.055462703
across_replicates_same_ctx_pert,observed,0.18240178
across_replicates_same_ctx_pert,observed,0.02813015
across_replicates_same_ctx_pert,observed,0.18240178
across_replicates_same_ctx_pert,observed,0.28901938
across_replicates_same_ctx_pert,observed,0.28901938
across_replicates_same_ctx_pert,observed,0.09972094
across_replicates_same_ctx_pert,observed,0.013710754
across_replicates_same_ctx_pert,observed,0.13906452
across_replicates_same_ctx_pert,observed,0.0054116263
across_replicates_same_ctx_pert,observed,0.20634134
across_replicates_same_ctx_pert,observed,0.041037884
across_replicates_same_ctx_pert,observed,0.21993482
across_replicates_same_ctx_pert,observed,0.19671886
across_replicates_same_ctx_pert,observed,0.04983208
across_replicates_same_ctx_pert,observed,-0.017747182
across_replicates_same_ctx_pert,observed,0.07748972
across_replicates_same_ctx_pert,observed,0.14766066
across_replicates_same_ctx_pert,observed,0.14766066
across_replicates_same_ctx_pert,observed,0.054094072
across_replicates_same_ctx_pert,observed,0.014229144
across_replicates_same_ctx_pert,observed,0.00926459
across_replicates_same_ctx_pert,observed,-0.0036437372
across_replicates_same_ctx_pert,observed,0.013224654
across_replicates_same_ctx_pert,observed,0.016798608
across_replicates_same_ctx_pert,observed,0.16506726
across_replicates_same_ctx_pert,observed,-0.0059446236
across_replicates_same_ctx_pert,observed,0.14219402
across_replicates_same_ctx_pert,observed,0.025402386
across_replicates_same_ctx_pert,observed,0.011049804
across_replicates_same_ctx_pert,observed,0.032603923
across_replicates_same_ctx_pert,observed,-0.040287454
across_replicates_same_ctx_pert,observed,0.037819523
across_replicates_same_ctx_pert,observed,0.045937445
across_replicates_same_ctx_pert,observed,0.033216532
across_replicates_same_ctx_pert,observed,0.033216532
across_replicates_same_ctx_pert,observed,0.04459247
across_replicates_same_ctx_pert,observed,-0.013960875
across_replicates_same_ctx_pert,observed,0.036087435
across_replicates_same_ctx_pert,observed,0.10494734
across_replicates_same_ctx_pert,observed,-0.0026715745
across_replicates_same_ctx_pert,observed,-0.0026018813
across_replicates_same_ctx_pert,observed,0.04795954
across_replicates_same_ctx_pert,observed,0.024290795
across_replicates_same_ctx_pert,observed,0.0231216
across_replicates_same_ctx_pert,observed,0.19246444
across_replicates_same_ctx_pert,observed,0.047908444
across_replicates_same_ctx_pert,observed,-0.038388018
across_replicates_same_ctx_pert,observed,0.049645856
across_replicates_same_ctx_pert,observed,0.040241286
across_replicates_same_ctx_pert,observed,-0.019293169
across_replicates_same_ctx_pert,observed,-0.02316943
across_replicates_same_ctx_pert,observed,0.046743877
across_replicates_same_ctx_pert,observed,0.045209806
across_replicates_same_ctx_pert,observed,0.07512599
across_replicates_same_ctx_pert,observed,0.045209806
across_replicates_same_ctx_pert,observed,0.024085099
across_replicates_same_ctx_pert,observed,0.01601443
across_replicates_same_ctx_pert,observed,-0.010332491
across_replicates_same_ctx_pert,observed,0.15346599
across_replicates_same_ctx_pert,observed,0.056588963
across_replicates_same_ctx_pert,observed,0.12976068
across_replicates_same_ctx_pert,observed,0.080934726
across_replicates_same_ctx_pert,observed,0.045663442
across_replicates_same_ctx_pert,observed,0.19728193
across_replicates_same_ctx_pert,observed,0.067676805
across_replicates_same_ctx_pert,observed,0.13307332
across_replicates_same_ctx_pert,observed,0.018413382
across_replicates_same_ctx_pert,observed,0.19325317
across_replicates_same_ctx_pert,observed,0.03276326
across_replicates_same_ctx_pert,observed,0.05638271
across_replicates_same_ctx_pert,observed,0.040341582
across_replicates_same_ctx_pert,observed,0.14087851
across_replicates_same_ctx_pert,observed,0.02375839
across_replicates_same_ctx_pert,observed,0.047858167
across_replicates_same_ctx_pert,observed,0.038286746
across_replicates_same_ctx_pert,observed,0.06378754
across_replicates_same_ctx_pert,observed,0.06378754
across_replicates_same_ctx_pert,observed,0.04368279
across_replicates_same_ctx_pert,observed,0.03799735
across_replicates_same_ctx_pert,observed,0.03799735
across_replicates_same_ctx_pert,observed,0.16041745
across_replicates_same_ctx_pert,observed,0.04561181
across_replicates_same_ctx_pert,observed,0.03799735
across_replicates_same_ctx_pert,observed,-0.010064059
across_replicates_same_ctx_pert,observed,0.11871817
across_replicates_same_ctx_pert,observed,0.19973226
across_replicates_same_ctx_pert,observed,0.022385584
across_replicates_same_ctx_pert,observed,0.013055189
across_replicates_same_ctx_pert,observed,0.031540018
across_replicates_same_ctx_pert,observed,0.020390911
across_replicates_same_ctx_pert,observed,-0.035079084
across_replicates_same_ctx_pert,observed,0.10400817
across_replicates_same_ctx_pert,observed,0.14806299
across_replicates_same_ctx_pert,observed,0.03781791
across_replicates_same_ctx_pert,observed,0.021189928
across_replicates_same_ctx_pert,observed,0.121963285
across_replicates_same_ctx_pert,observed,0.037772536
across_replicates_same_ctx_pert,observed,0.0033045432
across_replicates_same_ctx_pert,observed,0.022683017
across_replicates_same_ctx_pert,observed,0.022683017
across_replicates_same_ctx_pert,observed,0.061100762
across_replicates_same_ctx_pert,observed,0.1517028
across_replicates_same_ctx_pert,observed,0.02104832
across_replicates_same_ctx_pert,observed,0.028318105
across_replicates_same_ctx_pert,observed,0.032745276
across_replicates_same_ctx_pert,observed,0.03884673
across_replicates_same_ctx_pert,observed,-0.008628449
across_replicates_same_ctx_pert,observed,0.10732029
across_replicates_same_ctx_pert,observed,-0.008628449
across_replicates_same_ctx_pert,observed,0.0050523113
across_replicates_same_ctx_pert,observed,0.16543446
across_replicates_same_ctx_pert,observed,0.16755375
across_replicates_same_ctx_pert,observed,0.016337616
across_replicates_same_ctx_pert,observed,0.020358458
across_replicates_same_ctx_pert,observed,-0.0039084195
across_replicates_same_ctx_pert,observed,0.15561634
across_replicates_same_ctx_pert,observed,0.14610733
across_replicates_same_ctx_pert,observed,0.0011023439
across_replicates_same_ctx_pert,observed,0.0011023439
across_replicates_same_ctx_pert,observed,-0.00024984553
across_replicates_same_ctx_pert,observed,0.031602126
across_replicates_same_ctx_pert,observed,0.16103274
across_replicates_same_ctx_pert,observed,0.009765747
across_replicates_same_ctx_pert,observed,0.034504376
across_replicates_same_ctx_pert,observed,0.06364367
across_replicates_same_ctx_pert,observed,0.0021622072
across_replicates_same_ctx_pert,observed,0.1800593
across_replicates_same_ctx_pert,observed,0.12871203
across_replicates_same_ctx_pert,observed,0.029595343
across_replicates_same_ctx_pert,observed,0.03948854
across_replicates_same_ctx_pert,observed,0.123391315
across_replicates_same_ctx_pert,observed,0.016585475
across_replicates_same_ctx_pert,observed,-0.016472695
across_replicates_same_ctx_pert,observed,0.22570314
across_replicates_same_ctx_pert,observed,0.0071660024
across_replicates_same_ctx_pert,observed,0.0029537764
across_replicates_same_ctx_pert,observed,0.017880544
across_replicates_same_ctx_pert,observed,0.016615141
across_replicates_same_ctx_pert,observed,0.03365037
across_replicates_same_ctx_pert,observed,0.014792571
across_replicates_same_ctx_pert,observed,0.039247483
across_replicates_same_ctx_pert,observed,0.101476446
across_replicates_same_ctx_pert,observed,0.04737542
across_replicates_same_ctx_pert,observed,0.05135706
across_replicates_same_ctx_pert,observed,0.06885772
across_replicates_same_ctx_pert,observed,0.059786785
across_replicates_same_ctx_pert,observed,0.11045212
across_replicates_same_ctx_pert,observed,-0.0041693067
across_replicates_same_ctx_pert,observed,-0.0041693067
across_replicates_same_ctx_pert,observed,0.14713524
across_replicates_same_ctx_pert,observed,-0.003942015
across_replicates_same_ctx_pert,observed,-0.0022157219
across_replicates_same_ctx_pert,observed,0.0054021585
across_replicates_same_ctx_pert,observed,0.017511558
across_replicates_same_ctx_pert,observed,0.03585526
across_replicates_same_ctx_pert,observed,0.063368216
across_replicates_same_ctx_pert,observed,0.03324226
across_replicates_same_ctx_pert,observed,0.24861693
across_replicates_same_ctx_pert,observed,0.0036100966
across_replicates_same_ctx_pert,observed,0.14077257
across_replicates_same_ctx_pert,observed,0.045006618
across_replicates_same_ctx_pert,observed,0.013849304
across_replicates_same_ctx_pert,observed,0.03945343
across_replicates_same_ctx_pert,observed,0.14835922
across_replicates_same_ctx_pert,observed,0.045904964
across_replicates_same_ctx_pert,observed,0.14835922
across_replicates_same_ctx_pert,observed,0.01116524
across_replicates_same_ctx_pert,observed,0.12574132
across_replicates_same_ctx_pert,observed,0.06375183
across_replicates_same_ctx_pert,observed,-0.011127912
across_replicates_same_ctx_pert,observed,0.0061277268
across_replicates_same_ctx_pert,observed,0.12533851
across_replicates_same_ctx_pert,observed,0.0045574033
across_replicates_same_ctx_pert,observed,-0.0064053875
across_replicates_same_ctx_pert,observed,0.12674733
across_replicates_same_ctx_pert,observed,0.1288655
across_replicates_same_ctx_pert,observed,0.21493086
across_replicates_same_ctx_pert,observed,0.0699167
across_replicates_same_ctx_pert,observed,0.1675236
across_replicates_same_ctx_pert,observed,0.0699167
across_replicates_same_ctx_pert,observed,0.0019540037
across_replicates_same_ctx_pert,observed,0.1738699
across_replicates_same_ctx_pert,observed,-0.009454953
across_replicates_same_ctx_pert,observed,0.05857049
across_replicates_same_ctx_pert,observed,0.12458973
across_replicates_same_ctx_pert,observed,0.07628949
across_replicates_same_ctx_pert,observed,0.017379941
across_replicates_same_ctx_pert,observed,-0.022249764
across_replicates_same_ctx_pert,observed,0.07628949
across_replicates_same_ctx_pert,observed,0.18067774
across_replicates_same_ctx_pert,observed,0.13553491
across_replicates_same_ctx_pert,observed,0.04191027
across_replicates_same_ctx_pert,observed,0.13553491
across_replicates_same_ctx_pert,observed,-0.006111073
across_replicates_same_ctx_pert,observed,0.013813604
across_replicates_same_ctx_pert,observed,0.024682859
across_replicates_same_ctx_pert,observed,0.043732114
across_replicates_same_ctx_pert,observed,0.024682859
across_replicates_same_ctx_pert,observed,0.20504823
across_replicates_same_ctx_pert,observed,0.05796147
across_replicates_same_ctx_pert,observed,0.05796147
across_replicates_same_ctx_pert,observed,0.029986463
across_replicates_same_ctx_pert,observed,0.04577351
across_replicates_same_ctx_pert,observed,0.04577351
across_replicates_same_ctx_pert,observed,0.008963635
across_replicates_same_ctx_pert,observed,0.19749033
across_replicates_same_ctx_pert,observed,0.020703563
across_replicates_same_ctx_pert,observed,0.07892854
across_replicates_same_ctx_pert,observed,0.0178574
across_replicates_same_ctx_pert,observed,0.009631739
across_replicates_same_ctx_pert,observed,0.16005257
across_replicates_same_ctx_pert,observed,0.06955715
across_replicates_same_ctx_pert,observed,0.11417703
across_replicates_same_ctx_pert,observed,0.11417703
across_replicates_same_ctx_pert,observed,0.025960445
across_replicates_same_ctx_pert,observed,0.105283454
across_replicates_same_ctx_pert,observed,0.070319705
across_replicates_same_ctx_pert,observed,0.012714692
across_replicates_same_ctx_pert,observed,0.0015225244
across_replicates_same_ctx_pert,observed,-0.0012523576
across_replicates_same_ctx_pert,observed,0.0135632735
across_replicates_same_ctx_pert,observed,0.14402609
across_replicates_same_ctx_pert,observed,0.032761954
across_replicates_same_ctx_pert,observed,0.14567855
across_replicates_same_ctx_pert,observed,0.11757245
across_replicates_same_ctx_pert,observed,0.14567855
across_replicates_same_ctx_pert,observed,0.15453285
across_replicates_same_ctx_pert,observed,0.15453285
across_replicates_same_ctx_pert,observed,0.043336794
across_replicates_same_ctx_pert,observed,0.048334744
across_replicates_same_ctx_pert,observed,0.019337216
across_replicates_same_ctx_pert,observed,0.011103611
across_replicates_same_ctx_pert,observed,0.06985946
across_replicates_same_ctx_pert,observed,0.011103611
across_replicates_same_ctx_pert,observed,0.17025766
across_replicates_same_ctx_pert,observed,0.0568405
across_replicates_same_ctx_pert,observed,0.04289324
across_replicates_same_ctx_pert,observed,-0.009827202
across_replicates_same_ctx_pert,observed,0.0568405
across_replicates_same_ctx_pert,observed,0.18900181
across_replicates_same_ctx_pert,observed,0.18900181
across_replicates_same_ctx_pert,observed,-0.009827202
across_replicates_same_ctx_pert,observed,0.05947346
across_replicates_same_ctx_pert,observed,0.09487608
across_replicates_same_ctx_pert,observed,0.14259456
across_replicates_same_ctx_pert,observed,0.15126377
across_replicates_same_ctx_pert,observed,0.10822591
across_replicates_same_ctx_pert,observed,0.2516797
across_replicates_same_ctx_pert,observed,0.27369457
across_replicates_same_ctx_pert,observed,0.05829473
across_replicates_same_ctx_pert,observed,0.01243875
across_replicates_same_ctx_pert,observed,0.06704933
across_replicates_same_ctx_pert,observed,0.13607906
across_replicates_same_ctx_pert,observed,0.01243875
across_replicates_same_ctx_pert,observed,-0.019964345
across_replicates_same_ctx_pert,observed,0.045409348
across_replicates_same_ctx_pert,observed,0.016641065
across_replicates_same_ctx_pert,observed,0.124665596
across_replicates_same_ctx_pert,observed,0.013079126
across_replicates_same_ctx_pert,observed,0.05362413
across_replicates_same_ctx_pert,observed,0.109800465
across_replicates_same_ctx_pert,observed,0.020710515
across_replicates_same_ctx_pert,observed,0.00702966
across_replicates_same_ctx_pert,observed,0.010225991
across_replicates_same_ctx_pert,observed,0.14189935
across_replicates_same_ctx_pert,observed,0.0049460568
across_replicates_same_ctx_pert,observed,0.020479908
across_replicates_same_ctx_pert,observed,0.017599234
across_replicates_same_ctx_pert,observed,0.009816938
across_replicates_same_ctx_pert,observed,0.033977296
across_replicates_same_ctx_pert,observed,0.009008746
across_replicates_same_ctx_pert,observed,0.011126588
across_replicates_same_ctx_pert,observed,0.025428914
across_replicates_same_ctx_pert,observed,0.020859715
across_replicates_same_ctx_pert,observed,-0.00089434645
across_replicates_same_ctx_pert,observed,0.08867659
across_replicates_same_ctx_pert,observed,0.015844887
across_replicates_same_ctx_pert,observed,-0.0093345875
across_replicates_same_ctx_pert,observed,0.016432816
across_replicates_same_ctx_pert,observed,0.03963632
across_replicates_same_ctx_pert,observed,0.17677772
across_replicates_same_ctx_pert,observed,0.021907872
across_replicates_same_ctx_pert,observed,-0.01934982
across_replicates_same_ctx_pert,observed,0.030599255
across_replicates_same_ctx_pert,observed,0.1508049
across_replicates_same_ctx_pert,observed,-0.0005776476
across_replicates_same_ctx_pert,observed,0.030521352
across_replicates_same_ctx_pert,observed,0.02595978
across_replicates_same_ctx_pert,observed,0.007843736
across_replicates_same_ctx_pert,observed,0.11841999
across_replicates_same_ctx_pert,observed,0.007843736
across_replicates_same_ctx_pert,observed,0.047478527
across_replicates_same_ctx_pert,observed,0.047478527
across_replicates_same_ctx_pert,observed,0.027275734
across_replicates_same_ctx_pert,observed,0.13281226
across_replicates_same_ctx_pert,observed,0.0064864387
across_replicates_same_ctx_pert,observed,-0.008259941
across_replicates_same_ctx_pert,observed,0.012525997
across_replicates_same_ctx_pert,observed,0.09395954
across_replicates_same_ctx_pert,observed,0.11401999
across_replicates_same_ctx_pert,observed,0.03913889
across_replicates_same_ctx_pert,observed,0.13742083
across_replicates_same_ctx_pert,observed,0.13742083
across_replicates_same_ctx_pert,observed,-0.010594434
across_replicates_same_ctx_pert,observed,0.11936801
across_replicates_same_ctx_pert,observed,0.15084608
across_replicates_same_ctx_pert,observed,0.027717961
across_replicates_same_ctx_pert,observed,0.064788796
across_replicates_same_ctx_pert,observed,0.028325772
across_replicates_same_ctx_pert,observed,-0.02824767
across_replicates_same_ctx_pert,observed,0.14308448
across_replicates_same_ctx_pert,observed,0.18462718
across_replicates_same_ctx_pert,observed,-0.0063785757
across_replicates_same_ctx_pert,observed,0.14400819
across_replicates_same_ctx_pert,observed,0.072377935
across_replicates_same_ctx_pert,observed,-0.013551807
across_replicates_same_ctx_pert,observed,0.009588839
across_replicates_same_ctx_pert,observed,0.11093551
across_replicates_same_ctx_pert,observed,0.0031199271
across_replicates_same_ctx_pert,observed,0.027037054
across_replicates_same_ctx_pert,observed,0.022301251
across_replicates_same_ctx_pert,observed,0.00966776
across_replicates_same_ctx_pert,observed,0.15934342
across_replicates_same_ctx_pert,observed,0.014791471
across_replicates_same_ctx_pert,observed,0.014791471
across_replicates_same_ctx_pert,observed,0.06597479
across_replicates_same_ctx_pert,observed,0.012601818
across_replicates_same_ctx_pert,observed,0.20863289
across_replicates_same_ctx_pert,observed,0.018763851
across_replicates_same_ctx_pert,observed,0.040419783
across_replicates_same_ctx_pert,observed,0.050053652
across_replicates_same_ctx_pert,observed,0.18585482
across_replicates_same_ctx_pert,observed,0.06412684
across_replicates_same_ctx_pert,observed,0.10905857
across_replicates_same_ctx_pert,observed,0.0315979
across_replicates_same_ctx_pert,observed,-0.03663409
across_replicates_same_ctx_pert,observed,0.021913774
across_replicates_same_ctx_pert,observed,0.13935266
across_replicates_same_ctx_pert,observed,0.05396528
across_replicates_same_ctx_pert,observed,0.011172548
across_replicates_same_ctx_pert,observed,0.0986717
across_replicates_same_ctx_pert,observed,0.14216918
across_replicates_same_ctx_pert,observed,0.0421976
across_replicates_same_ctx_pert,observed,0.07413949
across_replicates_same_ctx_pert,observed,0.062347982
across_replicates_same_ctx_pert,observed,0.062347982
across_replicates_same_ctx_pert,observed,0.016218754
across_replicates_same_ctx_pert,observed,0.1323697
across_replicates_same_ctx_pert,observed,0.016218754
across_replicates_same_ctx_pert,observed,0.019276608
across_replicates_same_ctx_pert,observed,0.14513876
across_replicates_same_ctx_pert,observed,0.089455344
across_replicates_same_ctx_pert,observed,0.14417541
across_replicates_same_ctx_pert,observed,0.044317055
across_replicates_same_ctx_pert,observed,0.15205668
across_replicates_same_ctx_pert,observed,0.012872388
across_replicates_same_ctx_pert,observed,-0.007560941
across_replicates_same_ctx_pert,observed,0.067024976
across_replicates_same_ctx_pert,observed,0.044222705
across_replicates_same_ctx_pert,observed,0.03888709
across_replicates_same_ctx_pert,observed,0.092774
across_replicates_same_ctx_pert,observed,0.0888917
across_replicates_same_ctx_pert,observed,0.025784815
across_replicates_same_ctx_pert,observed,0.004024428
across_replicates_same_ctx_pert,observed,0.025784815
across_replicates_same_ctx_pert,observed,0.03796664
across_replicates_same_ctx_pert,observed,0.03668254
across_replicates_same_ctx_pert,observed,0.025784815
across_replicates_same_ctx_pert,observed,0.0316111
across_replicates_same_ctx_pert,observed,0.2194735
across_replicates_same_ctx_pert,observed,0.069965206
across_replicates_same_ctx_pert,observed,0.22218044
across_replicates_same_ctx_pert,observed,0.055876892
across_replicates_same_ctx_pert,observed,0.059149608
across_replicates_same_ctx_pert,observed,0.2194735
across_replicates_same_ctx_pert,observed,0.06583255
across_replicates_same_ctx_pert,observed,0.012033401
across_replicates_same_ctx_pert,observed,0.1298343
across_replicates_same_ctx_pert,observed,0.1274683
across_replicates_same_ctx_pert,observed,0.05570979
across_replicates_same_ctx_pert,observed,-0.018686045
across_replicates_same_ctx_pert,observed,0.060070384
across_replicates_same_ctx_pert,observed,0.13569087
across_replicates_same_ctx_pert,observed,-0.018686045
across_replicates_same_ctx_pert,observed,0.020685872
across_replicates_same_ctx_pert,observed,0.022782626
across_replicates_same_ctx_pert,observed,0.003330696
across_replicates_same_ctx_pert,observed,0.01790213
across_replicates_same_ctx_pert,observed,0.18599224
across_replicates_same_ctx_pert,observed,0.004173456
across_replicates_same_ctx_pert,observed,0.004173456
across_replicates_same_ctx_pert,observed,0.13861282
across_replicates_same_ctx_pert,observed,0.021837445
across_replicates_same_ctx_pert,observed,0.054650847
across_replicates_same_ctx_pert,observed,-0.022490691
across_replicates_same_ctx_pert,observed,0.021837445
across_replicates_same_ctx_pert,observed,0.18591504
across_replicates_same_ctx_pert,observed,0.0356606
across_replicates_same_ctx_pert,observed,0.04196958
across_replicates_same_ctx_pert,observed,0.04853626
across_replicates_same_ctx_pert,observed,0.04853626
across_replicates_same_ctx_pert,observed,0.19334868
across_replicates_same_ctx_pert,observed,0.19334868
across_replicates_same_ctx_pert,observed,-0.0010018364
across_replicates_same_ctx_pert,observed,-0.010305078
across_replicates_same_ctx_pert,observed,0.13040064
across_replicates_same_ctx_pert,observed,0.0030765499
across_replicates_same_ctx_pert,observed,-0.0021726154
across_replicates_same_ctx_pert,observed,0.025371036
across_replicates_same_ctx_pert,observed,0.16874819
across_replicates_same_ctx_pert,observed,0.006917271
across_replicates_same_ctx_pert,observed,0.031218592
across_replicates_same_ctx_pert,observed,0.050507173
across_replicates_same_ctx_pert,observed,0.007839421
across_replicates_same_ctx_pert,observed,0.039988972
across_replicates_same_ctx_pert,observed,0.14925131
across_replicates_same_ctx_pert,observed,0.051112507
across_replicates_same_ctx_pert,observed,0.051112507
across_replicates_same_ctx_pert,observed,0.03442531
across_replicates_same_ctx_pert,observed,-0.019297019
across_replicates_same_ctx_pert,observed,0.1329344
across_replicates_same_ctx_pert,observed,0.1329344
across_replicates_same_ctx_pert,observed,0.019704405
across_replicates_same_ctx_pert,observed,0.0346586
across_replicates_same_ctx_pert,observed,0.015728548
across_replicates_same_ctx_pert,observed,0.05758667
across_replicates_same_ctx_pert,observed,0.06341862
across_replicates_same_ctx_pert,observed,0.15287179
across_replicates_same_ctx_pert,observed,0.010973744
across_replicates_same_ctx_pert,observed,0.06341862
across_replicates_same_ctx_pert,observed,0.033514448
across_replicates_same_ctx_pert,observed,0.01393904
across_replicates_same_ctx_pert,observed,0.05968753
across_replicates_same_ctx_pert,observed,0.13198419
across_replicates_same_ctx_pert,observed,0.028879002
across_replicates_same_ctx_pert,observed,0.016791914
across_replicates_same_ctx_pert,observed,0.051498625
across_replicates_same_ctx_pert,observed,0.016791914
across_replicates_same_ctx_pert,observed,0.054020908
across_replicates_same_ctx_pert,observed,0.15341792
across_replicates_same_ctx_pert,observed,0.0054384186
across_replicates_same_ctx_pert,observed,0.0823447
across_replicates_same_ctx_pert,observed,0.1032919
across_replicates_same_ctx_pert,observed,0.1032919
across_replicates_same_ctx_pert,observed,0.048607953
across_replicates_same_ctx_pert,observed,0.011518498
across_replicates_same_ctx_pert,observed,0.046030033
across_replicates_same_ctx_pert,observed,0.005492968
across_replicates_same_ctx_pert,observed,0.03667711
across_replicates_same_ctx_pert,observed,0.0687664
across_replicates_same_ctx_pert,observed,0.095543586
across_replicates_same_ctx_pert,observed,0.012068168
across_replicates_same_ctx_pert,observed,0.010818763
across_replicates_same_ctx_pert,observed,-0.002220493
across_replicates_same_ctx_pert,observed,0.019204732
across_replicates_same_ctx_pert,observed,0.016300822
across_replicates_same_ctx_pert,observed,-0.002220493
across_replicates_same_ctx_pert,observed,0.04049612
across_replicates_same_ctx_pert,observed,0.010818763
across_replicates_same_ctx_pert,observed,-0.015836151
across_replicates_same_ctx_pert,observed,0.019140365
across_replicates_same_ctx_pert,observed,0.044671424
across_replicates_same_ctx_pert,observed,0.14197636
across_replicates_same_ctx_pert,observed,0.03153925
across_replicates_same_ctx_pert,observed,-0.0033090212
across_replicates_same_ctx_pert,observed,0.022789704
across_replicates_same_ctx_pert,observed,-0.014942647
across_replicates_same_ctx_pert,observed,-0.008464536
across_replicates_same_ctx_pert,observed,0.11212347
across_replicates_same_ctx_pert,observed,0.038561117
across_replicates_same_ctx_pert,observed,0.0412814
across_replicates_same_ctx_pert,observed,0.020262819
across_replicates_same_ctx_pert,observed,0.050071996
across_replicates_same_ctx_pert,observed,0.18647717
across_replicates_same_ctx_pert,observed,0.16398384
across_replicates_same_ctx_pert,observed,0.0227177
across_replicates_same_ctx_pert,observed,0.03332583
across_replicates_same_ctx_pert,observed,0.03332583
across_replicates_same_ctx_pert,observed,0.015108523
across_replicates_same_ctx_pert,observed,0.11709041
across_replicates_same_ctx_pert,observed,0.010258738
across_replicates_same_ctx_pert,observed,0.015108523
across_replicates_same_ctx_pert,observed,-0.016665211
across_replicates_same_ctx_pert,observed,0.03990829
across_replicates_same_ctx_pert,observed,0.03802252
across_replicates_same_ctx_pert,observed,0.0083584245
across_replicates_same_ctx_pert,observed,0.12615189
across_replicates_same_ctx_pert,observed,0.0037406841
across_replicates_same_ctx_pert,observed,0.035414856
across_replicates_same_ctx_pert,observed,0.036775455
across_replicates_same_ctx_pert,observed,0.016820954
across_replicates_same_ctx_pert,observed,0.016820954
across_replicates_same_ctx_pert,observed,0.028395757
across_replicates_same_ctx_pert,observed,0.17285265
across_replicates_same_ctx_pert,observed,0.033435438
across_replicates_same_ctx_pert,observed,0.15689294
across_replicates_same_ctx_pert,observed,0.073511265
across_replicates_same_ctx_pert,observed,0.031459518
across_replicates_same_ctx_pert,observed,0.0186136
across_replicates_same_ctx_pert,observed,0.009978737
across_replicates_same_ctx_pert,observed,-0.008827534
across_replicates_same_ctx_pert,observed,0.10060905
across_replicates_same_ctx_pert,observed,-0.008827534
across_replicates_same_ctx_pert,observed,0.030200563
across_replicates_same_ctx_pert,observed,0.05019333
across_replicates_same_ctx_pert,observed,0.017280165
across_replicates_same_ctx_pert,observed,0.048974022
across_replicates_same_ctx_pert,observed,-0.018792763
across_replicates_same_ctx_pert,observed,-0.018792763
across_replicates_same_ctx_pert,observed,0.034716997
across_replicates_same_ctx_pert,observed,-0.018792763
across_replicates_same_ctx_pert,observed,0.18053523
across_replicates_same_ctx_pert,observed,0.12084972
across_replicates_same_ctx_pert,observed,0.13374595
across_replicates_same_ctx_pert,observed,0.062694505
across_replicates_same_ctx_pert,observed,0.13374595
across_replicates_same_ctx_pert,observed,-0.06502592
across_replicates_same_ctx_pert,observed,0.034424756
across_replicates_same_ctx_pert,observed,-0.06502592
across_replicates_same_ctx_pert,observed,0.14654715
across_replicates_same_ctx_pert,observed,0.030324735
across_replicates_same_ctx_pert,observed,0.0023569125
across_replicates_same_ctx_pert,observed,0.03188574
across_replicates_same_ctx_pert,observed,0.045674417
across_replicates_same_ctx_pert,observed,0.016692273
across_replicates_same_ctx_pert,observed,0.03188574
across_replicates_same_ctx_pert,observed,0.13385944
across_replicates_same_ctx_pert,observed,0.038494833
across_replicates_same_ctx_pert,observed,-0.0074726283
across_replicates_same_ctx_pert,observed,-0.021673182
across_replicates_same_ctx_pert,observed,0.12947674
across_replicates_same_ctx_pert,observed,0.026724624
across_replicates_same_ctx_pert,observed,0.037254166
across_replicates_same_ctx_pert,observed,-0.037461065
across_replicates_same_ctx_pert,observed,0.025853233
across_replicates_same_ctx_pert,observed,0.017023817
across_replicates_same_ctx_pert,observed,0.037254166
across_replicates_same_ctx_pert,observed,0.026724624
across_replicates_same_ctx_pert,observed,0.0072080255
across_replicates_same_ctx_pert,observed,0.07630259
across_replicates_same_ctx_pert,observed,0.041628424
across_replicates_same_ctx_pert,observed,0.17047006
across_replicates_same_ctx_pert,observed,0.007450256
across_replicates_same_ctx_pert,observed,0.12707393
across_replicates_same_ctx_pert,observed,0.06631377
across_replicates_same_ctx_pert,observed,0.026381189
across_replicates_same_ctx_pert,observed,0.017471073
across_replicates_same_ctx_pert,observed,0.13698691
across_replicates_same_ctx_pert,observed,0.014679031
across_replicates_same_ctx_pert,observed,0.17414123
across_replicates_same_ctx_pert,observed,0.17414123
across_replicates_same_ctx_pert,observed,0.17414123
across_replicates_same_ctx_pert,observed,0.04376881
across_replicates_same_ctx_pert,observed,0.06105879
across_replicates_same_ctx_pert,observed,0.058667574
across_replicates_same_ctx_pert,observed,0.04873853
across_replicates_same_ctx_pert,observed,0.026842333
across_replicates_same_ctx_pert,observed,-0.015122333
across_replicates_same_ctx_pert,observed,0.026719294
across_replicates_same_ctx_pert,observed,0.08451695
across_replicates_same_ctx_pert,observed,0.026842333
across_replicates_same_ctx_pert,observed,-0.008000382
across_replicates_same_ctx_pert,observed,-0.032191385
across_replicates_same_ctx_pert,observed,0.018435424
across_replicates_same_ctx_pert,observed,0.016944911
across_replicates_same_ctx_pert,observed,0.052187797
across_replicates_same_ctx_pert,observed,0.2161728
across_replicates_same_ctx_pert,observed,0.09943133
across_replicates_same_ctx_pert,observed,0.21063608
across_replicates_same_ctx_pert,observed,0.21063608
across_replicates_same_ctx_pert,observed,0.05474786
across_replicates_same_ctx_pert,observed,0.06636787
across_replicates_same_ctx_pert,observed,0.05016008
across_replicates_same_ctx_pert,observed,0.04821001
across_replicates_same_ctx_pert,observed,0.025888793
across_replicates_same_ctx_pert,observed,0.04821001
across_replicates_same_ctx_pert,observed,0.035517402
across_replicates_same_ctx_pert,observed,0.022825524
across_replicates_same_ctx_pert,observed,0.032329217
across_replicates_same_ctx_pert,observed,0.032329217
across_replicates_same_ctx_pert,observed,0.13882394
across_replicates_same_ctx_pert,observed,0.06417934
across_replicates_same_ctx_pert,observed,0.017633751
across_replicates_same_ctx_pert,observed,0.018254682
across_replicates_same_ctx_pert,observed,0.17026658
across_replicates_same_ctx_pert,observed,0.17026658
across_replicates_same_ctx_pert,observed,0.19559458
across_replicates_same_ctx_pert,observed,0.018254682
across_replicates_same_ctx_pert,observed,0.018254682
across_replicates_same_ctx_pert,observed,0.026889402
across_replicates_same_ctx_pert,observed,0.14919879
across_replicates_same_ctx_pert,observed,0.05374346
across_replicates_same_ctx_pert,observed,0.035505913
across_replicates_same_ctx_pert,observed,0.05871947
across_replicates_same_ctx_pert,observed,0.06398468
across_replicates_same_ctx_pert,observed,0.016656838
across_replicates_same_ctx_pert,observed,-0.007838953
across_replicates_same_ctx_pert,observed,0.14964356
across_replicates_same_ctx_pert,observed,0.17729145
across_replicates_same_ctx_pert,observed,0.19522013
across_replicates_same_ctx_pert,observed,0.1841995
across_replicates_same_ctx_pert,observed,0.17481248
across_replicates_same_ctx_pert,observed,0.15508597
across_replicates_same_ctx_pert,observed,0.044364296
across_replicates_same_ctx_pert,observed,0.087221116
across_replicates_same_ctx_pert,observed,0.044364296
across_replicates_same_ctx_pert,observed,0.049394
across_replicates_same_ctx_pert,observed,0.06953007
across_replicates_same_ctx_pert,observed,0.15007852
across_replicates_same_ctx_pert,observed,-0.009138731
across_replicates_same_ctx_pert,observed,-0.025465326
across_replicates_same_ctx_pert,observed,0.05819315
across_replicates_same_ctx_pert,observed,0.19509406
across_replicates_same_ctx_pert,observed,0.07679111
across_replicates_same_ctx_pert,observed,0.18394852
across_replicates_same_ctx_pert,observed,-0.0015213399
across_replicates_same_ctx_pert,observed,0.14399911
across_replicates_same_ctx_pert,observed,0.03046031
across_replicates_same_ctx_pert,observed,0.013573046
across_replicates_same_ctx_pert,observed,0.013573046
across_replicates_same_ctx_pert,observed,0.03046031
across_replicates_same_ctx_pert,observed,-0.012514708
across_replicates_same_ctx_pert,observed,-0.019025004
across_replicates_same_ctx_pert,observed,0.1269157
across_replicates_same_ctx_pert,observed,0.000108417385
across_replicates_same_ctx_pert,observed,0.15636824
across_replicates_same_ctx_pert,observed,0.010780262
across_replicates_same_ctx_pert,observed,0.037795536
across_replicates_same_ctx_pert,observed,-0.01099725
across_replicates_same_ctx_pert,observed,0.037795536
across_replicates_same_ctx_pert,observed,0.10730696
across_replicates_same_ctx_pert,observed,0.020459112
across_replicates_same_ctx_pert,observed,0.20344558
across_replicates_same_ctx_pert,observed,-0.0054400903
across_replicates_same_ctx_pert,observed,-0.0054400903
across_replicates_same_ctx_pert,observed,0.020459112
across_replicates_same_ctx_pert,observed,0.040610474
across_replicates_same_ctx_pert,observed,0.0052701524
across_replicates_same_ctx_pert,observed,0.021670919
across_replicates_same_ctx_pert,observed,0.047691546
across_replicates_same_ctx_pert,observed,0.12871101
across_replicates_same_ctx_pert,observed,-0.007309097
across_replicates_same_ctx_pert,observed,0.018577661
across_replicates_same_ctx_pert,observed,0.018980846
across_replicates_same_ctx_pert,observed,0.13871537
across_replicates_same_ctx_pert,observed,0.023577197
across_replicates_same_ctx_pert,observed,0.023577197
across_replicates_same_ctx_pert,observed,0.023577197
across_replicates_same_ctx_pert,observed,0.018577661
across_replicates_same_ctx_pert,observed,0.027880378
across_replicates_same_ctx_pert,observed,0.0047046454
across_replicates_same_ctx_pert,observed,0.0047046454
across_replicates_same_ctx_pert,observed,0.016144533
across_replicates_same_ctx_pert,observed,-0.0041954047
across_replicates_same_ctx_pert,observed,0.046355583
across_replicates_same_ctx_pert,observed,0.02745262
across_replicates_same_ctx_pert,observed,0.026274456
across_replicates_same_ctx_pert,observed,0.02890687
across_replicates_same_ctx_pert,observed,-0.022027705
across_replicates_same_ctx_pert,observed,0.029446166
across_replicates_same_ctx_pert,observed,0.021226922
across_replicates_same_ctx_pert,observed,-0.022027705
across_replicates_same_ctx_pert,observed,0.040072102
across_replicates_same_ctx_pert,observed,0.02187666
across_replicates_same_ctx_pert,observed,0.029152738
across_replicates_same_ctx_pert,observed,0.028042309
across_replicates_same_ctx_pert,observed,0.05407518
across_replicates_same_ctx_pert,observed,-2.809464e-05
across_replicates_same_ctx_pert,observed,0.17720355
across_replicates_same_ctx_pert,observed,0.027522195
across_replicates_same_ctx_pert,observed,0.042265143
across_replicates_same_ctx_pert,observed,0.023821425
across_replicates_same_ctx_pert,observed,0.012300687
across_replicates_same_ctx_pert,observed,0.069754094
across_replicates_same_ctx_pert,observed,0.052239392
across_replicates_same_ctx_pert,observed,0.12915121
across_replicates_same_ctx_pert,observed,0.048243284
across_replicates_same_ctx_pert,observed,0.052804347
across_replicates_same_ctx_pert,observed,0.21841164
across_replicates_same_ctx_pert,observed,0.052804347
across_replicates_same_ctx_pert,observed,0.21841164
across_replicates_same_ctx_pert,observed,0.2027733
across_replicates_same_ctx_pert,observed,0.05275808
across_replicates_same_ctx_pert,observed,0.030693999
across_replicates_same_ctx_pert,observed,0.05275808
across_replicates_same_ctx_pert,observed,0.030693999
across_replicates_same_ctx_pert,observed,0.14233758
across_replicates_same_ctx_pert,observed,0.13820814
across_replicates_same_ctx_pert,observed,0.13820814
across_replicates_same_ctx_pert,observed,-0.022259265
across_replicates_same_ctx_pert,observed,0.0073531033
across_replicates_same_ctx_pert,observed,-0.018822141
across_replicates_same_ctx_pert,observed,0.06433258
across_replicates_same_ctx_pert,observed,0.06433258
across_replicates_same_ctx_pert,observed,0.038179163
across_replicates_same_ctx_pert,observed,0.022170661
across_replicates_same_ctx_pert,observed,0.017768232
across_replicates_same_ctx_pert,observed,0.13483922
across_replicates_same_ctx_pert,observed,0.077924
across_replicates_same_ctx_pert,observed,0.12830475
across_replicates_same_ctx_pert,observed,0.04692452
across_replicates_same_ctx_pert,observed,0.04692452
across_replicates_same_ctx_pert,observed,0.04692452
across_replicates_same_ctx_pert,observed,0.006291383
across_replicates_same_ctx_pert,observed,0.03671843
across_replicates_same_ctx_pert,observed,0.006291383
across_replicates_same_ctx_pert,observed,0.22590646
across_replicates_same_ctx_pert,observed,0.026853742
across_replicates_same_ctx_pert,observed,0.22590646
across_replicates_same_ctx_pert,observed,0.1311465
across_replicates_same_ctx_pert,observed,0.038274366
across_replicates_same_ctx_pert,observed,0.021315692
across_replicates_same_ctx_pert,observed,-0.021995015
across_replicates_same_ctx_pert,observed,0.029170576
across_replicates_same_ctx_pert,observed,0.02943403
across_replicates_same_ctx_pert,observed,0.009939918
across_replicates_same_ctx_pert,observed,0.166784
across_replicates_same_ctx_pert,observed,0.050628178
across_replicates_same_ctx_pert,observed,0.23655982
across_replicates_same_ctx_pert,observed,0.03317951
across_replicates_same_ctx_pert,observed,0.15399669
across_replicates_same_ctx_pert,observed,0.0033141046
across_replicates_same_ctx_pert,observed,0.17267172
across_replicates_same_ctx_pert,observed,0.05682056
across_replicates_same_ctx_pert,observed,0.13849309
across_replicates_same_ctx_pert,observed,0.10724793
across_replicates_same_ctx_pert,observed,0.023221914
across_replicates_same_ctx_pert,observed,-0.026777355
across_replicates_same_ctx_pert,observed,0.12678947
across_replicates_same_ctx_pert,observed,0.15740342
across_replicates_same_ctx_pert,observed,0.00621329
across_replicates_same_ctx_pert,observed,0.019608444
across_replicates_same_ctx_pert,observed,0.12678947
across_replicates_same_ctx_pert,observed,0.055736486
across_replicates_same_ctx_pert,observed,0.02542215
across_replicates_same_ctx_pert,observed,0.022629363
across_replicates_same_ctx_pert,observed,0.010152608
across_replicates_same_ctx_pert,observed,0.15111731
across_replicates_same_ctx_pert,observed,-0.031806283
across_replicates_same_ctx_pert,observed,-0.031806283
across_replicates_same_ctx_pert,observed,0.05186334
across_replicates_same_ctx_pert,observed,0.07078663
across_replicates_same_ctx_pert,observed,0.05670332
across_replicates_same_ctx_pert,observed,-0.021987671
across_replicates_same_ctx_pert,observed,0.10389154
across_replicates_same_ctx_pert,observed,0.12987562
across_replicates_same_ctx_pert,observed,0.19525348
across_replicates_same_ctx_pert,observed,0.0664553
across_replicates_same_ctx_pert,observed,0.05234347
across_replicates_same_ctx_pert,observed,0.05234347
across_replicates_same_ctx_pert,observed,0.018305939
across_replicates_same_ctx_pert,observed,0.018305939
across_replicates_same_ctx_pert,observed,0.031967655
across_replicates_same_ctx_pert,observed,-0.01587129
across_replicates_same_ctx_pert,observed,0.004229909
across_replicates_same_ctx_pert,observed,0.0002417128
across_replicates_same_ctx_pert,observed,0.012285282
across_replicates_same_ctx_pert,observed,0.0002417128
across_replicates_same_ctx_pert,observed,0.02125073
across_replicates_same_ctx_pert,observed,0.14030585
across_replicates_same_ctx_pert,observed,0.01956119
across_replicates_same_ctx_pert,observed,0.036006745
across_replicates_same_ctx_pert,observed,-0.002634535
across_replicates_same_ctx_pert,observed,0.01886898
across_replicates_same_ctx_pert,observed,0.007344499
across_replicates_same_ctx_pert,observed,-0.0016334493
across_replicates_same_ctx_pert,observed,0.007344499
across_replicates_same_ctx_pert,observed,0.023763604
across_replicates_same_ctx_pert,observed,-0.0016334493
across_replicates_same_ctx_pert,observed,0.15673597
across_replicates_same_ctx_pert,observed,0.06648082
across_replicates_same_ctx_pert,observed,0.027377067
across_replicates_same_ctx_pert,observed,0.033454623
across_replicates_same_ctx_pert,observed,0.15098329
across_replicates_same_ctx_pert,observed,0.17958815
across_replicates_same_ctx_pert,observed,0.038910378
across_replicates_same_ctx_pert,observed,0.0310652
across_replicates_same_ctx_pert,observed,0.042528056
across_replicates_same_ctx_pert,observed,0.0310652
across_replicates_same_ctx_pert,observed,0.077426836
across_replicates_same_ctx_pert,observed,0.19407701
across_replicates_same_ctx_pert,observed,0.06339495
across_replicates_same_ctx_pert,observed,0.10256489
across_replicates_same_ctx_pert,observed,0.10256489
across_replicates_same_ctx_pert,observed,0.015594295
across_replicates_same_ctx_pert,observed,-0.021938793
across_replicates_same_ctx_pert,observed,0.047147926
across_replicates_same_ctx_pert,observed,0.045778446
across_replicates_same_ctx_pert,observed,0.21492663
across_replicates_same_ctx_pert,observed,0.09961234
across_replicates_same_ctx_pert,observed,0.21492663
across_replicates_same_ctx_pert,observed,0.098473676
across_replicates_same_ctx_pert,observed,0.0020281328
across_replicates_same_ctx_pert,observed,-0.01993357
across_replicates_same_ctx_pert,observed,-0.044279065
across_replicates_same_ctx_pert,observed,0.03384714
across_replicates_same_ctx_pert,observed,-0.044279065
across_replicates_same_ctx_pert,observed,0.14345609
across_replicates_same_ctx_pert,observed,0.098023474
across_replicates_same_ctx_pert,observed,0.0024503728
across_replicates_same_ctx_pert,observed,0.10860288
across_replicates_same_ctx_pert,observed,0.10860288
across_replicates_same_ctx_pert,observed,0.022446467
across_replicates_same_ctx_pert,observed,0.022446467
across_replicates_same_ctx_pert,observed,0.025024695
across_replicates_same_ctx_pert,observed,0.17950776
across_replicates_same_ctx_pert,observed,0.044251107
across_replicates_same_ctx_pert,observed,0.16192342
across_replicates_same_ctx_pert,observed,0.0643511
across_replicates_same_ctx_pert,observed,0.13652249
across_replicates_same_ctx_pert,observed,0.14312743
across_replicates_same_ctx_pert,observed,0.13466546
across_replicates_same_ctx_pert,observed,0.030066768
across_replicates_same_ctx_pert,observed,0.15111814
across_replicates_same_ctx_pert,observed,0.13652249
across_replicates_same_ctx_pert,observed,0.07176914
across_replicates_same_ctx_pert,observed,0.12964281
across_replicates_same_ctx_pert,observed,0.05189966
across_replicates_same_ctx_pert,observed,0.1001904
across_replicates_same_ctx_pert,observed,0.04044256
across_replicates_same_ctx_pert,observed,0.04987731
across_replicates_same_ctx_pert,observed,0.100257345
across_replicates_same_ctx_pert,observed,0.0041917404
across_replicates_same_ctx_pert,observed,0.05287067
across_replicates_same_ctx_pert,observed,0.003906168
across_replicates_same_ctx_pert,observed,0.15467337
across_replicates_same_ctx_pert,observed,0.07396298
across_replicates_same_ctx_pert,observed,0.15467337
across_replicates_same_ctx_pert,observed,0.04746089
across_replicates_same_ctx_pert,observed,0.13532768
across_replicates_same_ctx_pert,observed,0.014948173
across_replicates_same_ctx_pert,observed,0.017587
across_replicates_same_ctx_pert,observed,0.014948173
across_replicates_same_ctx_pert,observed,0.17631008
across_replicates_same_ctx_pert,observed,0.17631008
across_replicates_same_ctx_pert,observed,0.02899805
across_replicates_same_ctx_pert,observed,-0.0019102013
across_replicates_same_ctx_pert,observed,-0.0015206307
across_replicates_same_ctx_pert,observed,-0.024196172
across_replicates_same_ctx_pert,observed,-0.024196172
across_replicates_same_ctx_pert,observed,0.02604811
across_replicates_same_ctx_pert,observed,0.02604811
across_replicates_same_ctx_pert,observed,0.008175011
across_replicates_same_ctx_pert,observed,0.03161391
across_replicates_same_ctx_pert,observed,0.0080059655
across_replicates_same_ctx_pert,observed,0.039655402
across_replicates_same_ctx_pert,observed,0.10881114
across_replicates_same_ctx_pert,observed,0.03161391
across_replicates_same_ctx_pert,observed,0.057600386
across_replicates_same_ctx_pert,observed,0.03055602
across_replicates_same_ctx_pert,observed,-0.03700058
across_replicates_same_ctx_pert,observed,0.055827834
across_replicates_same_ctx_pert,observed,0.03443146
across_replicates_same_ctx_pert,observed,0.099430054
across_replicates_same_ctx_pert,observed,0.15678537
across_replicates_same_ctx_pert,observed,0.080089666
across_replicates_same_ctx_pert,observed,0.12855943
across_replicates_same_ctx_pert,observed,0.011348669
across_replicates_same_ctx_pert,observed,0.15015404
across_replicates_same_ctx_pert,observed,0.15015404
across_replicates_same_ctx_pert,observed,0.020083867
across_replicates_same_ctx_pert,observed,0.043955933
across_replicates_same_ctx_pert,observed,0.6308764
across_replicates_same_ctx_pert,observed,0.046910323
across_replicates_same_ctx_pert,observed,0.10115321
across_replicates_same_ctx_pert,observed,0.62313265
across_replicates_same_ctx_pert,observed,0.02009834
across_replicates_same_ctx_pert,observed,-0.011589093
across_replicates_same_ctx_pert,observed,0.02009834
across_replicates_same_ctx_pert,observed,0.5400192
across_replicates_same_ctx_pert,observed,0.029500928
across_replicates_same_ctx_pert,observed,0.5400192
across_replicates_same_ctx_pert,observed,0.5400192
across_replicates_same_ctx_pert,observed,0.54381925
across_replicates_same_ctx_pert,observed,0.06764021
across_replicates_same_ctx_pert,observed,0.028651189
across_replicates_same_ctx_pert,observed,0.032003976
across_replicates_same_ctx_pert,observed,0.03540059
across_replicates_same_ctx_pert,observed,0.07424088
across_replicates_same_ctx_pert,observed,0.085505776
across_replicates_same_ctx_pert,observed,0.007978635
across_replicates_same_ctx_pert,observed,0.03540059
across_replicates_same_ctx_pert,observed,0.5583007
across_replicates_same_ctx_pert,observed,0.01676395
across_replicates_same_ctx_pert,observed,0.01676395
across_replicates_same_ctx_pert,observed,0.01676395
across_replicates_same_ctx_pert,observed,0.05692394
across_replicates_same_ctx_pert,observed,0.5995062
across_replicates_same_ctx_pert,observed,0.5995062
across_replicates_same_ctx_pert,observed,0.07464018
across_replicates_same_ctx_pert,observed,0.61610705
across_replicates_same_ctx_pert,observed,0.054157067
across_replicates_same_ctx_pert,observed,0.61610705
across_replicates_same_ctx_pert,observed,0.09167987
across_replicates_same_ctx_pert,observed,0.076048635
across_replicates_same_ctx_pert,observed,0.4266534
across_replicates_same_ctx_pert,observed,0.044774264
across_replicates_same_ctx_pert,observed,0.026209956
across_replicates_same_ctx_pert,observed,0.5248757
across_replicates_same_ctx_pert,observed,0.083429106
across_replicates_same_ctx_pert,observed,0.04479325
across_replicates_same_ctx_pert,observed,0.083429106
across_replicates_same_ctx_pert,observed,0.19916052
across_replicates_same_ctx_pert,observed,0.069165744
across_replicates_same_ctx_pert,observed,0.61198515
across_replicates_same_ctx_pert,observed,0.5535482
across_replicates_same_ctx_pert,observed,0.030990632
across_replicates_same_ctx_pert,observed,0.081982814
across_replicates_same_ctx_pert,observed,0.055832773
across_replicates_same_ctx_pert,observed,0.04374348
across_replicates_same_ctx_pert,observed,0.6106363
across_replicates_same_ctx_pert,observed,0.05390225
across_replicates_same_ctx_pert,observed,0.6023718
across_replicates_same_ctx_pert,observed,0.079940766
across_replicates_same_ctx_pert,observed,0.5125839
across_replicates_same_ctx_pert,observed,0.5267664
across_replicates_same_ctx_pert,observed,0.14412946
across_replicates_same_ctx_pert,observed,0.13797715
across_replicates_same_ctx_pert,observed,0.7733483
across_replicates_same_ctx_pert,observed,0.14412946
across_replicates_same_ctx_pert,observed,0.6178088
across_replicates_same_ctx_pert,observed,0.08330628
across_replicates_same_ctx_pert,observed,0.04921929
across_replicates_same_ctx_pert,observed,0.53724855
across_replicates_same_ctx_pert,observed,0.07634095
across_replicates_same_ctx_pert,observed,0.05323291
across_replicates_same_ctx_pert,observed,0.047589213
across_replicates_same_ctx_pert,observed,0.59967947
across_replicates_same_ctx_pert,observed,0.03238875
across_replicates_same_ctx_pert,observed,0.046877287
across_replicates_same_ctx_pert,observed,0.04066486
across_replicates_same_ctx_pert,observed,0.57865894
across_replicates_same_ctx_pert,observed,0.03296601
across_replicates_same_ctx_pert,observed,0.010450807
across_replicates_same_ctx_pert,observed,0.50230867
across_replicates_same_ctx_pert,observed,0.0035849868
across_replicates_same_ctx_pert,observed,0.6086479
across_replicates_same_ctx_pert,observed,0.04146226
across_replicates_same_ctx_pert,observed,0.03814277
across_replicates_same_ctx_pert,observed,0.5669889
across_replicates_same_ctx_pert,observed,0.03433869
across_replicates_same_ctx_pert,observed,0.56389934
across_replicates_same_ctx_pert,observed,0.58233637
across_replicates_same_ctx_pert,observed,-0.0032442978
across_replicates_same_ctx_pert,observed,0.0118752625
across_replicates_same_ctx_pert,observed,0.06122887
across_replicates_same_ctx_pert,observed,0.49735597
across_replicates_same_ctx_pert,observed,0.061958816
across_replicates_same_ctx_pert,observed,0.033301294
across_replicates_same_ctx_pert,observed,0.06349851
across_replicates_same_ctx_pert,observed,0.031810194
across_replicates_same_ctx_pert,observed,0.06603736
across_replicates_same_ctx_pert,observed,0.04723167
across_replicates_same_ctx_pert,observed,0.4932173
across_replicates_same_ctx_pert,observed,0.5391082
across_replicates_same_ctx_pert,observed,0.03166772
across_replicates_same_ctx_pert,observed,0.04026305
across_replicates_same_ctx_pert,observed,0.03822141
across_replicates_same_ctx_pert,observed,0.5576377
across_replicates_same_ctx_pert,observed,0.020961463
across_replicates_same_ctx_pert,observed,0.5762784
across_replicates_same_ctx_pert,observed,0.013366117
across_replicates_same_ctx_pert,observed,0.050602585
across_replicates_same_ctx_pert,observed,0.013366117
across_replicates_same_ctx_pert,observed,0.59626657
across_replicates_same_ctx_pert,observed,0.007850322
across_replicates_same_ctx_pert,observed,0.007850322
across_replicates_same_ctx_pert,observed,0.08751016
across_replicates_same_ctx_pert,observed,0.61634886
across_replicates_same_ctx_pert,observed,0.05406998
across_replicates_same_ctx_pert,observed,0.060185306
across_replicates_same_ctx_pert,observed,0.5245788
across_replicates_same_ctx_pert,observed,0.08490042
across_replicates_same_ctx_pert,observed,0.5210903
across_replicates_same_ctx_pert,observed,0.5789037
across_replicates_same_ctx_pert,observed,0.4588463
across_replicates_same_ctx_pert,observed,-0.007583894
across_replicates_same_ctx_pert,observed,0.5789037
across_replicates_same_ctx_pert,observed,0.07015658
across_replicates_same_ctx_pert,observed,0.042101413
across_replicates_same_ctx_pert,observed,0.034061022
across_replicates_same_ctx_pert,observed,0.35281423
across_replicates_same_ctx_pert,observed,0.008330745
across_replicates_same_ctx_pert,observed,0.048922338
across_replicates_same_ctx_pert,observed,0.025465533
across_replicates_same_ctx_pert,observed,0.028363252
across_replicates_same_ctx_pert,observed,0.044270903
across_replicates_same_ctx_pert,observed,0.044270903
across_replicates_same_ctx_pert,observed,0.5618167
across_replicates_same_ctx_pert,observed,0.06525074
across_replicates_same_ctx_pert,observed,0.04737352
across_replicates_same_ctx_pert,observed,0.06642989
across_replicates_same_ctx_pert,observed,0.002535906
across_replicates_same_ctx_pert,observed,0.637796
across_replicates_same_ctx_pert,observed,0.06561114
across_replicates_same_ctx_pert,observed,0.06561114
across_replicates_same_ctx_pert,observed,0.06125363
across_replicates_same_ctx_pert,observed,0.086059764
across_replicates_same_ctx_pert,observed,0.023686895
across_replicates_same_ctx_pert,observed,0.06523683
across_replicates_same_ctx_pert,observed,0.086059764
across_replicates_same_ctx_pert,observed,0.06523683
across_replicates_same_ctx_pert,observed,0.07379404
across_replicates_same_ctx_pert,observed,0.063502386
across_replicates_same_ctx_pert,observed,0.06278344
across_replicates_same_ctx_pert,observed,0.06490344
across_replicates_same_ctx_pert,observed,0.5607075
across_replicates_same_ctx_pert,observed,0.092303455
across_replicates_same_ctx_pert,observed,0.041638445
across_replicates_same_ctx_pert,observed,0.07635208
across_replicates_same_ctx_pert,observed,0.038449336
across_replicates_same_ctx_pert,observed,0.087082215
across_replicates_same_ctx_pert,observed,0.005795403
across_replicates_same_ctx_pert,observed,0.021042371
across_replicates_same_ctx_pert,observed,0.08918038
across_replicates_same_ctx_pert,observed,0.021042371
across_replicates_same_ctx_pert,observed,0.055202268
across_replicates_same_ctx_pert,observed,0.08918038
across_replicates_same_ctx_pert,observed,0.052775487
across_replicates_same_ctx_pert,observed,0.06524298
across_replicates_same_ctx_pert,observed,0.035032324
across_replicates_same_ctx_pert,observed,0.6057313
across_replicates_same_ctx_pert,observed,0.08968616
across_replicates_same_ctx_pert,observed,0.06436759
across_replicates_same_ctx_pert,observed,0.21292847
across_replicates_same_ctx_pert,observed,0.32189876
across_replicates_same_ctx_pert,observed,0.04682941
across_replicates_same_ctx_pert,observed,0.6168216
across_replicates_same_ctx_pert,observed,0.22194947
across_replicates_same_ctx_pert,observed,0.089742094
across_replicates_same_ctx_pert,observed,0.5786998
across_replicates_same_ctx_pert,observed,0.025822844
across_replicates_same_ctx_pert,observed,0.06732075
across_replicates_same_ctx_pert,observed,0.047894966
across_replicates_same_ctx_pert,observed,0.03248505
across_replicates_same_ctx_pert,observed,0.01206602
across_replicates_same_ctx_pert,observed,0.011417849
across_replicates_same_ctx_pert,observed,0.019799331
across_replicates_same_ctx_pert,observed,0.031723462
across_replicates_same_ctx_pert,observed,0.53412396
across_replicates_same_ctx_pert,observed,0.53412396
across_replicates_same_ctx_pert,observed,0.04618069
across_replicates_same_ctx_pert,observed,0.0074719917
across_replicates_same_ctx_pert,observed,0.53412396
across_replicates_same_ctx_pert,observed,0.073843986
across_replicates_same_ctx_pert,observed,0.08328186
across_replicates_same_ctx_pert,observed,0.03365817
across_replicates_same_ctx_pert,observed,0.56355655
across_replicates_same_ctx_pert,observed,0.5511541
across_replicates_same_ctx_pert,observed,0.013791458
across_replicates_same_ctx_pert,observed,0.05371139
across_replicates_same_ctx_pert,observed,0.08298872
across_replicates_same_ctx_pert,observed,0.060323544
across_replicates_same_ctx_pert,observed,0.038297888
across_replicates_same_ctx_pert,observed,0.49029166
across_replicates_same_ctx_pert,observed,0.029671133
across_replicates_same_ctx_pert,observed,0.035191048
across_replicates_same_ctx_pert,observed,0.58540016
across_replicates_same_ctx_pert,observed,0.035191048
across_replicates_same_ctx_pert,observed,0.059155863
across_replicates_same_ctx_pert,observed,0.061876465
across_replicates_same_ctx_pert,observed,0.073106706
across_replicates_same_ctx_pert,observed,0.081722796
across_replicates_same_ctx_pert,observed,0.047640342
across_replicates_same_ctx_pert,observed,0.03778042
across_replicates_same_ctx_pert,observed,0.058724597
across_replicates_same_ctx_pert,observed,0.03151915
across_replicates_same_ctx_pert,observed,0.049028724
across_replicates_same_ctx_pert,observed,0.032160774
across_replicates_same_ctx_pert,observed,0.008589681
across_replicates_same_ctx_pert,observed,0.025467899
across_replicates_same_ctx_pert,observed,0.046545714
across_replicates_same_ctx_pert,observed,0.04809085
across_replicates_same_ctx_pert,observed,0.5223441
across_replicates_same_ctx_pert,observed,0.056020364
across_replicates_same_ctx_pert,observed,0.051804226
across_replicates_same_ctx_pert,observed,0.029208884
across_replicates_same_ctx_pert,observed,0.047352336
across_replicates_same_ctx_pert,observed,0.037014477
across_replicates_same_ctx_pert,observed,0.07467238
across_replicates_same_ctx_pert,observed,0.1337044
across_replicates_same_ctx_pert,observed,0.0760186
across_replicates_same_ctx_pert,observed,0.100888185
across_replicates_same_ctx_pert,observed,0.5775304
across_replicates_same_ctx_pert,observed,0.28719965
across_replicates_same_ctx_pert,observed,0.2767664
across_replicates_same_ctx_pert,observed,0.36405423
across_replicates_same_ctx_pert,observed,0.76310736
across_replicates_same_ctx_pert,observed,0.113045104
across_replicates_same_ctx_pert,observed,0.5835386
across_replicates_same_ctx_pert,observed,0.0908557
across_replicates_same_ctx_pert,observed,0.06589891
across_replicates_same_ctx_pert,observed,0.044710267
across_replicates_same_ctx_pert,observed,0.06589891
across_replicates_same_ctx_pert,observed,0.56448215
across_replicates_same_ctx_pert,observed,0.040546484
across_replicates_same_ctx_pert,observed,0.062103856
across_replicates_same_ctx_pert,observed,0.63626224
across_replicates_same_ctx_pert,observed,0.14149109
across_replicates_same_ctx_pert,observed,0.117098026
across_replicates_same_ctx_pert,observed,0.10846034
across_replicates_same_ctx_pert,observed,0.11751578
across_replicates_same_ctx_pert,observed,0.6859564
across_replicates_same_ctx_pert,observed,0.5321656
across_replicates_same_ctx_pert,observed,0.015377043
across_replicates_same_ctx_pert,observed,0.057652913
across_replicates_same_ctx_pert,observed,0.057652913
across_replicates_same_ctx_pert,observed,0.59409225
across_replicates_same_ctx_pert,observed,0.057652913
across_replicates_same_ctx_pert,observed,0.040727973
across_replicates_same_ctx_pert,observed,0.4379905
across_replicates_same_ctx_pert,observed,0.5503877
across_replicates_same_ctx_pert,observed,0.028363487
across_replicates_same_ctx_pert,observed,0.05713498
across_replicates_same_ctx_pert,observed,0.021890888
across_replicates_same_ctx_pert,observed,0.028363487
across_replicates_same_ctx_pert,observed,0.057092533
across_replicates_same_ctx_pert,observed,0.003978755
across_replicates_same_ctx_pert,observed,0.07694757
across_replicates_same_ctx_pert,observed,0.056313056
across_replicates_same_ctx_pert,observed,0.058922697
across_replicates_same_ctx_pert,observed,0.6705837
across_replicates_same_ctx_pert,observed,0.03525324
across_replicates_same_ctx_pert,observed,0.050700583
across_replicates_same_ctx_pert,observed,0.61395556
across_replicates_same_ctx_pert,observed,0.008165723
across_replicates_same_ctx_pert,observed,0.008165723
across_replicates_same_ctx_pert,observed,0.6265258
across_replicates_same_ctx_pert,observed,0.053406317
across_replicates_same_ctx_pert,observed,0.036069848
across_replicates_same_ctx_pert,observed,0.036069848
across_replicates_same_ctx_pert,observed,0.5289415
across_replicates_same_ctx_pert,observed,0.08639689
across_replicates_same_ctx_pert,observed,0.06417985
across_replicates_same_ctx_pert,observed,0.01510842
across_replicates_same_ctx_pert,observed,0.061866175
across_replicates_same_ctx_pert,observed,0.02904168
across_replicates_same_ctx_pert,observed,0.061866175
across_replicates_same_ctx_pert,observed,0.044984274
across_replicates_same_ctx_pert,observed,0.050129957
across_replicates_same_ctx_pert,observed,0.64717394
across_replicates_same_ctx_pert,observed,0.057079144
across_replicates_same_ctx_pert,observed,0.64717394
across_replicates_same_ctx_pert,observed,0.030957611
across_replicates_same_ctx_pert,observed,0.036272854
across_replicates_same_ctx_pert,observed,0.6015291
across_replicates_same_ctx_pert,observed,0.052222427
across_replicates_same_ctx_pert,observed,0.016004777
across_replicates_same_ctx_pert,observed,0.6087832
across_replicates_same_ctx_pert,observed,0.04763174
across_replicates_same_ctx_pert,observed,0.550236
across_replicates_same_ctx_pert,observed,0.060445182
across_replicates_same_ctx_pert,observed,0.04453795
across_replicates_same_ctx_pert,observed,0.68593544
across_replicates_same_ctx_pert,observed,0.060445182
across_replicates_same_ctx_pert,observed,0.074525476
across_replicates_same_ctx_pert,observed,0.58777523
across_replicates_same_ctx_pert,observed,0.58777523
across_replicates_same_ctx_pert,observed,0.03289889
across_replicates_same_ctx_pert,observed,0.047363255
across_replicates_same_ctx_pert,observed,0.014157486
across_replicates_same_ctx_pert,observed,0.029511819
across_replicates_same_ctx_pert,observed,-0.01245209
across_replicates_same_ctx_pert,observed,0.05996609
across_replicates_same_ctx_pert,observed,0.51419944
across_replicates_same_ctx_pert,observed,0.052827086
across_replicates_same_ctx_pert,observed,0.60303247
across_replicates_same_ctx_pert,observed,0.0548729
across_replicates_same_ctx_pert,observed,0.052827086
across_replicates_same_ctx_pert,observed,0.60303247
across_replicates_same_ctx_pert,observed,0.06995026
across_replicates_same_ctx_pert,observed,0.60176474
across_replicates_same_ctx_pert,observed,0.09374319
across_replicates_same_ctx_pert,observed,0.049981456
across_replicates_same_ctx_pert,observed,0.042945854
across_replicates_same_ctx_pert,observed,0.044282995
across_replicates_same_ctx_pert,observed,0.042945854
across_replicates_same_ctx_pert,observed,0.029889636
across_replicates_same_ctx_pert,observed,0.044960637
across_replicates_same_ctx_pert,observed,0.017622946
across_replicates_same_ctx_pert,observed,0.39912686
across_replicates_same_ctx_pert,observed,0.57333744
across_replicates_same_ctx_pert,observed,0.029969772
across_replicates_same_ctx_pert,observed,0.58391654
across_replicates_same_ctx_pert,observed,0.0082948115
across_replicates_same_ctx_pert,observed,0.07223193
across_replicates_same_ctx_pert,observed,0.58391654
across_replicates_same_ctx_pert,observed,0.07223193
across_replicates_same_ctx_pert,observed,0.010346306
across_replicates_same_ctx_pert,observed,0.10967485
across_replicates_same_ctx_pert,observed,0.59427714
across_replicates_same_ctx_pert,observed,0.17498128
across_replicates_same_ctx_pert,observed,0.1608434
across_replicates_same_ctx_pert,observed,0.07510924
across_replicates_same_ctx_pert,observed,0.6320815
across_replicates_same_ctx_pert,observed,0.004571778
across_replicates_same_ctx_pert,observed,0.042013228
across_replicates_same_ctx_pert,observed,0.01828756
across_replicates_same_ctx_pert,observed,0.021978097
across_replicates_same_ctx_pert,observed,0.03510336
across_replicates_same_ctx_pert,observed,0.021978097
across_replicates_same_ctx_pert,observed,0.021568304
across_replicates_same_ctx_pert,observed,0.11459027
across_replicates_same_ctx_pert,observed,0.050225582
across_replicates_same_ctx_pert,observed,0.11459027
across_replicates_same_ctx_pert,observed,0.5913356
across_replicates_same_ctx_pert,observed,0.040855624
across_replicates_same_ctx_pert,observed,0.6081048
across_replicates_same_ctx_pert,observed,0.62300324
across_replicates_same_ctx_pert,observed,0.6174917
across_replicates_same_ctx_pert,observed,0.0528021
across_replicates_same_ctx_pert,observed,0.059721295
across_replicates_same_ctx_pert,observed,0.03482546
across_replicates_same_ctx_pert,observed,0.0341129
across_replicates_same_ctx_pert,observed,0.60243535
across_replicates_same_ctx_pert,observed,0.06037189
across_replicates_same_ctx_pert,observed,0.0528021
across_replicates_same_ctx_pert,observed,0.10527042
across_replicates_same_ctx_pert,observed,0.017365834
across_replicates_same_ctx_pert,observed,0.10920966
across_replicates_same_ctx_pert,observed,0.030527541
across_replicates_same_ctx_pert,observed,0.05423239
across_replicates_same_ctx_pert,observed,0.030527541
across_replicates_same_ctx_pert,observed,0.60896444
across_replicates_same_ctx_pert,observed,0.0822342
across_replicates_same_ctx_pert,observed,0.069381334
across_replicates_same_ctx_pert,observed,0.07273684
across_replicates_same_ctx_pert,observed,0.007136774
across_replicates_same_ctx_pert,observed,0.5127221
across_replicates_same_ctx_pert,observed,0.0067682723
across_replicates_same_ctx_pert,observed,0.06824076
across_replicates_same_ctx_pert,observed,0.06732217
across_replicates_same_ctx_pert,observed,0.07116706
across_replicates_same_ctx_pert,observed,0.0067682723
across_replicates_same_ctx_pert,observed,0.061410762
across_replicates_same_ctx_pert,observed,0.5848943
across_replicates_same_ctx_pert,observed,0.5174908
across_replicates_same_ctx_pert,observed,0.023680279
across_replicates_same_ctx_pert,observed,0.03830253
across_replicates_same_ctx_pert,observed,0.62928087
across_replicates_same_ctx_pert,observed,0.05934425
across_replicates_same_ctx_pert,observed,0.50874245
across_replicates_same_ctx_pert,observed,0.50874245
across_replicates_same_ctx_pert,observed,0.6382821
across_replicates_same_ctx_pert,observed,0.6382821
across_replicates_same_ctx_pert,observed,0.07147309
across_replicates_same_ctx_pert,observed,0.060610365
across_replicates_same_ctx_pert,observed,0.030740459
across_replicates_same_ctx_pert,observed,0.57798594
across_replicates_same_ctx_pert,observed,0.030740459
across_replicates_same_ctx_pert,observed,0.060610365
across_replicates_same_ctx_pert,observed,0.024999194
across_replicates_same_ctx_pert,observed,0.064132474
across_replicates_same_ctx_pert,observed,0.004211675
across_replicates_same_ctx_pert,observed,0.4656054
across_replicates_same_ctx_pert,observed,0.6001332
across_replicates_same_ctx_pert,observed,0.032062106
across_replicates_same_ctx_pert,observed,0.020745767
across_replicates_same_ctx_pert,observed,0.05044675
across_replicates_same_ctx_pert,observed,0.024755582
across_replicates_same_ctx_pert,observed,0.5597304
across_replicates_same_ctx_pert,observed,0.5975561
across_replicates_same_ctx_pert,observed,0.5989966
across_replicates_same_ctx_pert,observed,0.039557744
across_replicates_same_ctx_pert,observed,0.023438856
across_replicates_same_ctx_pert,observed,0.57910955
across_replicates_same_ctx_pert,observed,0.03598299
across_replicates_same_ctx_pert,observed,0.03010298
across_replicates_same_ctx_pert,observed,0.047701117
across_replicates_same_ctx_pert,observed,0.07477604
across_replicates_same_ctx_pert,observed,0.062641315
across_replicates_same_ctx_pert,observed,0.05331701
across_replicates_same_ctx_pert,observed,0.047189638
across_replicates_same_ctx_pert,observed,0.05021165
across_replicates_same_ctx_pert,observed,0.3957032
across_replicates_same_ctx_pert,observed,0.5026071
across_replicates_same_ctx_pert,observed,0.007598022
across_replicates_same_ctx_pert,observed,0.020758048
across_replicates_same_ctx_pert,observed,0.07115091
across_replicates_same_ctx_pert,observed,0.007598022
across_replicates_same_ctx_pert,observed,0.0042215344
across_replicates_same_ctx_pert,observed,0.02021358
across_replicates_same_ctx_pert,observed,0.05041151
across_replicates_same_ctx_pert,observed,0.02021358
across_replicates_same_ctx_pert,observed,0.043708283
across_replicates_same_ctx_pert,observed,0.5501697
across_replicates_same_ctx_pert,observed,0.046723574
across_replicates_same_ctx_pert,observed,0.029612761
across_replicates_same_ctx_pert,observed,0.07176051
across_replicates_same_ctx_pert,observed,0.68746793
across_replicates_same_ctx_pert,observed,0.09580637
across_replicates_same_ctx_pert,observed,0.1268111
across_replicates_same_ctx_pert,observed,0.018604405
across_replicates_same_ctx_pert,observed,0.04145542
across_replicates_same_ctx_pert,observed,0.06367581
across_replicates_same_ctx_pert,observed,0.06367581
across_replicates_same_ctx_pert,observed,0.56725293
across_replicates_same_ctx_pert,observed,0.052126408
across_replicates_same_ctx_pert,observed,0.052126408
across_replicates_same_ctx_pert,observed,0.06319388
across_replicates_same_ctx_pert,observed,0.04329012
across_replicates_same_ctx_pert,observed,0.09127069
across_replicates_same_ctx_pert,observed,0.09127069
across_replicates_same_ctx_pert,observed,0.08723309
across_replicates_same_ctx_pert,observed,0.59288275
across_replicates_same_ctx_pert,observed,0.023422405
across_replicates_same_ctx_pert,observed,0.024891285
across_replicates_same_ctx_pert,observed,0.041037764
across_replicates_same_ctx_pert,observed,0.061880916
across_replicates_same_ctx_pert,observed,0.023422405
across_replicates_same_ctx_pert,observed,0.06921319
across_replicates_same_ctx_pert,observed,-0.02142176
across_replicates_same_ctx_pert,observed,0.025296122
across_replicates_same_ctx_pert,observed,0.010180077
across_replicates_same_ctx_pert,observed,0.025296122
across_replicates_same_ctx_pert,observed,0.075774565
across_replicates_same_ctx_pert,observed,0.62130225
across_replicates_same_ctx_pert,observed,0.07523848
across_replicates_same_ctx_pert,observed,0.014633805
across_replicates_same_ctx_pert,observed,0.03270604
across_replicates_same_ctx_pert,observed,0.5587019
across_replicates_same_ctx_pert,observed,0.05961115
across_replicates_same_ctx_pert,observed,0.04509709
across_replicates_same_ctx_pert,observed,0.01823276
across_replicates_same_ctx_pert,observed,0.035520993
across_replicates_same_ctx_pert,observed,0.5398968
across_replicates_same_ctx_pert,observed,0.5016184
across_replicates_same_ctx_pert,observed,0.026434217
across_replicates_same_ctx_pert,observed,0.07153927
across_replicates_same_ctx_pert,observed,0.045861192
across_replicates_same_ctx_pert,observed,0.06938319
across_replicates_same_ctx_pert,observed,0.03758343
across_replicates_same_ctx_pert,observed,0.62317586
across_replicates_same_ctx_pert,observed,0.64961493
across_replicates_same_ctx_pert,observed,0.032897983
across_replicates_same_ctx_pert,observed,0.59176207
across_replicates_same_ctx_pert,observed,0.5914559
across_replicates_same_ctx_pert,observed,0.023787042
across_replicates_same_ctx_pert,observed,0.06354912
across_replicates_same_ctx_pert,observed,-0.023014706
across_replicates_same_ctx_pert,observed,-0.023014706
across_replicates_same_ctx_pert,observed,0.6378256
across_replicates_same_ctx_pert,observed,0.5658435
across_replicates_same_ctx_pert,observed,0.04068234
across_replicates_same_ctx_pert,observed,0.0436579
across_replicates_same_ctx_pert,observed,0.026453363
across_replicates_same_ctx_pert,observed,0.09615474
across_replicates_same_ctx_pert,observed,0.028989628
across_replicates_same_ctx_pert,observed,0.05234949
across_replicates_same_ctx_pert,observed,0.028989628
across_replicates_same_ctx_pert,observed,0.054674484
across_replicates_same_ctx_pert,observed,0.046963666
across_replicates_same_ctx_pert,observed,0.04284689
across_replicates_same_ctx_pert,observed,0.0476147
across_replicates_same_ctx_pert,observed,0.03184062
across_replicates_same_ctx_pert,observed,0.08401401
across_replicates_same_ctx_pert,observed,0.03812727
across_replicates_same_ctx_pert,observed,0.48200712
across_replicates_same_ctx_pert,observed,0.022805078
across_replicates_same_ctx_pert,observed,0.028894773
across_replicates_same_ctx_pert,observed,0.0476147
across_replicates_same_ctx_pert,observed,0.07898257
across_replicates_same_ctx_pert,observed,0.64578915
across_replicates_same_ctx_pert,observed,0.09649836
across_replicates_same_ctx_pert,observed,0.07359287
across_replicates_same_ctx_pert,observed,0.01845112
across_replicates_same_ctx_pert,observed,0.06355439
across_replicates_same_ctx_pert,observed,0.070790276
across_replicates_same_ctx_pert,observed,0.070790276
across_replicates_same_ctx_pert,observed,0.050026864
across_replicates_same_ctx_pert,observed,0.023357073
across_replicates_same_ctx_pert,observed,0.050026864
across_replicates_same_ctx_pert,observed,0.5743655
across_replicates_same_ctx_pert,observed,0.072179995
across_replicates_same_ctx_pert,observed,0.03646795
across_replicates_same_ctx_pert,observed,0.6027161
across_replicates_same_ctx_pert,observed,0.03048798
across_replicates_same_ctx_pert,observed,0.03048798
across_replicates_same_ctx_pert,observed,0.044525933
across_replicates_same_ctx_pert,observed,0.029235592
across_replicates_same_ctx_pert,observed,0.029235592
across_replicates_same_ctx_pert,observed,0.029235592
across_replicates_same_ctx_pert,observed,0.03791802
across_replicates_same_ctx_pert,observed,0.4938749
across_replicates_same_ctx_pert,observed,0.01754406
across_replicates_same_ctx_pert,observed,0.0062535475
across_replicates_same_ctx_pert,observed,0.04317196
across_replicates_same_ctx_pert,observed,0.07400498
across_replicates_same_ctx_pert,observed,0.014503168
across_replicates_same_ctx_pert,observed,0.002211374
across_replicates_same_ctx_pert,observed,0.42544687
across_replicates_same_ctx_pert,observed,0.058029953
across_replicates_same_ctx_pert,observed,0.03793808
across_replicates_same_ctx_pert,observed,0.06429443
across_replicates_same_ctx_pert,observed,0.058029953
across_replicates_same_ctx_pert,observed,0.040263955
across_replicates_same_ctx_pert,observed,0.03748912
across_replicates_same_ctx_pert,observed,0.07771864
across_replicates_same_ctx_pert,observed,0.068220176
across_replicates_same_ctx_pert,observed,0.6001601
across_replicates_same_ctx_pert,observed,0.013713775
across_replicates_same_ctx_pert,observed,0.6223854
across_replicates_same_ctx_pert,observed,0.036288984
across_replicates_same_ctx_pert,observed,0.07413187
across_replicates_same_ctx_pert,observed,0.07514889
across_replicates_same_ctx_pert,observed,0.036288984
across_replicates_same_ctx_pert,observed,0.0813003
across_replicates_same_ctx_pert,observed,0.03750382
across_replicates_same_ctx_pert,observed,0.023554672
across_replicates_same_ctx_pert,observed,0.058581028
across_replicates_same_ctx_pert,observed,-0.0061011123
across_replicates_same_ctx_pert,observed,0.6295213
across_replicates_same_ctx_pert,observed,0.5245939
across_replicates_same_ctx_pert,observed,0.03713804
across_replicates_same_ctx_pert,observed,0.082693666
across_replicates_same_ctx_pert,observed,0.6213656
across_replicates_same_ctx_pert,observed,0.17040688
across_replicates_same_ctx_pert,observed,0.4287654
across_replicates_same_ctx_pert,observed,0.380253
across_replicates_same_ctx_pert,observed,0.1767794
across_replicates_same_ctx_pert,observed,0.43983373
across_replicates_same_ctx_pert,observed,0.17040688
across_replicates_same_ctx_pert,observed,0.57493186
across_replicates_same_ctx_pert,observed,0.069786966
across_replicates_same_ctx_pert,observed,0.0667985
across_replicates_same_ctx_pert,observed,0.4943942
across_replicates_same_ctx_pert,observed,0.018041208
across_replicates_same_ctx_pert,observed,0.47008896
across_replicates_same_ctx_pert,observed,0.038953114
across_replicates_same_ctx_pert,observed,-0.0009081653
across_replicates_same_ctx_pert,observed,0.59727156
across_replicates_same_ctx_pert,observed,0.017685557
across_replicates_same_ctx_pert,observed,0.59727156
across_replicates_same_ctx_pert,observed,0.4443856
across_replicates_same_ctx_pert,observed,0.15658703
across_replicates_same_ctx_pert,observed,0.15658703
across_replicates_same_ctx_pert,observed,0.075031266
across_replicates_same_ctx_pert,observed,0.07151293
across_replicates_same_ctx_pert,observed,0.27557582
across_replicates_same_ctx_pert,observed,0.15658703
across_replicates_same_ctx_pert,observed,0.041451573
across_replicates_same_ctx_pert,observed,0.040233642
across_replicates_same_ctx_pert,observed,0.01916564
across_replicates_same_ctx_pert,observed,0.5548885
across_replicates_same_ctx_pert,observed,-0.017016705
across_replicates_same_ctx_pert,observed,0.064325355
across_replicates_same_ctx_pert,observed,0.076029524
across_replicates_same_ctx_pert,observed,0.03938519
across_replicates_same_ctx_pert,observed,0.6337322
across_replicates_same_ctx_pert,observed,0.040463157
across_replicates_same_ctx_pert,observed,0.4080455
across_replicates_same_ctx_pert,observed,0.416788
across_replicates_same_ctx_pert,observed,0.42319065
across_replicates_same_ctx_pert,observed,0.77616704
across_replicates_same_ctx_pert,observed,0.2988925
across_replicates_same_ctx_pert,observed,0.33898175
across_replicates_same_ctx_pert,observed,0.4080455
across_replicates_same_ctx_pert,observed,0.061478563
across_replicates_same_ctx_pert,observed,0.6120948
across_replicates_same_ctx_pert,observed,0.053364895
across_replicates_same_ctx_pert,observed,0.6019214
across_replicates_same_ctx_pert,observed,0.03671658
across_replicates_same_ctx_pert,observed,0.6271198
across_replicates_same_ctx_pert,observed,0.17026561
across_replicates_same_ctx_pert,observed,0.09693841
across_replicates_same_ctx_pert,observed,0.6271198
across_replicates_same_ctx_pert,observed,0.55934244
across_replicates_same_ctx_pert,observed,0.08567706
across_replicates_same_ctx_pert,observed,0.5289415
across_replicates_same_ctx_pert,observed,0.07404455
across_replicates_same_ctx_pert,observed,0.07404455
across_replicates_same_ctx_pert,observed,0.019021135
across_replicates_same_ctx_pert,observed,0.53461784
across_replicates_same_ctx_pert,observed,-0.007847946
across_replicates_same_ctx_pert,observed,-0.02585781
across_replicates_same_ctx_pert,observed,-0.006755677
across_replicates_same_ctx_pert,observed,0.03755643
across_replicates_same_ctx_pert,observed,0.047040552
across_replicates_same_ctx_pert,observed,-0.006755677
across_replicates_same_ctx_pert,observed,-0.01533711
across_replicates_same_ctx_pert,observed,0.051654276
across_replicates_same_ctx_pert,observed,-0.029989773
across_replicates_same_ctx_pert,observed,0.06020779
across_replicates_same_ctx_pert,observed,0.62221533
across_replicates_same_ctx_pert,observed,0.56702644
across_replicates_same_ctx_pert,observed,0.018013788
across_replicates_same_ctx_pert,observed,0.051184945
across_replicates_same_ctx_pert,observed,0.027678158
across_replicates_same_ctx_pert,observed,0.060857017
across_replicates_same_ctx_pert,observed,0.056178417
across_replicates_same_ctx_pert,observed,0.059455432
across_replicates_same_ctx_pert,observed,0.59896773
across_replicates_same_ctx_pert,observed,0.06540287
across_replicates_same_ctx_pert,observed,0.085625626
across_replicates_same_ctx_pert,observed,0.017648447
across_replicates_same_ctx_pert,observed,0.010746043
across_replicates_same_ctx_pert,observed,0.0061126607
across_replicates_same_ctx_pert,observed,0.017648447
across_replicates_same_ctx_pert,observed,-0.012960762
across_replicates_same_ctx_pert,observed,0.588127
across_replicates_same_ctx_pert,observed,0.04482503
across_replicates_same_ctx_pert,observed,0.5863256
across_replicates_same_ctx_pert,observed,0.07653473
across_replicates_same_ctx_pert,observed,0.022783553
across_replicates_same_ctx_pert,observed,0.015987467
across_replicates_same_ctx_pert,observed,0.075138435
across_replicates_same_ctx_pert,observed,-0.00777304
across_replicates_same_ctx_pert,observed,0.024389459
across_replicates_same_ctx_pert,observed,0.03426186
across_replicates_same_ctx_pert,observed,0.032962702
across_replicates_same_ctx_pert,observed,0.03426186
across_replicates_same_ctx_pert,observed,0.030113004
across_replicates_same_ctx_pert,observed,0.062017385
across_replicates_same_ctx_pert,observed,0.060704116
across_replicates_same_ctx_pert,observed,0.06453287
across_replicates_same_ctx_pert,observed,0.062017385
across_replicates_same_ctx_pert,observed,0.068731986
across_replicates_same_ctx_pert,observed,0.058989957
across_replicates_same_ctx_pert,observed,0.58116585
across_replicates_same_ctx_pert,observed,-0.0007119397
across_replicates_same_ctx_pert,observed,0.049203996
across_replicates_same_ctx_pert,observed,0.049203996
across_replicates_same_ctx_pert,observed,0.5583226
across_replicates_same_ctx_pert,observed,0.049747378
across_replicates_same_ctx_pert,observed,0.012336412
across_replicates_same_ctx_pert,observed,0.5613137
across_replicates_same_ctx_pert,observed,0.01459315
across_replicates_same_ctx_pert,observed,0.045198258
across_replicates_same_ctx_pert,observed,0.077558234
across_replicates_same_ctx_pert,observed,0.05570097
across_replicates_same_ctx_pert,observed,0.06027833
across_replicates_same_ctx_pert,observed,0.6003784
across_replicates_same_ctx_pert,observed,0.062212948
across_replicates_same_ctx_pert,observed,0.04501261
across_replicates_same_ctx_pert,observed,0.02683955
across_replicates_same_ctx_pert,observed,0.054045487
across_replicates_same_ctx_pert,observed,0.5307053
across_replicates_same_ctx_pert,observed,0.038296692
across_replicates_same_ctx_pert,observed,0.5307053
across_replicates_same_ctx_pert,observed,-0.0038465578
across_replicates_same_ctx_pert,observed,0.48570013
across_replicates_same_ctx_pert,observed,0.05812258
across_replicates_same_ctx_pert,observed,0.49191517
across_replicates_same_ctx_pert,observed,0.49191517
across_replicates_same_ctx_pert,observed,0.027806027
across_replicates_same_ctx_pert,observed,0.60689396
across_replicates_same_ctx_pert,observed,0.055466678
across_replicates_same_ctx_pert,observed,0.032710608
across_replicates_same_ctx_pert,observed,0.028563572
across_replicates_same_ctx_pert,observed,0.5395271
across_replicates_same_ctx_pert,observed,0.6210256
across_replicates_same_ctx_pert,observed,0.014219684
across_replicates_same_ctx_pert,observed,0.03246458
across_replicates_same_ctx_pert,observed,0.68166286
across_replicates_same_ctx_pert,observed,0.61000466
across_replicates_same_ctx_pert,observed,0.09480451
across_replicates_same_ctx_pert,observed,0.033235583
across_replicates_same_ctx_pert,observed,0.024966206
across_replicates_same_ctx_pert,observed,0.024966206
across_replicates_same_ctx_pert,observed,0.6002498
across_replicates_same_ctx_pert,observed,0.01982952
across_replicates_same_ctx_pert,observed,0.043245535
across_replicates_same_ctx_pert,observed,0.036269795
across_replicates_same_ctx_pert,observed,0.05438239
across_replicates_same_ctx_pert,observed,0.027059937
across_replicates_same_ctx_pert,observed,0.05430724
across_replicates_same_ctx_pert,observed,0.051546633
across_replicates_same_ctx_pert,observed,0.5611475
across_replicates_same_ctx_pert,observed,-0.0030130567
across_replicates_same_ctx_pert,observed,0.03606167
across_replicates_same_ctx_pert,observed,0.55226743
across_replicates_same_ctx_pert,observed,0.06364495
across_replicates_same_ctx_pert,observed,0.51857245
across_replicates_same_ctx_pert,observed,0.045862257
across_replicates_same_ctx_pert,observed,0.0826957
across_replicates_same_ctx_pert,observed,0.07496132
across_replicates_same_ctx_pert,observed,0.53899616
across_replicates_same_ctx_pert,observed,0.06007866
across_replicates_same_ctx_pert,observed,0.076193236
across_replicates_same_ctx_pert,observed,0.027605593
across_replicates_same_ctx_pert,observed,0.64099485
across_replicates_same_ctx_pert,observed,0.03543336
across_replicates_same_ctx_pert,observed,0.05103885
across_replicates_same_ctx_pert,observed,0.64099485
across_replicates_same_ctx_pert,observed,0.57064444
across_replicates_same_ctx_pert,observed,0.5745046
across_replicates_same_ctx_pert,observed,-0.010019649
across_replicates_same_ctx_pert,observed,0.07904371
across_replicates_same_ctx_pert,observed,0.032966558
across_replicates_same_ctx_pert,observed,0.0484944
across_replicates_same_ctx_pert,observed,-0.006436758
across_replicates_same_ctx_pert,observed,0.050273836
across_replicates_same_ctx_pert,observed,0.04664122
across_replicates_same_ctx_pert,observed,-0.006436758
across_replicates_same_ctx_pert,observed,0.6200946
across_replicates_same_ctx_pert,observed,0.059321076
across_replicates_same_ctx_pert,observed,0.5252149
across_replicates_same_ctx_pert,observed,0.19549842
across_replicates_same_ctx_pert,observed,0.053845115
across_replicates_same_ctx_pert,observed,0.17593805
across_replicates_same_ctx_pert,observed,0.20079422
across_replicates_same_ctx_pert,observed,0.02423671
across_replicates_same_ctx_pert,observed,0.061706632
across_replicates_same_ctx_pert,observed,0.063836955
across_replicates_same_ctx_pert,observed,0.062292892
across_replicates_same_ctx_pert,observed,0.6321268
across_replicates_same_ctx_pert,observed,0.55628425
across_replicates_same_ctx_pert,observed,0.06595151
across_replicates_same_ctx_pert,observed,0.06487426
across_replicates_same_ctx_pert,observed,0.06487426
across_replicates_same_ctx_pert,observed,0.03501456
across_replicates_same_ctx_pert,observed,0.06355533
across_replicates_same_ctx_pert,observed,0.60024196
across_replicates_same_ctx_pert,observed,0.061450273
across_replicates_same_ctx_pert,observed,0.0853868
across_replicates_same_ctx_pert,observed,0.061450273
across_replicates_same_ctx_pert,observed,0.053526048
across_replicates_same_ctx_pert,observed,0.49966165
across_replicates_same_ctx_pert,observed,0.49966165
across_replicates_same_ctx_pert,observed,0.49966165
across_replicates_same_ctx_pert,observed,0.017101191
across_replicates_same_ctx_pert,observed,0.53017807
across_replicates_same_ctx_pert,observed,0.06564684
across_replicates_same_ctx_pert,observed,0.04077466
across_replicates_same_ctx_pert,observed,0.5648951
across_replicates_same_ctx_pert,observed,0.058874898
across_replicates_same_ctx_pert,observed,0.022990746
across_replicates_same_ctx_pert,observed,0.02004177
across_replicates_same_ctx_pert,observed,0.02004177
across_replicates_same_ctx_pert,observed,0.5957556
across_replicates_same_ctx_pert,observed,0.022451479
across_replicates_same_ctx_pert,observed,0.6235237
across_replicates_same_ctx_pert,observed,0.053888217
across_replicates_same_ctx_pert,observed,0.07367595
across_replicates_same_ctx_pert,observed,0.024898151
across_replicates_same_ctx_pert,observed,0.024898151
across_replicates_same_ctx_pert,observed,0.03717945
across_replicates_same_ctx_pert,observed,0.089807175
across_replicates_same_ctx_pert,observed,0.089807175
across_replicates_same_ctx_pert,observed,0.043051958
across_replicates_same_ctx_pert,observed,0.022492306
across_replicates_same_ctx_pert,observed,0.048156437
across_replicates_same_ctx_pert,observed,0.5999739
across_replicates_same_ctx_pert,observed,0.049833875
across_replicates_same_ctx_pert,observed,0.043051958
across_replicates_same_ctx_pert,observed,0.5005768
across_replicates_same_ctx_pert,observed,0.61416054
across_replicates_same_ctx_pert,observed,0.65213645
across_replicates_same_ctx_pert,observed,0.18691559
across_replicates_same_ctx_pert,observed,0.16663107
across_replicates_same_ctx_pert,observed,0.1657849
across_replicates_same_ctx_pert,observed,0.08004185
across_replicates_same_ctx_pert,observed,0.062302254
across_replicates_same_ctx_pert,observed,-0.0023238808
across_replicates_same_ctx_pert,observed,0.062302254
across_replicates_same_ctx_pert,observed,0.100347795
across_replicates_same_ctx_pert,observed,0.5234846
across_replicates_same_ctx_pert,observed,0.14659765
across_replicates_same_ctx_pert,observed,0.11086394
across_replicates_same_ctx_pert,observed,0.051854122
across_replicates_same_ctx_pert,observed,0.048823446
across_replicates_same_ctx_pert,observed,0.048823446
across_replicates_same_ctx_pert,observed,0.63741326
across_replicates_same_ctx_pert,observed,0.65180796
across_replicates_same_ctx_pert,observed,0.032068554
across_replicates_same_ctx_pert,observed,0.65180796
across_replicates_same_ctx_pert,observed,0.07637231
across_replicates_same_ctx_pert,observed,0.058901586
across_replicates_same_ctx_pert,observed,0.04092394
across_replicates_same_ctx_pert,observed,0.0745517
across_replicates_same_ctx_pert,observed,0.0745517
across_replicates_same_ctx_pert,observed,0.02591288
across_replicates_same_ctx_pert,observed,0.50283694
across_replicates_same_ctx_pert,observed,0.056564428
across_replicates_same_ctx_pert,observed,0.004805571
across_replicates_same_ctx_pert,observed,0.5523099
across_replicates_same_ctx_pert,observed,0.020661274
across_replicates_same_ctx_pert,observed,0.54365194
across_replicates_same_ctx_pert,observed,0.54365194
across_replicates_same_ctx_pert,observed,0.014751316
across_replicates_same_ctx_pert,observed,0.049553905
across_replicates_same_ctx_pert,observed,0.023590177
across_replicates_same_ctx_pert,observed,0.03594754
across_replicates_same_ctx_pert,observed,0.567099
across_replicates_same_ctx_pert,observed,0.03594754
across_replicates_same_ctx_pert,observed,0.05501462
across_replicates_same_ctx_pert,observed,-0.008078146
across_replicates_same_ctx_pert,observed,0.071715765
across_replicates_same_ctx_pert,observed,0.53862137
across_replicates_same_ctx_pert,observed,0.5517166
across_replicates_same_ctx_pert,observed,0.0739016
across_replicates_same_ctx_pert,observed,0.0739016
across_replicates_same_ctx_pert,observed,0.026694529
across_replicates_same_ctx_pert,observed,0.008785666
across_replicates_same_ctx_pert,observed,0.07284008
across_replicates_same_ctx_pert,observed,0.09714347
across_replicates_same_ctx_pert,observed,0.54780114
across_replicates_same_ctx_pert,observed,0.07284008
across_replicates_same_ctx_pert,observed,0.09714347
across_replicates_same_ctx_pert,observed,0.026755517
across_replicates_same_ctx_pert,observed,0.08701862
across_replicates_same_ctx_pert,observed,0.04391387
across_replicates_same_ctx_pert,observed,0.5700566
across_replicates_same_ctx_pert,observed,0.026755517
across_replicates_same_ctx_pert,observed,0.048101615
across_replicates_same_ctx_pert,observed,0.03346623
across_replicates_same_ctx_pert,observed,0.031132866
across_replicates_same_ctx_pert,observed,0.031132866
across_replicates_same_ctx_pert,observed,0.020471271
across_replicates_same_ctx_pert,observed,0.5423984
across_replicates_same_ctx_pert,observed,0.023401253
across_replicates_same_ctx_pert,observed,0.068091676
across_replicates_same_ctx_pert,observed,0.050081633
across_replicates_same_ctx_pert,observed,0.52992123
across_replicates_same_ctx_pert,observed,0.049801666
across_replicates_same_ctx_pert,observed,0.03711112
across_replicates_same_ctx_pert,observed,0.54436135
across_replicates_same_ctx_pert,observed,0.052975394
across_replicates_same_ctx_pert,observed,0.073947504
across_replicates_same_ctx_pert,observed,0.061950613
across_replicates_same_ctx_pert,observed,0.10670187
across_replicates_same_ctx_pert,observed,0.072616406
across_replicates_same_ctx_pert,observed,0.045410395
across_replicates_same_ctx_pert,observed,0.049222454
across_replicates_same_ctx_pert,observed,0.008852994
across_replicates_same_ctx_pert,null,-0.051373944
across_replicates_same_ctx_pert,null,-0.044891402
across_replicates_same_ctx_pert,null,-0.030265994
across_replicates_same_ctx_pert,null,-0.007431998
across_replicates_same_ctx_pert,null,-0.031018991
across_replicates_same_ctx_pert,null,-0.013709293
across_replicates_same_ctx_pert,null,-0.10722888
across_replicates_same_ctx_pert,null,-0.040490076
across_replicates_same_ctx_pert,null,-0.054808598
across_replicates_same_ctx_pert,null,-0.03163842
across_replicates_same_ctx_pert,null,0.031537097
across_replicates_same_ctx_pert,null,-0.026534257
across_replicates_same_ctx_pert,null,0.002488006
across_replicates_same_ctx_pert,null,0.057003368
across_replicates_same_ctx_pert,null,-0.018694056
across_replicates_same_ctx_pert,null,0.07528206
across_replicates_same_ctx_pert,null,0.02233309
across_replicates_same_ctx_pert,null,0.012537505
across_replicates_same_ctx_pert,null,0.0026388518
across_replicates_same_ctx_pert,null,0.003030424
across_replicates_same_ctx_pert,null,-0.04171709
across_replicates_same_ctx_pert,null,-0.055664293
across_replicates_same_ctx_pert,null,-0.005897843
across_replicates_same_ctx_pert,null,-0.011790075
across_replicates_same_ctx_pert,null,-0.0106924055
across_replicates_same_ctx_pert,null,0.074603274
across_replicates_same_ctx_pert,null,-0.009023046
across_replicates_same_ctx_pert,null,0.054431442
across_replicates_same_ctx_pert,null,-0.03997539
across_replicates_same_ctx_pert,null,0.0076867337
across_replicates_same_ctx_pert,null,-0.044319022
across_replicates_same_ctx_pert,null,0.009547267
across_replicates_same_ctx_pert,null,0.031157006
across_replicates_same_ctx_pert,null,0.0012418665
across_replicates_same_ctx_pert,null,0.043863952
across_replicates_same_ctx_pert,null,-0.053495366
across_replicates_same_ctx_pert,null,-0.008302894
across_replicates_same_ctx_pert,null,-0.035609018
across_replicates_same_ctx_pert,null,0.030020263
across_replicates_same_ctx_pert,null,-0.028936235
across_replicates_same_ctx_pert,null,0.044202268
across_replicates_same_ctx_pert,null,-0.013448982
across_replicates_same_ctx_pert,null,-0.02846855
across_replicates_same_ctx_pert,null,-0.014437416
across_replicates_same_ctx_pert,null,-0.032608964
across_replicates_same_ctx_pert,null,0.03504151
across_replicates_same_ctx_pert,null,-0.032254435
across_replicates_same_ctx_pert,null,-0.02489112
across_replicates_same_ctx_pert,null,-0.012795947
across_replicates_same_ctx_pert,null,0.04363148
across_replicates_same_ctx_pert,null,0.003580221
across_replicates_same_ctx_pert,null,0.013464804
across_replicates_same_ctx_pert,null,0.0913744
across_replicates_same_ctx_pert,null,-0.01433191
across_replicates_same_ctx_pert,null,-0.012333669
across_replicates_same_ctx_pert,null,0.0035190473
across_replicates_same_ctx_pert,null,-0.001561198
across_replicates_same_ctx_pert,null,-0.013931405
across_replicates_same_ctx_pert,null,0.07994601
across_replicates_same_ctx_pert,null,-0.03107833
across_replicates_same_ctx_pert,null,-0.009728926
across_replicates_same_ctx_pert,null,0.06135277
across_replicates_same_ctx_pert,null,-0.021536145
across_replicates_same_ctx_pert,null,-0.021397732
across_replicates_same_ctx_pert,null,0.089484245
across_replicates_same_ctx_pert,null,0.06938397
across_replicates_same_ctx_pert,null,0.029953675
across_replicates_same_ctx_pert,null,-0.054584924
across_replicates_same_ctx_pert,null,-0.02734147
across_replicates_same_ctx_pert,null,-0.025511896
across_replicates_same_ctx_pert,null,-0.01352437
across_replicates_same_ctx_pert,null,-0.060914177
across_replicates_same_ctx_pert,null,-0.008460421
across_replicates_same_ctx_pert,null,0.035434097
across_replicates_same_ctx_pert,null,-0.021861289
across_replicates_same_ctx_pert,null,0.033603538
across_replicates_same_ctx_pert,null,-0.008754547
across_replicates_same_ctx_pert,null,-0.016418312
across_replicates_same_ctx_pert,null,-0.04773549
across_replicates_same_ctx_pert,null,0.015323591
across_replicates_same_ctx_pert,null,-0.010056737
across_replicates_same_ctx_pert,null,0.018428892
across_replicates_same_ctx_pert,null,-0.07728124
across_replicates_same_ctx_pert,null,0.026783425
across_replicates_same_ctx_pert,null,-0.040823933
across_replicates_same_ctx_pert,null,0.02682201
across_replicates_same_ctx_pert,null,-0.039356004
across_replicates_same_ctx_pert,null,0.012019768
across_replicates_same_ctx_pert,null,0.03852463
across_replicates_same_ctx_pert,null,0.056174286
across_replicates_same_ctx_pert,null,0.011390403
across_replicates_same_ctx_pert,null,-0.062721305
across_replicates_same_ctx_pert,null,-0.027014641
across_replicates_same_ctx_pert,null,-0.018544517
across_replicates_same_ctx_pert,null,0.006442101
across_replicates_same_ctx_pert,null,-0.031989854
across_replicates_same_ctx_pert,null,-0.07679866
across_replicates_same_ctx_pert,null,-0.033762652
across_replicates_same_ctx_pert,null,-0.026700687
across_replicates_same_ctx_pert,null,0.0042465664
across_replicates_same_ctx_pert,null,-0.035070393
across_replicates_same_ctx_pert,null,-0.0064477925
across_replicates_same_ctx_pert,null,0.0044143377
across_replicates_same_ctx_pert,null,-0.031439118
across_replicates_same_ctx_pert,null,-0.0073949196
across_replicates_same_ctx_pert,null,-0.065156356
across_replicates_same_ctx_pert,null,-0.045503937
across_replicates_same_ctx_pert,null,0.04225032
across_replicates_same_ctx_pert,null,-0.03136934
across_replicates_same_ctx_pert,null,0.035393666
across_replicates_same_ctx_pert,null,-0.027485885
across_replicates_same_ctx_pert,null,0.006326607
across_replicates_same_ctx_pert,null,-0.05706941
across_replicates_same_ctx_pert,null,0.091606244
across_replicates_same_ctx_pert,null,-0.011960432
across_replicates_same_ctx_pert,null,0.0097824475
across_replicates_same_ctx_pert,null,0.043585986
across_replicates_same_ctx_pert,null,0.032474846
across_replicates_same_ctx_pert,null,0.083592124
across_replicates_same_ctx_pert,null,-0.09531166
across_replicates_same_ctx_pert,null,-0.03707057
across_replicates_same_ctx_pert,null,0.024197914
across_replicates_same_ctx_pert,null,-0.040475886
across_replicates_same_ctx_pert,null,-0.017304381
across_replicates_same_ctx_pert,null,-0.012626997
across_replicates_same_ctx_pert,null,0.024571536
across_replicates_same_ctx_pert,null,0.0022333313
across_replicates_same_ctx_pert,null,-0.015711227
across_replicates_same_ctx_pert,null,-0.018584793
across_replicates_same_ctx_pert,null,-0.00473425
across_replicates_same_ctx_pert,null,-0.0012771568
across_replicates_same_ctx_pert,null,-0.011485186
across_replicates_same_ctx_pert,null,-0.005817591
across_replicates_same_ctx_pert,null,-0.041028786
across_replicates_same_ctx_pert,null,-0.02401749
across_replicates_same_ctx_pert,null,-0.062066365
across_replicates_same_ctx_pert,null,-0.022783812
across_replicates_same_ctx_pert,null,-0.03781666
across_replicates_same_ctx_pert,null,-0.030519964
across_replicates_same_ctx_pert,null,-0.01676216
across_replicates_same_ctx_pert,null,0.05465416
across_replicates_same_ctx_pert,null,0.008627454
across_replicates_same_ctx_pert,null,0.0047937436
across_replicates_same_ctx_pert,null,-0.012903604
across_replicates_same_ctx_pert,null,-0.020098835
across_replicates_same_ctx_pert,null,-0.041511063
across_replicates_same_ctx_pert,null,-0.008344341
across_replicates_same_ctx_pert,null,-0.038316675
across_replicates_same_ctx_pert,null,-0.023385448
across_replicates_same_ctx_pert,null,-0.050658785
across_replicates_same_ctx_pert,null,0.046846952
across_replicates_same_ctx_pert,null,-0.012337084
across_replicates_same_ctx_pert,null,-0.015159569
across_replicates_same_ctx_pert,null,0.04979664
across_replicates_same_ctx_pert,null,-0.057051744
across_replicates_same_ctx_pert,null,-0.0082178125
across_replicates_same_ctx_pert,null,0.0062593143
across_replicates_same_ctx_pert,null,-0.052229904
across_replicates_same_ctx_pert,null,-0.031734854
across_replicates_same_ctx_pert,null,0.032383483
across_replicates_same_ctx_pert,null,0.008147674
across_replicates_same_ctx_pert,null,-0.008698212
across_replicates_same_ctx_pert,null,0.0075368965
across_replicates_same_ctx_pert,null,0.004417006
across_replicates_same_ctx_pert,null,-0.014136042
across_replicates_same_ctx_pert,null,0.10205783
across_replicates_same_ctx_pert,null,-0.038954355
across_replicates_same_ctx_pert,null,-0.047893874
across_replicates_same_ctx_pert,null,0.0051585888
across_replicates_same_ctx_pert,null,-0.044843238
across_replicates_same_ctx_pert,null,-0.025273675
across_replicates_same_ctx_pert,null,-0.015394925
across_replicates_same_ctx_pert,null,-0.012312313
across_replicates_same_ctx_pert,null,0.06595741
across_replicates_same_ctx_pert,null,0.08798861
across_replicates_same_ctx_pert,null,-0.05066162
across_replicates_same_ctx_pert,null,-0.009002786
across_replicates_same_ctx_pert,null,0.056499634
across_replicates_same_ctx_pert,null,0.047355708
across_replicates_same_ctx_pert,null,0.03377079
across_replicates_same_ctx_pert,null,0.10789597
across_replicates_same_ctx_pert,null,-0.005793004
across_replicates_same_ctx_pert,null,0.0668162
across_replicates_same_ctx_pert,null,-0.039759487
across_replicates_same_ctx_pert,null,0.07330803
across_replicates_same_ctx_pert,null,0.10898453
across_replicates_same_ctx_pert,null,0.09546849
across_replicates_same_ctx_pert,null,-0.029151037
across_replicates_same_ctx_pert,null,-0.026256151
across_replicates_same_ctx_pert,null,-0.04083071
across_replicates_same_ctx_pert,null,-0.0022716026
across_replicates_same_ctx_pert,null,-0.037714824
across_replicates_same_ctx_pert,null,0.021310603
across_replicates_same_ctx_pert,null,-0.0053613223
across_replicates_same_ctx_pert,null,0.047577817
across_replicates_same_ctx_pert,null,-0.032684803
across_replicates_same_ctx_pert,null,0.011542709
across_replicates_same_ctx_pert,null,-0.050048694
across_replicates_same_ctx_pert,null,0.016264772
across_replicates_same_ctx_pert,null,-0.061985552
across_replicates_same_ctx_pert,null,0.083716504
across_replicates_same_ctx_pert,null,-0.023697339
across_replicates_same_ctx_pert,null,-0.011627009
across_replicates_same_ctx_pert,null,0.0065005827
across_replicates_same_ctx_pert,null,-0.021370959
across_replicates_same_ctx_pert,null,-0.06038701
across_replicates_same_ctx_pert,null,-0.02086336
across_replicates_same_ctx_pert,null,-0.007051153
across_replicates_same_ctx_pert,null,0.06170554
across_replicates_same_ctx_pert,null,-0.005661687
across_replicates_same_ctx_pert,null,-0.044102233
across_replicates_same_ctx_pert,null,0.026649667
across_replicates_same_ctx_pert,null,0.038982157
across_replicates_same_ctx_pert,null,-0.0037275532
across_replicates_same_ctx_pert,null,-0.04989906
across_replicates_same_ctx_pert,null,-0.065176815
across_replicates_same_ctx_pert,null,-0.026357232
across_replicates_same_ctx_pert,null,0.054383803
across_replicates_same_ctx_pert,null,-0.035074245
across_replicates_same_ctx_pert,null,0.00044116506
across_replicates_same_ctx_pert,null,-0.00822312
across_replicates_same_ctx_pert,null,0.0010290693
across_replicates_same_ctx_pert,null,-0.018265953
across_replicates_same_ctx_pert,null,0.016315069
across_replicates_same_ctx_pert,null,-0.040850367
across_replicates_same_ctx_pert,null,-0.04685308
across_replicates_same_ctx_pert,null,-0.039525885
across_replicates_same_ctx_pert,null,0.028889747
across_replicates_same_ctx_pert,null,-0.025015345
across_replicates_same_ctx_pert,null,0.055651445
across_replicates_same_ctx_pert,null,0.034663055
across_replicates_same_ctx_pert,null,-0.04566779
across_replicates_same_ctx_pert,null,0.03430124
across_replicates_same_ctx_pert,null,0.031795256
across_replicates_same_ctx_pert,null,-0.009274926
across_replicates_same_ctx_pert,null,-0.03202784
across_replicates_same_ctx_pert,null,-0.0063392012
across_replicates_same_ctx_pert,null,-0.022343103
across_replicates_same_ctx_pert,null,-0.042557817
across_replicates_same_ctx_pert,null,-0.058930956
across_replicates_same_ctx_pert,null,0.040830355
across_replicates_same_ctx_pert,null,-0.016482683
across_replicates_same_ctx_pert,null,0.04988978
across_replicates_same_ctx_pert,null,-0.005261108
across_replicates_same_ctx_pert,null,-0.009325584
across_replicates_same_ctx_pert,null,0.013951442
across_replicates_same_ctx_pert,null,0.011046177
across_replicates_same_ctx_pert,null,0.0643224
across_replicates_same_ctx_pert,null,0.0044105807
across_replicates_same_ctx_pert,null,-0.044291113
across_replicates_same_ctx_pert,null,-0.037733756
across_replicates_same_ctx_pert,null,-0.008346191
across_replicates_same_ctx_pert,null,-0.0146342395
across_replicates_same_ctx_pert,null,-0.014349761
across_replicates_same_ctx_pert,null,-0.019802142
across_replicates_same_ctx_pert,null,-0.018856052
across_replicates_same_ctx_pert,null,0.081452556
across_replicates_same_ctx_pert,null,0.0018904165
across_replicates_same_ctx_pert,null,0.03010818
across_replicates_same_ctx_pert,null,-0.037118282
across_replicates_same_ctx_pert,null,0.086892135
across_replicates_same_ctx_pert,null,-0.03062717
across_replicates_same_ctx_pert,null,0.0054773022
across_replicates_same_ctx_pert,null,-0.018019527
across_replicates_same_ctx_pert,null,-0.06871974
across_replicates_same_ctx_pert,null,0.03257297
across_replicates_same_ctx_pert,null,0.051642206
across_replicates_same_ctx_pert,null,-0.04305279
across_replicates_same_ctx_pert,null,-0.030449202
across_replicates_same_ctx_pert,null,0.049253095
across_replicates_same_ctx_pert,null,-0.037640754
across_replicates_same_ctx_pert,null,-0.029689902
across_replicates_same_ctx_pert,null,0.014989651
across_replicates_same_ctx_pert,null,-0.011163544
across_replicates_same_ctx_pert,null,-0.013379815
across_replicates_same_ctx_pert,null,0.069262005
across_replicates_same_ctx_pert,null,-0.004653153
across_replicates_same_ctx_pert,null,-0.07230979
across_replicates_same_ctx_pert,null,-0.02632978
across_replicates_same_ctx_pert,null,-0.060838375
across_replicates_same_ctx_pert,null,-0.0111670345
across_replicates_same_ctx_pert,null,-0.0117850825
across_replicates_same_ctx_pert,null,0.016802518
across_replicates_same_ctx_pert,null,-0.04363546
across_replicates_same_ctx_pert,null,0.07457492
across_replicates_same_ctx_pert,null,0.066363275
across_replicates_same_ctx_pert,null,0.007740904
across_replicates_same_ctx_pert,null,-0.019229999
across_replicates_same_ctx_pert,null,0.00036369343
across_replicates_same_ctx_pert,null,-0.046634775
across_replicates_same_ctx_pert,null,-0.04949994
across_replicates_same_ctx_pert,null,-0.052912932
across_replicates_same_ctx_pert,null,0.08648212
across_replicates_same_ctx_pert,null,-0.01779294
across_replicates_same_ctx_pert,null,-0.03260451
across_replicates_same_ctx_pert,null,-0.023778277
across_replicates_same_ctx_pert,null,-0.010466864
across_replicates_same_ctx_pert,null,0.0058011254
across_replicates_same_ctx_pert,null,0.02635648
across_replicates_same_ctx_pert,null,-0.011013581
across_replicates_same_ctx_pert,null,0.0069067264
across_replicates_same_ctx_pert,null,0.008600469
across_replicates_same_ctx_pert,null,-0.05557522
across_replicates_same_ctx_pert,null,-0.073901765
across_replicates_same_ctx_pert,null,-0.00055645755
across_replicates_same_ctx_pert,null,-0.01579082
across_replicates_same_ctx_pert,null,-0.029512864
across_replicates_same_ctx_pert,null,-0.01792231
across_replicates_same_ctx_pert,null,-0.022576092
across_replicates_same_ctx_pert,null,0.003236643
across_replicates_same_ctx_pert,null,-0.03281087
across_replicates_same_ctx_pert,null,0.002796678
across_replicates_same_ctx_pert,null,0.018145945
across_replicates_same_ctx_pert,null,0.03430751
across_replicates_same_ctx_pert,null,-0.11768352
across_replicates_same_ctx_pert,null,-0.025433967
across_replicates_same_ctx_pert,null,0.047391843
across_replicates_same_ctx_pert,null,-0.009456171
across_replicates_same_ctx_pert,null,0.067583814
across_replicates_same_ctx_pert,null,0.11833277
across_replicates_same_ctx_pert,null,0.021516258
across_replicates_same_ctx_pert,null,-0.028125897
across_replicates_same_ctx_pert,null,0.08013684
across_replicates_same_ctx_pert,null,-0.0556977
across_replicates_same_ctx_pert,null,-0.0067053074
across_replicates_same_ctx_pert,null,-0.019476725
across_replicates_same_ctx_pert,null,0.062325772
across_replicates_same_ctx_pert,null,-0.027157651
across_replicates_same_ctx_pert,null,-0.019693486
across_replicates_same_ctx_pert,null,-0.0029743328
across_replicates_same_ctx_pert,null,0.054908257
across_replicates_same_ctx_pert,null,-0.01522518
across_replicates_same_ctx_pert,null,-0.007340744
across_replicates_same_ctx_pert,null,0.014492884
across_replicates_same_ctx_pert,null,-0.035522193
across_replicates_same_ctx_pert,null,0.00015384401
across_replicates_same_ctx_pert,null,0.0030969838
across_replicates_same_ctx_pert,null,-0.050818007
across_replicates_same_ctx_pert,null,-0.01199757
across_replicates_same_ctx_pert,null,-0.038867638
across_replicates_same_ctx_pert,null,0.012415213
across_replicates_same_ctx_pert,null,-0.023653835
across_replicates_same_ctx_pert,null,-0.031479575
across_replicates_same_ctx_pert,null,-0.018143024
across_replicates_same_ctx_pert,null,-0.038637836
across_replicates_same_ctx_pert,null,0.021730017
across_replicates_same_ctx_pert,null,0.054469667
across_replicates_same_ctx_pert,null,-0.024949234
across_replicates_same_ctx_pert,null,0.059360385
across_replicates_same_ctx_pert,null,-0.021003516
across_replicates_same_ctx_pert,null,0.032273218
across_replicates_same_ctx_pert,null,-0.013496785
across_replicates_same_ctx_pert,null,0.018474469
across_replicates_same_ctx_pert,null,-0.043464568
across_replicates_same_ctx_pert,null,-0.021226885
across_replicates_same_ctx_pert,null,0.0499312
across_replicates_same_ctx_pert,null,-0.05452953
across_replicates_same_ctx_pert,null,0.011005932
across_replicates_same_ctx_pert,null,0.0516491
across_replicates_same_ctx_pert,null,0.00680682
across_replicates_same_ctx_pert,null,-0.0069510173
across_replicates_same_ctx_pert,null,-0.053108238
across_replicates_same_ctx_pert,null,0.022246584
across_replicates_same_ctx_pert,null,0.023340957
across_replicates_same_ctx_pert,null,0.009983666
across_replicates_same_ctx_pert,null,0.1111255
across_replicates_same_ctx_pert,null,-0.054671414
across_replicates_same_ctx_pert,null,0.0040210704
across_replicates_same_ctx_pert,null,-0.04193597
across_replicates_same_ctx_pert,null,-0.038296133
across_replicates_same_ctx_pert,null,-0.038927536
across_replicates_same_ctx_pert,null,0.0276624
across_replicates_same_ctx_pert,null,-0.030194674
across_replicates_same_ctx_pert,null,0.07192532
across_replicates_same_ctx_pert,null,0.06900266
across_replicates_same_ctx_pert,null,0.09918242
across_replicates_same_ctx_pert,null,0.0018894059
across_replicates_same_ctx_pert,null,0.002617387
across_replicates_same_ctx_pert,null,-0.027663175
across_replicates_same_ctx_pert,null,0.00303834
across_replicates_same_ctx_pert,null,-0.03338569
across_replicates_same_ctx_pert,null,-0.032906633
across_replicates_same_ctx_pert,null,0.077780254
across_replicates_same_ctx_pert,null,0.058723446
across_replicates_same_ctx_pert,null,0.059798654
across_replicates_same_ctx_pert,null,-0.02624669
across_replicates_same_ctx_pert,null,-0.004977022
across_replicates_same_ctx_pert,null,-0.013877291
across_replicates_same_ctx_pert,null,0.0036087746
across_replicates_same_ctx_pert,null,0.06090919
across_replicates_same_ctx_pert,null,-0.03704799
across_replicates_same_ctx_pert,null,0.0012221765
across_replicates_same_ctx_pert,null,-0.039733328
across_replicates_same_ctx_pert,null,0.030216536
across_replicates_same_ctx_pert,null,-0.019448142
across_replicates_same_ctx_pert,null,0.00033041107
across_replicates_same_ctx_pert,null,0.08317338
across_replicates_same_ctx_pert,null,-0.016433872
across_replicates_same_ctx_pert,null,-0.014016013
across_replicates_same_ctx_pert,null,-0.03211335
across_replicates_same_ctx_pert,null,0.015883192
across_replicates_same_ctx_pert,null,0.01788087
across_replicates_same_ctx_pert,null,-0.024236059
across_replicates_same_ctx_pert,null,0.022049846
across_replicates_same_ctx_pert,null,-0.042726994
across_replicates_same_ctx_pert,null,-0.049313396
across_replicates_same_ctx_pert,null,-0.014531841
across_replicates_same_ctx_pert,null,0.04526869
across_replicates_same_ctx_pert,null,0.006827838
across_replicates_same_ctx_pert,null,-0.004701585
across_replicates_same_ctx_pert,null,0.019086154
across_replicates_same_ctx_pert,null,-0.01796096
across_replicates_same_ctx_pert,null,-0.008435147
across_replicates_same_ctx_pert,null,0.082777135
across_replicates_same_ctx_pert,null,0.050086904
across_replicates_same_ctx_pert,null,-0.040380877
across_replicates_same_ctx_pert,null,0.011127235
across_replicates_same_ctx_pert,null,-0.08116145
across_replicates_same_ctx_pert,null,0.008643025
across_replicates_same_ctx_pert,null,0.04486855
across_replicates_same_ctx_pert,null,0.032376405
across_replicates_same_ctx_pert,null,0.086275
across_replicates_same_ctx_pert,null,-0.044999734
across_replicates_same_ctx_pert,null,0.036489747
across_replicates_same_ctx_pert,null,-0.04113224
across_replicates_same_ctx_pert,null,-0.0302627
across_replicates_same_ctx_pert,null,0.0017628991
across_replicates_same_ctx_pert,null,-0.012513333
across_replicates_same_ctx_pert,null,0.05415684
across_replicates_same_ctx_pert,null,0.08507959
across_replicates_same_ctx_pert,null,-0.07770922
across_replicates_same_ctx_pert,null,-0.0066454215
across_replicates_same_ctx_pert,null,-0.021481207
across_replicates_same_ctx_pert,null,0.009097393
across_replicates_same_ctx_pert,null,-0.00960996
across_replicates_same_ctx_pert,null,0.026126882
across_replicates_same_ctx_pert,null,-0.03853182
across_replicates_same_ctx_pert,null,-0.02132426
across_replicates_same_ctx_pert,null,0.061819907
across_replicates_same_ctx_pert,null,0.042514667
across_replicates_same_ctx_pert,null,0.03833853
across_replicates_same_ctx_pert,null,-0.042549472
across_replicates_same_ctx_pert,null,-0.032534063
across_replicates_same_ctx_pert,null,-0.047422677
across_replicates_same_ctx_pert,null,0.04415504
across_replicates_same_ctx_pert,null,0.040896952
across_replicates_same_ctx_pert,null,-0.031861845
across_replicates_same_ctx_pert,null,0.030456547
across_replicates_same_ctx_pert,null,0.037318964
across_replicates_same_ctx_pert,null,-0.048267975
across_replicates_same_ctx_pert,null,-0.078231506
across_replicates_same_ctx_pert,null,0.026742658
across_replicates_same_ctx_pert,null,0.06960374
across_replicates_same_ctx_pert,null,-0.038417824
across_replicates_same_ctx_pert,null,-0.0038234503
across_replicates_same_ctx_pert,null,-0.012776523
across_replicates_same_ctx_pert,null,-0.023440808
across_replicates_same_ctx_pert,null,-0.044784732
across_replicates_same_ctx_pert,null,0.0002069205
across_replicates_same_ctx_pert,null,-0.010989565
across_replicates_same_ctx_pert,null,-0.034088735
across_replicates_same_ctx_pert,null,-0.027897276
across_replicates_same_ctx_pert,null,0.0074046166
across_replicates_same_ctx_pert,null,-0.017767964
across_replicates_same_ctx_pert,null,0.017259005
across_replicates_same_ctx_pert,null,0.007535807
across_replicates_same_ctx_pert,null,0.036361635
across_replicates_same_ctx_pert,null,-0.018153867
across_replicates_same_ctx_pert,null,-0.040332306
across_replicates_same_ctx_pert,null,-0.042797834
across_replicates_same_ctx_pert,null,0.002273469
across_replicates_same_ctx_pert,null,-0.025230043
across_replicates_same_ctx_pert,null,-0.058826398
across_replicates_same_ctx_pert,null,-0.025675913
across_replicates_same_ctx_pert,null,-0.037526704
across_replicates_same_ctx_pert,null,-0.03789376
across_replicates_same_ctx_pert,null,-0.07261781
across_replicates_same_ctx_pert,null,0.019358194
across_replicates_same_ctx_pert,null,-0.04508076
across_replicates_same_ctx_pert,null,-0.057607967
across_replicates_same_ctx_pert,null,-0.008989066
across_replicates_same_ctx_pert,null,-0.0418767
across_replicates_same_ctx_pert,null,-0.024141781
across_replicates_same_ctx_pert,null,-0.04143205
across_replicates_same_ctx_pert,null,-0.041366093
across_replicates_same_ctx_pert,null,-0.013567356
across_replicates_same_ctx_pert,null,-0.02085326
across_replicates_same_ctx_pert,null,-0.019961134
across_replicates_same_ctx_pert,null,0.05083758
across_replicates_same_ctx_pert,null,0.021281563
across_replicates_same_ctx_pert,null,0.056507554
across_replicates_same_ctx_pert,null,-0.033392433
across_replicates_same_ctx_pert,null,-0.1074863
across_replicates_same_ctx_pert,null,-0.04174978
across_replicates_same_ctx_pert,null,0.011471651
across_replicates_same_ctx_pert,null,-0.036525235
across_replicates_same_ctx_pert,null,0.03208396
across_replicates_same_ctx_pert,null,0.0598056
across_replicates_same_ctx_pert,null,0.01201479
across_replicates_same_ctx_pert,null,0.12041786
across_replicates_same_ctx_pert,null,0.04474356
across_replicates_same_ctx_pert,null,-0.02617755
across_replicates_same_ctx_pert,null,0.042712167
across_replicates_same_ctx_pert,null,-0.07122552
across_replicates_same_ctx_pert,null,-0.023577813
across_replicates_same_ctx_pert,null,-0.006882803
across_replicates_same_ctx_pert,null,0.061258476
across_replicates_same_ctx_pert,null,0.026489088
across_replicates_same_ctx_pert,null,-0.0048790225
across_replicates_same_ctx_pert,null,-0.021737363
across_replicates_same_ctx_pert,null,-0.007876132
across_replicates_same_ctx_pert,null,0.020159535
across_replicates_same_ctx_pert,null,0.0030699167
across_replicates_same_ctx_pert,null,-0.0020400863
across_replicates_same_ctx_pert,null,0.049803443
across_replicates_same_ctx_pert,null,-0.030788926
across_replicates_same_ctx_pert,null,-0.012458105
across_replicates_same_ctx_pert,null,-0.02918886
across_replicates_same_ctx_pert,null,-0.036478948
across_replicates_same_ctx_pert,null,-0.011113476
across_replicates_same_ctx_pert,null,0.03448255
across_replicates_same_ctx_pert,null,0.0791558
across_replicates_same_ctx_pert,null,-0.027354201
across_replicates_same_ctx_pert,null,0.084673375
across_replicates_same_ctx_pert,null,0.08108568
across_replicates_same_ctx_pert,null,-0.01563261
across_replicates_same_ctx_pert,null,0.032321803
across_replicates_same_ctx_pert,null,-0.02118519
across_replicates_same_ctx_pert,null,-0.023881769
across_replicates_same_ctx_pert,null,0.087463744
across_replicates_same_ctx_pert,null,0.05779811
across_replicates_same_ctx_pert,null,0.10740363
across_replicates_same_ctx_pert,null,0.0017399109
across_replicates_same_ctx_pert,null,-0.003222921
across_replicates_same_ctx_pert,null,-0.043474384
across_replicates_same_ctx_pert,null,0.03074734
across_replicates_same_ctx_pert,null,-0.019297816
across_replicates_same_ctx_pert,null,-0.0343874
across_replicates_same_ctx_pert,null,0.11400581
across_replicates_same_ctx_pert,null,-0.021299772
across_replicates_same_ctx_pert,null,-0.037881073
across_replicates_same_ctx_pert,null,-0.014178036
across_replicates_same_ctx_pert,null,-0.022777768
across_replicates_same_ctx_pert,null,0.021472387
across_replicates_same_ctx_pert,null,0.02402258
across_replicates_same_ctx_pert,null,0.05733483
across_replicates_same_ctx_pert,null,-0.040499087
across_replicates_same_ctx_pert,null,0.040300857
across_replicates_same_ctx_pert,null,0.000565979
across_replicates_same_ctx_pert,null,0.025405778
across_replicates_same_ctx_pert,null,0.011596198
across_replicates_same_ctx_pert,null,0.0054341652
across_replicates_same_ctx_pert,null,-0.045660064
across_replicates_same_ctx_pert,null,0.03723147
across_replicates_same_ctx_pert,null,-0.026314285
across_replicates_same_ctx_pert,null,-0.024330487
across_replicates_same_ctx_pert,null,-0.0125651
across_replicates_same_ctx_pert,null,-0.04706561
across_replicates_same_ctx_pert,null,0.10229099
across_replicates_same_ctx_pert,null,0.09370823
across_replicates_same_ctx_pert,null,-0.039736737
across_replicates_same_ctx_pert,null,-0.036048874
across_replicates_same_ctx_pert,null,-0.031023717
across_replicates_same_ctx_pert,null,-0.015653513
across_replicates_same_ctx_pert,null,0.061618827
across_replicates_same_ctx_pert,null,0.044361167
across_replicates_same_ctx_pert,null,-0.032335393
across_replicates_same_ctx_pert,null,0.034033056
across_replicates_same_ctx_pert,null,-0.043454196
across_replicates_same_ctx_pert,null,0.07825738
across_replicates_same_ctx_pert,null,0.072417
across_replicates_same_ctx_pert,null,-0.06177695
across_replicates_same_ctx_pert,null,-0.025359508
across_replicates_same_ctx_pert,null,0.038182575
across_replicates_same_ctx_pert,null,0.14002621
across_replicates_same_ctx_pert,null,0.055395618
across_replicates_same_ctx_pert,null,0.006666679
across_replicates_same_ctx_pert,null,-0.04510456
across_replicates_same_ctx_pert,null,-0.019864133
across_replicates_same_ctx_pert,null,-0.065460324
across_replicates_same_ctx_pert,null,-0.011129582
across_replicates_same_ctx_pert,null,0.031813856
across_replicates_same_ctx_pert,null,0.07925961
across_replicates_same_ctx_pert,null,-0.033703156
across_replicates_same_ctx_pert,null,-0.015009847
across_replicates_same_ctx_pert,null,-0.018309541
across_replicates_same_ctx_pert,null,-0.054850057
across_replicates_same_ctx_pert,null,-0.027373424
across_replicates_same_ctx_pert,null,-0.009816485
across_replicates_same_ctx_pert,null,-0.02578206
across_replicates_same_ctx_pert,null,0.011429913
across_replicates_same_ctx_pert,null,0.056646973
across_replicates_same_ctx_pert,null,-0.05658859
across_replicates_same_ctx_pert,null,-0.032743614
across_replicates_same_ctx_pert,null,0.033351038
across_replicates_same_ctx_pert,null,0.011737875
across_replicates_same_ctx_pert,null,-0.035714768
across_replicates_same_ctx_pert,null,-0.018744797
across_replicates_same_ctx_pert,null,-0.031892415
across_replicates_same_ctx_pert,null,-0.0032149807
across_replicates_same_ctx_pert,null,0.0024587088
across_replicates_same_ctx_pert,null,0.08234732
across_replicates_same_ctx_pert,null,-0.032323115
across_replicates_same_ctx_pert,null,-0.06278926
across_replicates_same_ctx_pert,null,-0.031821735
across_replicates_same_ctx_pert,null,-0.09398978
across_replicates_same_ctx_pert,null,-0.0025003143
across_replicates_same_ctx_pert,null,0.07005161
across_replicates_same_ctx_pert,null,0.025410138
across_replicates_same_ctx_pert,null,0.02385798
across_replicates_same_ctx_pert,null,-0.043887194
across_replicates_same_ctx_pert,null,-0.04268356
across_replicates_same_ctx_pert,null,-0.020761741
across_replicates_same_ctx_pert,null,0.071147814
across_replicates_same_ctx_pert,null,-0.030971373
across_replicates_same_ctx_pert,null,0.06848104
across_replicates_same_ctx_pert,null,0.03494782
across_replicates_same_ctx_pert,null,0.010864809
across_replicates_same_ctx_pert,null,0.06275314
across_replicates_same_ctx_pert,null,-0.024478957
across_replicates_same_ctx_pert,null,-0.0382334
across_replicates_same_ctx_pert,null,-0.0320146
across_replicates_same_ctx_pert,null,0.044648062
across_replicates_same_ctx_pert,null,0.07092243
across_replicates_same_ctx_pert,null,-0.01967116
across_replicates_same_ctx_pert,null,-0.01332266
across_replicates_same_ctx_pert,null,-0.03717072
across_replicates_same_ctx_pert,null,-0.05198318
across_replicates_same_ctx_pert,null,0.00088429905
across_replicates_same_ctx_pert,null,-0.019634584
across_replicates_same_ctx_pert,null,-0.028117076
across_replicates_same_ctx_pert,null,0.007879152
across_replicates_same_ctx_pert,null,-0.03396507
across_replicates_same_ctx_pert,null,0.006574906
across_replicates_same_ctx_pert,null,-0.03093519
across_replicates_same_ctx_pert,null,-0.04081113
across_replicates_same_ctx_pert,null,-0.065737076
across_replicates_same_ctx_pert,null,0.051389094
across_replicates_same_ctx_pert,null,0.045545064
across_replicates_same_ctx_pert,null,-0.027483713
across_replicates_same_ctx_pert,null,-0.013022723
across_replicates_same_ctx_pert,null,0.006496791
across_replicates_same_ctx_pert,null,-0.022522544
across_replicates_same_ctx_pert,null,-0.009267957
across_replicates_same_ctx_pert,null,0.00016169024
across_replicates_same_ctx_pert,null,0.044713177
across_replicates_same_ctx_pert,null,0.023194045
across_replicates_same_ctx_pert,null,-0.049953945
across_replicates_same_ctx_pert,null,-0.0600167
across_replicates_same_ctx_pert,null,0.020608317
across_replicates_same_ctx_pert,null,0.004077303
across_replicates_same_ctx_pert,null,-0.017758379
across_replicates_same_ctx_pert,null,0.020139484
across_replicates_same_ctx_pert,null,0.022468172
across_replicates_same_ctx_pert,null,-0.05694245
across_replicates_same_ctx_pert,null,0.0726139
across_replicates_same_ctx_pert,null,-0.05483952
across_replicates_same_ctx_pert,null,-0.022334673
across_replicates_same_ctx_pert,null,0.059958175
across_replicates_same_ctx_pert,null,-0.031715386
across_replicates_same_ctx_pert,null,0.0847567
across_replicates_same_ctx_pert,null,-0.08379134
across_replicates_same_ctx_pert,null,0.012347599
across_replicates_same_ctx_pert,null,0.075958095
across_replicates_same_ctx_pert,null,-0.03933136
across_replicates_same_ctx_pert,null,-0.04298797
across_replicates_same_ctx_pert,null,-0.027733687
across_replicates_same_ctx_pert,null,0.036709107
across_replicates_same_ctx_pert,null,-0.06223359
across_replicates_same_ctx_pert,null,-0.039687876
across_replicates_same_ctx_pert,null,0.06222618
across_replicates_same_ctx_pert,null,0.09082341
across_replicates_same_ctx_pert,null,0.025603188
across_replicates_same_ctx_pert,null,0.026465269
across_replicates_same_ctx_pert,null,0.049855493
across_replicates_same_ctx_pert,null,-0.021617949
across_replicates_same_ctx_pert,null,-0.008203162
across_replicates_same_ctx_pert,null,0.063566595
across_replicates_same_ctx_pert,null,-0.0041591204
across_replicates_same_ctx_pert,null,-0.03446086
across_replicates_same_ctx_pert,null,-0.00030811672
across_replicates_same_ctx_pert,null,-0.05956474
across_replicates_same_ctx_pert,null,-0.028066559
across_replicates_same_ctx_pert,null,-0.07447083
across_replicates_same_ctx_pert,null,-0.021656096
across_replicates_same_ctx_pert,null,0.017742857
across_replicates_same_ctx_pert,null,0.00712481
across_replicates_same_ctx_pert,null,-0.04741898
across_replicates_same_ctx_pert,null,0.03895447
across_replicates_same_ctx_pert,null,-0.0014058935
across_replicates_same_ctx_pert,null,-0.05188926
across_replicates_same_ctx_pert,null,0.03979253
across_replicates_same_ctx_pert,null,0.008537002
across_replicates_same_ctx_pert,null,-0.041427966
across_replicates_same_ctx_pert,null,0.018283842
across_replicates_same_ctx_pert,null,0.06762065
across_replicates_same_ctx_pert,null,-0.011776809
across_replicates_same_ctx_pert,null,0.022670625
across_replicates_same_ctx_pert,null,0.0043191174
across_replicates_same_ctx_pert,null,-0.047912806
across_replicates_same_ctx_pert,null,0.024020074
across_replicates_same_ctx_pert,null,-0.0005962039
across_replicates_same_ctx_pert,null,0.101546764
across_replicates_same_ctx_pert,null,0.020674678
across_replicates_same_ctx_pert,null,-0.00058696145
across_replicates_same_ctx_pert,null,0.014387659
across_replicates_same_ctx_pert,null,-0.008135597
across_replicates_same_ctx_pert,null,-0.06703849
across_replicates_same_ctx_pert,null,0.073000886
across_replicates_same_ctx_pert,null,-0.041935783
across_replicates_same_ctx_pert,null,-0.06044247
across_replicates_same_ctx_pert,null,0.018346617
across_replicates_same_ctx_pert,null,-0.020547427
across_replicates_same_ctx_pert,null,-0.02130877
across_replicates_same_ctx_pert,null,-0.08336883
across_replicates_same_ctx_pert,null,0.011760146
across_replicates_same_ctx_pert,null,0.001110761
across_replicates_same_ctx_pert,null,0.049231738
across_replicates_same_ctx_pert,null,0.013814656
across_replicates_same_ctx_pert,null,-0.057532877
across_replicates_same_ctx_pert,null,-0.003853808
across_replicates_same_ctx_pert,null,0.13488002
across_replicates_same_ctx_pert,null,0.004009391
across_replicates_same_ctx_pert,null,-0.041459695
across_replicates_same_ctx_pert,null,0.058743317
across_replicates_same_ctx_pert,null,-0.03347586
across_replicates_same_ctx_pert,null,-0.007995493
across_replicates_same_ctx_pert,null,-0.040701203
across_replicates_same_ctx_pert,null,-0.05433227
across_replicates_same_ctx_pert,null,0.017972147
across_replicates_same_ctx_pert,null,0.05937329
across_replicates_same_ctx_pert,null,-0.021013895
across_replicates_same_ctx_pert,null,-0.024503732
across_replicates_same_ctx_pert,null,0.04311176
across_replicates_same_ctx_pert,null,-0.028387401
across_replicates_same_ctx_pert,null,0.0120535465
across_replicates_same_ctx_pert,null,0.057398092
across_replicates_same_ctx_pert,null,-0.019296426
across_replicates_same_ctx_pert,null,-0.0076631433
across_replicates_same_ctx_pert,null,-0.08296486
across_replicates_same_ctx_pert,null,-0.04788597
across_replicates_same_ctx_pert,null,-0.03882815
across_replicates_same_ctx_pert,null,-0.021427013
across_replicates_same_ctx_pert,null,0.026205534
across_replicates_same_ctx_pert,null,0.04928145
across_replicates_same_ctx_pert,null,0.00040956645
across_replicates_same_ctx_pert,null,-0.044899944
across_replicates_same_ctx_pert,null,0.031007467
across_replicates_same_ctx_pert,null,-0.05234899
across_replicates_same_ctx_pert,null,-0.048963703
across_replicates_same_ctx_pert,null,-0.04640738
across_replicates_same_ctx_pert,null,-0.022340301
across_replicates_same_ctx_pert,null,0.06042037
across_replicates_same_ctx_pert,null,-0.03651744
across_replicates_same_ctx_pert,null,0.067098275
across_replicates_same_ctx_pert,null,0.01178696
across_replicates_same_ctx_pert,null,-0.049521815
across_replicates_same_ctx_pert,null,0.0703696
across_replicates_same_ctx_pert,null,-0.0051373034
across_replicates_same_ctx_pert,null,-0.043774437
across_replicates_same_ctx_pert,null,0.019251991
across_replicates_same_ctx_pert,null,0.08097015
across_replicates_same_ctx_pert,null,0.04122121
across_replicates_same_ctx_pert,null,-0.0020108577
across_replicates_same_ctx_pert,null,0.044730753
across_replicates_same_ctx_pert,null,4.0340623e-05
across_replicates_same_ctx_pert,null,-0.016875235
across_replicates_same_ctx_pert,null,0.010786017
across_replicates_same_ctx_pert,null,0.015225121
across_replicates_same_ctx_pert,null,-0.055520725
across_replicates_same_ctx_pert,null,0.050265927
across_replicates_same_ctx_pert,null,-0.01017773
across_replicates_same_ctx_pert,null,-0.098009765
across_replicates_same_ctx_pert,null,-0.03943409
across_replicates_same_ctx_pert,null,0.0834577
across_replicates_same_ctx_pert,null,-0.05055133
across_replicates_same_ctx_pert,null,-0.031751163
across_replicates_same_ctx_pert,null,-0.043393556
across_replicates_same_ctx_pert,null,-0.021555066
across_replicates_same_ctx_pert,null,-0.0057656397
across_replicates_same_ctx_pert,null,-0.020040426
across_replicates_same_ctx_pert,null,-0.07331803
across_replicates_same_ctx_pert,null,-0.013554347
across_replicates_same_ctx_pert,null,0.02412001
across_replicates_same_ctx_pert,null,-0.045658857
across_replicates_same_ctx_pert,null,-0.01796027
across_replicates_same_ctx_pert,null,-0.059369937
across_replicates_same_ctx_pert,null,-0.010620482
across_replicates_same_ctx_pert,null,-0.009963149
across_replicates_same_ctx_pert,null,0.03224484
across_replicates_same_ctx_pert,null,0.026815439
across_replicates_same_ctx_pert,null,-0.060773246
across_replicates_same_ctx_pert,null,-0.028702872
across_replicates_same_ctx_pert,null,0.029535139
across_replicates_same_ctx_pert,null,0.0888932
across_replicates_same_ctx_pert,null,-0.049394146
across_replicates_same_ctx_pert,null,0.019181712
across_replicates_same_ctx_pert,null,-0.036872447
across_replicates_same_ctx_pert,null,-0.017303903
across_replicates_same_ctx_pert,null,0.10194092
across_replicates_same_ctx_pert,null,-0.060389616
across_replicates_same_ctx_pert,null,-0.01616408
across_replicates_same_ctx_pert,null,-0.050427753
across_replicates_same_ctx_pert,null,0.081741445
across_replicates_same_ctx_pert,null,0.016116498
across_replicates_same_ctx_pert,null,-0.03964627
across_replicates_same_ctx_pert,null,-0.03741218
across_replicates_same_ctx_pert,null,-0.00024839464
across_replicates_same_ctx_pert,null,-0.022284048
across_replicates_same_ctx_pert,null,-0.057269394
across_replicates_same_ctx_pert,null,0.10004118
across_replicates_same_ctx_pert,null,0.069712006
across_replicates_same_ctx_pert,null,0.005851702
across_replicates_same_ctx_pert,null,-0.02754188
across_replicates_same_ctx_pert,null,0.06115299
across_replicates_same_ctx_pert,null,-0.016094847
across_replicates_same_ctx_pert,null,0.05678294
across_replicates_same_ctx_pert,null,-0.013483699
across_replicates_same_ctx_pert,null,-0.023386652
across_replicates_same_ctx_pert,null,0.0027470163
across_replicates_same_ctx_pert,null,0.03264774
across_replicates_same_ctx_pert,null,0.08455278
across_replicates_same_ctx_pert,null,0.0017488222
across_replicates_same_ctx_pert,null,0.06735964
across_replicates_same_ctx_pert,null,-0.02102265
across_replicates_same_ctx_pert,null,0.0012793641
across_replicates_same_ctx_pert,null,-0.025611412
across_replicates_same_ctx_pert,null,-0.022245735
across_replicates_same_ctx_pert,null,0.04618619
across_replicates_same_ctx_pert,null,0.0416359
across_replicates_same_ctx_pert,null,-0.0048608463
across_replicates_same_ctx_pert,null,0.07917028
across_replicates_same_ctx_pert,null,-0.018876469
across_replicates_same_ctx_pert,null,-0.021588827
across_replicates_same_ctx_pert,null,-0.05076488
across_replicates_same_ctx_pert,null,0.035973597
across_replicates_same_ctx_pert,null,0.057426814
across_replicates_same_ctx_pert,null,-0.014985677
across_replicates_same_ctx_pert,null,-0.01406578
across_replicates_same_ctx_pert,null,-0.03275571
across_replicates_same_ctx_pert,null,-0.0564338
across_replicates_same_ctx_pert,null,-0.026409753
across_replicates_same_ctx_pert,null,-0.026884481
across_replicates_same_ctx_pert,null,0.0743667
across_replicates_same_ctx_pert,null,-0.054893546
across_replicates_same_ctx_pert,null,0.02224244
across_replicates_same_ctx_pert,null,-0.017017365
across_replicates_same_ctx_pert,null,-0.01970423
across_replicates_same_ctx_pert,null,-0.017200798
across_replicates_same_ctx_pert,null,0.067063086
across_replicates_same_ctx_pert,null,0.10493226
across_replicates_same_ctx_pert,null,-0.016669458
across_replicates_same_ctx_pert,null,-0.017513799
across_replicates_same_ctx_pert,null,-0.020601409
across_replicates_same_ctx_pert,null,-0.0051613925
across_replicates_same_ctx_pert,null,-0.008817333
across_replicates_same_ctx_pert,null,0.0833916
across_replicates_same_ctx_pert,null,0.0050744526
across_replicates_same_ctx_pert,null,0.048111565
across_replicates_same_ctx_pert,null,-0.005190637
across_replicates_same_ctx_pert,null,0.033659738
across_replicates_same_ctx_pert,null,-0.04102128
across_replicates_same_ctx_pert,null,0.11113992
across_replicates_same_ctx_pert,null,-0.014438357
across_replicates_same_ctx_pert,null,0.004602422
across_replicates_same_ctx_pert,null,-0.011455787
across_replicates_same_ctx_pert,null,-0.02360514
across_replicates_same_ctx_pert,null,-0.056921594
across_replicates_same_ctx_pert,null,-0.07573587
across_replicates_same_ctx_pert,null,0.061868712
across_replicates_same_ctx_pert,null,-0.031257678
across_replicates_same_ctx_pert,null,-0.008835297
across_replicates_same_ctx_pert,null,-0.014566176
across_replicates_same_ctx_pert,null,0.008058442
across_replicates_same_ctx_pert,null,-0.0030782819
across_replicates_same_ctx_pert,null,0.039505284
across_replicates_same_ctx_pert,null,0.036870696
across_replicates_same_ctx_pert,null,0.098417826
across_replicates_same_ctx_pert,null,0.042926986
across_replicates_same_ctx_pert,null,0.08252315
across_replicates_same_ctx_pert,null,-0.057415
across_replicates_same_ctx_pert,null,-0.06524552
across_replicates_same_ctx_pert,null,0.07496577
across_replicates_same_ctx_pert,null,-0.002733336
across_replicates_same_ctx_pert,null,-0.002153656
across_replicates_same_ctx_pert,null,-0.042618748
across_replicates_same_ctx_pert,null,0.003474962
across_replicates_same_ctx_pert,null,-0.031141382
across_replicates_same_ctx_pert,null,0.04944022
across_replicates_same_ctx_pert,null,-0.06217017
across_replicates_same_ctx_pert,null,-0.028306637
across_replicates_same_ctx_pert,null,-0.017664729
across_replicates_same_ctx_pert,null,-0.04970729
across_replicates_same_ctx_pert,null,-0.013648425
across_replicates_same_ctx_pert,null,0.0023296494
across_replicates_same_ctx_pert,null,-0.010597633
across_replicates_same_ctx_pert,null,0.023078011
across_replicates_same_ctx_pert,null,-0.047529794
across_replicates_same_ctx_pert,null,0.035537906
across_replicates_same_ctx_pert,null,-0.06059064
across_replicates_same_ctx_pert,null,-0.0013817418
across_replicates_same_ctx_pert,null,-0.08402008
across_replicates_same_ctx_pert,null,-0.03765048
across_replicates_same_ctx_pert,null,-0.032581337
across_replicates_same_ctx_pert,null,-0.002215393
across_replicates_same_ctx_pert,null,-0.024371859
across_replicates_same_ctx_pert,null,0.08409634
across_replicates_same_ctx_pert,null,0.07662991
across_replicates_same_ctx_pert,null,-0.02815115
across_replicates_same_ctx_pert,null,0.04167272
across_replicates_same_ctx_pert,null,-0.06128288
across_replicates_same_ctx_pert,null,-0.0312903
across_replicates_same_ctx_pert,null,-0.003430081
across_replicates_same_ctx_pert,null,0.06761996
across_replicates_same_ctx_pert,null,-0.03096708
across_replicates_same_ctx_pert,null,0.035516296
across_replicates_same_ctx_pert,null,0.012521399
across_replicates_same_ctx_pert,null,-0.012315381
across_replicates_same_ctx_pert,null,-0.04128011
across_replicates_same_ctx_pert,null,0.025728883
across_replicates_same_ctx_pert,null,-0.03332266
across_replicates_same_ctx_pert,null,-0.044858415
across_replicates_same_ctx_pert,null,-0.030972647
across_replicates_same_ctx_pert,null,0.07079327
across_replicates_same_ctx_pert,null,-0.007834502
across_replicates_same_ctx_pert,null,0.08091764
across_replicates_same_ctx_pert,null,-0.0005928075
across_replicates_same_ctx_pert,null,-0.022609646
across_replicates_same_ctx_pert,null,0.01864256
across_replicates_same_ctx_pert,null,-0.0037511187
across_replicates_same_ctx_pert,null,0.0012232237
across_replicates_same_ctx_pert,null,0.084104605
across_replicates_same_ctx_pert,null,-0.03664142
across_replicates_same_ctx_pert,null,-0.047381066
across_replicates_same_ctx_pert,null,0.0022445722
across_replicates_same_ctx_pert,null,-0.04679063
across_replicates_same_ctx_pert,null,0.06369319
across_replicates_same_ctx_pert,null,0.08196294
across_replicates_same_ctx_pert,null,-0.03199904
across_replicates_same_ctx_pert,null,-0.024065021
across_replicates_same_ctx_pert,null,-0.0042327475
across_replicates_same_ctx_pert,null,-0.06184312
across_replicates_same_ctx_pert,null,0.06615947
across_replicates_same_ctx_pert,null,-0.026606873
across_replicates_same_ctx_pert,null,0.026653152
across_replicates_same_ctx_pert,null,-0.031638023
across_replicates_same_ctx_pert,null,-0.008634134
across_replicates_same_ctx_pert,null,0.039477795
across_replicates_same_ctx_pert,null,-0.025334675
across_replicates_same_ctx_pert,null,-0.052766684
across_replicates_same_ctx_pert,null,-0.017487783
across_replicates_same_ctx_pert,null,0.041442916
across_replicates_same_ctx_pert,null,0.050129104
across_replicates_same_ctx_pert,null,-0.014546113
across_replicates_same_ctx_pert,null,0.02033173
across_replicates_same_ctx_pert,null,-0.060637705
across_replicates_same_ctx_pert,null,-0.060195956
across_replicates_same_ctx_pert,null,-0.06945734
across_replicates_same_ctx_pert,null,0.029021032
across_replicates_same_ctx_pert,null,-0.050901208
across_replicates_same_ctx_pert,null,-0.03543589
across_replicates_same_ctx_pert,null,0.047663447
across_replicates_same_ctx_pert,null,0.017863201
across_replicates_same_ctx_pert,null,0.045511108
across_replicates_same_ctx_pert,null,-0.04166184
across_replicates_same_ctx_pert,null,0.10579823
across_replicates_same_ctx_pert,null,-0.03552167
across_replicates_same_ctx_pert,null,0.010571042
across_replicates_same_ctx_pert,null,0.046831314
across_replicates_same_ctx_pert,null,-0.005048635
across_replicates_same_ctx_pert,null,-0.029569894
across_replicates_same_ctx_pert,null,-0.012506907
across_replicates_same_ctx_pert,null,-0.0151166115
across_replicates_same_ctx_pert,null,-0.027742226
across_replicates_same_ctx_pert,null,0.10285688
across_replicates_same_ctx_pert,null,-0.007620792
across_replicates_same_ctx_pert,null,-0.02002389
across_replicates_same_ctx_pert,null,-0.05091861
across_replicates_same_ctx_pert,null,0.04251853
across_replicates_same_ctx_pert,null,-0.029133746
across_replicates_same_ctx_pert,null,0.01924518
across_replicates_same_ctx_pert,null,0.059012827
across_replicates_same_ctx_pert,null,-0.000916648
across_replicates_same_ctx_pert,null,0.055125784
across_replicates_same_ctx_pert,null,0.113555446
across_replicates_same_ctx_pert,null,-0.044248767
across_replicates_same_ctx_pert,null,0.030637117
across_replicates_same_ctx_pert,null,-0.062144462
across_replicates_same_ctx_pert,null,0.0013503638
across_replicates_same_ctx_pert,null,0.08151175
across_replicates_same_ctx_pert,null,0.045434054
across_replicates_same_ctx_pert,null,-0.0049455203
across_replicates_same_ctx_pert,null,-0.007205087
across_replicates_same_ctx_pert,null,0.098079875
across_replicates_same_ctx_pert,null,-0.06082123
across_replicates_same_ctx_pert,null,0.063140005
across_replicates_same_ctx_pert,null,0.07377389
across_replicates_same_ctx_pert,null,-0.084574856
across_replicates_same_ctx_pert,null,-0.029024024
across_replicates_same_ctx_pert,null,-0.022740953
across_replicates_same_ctx_pert,null,0.076310106
across_replicates_same_ctx_pert,null,-0.05366347
across_replicates_same_ctx_pert,null,0.011310255
across_replicates_same_ctx_pert,null,0.0768459
across_replicates_same_ctx_pert,null,-0.0062999814
across_replicates_same_ctx_pert,null,0.018074512
across_replicates_same_ctx_pert,null,-0.068393044
across_replicates_same_ctx_pert,null,0.013643688
across_replicates_same_ctx_pert,null,0.09359589
across_replicates_same_ctx_pert,null,-0.2182439
across_replicates_same_ctx_pert,null,0.08765412
across_replicates_same_ctx_pert,null,0.046517428
across_replicates_same_ctx_pert,null,0.057351295
across_replicates_same_ctx_pert,null,-0.04674281
across_replicates_same_ctx_pert,null,-0.007016548
across_replicates_same_ctx_pert,null,-0.059161037
across_replicates_same_ctx_pert,null,-0.02429748
across_replicates_same_ctx_pert,null,0.04988841
across_replicates_same_ctx_pert,null,0.0012980249
across_replicates_same_ctx_pert,null,0.02757282
across_replicates_same_ctx_pert,null,0.019235302
across_replicates_same_ctx_pert,null,-0.018051581
across_replicates_same_ctx_pert,null,-0.015230463
across_replicates_same_ctx_pert,null,0.03755746
across_replicates_same_ctx_pert,null,0.032226082
across_replicates_same_ctx_pert,null,-0.025325924
across_replicates_same_ctx_pert,null,-0.011762261
across_replicates_same_ctx_pert,null,-0.06799988
across_replicates_same_ctx_pert,null,-0.014870058
across_replicates_same_ctx_pert,null,0.030895941
across_replicates_same_ctx_pert,null,-0.038663425
across_replicates_same_ctx_pert,null,0.015325267
across_replicates_same_ctx_pert,null,0.029173026
across_replicates_same_ctx_pert,null,0.10008289
across_replicates_same_ctx_pert,null,-0.015183375
across_replicates_same_ctx_pert,null,0.03482467
across_replicates_same_ctx_pert,null,-0.04553132
across_replicates_same_ctx_pert,null,-0.025313504
across_replicates_same_ctx_pert,null,0.09925604
across_replicates_same_ctx_pert,null,-0.004670272
across_replicates_same_ctx_pert,null,-0.02292529
across_replicates_same_ctx_pert,null,-0.011417296
across_replicates_same_ctx_pert,null,-0.006928611
across_replicates_same_ctx_pert,null,0.06968542
across_replicates_same_ctx_pert,null,-0.0028548245
across_replicates_same_ctx_pert,null,0.055291038
across_replicates_same_ctx_pert,null,-0.04416193
across_replicates_same_ctx_pert,null,-0.08551741
across_replicates_same_ctx_pert,null,-0.013706066
across_replicates_same_ctx_pert,null,-0.043810256
across_replicates_same_ctx_pert,null,-0.039610095
across_replicates_same_ctx_pert,null,-0.038302697
across_replicates_same_ctx_pert,null,-0.013223876
across_replicates_same_ctx_pert,null,0.012725746
across_replicates_same_ctx_pert,null,0.00071130315
across_replicates_same_ctx_pert,null,-0.07192967
across_replicates_same_ctx_pert,null,-0.0021003736
across_replicates_same_ctx_pert,null,0.045269914
across_replicates_same_ctx_pert,null,0.0032278888
across_replicates_same_ctx_pert,null,0.012468095
across_replicates_same_ctx_pert,null,-0.014903496
across_replicates_same_ctx_pert,null,0.002569798
across_replicates_same_ctx_pert,null,-0.046409465
across_replicates_same_ctx_pert,null,0.05333809
across_replicates_same_ctx_pert,null,0.03212194
across_replicates_same_ctx_pert,null,-0.013520684
across_replicates_same_ctx_pert,null,0.07808413
across_replicates_same_ctx_pert,null,-0.018348765
across_replicates_same_ctx_pert,null,0.018240454
across_replicates_same_ctx_pert,null,-0.010414087
across_replicates_same_ctx_pert,null,-0.068805486
across_replicates_same_ctx_pert,null,-0.026828662
across_replicates_same_ctx_pert,null,-0.02978775
across_replicates_same_ctx_pert,null,-0.061262283
across_replicates_same_ctx_pert,null,-0.025170593
across_replicates_same_ctx_pert,null,-0.0048757535
across_replicates_same_ctx_pert,null,0.097863294
across_replicates_same_ctx_pert,null,-0.047585033
across_replicates_same_ctx_pert,null,-0.059312087
across_replicates_same_ctx_pert,null,-0.026781026
across_replicates_same_ctx_pert,null,0.0328788
across_replicates_same_ctx_pert,null,-0.004888242
across_replicates_same_ctx_pert,null,-0.009783411
across_replicates_same_ctx_pert,null,0.06831433
across_replicates_same_ctx_pert,null,-0.0049303165
across_replicates_same_ctx_pert,null,-0.024113597
across_replicates_same_ctx_pert,null,-0.035941985
across_replicates_same_ctx_pert,null,0.044873524
across_replicates_same_ctx_pert,null,-0.03759863
across_replicates_same_ctx_pert,null,-0.030699546
across_replicates_same_ctx_pert,null,-0.020891866
across_replicates_same_ctx_pert,null,-0.027650999
across_replicates_same_ctx_pert,null,0.07774369
across_replicates_same_ctx_pert,null,-0.02837545
across_replicates_same_ctx_pert,null,-0.031111754
across_replicates_same_ctx_pert,null,-0.008137779
across_replicates_same_ctx_pert,null,-0.014883948
across_replicates_same_ctx_pert,null,-0.018547999
across_replicates_same_ctx_pert,null,0.0246704
across_replicates_same_ctx_pert,null,0.028726755
across_replicates_same_ctx_pert,null,-0.039960407
across_replicates_same_ctx_pert,null,0.024334883
across_replicates_same_ctx_pert,null,0.038070843
across_replicates_same_ctx_pert,null,0.0317865
across_replicates_same_ctx_pert,null,-0.0004983262
across_replicates_same_ctx_pert,null,0.04140661
across_replicates_same_ctx_pert,null,0.008022865
across_replicates_same_ctx_pert,null,-0.01406592
across_replicates_same_ctx_pert,null,0.06629164
across_replicates_same_ctx_pert,null,-0.0010476608
across_replicates_same_ctx_pert,null,0.03025253
across_replicates_same_ctx_pert,null,-0.03193079
across_replicates_same_ctx_pert,null,0.004543263
across_replicates_same_ctx_pert,null,-0.026122207
across_replicates_same_ctx_pert,null,0.014832953
across_replicates_same_ctx_pert,null,0.079325125
across_replicates_same_ctx_pert,null,-0.022327596
across_replicates_same_ctx_pert,null,0.099859685
across_replicates_same_ctx_pert,null,0.025427883
across_replicates_same_ctx_pert,null,-0.017296948
across_replicates_same_ctx_pert,null,-0.039557252
across_replicates_same_ctx_pert,null,0.019479482
across_replicates_same_ctx_pert,null,-0.0023429906
across_replicates_same_ctx_pert,null,0.0058108247
across_replicates_same_ctx_pert,null,-0.042271864
across_replicates_same_ctx_pert,null,-0.015198602
across_replicates_same_ctx_pert,null,-0.034726325
across_replicates_same_ctx_pert,null,-0.0029615662
across_replicates_same_ctx_pert,null,0.05361838
across_replicates_same_ctx_pert,null,-0.010411905
across_replicates_same_ctx_pert,null,-0.05583016
across_replicates_same_ctx_pert,null,-0.016148651
across_replicates_same_ctx_pert,null,-0.0013474611
across_replicates_same_ctx_pert,null,-0.038954604
across_replicates_same_ctx_pert,null,0.10695888
across_replicates_same_ctx_pert,null,0.042712923
across_replicates_same_ctx_pert,null,-0.0069675883
across_replicates_same_ctx_pert,null,0.036487475
across_replicates_same_ctx_pert,null,-0.00096539734
across_replicates_same_ctx_pert,null,-0.011485181
across_replicates_same_ctx_pert,null,0.07206846
across_replicates_same_ctx_pert,null,-0.03994614
across_replicates_same_ctx_pert,null,-0.0203941
across_replicates_same_ctx_pert,null,-0.023180466
across_replicates_same_ctx_pert,null,0.046995513
across_replicates_same_ctx_pert,null,-0.016709913
across_replicates_same_ctx_pert,null,0.0104123335
across_replicates_same_ctx_pert,null,0.0053868587
across_replicates_same_ctx_pert,null,-0.043442234
across_replicates_same_ctx_pert,null,0.06314347
across_replicates_same_ctx_pert,null,0.021857299
across_replicates_same_ctx_pert,null,0.05450491
across_replicates_same_ctx_pert,null,0.04671426
across_replicates_same_ctx_pert,null,-0.017404774
across_replicates_same_ctx_pert,null,-0.05222037
across_replicates_same_ctx_pert,null,0.019643072
across_replicates_same_ctx_pert,null,3.402706e-05
across_replicates_same_ctx_pert,null,0.016844131
across_replicates_same_ctx_pert,null,-0.031485282
across_replicates_same_ctx_pert,null,-0.025526907
across_replicates_same_ctx_pert,null,-0.010375655
across_replicates_same_ctx_pert,null,0.038700316
across_replicates_same_ctx_pert,null,0.08592788
across_replicates_same_ctx_pert,null,7.016061e-05
across_replicates_same_ctx_pert,null,-0.056125186
across_replicates_same_ctx_pert,null,-0.010530653
across_replicates_same_ctx_pert,null,-0.05779149
across_replicates_same_ctx_pert,null,-0.04437121
across_replicates_same_ctx_pert,null,0.027965566
across_replicates_same_ctx_pert,null,0.060784575
across_replicates_same_ctx_pert,null,-0.011347277
across_replicates_same_ctx_pert,null,-0.038065836
across_replicates_same_ctx_pert,null,-0.052414205
across_replicates_same_ctx_pert,null,0.07554684
across_replicates_same_ctx_pert,null,-0.011056974
across_replicates_same_ctx_pert,null,0.021478444
across_replicates_same_ctx_pert,null,-0.020284172
across_replicates_same_ctx_pert,null,-0.022214146
across_replicates_same_ctx_pert,null,0.007639002
across_replicates_same_ctx_pert,null,-0.006494495
across_replicates_same_ctx_pert,null,-0.061265387
across_replicates_same_ctx_pert,null,-0.03268986
across_replicates_same_ctx_pert,null,-0.04321705
across_replicates_same_ctx_pert,null,0.061002284
across_replicates_same_ctx_pert,null,-0.027218234
across_replicates_same_ctx_pert,null,0.043826643
across_replicates_same_ctx_pert,null,0.0010498983
across_replicates_same_ctx_pert,null,0.05253011
across_replicates_same_ctx_pert,null,-0.006968924
across_replicates_same_ctx_pert,null,-0.049240425
across_replicates_same_ctx_pert,null,0.010419112
across_replicates_same_ctx_pert,null,0.0022617907
across_replicates_same_ctx_pert,null,0.10786311
across_replicates_same_ctx_pert,null,0.023145998
across_replicates_same_ctx_pert,null,-0.044227656
across_replicates_same_ctx_pert,null,-0.07665038
across_replicates_same_ctx_pert,null,-0.008467295
across_replicates_same_ctx_pert,null,0.037676778
across_replicates_same_ctx_pert,null,0.05696731
across_replicates_same_ctx_pert,null,0.13170767
across_replicates_same_ctx_pert,null,-0.024846908
across_replicates_same_ctx_pert,null,0.009888515
across_replicates_same_ctx_pert,null,-0.036733404
across_replicates_same_ctx_pert,null,-0.0011253202
across_replicates_same_ctx_pert,null,0.0037032557
across_replicates_same_ctx_pert,null,-0.0016782533
across_replicates_same_ctx_pert,null,0.041032284
across_replicates_same_ctx_pert,null,-0.055047106
across_replicates_same_ctx_pert,null,-0.02414248
across_replicates_same_ctx_pert,null,-0.051117282
across_replicates_same_ctx_pert,null,-0.010493826
across_replicates_same_ctx_pert,null,-0.013203169
across_replicates_same_ctx_pert,null,0.069981724
across_replicates_same_ctx_pert,null,0.039783776
across_replicates_same_ctx_pert,null,0.0036820609
across_replicates_same_ctx_pert,null,-0.017050782
across_replicates_same_ctx_pert,null,0.069863155
across_replicates_same_ctx_pert,null,0.05941794
across_replicates_same_ctx_pert,null,-0.0036886656
across_replicates_same_ctx_pert,null,-0.054963358
across_replicates_same_ctx_pert,null,0.053713176
across_replicates_same_ctx_pert,null,0.006279228
across_replicates_same_ctx_pert,null,0.0057531903
across_replicates_same_ctx_pert,null,0.04740711
across_replicates_same_ctx_pert,null,-0.030244054
across_replicates_same_ctx_pert,null,-0.04415185
across_replicates_same_ctx_pert,null,-0.050152395
across_replicates_same_ctx_pert,null,-0.010401672
across_replicates_same_ctx_pert,null,0.014611471
across_replicates_same_ctx_pert,null,0.005406446
across_replicates_same_ctx_pert,null,-0.02497795
across_replicates_same_ctx_pert,null,-0.034330018
across_replicates_same_ctx_pert,null,-0.05017026
across_replicates_same_ctx_pert,null,0.010783114
across_replicates_same_ctx_pert,null,0.0438148
across_replicates_same_ctx_pert,null,0.005656177
across_replicates_same_ctx_pert,null,-0.029662127
across_replicates_same_ctx_pert,null,-0.045445777
across_replicates_same_ctx_pert,null,0.049788076
across_replicates_same_ctx_pert,null,0.047111124
across_replicates_same_ctx_pert,null,-0.05298859
across_replicates_same_ctx_pert,null,-0.014588897
across_replicates_same_ctx_pert,null,-0.0027731408
across_replicates_same_ctx_pert,null,-0.00709203
across_replicates_same_ctx_pert,null,-0.014951152
across_replicates_same_ctx_pert,null,-0.01020453
across_replicates_same_ctx_pert,null,-0.011286678
across_replicates_same_ctx_pert,null,0.069492504
across_replicates_same_ctx_pert,null,-0.06064329
across_replicates_same_ctx_pert,null,-0.04674493
across_replicates_same_ctx_pert,null,0.062225554
across_replicates_same_ctx_pert,null,-0.01893038
across_replicates_same_ctx_pert,null,0.023766428
across_replicates_same_ctx_pert,null,0.003303694
across_replicates_same_ctx_pert,null,-0.03907732
across_replicates_same_ctx_pert,null,-0.05192373
across_replicates_same_ctx_pert,null,0.0007611751
across_replicates_same_ctx_pert,null,-0.032889243
across_replicates_same_ctx_pert,null,-0.0451706
across_replicates_same_ctx_pert,null,-0.011033063
across_replicates_same_ctx_pert,null,-0.05123273
across_replicates_same_ctx_pert,null,0.01142179
across_replicates_same_ctx_pert,null,0.0019125753
across_replicates_same_ctx_pert,null,0.027293364
across_replicates_same_ctx_pert,null,-0.028110944
across_replicates_same_ctx_pert,null,0.012368887
across_replicates_same_ctx_pert,null,0.00061779236
across_replicates_same_ctx_pert,null,-0.028981373
across_replicates_same_ctx_pert,null,0.03916579
across_replicates_same_ctx_pert,null,-0.016297903
across_replicates_same_ctx_pert,null,0.009746002
across_replicates_same_ctx_pert,null,0.017017925
across_replicates_same_ctx_pert,null,-0.02049992
across_replicates_same_ctx_pert,null,0.014904718
across_replicates_same_ctx_pert,null,0.012406813
across_replicates_same_ctx_pert,null,-0.0139611
across_replicates_same_ctx_pert,null,0.010740043
across_replicates_same_ctx_pert,null,0.045721862
across_replicates_same_ctx_pert,null,-0.026275277
across_replicates_same_ctx_pert,null,0.009809881
across_replicates_same_ctx_pert,null,0.002354864
across_replicates_same_ctx_pert,null,0.00061111577
across_replicates_same_ctx_pert,null,0.03158658
across_replicates_same_ctx_pert,null,0.043762818
across_replicates_same_ctx_pert,null,-0.008902845
across_replicates_same_ctx_pert,null,0.06414689
across_replicates_same_ctx_pert,null,0.014916475
across_replicates_same_ctx_pert,null,0.028363006
across_replicates_same_ctx_pert,null,-0.0071780933
across_replicates_same_ctx_pert,null,0.059911788
across_replicates_same_ctx_pert,null,0.015967723
across_replicates_same_ctx_pert,null,0.026867652
across_replicates_same_ctx_pert,null,-0.016906345
across_replicates_same_ctx_pert,null,0.06599245
across_replicates_same_ctx_pert,null,0.08030667
across_replicates_same_ctx_pert,null,-0.051494334
across_replicates_same_ctx_pert,null,-0.029160032
across_replicates_same_ctx_pert,null,-0.01796482
across_replicates_same_ctx_pert,null,-0.018428061
across_replicates_same_ctx_pert,null,-0.011473939
across_replicates_same_ctx_pert,null,0.083330505
across_replicates_same_ctx_pert,null,0.053033546
across_replicates_same_ctx_pert,null,0.06439152
across_replicates_same_ctx_pert,null,0.030309644
across_replicates_same_ctx_pert,null,-0.00793014
across_replicates_same_ctx_pert,null,-0.05077228
across_replicates_same_ctx_pert,null,-0.017254537
across_replicates_same_ctx_pert,null,-0.040939145
across_replicates_same_ctx_pert,null,-0.07218246
across_replicates_same_ctx_pert,null,-0.030987369
across_replicates_same_ctx_pert,null,-0.067601904
across_replicates_same_ctx_pert,null,-0.027735393
across_replicates_same_ctx_pert,null,0.016152194
across_replicates_same_ctx_pert,null,-0.006329388
across_replicates_same_ctx_pert,null,-0.0109132705
across_replicates_same_ctx_pert,null,0.0032378198
across_replicates_same_ctx_pert,null,-0.024889253
across_replicates_same_ctx_pert,null,0.068353646
across_replicates_same_ctx_pert,null,0.06607183
across_replicates_same_ctx_pert,null,-0.043860257
across_replicates_same_ctx_pert,null,-0.033792056
across_replicates_same_ctx_pert,null,-0.069352694
across_replicates_same_ctx_pert,null,-0.06716647
across_replicates_same_ctx_pert,null,-0.025756119
across_replicates_same_ctx_pert,null,-0.017175244
across_replicates_same_ctx_pert,null,-0.02072706
across_replicates_same_ctx_pert,null,-0.028683176
across_replicates_same_ctx_pert,null,0.07464303
across_replicates_same_ctx_pert,null,-0.0038489366
across_replicates_same_ctx_pert,null,-0.016004495
across_replicates_same_ctx_pert,null,-0.037744015
across_replicates_same_ctx_pert,null,0.065938585
across_replicates_same_ctx_pert,null,0.018859014
across_replicates_same_ctx_pert,null,0.0023761068
across_replicates_same_ctx_pert,null,-0.010093199
across_replicates_same_ctx_pert,null,0.008591818
across_replicates_same_ctx_pert,null,0.07255966
across_replicates_same_ctx_pert,null,-0.06918809
across_replicates_same_ctx_pert,null,0.011689384
across_replicates_same_ctx_pert,null,0.0734228
across_replicates_same_ctx_pert,null,0.0069491975
across_replicates_same_ctx_pert,null,-0.0460087
across_replicates_same_ctx_pert,null,-0.021352964
across_replicates_same_ctx_pert,null,0.020883722
across_replicates_same_ctx_pert,null,0.03544684
across_replicates_same_ctx_pert,null,-0.011970515
across_replicates_same_ctx_pert,null,-0.008256045
across_replicates_same_ctx_pert,null,0.07558214
across_replicates_same_ctx_pert,null,0.027801953
across_replicates_same_ctx_pert,null,-0.0549093
across_replicates_same_ctx_pert,null,-0.06133363
across_replicates_same_ctx_pert,null,-0.011050597
across_replicates_same_ctx_pert,null,0.042414017
across_replicates_same_ctx_pert,null,-0.02789544
across_replicates_same_ctx_pert,null,0.0074470495
across_replicates_same_ctx_pert,null,-0.039679274
across_replicates_same_ctx_pert,null,0.05341586
across_replicates_same_ctx_pert,null,-0.007883982
across_replicates_same_ctx_pert,null,-0.018754104
across_replicates_same_ctx_pert,null,-0.01807966
across_replicates_same_ctx_pert,null,0.06131388
across_replicates_same_ctx_pert,null,-0.024438154
across_replicates_same_ctx_pert,null,0.029949347
across_replicates_same_ctx_pert,null,0.015353103
across_replicates_same_ctx_pert,null,-0.008763943
across_replicates_same_ctx_pert,null,0.022317812
across_replicates_same_ctx_pert,null,0.098974116
across_replicates_same_ctx_pert,null,-0.009333087
across_replicates_same_ctx_pert,null,0.021176595
across_replicates_same_ctx_pert,null,-0.031850196
across_replicates_same_ctx_pert,null,0.025421493
across_replicates_same_ctx_pert,null,-0.021358535
across_replicates_same_ctx_pert,null,-0.043475445
across_replicates_same_ctx_pert,null,-0.04148071
across_replicates_same_ctx_pert,null,-0.019760167
across_replicates_same_ctx_pert,null,-0.008808091
across_replicates_same_ctx_pert,null,0.04853577
across_replicates_same_ctx_pert,null,-0.03388449
across_replicates_same_ctx_pert,null,-0.033031758
across_replicates_same_ctx_pert,null,-0.02058323
across_replicates_same_ctx_pert,null,0.06527853
across_replicates_same_ctx_pert,null,-0.037211586
across_replicates_same_ctx_pert,null,0.003897938
across_replicates_same_ctx_pert,null,-0.04734586
across_replicates_same_ctx_pert,null,-0.041442454
across_replicates_same_ctx_pert,null,-0.028415477
across_replicates_same_ctx_pert,null,-0.0583382
across_replicates_same_ctx_pert,null,0.0184057
across_replicates_same_ctx_pert,null,0.001511004
across_replicates_same_ctx_pert,null,-0.075929254
across_replicates_same_ctx_pert,null,0.015677372
across_replicates_same_ctx_pert,null,-0.017810404
across_replicates_same_ctx_pert,null,-0.030596929
across_replicates_same_ctx_pert,null,-0.003968795
across_replicates_same_ctx_pert,null,0.081327796
across_replicates_same_ctx_pert,null,0.0012307344
across_replicates_same_ctx_pert,null,0.013137919
across_replicates_same_ctx_pert,null,0.012658849
across_replicates_same_ctx_pert,null,-0.05921203
across_replicates_same_ctx_pert,null,-0.021371534
across_replicates_same_ctx_pert,null,0.040462237
across_replicates_same_ctx_pert,null,0.061197788
across_replicates_same_ctx_pert,null,0.01405222
across_replicates_same_ctx_pert,null,0.010666442
across_replicates_same_ctx_pert,null,-0.009157112
across_replicates_same_ctx_pert,null,-0.010508423
across_replicates_same_ctx_pert,null,0.016349448
across_replicates_same_ctx_pert,null,0.06654814
across_replicates_same_ctx_pert,null,0.09986983
across_replicates_same_ctx_pert,null,0.034461223
across_replicates_same_ctx_pert,null,0.0041629085
across_replicates_same_ctx_pert,null,0.0791191
across_replicates_same_ctx_pert,null,0.04814308
across_replicates_same_ctx_pert,null,0.036278952
across_replicates_same_ctx_pert,null,-0.022928188
across_replicates_same_ctx_pert,null,0.05572845
across_replicates_same_ctx_pert,null,-0.0077881194
across_replicates_same_ctx_pert,null,-0.010058532
across_replicates_same_ctx_pert,null,0.058005773
across_replicates_same_ctx_pert,null,0.004809013
across_replicates_same_ctx_pert,null,-0.047505364
across_replicates_same_ctx_pert,null,-0.02943852
across_replicates_same_ctx_pert,null,0.07250581
across_replicates_same_ctx_pert,null,-0.03464054
across_replicates_same_ctx_pert,null,-0.035816092
across_replicates_same_ctx_pert,null,0.052366138
across_replicates_same_ctx_pert,null,-0.03753937
across_replicates_same_ctx_pert,null,-0.0155925
across_replicates_same_ctx_pert,null,-0.012091805
across_replicates_same_ctx_pert,null,0.033207312
across_replicates_same_ctx_pert,null,0.061518677
across_replicates_same_ctx_pert,null,-0.0035546138
across_replicates_same_ctx_pert,null,-0.011404417
across_replicates_same_ctx_pert,null,-0.023528693
across_replicates_same_ctx_pert,null,-0.041441184
across_replicates_same_ctx_pert,null,0.021907995
across_replicates_same_ctx_pert,null,-0.036513023
across_replicates_same_ctx_pert,null,-0.049174353
across_replicates_same_ctx_pert,null,-0.001825306
across_replicates_same_ctx_pert,null,-0.015596178
across_replicates_same_ctx_pert,null,-0.024985392
across_replicates_same_ctx_pert,null,0.034146026
across_replicates_same_ctx_pert,null,0.06169324
across_replicates_same_ctx_pert,null,0.022211952
across_replicates_same_ctx_pert,null,-0.039516583
across_replicates_same_ctx_pert,null,-0.043374546
across_replicates_same_ctx_pert,null,0.1030986
across_replicates_same_ctx_pert,null,0.013339772
across_replicates_same_ctx_pert,null,-0.029762287
across_replicates_same_ctx_pert,null,0.0046035396
across_replicates_same_ctx_pert,null,0.08887486
across_replicates_same_ctx_pert,null,-0.04253636
across_replicates_same_ctx_pert,null,-0.060252108
across_replicates_same_ctx_pert,null,0.013735857
across_replicates_same_ctx_pert,null,-0.042745087
across_replicates_same_ctx_pert,null,0.0008799828
across_replicates_same_ctx_pert,null,0.0032975362
across_replicates_same_ctx_pert,null,-0.01121736
across_replicates_same_ctx_pert,null,0.028367953
across_replicates_same_ctx_pert,null,-0.02690902
across_replicates_same_ctx_pert,null,0.0870417
across_replicates_same_ctx_pert,null,-0.050579507
across_replicates_same_ctx_pert,null,-0.0035000555
across_replicates_same_ctx_pert,null,0.047588475
across_replicates_same_ctx_pert,null,0.093068615
across_replicates_same_ctx_pert,null,0.061039973
across_replicates_same_ctx_pert,null,0.06554755
across_replicates_same_ctx_pert,null,-0.07650652
across_replicates_same_ctx_pert,null,-0.021623556
across_replicates_same_ctx_pert,null,0.09698015
across_replicates_same_ctx_pert,null,0.0791466
across_replicates_same_ctx_pert,null,0.083336376
across_replicates_same_ctx_pert,null,0.07529122
across_replicates_same_ctx_pert,null,0.042447224
across_replicates_same_ctx_pert,null,-0.012144303
across_replicates_same_ctx_pert,null,0.049156394
across_replicates_same_ctx_pert,null,-0.027076516
across_replicates_same_ctx_pert,null,0.004049891
across_replicates_same_ctx_pert,null,-0.032828912
across_replicates_same_ctx_pert,null,-0.025058778
across_replicates_same_ctx_pert,null,-0.009531624
across_replicates_same_ctx_pert,null,-0.001524197
across_replicates_same_ctx_pert,null,0.045916967
across_replicates_same_ctx_pert,null,0.044584233
across_replicates_same_ctx_pert,null,-0.005039543
across_replicates_same_ctx_pert,null,0.017519003
across_replicates_same_ctx_pert,null,-0.005834875
across_replicates_same_ctx_pert,null,0.0771257
across_replicates_same_ctx_pert,null,0.02558993
across_replicates_same_ctx_pert,null,-0.043591775
across_replicates_same_ctx_pert,null,0.020425923
across_replicates_same_ctx_pert,null,-0.012617429
across_replicates_same_ctx_pert,null,-0.02265955
across_replicates_same_ctx_pert,null,-0.045360465
across_replicates_same_ctx_pert,null,0.08250585
across_replicates_same_ctx_pert,null,-0.015343392
across_replicates_same_ctx_pert,null,-0.013478374
across_replicates_same_ctx_pert,null,-0.02636354
across_replicates_same_ctx_pert,null,0.02186324
across_replicates_same_ctx_pert,null,-0.008957501
across_replicates_same_ctx_pert,null,-0.043768268
across_replicates_same_ctx_pert,null,0.015649138
across_replicates_same_ctx_pert,null,-0.023311146
across_replicates_same_ctx_pert,null,-0.13257836
across_replicates_same_ctx_pert,null,-0.0041547227
across_replicates_same_ctx_pert,null,-0.050552834
across_replicates_same_ctx_pert,null,-0.017116576
across_replicates_same_ctx_pert,null,-0.047818925
across_replicates_same_ctx_pert,null,0.007091149
across_replicates_same_ctx_pert,null,0.086966455
across_replicates_same_ctx_pert,null,-0.021696975
across_replicates_same_ctx_pert,null,0.006027349
across_replicates_same_ctx_pert,null,0.052782737
across_replicates_same_ctx_pert,null,0.0093802605
across_replicates_same_ctx_pert,null,-0.06239734
across_replicates_same_ctx_pert,null,0.01619176
across_replicates_same_ctx_pert,null,-0.0027600199
across_replicates_same_ctx_pert,null,-0.0077864174
across_replicates_same_ctx_pert,null,0.06235095
across_replicates_same_ctx_pert,null,0.012896145
across_replicates_same_ctx_pert,null,0.08090341
across_replicates_same_ctx_pert,null,-0.042527657
across_replicates_same_ctx_pert,null,-0.017346952
across_replicates_same_ctx_pert,null,-0.00959848
across_replicates_same_ctx_pert,null,0.05652395
across_replicates_same_ctx_pert,null,0.102436386
across_replicates_same_ctx_pert,null,-0.01171935
across_replicates_same_ctx_pert,null,-0.023450142
across_replicates_same_ctx_pert,null,0.05680729
across_replicates_same_ctx_pert,null,0.028154874
across_replicates_same_ctx_pert,null,-0.045380495
across_replicates_same_ctx_pert,null,-0.006964883
across_replicates_same_ctx_pert,null,0.015758347
across_replicates_same_ctx_pert,null,-0.067506075
across_replicates_same_ctx_pert,null,0.039761554
across_replicates_same_ctx_pert,null,-0.048488297
across_replicates_same_ctx_pert,null,0.008173727
across_replicates_same_ctx_pert,null,-0.04421284
across_replicates_same_ctx_pert,null,0.00072936824
across_replicates_same_ctx_pert,null,-0.0064984746
across_replicates_same_ctx_pert,null,0.060448304
across_replicates_same_ctx_pert,null,0.007541325
across_replicates_same_ctx_pert,null,0.015026984
across_replicates_same_ctx_pert,null,0.042624667
across_replicates_same_ctx_pert,null,0.032771517
across_replicates_same_ctx_pert,null,0.017381258
across_replicates_same_ctx_pert,null,0.012101177
across_replicates_same_ctx_pert,null,-0.004094231
across_replicates_same_ctx_pert,null,-0.004409765
across_replicates_same_ctx_pert,null,0.005229494
across_replicates_same_ctx_pert,null,-0.019876387
across_replicates_same_ctx_pert,null,0.024174282
across_replicates_same_ctx_pert,null,-0.018186098
across_replicates_same_ctx_pert,null,-0.017262299
across_replicates_same_ctx_pert,null,-0.060076475
across_replicates_same_ctx_pert,null,0.05850407
across_replicates_same_ctx_pert,null,0.00063268153
across_replicates_same_ctx_pert,null,-0.009377954
across_replicates_same_ctx_pert,null,0.084110595
across_replicates_same_ctx_pert,null,-0.057121392
across_replicates_same_ctx_pert,null,-0.05128994
across_replicates_same_ctx_pert,null,-0.038854927
across_replicates_same_ctx_pert,null,0.032264218
across_replicates_same_ctx_pert,null,0.020635223
across_replicates_same_ctx_pert,null,-0.06437016
across_replicates_same_ctx_pert,null,-0.0023600115
across_replicates_same_ctx_pert,null,0.02578192
across_replicates_same_ctx_pert,null,0.0322467
across_replicates_same_ctx_pert,null,0.02903874
across_replicates_same_ctx_pert,null,0.06955814
across_replicates_same_ctx_pert,null,-0.07066055
across_replicates_same_ctx_pert,null,-0.014120288
across_replicates_same_ctx_pert,null,-0.008256781
across_replicates_same_ctx_pert,null,-0.04079637
across_replicates_same_ctx_pert,null,-0.0024183022
across_replicates_same_ctx_pert,null,0.1029706
across_replicates_same_ctx_pert,null,0.00864391
across_replicates_same_ctx_pert,null,0.07176441
across_replicates_same_ctx_pert,null,-0.03190858
across_replicates_same_ctx_pert,null,-0.02292798
across_replicates_same_ctx_pert,null,-0.06366758
across_replicates_same_ctx_pert,null,-0.00041637424
across_replicates_same_ctx_pert,null,0.05546097
across_replicates_same_ctx_pert,null,0.011634334
across_replicates_same_ctx_pert,null,-0.036264904
across_replicates_same_ctx_pert,null,-0.024657754
across_replicates_same_ctx_pert,null,-0.032108147
across_replicates_same_ctx_pert,null,0.1325329
across_replicates_same_ctx_pert,null,-0.014599917
across_replicates_same_ctx_pert,null,-0.050437823
across_replicates_same_ctx_pert,null,-0.02146982
across_replicates_same_ctx_pert,null,-0.04451894
across_replicates_same_ctx_pert,null,0.075824335
across_replicates_same_ctx_pert,null,-0.0060778786
across_replicates_same_ctx_pert,null,0.115956016
across_replicates_same_ctx_pert,null,-0.030857027
across_replicates_same_ctx_pert,null,-0.025643567
across_replicates_same_ctx_pert,null,0.01231257
across_replicates_same_ctx_pert,null,0.0707295
across_replicates_same_ctx_pert,null,-0.040823486
across_replicates_same_ctx_pert,null,-0.016948443
across_replicates_same_ctx_pert,null,0.050512996
across_replicates_same_ctx_pert,null,-0.043345578
across_replicates_same_ctx_pert,null,0.045567323
across_replicates_same_ctx_pert,null,0.0061951564
across_replicates_same_ctx_pert,null,-0.013046555
across_replicates_same_ctx_pert,null,-0.047711115
across_replicates_same_ctx_pert,null,0.10945802
across_replicates_same_ctx_pert,null,0.017989349
across_replicates_same_ctx_pert,null,-0.045693967
across_replicates_same_ctx_pert,null,-0.0387716
across_replicates_same_ctx_pert,null,0.010545018
across_replicates_same_ctx_pert,null,-0.02658973
across_replicates_same_ctx_pert,null,0.008449181
across_replicates_same_ctx_pert,null,-0.020122753
across_replicates_same_ctx_pert,null,-0.056088187
across_replicates_same_ctx_pert,null,0.0034420085
across_replicates_same_ctx_pert,null,0.04645397
across_replicates_same_ctx_pert,null,9.179643e-05
across_replicates_same_ctx_pert,null,0.026565598
across_replicates_same_ctx_pert,null,-0.025472505
across_replicates_same_ctx_pert,null,0.08330087
across_replicates_same_ctx_pert,null,-0.0023307442
across_replicates_same_ctx_pert,null,-0.03156724
across_replicates_same_ctx_pert,null,-0.04341062
across_replicates_same_ctx_pert,null,-0.016575655
across_replicates_same_ctx_pert,null,-0.022145769
across_replicates_same_ctx_pert,null,-0.07014767
across_replicates_same_ctx_pert,null,-0.031198146
across_replicates_same_ctx_pert,null,-0.008435293
across_replicates_same_ctx_pert,null,0.03604758
across_replicates_same_ctx_pert,null,-0.06106764
across_replicates_same_ctx_pert,null,0.07955526
across_replicates_same_ctx_pert,null,0.0019452111
across_replicates_same_ctx_pert,null,-0.0061410284
across_replicates_same_ctx_pert,null,-0.0066826814
across_replicates_same_ctx_pert,null,0.05697708
across_replicates_same_ctx_pert,null,-0.071114995
across_replicates_same_ctx_pert,null,-0.05480892
across_replicates_same_ctx_pert,null,-0.023126375
across_replicates_same_ctx_pert,null,-0.006039336
across_replicates_same_ctx_pert,null,-0.052508257
across_replicates_same_ctx_pert,null,0.01587673
across_replicates_same_ctx_pert,null,0.026419807
across_replicates_same_ctx_pert,null,0.049488354
across_replicates_same_ctx_pert,null,-0.0016196485
across_replicates_same_ctx_pert,null,-0.03258843
across_replicates_same_ctx_pert,null,-0.013122824
across_replicates_same_ctx_pert,null,0.037657145
across_replicates_same_ctx_pert,null,-0.025129499
across_replicates_same_ctx_pert,null,-0.04758447
across_replicates_same_ctx_pert,null,0.062746264
across_replicates_same_ctx_pert,null,0.012140689
across_replicates_same_ctx_pert,null,0.02260529
across_replicates_same_ctx_pert,null,-0.03653828
across_replicates_same_ctx_pert,null,-0.011378619
across_replicates_same_ctx_pert,null,0.11579537
across_replicates_same_ctx_pert,null,-0.007419052
across_replicates_same_ctx_pert,null,-0.011858807
across_replicates_same_ctx_pert,null,0.06381279
across_replicates_same_ctx_pert,null,0.025406469
across_replicates_same_ctx_pert,null,-0.023829937
across_replicates_same_ctx_pert,null,-0.013256789
across_replicates_same_ctx_pert,null,-0.025393412
across_replicates_same_ctx_pert,null,0.05779401
across_replicates_same_ctx_pert,null,-0.044107586
across_replicates_same_ctx_pert,null,-0.019937119
across_replicates_same_ctx_pert,null,0.062365625
across_replicates_same_ctx_pert,null,-1.42797435e-05
across_replicates_same_ctx_pert,null,0.012274027
across_replicates_same_ctx_pert,null,-0.040812045
across_replicates_same_ctx_pert,null,0.032200016
across_replicates_same_ctx_pert,null,-0.01940414
across_replicates_same_ctx_pert,null,0.07287309
across_replicates_same_ctx_pert,null,-0.021746429
across_replicates_same_ctx_pert,null,0.10172617
across_replicates_same_ctx_pert,null,0.07795639
across_replicates_same_ctx_pert,null,0.0771776
across_replicates_same_ctx_pert,null,-0.010584279
across_replicates_same_ctx_pert,null,-0.003538423
across_replicates_same_ctx_pert,null,0.023982598
across_replicates_same_ctx_pert,null,-0.050167453
across_replicates_same_ctx_pert,null,-0.05234836
across_replicates_same_ctx_pert,null,0.001972463
across_replicates_same_ctx_pert,null,-0.016759196
across_replicates_same_ctx_pert,null,0.08824972
across_replicates_same_ctx_pert,null,-0.056431726
across_replicates_same_ctx_pert,null,0.041346915
across_replicates_same_ctx_pert,null,0.009922042
across_replicates_same_ctx_pert,null,-0.013258537
across_replicates_same_ctx_pert,null,0.00048739568
across_replicates_same_ctx_pert,null,-0.008222964
across_replicates_same_ctx_pert,null,-0.027237365
across_replicates_same_ctx_pert,null,0.058463305
across_replicates_same_ctx_pert,null,0.037943162
across_replicates_same_ctx_pert,null,0.024369372
across_replicates_same_ctx_pert,null,0.014639656
across_replicates_same_ctx_pert,null,-0.08339877
across_replicates_same_ctx_pert,null,0.023899578
across_replicates_same_ctx_pert,null,-0.032232653
across_replicates_same_ctx_pert,null,0.04154573
across_replicates_same_ctx_pert,null,0.012197445
across_replicates_same_ctx_pert,null,0.049118176
across_replicates_same_ctx_pert,null,-0.024510793
across_replicates_same_ctx_pert,null,-0.019677887
across_replicates_same_ctx_pert,null,0.046945956
across_replicates_same_ctx_pert,null,-0.025685307
across_replicates_same_ctx_pert,null,0.057079848
across_replicates_same_ctx_pert,null,0.031613827
across_replicates_same_ctx_pert,null,0.027708258
across_replicates_same_ctx_pert,null,0.0617249
across_replicates_same_ctx_pert,null,0.038072456
across_replicates_same_ctx_pert,null,-0.021539064
across_replicates_same_ctx_pert,null,0.045913324
across_replicates_same_ctx_pert,null,0.035664253
across_replicates_same_ctx_pert,null,0.05494108
across_replicates_same_ctx_pert,null,0.06187577
across_replicates_same_ctx_pert,null,0.085634805
across_replicates_same_ctx_pert,null,-0.029392699
across_replicates_same_ctx_pert,null,0.022795547
across_replicates_same_ctx_pert,null,-0.032234672
across_replicates_same_ctx_pert,null,-0.042457327
across_replicates_same_ctx_pert,null,0.07480439
across_replicates_same_ctx_pert,null,-0.055693194
across_replicates_same_ctx_pert,null,-0.03256396
across_replicates_same_ctx_pert,null,-0.008531491
across_replicates_same_ctx_pert,null,-0.024090385
across_replicates_same_ctx_pert,null,0.09277453
across_replicates_same_ctx_pert,null,-0.006017852
across_replicates_same_ctx_pert,null,-0.016124433
across_replicates_same_ctx_pert,null,-0.06720998
across_replicates_same_ctx_pert,null,-0.042948127
across_replicates_same_ctx_pert,null,-0.040013283
across_replicates_same_ctx_pert,null,-0.04522185
across_replicates_same_ctx_pert,null,0.08314694
across_replicates_same_ctx_pert,null,0.046032783
across_replicates_same_ctx_pert,null,0.09862316
across_replicates_same_ctx_pert,null,-0.010008198
across_replicates_same_ctx_pert,null,0.039400186
across_replicates_same_ctx_pert,null,0.00038927863
across_replicates_same_ctx_pert,null,0.06595905
across_replicates_same_ctx_pert,null,-0.05470619
across_replicates_same_ctx_pert,null,0.018691795
across_replicates_same_ctx_pert,null,0.047362935
across_replicates_same_ctx_pert,null,-0.047393527
across_replicates_same_ctx_pert,null,0.03475536
across_replicates_same_ctx_pert,null,-0.013557425
across_replicates_same_ctx_pert,null,-0.025163496
across_replicates_same_ctx_pert,null,-0.008692883
across_replicates_same_ctx_pert,null,0.02119758
across_replicates_same_ctx_pert,null,-0.048698086
across_replicates_same_ctx_pert,null,-0.003748729
across_replicates_same_ctx_pert,null,-0.038758453
across_replicates_same_ctx_pert,null,-0.0051990747
across_replicates_same_ctx_pert,null,0.008660527
across_replicates_same_ctx_pert,null,-0.018567074
across_replicates_same_ctx_pert,null,-0.01684073
across_replicates_same_ctx_pert,null,0.0032451067
across_replicates_same_ctx_pert,null,0.055775177
across_replicates_same_ctx_pert,null,0.16397676
across_replicates_same_ctx_pert,null,-0.0111598
across_replicates_same_ctx_pert,null,-0.04404895
across_replicates_same_ctx_pert,null,0.047690228
across_replicates_same_ctx_pert,null,-0.016214646
across_replicates_same_ctx_pert,null,0.002030072
across_replicates_same_ctx_pert,null,-0.07662594
across_replicates_same_ctx_pert,null,0.05516857
across_replicates_same_ctx_pert,null,0.023857243
across_replicates_same_ctx_pert,null,-0.0321729
across_replicates_same_ctx_pert,null,0.035589006
across_replicates_same_ctx_pert,null,0.015557226
across_replicates_same_ctx_pert,null,-0.0435533
across_replicates_same_ctx_pert,null,-0.03479407
across_replicates_same_ctx_pert,null,-0.035528593
across_replicates_same_ctx_pert,null,0.011722237
across_replicates_same_ctx_pert,null,-0.04909923
across_replicates_same_ctx_pert,null,0.038378872
across_replicates_same_ctx_pert,null,0.002422869
across_replicates_same_ctx_pert,null,-0.018933084
across_replicates_same_ctx_pert,null,-0.028097576
across_replicates_same_ctx_pert,null,0.03206661
across_replicates_same_ctx_pert,null,0.014042802
across_replicates_same_ctx_pert,null,-0.055708755
across_replicates_same_ctx_pert,null,-0.03344333
across_replicates_same_ctx_pert,null,-0.03124624
across_replicates_same_ctx_pert,null,0.0807291
across_replicates_same_ctx_pert,null,-0.022177253
across_replicates_same_ctx_pert,null,-0.06599063
across_replicates_same_ctx_pert,null,-0.036621142
across_replicates_same_ctx_pert,null,0.009119163
across_replicates_same_ctx_pert,null,-0.036555495
across_replicates_same_ctx_pert,null,0.07721105
across_replicates_same_ctx_pert,null,-0.00351788
across_replicates_same_ctx_pert,null,-0.0362597
across_replicates_same_ctx_pert,null,0.004419819
across_replicates_same_ctx_pert,null,0.007055391
across_replicates_same_ctx_pert,null,0.004548177
across_replicates_same_ctx_pert,null,-0.028765691
across_replicates_same_ctx_pert,null,-0.024060713
across_replicates_same_ctx_pert,null,0.04747552
across_replicates_same_ctx_pert,null,0.017674355
across_replicates_same_ctx_pert,null,-0.0064747217
across_replicates_same_ctx_pert,null,0.09066928
across_replicates_same_ctx_pert,null,0.08745853
across_replicates_same_ctx_pert,null,0.009104684
across_replicates_same_ctx_pert,null,0.039716225
across_replicates_same_ctx_pert,null,-0.03107975
across_replicates_same_ctx_pert,null,-0.06633537
across_replicates_same_ctx_pert,null,0.060753774
across_replicates_same_ctx_pert,null,0.05100955
across_replicates_same_ctx_pert,null,-0.0049185585
across_replicates_same_ctx_pert,null,0.020140506
across_replicates_same_ctx_pert,null,-0.035990253
across_replicates_same_ctx_pert,null,-0.001160109
across_replicates_same_ctx_pert,null,-0.028708188
across_replicates_same_ctx_pert,null,-0.009912251
across_replicates_same_ctx_pert,null,-0.02073117
across_replicates_same_ctx_pert,null,0.031808104
across_replicates_same_ctx_pert,null,0.014910417
across_replicates_same_ctx_pert,null,-0.0074827806
across_replicates_same_ctx_pert,null,-0.014096933
across_replicates_same_ctx_pert,null,0.058204297
across_replicates_same_ctx_pert,null,0.06602184
across_replicates_same_ctx_pert,null,-0.0030158171
across_replicates_same_ctx_pert,null,0.07328552
across_replicates_same_ctx_pert,null,-0.012334646
across_replicates_same_ctx_pert,null,-0.058583032
across_replicates_same_ctx_pert,null,0.044324495
across_replicates_same_ctx_pert,null,0.023270812
across_replicates_same_ctx_pert,null,-0.0049723126
across_replicates_same_ctx_pert,null,0.07106426
across_replicates_same_ctx_pert,null,-0.019655617
across_replicates_same_ctx_pert,null,0.0028479693
across_replicates_same_ctx_pert,null,0.050240878
across_replicates_same_ctx_pert,null,0.054444615
across_replicates_same_ctx_pert,null,-0.0496129
across_replicates_same_ctx_pert,null,0.019114787
across_replicates_same_ctx_pert,null,0.024404945
across_replicates_same_ctx_pert,null,0.04000509
across_replicates_same_ctx_pert,null,0.04584582
across_replicates_same_ctx_pert,null,-0.039528787
across_replicates_same_ctx_pert,null,-0.06294588
across_replicates_same_ctx_pert,null,-0.061001666
across_replicates_same_ctx_pert,null,-0.00034865382
across_replicates_same_ctx_pert,null,-0.021763455
across_replicates_same_ctx_pert,null,-0.0041910233
across_replicates_same_ctx_pert,null,-0.0119521115
across_replicates_same_ctx_pert,null,-0.072244346
across_replicates_same_ctx_pert,null,-0.013648588
across_replicates_same_ctx_pert,null,-0.0039940616
across_replicates_same_ctx_pert,null,0.018075615
across_replicates_same_ctx_pert,null,-0.03931543
across_replicates_same_ctx_pert,null,-0.03974984
across_replicates_same_ctx_pert,null,-0.013475865
across_replicates_same_ctx_pert,null,-0.051899813
across_replicates_same_ctx_pert,null,-0.019497097
across_replicates_same_ctx_pert,null,-0.0007706428
across_replicates_same_ctx_pert,null,-0.0013268586
across_replicates_same_ctx_pert,null,-0.04227234
across_replicates_same_ctx_pert,null,-0.03943024
across_replicates_same_ctx_pert,null,0.020200627
across_replicates_same_ctx_pert,null,-0.004884597
across_replicates_same_ctx_pert,null,-0.00014871004
across_replicates_same_ctx_pert,null,-0.034908287
across_replicates_same_ctx_pert,null,0.07447478
across_replicates_same_ctx_pert,null,-0.029599
across_replicates_same_ctx_pert,null,-0.03855137
across_replicates_same_ctx_pert,null,-0.011632549
across_replicates_same_ctx_pert,null,-0.0008454653
across_replicates_same_ctx_pert,null,0.0056407317
across_replicates_same_ctx_pert,null,-0.024815809
across_replicates_same_ctx_pert,null,-0.013967787
across_replicates_same_ctx_pert,null,-0.014266108
across_replicates_same_ctx_pert,null,0.005613934
across_replicates_same_ctx_pert,null,0.071383536
across_replicates_same_ctx_pert,null,-0.039025594
across_replicates_same_ctx_pert,null,0.010032695
across_replicates_same_ctx_pert,null,0.048033353
across_replicates_same_ctx_pert,null,-0.02532569
across_replicates_same_ctx_pert,null,0.08232576
across_replicates_same_ctx_pert,null,0.06473864
across_replicates_same_ctx_pert,null,-0.0072605517
across_replicates_same_ctx_pert,null,0.069766335
across_replicates_same_ctx_pert,null,-0.019201035
across_replicates_same_ctx_pert,null,0.0121984435
across_replicates_same_ctx_pert,null,-0.03563918
across_replicates_same_ctx_pert,null,-0.012083038
across_replicates_same_ctx_pert,null,0.024622248
across_replicates_same_ctx_pert,null,0.012412206
across_replicates_same_ctx_pert,null,0.036174413
across_replicates_same_ctx_pert,null,0.06237995
across_replicates_same_ctx_pert,null,-0.005572439
across_replicates_same_ctx_pert,null,-0.011856396
across_replicates_same_ctx_pert,null,0.0823445
across_replicates_same_ctx_pert,null,0.034420587
across_replicates_same_ctx_pert,null,-0.045229007
across_replicates_same_ctx_pert,null,-0.0583726
across_replicates_same_ctx_pert,null,0.017177759
across_replicates_same_ctx_pert,null,0.0566265
across_replicates_same_ctx_pert,null,-0.0047158394
across_replicates_same_ctx_pert,null,0.005651492
across_replicates_same_ctx_pert,null,-0.0019971086
across_replicates_same_ctx_pert,null,-0.04405204
across_replicates_same_ctx_pert,null,-0.038620602
across_replicates_same_ctx_pert,null,-0.03484796
across_replicates_same_ctx_pert,null,-0.021747207
across_replicates_same_ctx_pert,null,0.028043197
across_replicates_same_ctx_pert,null,-0.06400198
across_replicates_same_ctx_pert,null,-0.02342534
across_replicates_same_ctx_pert,null,0.010073788
across_replicates_same_ctx_pert,null,-0.055464253
across_replicates_same_ctx_pert,null,-0.015956763
across_replicates_same_ctx_pert,null,-0.02497284
across_replicates_same_ctx_pert,null,-0.045649562
across_replicates_same_ctx_pert,null,-0.025393285
across_replicates_same_ctx_pert,null,-0.016196828
across_replicates_same_ctx_pert,null,0.05728441
across_replicates_same_ctx_pert,null,-0.008229192
across_replicates_same_ctx_pert,null,-0.013421368
across_replicates_same_ctx_pert,null,0.09771945
across_replicates_same_ctx_pert,null,-0.07591141
across_replicates_same_ctx_pert,null,-0.02272968
across_replicates_same_ctx_pert,null,0.052723132
across_replicates_same_ctx_pert,null,0.029933076
across_replicates_same_ctx_pert,null,-0.06647536
across_replicates_same_ctx_pert,null,-0.030978793
across_replicates_same_ctx_pert,null,0.008559985
across_replicates_same_ctx_pert,null,-0.032332513
across_replicates_same_ctx_pert,null,-0.024000432
across_replicates_same_ctx_pert,null,0.10817305
across_replicates_same_ctx_pert,null,0.014403529
across_replicates_same_ctx_pert,null,-0.006035516
across_replicates_same_ctx_pert,null,0.089158624
across_replicates_same_ctx_pert,null,-0.028021108
across_replicates_same_ctx_pert,null,-0.06433634
across_replicates_same_ctx_pert,null,-0.041010052
across_replicates_same_ctx_pert,null,0.00028975582
across_replicates_same_ctx_pert,null,-0.06805569
across_replicates_same_ctx_pert,null,0.00073172274
across_replicates_same_ctx_pert,null,-0.053358458
across_replicates_same_ctx_pert,null,0.01390549
across_replicates_same_ctx_pert,null,0.045359537
across_replicates_same_ctx_pert,null,0.021068929
across_replicates_same_ctx_pert,null,0.025161877
across_replicates_same_ctx_pert,null,0.04588702
across_replicates_same_ctx_pert,null,0.019957509
across_replicates_same_ctx_pert,null,-0.027030366
across_replicates_same_ctx_pert,null,-0.017454803
across_replicates_same_ctx_pert,null,-0.00065222906
across_replicates_same_ctx_pert,null,-0.05700358
across_replicates_same_ctx_pert,null,0.07556079
across_replicates_same_ctx_pert,null,0.07630342
across_replicates_same_ctx_pert,null,-0.02686934
across_replicates_same_ctx_pert,null,-0.036910556
across_replicates_same_ctx_pert,null,-0.016958747
across_replicates_same_ctx_pert,null,-0.016667033
across_replicates_same_ctx_pert,null,0.032326348
across_replicates_same_ctx_pert,null,-0.011113778
across_replicates_same_ctx_pert,null,-0.028737223
across_replicates_same_ctx_pert,null,0.050246734
across_replicates_same_ctx_pert,null,0.07509354
across_replicates_same_ctx_pert,null,-0.023616603
across_replicates_same_ctx_pert,null,-0.032895826
across_replicates_same_ctx_pert,null,-0.08066957
across_replicates_same_ctx_pert,null,-0.035078723
across_replicates_same_ctx_pert,null,-0.0031197208
across_replicates_same_ctx_pert,null,0.006176256
across_replicates_same_ctx_pert,null,0.074099414
across_replicates_same_ctx_pert,null,0.022293419
across_replicates_same_ctx_pert,null,-0.060364146
across_replicates_same_ctx_pert,null,0.08429757
across_replicates_same_ctx_pert,null,-0.03257203
across_replicates_same_ctx_pert,null,-0.00894249
across_replicates_same_ctx_pert,null,-0.042444866
across_replicates_same_ctx_pert,null,0.041145667
across_replicates_same_ctx_pert,null,-0.0021057187
across_replicates_same_ctx_pert,null,-0.057152096
across_replicates_same_ctx_pert,null,0.015576532
across_replicates_same_ctx_pert,null,0.09013988
across_replicates_same_ctx_pert,null,0.042705882
across_replicates_same_ctx_pert,null,0.051232312
across_replicates_same_ctx_pert,null,-0.04040111
across_replicates_same_ctx_pert,null,0.10606066
across_replicates_same_ctx_pert,null,0.0062811016
across_replicates_same_ctx_pert,null,0.07412378
across_replicates_same_ctx_pert,null,-0.0025116147
across_replicates_same_ctx_pert,null,-0.03090829
across_replicates_same_ctx_pert,null,-0.011512592
across_replicates_same_ctx_pert,null,-0.0007151461
across_replicates_same_ctx_pert,null,-0.045448806
across_replicates_same_ctx_pert,null,-0.039547734
across_replicates_same_ctx_pert,null,-0.025901804
across_replicates_same_ctx_pert,null,-0.034995005
across_replicates_same_ctx_pert,null,-0.019003076
across_replicates_same_ctx_pert,null,-0.07191252
across_replicates_same_ctx_pert,null,0.07669041
across_replicates_same_ctx_pert,null,-0.018975716
across_replicates_same_ctx_pert,null,-0.023604028
across_replicates_same_ctx_pert,null,0.0021313548
across_replicates_same_ctx_pert,null,-0.053085014
across_replicates_same_ctx_pert,null,-0.049479935
across_replicates_same_ctx_pert,null,0.002266566
across_replicates_same_ctx_pert,null,-0.027805561
across_replicates_same_ctx_pert,null,-0.027739378
across_replicates_same_ctx_pert,null,0.08783023
across_replicates_same_ctx_pert,null,0.00021947145
across_replicates_same_ctx_pert,null,-0.033958007
across_replicates_same_ctx_pert,null,-0.025647983
across_replicates_same_ctx_pert,null,-0.04413447
across_replicates_same_ctx_pert,null,-0.030400475
across_replicates_same_ctx_pert,null,-0.010849317
across_replicates_same_ctx_pert,null,-0.012082316
across_replicates_same_ctx_pert,null,-0.043286096
across_replicates_same_ctx_pert,null,0.04045403
across_replicates_same_ctx_pert,null,0.10318455
across_replicates_same_ctx_pert,null,0.04705585
across_replicates_same_ctx_pert,null,0.0100953495
across_replicates_same_ctx_pert,null,0.1138356
across_replicates_same_ctx_pert,null,-0.0033065134
across_replicates_same_ctx_pert,null,-0.022315722
across_replicates_same_ctx_pert,null,-0.08440642
across_replicates_same_ctx_pert,null,-0.01520382
across_replicates_same_ctx_pert,null,-0.07846467
across_replicates_same_ctx_pert,null,-0.049300984
across_replicates_same_ctx_pert,null,-0.021264415
across_replicates_same_ctx_pert,null,-0.0022862516
across_replicates_same_ctx_pert,null,-0.00821431
across_replicates_same_ctx_pert,null,-0.0010110467
across_replicates_same_ctx_pert,null,0.069825396
across_replicates_same_ctx_pert,null,0.033708815
across_replicates_same_ctx_pert,null,-0.022987016
across_replicates_same_ctx_pert,null,-0.051220722
across_replicates_same_ctx_pert,null,0.037877306
across_replicates_same_ctx_pert,null,-0.06839994
across_replicates_same_ctx_pert,null,-0.02782143
across_replicates_same_ctx_pert,null,0.018917385
across_replicates_same_ctx_pert,null,0.0063644894
across_replicates_same_ctx_pert,null,-0.037783735
across_replicates_same_ctx_pert,null,0.05696799
across_replicates_same_ctx_pert,null,-0.051541835
across_replicates_same_ctx_pert,null,0.020139484
across_replicates_same_ctx_pert,null,0.055122964
across_replicates_same_ctx_pert,null,0.0010088014
across_replicates_same_ctx_pert,null,-0.049571965
across_replicates_same_ctx_pert,null,-0.02051092
across_replicates_same_ctx_pert,null,-0.04243487
across_replicates_same_ctx_pert,null,-0.024734842
across_replicates_same_ctx_pert,null,-0.0047171083
across_replicates_same_ctx_pert,null,-0.022678364
across_replicates_same_ctx_pert,null,-0.014040643
across_replicates_same_ctx_pert,null,-0.093355015
across_replicates_same_ctx_pert,null,-0.013914882
across_replicates_same_ctx_pert,null,-0.027441524
across_replicates_same_ctx_pert,null,-0.041028384
across_replicates_same_ctx_pert,null,-0.02864277
across_replicates_same_ctx_pert,null,0.023854308
across_replicates_same_ctx_pert,null,-0.0046163807
across_replicates_same_ctx_pert,null,-0.049482234
across_replicates_same_ctx_pert,null,0.030784942
across_replicates_same_ctx_pert,null,-0.005270684
across_replicates_same_ctx_pert,null,-0.024910074
across_replicates_same_ctx_pert,null,0.0048789703
across_replicates_same_ctx_pert,null,-0.002673889
across_replicates_same_ctx_pert,null,0.00805467
across_replicates_same_ctx_pert,null,0.073531255
across_replicates_same_ctx_pert,null,0.045829132
across_replicates_same_ctx_pert,null,-0.0073758885
across_replicates_same_ctx_pert,null,-0.0067712204
across_replicates_same_ctx_pert,null,0.005789019
across_replicates_same_ctx_pert,null,-0.016826771
across_replicates_same_ctx_pert,null,-0.07258443
across_replicates_same_ctx_pert,null,-0.035338312
across_replicates_same_ctx_pert,null,0.0067224936
across_replicates_same_ctx_pert,null,0.03737647
across_replicates_same_ctx_pert,null,-0.04731351
across_replicates_same_ctx_pert,null,-0.018924143
across_replicates_same_ctx_pert,null,-0.018402165
across_replicates_same_ctx_pert,null,-0.031496722
across_replicates_same_ctx_pert,null,0.07561126
across_replicates_same_ctx_pert,null,0.054198746
across_replicates_same_ctx_pert,null,0.08482032
across_replicates_same_ctx_pert,null,0.0581681
across_replicates_same_ctx_pert,null,-0.018993078
across_replicates_same_ctx_pert,null,0.03606853
across_replicates_same_ctx_pert,null,-0.0355418
across_replicates_same_ctx_pert,null,0.061457254
across_replicates_same_ctx_pert,null,-0.051803913
across_replicates_same_ctx_pert,null,0.018468035
across_replicates_same_ctx_pert,null,-0.010350737
across_replicates_same_ctx_pert,null,0.029523274
across_replicates_same_ctx_pert,null,-0.04734182
across_replicates_same_ctx_pert,null,-0.08328322
across_replicates_same_ctx_pert,null,0.0037321
across_replicates_same_ctx_pert,null,0.008312703
across_replicates_same_ctx_pert,null,0.12566297
across_replicates_same_ctx_pert,null,0.008865162
across_replicates_same_ctx_pert,null,0.03331823
across_replicates_same_ctx_pert,null,-0.020639943
across_replicates_same_ctx_pert,null,0.005661013
across_replicates_same_ctx_pert,null,-0.0074532223
across_replicates_same_ctx_pert,null,-0.062697366
across_replicates_same_ctx_pert,null,0.07204473
across_replicates_same_ctx_pert,null,-0.062800765
across_replicates_same_ctx_pert,null,0.049994294
across_replicates_same_ctx_pert,null,-0.027555771
across_replicates_same_ctx_pert,null,0.029786495
across_replicates_same_ctx_pert,null,0.008933273
across_replicates_same_ctx_pert,null,0.030949593
across_replicates_same_ctx_pert,null,-0.0068778363
across_replicates_same_ctx_pert,null,0.027723927
across_replicates_same_ctx_pert,null,0.069118746
across_replicates_same_ctx_pert,null,0.045150355
across_replicates_same_ctx_pert,null,-0.029101653
across_replicates_same_ctx_pert,null,0.04338599
across_replicates_same_ctx_pert,null,-0.06214915
across_replicates_same_ctx_pert,null,0.027194524
across_replicates_same_ctx_pert,null,0.054757398
across_replicates_same_ctx_pert,null,0.005659395
across_replicates_same_ctx_pert,null,0.10284633
across_replicates_same_ctx_pert,null,-0.0418049
across_replicates_same_ctx_pert,null,-0.018420244
across_replicates_same_ctx_pert,null,0.01894001
across_replicates_same_ctx_pert,null,0.005390611
across_replicates_same_ctx_pert,null,-0.00805011
across_replicates_same_ctx_pert,null,-0.024619568
across_replicates_same_ctx_pert,null,-0.0028914209
across_replicates_same_ctx_pert,null,-0.007775861
across_replicates_same_ctx_pert,null,-0.07701268
across_replicates_same_ctx_pert,null,-0.011162418
across_replicates_same_ctx_pert,null,-0.0020949973
across_replicates_same_ctx_pert,null,-0.010642002
across_replicates_same_ctx_pert,null,0.11049226
across_replicates_same_ctx_pert,null,-0.005513436
across_replicates_same_ctx_pert,null,0.008549906
across_replicates_same_ctx_pert,null,0.08204941
across_replicates_same_ctx_pert,null,-0.014898057
across_replicates_same_ctx_pert,null,-0.045463774
across_replicates_same_ctx_pert,null,-0.023301726
across_replicates_same_ctx_pert,null,-0.068161376
across_replicates_same_ctx_pert,null,-0.0067052897
across_replicates_same_ctx_pert,null,-0.013300247
across_replicates_same_ctx_pert,null,0.057163473
across_replicates_same_ctx_pert,null,0.031530596
across_replicates_same_ctx_pert,null,-0.0004911728
across_replicates_same_ctx_pert,null,-0.012036644
across_replicates_same_ctx_pert,null,0.06287693
across_replicates_same_ctx_pert,null,-0.01691345
across_replicates_same_ctx_pert,null,-0.011085091
across_replicates_same_ctx_pert,null,0.041168127
across_replicates_same_ctx_pert,null,-0.056787718
across_replicates_same_ctx_pert,null,-0.06362907
across_replicates_same_ctx_pert,null,0.07413471
across_replicates_same_ctx_pert,null,0.054023016
across_replicates_same_ctx_pert,null,-0.03431904
across_replicates_same_ctx_pert,null,0.055172753
across_replicates_same_ctx_pert,null,-0.05449905
across_replicates_same_ctx_pert,null,-0.0007271402
across_replicates_same_ctx_pert,null,0.060331855
across_replicates_same_ctx_pert,null,-0.026192013
across_replicates_same_ctx_pert,null,0.017807666
across_replicates_same_ctx_pert,null,0.06746533
across_replicates_same_ctx_pert,null,-0.0441705
across_replicates_same_ctx_pert,null,-0.036803495
across_replicates_same_ctx_pert,null,-0.025254048
across_replicates_same_ctx_pert,null,-0.016008032
across_replicates_same_ctx_pert,null,-0.04237473
across_replicates_same_ctx_pert,null,-0.0015361536
across_replicates_same_ctx_pert,null,0.10615135
across_replicates_same_ctx_pert,null,-0.0087650325
across_replicates_same_ctx_pert,null,0.008278886
across_replicates_same_ctx_pert,null,0.049713776
across_replicates_same_ctx_pert,null,-0.038248572
across_replicates_same_ctx_pert,null,0.00504851
across_replicates_same_ctx_pert,null,0.034116637
across_replicates_same_ctx_pert,null,-0.019041365
across_replicates_same_ctx_pert,null,-0.028632298
across_replicates_same_ctx_pert,null,0.09238792
across_replicates_same_ctx_pert,null,0.05781147
across_replicates_same_ctx_pert,null,0.024611231
across_replicates_same_ctx_pert,null,0.051395044
across_replicates_same_ctx_pert,null,0.015983976
across_replicates_same_ctx_pert,null,-0.008559769
across_replicates_same_ctx_pert,null,-0.045269098
across_replicates_same_ctx_pert,null,-0.07193262
across_replicates_same_ctx_pert,null,0.04779104
across_replicates_same_ctx_pert,null,-0.022663075
across_replicates_same_ctx_pert,null,0.010941437
across_replicates_same_ctx_pert,null,-0.013772098
across_replicates_same_ctx_pert,null,-0.0124679655
across_replicates_same_ctx_pert,null,-0.027635239
across_replicates_same_ctx_pert,null,0.03397673
across_replicates_same_ctx_pert,null,0.076777846
across_replicates_same_ctx_pert,null,0.0242459
across_replicates_same_ctx_pert,null,-0.020993084
across_replicates_same_ctx_pert,null,-0.011471317
across_replicates_same_ctx_pert,null,0.04610395
across_replicates_same_ctx_pert,null,0.10933496
across_replicates_same_ctx_pert,null,-0.013725941
across_replicates_same_ctx_pert,null,0.031001022
across_replicates_same_ctx_pert,null,-0.004564411
across_replicates_same_ctx_pert,null,0.028968923
across_replicates_same_ctx_pert,null,-0.021494986
across_replicates_same_ctx_pert,null,-0.026954992
across_replicates_same_ctx_pert,null,-0.04505212
across_replicates_same_ctx_pert,null,0.026161587
across_replicates_same_ctx_pert,null,-0.017824592
across_replicates_same_ctx_pert,null,0.060474094
across_replicates_same_ctx_pert,null,-0.019913431
across_replicates_same_ctx_pert,null,-0.07136123
across_replicates_same_ctx_pert,null,-0.056573324
across_replicates_same_ctx_pert,null,-0.023558816
across_replicates_same_ctx_pert,null,-0.029933158
across_replicates_same_ctx_pert,null,-0.032511648
across_replicates_same_ctx_pert,null,-0.0189291
across_replicates_same_ctx_pert,null,-0.076712266
across_replicates_same_ctx_pert,null,0.011571678
across_replicates_same_ctx_pert,null,-0.050537806
across_replicates_same_ctx_pert,null,0.025447516
across_replicates_same_ctx_pert,null,0.08776231
across_replicates_same_ctx_pert,null,-0.018931983
across_replicates_same_ctx_pert,null,0.052252956
across_replicates_same_ctx_pert,null,-0.040250972
across_replicates_same_ctx_pert,null,-0.02891853
across_replicates_same_ctx_pert,null,0.041355643
across_replicates_same_ctx_pert,null,-0.00079685124
across_replicates_same_ctx_pert,null,0.03447997
across_replicates_same_ctx_pert,null,0.014664682
across_replicates_same_ctx_pert,null,-0.05546109
across_replicates_same_ctx_pert,null,0.005167399
across_replicates_same_ctx_pert,null,0.08653613
across_replicates_same_ctx_pert,null,0.05757105
across_replicates_same_ctx_pert,null,0.04567314
across_replicates_same_ctx_pert,null,-0.07964341
across_replicates_same_ctx_pert,null,0.06602521
across_replicates_same_ctx_pert,null,-0.06853841
across_replicates_same_ctx_pert,null,-0.05193047
across_replicates_same_ctx_pert,null,0.00440836
across_replicates_same_ctx_pert,null,-0.040885527
across_replicates_same_ctx_pert,null,-0.008221062
across_replicates_same_ctx_pert,null,0.06335203
across_replicates_same_ctx_pert,null,-0.049260207
across_replicates_same_ctx_pert,null,0.063878864
across_replicates_same_ctx_pert,null,-0.062219862
across_replicates_same_ctx_pert,null,-0.047028348
across_replicates_same_ctx_pert,null,0.054939993
across_replicates_same_ctx_pert,null,-0.05839059
across_replicates_same_ctx_pert,null,-0.026770288
across_replicates_same_ctx_pert,null,0.025548182
across_replicates_same_ctx_pert,null,-0.032467943
across_replicates_same_ctx_pert,null,0.013266448
across_replicates_same_ctx_pert,null,0.0094530955
across_replicates_same_ctx_pert,null,-0.027469419
across_replicates_same_ctx_pert,null,0.05983193
across_replicates_same_ctx_pert,null,-0.02758757
across_replicates_same_ctx_pert,null,-0.0054723863
across_replicates_same_ctx_pert,null,-0.03412329
across_replicates_same_ctx_pert,null,0.0033764744
across_replicates_same_ctx_pert,null,0.03896995
across_replicates_same_ctx_pert,null,-0.041728877
across_replicates_same_ctx_pert,null,-0.04137111
across_replicates_same_ctx_pert,null,-0.0050661485
across_replicates_same_ctx_pert,null,-0.020349877
across_replicates_same_ctx_pert,null,0.028739413
across_replicates_same_ctx_pert,null,-0.026309831
across_replicates_same_ctx_pert,null,-0.028644264
across_replicates_same_ctx_pert,null,-0.013655112
across_replicates_same_ctx_pert,null,0.047825005
across_replicates_same_ctx_pert,null,-0.0051128217
across_replicates_same_ctx_pert,null,-0.01180261
across_replicates_same_ctx_pert,null,0.006153671
across_replicates_same_ctx_pert,null,0.0014529839
across_replicates_same_ctx_pert,null,0.046737432
across_replicates_same_ctx_pert,null,0.00900784
across_replicates_same_ctx_pert,null,-0.02470448
across_replicates_same_ctx_pert,null,-0.0035776626
across_replicates_same_ctx_pert,null,-0.04568748
across_replicates_same_ctx_pert,null,0.08159442
across_replicates_same_ctx_pert,null,0.041964393
across_replicates_same_ctx_pert,null,0.021254528
across_replicates_same_ctx_pert,null,0.065028705
across_replicates_same_ctx_pert,null,-0.015874526
across_replicates_same_ctx_pert,null,0.0024013452
across_replicates_same_ctx_pert,null,-0.023258394
across_replicates_same_ctx_pert,null,0.06440625
across_replicates_same_ctx_pert,null,0.007934259
across_replicates_same_ctx_pert,null,-0.0311414
across_replicates_same_ctx_pert,null,0.05463596
across_replicates_same_ctx_pert,null,-0.019750418
across_replicates_same_ctx_pert,null,-0.00015351672
across_replicates_same_ctx_pert,null,0.025644785
across_replicates_same_ctx_pert,null,0.08746719
across_replicates_same_ctx_pert,null,-0.039566047
across_replicates_same_ctx_pert,null,0.018757695
across_replicates_same_ctx_pert,null,0.049181115
across_replicates_same_ctx_pert,null,-0.06989969
across_replicates_same_ctx_pert,null,0.053056955
across_replicates_same_ctx_pert,null,-0.008652733
across_replicates_same_ctx_pert,null,0.04736583
across_replicates_same_ctx_pert,null,-0.0077321
across_replicates_same_ctx_pert,null,-0.008967723
across_replicates_same_ctx_pert,null,-0.03655093
across_replicates_same_ctx_pert,null,-0.022882024
across_replicates_same_ctx_pert,null,-0.024797896
across_replicates_same_ctx_pert,null,-0.026867436
across_replicates_same_ctx_pert,null,-0.008666385
across_replicates_same_ctx_pert,null,0.02664124
across_replicates_same_ctx_pert,null,0.08507961
across_replicates_same_ctx_pert,null,0.017894652
across_replicates_same_ctx_pert,null,0.007505254
across_replicates_same_ctx_pert,null,-0.0020027892
across_replicates_same_ctx_pert,null,-0.0062407353
across_replicates_same_ctx_pert,null,-0.0073210914
across_replicates_same_ctx_pert,null,0.06416738
across_replicates_same_ctx_pert,null,0.0055536567
across_replicates_same_ctx_pert,null,-0.011765075
across_replicates_same_ctx_pert,null,-0.016277887
across_replicates_same_ctx_pert,null,9.8576704e-05
across_replicates_same_ctx_pert,null,0.082266435
across_replicates_same_ctx_pert,null,-0.04621391
across_replicates_same_ctx_pert,null,-0.021033663
across_replicates_same_ctx_pert,null,-0.022845827
across_replicates_same_ctx_pert,null,-0.06280481
across_replicates_same_ctx_pert,null,-0.009695562
across_replicates_same_ctx_pert,null,0.007104563
across_replicates_same_ctx_pert,null,-0.026885737
across_replicates_same_ctx_pert,null,0.04074044
across_replicates_same_ctx_pert,null,-0.009003821
across_replicates_same_ctx_pert,null,0.050117377
across_replicates_same_ctx_pert,null,-0.0011073843
across_replicates_same_ctx_pert,null,-0.033968884
across_replicates_same_ctx_pert,null,0.016338263
across_replicates_same_ctx_pert,null,-0.044583365
across_replicates_same_ctx_pert,null,-0.021936573
across_replicates_same_ctx_pert,null,-0.0029904142
across_replicates_same_ctx_pert,null,0.04676184
across_replicates_same_ctx_pert,null,-0.015431264
across_replicates_same_ctx_pert,null,-0.020058692
across_replicates_same_ctx_pert,null,0.0052397787
across_replicates_same_ctx_pert,null,-0.025542071
across_replicates_same_ctx_pert,null,-0.053090993
across_replicates_same_ctx_pert,null,-0.034746177
across_replicates_same_ctx_pert,null,-0.049122762
across_replicates_same_ctx_pert,null,-0.011600799
across_replicates_same_ctx_pert,null,-0.0290054
across_replicates_same_ctx_pert,null,-0.02400708
across_replicates_same_ctx_pert,null,-0.030772725
across_replicates_same_ctx_pert,null,0.008588429
across_replicates_same_ctx_pert,null,-0.025762815
across_replicates_same_ctx_pert,null,0.07120288
across_replicates_same_ctx_pert,null,0.016056027
across_replicates_same_ctx_pert,null,0.10210739
across_replicates_same_ctx_pert,null,-0.064594515
across_replicates_same_ctx_pert,null,0.005444571
across_replicates_same_ctx_pert,null,0.021126414
across_replicates_same_ctx_pert,null,0.082970954
across_replicates_same_ctx_pert,null,0.027921444
across_replicates_same_ctx_pert,null,0.038010765
across_replicates_same_ctx_pert,null,-0.054599125
across_replicates_same_ctx_pert,null,-0.04168668
across_replicates_same_ctx_pert,null,-0.039887127
across_replicates_same_ctx_pert,null,0.06068031
across_replicates_same_ctx_pert,null,-0.0622259
across_replicates_same_ctx_pert,null,-0.008938022
across_replicates_same_ctx_pert,null,-0.020558612
across_replicates_same_ctx_pert,null,0.11092168
across_replicates_same_ctx_pert,null,0.0021716368
across_replicates_same_ctx_pert,null,0.046329368
across_replicates_same_ctx_pert,null,0.008950039
across_replicates_same_ctx_pert,null,-0.05706932
across_replicates_same_ctx_pert,null,0.040037706
across_replicates_same_ctx_pert,null,-0.01192766
across_replicates_same_ctx_pert,null,0.059740275
across_replicates_same_ctx_pert,null,0.018286375
across_replicates_same_ctx_pert,null,0.021096991
across_replicates_same_ctx_pert,null,-0.0052413917
across_replicates_same_ctx_pert,null,-0.028084274
across_replicates_same_ctx_pert,null,0.0016693025
across_replicates_same_ctx_pert,null,-0.05935034
across_replicates_same_ctx_pert,null,0.0354821
across_replicates_same_ctx_pert,null,0.017774956
across_replicates_same_ctx_pert,null,0.031045377
across_replicates_same_ctx_pert,null,0.008201178
across_replicates_same_ctx_pert,null,0.011099097
across_replicates_same_ctx_pert,null,0.07409549
across_replicates_same_ctx_pert,null,0.0356226
across_replicates_same_ctx_pert,null,-0.07988736
across_replicates_same_ctx_pert,null,-0.051134724
across_replicates_same_ctx_pert,null,-0.036806583
across_replicates_same_ctx_pert,null,0.032913942
across_replicates_same_ctx_pert,null,-0.042039257
across_replicates_same_ctx_pert,null,0.05821925
across_replicates_same_ctx_pert,null,0.03895447
across_replicates_same_ctx_pert,null,0.0648675
across_replicates_same_ctx_pert,null,-0.023988089
across_replicates_same_ctx_pert,null,0.013178354
across_replicates_same_ctx_pert,null,-0.03825347
across_replicates_same_ctx_pert,null,-0.07084644
across_replicates_same_ctx_pert,null,-0.015597042
across_replicates_same_ctx_pert,null,0.018675433
across_replicates_same_ctx_pert,null,-0.027811447
across_replicates_same_ctx_pert,null,-0.046662666
across_replicates_same_ctx_pert,null,-0.07333393
across_replicates_same_ctx_pert,null,-0.03373036
across_replicates_same_ctx_pert,null,-0.015673835
across_replicates_same_ctx_pert,null,-0.007846614
across_replicates_same_ctx_pert,null,0.08001396
across_replicates_same_ctx_pert,null,0.005584044
across_replicates_same_ctx_pert,null,-0.021403568
across_replicates_same_ctx_pert,null,-0.015611017
across_replicates_same_ctx_pert,null,-0.06317
across_replicates_same_ctx_pert,null,-0.032136988
across_replicates_same_ctx_pert,null,-0.041715693
across_replicates_same_ctx_pert,null,-0.0015054549
across_replicates_same_ctx_pert,null,-0.0034957605
across_replicates_same_ctx_pert,null,-0.03446912
across_replicates_same_ctx_pert,null,-0.022335274
across_replicates_same_ctx_pert,null,-0.0019657828
across_replicates_same_ctx_pert,null,-0.029016314
across_replicates_same_ctx_pert,null,0.024689531
across_replicates_same_ctx_pert,null,-0.04789008
across_replicates_same_ctx_pert,null,0.019929219
across_replicates_same_ctx_pert,null,0.13091965
across_replicates_same_ctx_pert,null,-0.06829067
across_replicates_same_ctx_pert,null,-0.013863547
across_replicates_same_ctx_pert,null,0.045917388
across_replicates_same_ctx_pert,null,-0.045033727
across_replicates_same_ctx_pert,null,-0.024566002
across_replicates_same_ctx_pert,null,0.03516556
across_replicates_same_ctx_pert,null,-0.025506008
across_replicates_same_ctx_pert,null,0.04684169
across_replicates_same_ctx_pert,null,-0.08060291
across_replicates_same_ctx_pert,null,0.09835895
across_replicates_same_ctx_pert,null,-0.033187106
across_replicates_same_ctx_pert,null,-0.01258704
across_replicates_same_ctx_pert,null,0.06905103
across_replicates_same_ctx_pert,null,0.10659443
across_replicates_same_ctx_pert,null,-0.033766467
across_replicates_same_ctx_pert,null,0.04696951
across_replicates_same_ctx_pert,null,-0.007548217
across_replicates_same_ctx_pert,null,-0.061604545
across_replicates_same_ctx_pert,null,0.06436732
across_replicates_same_ctx_pert,null,-0.024642192
across_replicates_same_ctx_pert,null,0.10657273
across_replicates_same_ctx_pert,null,-0.0049769315
across_replicates_same_ctx_pert,null,0.037473068
across_replicates_same_ctx_pert,null,0.009339884
across_replicates_same_ctx_pert,null,-0.008207911
across_replicates_same_ctx_pert,null,-0.005490981
across_replicates_same_ctx_pert,null,0.007935089
across_replicates_same_ctx_pert,null,0.04925353
across_replicates_same_ctx_pert,null,-0.004813017
across_replicates_same_ctx_pert,null,0.067234844
across_replicates_same_ctx_pert,null,-0.03450616
across_replicates_same_ctx_pert,null,0.0011317786
across_replicates_same_ctx_pert,null,0.015908038
across_replicates_same_ctx_pert,null,-0.026390208
across_replicates_same_ctx_pert,null,-0.050985686
across_replicates_same_ctx_pert,null,-0.0334009
across_replicates_same_ctx_pert,null,-0.0058845785
across_replicates_same_ctx_pert,null,-0.076463826
across_replicates_same_ctx_pert,null,-0.072443366
across_replicates_same_ctx_pert,null,-0.041561235
across_replicates_same_ctx_pert,null,0.058542304
across_replicates_same_ctx_pert,null,0.10000215
across_replicates_same_ctx_pert,null,-0.08569385
across_replicates_same_ctx_pert,null,0.040901016
across_replicates_same_ctx_pert,null,0.024828224
across_replicates_same_ctx_pert,null,-0.007830576
across_replicates_same_ctx_pert,null,0.023697672
across_replicates_same_ctx_pert,null,-0.037811093
across_replicates_same_ctx_pert,null,0.02868514
across_replicates_same_ctx_pert,null,0.10233715
across_replicates_same_ctx_pert,null,0.034569923
across_replicates_same_ctx_pert,null,-0.05190994
across_replicates_same_ctx_pert,null,-0.034094755
across_replicates_same_ctx_pert,null,-0.022286173
across_replicates_same_ctx_pert,null,-0.009644829
across_replicates_same_ctx_pert,null,-0.017348062
across_replicates_same_ctx_pert,null,0.03971386
across_replicates_same_ctx_pert,null,-0.0896215
across_replicates_same_ctx_pert,null,-0.0041839136
across_replicates_same_ctx_pert,null,0.05563338
across_replicates_same_ctx_pert,null,0.062214427
across_replicates_same_ctx_pert,null,-0.076938525
across_replicates_same_ctx_pert,null,-0.015639024
across_replicates_same_ctx_pert,null,0.00013946951
across_replicates_same_ctx_pert,null,0.057563115
across_replicates_same_ctx_pert,null,-0.011807948
across_replicates_same_ctx_pert,null,0.0028562713
across_replicates_same_ctx_pert,null,-0.092724346
across_replicates_same_ctx_pert,null,0.097488895
across_replicates_same_ctx_pert,null,-0.017990591
across_replicates_same_ctx_pert,null,0.018915668
across_replicates_same_ctx_pert,null,-0.041882902
across_replicates_same_ctx_pert,null,-0.013429916
across_replicates_same_ctx_pert,null,0.0070948373
across_replicates_same_ctx_pert,null,-0.018493103
across_replicates_same_ctx_pert,null,-0.0069370833
across_replicates_same_ctx_pert,null,-0.061329268
across_replicates_same_ctx_pert,null,-0.040248293
across_replicates_same_ctx_pert,null,-0.018876944
across_replicates_same_ctx_pert,null,-0.0299886
across_replicates_same_ctx_pert,null,-0.06981628
across_replicates_same_ctx_pert,null,0.011235109
across_replicates_same_ctx_pert,null,0.013373996
across_replicates_same_ctx_pert,null,-0.11260083
across_replicates_same_ctx_pert,null,-0.011126896
across_replicates_same_ctx_pert,null,0.0061387667
across_replicates_same_ctx_pert,null,-0.013808236
across_replicates_same_ctx_pert,null,0.033545323
across_replicates_same_ctx_pert,null,-0.032117672
across_replicates_same_ctx_pert,null,-0.005721277
across_replicates_same_ctx_pert,null,0.05490072
across_replicates_same_ctx_pert,null,0.014800354
across_replicates_same_ctx_pert,null,-0.0058070235
across_replicates_same_ctx_pert,null,-0.03442255
across_replicates_same_ctx_pert,null,-0.010195562
across_replicates_same_ctx_pert,null,0.001023956
across_replicates_same_ctx_pert,null,0.0065702065
across_replicates_same_ctx_pert,null,-0.024631541
across_replicates_same_ctx_pert,null,0.044245787
across_replicates_same_ctx_pert,null,0.038896512
across_replicates_same_ctx_pert,null,-0.010471136
across_replicates_same_ctx_pert,null,-0.03713222
across_replicates_same_ctx_pert,null,0.006414842
across_replicates_same_ctx_pert,null,-0.093656324
across_replicates_same_ctx_pert,null,-0.04193418
across_replicates_same_ctx_pert,null,-0.0325466
across_replicates_same_ctx_pert,null,-0.012482633
across_replicates_same_ctx_pert,null,0.06269957
across_replicates_same_ctx_pert,null,-0.0011939667
across_replicates_same_ctx_pert,null,-0.060710512
across_replicates_same_ctx_pert,null,0.012442348
across_replicates_same_ctx_pert,null,0.008272878
across_replicates_same_ctx_pert,null,-0.033000313
across_replicates_same_ctx_pert,null,-0.047527514
across_replicates_same_ctx_pert,null,-0.003956827
across_replicates_same_ctx_pert,null,-0.013482316
across_replicates_same_ctx_pert,null,-0.00056797476
across_replicates_same_ctx_pert,null,0.06012995
across_replicates_same_ctx_pert,null,0.0025386708
across_replicates_same_ctx_pert,null,-0.015083421
across_replicates_same_ctx_pert,null,0.045585968
across_perturbations_within_ctx,observed,0.01761517
across_perturbations_within_ctx,observed,-0.0017927781
across_perturbations_within_ctx,observed,0.008748212
across_perturbations_within_ctx,observed,0.03226751
across_perturbations_within_ctx,observed,0.035934977
across_perturbations_within_ctx,observed,-0.04680654
across_perturbations_within_ctx,observed,0.04350322
across_perturbations_within_ctx,observed,0.029794896
across_perturbations_within_ctx,observed,0.046734005
across_perturbations_within_ctx,observed,0.030437117
across_perturbations_within_ctx,observed,0.0053570354
across_perturbations_within_ctx,observed,0.05417689
across_perturbations_within_ctx,observed,0.025455886
across_perturbations_within_ctx,observed,0.011358048
across_perturbations_within_ctx,observed,0.05924248
across_perturbations_within_ctx,observed,0.051062636
across_perturbations_within_ctx,observed,0.046639945
across_perturbations_within_ctx,observed,0.020937568
across_perturbations_within_ctx,observed,0.07422766
across_perturbations_within_ctx,observed,0.036281843
across_perturbations_within_ctx,observed,0.030641131
across_perturbations_within_ctx,observed,0.027670985
across_perturbations_within_ctx,observed,0.0060089207
across_perturbations_within_ctx,observed,0.03330516
across_perturbations_within_ctx,observed,0.026870193
across_perturbations_within_ctx,observed,-0.023441527
across_perturbations_within_ctx,observed,-0.007012463
across_perturbations_within_ctx,observed,0.026029807
across_perturbations_within_ctx,observed,0.058227837
across_perturbations_within_ctx,observed,-0.039728127
across_perturbations_within_ctx,observed,0.02243947
across_perturbations_within_ctx,observed,0.024259489
across_perturbations_within_ctx,observed,0.024326308
across_perturbations_within_ctx,observed,0.029963816
across_perturbations_within_ctx,observed,0.036848757
across_perturbations_within_ctx,observed,0.01728717
across_perturbations_within_ctx,observed,-0.005287847
across_perturbations_within_ctx,observed,0.0060303025
across_perturbations_within_ctx,observed,0.0036854518
across_perturbations_within_ctx,observed,-0.015108164
across_perturbations_within_ctx,observed,0.03916049
across_perturbations_within_ctx,observed,0.014827236
across_perturbations_within_ctx,observed,0.010943409
across_perturbations_within_ctx,observed,0.05504497
across_perturbations_within_ctx,observed,0.018731788
across_perturbations_within_ctx,observed,-0.037048295
across_perturbations_within_ctx,observed,0.023931498
across_perturbations_within_ctx,observed,0.01869522
across_perturbations_within_ctx,observed,0.02310248
across_perturbations_within_ctx,observed,0.077044345
across_perturbations_within_ctx,observed,0.020281317
across_perturbations_within_ctx,observed,0.0009674484
across_perturbations_within_ctx,observed,0.020352233
across_perturbations_within_ctx,observed,0.002063374
across_perturbations_within_ctx,observed,-0.012122257
across_perturbations_within_ctx,observed,-0.009691219
across_perturbations_within_ctx,observed,0.0948773
across_perturbations_within_ctx,observed,0.021581806
across_perturbations_within_ctx,observed,0.06982526
across_perturbations_within_ctx,observed,0.074875094
across_perturbations_within_ctx,observed,0.022103693
across_perturbations_within_ctx,observed,0.04373105
across_perturbations_within_ctx,observed,0.043264855
across_perturbations_within_ctx,observed,0.064323254
across_perturbations_within_ctx,observed,0.060613748
across_perturbations_within_ctx,observed,0.093007535
across_perturbations_within_ctx,observed,-0.017116109
across_perturbations_within_ctx,observed,0.05682625
across_perturbations_within_ctx,observed,0.050609723
across_perturbations_within_ctx,observed,0.07679138
across_perturbations_within_ctx,observed,0.0276976
across_perturbations_within_ctx,observed,0.031519428
across_perturbations_within_ctx,observed,0.05815491
across_perturbations_within_ctx,observed,-0.004860104
across_perturbations_within_ctx,observed,0.050753966
across_perturbations_within_ctx,observed,-0.010054833
across_perturbations_within_ctx,observed,0.04685192
across_perturbations_within_ctx,observed,0.031467635
across_perturbations_within_ctx,observed,0.09910935
across_perturbations_within_ctx,observed,0.022188101
across_perturbations_within_ctx,observed,0.009039139
across_perturbations_within_ctx,observed,0.090794876
across_perturbations_within_ctx,observed,0.013636107
across_perturbations_within_ctx,observed,0.051269528
across_perturbations_within_ctx,observed,0.024973959
across_perturbations_within_ctx,null,-0.06508494
across_perturbations_within_ctx,null,-0.041695446
across_perturbations_within_ctx,null,-0.06346739
across_perturbations_within_ctx,null,-0.014061895
across_perturbations_within_ctx,null,0.004751053
across_perturbations_within_ctx,null,-0.0043974323
across_perturbations_within_ctx,null,-0.04236854
across_perturbations_within_ctx,null,0.01296795
across_perturbations_within_ctx,null,-0.019758832
across_perturbations_within_ctx,null,-0.00900252
across_perturbations_within_ctx,null,0.0050907433
across_perturbations_within_ctx,null,0.048741195
across_perturbations_within_ctx,null,0.018294787
across_perturbations_within_ctx,null,-0.06538326
across_perturbations_within_ctx,null,-0.061689436
across_perturbations_within_ctx,null,0.0041967896
across_perturbations_within_ctx,null,-0.05291221
across_perturbations_within_ctx,null,-0.034136802
across_perturbations_within_ctx,null,0.0030648739
across_perturbations_within_ctx,null,-0.0016423948
across_perturbations_within_ctx,null,-0.031598262
across_perturbations_within_ctx,null,-0.034653217
across_perturbations_within_ctx,null,-0.014252588
across_perturbations_within_ctx,null,-0.029217277
across_perturbations_within_ctx,null,0.09817039
across_perturbations_within_ctx,null,-0.0262411
across_perturbations_within_ctx,null,-0.079188116
across_perturbations_within_ctx,null,-0.020544805
across_perturbations_within_ctx,null,-0.018846227
across_perturbations_within_ctx,null,-0.023012752
across_perturbations_within_ctx,null,-0.042698693
across_perturbations_within_ctx,null,0.02464435
across_perturbations_within_ctx,null,-0.038209368
across_perturbations_within_ctx,null,-0.055105142
across_perturbations_within_ctx,null,0.03636852
across_perturbations_within_ctx,null,0.03535808
across_perturbations_within_ctx,null,-0.019250363
across_perturbations_within_ctx,null,-0.05060969
across_perturbations_within_ctx,null,0.038443215
across_perturbations_within_ctx,null,0.039218232
across_perturbations_within_ctx,null,-0.011333778
across_perturbations_within_ctx,null,0.06325924
across_perturbations_within_ctx,null,0.0118708685
across_perturbations_within_ctx,null,-0.014248464
across_perturbations_within_ctx,null,-0.06720542
across_perturbations_within_ctx,null,-0.044840116
across_perturbations_within_ctx,null,0.08026458
across_perturbations_within_ctx,null,-0.38723257
across_perturbations_within_ctx,null,0.090074815
across_perturbations_within_ctx,null,-0.05307941
across_perturbations_within_ctx,null,-0.04521542
across_perturbations_within_ctx,null,0.09029033
across_perturbations_within_ctx,null,0.0036764545
across_perturbations_within_ctx,null,-0.03449176
across_perturbations_within_ctx,null,-0.027110508
across_perturbations_within_ctx,null,-0.026643401
across_perturbations_within_ctx,null,-0.010842075
across_perturbations_within_ctx,null,-0.0041573895
across_perturbations_within_ctx,null,0.0033911734
across_perturbations_within_ctx,null,-0.024579903
across_perturbations_within_ctx,null,0.0140172765
across_perturbations_within_ctx,null,-0.01820665
across_perturbations_within_ctx,null,-0.05707428
across_perturbations_within_ctx,null,0.059566375
across_perturbations_within_ctx,null,0.13227177
across_perturbations_within_ctx,null,0.021318259
across_perturbations_within_ctx,null,0.03810878
across_perturbations_within_ctx,null,0.06751148
across_perturbations_within_ctx,null,0.0351883
across_perturbations_within_ctx,null,0.025333626
across_perturbations_within_ctx,null,-0.010361709
across_perturbations_within_ctx,null,0.090106905
across_perturbations_within_ctx,null,0.0072085424
across_perturbations_within_ctx,null,-0.058276296
across_perturbations_within_ctx,null,0.0016277182
across_perturbations_within_ctx,null,-0.024912214
across_perturbations_within_ctx,null,0.06622268
across_perturbations_within_ctx,null,-0.04457029
across_perturbations_within_ctx,null,-0.055195272
across_perturbations_within_ctx,null,-0.03568812
across_perturbations_within_ctx,null,0.10185482
across_perturbations_within_ctx,null,0.05694799
across_perturbations_within_ctx,null,-0.030130917
across_perturbations_within_ctx,null,-0.10899702
across_perturbations_within_ctx,null,-0.028179819
across_contexts_same_perturbation,observed,-0.02191137
across_contexts_same_perturbation,observed,-0.34268045
across_contexts_same_perturbation,observed,-0.30935502
across_contexts_same_perturbation,observed,-0.0007901633
across_contexts_same_perturbation,observed,-0.041212983
across_contexts_same_perturbation,observed,-0.015910653
across_contexts_same_perturbation,observed,-0.03769868
across_contexts_same_perturbation,observed,0.028892437
across_contexts_same_perturbation,observed,0.014282308
across_contexts_same_perturbation,observed,-0.0017625073
across_contexts_same_perturbation,observed,0.017545475
across_contexts_same_perturbation,observed,-0.2163964
across_contexts_same_perturbation,observed,-0.050935786
across_contexts_same_perturbation,observed,-0.036342163
across_contexts_same_perturbation,observed,0.004170688
across_contexts_same_perturbation,observed,-0.019777086
across_contexts_same_perturbation,observed,-0.005250626
across_contexts_same_perturbation,observed,-0.277492
across_contexts_same_perturbation,observed,-0.00970768
across_contexts_same_perturbation,observed,-0.16310622
across_contexts_same_perturbation,observed,-0.019466117
across_contexts_same_perturbation,observed,0.011378375
across_contexts_same_perturbation,observed,-0.050890308
across_contexts_same_perturbation,observed,-0.041412443
across_contexts_same_perturbation,observed,-0.029337754
across_contexts_same_perturbation,observed,-0.010973931
across_contexts_same_perturbation,observed,-0.0328561
across_contexts_same_perturbation,observed,-0.050890308
across_contexts_same_perturbation,observed,-0.018690703
across_contexts_same_perturbation,observed,-0.020179475
across_contexts_same_perturbation,observed,-0.039567497
across_contexts_same_perturbation,observed,-0.44331324
across_contexts_same_perturbation,observed,-0.07129449
across_contexts_same_perturbation,observed,-0.05179167
across_contexts_same_perturbation,observed,-0.049890164
across_contexts_same_perturbation,observed,-0.30590096
across_contexts_same_perturbation,observed,-0.27274653
across_contexts_same_perturbation,observed,-0.03729887
across_contexts_same_perturbation,observed,-0.0046539856
across_contexts_same_perturbation,observed,-0.014193193
across_contexts_same_perturbation,observed,-0.033082344
across_contexts_same_perturbation,observed,-0.03441766
across_contexts_same_perturbation,observed,-0.025219643
across_contexts_same_perturbation,observed,-0.00011940482
across_contexts_same_perturbation,observed,-0.45186394
across_contexts_same_perturbation,observed,-0.03670906
across_contexts_same_perturbation,observed,-0.03351521
across_contexts_same_perturbation,observed,-0.03670906
across_contexts_same_perturbation,observed,-0.42143598
across_contexts_same_perturbation,observed,-0.431057
across_contexts_same_perturbation,observed,-0.00013778562
across_contexts_same_perturbation,observed,-0.29815707
across_contexts_same_perturbation,observed,0.0045084762
across_contexts_same_perturbation,observed,-0.21580818
across_contexts_same_perturbation,observed,0.024191666
across_contexts_same_perturbation,observed,-0.009177722
across_contexts_same_perturbation,observed,-0.029489504
across_contexts_same_perturbation,observed,-0.016521964
across_contexts_same_perturbation,observed,-0.21580818
across_contexts_same_perturbation,observed,-0.43338883
across_contexts_same_perturbation,observed,-0.02957061
across_contexts_same_perturbation,observed,-0.02479342
across_contexts_same_perturbation,observed,-0.3877096
across_contexts_same_perturbation,observed,0.03981331
across_contexts_same_perturbation,observed,-0.09313731
across_contexts_same_perturbation,observed,0.023277316
across_contexts_same_perturbation,observed,-0.4609891
across_contexts_same_perturbation,observed,-0.10682825
across_contexts_same_perturbation,observed,-0.03947115
across_contexts_same_perturbation,observed,0.03811506
across_contexts_same_perturbation,observed,-0.11363583
across_contexts_same_perturbation,observed,-0.05809487
across_contexts_same_perturbation,observed,-0.034706328
across_contexts_same_perturbation,observed,-0.39764607
across_contexts_same_perturbation,observed,-0.004859581
across_contexts_same_perturbation,observed,-0.02574866
across_contexts_same_perturbation,observed,-0.014163916
across_contexts_same_perturbation,observed,-0.02965255
across_contexts_same_perturbation,observed,-0.21303292
across_contexts_same_perturbation,observed,-0.045061335
across_contexts_same_perturbation,observed,-0.06277246
across_contexts_same_perturbation,observed,-0.41421536
across_contexts_same_perturbation,observed,-0.05250232
across_contexts_same_perturbation,observed,-0.03659763
across_contexts_same_perturbation,observed,-0.24771969
across_contexts_same_perturbation,observed,-0.013530018
across_contexts_same_perturbation,observed,-0.40132093
across_contexts_same_perturbation,observed,-0.002197201
across_contexts_same_perturbation,observed,-0.05250232
across_contexts_same_perturbation,observed,-0.06925008
across_contexts_same_perturbation,observed,-0.046649326
across_contexts_same_perturbation,observed,-0.2630956
across_contexts_same_perturbation,observed,-0.037856687
across_contexts_same_perturbation,observed,-0.41917467
across_contexts_same_perturbation,observed,-0.2240411
across_contexts_same_perturbation,observed,-0.29628414
across_contexts_same_perturbation,observed,-0.023907185
across_contexts_same_perturbation,observed,-0.014861913
across_contexts_same_perturbation,observed,-0.046031415
across_contexts_same_perturbation,observed,-0.011238187
across_contexts_same_perturbation,observed,-0.015456812
across_contexts_same_perturbation,observed,-0.41352788
across_contexts_same_perturbation,observed,-0.41352788
across_contexts_same_perturbation,observed,0.011969923
across_contexts_same_perturbation,observed,0.0010147752
across_contexts_same_perturbation,observed,-0.3015627
across_contexts_same_perturbation,observed,-0.02832214
across_contexts_same_perturbation,observed,-0.07420888
across_contexts_same_perturbation,observed,-0.0718567
across_contexts_same_perturbation,observed,-0.060761526
across_contexts_same_perturbation,observed,-0.04490014
across_contexts_same_perturbation,observed,-0.06869252
across_contexts_same_perturbation,observed,-0.030223776
across_contexts_same_perturbation,observed,-0.0077629415
across_contexts_same_perturbation,observed,-0.46359575
across_contexts_same_perturbation,observed,-0.0077629415
across_contexts_same_perturbation,observed,-0.32141083
across_contexts_same_perturbation,observed,-0.06869252
across_contexts_same_perturbation,observed,-0.4375217
across_contexts_same_perturbation,observed,-0.026429746
across_contexts_same_perturbation,observed,-0.0040889657
across_contexts_same_perturbation,observed,-0.03521492
across_contexts_same_perturbation,observed,-0.026429746
across_contexts_same_perturbation,observed,-0.20063706
across_contexts_same_perturbation,observed,-0.27966997
across_contexts_same_perturbation,observed,-0.009370789
across_contexts_same_perturbation,observed,-0.37326008
across_contexts_same_perturbation,observed,-0.020930674
across_contexts_same_perturbation,observed,0.0028480778
across_contexts_same_perturbation,observed,-0.005049985
across_contexts_same_perturbation,observed,-0.015792876
across_contexts_same_perturbation,observed,-0.08799429
across_contexts_same_perturbation,observed,0.0026718162
across_contexts_same_perturbation,observed,-0.06303414
across_contexts_same_perturbation,observed,-0.063441284
across_contexts_same_perturbation,observed,-0.08379659
across_contexts_same_perturbation,observed,-0.08379659
across_contexts_same_perturbation,observed,-0.01112252
across_contexts_same_perturbation,observed,-0.019193044
across_contexts_same_perturbation,observed,-0.30985633
across_contexts_same_perturbation,observed,-0.027444951
across_contexts_same_perturbation,observed,-0.045807038
across_contexts_same_perturbation,observed,-0.044838272
across_contexts_same_perturbation,observed,-0.018477533
across_contexts_same_perturbation,observed,-0.08311875
across_contexts_same_perturbation,observed,0.0057345224
across_contexts_same_perturbation,observed,-0.015536969
across_contexts_same_perturbation,observed,-0.021693273
across_contexts_same_perturbation,observed,-0.061722476
across_contexts_same_perturbation,observed,-0.053021386
across_contexts_same_perturbation,observed,-0.043991387
across_contexts_same_perturbation,observed,-0.2256328
across_contexts_same_perturbation,observed,-0.046795275
across_contexts_same_perturbation,observed,-0.07995753
across_contexts_same_perturbation,observed,-0.08318782
across_contexts_same_perturbation,observed,0.034919683
across_contexts_same_perturbation,observed,-0.0069410047
across_contexts_same_perturbation,observed,-0.028732827
across_contexts_same_perturbation,observed,-0.05245458
across_contexts_same_perturbation,observed,-0.05245458
across_contexts_same_perturbation,observed,-0.005351407
across_contexts_same_perturbation,observed,-0.0068738535
across_contexts_same_perturbation,observed,-0.059402693
across_contexts_same_perturbation,observed,-0.053215384
across_contexts_same_perturbation,observed,-0.22297013
across_contexts_same_perturbation,observed,-0.027446201
across_contexts_same_perturbation,observed,-0.0491904
across_contexts_same_perturbation,observed,-0.022857128
across_contexts_same_perturbation,observed,-0.040898442
across_contexts_same_perturbation,observed,-0.027362574
across_contexts_same_perturbation,observed,-0.2805442
across_contexts_same_perturbation,observed,0.023810156
across_contexts_same_perturbation,observed,-0.056068555
across_contexts_same_perturbation,observed,-0.26292515
across_contexts_same_perturbation,observed,-0.0015114187
across_contexts_same_perturbation,observed,0.010175192
across_contexts_same_perturbation,observed,-0.03544887
across_contexts_same_perturbation,observed,-0.028213514
across_contexts_same_perturbation,observed,-0.0560013
across_contexts_same_perturbation,observed,-0.025333196
across_contexts_same_perturbation,observed,0.011416122
across_contexts_same_perturbation,observed,-0.049872812
across_contexts_same_perturbation,observed,-0.039183132
across_contexts_same_perturbation,observed,-0.03845502
across_contexts_same_perturbation,observed,-0.41926956
across_contexts_same_perturbation,observed,-0.06887027
across_contexts_same_perturbation,observed,-0.03716943
across_contexts_same_perturbation,observed,-0.2421624
across_contexts_same_perturbation,observed,-0.0021662912
across_contexts_same_perturbation,observed,-0.21387942
across_contexts_same_perturbation,observed,-0.20882866
across_contexts_same_perturbation,observed,-0.021843791
across_contexts_same_perturbation,observed,-0.012365867
across_contexts_same_perturbation,observed,-0.015381752
across_contexts_same_perturbation,observed,-0.01520621
across_contexts_same_perturbation,observed,-0.0057329643
across_contexts_same_perturbation,observed,-0.2599942
across_contexts_same_perturbation,observed,-0.03876913
across_contexts_same_perturbation,observed,-0.031309336
across_contexts_same_perturbation,observed,-0.40341917
across_contexts_same_perturbation,observed,-0.016984764
across_contexts_same_perturbation,observed,-0.024143526
across_contexts_same_perturbation,observed,0.00086632604
across_contexts_same_perturbation,observed,-0.19837898
across_contexts_same_perturbation,observed,-0.0057329643
across_contexts_same_perturbation,observed,0.00032066568
across_contexts_same_perturbation,observed,-0.36285093
across_contexts_same_perturbation,observed,-0.030352471
across_contexts_same_perturbation,observed,-0.062177856
across_contexts_same_perturbation,observed,-0.26229545
across_contexts_same_perturbation,observed,0.05477265
across_contexts_same_perturbation,observed,-0.010838189
across_contexts_same_perturbation,observed,-0.051794965
across_contexts_same_perturbation,observed,-0.05101411
across_contexts_same_perturbation,observed,-0.015195948
across_contexts_same_perturbation,observed,-0.07091372
across_contexts_same_perturbation,observed,-0.037618317
across_contexts_same_perturbation,observed,-0.001684292
across_contexts_same_perturbation,observed,-0.012448734
across_contexts_same_perturbation,observed,0.00206401
across_contexts_same_perturbation,observed,-0.0024035817
across_contexts_same_perturbation,observed,-0.02591764
across_contexts_same_perturbation,observed,-0.020011276
across_contexts_same_perturbation,observed,-0.021535736
across_contexts_same_perturbation,observed,-0.05852961
across_contexts_same_perturbation,observed,0.0037398296
across_contexts_same_perturbation,observed,-0.31050825
across_contexts_same_perturbation,observed,-0.004030447
across_contexts_same_perturbation,observed,-0.005877558
across_contexts_same_perturbation,observed,0.020881167
across_contexts_same_perturbation,observed,-0.0026081873
across_contexts_same_perturbation,observed,-0.0398514
across_contexts_same_perturbation,observed,-0.041471668
across_contexts_same_perturbation,observed,0.007489026
across_contexts_same_perturbation,observed,-0.00781621
across_contexts_same_perturbation,observed,-0.0030171443
across_contexts_same_perturbation,observed,-0.0642382
across_contexts_same_perturbation,observed,-0.07430367
across_contexts_same_perturbation,observed,0.025072293
across_contexts_same_perturbation,observed,-0.030032791
across_contexts_same_perturbation,observed,-0.02106516
across_contexts_same_perturbation,observed,-0.05464956
across_contexts_same_perturbation,observed,-0.010743512
across_contexts_same_perturbation,observed,-0.06365214
across_contexts_same_perturbation,observed,-0.37034553
across_contexts_same_perturbation,observed,-0.023144042
across_contexts_same_perturbation,observed,0.004776498
across_contexts_same_perturbation,observed,0.010756232
across_contexts_same_perturbation,observed,-0.054511327
across_contexts_same_perturbation,observed,-0.44861412
across_contexts_same_perturbation,observed,-0.45270562
across_contexts_same_perturbation,observed,-0.10096928
across_contexts_same_perturbation,observed,-0.071704954
across_contexts_same_perturbation,observed,-0.47542685
across_contexts_same_perturbation,observed,-0.024284761
across_contexts_same_perturbation,observed,-0.05759741
across_contexts_same_perturbation,observed,-0.2711484
across_contexts_same_perturbation,observed,-0.44396582
across_contexts_same_perturbation,observed,-0.0015375679
across_contexts_same_perturbation,observed,-0.443095
across_contexts_same_perturbation,observed,-0.01994596
across_contexts_same_perturbation,observed,-0.01538187
across_contexts_same_perturbation,observed,-0.0058899918
across_contexts_same_perturbation,observed,-0.042589985
across_contexts_same_perturbation,observed,-0.0402525
across_contexts_same_perturbation,observed,0.025464073
across_contexts_same_perturbation,observed,-0.27508208
across_contexts_same_perturbation,observed,-0.029768493
across_contexts_same_perturbation,observed,-0.023984589
across_contexts_same_perturbation,observed,-0.02721252
across_contexts_same_perturbation,observed,-0.067193
across_contexts_same_perturbation,observed,-0.03181102
across_contexts_same_perturbation,observed,-0.023762634
across_contexts_same_perturbation,observed,0.02532203
across_contexts_same_perturbation,observed,-0.035532914
across_contexts_same_perturbation,observed,-0.05723718
across_contexts_same_perturbation,observed,-0.06433907
across_contexts_same_perturbation,observed,-0.05723718
across_contexts_same_perturbation,observed,-0.33896387
across_contexts_same_perturbation,observed,-0.053536575
across_contexts_same_perturbation,observed,-0.03975153
across_contexts_same_perturbation,observed,-0.029916825
across_contexts_same_perturbation,observed,-0.43248978
across_contexts_same_perturbation,observed,-0.05178551
across_contexts_same_perturbation,observed,-0.05930909
across_contexts_same_perturbation,observed,-0.43106788
across_contexts_same_perturbation,observed,-0.01021228
across_contexts_same_perturbation,observed,-0.16974655
across_contexts_same_perturbation,observed,-0.049581796
across_contexts_same_perturbation,observed,0.019865481
across_contexts_same_perturbation,observed,-0.045896363
across_contexts_same_perturbation,observed,-0.45636427
across_contexts_same_perturbation,observed,-0.0004983058
across_contexts_same_perturbation,observed,-0.02453507
across_contexts_same_perturbation,observed,-0.03500597
across_contexts_same_perturbation,observed,-0.062948056
across_contexts_same_perturbation,observed,-0.03872806
across_contexts_same_perturbation,observed,0.018689357
across_contexts_same_perturbation,observed,-0.031795118
across_contexts_same_perturbation,observed,-0.082351
across_contexts_same_perturbation,observed,-0.03555725
across_contexts_same_perturbation,observed,-0.01461765
across_contexts_same_perturbation,observed,-0.086503305
across_contexts_same_perturbation,observed,-0.035868112
across_contexts_same_perturbation,observed,-0.28569084
across_contexts_same_perturbation,observed,-0.042754423
across_contexts_same_perturbation,observed,-0.033704873
across_contexts_same_perturbation,observed,-0.040920235
across_contexts_same_perturbation,observed,-0.035868112
across_contexts_same_perturbation,observed,-0.066584826
across_contexts_same_perturbation,observed,-0.0841741
across_contexts_same_perturbation,observed,-0.04293927
across_contexts_same_perturbation,observed,-0.033704873
across_contexts_same_perturbation,observed,-0.06710492
across_contexts_same_perturbation,observed,-0.03007956
across_contexts_same_perturbation,observed,0.02221469
across_contexts_same_perturbation,observed,-0.3638447
across_contexts_same_perturbation,observed,-0.24988
across_contexts_same_perturbation,observed,-0.052917868
across_contexts_same_perturbation,observed,-0.010044959
across_contexts_same_perturbation,observed,-0.030083915
across_contexts_same_perturbation,observed,-0.079373196
across_contexts_same_perturbation,observed,-0.09122047
across_contexts_same_perturbation,observed,-0.08109251
across_contexts_same_perturbation,observed,-0.08192604
across_contexts_same_perturbation,observed,-0.046809282
across_contexts_same_perturbation,observed,-0.08390976
across_contexts_same_perturbation,observed,-0.40650323
across_contexts_same_perturbation,observed,-0.06274254
across_contexts_same_perturbation,observed,0.0081194155
across_contexts_same_perturbation,observed,-0.34289008
across_contexts_same_perturbation,observed,-0.10728943
across_contexts_same_perturbation,observed,-0.08130553
across_contexts_same_perturbation,observed,-0.23452187
across_contexts_same_perturbation,observed,-0.07938062
across_contexts_same_perturbation,observed,-0.43064272
across_contexts_same_perturbation,observed,-0.18649834
across_contexts_same_perturbation,observed,-0.039990574
across_contexts_same_perturbation,observed,-0.010153027
across_contexts_same_perturbation,observed,0.015752556
across_contexts_same_perturbation,observed,-0.06420242
across_contexts_same_perturbation,observed,-0.22487116
across_contexts_same_perturbation,observed,-0.044869125
across_contexts_same_perturbation,observed,-0.028519666
across_contexts_same_perturbation,observed,0.023499366
across_contexts_same_perturbation,observed,0.021065017
across_contexts_same_perturbation,observed,-0.013203305
across_contexts_same_perturbation,observed,-0.04230578
across_contexts_same_perturbation,observed,-0.18330301
across_contexts_same_perturbation,observed,-0.31775424
across_contexts_same_perturbation,observed,-0.055443104
across_contexts_same_perturbation,observed,-0.2954866
across_contexts_same_perturbation,observed,0.040468156
across_contexts_same_perturbation,observed,-0.029404465
across_contexts_same_perturbation,observed,-0.047061913
across_contexts_same_perturbation,observed,-0.27618572
across_contexts_same_perturbation,observed,-0.0012694073
across_contexts_same_perturbation,observed,-0.050469924
across_contexts_same_perturbation,observed,-0.020146405
across_contexts_same_perturbation,observed,-0.05844534
across_contexts_same_perturbation,observed,-0.005627447
across_contexts_same_perturbation,observed,-0.032231458
across_contexts_same_perturbation,observed,-0.23960595
across_contexts_same_perturbation,observed,-0.22596097
across_contexts_same_perturbation,observed,-0.016653288
across_contexts_same_perturbation,observed,0.0083293095
across_contexts_same_perturbation,observed,-0.034274343
across_contexts_same_perturbation,observed,-0.26535735
across_contexts_same_perturbation,observed,-0.039357584
across_contexts_same_perturbation,observed,-0.01793631
across_contexts_same_perturbation,observed,-0.017425824
across_contexts_same_perturbation,observed,-0.2758709
across_contexts_same_perturbation,observed,-0.28743246
across_contexts_same_perturbation,observed,-0.050823428
across_contexts_same_perturbation,observed,-0.24341583
across_contexts_same_perturbation,observed,-0.43986
across_contexts_same_perturbation,observed,-0.022528125
across_contexts_same_perturbation,observed,-0.018794456
across_contexts_same_perturbation,observed,-0.046420116
across_contexts_same_perturbation,observed,-0.015279683
across_contexts_same_perturbation,observed,-0.15060852
across_contexts_same_perturbation,observed,-0.15060852
across_contexts_same_perturbation,observed,-0.017617738
across_contexts_same_perturbation,observed,0.0071817464
across_contexts_same_perturbation,observed,-0.04242839
across_contexts_same_perturbation,observed,-0.39712346
across_contexts_same_perturbation,observed,-0.412595
across_contexts_same_perturbation,observed,-0.0023716774
across_contexts_same_perturbation,observed,-0.2848241
across_contexts_same_perturbation,observed,-0.038728967
across_contexts_same_perturbation,observed,-0.23514262
across_contexts_same_perturbation,observed,-0.038941428
across_contexts_same_perturbation,observed,-0.019916343
across_contexts_same_perturbation,observed,-0.031187119
across_contexts_same_perturbation,observed,-0.20539673
across_contexts_same_perturbation,observed,-0.007869376
across_contexts_same_perturbation,observed,0.013894444
across_contexts_same_perturbation,observed,-0.057373036
across_contexts_same_perturbation,observed,-0.032507937
across_contexts_same_perturbation,observed,-0.027810574
across_contexts_same_perturbation,observed,0.013894444
across_contexts_same_perturbation,observed,-0.05515721
across_contexts_same_perturbation,observed,-0.009864768
across_contexts_same_perturbation,observed,-0.27281106
across_contexts_same_perturbation,observed,0.013894444
across_contexts_same_perturbation,observed,0.009773895
across_contexts_same_perturbation,observed,-0.023176244
across_contexts_same_perturbation,observed,-0.025276678
across_contexts_same_perturbation,observed,-0.03789891
across_contexts_same_perturbation,observed,-0.005116125
across_contexts_same_perturbation,observed,-0.068323664
across_contexts_same_perturbation,observed,-0.025276678
across_contexts_same_perturbation,observed,-0.24560976
across_contexts_same_perturbation,observed,-0.037154194
across_contexts_same_perturbation,observed,-0.031997617
across_contexts_same_perturbation,observed,-0.02339493
across_contexts_same_perturbation,observed,-0.0046259803
across_contexts_same_perturbation,observed,-0.030504609
across_contexts_same_perturbation,observed,-0.027515952
across_contexts_same_perturbation,observed,-0.059565235
across_contexts_same_perturbation,observed,-0.037927605
across_contexts_same_perturbation,observed,-0.2416357
across_contexts_same_perturbation,observed,-0.03725439
across_contexts_same_perturbation,observed,-0.2506878
across_contexts_same_perturbation,observed,-0.051478185
across_contexts_same_perturbation,observed,-0.3771039
across_contexts_same_perturbation,observed,-0.21616936
across_contexts_same_perturbation,observed,-0.05973441
across_contexts_same_perturbation,observed,-0.06142794
across_contexts_same_perturbation,observed,-0.03537028
across_contexts_same_perturbation,observed,-0.2497409
across_contexts_same_perturbation,observed,-0.2506878
across_contexts_same_perturbation,observed,-0.06142794
across_contexts_same_perturbation,observed,-0.22276947
across_contexts_same_perturbation,observed,-0.03854397
across_contexts_same_perturbation,observed,-0.037292987
across_contexts_same_perturbation,observed,-0.07136885
across_contexts_same_perturbation,observed,-0.45122582
across_contexts_same_perturbation,observed,-0.14110856
across_contexts_same_perturbation,observed,-0.12902331
across_contexts_same_perturbation,observed,-0.43533754
across_contexts_same_perturbation,observed,-0.06621133
across_contexts_same_perturbation,observed,-0.32888508
across_contexts_same_perturbation,observed,-0.39311096
across_contexts_same_perturbation,observed,-0.009666934
across_contexts_same_perturbation,observed,-0.06995904
across_contexts_same_perturbation,observed,-0.44279262
across_contexts_same_perturbation,observed,-0.07800824
across_contexts_same_perturbation,observed,-0.053740792
across_contexts_same_perturbation,observed,0.021654934
across_contexts_same_perturbation,observed,-0.005025007
across_contexts_same_perturbation,observed,-0.48497903
across_contexts_same_perturbation,observed,-0.16014108
across_contexts_same_perturbation,observed,-0.004709542
across_contexts_same_perturbation,observed,-0.014940967
across_contexts_same_perturbation,observed,-0.0425735
across_contexts_same_perturbation,observed,0.01783678
across_contexts_same_perturbation,observed,0.015936531
across_contexts_same_perturbation,observed,-0.0070586842
across_contexts_same_perturbation,observed,0.0031746393
across_contexts_same_perturbation,observed,-0.07932218
across_contexts_same_perturbation,observed,-0.021735512
across_contexts_same_perturbation,observed,0.009287032
across_contexts_same_perturbation,observed,-0.045559686
across_contexts_same_perturbation,observed,0.01914885
across_contexts_same_perturbation,observed,-0.011388744
across_contexts_same_perturbation,observed,-0.16493836
across_contexts_same_perturbation,observed,-0.008571638
across_contexts_same_perturbation,observed,-0.07113058
across_contexts_same_perturbation,observed,-0.40784156
across_contexts_same_perturbation,observed,-0.0587516
across_contexts_same_perturbation,observed,-0.023830429
across_contexts_same_perturbation,observed,-0.06444241
across_contexts_same_perturbation,observed,-0.030856427
across_contexts_same_perturbation,observed,-0.023830429
across_contexts_same_perturbation,observed,0.010270064
across_contexts_same_perturbation,observed,-0.3003805
across_contexts_same_perturbation,observed,-0.21594636
across_contexts_same_perturbation,observed,0.0061277268
across_contexts_same_perturbation,observed,-0.0233888
across_contexts_same_perturbation,observed,-0.046413958
across_contexts_same_perturbation,observed,-0.019611903
across_contexts_same_perturbation,observed,-0.24102929
across_contexts_same_perturbation,observed,-0.03763175
across_contexts_same_perturbation,observed,-0.03789597
across_contexts_same_perturbation,observed,-0.012333361
across_contexts_same_perturbation,observed,-0.07604295
across_contexts_same_perturbation,observed,-0.036069706
across_contexts_same_perturbation,observed,-0.040586032
across_contexts_same_perturbation,observed,-0.025269506
across_contexts_same_perturbation,observed,-0.440517
across_contexts_same_perturbation,observed,0.021889783
across_contexts_same_perturbation,observed,0.0010664718
across_contexts_same_perturbation,observed,-0.009466419
across_contexts_same_perturbation,observed,-0.42014387
across_contexts_same_perturbation,observed,-0.037904687
across_contexts_same_perturbation,observed,-0.040177252
across_contexts_same_perturbation,observed,-0.0036066144
across_contexts_same_perturbation,observed,-0.037904687
across_contexts_same_perturbation,observed,-0.27011508
across_contexts_same_perturbation,observed,-0.056868024
across_contexts_same_perturbation,observed,-0.45722786
across_contexts_same_perturbation,observed,-0.13766643
across_contexts_same_perturbation,observed,-0.0550745
across_contexts_same_perturbation,observed,-0.040372506
across_contexts_same_perturbation,observed,-0.23162895
across_contexts_same_perturbation,observed,-0.05442419
across_contexts_same_perturbation,observed,0.012820273
across_contexts_same_perturbation,observed,-0.08846479
across_contexts_same_perturbation,observed,-0.2622994
across_contexts_same_perturbation,observed,-0.017405683
across_contexts_same_perturbation,observed,-0.058757465
across_contexts_same_perturbation,observed,-0.011845217
across_contexts_same_perturbation,observed,-0.21618924
across_contexts_same_perturbation,observed,-0.052231796
across_contexts_same_perturbation,observed,-0.024243357
across_contexts_same_perturbation,observed,-0.07630361
across_contexts_same_perturbation,observed,-0.036130596
across_contexts_same_perturbation,observed,-0.01332879
across_contexts_same_perturbation,observed,-0.04604815
across_contexts_same_perturbation,observed,-0.42927453
across_contexts_same_perturbation,observed,-0.25532198
across_contexts_same_perturbation,observed,-0.008768131
across_contexts_same_perturbation,observed,-0.0512092
across_contexts_same_perturbation,observed,-0.015526089
across_contexts_same_perturbation,observed,-0.0432575
across_contexts_same_perturbation,observed,0.0049695
across_contexts_same_perturbation,observed,-0.42006886
across_contexts_same_perturbation,observed,0.017940495
across_contexts_same_perturbation,observed,-0.0007156866
across_contexts_same_perturbation,observed,-0.06295591
across_contexts_same_perturbation,observed,-0.04349022
across_contexts_same_perturbation,observed,-0.07760176
across_contexts_same_perturbation,observed,-0.050341647
across_contexts_same_perturbation,observed,-0.005318366
across_contexts_same_perturbation,observed,-0.22254845
across_contexts_same_perturbation,observed,-0.024604702
across_contexts_same_perturbation,observed,-0.051160507
across_contexts_same_perturbation,observed,-0.014046365
across_contexts_same_perturbation,observed,-0.03256891
across_contexts_same_perturbation,observed,-0.0019933383
across_contexts_same_perturbation,observed,-0.010613736
across_contexts_same_perturbation,observed,-0.04061591
across_contexts_same_perturbation,observed,-0.015553139
across_contexts_same_perturbation,observed,-0.04420333
across_contexts_same_perturbation,observed,-0.01458566
across_contexts_same_perturbation,observed,-0.37270534
across_contexts_same_perturbation,observed,-0.22623405
across_contexts_same_perturbation,observed,-0.027959155
across_contexts_same_perturbation,observed,0.011393241
across_contexts_same_perturbation,observed,-0.02082012
across_contexts_same_perturbation,observed,-0.05444263
across_contexts_same_perturbation,observed,0.018142492
across_contexts_same_perturbation,observed,-0.008947524
across_contexts_same_perturbation,observed,-0.08268072
across_contexts_same_perturbation,observed,-0.079451434
across_contexts_same_perturbation,observed,-0.025913652
across_contexts_same_perturbation,observed,-0.3943382
across_contexts_same_perturbation,observed,-0.05444263
across_contexts_same_perturbation,observed,-0.025370143
across_contexts_same_perturbation,observed,-0.13011691
across_contexts_same_perturbation,observed,-0.008947524
across_contexts_same_perturbation,observed,-0.026098417
across_contexts_same_perturbation,observed,-0.038588516
across_contexts_same_perturbation,observed,-0.028779572
across_contexts_same_perturbation,observed,0.027216038
across_contexts_same_perturbation,observed,-0.06195377
across_contexts_same_perturbation,observed,-0.03483945
across_contexts_same_perturbation,observed,-0.41344526
across_contexts_same_perturbation,observed,-0.0383587
across_contexts_same_perturbation,observed,-0.25098133
across_contexts_same_perturbation,observed,-0.010900838
across_contexts_same_perturbation,observed,-0.0147193065
across_contexts_same_perturbation,observed,-0.045448467
across_contexts_same_perturbation,observed,0.012506693
across_contexts_same_perturbation,observed,-0.4850274
across_contexts_same_perturbation,observed,-0.022192158
across_contexts_same_perturbation,observed,-0.016198311
across_contexts_same_perturbation,observed,0.000628837
across_contexts_same_perturbation,observed,-0.006757163
across_contexts_same_perturbation,observed,-0.008974616
across_contexts_same_perturbation,observed,-0.03001279
across_contexts_same_perturbation,observed,-0.056041975
across_contexts_same_perturbation,observed,-0.044394907
across_contexts_same_perturbation,observed,-0.41712475
across_contexts_same_perturbation,observed,-0.07465178
across_contexts_same_perturbation,observed,0.012493089
across_contexts_same_perturbation,observed,-0.0008114311
across_contexts_same_perturbation,observed,-0.049679585
across_contexts_same_perturbation,observed,-0.038905233
across_contexts_same_perturbation,observed,-0.074440904
across_contexts_same_perturbation,observed,-0.0038611877
across_contexts_same_perturbation,observed,-0.39045498
across_contexts_same_perturbation,observed,-0.052064996
across_contexts_same_perturbation,observed,-0.004586259
across_contexts_same_perturbation,observed,-0.031997457
across_contexts_same_perturbation,observed,-0.22640575
across_contexts_same_perturbation,observed,-0.073266335
across_contexts_same_perturbation,observed,-0.17056167
across_contexts_same_perturbation,observed,-0.039874382
across_contexts_same_perturbation,observed,-0.015310665
across_contexts_same_perturbation,observed,-0.026125468
across_contexts_same_perturbation,observed,-0.041264683
across_contexts_same_perturbation,observed,-0.10734937
across_contexts_same_perturbation,observed,-0.41724923
across_contexts_same_perturbation,observed,-0.24052706
across_contexts_same_perturbation,observed,-0.279699
across_contexts_same_perturbation,observed,-0.11788954
across_contexts_same_perturbation,observed,-0.024189297
across_contexts_same_perturbation,observed,-0.24052706
across_contexts_same_perturbation,observed,-0.41724923
across_contexts_same_perturbation,observed,-0.08233958
across_contexts_same_perturbation,observed,-0.053442948
across_contexts_same_perturbation,observed,-0.062644325
across_contexts_same_perturbation,observed,-0.21385457
across_contexts_same_perturbation,observed,-0.017071757
across_contexts_same_perturbation,observed,-0.006160448
across_contexts_same_perturbation,observed,-0.04847265
across_contexts_same_perturbation,observed,-0.02324284
across_contexts_same_perturbation,observed,-0.24336816
across_contexts_same_perturbation,observed,-0.0033259157
across_contexts_same_perturbation,observed,-0.05154861
across_contexts_same_perturbation,observed,-0.04481134
across_contexts_same_perturbation,observed,-0.009767842
across_contexts_same_perturbation,observed,0.0010053016
across_contexts_same_perturbation,observed,-0.017589726
across_contexts_same_perturbation,observed,0.008680925
across_contexts_same_perturbation,observed,-0.0020522622
across_contexts_same_perturbation,observed,-0.029294489
across_contexts_same_perturbation,observed,-0.008810674
across_contexts_same_perturbation,observed,-0.019644614
across_contexts_same_perturbation,observed,-0.4499075
across_contexts_same_perturbation,observed,0.001458676
across_contexts_same_perturbation,observed,-0.047969013
across_contexts_same_perturbation,observed,-0.4499075
across_contexts_same_perturbation,observed,-0.05479839
across_contexts_same_perturbation,observed,-0.44940287
across_contexts_same_perturbation,observed,-0.03917249
across_contexts_same_perturbation,observed,-0.45981812
across_contexts_same_perturbation,observed,-0.057697583
across_contexts_same_perturbation,observed,-0.45981812
across_contexts_same_perturbation,observed,-0.06961051
across_contexts_same_perturbation,observed,-0.02382348
across_contexts_same_perturbation,observed,-0.06845839
across_contexts_same_perturbation,observed,-0.45981812
across_contexts_same_perturbation,observed,-0.014859103
across_contexts_same_perturbation,observed,-0.1858764
across_contexts_same_perturbation,observed,0.019583745
across_contexts_same_perturbation,observed,0.008480824
across_contexts_same_perturbation,observed,-0.06251367
across_contexts_same_perturbation,observed,-0.026342753
across_contexts_same_perturbation,observed,-0.023214351
across_contexts_same_perturbation,observed,-0.041172374
across_contexts_same_perturbation,observed,-0.44324434
across_contexts_same_perturbation,observed,-0.033020142
across_contexts_same_perturbation,observed,-0.053215344
across_contexts_same_perturbation,observed,-0.023580194
across_contexts_same_perturbation,observed,-0.007824826
across_contexts_same_perturbation,observed,-0.4381778
across_contexts_same_perturbation,observed,-0.054014836
across_contexts_same_perturbation,observed,-0.2556954
across_contexts_same_perturbation,observed,-0.03307612
across_contexts_same_perturbation,observed,-0.02980742
across_contexts_same_perturbation,observed,-0.0084508415
across_contexts_same_perturbation,observed,-0.27299967
across_contexts_same_perturbation,observed,-0.03534094
across_contexts_same_perturbation,observed,-0.042159885
across_contexts_same_perturbation,observed,0.03331631
across_contexts_same_perturbation,observed,-0.016134934
across_contexts_same_perturbation,observed,-0.019804021
across_contexts_same_perturbation,observed,0.03331631
across_contexts_same_perturbation,observed,-0.04449843
across_contexts_same_perturbation,observed,-0.2723027
across_contexts_same_perturbation,observed,-0.044074766
across_contexts_same_perturbation,observed,-0.05212111
across_contexts_same_perturbation,observed,-0.2934639
across_contexts_same_perturbation,observed,0.055225644
across_contexts_same_perturbation,observed,-0.027916646
across_contexts_same_perturbation,observed,-0.018984184
across_contexts_same_perturbation,observed,-0.2695421
across_contexts_same_perturbation,observed,-0.06804796
across_contexts_same_perturbation,observed,-0.05221163
across_contexts_same_perturbation,observed,-0.058499977
across_contexts_same_perturbation,observed,-0.010994167
across_contexts_same_perturbation,observed,-0.308885
across_contexts_same_perturbation,observed,-0.049533766
across_contexts_same_perturbation,observed,-0.04668439
across_contexts_same_perturbation,observed,-0.011705141
across_contexts_same_perturbation,observed,-0.2354056
across_contexts_same_perturbation,observed,-0.15135357
across_contexts_same_perturbation,observed,-0.00060842914
across_contexts_same_perturbation,observed,-0.009571627
across_contexts_same_perturbation,observed,-0.33382425
across_contexts_same_perturbation,observed,-0.02343134
across_contexts_same_perturbation,observed,-0.01883854
across_contexts_same_perturbation,observed,-0.03428435
across_contexts_same_perturbation,observed,-0.0025701043
across_contexts_same_perturbation,observed,-0.033740528
across_contexts_same_perturbation,observed,0.007983835
across_contexts_same_perturbation,observed,-0.08291878
across_contexts_same_perturbation,observed,-0.026840374
across_contexts_same_perturbation,observed,-0.022595523
across_contexts_same_perturbation,observed,-0.296376
across_contexts_same_perturbation,observed,-0.02004063
across_contexts_same_perturbation,observed,0.0034463422
across_contexts_same_perturbation,observed,-0.017607763
across_contexts_same_perturbation,observed,-0.0536022
across_contexts_same_perturbation,observed,-0.26438433
across_contexts_same_perturbation,observed,-0.012207208
across_contexts_same_perturbation,observed,-0.030595528
across_contexts_same_perturbation,observed,-0.022195417
across_contexts_same_perturbation,observed,-0.03830093
across_contexts_same_perturbation,observed,-0.26438433
across_contexts_same_perturbation,observed,-0.43363968
across_contexts_same_perturbation,observed,-0.30797154
across_contexts_same_perturbation,observed,-0.023857817
across_contexts_same_perturbation,observed,-0.18460862
across_contexts_same_perturbation,observed,-0.24777916
across_contexts_same_perturbation,observed,-0.00860311
across_contexts_same_perturbation,observed,-0.03169548
across_contexts_same_perturbation,observed,-0.004279226
across_contexts_same_perturbation,observed,-0.047553577
across_contexts_same_perturbation,observed,-0.46719515
across_contexts_same_perturbation,observed,-0.05310882
across_contexts_same_perturbation,observed,-0.034658685
across_contexts_same_perturbation,observed,-0.004878728
across_contexts_same_perturbation,observed,-0.04835452
across_contexts_same_perturbation,observed,0.0017327092
across_contexts_same_perturbation,observed,-0.020466235
across_contexts_same_perturbation,observed,-0.03870568
across_contexts_same_perturbation,observed,-0.0481546
across_contexts_same_perturbation,observed,-0.020168837
across_contexts_same_perturbation,observed,-0.42858917
across_contexts_same_perturbation,observed,-0.06605749
across_contexts_same_perturbation,observed,-0.052858397
across_contexts_same_perturbation,observed,-0.049072795
across_contexts_same_perturbation,observed,-0.02091431
across_contexts_same_perturbation,observed,-0.02091431
across_contexts_same_perturbation,observed,-0.02709685
across_contexts_same_perturbation,observed,-0.56999487
across_contexts_same_perturbation,observed,-0.2794116
across_contexts_same_perturbation,observed,-0.37067673
across_contexts_same_perturbation,observed,-0.007678886
across_contexts_same_perturbation,observed,0.006722226
across_contexts_same_perturbation,observed,-0.019733267
across_contexts_same_perturbation,observed,-0.06858169
across_contexts_same_perturbation,observed,0.019511933
across_contexts_same_perturbation,observed,-0.008105858
across_contexts_same_perturbation,observed,-0.28256163
across_contexts_same_perturbation,observed,-0.029441793
across_contexts_same_perturbation,observed,-0.026850743
across_contexts_same_perturbation,observed,-0.45373294
across_contexts_same_perturbation,observed,0.026780898
across_contexts_same_perturbation,observed,-0.4499273
across_contexts_same_perturbation,observed,-0.21627922
across_contexts_same_perturbation,observed,-0.0530623
across_contexts_same_perturbation,observed,-0.028113695
across_contexts_same_perturbation,observed,0.026427833
across_contexts_same_perturbation,observed,-0.02606615
across_contexts_same_perturbation,observed,-0.03025386
across_contexts_same_perturbation,observed,-0.03025386
across_contexts_same_perturbation,observed,-0.028567525
across_contexts_same_perturbation,observed,-0.05897495
across_contexts_same_perturbation,observed,-0.047412425
across_contexts_same_perturbation,observed,-0.016592797
across_contexts_same_perturbation,observed,-0.042870652
across_contexts_same_perturbation,observed,0.0035440912
across_contexts_same_perturbation,observed,-0.060769197
across_contexts_same_perturbation,observed,-0.052513372
across_contexts_same_perturbation,observed,-0.052513372
across_contexts_same_perturbation,observed,-0.01551188
across_contexts_same_perturbation,observed,-0.45961377
across_contexts_same_perturbation,observed,-0.009882404
across_contexts_same_perturbation,observed,-0.36972308
across_contexts_same_perturbation,observed,-0.24736626
across_contexts_same_perturbation,observed,-0.045863476
across_contexts_same_perturbation,observed,-0.21265566
across_contexts_same_perturbation,observed,-0.03901763
across_contexts_same_perturbation,observed,-0.036299244
across_contexts_same_perturbation,observed,-0.04282365
across_contexts_same_perturbation,observed,-0.07222832
across_contexts_same_perturbation,observed,-0.065247834
across_contexts_same_perturbation,observed,-0.024513958
across_contexts_same_perturbation,observed,-0.053946182
across_contexts_same_perturbation,observed,-0.048340753
across_contexts_same_perturbation,observed,-0.2589234
across_contexts_same_perturbation,observed,-0.05444043
across_contexts_same_perturbation,observed,-0.038709152
across_contexts_same_perturbation,observed,-0.0023910217
across_contexts_same_perturbation,observed,-0.024680603
across_contexts_same_perturbation,observed,-0.027443469
across_contexts_same_perturbation,observed,-0.036602397
across_contexts_same_perturbation,observed,-0.051062323
across_contexts_same_perturbation,observed,0.054725602
across_contexts_same_perturbation,observed,-0.23279606
across_contexts_same_perturbation,observed,0.006692543
across_contexts_same_perturbation,observed,-0.045358628
across_contexts_same_perturbation,observed,-0.21893671
across_contexts_same_perturbation,observed,-0.069608465
across_contexts_same_perturbation,observed,-0.23301828
across_contexts_same_perturbation,observed,-0.04443748
across_contexts_same_perturbation,observed,-0.017629199
across_contexts_same_perturbation,observed,0.010345792
across_contexts_same_perturbation,observed,-0.021362228
across_contexts_same_perturbation,observed,-0.04241841
across_contexts_same_perturbation,observed,-0.54653096
across_contexts_same_perturbation,observed,-0.03853276
across_contexts_same_perturbation,observed,-0.057828017
across_contexts_same_perturbation,observed,-0.09931335
across_contexts_same_perturbation,observed,-0.043812934
across_contexts_same_perturbation,observed,-0.056167442
across_contexts_same_perturbation,observed,-0.059077416
across_contexts_same_perturbation,observed,-0.36126387
across_contexts_same_perturbation,observed,0.010933737
across_contexts_same_perturbation,observed,-0.04772892
across_contexts_same_perturbation,observed,0.0102920355
across_contexts_same_perturbation,observed,0.011499204
across_contexts_same_perturbation,observed,-0.38698295
across_contexts_same_perturbation,observed,-0.015488724
across_contexts_same_perturbation,observed,-0.16410626
across_contexts_same_perturbation,observed,-0.035258763
across_contexts_same_perturbation,observed,-0.026867408
across_contexts_same_perturbation,observed,-0.030656198
across_contexts_same_perturbation,observed,0.001684633
across_contexts_same_perturbation,observed,-0.058679547
across_contexts_same_perturbation,observed,-0.00055166596
across_contexts_same_perturbation,observed,-0.33096072
across_contexts_same_perturbation,observed,-0.018591583
across_contexts_same_perturbation,observed,-0.22322528
across_contexts_same_perturbation,observed,-0.010188569
across_contexts_same_perturbation,observed,-0.05553248
across_contexts_same_perturbation,observed,0.0092064
across_contexts_same_perturbation,observed,-0.023302494
across_contexts_same_perturbation,observed,0.0069829593
across_contexts_same_perturbation,observed,-3.5669676e-05
across_contexts_same_perturbation,observed,-0.24037993
across_contexts_same_perturbation,observed,-0.014537651
across_contexts_same_perturbation,observed,-0.011677744
across_contexts_same_perturbation,observed,-0.06538795
across_contexts_same_perturbation,observed,0.0092064
across_contexts_same_perturbation,observed,-0.038502168
across_contexts_same_perturbation,observed,-0.001639175
across_contexts_same_perturbation,observed,-0.42971385
across_contexts_same_perturbation,observed,-0.0044580647
across_contexts_same_perturbation,observed,0.029328486
across_contexts_same_perturbation,observed,0.04324837
across_contexts_same_perturbation,observed,-0.42971385
across_contexts_same_perturbation,observed,0.02439913
across_contexts_same_perturbation,observed,-0.28053942
across_contexts_same_perturbation,observed,-0.040304456
across_contexts_same_perturbation,observed,-0.010780513
across_contexts_same_perturbation,observed,-0.40028805
across_contexts_same_perturbation,observed,0.029328486
across_contexts_same_perturbation,observed,-0.02700979
across_contexts_same_perturbation,observed,-0.3951233
across_contexts_same_perturbation,observed,0.016533451
across_contexts_same_perturbation,observed,-0.061869893
across_contexts_same_perturbation,observed,-0.3951233
across_contexts_same_perturbation,observed,-0.09838691
across_contexts_same_perturbation,observed,0.0012935844
across_contexts_same_perturbation,observed,0.030882483
across_contexts_same_perturbation,observed,-0.044432875
across_contexts_same_perturbation,observed,-0.0060747573
across_contexts_same_perturbation,observed,-0.034640253
across_contexts_same_perturbation,observed,0.0015643071
across_contexts_same_perturbation,observed,0.020164901
across_contexts_same_perturbation,observed,-0.07507409
across_contexts_same_perturbation,observed,0.0053815944
across_contexts_same_perturbation,observed,-0.03274717
across_contexts_same_perturbation,observed,-0.0063626464
across_contexts_same_perturbation,observed,-0.10122521
across_contexts_same_perturbation,observed,-0.10122521
across_contexts_same_perturbation,observed,-0.06856613
across_contexts_same_perturbation,observed,-0.055917006
across_contexts_same_perturbation,observed,-0.0060511096
across_contexts_same_perturbation,observed,-0.004212526
across_contexts_same_perturbation,observed,-0.03844924
across_contexts_same_perturbation,observed,-0.2761334
across_contexts_same_perturbation,observed,-0.022945324
across_contexts_same_perturbation,observed,-0.030305011
across_contexts_same_perturbation,observed,-0.0015186073
across_contexts_same_perturbation,observed,-0.026961004
across_contexts_same_perturbation,observed,0.008124381
across_contexts_same_perturbation,observed,-0.42797893
across_contexts_same_perturbation,observed,0.0149950525
across_contexts_same_perturbation,observed,-0.057783626
across_contexts_same_perturbation,observed,-0.06642275
across_contexts_same_perturbation,observed,-0.24161042
across_contexts_same_perturbation,observed,-0.0479146
across_contexts_same_perturbation,observed,-0.13684255
across_contexts_same_perturbation,observed,-0.047686297
across_contexts_same_perturbation,observed,-0.42976224
across_contexts_same_perturbation,observed,-0.05770612
across_contexts_same_perturbation,observed,0.012105741
across_contexts_same_perturbation,observed,-0.4297383
across_contexts_same_perturbation,observed,-0.3665588
across_contexts_same_perturbation,observed,-0.055355687
across_contexts_same_perturbation,observed,-0.012414218
across_contexts_same_perturbation,observed,-0.3932155
across_contexts_same_perturbation,observed,-0.025119184
across_contexts_same_perturbation,observed,-0.050417446
across_contexts_same_perturbation,observed,-0.2463208
across_contexts_same_perturbation,observed,-0.0009583705
across_contexts_same_perturbation,observed,-0.12989895
across_contexts_same_perturbation,observed,-0.044574246
across_contexts_same_perturbation,observed,-0.03626122
across_contexts_same_perturbation,observed,0.0036712205
across_contexts_same_perturbation,observed,-0.04086572
across_contexts_same_perturbation,observed,-0.012514219
across_contexts_same_perturbation,observed,-0.021640932
across_contexts_same_perturbation,observed,0.0036712205
across_contexts_same_perturbation,observed,0.023206728
across_contexts_same_perturbation,observed,-0.04366896
across_contexts_same_perturbation,observed,-0.055655185
across_contexts_same_perturbation,observed,0.007819417
across_contexts_same_perturbation,observed,-0.039586645
across_contexts_same_perturbation,observed,-0.046602264
across_contexts_same_perturbation,observed,0.023206728
across_contexts_same_perturbation,observed,0.009708909
across_contexts_same_perturbation,observed,-0.036089078
across_contexts_same_perturbation,observed,-0.036089078
across_contexts_same_perturbation,observed,-0.39908898
across_contexts_same_perturbation,observed,-0.024388887
across_contexts_same_perturbation,observed,-0.007380618
across_contexts_same_perturbation,observed,-0.022714166
across_contexts_same_perturbation,observed,0.002504879
across_contexts_same_perturbation,observed,0.023286182
across_contexts_same_perturbation,observed,-0.2613736
across_contexts_same_perturbation,observed,0.020145768
across_contexts_same_perturbation,observed,-0.06709888
across_contexts_same_perturbation,observed,0.00027793227
across_contexts_same_perturbation,observed,-0.0024919936
across_contexts_same_perturbation,observed,-0.03489606
across_contexts_same_perturbation,observed,-0.27570435
across_contexts_same_perturbation,observed,-0.31868324
across_contexts_same_perturbation,observed,-0.012468529
across_contexts_same_perturbation,observed,-0.09520396
across_contexts_same_perturbation,observed,-0.027230116
across_contexts_same_perturbation,observed,0.00027793227
across_contexts_same_perturbation,observed,-0.012468529
across_contexts_same_perturbation,observed,-0.07193136
across_contexts_same_perturbation,observed,-0.06325304
across_contexts_same_perturbation,observed,-0.44430694
across_contexts_same_perturbation,observed,-0.07193136
across_contexts_same_perturbation,observed,-0.056051064
across_contexts_same_perturbation,observed,-0.03972177
across_contexts_same_perturbation,observed,-0.0276149
across_contexts_same_perturbation,observed,-0.032711353
across_contexts_same_perturbation,observed,-0.0064955344
across_contexts_same_perturbation,observed,-0.038362104
across_contexts_same_perturbation,observed,-0.12682047
across_contexts_same_perturbation,observed,-0.4593722
across_contexts_same_perturbation,observed,-0.04366036
across_contexts_same_perturbation,observed,0.053623084
across_contexts_same_perturbation,observed,-0.3131851
across_contexts_same_perturbation,observed,-0.015075974
across_contexts_same_perturbation,observed,-0.056991626
across_contexts_same_perturbation,observed,-0.0526537
across_contexts_same_perturbation,observed,-0.11719887
across_contexts_same_perturbation,observed,-0.40561607
across_contexts_same_perturbation,observed,-0.2955384
across_contexts_same_perturbation,observed,-0.05385292
across_contexts_same_perturbation,observed,-0.08033608
across_contexts_same_perturbation,observed,0.0034526526
across_contexts_same_perturbation,observed,-0.4166283
across_contexts_same_perturbation,observed,-0.019217215
across_contexts_same_perturbation,observed,-0.0054608136
across_contexts_same_perturbation,observed,-0.05824431
across_contexts_same_perturbation,observed,-0.4535654
across_contexts_same_perturbation,observed,-0.055349547
across_contexts_same_perturbation,observed,-0.21898104
across_contexts_same_perturbation,observed,-0.026959548
across_contexts_same_perturbation,observed,-0.21039748
across_contexts_same_perturbation,observed,-0.03346604
across_contexts_same_perturbation,observed,-0.030160148
across_contexts_same_perturbation,observed,-0.05497029
across_contexts_same_perturbation,observed,-0.06948366
across_contexts_same_perturbation,observed,0.01541494
across_contexts_same_perturbation,observed,-0.020639049
across_contexts_same_perturbation,observed,-0.015861629
across_contexts_same_perturbation,observed,-0.027253553
across_contexts_same_perturbation,observed,-0.012381692
across_contexts_same_perturbation,observed,-0.023395449
across_contexts_same_perturbation,observed,-0.28288144
across_contexts_same_perturbation,observed,-0.046761476
across_contexts_same_perturbation,observed,-0.051616967
across_contexts_same_perturbation,observed,-0.013061688
across_contexts_same_perturbation,observed,0.009588697
across_contexts_same_perturbation,observed,-0.034772508
across_contexts_same_perturbation,observed,-0.22496082
across_contexts_same_perturbation,observed,-0.01761511
across_contexts_same_perturbation,observed,-0.0097549185
across_contexts_same_perturbation,observed,0.005091412
across_contexts_same_perturbation,observed,-0.037600446
across_contexts_same_perturbation,observed,-0.17169835
across_contexts_same_perturbation,observed,-0.0069976207
across_contexts_same_perturbation,observed,-0.006544092
across_contexts_same_perturbation,observed,0.0059040184
across_contexts_same_perturbation,observed,0.010117179
across_contexts_same_perturbation,observed,-0.21868192
across_contexts_same_perturbation,observed,-0.06404278
across_contexts_same_perturbation,observed,-0.027952641
across_contexts_same_perturbation,observed,-0.054328315
across_contexts_same_perturbation,observed,-0.4206427
across_contexts_same_perturbation,observed,-0.27893093
across_contexts_same_perturbation,observed,-0.28687644
across_contexts_same_perturbation,observed,0.005179735
across_contexts_same_perturbation,observed,-0.030673573
across_contexts_same_perturbation,observed,-0.024858832
across_contexts_same_perturbation,observed,-0.18734987
across_contexts_same_perturbation,observed,-0.26304582
across_contexts_same_perturbation,observed,-0.005372412
across_contexts_same_perturbation,observed,-0.06148008
across_contexts_same_perturbation,observed,-0.008269651
across_contexts_same_perturbation,observed,-0.04744671
across_contexts_same_perturbation,observed,-0.036971234
across_contexts_same_perturbation,observed,-0.020099962
across_contexts_same_perturbation,observed,-0.03435985
across_contexts_same_perturbation,observed,-0.052298367
across_contexts_same_perturbation,observed,-0.02165829
across_contexts_same_perturbation,observed,-0.029936044
across_contexts_same_perturbation,observed,-0.011014819
across_contexts_same_perturbation,observed,-0.32057467
across_contexts_same_perturbation,observed,-0.31260538
across_contexts_same_perturbation,observed,-0.050204024
across_contexts_same_perturbation,observed,-0.040971983
across_contexts_same_perturbation,observed,0.007172536
across_contexts_same_perturbation,observed,-0.0036851366
across_contexts_same_perturbation,observed,-0.04202632
across_contexts_same_perturbation,observed,-0.028125301
across_contexts_same_perturbation,observed,-0.24028613
across_contexts_same_perturbation,observed,-0.31596357
across_contexts_same_perturbation,observed,0.019632796
across_contexts_same_perturbation,observed,-0.05117376
across_contexts_same_perturbation,observed,-0.2677389
across_contexts_same_perturbation,observed,0.0026182374
across_contexts_same_perturbation,observed,-0.029877009
across_contexts_same_perturbation,observed,-0.050874185
across_contexts_same_perturbation,observed,-0.448922
across_contexts_same_perturbation,observed,-0.17915721
across_contexts_same_perturbation,observed,-0.007342171
across_contexts_same_perturbation,observed,-0.044192005
across_contexts_same_perturbation,observed,-0.40956244
across_contexts_same_perturbation,observed,-0.40956244
across_contexts_same_perturbation,observed,-0.059124246
across_contexts_same_perturbation,observed,-0.14493859
across_contexts_same_perturbation,observed,-0.10142191
across_contexts_same_perturbation,observed,-0.08842386
across_contexts_same_perturbation,observed,-0.40684527
across_contexts_same_perturbation,observed,-0.102207035
across_contexts_same_perturbation,observed,-0.11584409
across_contexts_same_perturbation,observed,-0.09306985
across_contexts_same_perturbation,observed,-0.04500013
across_contexts_same_perturbation,observed,-0.073821574
across_contexts_same_perturbation,observed,-0.033550236
across_contexts_same_perturbation,observed,-0.020451833
across_contexts_same_perturbation,observed,-0.008925954
across_contexts_same_perturbation,observed,-0.16813011
across_contexts_same_perturbation,observed,0.006097274
across_contexts_same_perturbation,observed,-0.0009787821
across_contexts_same_perturbation,observed,-0.117194004
across_contexts_same_perturbation,observed,-0.40492257
across_contexts_same_perturbation,observed,-0.02300372
across_contexts_same_perturbation,observed,-0.14849831
across_contexts_same_perturbation,observed,-0.23838541
across_contexts_same_perturbation,observed,-0.041911073
across_contexts_same_perturbation,observed,-0.030404467
across_contexts_same_perturbation,observed,-0.03502606
across_contexts_same_perturbation,observed,-0.42200214
across_contexts_same_perturbation,observed,0.022707744
across_contexts_same_perturbation,observed,-0.44188458
across_contexts_same_perturbation,observed,-0.06704521
across_contexts_same_perturbation,observed,-0.045694362
across_contexts_same_perturbation,observed,-0.015513425
across_contexts_same_perturbation,observed,-0.31360245
across_contexts_same_perturbation,observed,-0.009385967
across_contexts_same_perturbation,observed,-0.26137292
across_contexts_same_perturbation,observed,-0.02341181
across_contexts_same_perturbation,observed,-0.1033689
across_contexts_same_perturbation,observed,0.00616859
across_contexts_same_perturbation,observed,-0.050153103
across_contexts_same_perturbation,observed,-0.38315094
across_contexts_same_perturbation,observed,-0.043314356
across_contexts_same_perturbation,observed,-0.029834762
across_contexts_same_perturbation,observed,-0.034222327
across_contexts_same_perturbation,observed,-0.07897661
across_contexts_same_perturbation,observed,-0.009534783
across_contexts_same_perturbation,observed,-0.08508276
across_contexts_same_perturbation,observed,-0.028947389
across_contexts_same_perturbation,observed,-0.23924966
across_contexts_same_perturbation,observed,-0.016440006
across_contexts_same_perturbation,observed,-0.037436716
across_contexts_same_perturbation,observed,-0.0199077
across_contexts_same_perturbation,observed,-0.009325824
across_contexts_same_perturbation,observed,-0.039815616
across_contexts_same_perturbation,observed,0.007259382
across_contexts_same_perturbation,observed,0.007259382
across_contexts_same_perturbation,observed,0.02460507
across_contexts_same_perturbation,observed,-0.03574323
across_contexts_same_perturbation,observed,-0.1974139
across_contexts_same_perturbation,observed,-0.06622732
across_contexts_same_perturbation,observed,-0.17610547
across_contexts_same_perturbation,observed,-0.13056731
across_contexts_same_perturbation,observed,-0.13557461
across_contexts_same_perturbation,observed,-0.11865488
across_contexts_same_perturbation,observed,-0.36919996
across_contexts_same_perturbation,observed,-0.42079222
across_contexts_same_perturbation,observed,-0.1263552
across_contexts_same_perturbation,observed,-0.4460785
across_contexts_same_perturbation,observed,-0.3996925
across_contexts_same_perturbation,observed,-0.10063211
across_contexts_same_perturbation,observed,-0.20971528
across_contexts_same_perturbation,observed,-0.27053902
across_contexts_same_perturbation,observed,-0.0024766834
across_contexts_same_perturbation,observed,-0.017525526
across_contexts_same_perturbation,observed,0.0042569255
across_contexts_same_perturbation,observed,-0.037126817
across_contexts_same_perturbation,observed,-0.028353939
across_contexts_same_perturbation,observed,-0.034299802
across_contexts_same_perturbation,observed,0.012240171
across_contexts_same_perturbation,observed,-0.061263837
across_contexts_same_perturbation,observed,-0.04893089
across_contexts_same_perturbation,observed,-0.027539983
across_contexts_same_perturbation,observed,0.012634393
across_contexts_same_perturbation,observed,-0.06121864
across_contexts_same_perturbation,observed,-0.17303036
across_contexts_same_perturbation,observed,-0.19142377
across_contexts_same_perturbation,observed,-0.033035524
across_contexts_same_perturbation,observed,-0.4465351
across_contexts_same_perturbation,observed,-0.26841235
across_contexts_same_perturbation,observed,-0.055335462
across_contexts_same_perturbation,observed,-0.010234439
across_contexts_same_perturbation,observed,-0.01891246
across_contexts_same_perturbation,observed,-0.025764309
across_contexts_same_perturbation,observed,-0.39640817
across_contexts_same_perturbation,observed,-0.001872417
across_contexts_same_perturbation,observed,-0.015154062
across_contexts_same_perturbation,observed,0.0013024239
across_contexts_same_perturbation,observed,-0.1292389
across_contexts_same_perturbation,observed,-0.03028216
across_contexts_same_perturbation,observed,-0.051137134
across_contexts_same_perturbation,observed,-0.051137134
across_contexts_same_perturbation,observed,-0.047912505
across_contexts_same_perturbation,observed,0.014260224
across_contexts_same_perturbation,observed,-0.016751818
across_contexts_same_perturbation,observed,-0.04197955
across_contexts_same_perturbation,observed,-0.022586191
across_contexts_same_perturbation,observed,-0.18205465
across_contexts_same_perturbation,observed,-0.41955224
across_contexts_same_perturbation,observed,-0.057096776
across_contexts_same_perturbation,observed,-0.21557146
across_contexts_same_perturbation,observed,-0.003425482
across_contexts_same_perturbation,observed,-0.043341514
across_contexts_same_perturbation,observed,0.00054744596
across_contexts_same_perturbation,observed,-0.07395932
across_contexts_same_perturbation,observed,-0.027976703
across_contexts_same_perturbation,observed,-0.24118139
across_contexts_same_perturbation,observed,-0.43280295
across_contexts_same_perturbation,observed,0.037555657
across_contexts_same_perturbation,observed,-0.452457
across_contexts_same_perturbation,observed,-0.18087797
across_contexts_same_perturbation,observed,-0.18835242
across_contexts_same_perturbation,observed,-0.012269484
across_contexts_same_perturbation,observed,0.018791221
across_contexts_same_perturbation,observed,-0.18355988
across_contexts_same_perturbation,observed,-0.004133998
across_contexts_same_perturbation,observed,-0.004133998
across_contexts_same_perturbation,observed,-0.29117647
across_contexts_same_perturbation,observed,-0.045865208
across_contexts_same_perturbation,observed,-0.4583617
across_contexts_same_perturbation,observed,0.047963645
across_contexts_same_perturbation,observed,-0.011664082
across_contexts_same_perturbation,observed,0.0001973629
across_contexts_same_perturbation,observed,-0.046746828
across_contexts_same_perturbation,observed,-0.24432892
across_contexts_same_perturbation,observed,0.024402127
across_contexts_same_perturbation,observed,-0.029864669
across_contexts_same_perturbation,observed,-0.043631054
across_contexts_same_perturbation,observed,-0.049914766
across_contexts_same_perturbation,observed,-0.02977581
across_contexts_same_perturbation,observed,-0.02977581
across_contexts_same_perturbation,observed,0.036289483
across_contexts_same_perturbation,observed,-0.053514577
across_contexts_same_perturbation,observed,-0.012386041
across_contexts_same_perturbation,observed,-0.40798706
across_contexts_same_perturbation,observed,-0.012310078
across_contexts_same_perturbation,observed,-0.021856496
across_contexts_same_perturbation,observed,-0.008940219
across_contexts_same_perturbation,observed,-0.22337782
across_contexts_same_perturbation,observed,-0.04520977
across_contexts_same_perturbation,observed,-0.19497241
across_contexts_same_perturbation,observed,-0.4254026
across_contexts_same_perturbation,observed,-0.027831735
across_contexts_same_perturbation,observed,-0.1824312
across_contexts_same_perturbation,observed,-0.0032267289
across_contexts_same_perturbation,observed,-0.45607054
across_contexts_same_perturbation,observed,-0.45316878
across_contexts_same_perturbation,observed,-0.06616599
across_contexts_same_perturbation,observed,-0.026130153
across_contexts_same_perturbation,observed,-0.034529716
across_contexts_same_perturbation,observed,-0.019701274
across_contexts_same_perturbation,observed,-0.46554095
across_contexts_same_perturbation,observed,-0.0029322791
across_contexts_same_perturbation,observed,-0.01801867
across_contexts_same_perturbation,observed,-0.051182996
across_contexts_same_perturbation,observed,-0.17624618
across_contexts_same_perturbation,observed,0.002731848
across_contexts_same_perturbation,observed,0.005037274
across_contexts_same_perturbation,observed,0.019983986
across_contexts_same_perturbation,observed,0.0042037684
across_contexts_same_perturbation,observed,-0.07467389
across_contexts_same_perturbation,observed,-0.023352446
across_contexts_same_perturbation,observed,-0.03965704
across_contexts_same_perturbation,observed,-0.05680675
across_contexts_same_perturbation,observed,-0.0585591
across_contexts_same_perturbation,observed,-0.012607781
across_contexts_same_perturbation,observed,-0.020751057
across_contexts_same_perturbation,observed,-0.03480906
across_contexts_same_perturbation,observed,-0.14431798
across_contexts_same_perturbation,observed,-0.013231425
across_contexts_same_perturbation,observed,0.01664247
across_contexts_same_perturbation,observed,-0.02709973
across_contexts_same_perturbation,observed,-0.009692628
across_contexts_same_perturbation,observed,-0.26005405
across_contexts_same_perturbation,observed,-0.26873112
across_contexts_same_perturbation,observed,-0.05496613
across_contexts_same_perturbation,observed,-0.32533345
across_contexts_same_perturbation,observed,-0.05474842
across_contexts_same_perturbation,observed,-0.03515139
across_contexts_same_perturbation,observed,0.01867738
across_contexts_same_perturbation,observed,-0.04013321
across_contexts_same_perturbation,observed,-0.012547609
across_contexts_same_perturbation,observed,-0.02763605
across_contexts_same_perturbation,observed,-0.014235875
across_contexts_same_perturbation,observed,0.028027993
across_contexts_same_perturbation,observed,-0.035858497
across_contexts_same_perturbation,observed,0.012886596
across_contexts_same_perturbation,observed,-0.044557422
across_contexts_same_perturbation,observed,0.015302053
across_contexts_same_perturbation,observed,-0.41360074
across_contexts_same_perturbation,observed,-0.010223432
across_contexts_same_perturbation,observed,-0.06306005
across_contexts_same_perturbation,observed,-0.030963989
across_contexts_same_perturbation,observed,-0.06206127
across_contexts_same_perturbation,observed,-0.03350364
across_contexts_same_perturbation,observed,-0.014220421
across_contexts_same_perturbation,observed,-0.057501335
across_contexts_same_perturbation,observed,-0.03003781
across_contexts_same_perturbation,observed,-0.40762284
across_contexts_same_perturbation,observed,-0.052525993
across_contexts_same_perturbation,observed,-0.04664626
across_contexts_same_perturbation,observed,-0.40355346
across_contexts_same_perturbation,observed,-0.44959673
across_contexts_same_perturbation,observed,-0.21392594
across_contexts_same_perturbation,observed,0.016771939
across_contexts_same_perturbation,observed,0.016771939
across_contexts_same_perturbation,observed,-0.0042632567
across_contexts_same_perturbation,observed,-0.022907382
across_contexts_same_perturbation,observed,-0.014281856
across_contexts_same_perturbation,observed,-0.03748488
across_contexts_same_perturbation,observed,-0.034704454
across_contexts_same_perturbation,observed,-0.02887894
across_contexts_same_perturbation,observed,-0.022907382
across_contexts_same_perturbation,observed,-0.022907382
across_contexts_same_perturbation,observed,-0.036121048
across_contexts_same_perturbation,observed,-0.018304888
across_contexts_same_perturbation,observed,-0.018304888
across_contexts_same_perturbation,observed,-0.03315283
across_contexts_same_perturbation,observed,-0.020695908
across_contexts_same_perturbation,observed,0.021462193
across_contexts_same_perturbation,observed,-0.033399194
across_contexts_same_perturbation,observed,-0.03831402
across_contexts_same_perturbation,observed,-0.03315283
across_contexts_same_perturbation,observed,-0.014401563
across_contexts_same_perturbation,observed,-0.01655748
across_contexts_same_perturbation,observed,-0.032722443
across_contexts_same_perturbation,observed,-0.09001988
across_contexts_same_perturbation,observed,-0.41535595
across_contexts_same_perturbation,observed,-0.000715527
across_contexts_same_perturbation,observed,-0.022635005
across_contexts_same_perturbation,observed,-0.435414
across_contexts_same_perturbation,observed,-0.0368466
across_contexts_same_perturbation,observed,-0.05672754
across_contexts_same_perturbation,observed,-0.014640065
across_contexts_same_perturbation,observed,-0.07788088
across_contexts_same_perturbation,observed,0.0055584684
across_contexts_same_perturbation,observed,-0.0368466
across_contexts_same_perturbation,observed,-0.026192207
across_contexts_same_perturbation,observed,-0.00925213
across_contexts_same_perturbation,observed,-0.2661981
across_contexts_same_perturbation,observed,-0.0013505521
across_contexts_same_perturbation,observed,-0.03356023
across_contexts_same_perturbation,observed,0.024921574
across_contexts_same_perturbation,observed,-0.043798376
across_contexts_same_perturbation,observed,0.042733774
across_contexts_same_perturbation,observed,-0.3891207
across_contexts_same_perturbation,observed,-0.05264617
across_contexts_same_perturbation,observed,-0.05429513
across_contexts_same_perturbation,observed,-0.030624267
across_contexts_same_perturbation,observed,-0.030624267
across_contexts_same_perturbation,observed,-0.011242474
across_contexts_same_perturbation,observed,0.013277732
across_contexts_same_perturbation,observed,-0.28405446
across_contexts_same_perturbation,observed,-0.053195924
across_contexts_same_perturbation,observed,-0.24990472
across_contexts_same_perturbation,observed,-0.057679206
across_contexts_same_perturbation,observed,-0.0040545566
across_contexts_same_perturbation,observed,-0.06432123
across_contexts_same_perturbation,observed,-0.3890944
across_contexts_same_perturbation,observed,0.015724754
across_contexts_same_perturbation,observed,-0.070766024
across_contexts_same_perturbation,observed,-0.0034497255
across_contexts_same_perturbation,observed,-0.0714197
across_contexts_same_perturbation,observed,-0.03920722
across_contexts_same_perturbation,observed,-0.42609048
across_contexts_same_perturbation,observed,-0.06505102
across_contexts_same_perturbation,observed,0.01677557
across_contexts_same_perturbation,observed,-0.31195763
across_contexts_same_perturbation,observed,-0.027030293
across_contexts_same_perturbation,observed,-0.03284934
across_contexts_same_perturbation,observed,-0.02538428
across_contexts_same_perturbation,observed,-0.381265
across_contexts_same_perturbation,observed,-0.31330228
across_contexts_same_perturbation,observed,-0.23348641
across_contexts_same_perturbation,observed,-0.035161175
across_contexts_same_perturbation,observed,-0.02162305
across_contexts_same_perturbation,observed,-0.00828953
across_contexts_same_perturbation,observed,-0.041552167
across_contexts_same_perturbation,observed,-0.064981006
across_contexts_same_perturbation,observed,-0.0031616495
across_contexts_same_perturbation,observed,-0.42387795
across_contexts_same_perturbation,observed,-0.0137352655
across_contexts_same_perturbation,observed,0.000114746064
across_contexts_same_perturbation,observed,-0.043713525
across_contexts_same_perturbation,observed,-0.009591431
across_contexts_same_perturbation,observed,-0.048520096
across_contexts_same_perturbation,observed,-0.064981006
across_contexts_same_perturbation,observed,-0.0054121274
across_contexts_same_perturbation,observed,-0.015870811
across_contexts_same_perturbation,observed,-0.047244906
across_contexts_same_perturbation,observed,0.0292686
across_contexts_same_perturbation,observed,-0.35655308
across_contexts_same_perturbation,observed,0.021601377
across_contexts_same_perturbation,observed,-0.02444458
across_contexts_same_perturbation,observed,-0.053307332
across_contexts_same_perturbation,observed,0.0005900432
across_contexts_same_perturbation,observed,-0.053981412
across_contexts_same_perturbation,observed,-0.02545133
across_contexts_same_perturbation,observed,-0.40266338
across_contexts_same_perturbation,observed,-0.07684085
across_contexts_same_perturbation,observed,-0.04523335
across_contexts_same_perturbation,observed,-0.01821497
across_contexts_same_perturbation,observed,0.0148834335
across_contexts_same_perturbation,observed,-0.03642885
across_contexts_same_perturbation,observed,-0.023999088
across_contexts_same_perturbation,observed,-0.035266712
across_contexts_same_perturbation,observed,-0.0109234
across_contexts_same_perturbation,observed,-0.07081563
across_contexts_same_perturbation,observed,-0.24572736
across_contexts_same_perturbation,observed,-0.006202875
across_contexts_same_perturbation,observed,-0.060374025
across_contexts_same_perturbation,observed,-0.048221484
across_contexts_same_perturbation,observed,-0.39834985
across_contexts_same_perturbation,observed,-0.25531632
across_contexts_same_perturbation,observed,-0.041068356
across_contexts_same_perturbation,observed,-0.027510697
across_contexts_same_perturbation,observed,-0.020489348
across_contexts_same_perturbation,observed,0.02580703
across_contexts_same_perturbation,observed,-0.05718063
across_contexts_same_perturbation,observed,-0.007964179
across_contexts_same_perturbation,observed,0.010071687
across_contexts_same_perturbation,observed,-0.035246044
across_contexts_same_perturbation,observed,-0.27334732
across_contexts_same_perturbation,observed,-0.026928382
across_contexts_same_perturbation,observed,-0.030205725
across_contexts_same_perturbation,observed,-0.01720614
across_contexts_same_perturbation,observed,-0.07829377
across_contexts_same_perturbation,observed,-0.26570758
across_contexts_same_perturbation,observed,-0.4319414
across_contexts_same_perturbation,observed,-0.262122
across_contexts_same_perturbation,observed,-0.42240843
across_contexts_same_perturbation,observed,-0.0065076635
across_contexts_same_perturbation,observed,0.0019012368
across_contexts_same_perturbation,observed,-0.012602884
across_contexts_same_perturbation,observed,-0.09161368
across_contexts_same_perturbation,observed,-0.01655455
across_contexts_same_perturbation,observed,-0.262122
across_contexts_same_perturbation,observed,-0.2423227
across_contexts_same_perturbation,observed,-0.045236602
across_contexts_same_perturbation,observed,-0.018769518
across_contexts_same_perturbation,observed,-0.04887993
across_contexts_same_perturbation,observed,0.005663351
across_contexts_same_perturbation,observed,-0.40940773
across_contexts_same_perturbation,observed,-0.2423227
across_contexts_same_perturbation,observed,-0.03556986
across_contexts_same_perturbation,observed,-0.40386644
across_contexts_same_perturbation,observed,-0.33011416
across_contexts_same_perturbation,observed,-0.012438045
across_contexts_same_perturbation,observed,0.007933932
across_contexts_same_perturbation,observed,-0.022976857
across_contexts_same_perturbation,observed,-0.014356845
across_contexts_same_perturbation,observed,-0.05340432
across_contexts_same_perturbation,observed,-0.05884827
across_contexts_same_perturbation,observed,-0.04821893
across_contexts_same_perturbation,observed,-0.0104089
across_contexts_same_perturbation,observed,-0.03284273
across_contexts_same_perturbation,observed,-0.2719207
across_contexts_same_perturbation,observed,0.019553574
across_contexts_same_perturbation,observed,-0.40561682
across_contexts_same_perturbation,observed,-3.890585e-05
across_contexts_same_perturbation,observed,-0.44573122
across_contexts_same_perturbation,observed,-0.2713507
across_contexts_same_perturbation,observed,-0.0074952845
across_contexts_same_perturbation,observed,-0.19712758
across_contexts_same_perturbation,observed,-0.033176955
across_contexts_same_perturbation,observed,-0.4671424
across_contexts_same_perturbation,observed,-0.033701308
across_contexts_same_perturbation,observed,-0.22268161
across_contexts_same_perturbation,observed,-0.06445943
across_contexts_same_perturbation,observed,-0.11449773
across_contexts_same_perturbation,observed,-0.26038998
across_contexts_same_perturbation,observed,-0.0838136
across_contexts_same_perturbation,observed,-0.22503756
across_contexts_same_perturbation,observed,-0.098330736
across_contexts_same_perturbation,observed,-0.053093057
across_contexts_same_perturbation,observed,-0.07679902
across_contexts_same_perturbation,observed,-0.1111303
across_contexts_same_perturbation,observed,-0.07229269
across_contexts_same_perturbation,observed,-0.4449315
across_contexts_same_perturbation,observed,-0.037204783
across_contexts_same_perturbation,observed,-0.02193581
across_contexts_same_perturbation,observed,-0.01900176
across_contexts_same_perturbation,observed,-0.15597954
across_contexts_same_perturbation,observed,-0.27725244
across_contexts_same_perturbation,observed,-0.013211013
across_contexts_same_perturbation,observed,-0.027041584
across_contexts_same_perturbation,observed,-0.20716336
across_contexts_same_perturbation,observed,-0.08838119
across_contexts_same_perturbation,observed,-0.4850922
across_contexts_same_perturbation,observed,-0.09626143
across_contexts_same_perturbation,observed,-0.100454494
across_contexts_same_perturbation,observed,-0.2968504
across_contexts_same_perturbation,observed,-0.01315042
across_contexts_same_perturbation,observed,-0.37249073
across_contexts_same_perturbation,observed,-0.0022970636
across_contexts_same_perturbation,observed,-0.0028872378
across_contexts_same_perturbation,observed,0.010497207
across_contexts_same_perturbation,observed,-0.23542723
across_contexts_same_perturbation,observed,-0.17425196
across_contexts_same_perturbation,observed,-0.032917883
across_contexts_same_perturbation,observed,-0.3248522
across_contexts_same_perturbation,observed,-0.01172962
across_contexts_same_perturbation,observed,0.007481172
across_contexts_same_perturbation,observed,-0.4102105
across_contexts_same_perturbation,observed,-0.0005836559
across_contexts_same_perturbation,observed,-0.04839284
across_contexts_same_perturbation,observed,-0.015633086
across_contexts_same_perturbation,observed,-0.2249523
across_contexts_same_perturbation,observed,-0.20333603
across_contexts_same_perturbation,observed,-0.2803612
across_contexts_same_perturbation,observed,-0.044940654
across_contexts_same_perturbation,observed,-0.03615786
across_contexts_same_perturbation,observed,-0.046902418
across_contexts_same_perturbation,observed,-0.30673754
across_contexts_same_perturbation,observed,-0.029563745
across_contexts_same_perturbation,observed,-0.079043895
across_contexts_same_perturbation,observed,-0.20038962
across_contexts_same_perturbation,observed,-0.12732546
across_contexts_same_perturbation,observed,-0.041796744
across_contexts_same_perturbation,observed,-0.079903446
across_contexts_same_perturbation,observed,-0.028053358
across_contexts_same_perturbation,observed,-0.15927745
across_contexts_same_perturbation,observed,-0.0743374
across_contexts_same_perturbation,observed,-0.009599306
across_contexts_same_perturbation,observed,-0.01888577
across_contexts_same_perturbation,observed,-0.053059697
across_contexts_same_perturbation,observed,-0.04453925
across_contexts_same_perturbation,observed,-0.4296434
across_contexts_same_perturbation,observed,-0.024282945
across_contexts_same_perturbation,observed,-0.023623558
across_contexts_same_perturbation,observed,0.024152068
across_contexts_same_perturbation,observed,-0.04680523
across_contexts_same_perturbation,observed,-0.4068521
across_contexts_same_perturbation,observed,-0.013342091
across_contexts_same_perturbation,observed,-0.014631026
across_contexts_same_perturbation,observed,0.017472174
across_contexts_same_perturbation,observed,-0.005917988
across_contexts_same_perturbation,observed,-0.03534848
across_contexts_same_perturbation,observed,-0.08157414
across_contexts_same_perturbation,observed,-0.431959
across_contexts_same_perturbation,observed,-0.24896781
across_contexts_same_perturbation,observed,-0.0531539
across_contexts_same_perturbation,observed,-0.036524843
across_contexts_same_perturbation,observed,-0.431959
across_contexts_same_perturbation,observed,-0.02920942
across_contexts_same_perturbation,observed,-0.084018454
across_contexts_same_perturbation,observed,0.019565433
across_contexts_same_perturbation,observed,-0.08897661
across_contexts_same_perturbation,observed,-0.0109907845
across_contexts_same_perturbation,observed,0.007337618
across_contexts_same_perturbation,observed,-0.01648406
across_contexts_same_perturbation,observed,-0.04944341
across_contexts_same_perturbation,observed,-0.31711754
across_contexts_same_perturbation,observed,-0.06351325
across_contexts_same_perturbation,observed,-0.2523085
across_contexts_same_perturbation,observed,-0.019631727
across_contexts_same_perturbation,observed,-0.0019407981
across_contexts_same_perturbation,observed,-0.023176776
across_contexts_same_perturbation,observed,-0.06896363
across_contexts_same_perturbation,observed,-0.025308982
across_contexts_same_perturbation,observed,-0.00677593
across_contexts_same_perturbation,observed,-0.010427863
across_contexts_same_perturbation,observed,-0.040308718
across_contexts_same_perturbation,observed,-0.06164309
across_contexts_same_perturbation,observed,-0.4247728
across_contexts_same_perturbation,observed,-0.03769703
across_contexts_same_perturbation,observed,-0.03753483
across_contexts_same_perturbation,observed,-0.039705377
across_contexts_same_perturbation,observed,-0.039705377
across_contexts_same_perturbation,observed,-0.28651047
across_contexts_same_perturbation,observed,-0.07228976
across_contexts_same_perturbation,observed,-0.025039066
across_contexts_same_perturbation,observed,-0.02270053
across_contexts_same_perturbation,observed,-0.051525418
across_contexts_same_perturbation,observed,-0.051525418
across_contexts_same_perturbation,observed,0.0015714227
across_contexts_same_perturbation,observed,-0.4076096
across_contexts_same_perturbation,observed,-0.4284508
across_contexts_same_perturbation,observed,-0.052153684
across_contexts_same_perturbation,observed,-0.026601737
across_contexts_same_perturbation,observed,-0.27706027
across_contexts_same_perturbation,observed,-0.020164335
across_contexts_same_perturbation,observed,-0.031297352
across_contexts_same_perturbation,observed,-0.030548071
across_contexts_same_perturbation,observed,-0.2557111
across_contexts_same_perturbation,observed,-0.009196161
across_contexts_same_perturbation,observed,-0.05112607
across_contexts_same_perturbation,observed,-0.39746925
across_contexts_same_perturbation,observed,-0.2291932
across_contexts_same_perturbation,observed,-0.021828292
across_contexts_same_perturbation,observed,-0.18075792
across_contexts_same_perturbation,observed,-0.402475
across_contexts_same_perturbation,observed,-0.03721326
across_contexts_same_perturbation,observed,-0.049640406
across_contexts_same_perturbation,observed,-0.025514303
across_contexts_same_perturbation,observed,0.054924075
across_contexts_same_perturbation,observed,-0.6840122
across_contexts_same_perturbation,observed,0.009637885
across_contexts_same_perturbation,observed,-0.106692605
across_contexts_same_perturbation,observed,-0.15338546
across_contexts_same_perturbation,observed,-0.6840122
across_contexts_same_perturbation,observed,-0.44073653
across_contexts_same_perturbation,observed,-0.45054436
across_contexts_same_perturbation,observed,-0.32826537
across_contexts_same_perturbation,observed,-0.042684946
across_contexts_same_perturbation,observed,0.019197442
across_contexts_same_perturbation,observed,-0.045388367
across_contexts_same_perturbation,observed,0.011010041
across_contexts_same_perturbation,observed,-0.046727445
across_contexts_same_perturbation,observed,-0.056259062
across_contexts_same_perturbation,observed,-0.016047021
across_contexts_same_perturbation,observed,-0.039706342
across_contexts_same_perturbation,observed,-0.020613382
across_contexts_same_perturbation,observed,0.00712225
across_contexts_same_perturbation,observed,-0.034913838
across_contexts_same_perturbation,observed,-0.18045224
across_contexts_same_perturbation,observed,-0.44776362
across_contexts_same_perturbation,observed,-0.040510014
across_contexts_same_perturbation,observed,-0.061506562
across_contexts_same_perturbation,null,0.037144933
across_contexts_same_perturbation,null,-0.023136824
across_contexts_same_perturbation,null,-0.04649162
across_contexts_same_perturbation,null,-0.06077464
across_contexts_same_perturbation,null,0.03237852
across_contexts_same_perturbation,null,-0.030564342
across_contexts_same_perturbation,null,0.012559032
across_contexts_same_perturbation,null,0.060069792
across_contexts_same_perturbation,null,-0.03868518
across_contexts_same_perturbation,null,0.039418772
across_contexts_same_perturbation,null,0.0020393382
across_contexts_same_perturbation,null,0.015462981
across_contexts_same_perturbation,null,-0.037368383
across_contexts_same_perturbation,null,-0.06780803
across_contexts_same_perturbation,null,0.03821115
across_contexts_same_perturbation,null,-0.057321385
across_contexts_same_perturbation,null,0.011571737
across_contexts_same_perturbation,null,-0.009107783
across_contexts_same_perturbation,null,0.13524295
across_contexts_same_perturbation,null,-0.042401575
across_contexts_same_perturbation,null,-0.014141496
across_contexts_same_perturbation,null,-0.0051123924
across_contexts_same_perturbation,null,-0.033313792
across_contexts_same_perturbation,null,0.016487794
across_contexts_same_perturbation,null,-0.051279496
across_contexts_same_perturbation,null,-0.06125062
across_contexts_same_perturbation,null,0.00577289
across_contexts_same_perturbation,null,0.07663766
across_contexts_same_perturbation,null,-0.06756209
across_contexts_same_perturbation,null,0.0195607
across_contexts_same_perturbation,null,-0.06627433
across_contexts_same_perturbation,null,-0.033476852
across_contexts_same_perturbation,null,0.0035448908
across_contexts_same_perturbation,null,-0.04456464
across_contexts_same_perturbation,null,0.013314622
across_contexts_same_perturbation,null,-0.07052614
across_contexts_same_perturbation,null,0.01702629
across_contexts_same_perturbation,null,0.07372951
across_contexts_same_perturbation,null,-0.02111421
across_contexts_same_perturbation,null,0.013340036
across_contexts_same_perturbation,null,0.020871565
across_contexts_same_perturbation,null,0.011346689
across_contexts_same_perturbation,null,-0.036745727
across_contexts_same_perturbation,null,-0.023517651
across_contexts_same_perturbation,null,-0.0021111213
across_contexts_same_perturbation,null,-0.027947033
across_contexts_same_perturbation,null,-0.0034734986
across_contexts_same_perturbation,null,0.024145106
across_contexts_same_perturbation,null,-0.0153389005
across_contexts_same_perturbation,null,0.03212479
across_contexts_same_perturbation,null,-0.060338143
across_contexts_same_perturbation,null,-0.029282717
across_contexts_same_perturbation,null,-0.011500661
across_contexts_same_perturbation,null,0.055954233
across_contexts_same_perturbation,null,-0.0770293
across_contexts_same_perturbation,null,-0.028312566
across_contexts_same_perturbation,null,-0.017155174
across_contexts_same_perturbation,null,-0.004124585
across_contexts_same_perturbation,null,-0.021464966
across_contexts_same_perturbation,null,-0.0074480954
across_contexts_same_perturbation,null,-0.029698996
across_contexts_same_perturbation,null,-0.054046776
across_contexts_same_perturbation,null,-0.042389438
across_contexts_same_perturbation,null,-0.0033518614
across_contexts_same_perturbation,null,0.023405511
across_contexts_same_perturbation,null,0.0005694006
across_contexts_same_perturbation,null,0.07270612
across_contexts_same_perturbation,null,0.0060696187
across_contexts_same_perturbation,null,0.022281496
across_contexts_same_perturbation,null,-0.028346045
across_contexts_same_perturbation,null,-0.048338875
across_contexts_same_perturbation,null,-0.025010768
across_contexts_same_perturbation,null,-0.031613134
across_contexts_same_perturbation,null,0.007127147
across_contexts_same_perturbation,null,0.0014193464
across_contexts_same_perturbation,null,0.08039292
across_contexts_same_perturbation,null,-0.014530465
across_contexts_same_perturbation,null,-0.020357896
across_contexts_same_perturbation,null,-0.013279837
across_contexts_same_perturbation,null,-0.018904734
across_contexts_same_perturbation,null,-0.037394557
across_contexts_same_perturbation,null,-0.038041305
across_contexts_same_perturbation,null,-0.011146786
across_contexts_same_perturbation,null,0.019489732
across_contexts_same_perturbation,null,-0.0069074486
across_contexts_same_perturbation,null,0.08335146
across_contexts_same_perturbation,null,0.055759728
across_contexts_same_perturbation,null,0.05858259
across_contexts_same_perturbation,null,-0.028259553
across_contexts_same_perturbation,null,-0.013636802
across_contexts_same_perturbation,null,0.024201052
across_contexts_same_perturbation,null,0.034986094
across_contexts_same_perturbation,null,-0.010099472
across_contexts_same_perturbation,null,-0.005740062
across_contexts_same_perturbation,null,0.07054712
across_contexts_same_perturbation,null,-0.023178916
across_contexts_same_perturbation,null,0.05891346
across_contexts_same_perturbation,null,-0.03833561
across_contexts_same_perturbation,null,-0.035464104
across_contexts_same_perturbation,null,0.019258477
across_contexts_same_perturbation,null,0.0011723852
across_contexts_same_perturbation,null,-0.057549726
across_contexts_same_perturbation,null,-0.02440548
across_contexts_same_perturbation,null,0.028003259
across_contexts_same_perturbation,null,-0.016132563
across_contexts_same_perturbation,null,-0.069517806
across_contexts_same_perturbation,null,0.05018189
across_contexts_same_perturbation,null,-0.05826732
across_contexts_same_perturbation,null,-0.01133229
across_contexts_same_perturbation,null,0.0036811961
across_contexts_same_perturbation,null,-0.02817463
across_contexts_same_perturbation,null,0.051772296
across_contexts_same_perturbation,null,0.009281605
across_contexts_same_perturbation,null,-0.03976199
across_contexts_same_perturbation,null,-0.01648604
across_contexts_same_perturbation,null,0.0065283165
across_contexts_same_perturbation,null,0.012823741
across_contexts_same_perturbation,null,-0.017685266
across_contexts_same_perturbation,null,-0.028778156
across_contexts_same_perturbation,null,0.035038926
across_contexts_same_perturbation,null,-0.013508417
across_contexts_same_perturbation,null,-0.05415884
across_contexts_same_perturbation,null,0.0051108133
across_contexts_same_perturbation,null,-0.03218774
across_contexts_same_perturbation,null,0.06859551
across_contexts_same_perturbation,null,0.087124415
across_contexts_same_perturbation,null,-0.003107692
across_contexts_same_perturbation,null,-0.030618472
across_contexts_same_perturbation,null,0.032992247
across_contexts_same_perturbation,null,-0.060211767
across_contexts_same_perturbation,null,-0.002898237
across_contexts_same_perturbation,null,-0.06616946
across_contexts_same_perturbation,null,-0.030144507
across_contexts_same_perturbation,null,-0.016499707
across_contexts_same_perturbation,null,0.09186667
across_contexts_same_perturbation,null,0.023396086
across_contexts_same_perturbation,null,0.09362765
across_contexts_same_perturbation,null,-0.03401129
across_contexts_same_perturbation,null,0.09806444
across_contexts_same_perturbation,null,0.03046488
across_contexts_same_perturbation,null,-0.022800617
across_contexts_same_perturbation,null,0.006310972
across_contexts_same_perturbation,null,-0.0535091
across_contexts_same_perturbation,null,0.015957039
across_contexts_same_perturbation,null,-0.042616732
across_contexts_same_perturbation,null,0.045255747
across_contexts_same_perturbation,null,-0.07843096
across_contexts_same_perturbation,null,0.087187394
across_contexts_same_perturbation,null,-0.019084414
across_contexts_same_perturbation,null,-0.007828639
across_contexts_same_perturbation,null,-0.03545086
across_contexts_same_perturbation,null,0.06622449
across_contexts_same_perturbation,null,-0.023748014
across_contexts_same_perturbation,null,0.04859832
across_contexts_same_perturbation,null,0.030458698
across_contexts_same_perturbation,null,-0.045871273
across_contexts_same_perturbation,null,0.008479298
across_contexts_same_perturbation,null,-0.04704608
across_contexts_same_perturbation,null,-0.019392097
across_contexts_same_perturbation,null,-0.06891643
across_contexts_same_perturbation,null,-0.0047367904
across_contexts_same_perturbation,null,0.021167025
across_contexts_same_perturbation,null,0.09434309
across_contexts_same_perturbation,null,0.013928572
across_contexts_same_perturbation,null,-0.0043927827
across_contexts_same_perturbation,null,0.0017572839
across_contexts_same_perturbation,null,-0.01893026
across_contexts_same_perturbation,null,0.004923468
across_contexts_same_perturbation,null,-0.0173577
across_contexts_same_perturbation,null,0.06886371
across_contexts_same_perturbation,null,0.08769972
across_contexts_same_perturbation,null,0.02778449
across_contexts_same_perturbation,null,0.088139646
across_contexts_same_perturbation,null,-0.023932945
across_contexts_same_perturbation,null,0.021034772
across_contexts_same_perturbation,null,-0.073473774
across_contexts_same_perturbation,null,0.013844582
across_contexts_same_perturbation,null,-0.05344841
across_contexts_same_perturbation,null,-0.04362638
across_contexts_same_perturbation,null,-0.050656512
across_contexts_same_perturbation,null,0.030066356
across_contexts_same_perturbation,null,-0.009144471
across_contexts_same_perturbation,null,-0.031483185
across_contexts_same_perturbation,null,-0.009760785
across_contexts_same_perturbation,null,0.09511033
across_contexts_same_perturbation,null,-0.07049059
across_contexts_same_perturbation,null,0.043265667
across_contexts_same_perturbation,null,-0.008362876
across_contexts_same_perturbation,null,0.028667388
across_contexts_same_perturbation,null,-0.013421733
across_contexts_same_perturbation,null,-0.005482678
across_contexts_same_perturbation,null,-0.018691106
across_contexts_same_perturbation,null,0.04709995
across_contexts_same_perturbation,null,0.01125697
across_contexts_same_perturbation,null,-0.04379303
across_contexts_same_perturbation,null,0.05196438
across_contexts_same_perturbation,null,-0.033534184
across_contexts_same_perturbation,null,-0.0052575334
across_contexts_same_perturbation,null,-0.020988517
across_contexts_same_perturbation,null,0.011864426
across_contexts_same_perturbation,null,0.05926381
across_contexts_same_perturbation,null,-0.034034457
across_contexts_same_perturbation,null,-0.017452635
across_contexts_same_perturbation,null,0.013633734
across_contexts_same_perturbation,null,0.07712083
across_contexts_same_perturbation,null,0.002539919
across_contexts_same_perturbation,null,-0.07729317
across_contexts_same_perturbation,null,-0.012906082
across_contexts_same_perturbation,null,-0.053818285
across_contexts_same_perturbation,null,0.101789616
across_contexts_same_perturbation,null,-0.037194297
across_contexts_same_perturbation,null,-0.004272279
across_contexts_same_perturbation,null,0.002204132
across_contexts_same_perturbation,null,0.08458174
across_contexts_same_perturbation,null,-0.054576118
across_contexts_same_perturbation,null,0.027015865
across_contexts_same_perturbation,null,0.03425827
across_contexts_same_perturbation,null,0.05836113
across_contexts_same_perturbation,null,-0.022964735
across_contexts_same_perturbation,null,0.08194914
across_contexts_same_perturbation,null,0.103232466
across_contexts_same_perturbation,null,-0.04217647
across_contexts_same_perturbation,null,-0.01849817
across_contexts_same_perturbation,null,0.07704135
across_contexts_same_perturbation,null,-0.04798517
across_contexts_same_perturbation,null,-0.059104513
across_contexts_same_perturbation,null,-0.010386572
across_contexts_same_perturbation,null,-0.007178464
across_contexts_same_perturbation,null,0.055904087
across_contexts_same_perturbation,null,0.050060496
across_contexts_same_perturbation,null,0.06457097
across_contexts_same_perturbation,null,0.0696226
across_contexts_same_perturbation,null,-0.059246454
across_contexts_same_perturbation,null,-0.038750384
across_contexts_same_perturbation,null,0.054674394
across_contexts_same_perturbation,null,0.018832054
across_contexts_same_perturbation,null,0.022729073
across_contexts_same_perturbation,null,-0.00932765
across_contexts_same_perturbation,null,-0.013330418
across_contexts_same_perturbation,null,-0.06046328
across_contexts_same_perturbation,null,-0.0043923426
across_contexts_same_perturbation,null,-0.011270616
across_contexts_same_perturbation,null,-0.026578726
across_contexts_same_perturbation,null,0.007404825
across_contexts_same_perturbation,null,-0.048063394
across_contexts_same_perturbation,null,-0.010039651
across_contexts_same_perturbation,null,-0.03665757
across_contexts_same_perturbation,null,0.031244177
across_contexts_same_perturbation,null,0.014212285
across_contexts_same_perturbation,null,0.021413924
across_contexts_same_perturbation,null,0.09205933
across_contexts_same_perturbation,null,-0.05335522
across_contexts_same_perturbation,null,-0.06053993
across_contexts_same_perturbation,null,-0.036769528
across_contexts_same_perturbation,null,0.012397341
across_contexts_same_perturbation,null,0.039223023
across_contexts_same_perturbation,null,-0.005950532
across_contexts_same_perturbation,null,0.008464699
across_contexts_same_perturbation,null,-0.07149473
across_contexts_same_perturbation,null,-0.0107749365
across_contexts_same_perturbation,null,0.032616913
across_contexts_same_perturbation,null,-0.07145392
across_contexts_same_perturbation,null,-0.046129145
across_contexts_same_perturbation,null,0.034589037
across_contexts_same_perturbation,null,-0.04254336
across_contexts_same_perturbation,null,-0.02754423
across_contexts_same_perturbation,null,-0.06284027
across_contexts_same_perturbation,null,-0.023464674
across_contexts_same_perturbation,null,-0.011198402
across_contexts_same_perturbation,null,-0.055233262
across_contexts_same_perturbation,null,0.010931069
across_contexts_same_perturbation,null,0.057952795
across_contexts_same_perturbation,null,0.039128993
across_contexts_same_perturbation,null,0.053763106
across_contexts_same_perturbation,null,-0.04117122
across_contexts_same_perturbation,null,-0.06982658
across_contexts_same_perturbation,null,-0.054753978
across_contexts_same_perturbation,null,0.0046477662
across_contexts_same_perturbation,null,-0.024437437
across_contexts_same_perturbation,null,-0.015768856
across_contexts_same_perturbation,null,-0.059265945
across_contexts_same_perturbation,null,0.05904968
across_contexts_same_perturbation,null,0.09921431
across_contexts_same_perturbation,null,0.00885615
across_contexts_same_perturbation,null,0.026766516
across_contexts_same_perturbation,null,0.020024933
across_contexts_same_perturbation,null,0.028777903
across_contexts_same_perturbation,null,-0.018398667
across_contexts_same_perturbation,null,0.007101523
across_contexts_same_perturbation,null,-0.027481675
across_contexts_same_perturbation,null,-0.050574433
across_contexts_same_perturbation,null,-0.021244938
across_contexts_same_perturbation,null,-0.061627775
across_contexts_same_perturbation,null,-0.03952506
across_contexts_same_perturbation,null,-0.026467532
across_contexts_same_perturbation,null,0.055465557
across_contexts_same_perturbation,null,-0.04873512
across_contexts_same_perturbation,null,0.0013840229
across_contexts_same_perturbation,null,0.10018676
across_contexts_same_perturbation,null,0.047310345
across_contexts_same_perturbation,null,0.025628809
across_contexts_same_perturbation,null,0.0006476146
across_contexts_same_perturbation,null,0.09327429
across_contexts_same_perturbation,null,-0.020603234
across_contexts_same_perturbation,null,-0.007053095
across_contexts_same_perturbation,null,-0.059850942
across_contexts_same_perturbation,null,0.04384729
across_contexts_same_perturbation,null,-0.015073999
across_contexts_same_perturbation,null,0.019113336
across_contexts_same_perturbation,null,-0.03796286
across_contexts_same_perturbation,null,0.04828415
across_contexts_same_perturbation,null,-0.067368366
across_contexts_same_perturbation,null,0.032806706
across_contexts_same_perturbation,null,0.05609934
across_contexts_same_perturbation,null,0.004834834
across_contexts_same_perturbation,null,0.049518626
across_contexts_same_perturbation,null,0.05534891
across_contexts_same_perturbation,null,-0.06198895
across_contexts_same_perturbation,null,-0.033980224
across_contexts_same_perturbation,null,-0.0027031584
across_contexts_same_perturbation,null,0.03740362
across_contexts_same_perturbation,null,-0.03975123
across_contexts_same_perturbation,null,-0.0010340704
across_contexts_same_perturbation,null,-0.043766044
across_contexts_same_perturbation,null,-0.026293423
across_contexts_same_perturbation,null,0.038200255
across_contexts_same_perturbation,null,-0.065006986
across_contexts_same_perturbation,null,0.051591482
across_contexts_same_perturbation,null,-0.010867586
across_contexts_same_perturbation,null,-0.025884135
across_contexts_same_perturbation,null,0.060390413
across_contexts_same_perturbation,null,0.03574238
across_contexts_same_perturbation,null,0.0634175
across_contexts_same_perturbation,null,-0.062145207
across_contexts_same_perturbation,null,0.016748603
across_contexts_same_perturbation,null,0.05860935
across_contexts_same_perturbation,null,-0.024767492
across_contexts_same_perturbation,null,0.07400575
across_contexts_same_perturbation,null,-0.02852044
across_contexts_same_perturbation,null,0.028065786
across_contexts_same_perturbation,null,-0.054241892
across_contexts_same_perturbation,null,-0.0379239
across_contexts_same_perturbation,null,0.08346767
across_contexts_same_perturbation,null,-0.031414602
across_contexts_same_perturbation,null,-0.020916497
across_contexts_same_perturbation,null,0.120865084
across_contexts_same_perturbation,null,0.07980006
across_contexts_same_perturbation,null,-0.0082928175
across_contexts_same_perturbation,null,-0.035242632
across_contexts_same_perturbation,null,0.09178068
across_contexts_same_perturbation,null,-0.010694275
across_contexts_same_perturbation,null,0.08649707
across_contexts_same_perturbation,null,0.037431974
across_contexts_same_perturbation,null,-0.034845997
across_contexts_same_perturbation,null,-0.042870164
across_contexts_same_perturbation,null,0.028668024
across_contexts_same_perturbation,null,-0.026022231
across_contexts_same_perturbation,null,0.042278107
across_contexts_same_perturbation,null,-0.03506886
across_contexts_same_perturbation,null,-0.035114
across_contexts_same_perturbation,null,-0.07569455
across_contexts_same_perturbation,null,0.066031106
across_contexts_same_perturbation,null,-0.016260615
across_contexts_same_perturbation,null,-0.021239335
across_contexts_same_perturbation,null,0.09385447
across_contexts_same_perturbation,null,-0.009562891
across_contexts_same_perturbation,null,0.00077321636
across_contexts_same_perturbation,null,-0.01931629
across_contexts_same_perturbation,null,0.07092021
across_contexts_same_perturbation,null,0.03261188
across_contexts_same_perturbation,null,0.0929269
across_contexts_same_perturbation,null,-0.033093188
across_contexts_same_perturbation,null,0.05483452
across_contexts_same_perturbation,null,-0.022011744
across_contexts_same_perturbation,null,0.073587745
across_contexts_same_perturbation,null,0.080501474
across_contexts_same_perturbation,null,0.0112704905
across_contexts_same_perturbation,null,0.0013672698
across_contexts_same_perturbation,null,0.06540922
across_contexts_same_perturbation,null,0.022528958
across_contexts_same_perturbation,null,0.052318837
across_contexts_same_perturbation,null,0.025930664
across_contexts_same_perturbation,null,-0.04942564
across_contexts_same_perturbation,null,-0.04714765
across_contexts_same_perturbation,null,0.054185
across_contexts_same_perturbation,null,0.0037810812
across_contexts_same_perturbation,null,-0.037733875
across_contexts_same_perturbation,null,-0.022962524
across_contexts_same_perturbation,null,0.095599145
across_contexts_same_perturbation,null,-0.024299784
across_contexts_same_perturbation,null,-0.0526173
across_contexts_same_perturbation,null,-0.033762004
across_contexts_same_perturbation,null,0.059438426
across_contexts_same_perturbation,null,-0.025258677
across_contexts_same_perturbation,null,-0.002154764
across_contexts_same_perturbation,null,-0.048084028
across_contexts_same_perturbation,null,-0.0265217
across_contexts_same_perturbation,null,-0.03141465
across_contexts_same_perturbation,null,-0.021155035
across_contexts_same_perturbation,null,0.049749363
across_contexts_same_perturbation,null,-0.012841783
across_contexts_same_perturbation,null,-0.02807285
across_contexts_same_perturbation,null,0.025018193
across_contexts_same_perturbation,null,-0.01191705
across_contexts_same_perturbation,null,0.0037343644
across_contexts_same_perturbation,null,0.12512262
across_contexts_same_perturbation,null,-0.029053861
across_contexts_same_perturbation,null,-0.03866527
across_contexts_same_perturbation,null,0.08640375
across_contexts_same_perturbation,null,-0.02622835
across_contexts_same_perturbation,null,0.019607216
across_contexts_same_perturbation,null,0.025495354
across_contexts_same_perturbation,null,-0.0011645122
across_contexts_same_perturbation,null,-0.03348296
across_contexts_same_perturbation,null,-0.059962686
across_contexts_same_perturbation,null,-0.01683823
across_contexts_same_perturbation,null,0.044567846
across_contexts_same_perturbation,null,-0.06530071
across_contexts_same_perturbation,null,-0.0071951333
across_contexts_same_perturbation,null,0.043204922
across_contexts_same_perturbation,null,-0.056726556
across_contexts_same_perturbation,null,-0.011357985
across_contexts_same_perturbation,null,0.027394617
across_contexts_same_perturbation,null,0.057431247
across_contexts_same_perturbation,null,-0.051703826
across_contexts_same_perturbation,null,0.0118096145
across_contexts_same_perturbation,null,-0.039310493
across_contexts_same_perturbation,null,0.005858281
across_contexts_same_perturbation,null,-0.013651821
across_contexts_same_perturbation,null,-0.05183505
across_contexts_same_perturbation,null,0.07068597
across_contexts_same_perturbation,null,-0.07432941
across_contexts_same_perturbation,null,-0.0094894525
across_contexts_same_perturbation,null,-0.038613368
across_contexts_same_perturbation,null,-0.0190357
across_contexts_same_perturbation,null,-0.007285504
across_contexts_same_perturbation,null,-0.08857621
across_contexts_same_perturbation,null,-0.02074967
across_contexts_same_perturbation,null,0.09156077
across_contexts_same_perturbation,null,-0.14737333
across_contexts_same_perturbation,null,-0.034354553
across_contexts_same_perturbation,null,0.064759925
across_contexts_same_perturbation,null,0.028550731
across_contexts_same_perturbation,null,0.0076788613
across_contexts_same_perturbation,null,0.03321757
across_contexts_same_perturbation,null,-0.016221967
across_contexts_same_perturbation,null,-0.005310588
across_contexts_same_perturbation,null,0.011586991
across_contexts_same_perturbation,null,0.059716683
across_contexts_same_perturbation,null,-0.006308979
across_contexts_same_perturbation,null,-0.0029860926
across_contexts_same_perturbation,null,-0.039994396
across_contexts_same_perturbation,null,-0.03594295
across_contexts_same_perturbation,null,-0.011489878
across_contexts_same_perturbation,null,-0.0058042854
across_contexts_same_perturbation,null,-0.0053579346
across_contexts_same_perturbation,null,-0.037942413
across_contexts_same_perturbation,null,-0.016613694
across_contexts_same_perturbation,null,-0.07404334
across_contexts_same_perturbation,null,-0.052559327
across_contexts_same_perturbation,null,-0.030774275
across_contexts_same_perturbation,null,-0.041083086
across_contexts_same_perturbation,null,-5.707911e-05
across_contexts_same_perturbation,null,-0.010062145
across_contexts_same_perturbation,null,-0.044155903
across_contexts_same_perturbation,null,0.010435943
across_contexts_same_perturbation,null,0.030943697
across_contexts_same_perturbation,null,-0.0356137
across_contexts_same_perturbation,null,0.050684184
across_contexts_same_perturbation,null,0.03497336
across_contexts_same_perturbation,null,0.050215434
across_contexts_same_perturbation,null,0.109452225
across_contexts_same_perturbation,null,0.032119993
across_contexts_same_perturbation,null,0.068029895
across_contexts_same_perturbation,null,0.005026765
across_contexts_same_perturbation,null,-0.043610502
across_contexts_same_perturbation,null,0.027202586
across_contexts_same_perturbation,null,0.029332653
across_contexts_same_perturbation,null,-0.03629487
across_contexts_same_perturbation,null,0.009998412
across_contexts_same_perturbation,null,0.052003514
across_contexts_same_perturbation,null,0.014035763
across_contexts_same_perturbation,null,-0.01764981
across_contexts_same_perturbation,null,-0.0041056545
across_contexts_same_perturbation,null,0.029369157
across_contexts_same_perturbation,null,-0.0005168063
across_contexts_same_perturbation,null,-0.033466294
across_contexts_same_perturbation,null,-0.017000185
across_contexts_same_perturbation,null,0.044202045
across_contexts_same_perturbation,null,-0.05660996
across_contexts_same_perturbation,null,-0.086510055
across_contexts_same_perturbation,null,-0.036495805
across_contexts_same_perturbation,null,0.021824934
across_contexts_same_perturbation,null,0.084991544
across_contexts_same_perturbation,null,-0.019727541
across_contexts_same_perturbation,null,-0.054328933
across_contexts_same_perturbation,null,-0.07268652
across_contexts_same_perturbation,null,0.09690964
across_contexts_same_perturbation,null,0.061651736
across_contexts_same_perturbation,null,0.07174866
across_contexts_same_perturbation,null,-0.010645529
across_contexts_same_perturbation,null,0.021602659
across_contexts_same_perturbation,null,-0.048249908
across_contexts_same_perturbation,null,0.029666396
across_contexts_same_perturbation,null,-0.027897863
across_contexts_same_perturbation,null,-0.092526
across_contexts_same_perturbation,null,0.027004398
across_contexts_same_perturbation,null,-0.028809287
across_contexts_same_perturbation,null,-0.020876879
across_contexts_same_perturbation,null,-0.010161975
across_contexts_same_perturbation,null,0.08303921
across_contexts_same_perturbation,null,0.04078509
across_contexts_same_perturbation,null,0.014942861
across_contexts_same_perturbation,null,-0.024646832
across_contexts_same_perturbation,null,-0.0041933144
across_contexts_same_perturbation,null,0.07411327
across_contexts_same_perturbation,null,-0.005776285
across_contexts_same_perturbation,null,-0.01670248
across_contexts_same_perturbation,null,-0.05754974
across_contexts_same_perturbation,null,0.098749846
across_contexts_same_perturbation,null,0.037141412
across_contexts_same_perturbation,null,0.026772607
across_contexts_same_perturbation,null,0.014189666
across_contexts_same_perturbation,null,-0.054482214
across_contexts_same_perturbation,null,-0.015686918
across_contexts_same_perturbation,null,-0.012049498
across_contexts_same_perturbation,null,-0.040999547
across_contexts_same_perturbation,null,0.009286821
across_contexts_same_perturbation,null,0.03025691
across_contexts_same_perturbation,null,-0.026482316
across_contexts_same_perturbation,null,-0.017547317
across_contexts_same_perturbation,null,0.09883227
across_contexts_same_perturbation,null,0.06796334
across_contexts_same_perturbation,null,0.039521404
across_contexts_same_perturbation,null,0.007923754
across_contexts_same_perturbation,null,0.06152458
across_contexts_same_perturbation,null,0.011336047
across_contexts_same_perturbation,null,0.072133586
across_contexts_same_perturbation,null,0.017994523
across_contexts_same_perturbation,null,-0.06791181
across_contexts_same_perturbation,null,-0.008350298
across_contexts_same_perturbation,null,-0.026974985
across_contexts_same_perturbation,null,-0.0051912614
across_contexts_same_perturbation,null,0.07129993
across_contexts_same_perturbation,null,-0.02482071
across_contexts_same_perturbation,null,-0.024621826
across_contexts_same_perturbation,null,0.033034723
across_contexts_same_perturbation,null,0.0966584
across_contexts_same_perturbation,null,-0.0567296
across_contexts_same_perturbation,null,0.011388303
across_contexts_same_perturbation,null,-0.03412165
across_contexts_same_perturbation,null,-0.024498371
across_contexts_same_perturbation,null,0.04661047
across_contexts_same_perturbation,null,0.0388335
across_contexts_same_perturbation,null,-0.010474211
across_contexts_same_perturbation,null,0.037033536
across_contexts_same_perturbation,null,0.026393913
across_contexts_same_perturbation,null,0.05558985
across_contexts_same_perturbation,null,0.013663757
across_contexts_same_perturbation,null,-0.037098818
across_contexts_same_perturbation,null,-0.07630091
across_contexts_same_perturbation,null,-0.0148260575
across_contexts_same_perturbation,null,0.01789701
across_contexts_same_perturbation,null,0.022954907
across_contexts_same_perturbation,null,-0.005783567
across_contexts_same_perturbation,null,-0.039305985
across_contexts_same_perturbation,null,0.03785916
across_contexts_same_perturbation,null,-0.031895928
across_contexts_same_perturbation,null,-0.00939066
across_contexts_same_perturbation,null,-0.030943936
across_contexts_same_perturbation,null,-0.02746228
across_contexts_same_perturbation,null,-0.018623281
across_contexts_same_perturbation,null,0.033253428
across_contexts_same_perturbation,null,0.01515902
across_contexts_same_perturbation,null,-0.021669956
across_contexts_same_perturbation,null,-0.04924431
across_contexts_same_perturbation,null,-0.028305698
across_contexts_same_perturbation,null,0.013834661
across_contexts_same_perturbation,null,-0.0029217044
across_contexts_same_perturbation,null,-0.019652423
across_contexts_same_perturbation,null,0.00056870485
across_contexts_same_perturbation,null,0.040886685
across_contexts_same_perturbation,null,0.037343003
across_contexts_same_perturbation,null,-0.014482937
across_contexts_same_perturbation,null,-0.053839475
across_contexts_same_perturbation,null,-0.06514469
across_contexts_same_perturbation,null,-0.030395962
across_contexts_same_perturbation,null,-0.011918935
across_contexts_same_perturbation,null,-0.031307526
across_contexts_same_perturbation,null,-0.0016301399
across_contexts_same_perturbation,null,-0.015287399
across_contexts_same_perturbation,null,0.019220844
across_contexts_same_perturbation,null,-0.02372794
across_contexts_same_perturbation,null,-0.04505502
across_contexts_same_perturbation,null,-0.05196998
across_contexts_same_perturbation,null,-0.025188453
across_contexts_same_perturbation,null,0.03903648
across_contexts_same_perturbation,null,-0.009436826
across_contexts_same_perturbation,null,0.012163469
across_contexts_same_perturbation,null,-0.044625256
across_contexts_same_perturbation,null,-0.03162887
across_contexts_same_perturbation,null,0.072281286
across_contexts_same_perturbation,null,-0.073980086
across_contexts_same_perturbation,null,0.008580025
across_contexts_same_perturbation,null,0.077479884
across_contexts_same_perturbation,null,-0.01703394
across_contexts_same_perturbation,null,-0.052937455
across_contexts_same_perturbation,null,-0.08188581
across_contexts_same_perturbation,null,-0.039551467
across_contexts_same_perturbation,null,-0.0009331035
across_contexts_same_perturbation,null,-0.06425091
across_contexts_same_perturbation,null,-0.008046328
across_contexts_same_perturbation,null,0.07859169
across_contexts_same_perturbation,null,-0.012027067
across_contexts_same_perturbation,null,0.00727794
across_contexts_same_perturbation,null,-0.018425766
across_contexts_same_perturbation,null,-0.07335247
across_contexts_same_perturbation,null,-0.0165872
across_contexts_same_perturbation,null,-0.053920534
across_contexts_same_perturbation,null,0.0045266063
across_contexts_same_perturbation,null,0.03536047
across_contexts_same_perturbation,null,-0.012099553
across_contexts_same_perturbation,null,-0.05348537
across_contexts_same_perturbation,null,0.05432999
across_contexts_same_perturbation,null,-0.0060928813
across_contexts_same_perturbation,null,0.0056240116
across_contexts_same_perturbation,null,-0.009365566
across_contexts_same_perturbation,null,-0.03727366
across_contexts_same_perturbation,null,0.037779678
across_contexts_same_perturbation,null,-0.04328266
across_contexts_same_perturbation,null,-0.02375805
across_contexts_same_perturbation,null,-0.07102609
across_contexts_same_perturbation,null,-0.042138007
across_contexts_same_perturbation,null,0.031000236
across_contexts_same_perturbation,null,0.017837312
across_contexts_same_perturbation,null,-0.032399982
across_contexts_same_perturbation,null,-0.024161054
across_contexts_same_perturbation,null,0.05650839
across_contexts_same_perturbation,null,-0.0011121467
across_contexts_same_perturbation,null,0.0014715258
across_contexts_same_perturbation,null,0.025461337
across_contexts_same_perturbation,null,0.052875772
across_contexts_same_perturbation,null,-0.021236604
across_contexts_same_perturbation,null,0.04370495
across_contexts_same_perturbation,null,0.0469004
across_contexts_same_perturbation,null,0.010195505
across_contexts_same_perturbation,null,0.055930067
across_contexts_same_perturbation,null,0.046742603
across_contexts_same_perturbation,null,-0.011717377
across_contexts_same_perturbation,null,-0.05530701
across_contexts_same_perturbation,null,-0.04804471
across_contexts_same_perturbation,null,-0.024894664
across_contexts_same_perturbation,null,-0.037097942
across_contexts_same_perturbation,null,-0.019720549
across_contexts_same_perturbation,null,0.00066338165
across_contexts_same_perturbation,null,-0.009848482
across_contexts_same_perturbation,null,0.058693133
across_contexts_same_perturbation,null,0.058499265
across_contexts_same_perturbation,null,-0.017963488
across_contexts_same_perturbation,null,-0.06013644
across_contexts_same_perturbation,null,-0.061276678
across_contexts_same_perturbation,null,0.016820742
across_contexts_same_perturbation,null,0.020680757
across_contexts_same_perturbation,null,-0.04802471
across_contexts_same_perturbation,null,0.03793422
across_contexts_same_perturbation,null,-0.050389588
across_contexts_same_perturbation,null,0.039422926
across_contexts_same_perturbation,null,0.011396171
across_contexts_same_perturbation,null,-0.010058705
across_contexts_same_perturbation,null,-0.0071427086
across_contexts_same_perturbation,null,-0.047828242
across_contexts_same_perturbation,null,-0.031762525
across_contexts_same_perturbation,null,0.0026039048
across_contexts_same_perturbation,null,-0.020089032
across_contexts_same_perturbation,null,0.010859984
across_contexts_same_perturbation,null,-0.036631603
across_contexts_same_perturbation,null,-0.025475824
across_contexts_same_perturbation,null,-0.047199465
across_contexts_same_perturbation,null,-0.047541603
across_contexts_same_perturbation,null,-0.01169777
across_contexts_same_perturbation,null,-0.034272857
across_contexts_same_perturbation,null,-0.028062234
across_contexts_same_perturbation,null,-0.25377783
across_contexts_same_perturbation,null,-0.011816102
across_contexts_same_perturbation,null,0.019204784
across_contexts_same_perturbation,null,0.117294304
across_contexts_same_perturbation,null,-0.046492685
across_contexts_same_perturbation,null,0.015454997
across_contexts_same_perturbation,null,0.048498895
across_contexts_same_perturbation,null,0.004193189
across_contexts_same_perturbation,null,-0.045300774
across_contexts_same_perturbation,null,-0.066989794
across_contexts_same_perturbation,null,-0.047338273
across_contexts_same_perturbation,null,0.033217765
across_contexts_same_perturbation,null,-0.008057681
across_contexts_same_perturbation,null,-0.04290652
across_contexts_same_perturbation,null,-0.060469966
across_contexts_same_perturbation,null,0.03023677
across_contexts_same_perturbation,null,-0.03928737
across_contexts_same_perturbation,null,0.057479143
across_contexts_same_perturbation,null,-0.0032357124
across_contexts_same_perturbation,null,0.013459943
across_contexts_same_perturbation,null,-0.023038505
across_contexts_same_perturbation,null,-0.027255677
across_contexts_same_perturbation,null,-0.015649177
across_contexts_same_perturbation,null,-0.03565929
across_contexts_same_perturbation,null,-0.050823487
across_contexts_same_perturbation,null,0.014029603
across_contexts_same_perturbation,null,-0.0007484938
across_contexts_same_perturbation,null,0.010482541
across_contexts_same_perturbation,null,-0.04652721
across_contexts_same_perturbation,null,0.037755225
across_contexts_same_perturbation,null,-0.04080746
across_contexts_same_perturbation,null,-0.00038408383
across_contexts_same_perturbation,null,0.11750329
across_contexts_same_perturbation,null,0.06479548
across_contexts_same_perturbation,null,-0.032928985
across_contexts_same_perturbation,null,-0.0189446
across_contexts_same_perturbation,null,0.015551046
across_contexts_same_perturbation,null,-0.0014191498
across_contexts_same_perturbation,null,-0.05568941
across_contexts_same_perturbation,null,-0.023386154
across_contexts_same_perturbation,null,0.05347005
across_contexts_same_perturbation,null,-0.020301566
across_contexts_same_perturbation,null,0.027890272
across_contexts_same_perturbation,null,-0.017737737
across_contexts_same_perturbation,null,0.08685715
across_contexts_same_perturbation,null,-0.030366069
across_contexts_same_perturbation,null,-0.06382247
across_contexts_same_perturbation,null,-0.03436013
across_contexts_same_perturbation,null,-0.03806215
across_contexts_same_perturbation,null,0.055046905
across_contexts_same_perturbation,null,0.026841922
across_contexts_same_perturbation,null,-0.02770693
across_contexts_same_perturbation,null,-0.06525225
across_contexts_same_perturbation,null,0.019689798
across_contexts_same_perturbation,null,-0.042294342
across_contexts_same_perturbation,null,0.102884345
across_contexts_same_perturbation,null,0.037809268
across_contexts_same_perturbation,null,-0.0137165
across_contexts_same_perturbation,null,-0.023170596
across_contexts_same_perturbation,null,-0.042639416
across_contexts_same_perturbation,null,0.002491985
across_contexts_same_perturbation,null,-0.031282853
across_contexts_same_perturbation,null,-0.042386085
across_contexts_same_perturbation,null,0.099326394
across_contexts_same_perturbation,null,0.10596666
across_contexts_same_perturbation,null,0.0119652
across_contexts_same_perturbation,null,0.11438404
across_contexts_same_perturbation,null,-0.03221109
across_contexts_same_perturbation,null,0.027641578
across_contexts_same_perturbation,null,-0.052141074
across_contexts_same_perturbation,null,0.030878838
across_contexts_same_perturbation,null,-0.0022325115
across_contexts_same_perturbation,null,0.038654972
across_contexts_same_perturbation,null,0.06706324
across_contexts_same_perturbation,null,-0.009524845
across_contexts_same_perturbation,null,0.07061592
across_contexts_same_perturbation,null,0.056541752
across_contexts_same_perturbation,null,-0.0099068405
across_contexts_same_perturbation,null,-0.06051156
across_contexts_same_perturbation,null,-0.00457315
across_contexts_same_perturbation,null,0.0017105443
across_contexts_same_perturbation,null,-0.037919354
across_contexts_same_perturbation,null,-0.030209983
across_contexts_same_perturbation,null,0.026281131
across_contexts_same_perturbation,null,-0.031442348
across_contexts_same_perturbation,null,-0.008039341
across_contexts_same_perturbation,null,-0.0095786685
across_contexts_same_perturbation,null,-0.032788202
across_contexts_same_perturbation,null,-0.035198536
across_contexts_same_perturbation,null,0.06834664
across_contexts_same_perturbation,null,0.035091326
across_contexts_same_perturbation,null,0.032447793
across_contexts_same_perturbation,null,-0.0008258316
across_contexts_same_perturbation,null,-0.0254707
across_contexts_same_perturbation,null,-0.053022407
across_contexts_same_perturbation,null,-0.015135264
across_contexts_same_perturbation,null,-0.0479609
across_contexts_same_perturbation,null,0.01470035
across_contexts_same_perturbation,null,-0.0284737
across_contexts_same_perturbation,null,0.008580173
across_contexts_same_perturbation,null,0.08166573
across_contexts_same_perturbation,null,0.043542627
across_contexts_same_perturbation,null,0.062814236
across_contexts_same_perturbation,null,0.05731354
across_contexts_same_perturbation,null,-0.04151489
across_contexts_same_perturbation,null,-0.04708335
across_contexts_same_perturbation,null,0.071288824
across_contexts_same_perturbation,null,0.018285269
across_contexts_same_perturbation,null,0.08722826
across_contexts_same_perturbation,null,0.0030205066
across_contexts_same_perturbation,null,-0.057189826
across_contexts_same_perturbation,null,-0.028677473
across_contexts_same_perturbation,null,-0.018316826
across_contexts_same_perturbation,null,-0.00839932
across_contexts_same_perturbation,null,-0.0461712
across_contexts_same_perturbation,null,0.0110374
across_contexts_same_perturbation,null,-0.041975494
across_contexts_same_perturbation,null,0.052374776
across_contexts_same_perturbation,null,0.0241656
across_contexts_same_perturbation,null,-0.06631943
across_contexts_same_perturbation,null,-0.033349324
across_contexts_same_perturbation,null,-0.011091679
across_contexts_same_perturbation,null,0.045424737
across_contexts_same_perturbation,null,0.13757743
across_contexts_same_perturbation,null,-0.0040555457
across_contexts_same_perturbation,null,-0.02883752
across_contexts_same_perturbation,null,-0.0016131488
across_contexts_same_perturbation,null,0.05756547
across_contexts_same_perturbation,null,-0.035266668
across_contexts_same_perturbation,null,0.038384195
across_contexts_same_perturbation,null,0.00028086413
across_contexts_same_perturbation,null,-0.015434938
across_contexts_same_perturbation,null,0.058791433
across_contexts_same_perturbation,null,-0.002124222
across_contexts_same_perturbation,null,0.052865062
across_contexts_same_perturbation,null,-0.0099363355
across_contexts_same_perturbation,null,0.006150634
across_contexts_same_perturbation,null,0.04234836
across_contexts_same_perturbation,null,-0.011166455
across_contexts_same_perturbation,null,-0.039620843
across_contexts_same_perturbation,null,-0.076552145
across_contexts_same_perturbation,null,0.030247822
across_contexts_same_perturbation,null,0.018994324
across_contexts_same_perturbation,null,0.0027587372
across_contexts_same_perturbation,null,-0.04726468
across_contexts_same_perturbation,null,-0.029068006
across_contexts_same_perturbation,null,-0.013206791
across_contexts_same_perturbation,null,-0.018948272
across_contexts_same_perturbation,null,-0.043730404
across_contexts_same_perturbation,null,0.022282565
across_contexts_same_perturbation,null,-0.005619498
across_contexts_same_perturbation,null,0.07773313
across_contexts_same_perturbation,null,0.004685939
across_contexts_same_perturbation,null,-0.062240396
across_contexts_same_perturbation,null,0.04024391
across_contexts_same_perturbation,null,0.06625686
across_contexts_same_perturbation,null,-0.056973733
across_contexts_same_perturbation,null,-0.019431246
across_contexts_same_perturbation,null,-0.002965866
across_contexts_same_perturbation,null,-0.012086892
across_contexts_same_perturbation,null,-0.04321157
across_contexts_same_perturbation,null,-0.055009224
across_contexts_same_perturbation,null,-0.010548515
across_contexts_same_perturbation,null,-0.010858255
across_contexts_same_perturbation,null,-0.037147384
across_contexts_same_perturbation,null,-0.0008218533
across_contexts_same_perturbation,null,0.043419026
across_contexts_same_perturbation,null,0.058039065
across_contexts_same_perturbation,null,0.07407319
across_contexts_same_perturbation,null,-0.032059886
across_contexts_same_perturbation,null,0.039073437
across_contexts_same_perturbation,null,-0.057749808
across_contexts_same_perturbation,null,0.04656375
across_contexts_same_perturbation,null,-0.008003406
across_contexts_same_perturbation,null,-0.03973141
across_contexts_same_perturbation,null,-0.06064026
across_contexts_same_perturbation,null,-0.013794449
across_contexts_same_perturbation,null,0.06019954
across_contexts_same_perturbation,null,-0.006641109
across_contexts_same_perturbation,null,0.03453732
across_contexts_same_perturbation,null,-0.027166609
across_contexts_same_perturbation,null,0.091353774
across_contexts_same_perturbation,null,0.03111997
across_contexts_same_perturbation,null,-0.054682966
across_contexts_same_perturbation,null,0.01970256
across_contexts_same_perturbation,null,-0.021864196
across_contexts_same_perturbation,null,0.067769945
across_contexts_same_perturbation,null,-0.046284407
across_contexts_same_perturbation,null,0.024775714
across_contexts_same_perturbation,null,-0.011846886
across_contexts_same_perturbation,null,0.07568014
across_contexts_same_perturbation,null,0.024407348
across_contexts_same_perturbation,null,0.027713312
across_contexts_same_perturbation,null,0.04350475
across_contexts_same_perturbation,null,0.010897033
across_contexts_same_perturbation,null,0.052220616
across_contexts_same_perturbation,null,-0.031289183
across_contexts_same_perturbation,null,-0.0041630557
across_contexts_same_perturbation,null,-0.012763529
across_contexts_same_perturbation,null,-0.08478252
across_contexts_same_perturbation,null,-0.054003064
across_contexts_same_perturbation,null,0.047905598
across_contexts_same_perturbation,null,0.06720431
across_contexts_same_perturbation,null,0.081254676
across_contexts_same_perturbation,null,-0.045082968
across_contexts_same_perturbation,null,-0.054719917
across_contexts_same_perturbation,null,-0.010932969
across_contexts_same_perturbation,null,0.008527893
across_contexts_same_perturbation,null,0.0133790895
across_contexts_same_perturbation,null,0.10490891
across_contexts_same_perturbation,null,-0.06642796
across_contexts_same_perturbation,null,-0.029649407
across_contexts_same_perturbation,null,-0.00502127
across_contexts_same_perturbation,null,-0.04700972
across_contexts_same_perturbation,null,0.118819475
across_contexts_same_perturbation,null,0.08994785
across_contexts_same_perturbation,null,-0.09113971
across_contexts_same_perturbation,null,-0.025459608
across_contexts_same_perturbation,null,0.042296413
across_contexts_same_perturbation,null,-0.063050985
across_contexts_same_perturbation,null,0.011987691
across_contexts_same_perturbation,null,-0.022842271
across_contexts_same_perturbation,null,-0.03259249
across_contexts_same_perturbation,null,0.0044683376
across_contexts_same_perturbation,null,-0.033325773
across_contexts_same_perturbation,null,-0.023589365
across_contexts_same_perturbation,null,0.013962826
across_contexts_same_perturbation,null,-0.01862458
across_contexts_same_perturbation,null,0.106002904
across_contexts_same_perturbation,null,0.012495745
across_contexts_same_perturbation,null,-0.020178212
across_contexts_same_perturbation,null,0.017960545
across_contexts_same_perturbation,null,0.04401866
across_contexts_same_perturbation,null,0.013550755
across_contexts_same_perturbation,null,-0.012795414
across_contexts_same_perturbation,null,-0.038341057
across_contexts_same_perturbation,null,-0.019329408
across_contexts_same_perturbation,null,-0.0036305962
across_contexts_same_perturbation,null,-0.04873468
across_contexts_same_perturbation,null,-0.07993055
across_contexts_same_perturbation,null,-0.06326187
across_contexts_same_perturbation,null,0.04093509
across_contexts_same_perturbation,null,-0.03901092
across_contexts_same_perturbation,null,0.016891735
across_contexts_same_perturbation,null,0.010007595
across_contexts_same_perturbation,null,0.05017314
across_contexts_same_perturbation,null,-0.07102553
across_contexts_same_perturbation,null,-0.084395096
across_contexts_same_perturbation,null,-0.024271395
across_contexts_same_perturbation,null,0.09989674
across_contexts_same_perturbation,null,-0.0382348
across_contexts_same_perturbation,null,-0.0077115945
across_contexts_same_perturbation,null,-0.03727838
across_contexts_same_perturbation,null,0.08587265
across_contexts_same_perturbation,null,0.04801171
across_contexts_same_perturbation,null,-0.03249929
across_contexts_same_perturbation,null,0.02412675
across_contexts_same_perturbation,null,-0.018277707
across_contexts_same_perturbation,null,0.090346806
across_contexts_same_perturbation,null,0.013399721
across_contexts_same_perturbation,null,0.023802884
across_contexts_same_perturbation,null,0.022228971
across_contexts_same_perturbation,null,-0.007114733
across_contexts_same_perturbation,null,0.029083475
across_contexts_same_perturbation,null,-0.09066408
across_contexts_same_perturbation,null,-0.028510222
across_contexts_same_perturbation,null,-0.06299259
across_contexts_same_perturbation,null,0.03581855
across_contexts_same_perturbation,null,0.0032350137
across_contexts_same_perturbation,null,0.014014078
across_contexts_same_perturbation,null,-0.009255609
across_contexts_same_perturbation,null,-0.010760616
across_contexts_same_perturbation,null,-0.021330984
across_contexts_same_perturbation,null,-0.03742066
across_contexts_same_perturbation,null,-0.021359572
across_contexts_same_perturbation,null,0.019718857
across_contexts_same_perturbation,null,-0.008919479
across_contexts_same_perturbation,null,0.003024138
across_contexts_same_perturbation,null,0.013142905
across_contexts_same_perturbation,null,-0.014272261
across_contexts_same_perturbation,null,-0.056575317
across_contexts_same_perturbation,null,0.007013077
across_contexts_same_perturbation,null,-0.012789706
across_contexts_same_perturbation,null,0.0235175
across_contexts_same_perturbation,null,-0.026309645
across_contexts_same_perturbation,null,-0.06062568
across_contexts_same_perturbation,null,-0.01158746
across_contexts_same_perturbation,null,-0.053709146
across_contexts_same_perturbation,null,0.00896416
across_contexts_same_perturbation,null,0.106252015
across_contexts_same_perturbation,null,-0.041065134
across_contexts_same_perturbation,null,-0.022221087
across_contexts_same_perturbation,null,-0.005328395
across_contexts_same_perturbation,null,0.057216324
across_contexts_same_perturbation,null,0.005582519
across_contexts_same_perturbation,null,-0.01363731
across_contexts_same_perturbation,null,0.063020155
across_contexts_same_perturbation,null,-0.0353033
across_contexts_same_perturbation,null,0.03535813
across_contexts_same_perturbation,null,-0.048343647
across_contexts_same_perturbation,null,0.00540321
across_contexts_same_perturbation,null,-0.020513449
across_contexts_same_perturbation,null,0.008842028
across_contexts_same_perturbation,null,-0.046785824
across_contexts_same_perturbation,null,-0.00018242445
across_contexts_same_perturbation,null,-0.008457395
across_contexts_same_perturbation,null,-0.009842434
across_contexts_same_perturbation,null,0.014518017
across_contexts_same_perturbation,null,-0.038910683
across_contexts_same_perturbation,null,-0.03508056
across_contexts_same_perturbation,null,0.020120194
across_contexts_same_perturbation,null,-0.005593744
across_contexts_same_perturbation,null,-0.06170257
across_contexts_same_perturbation,null,-0.024634175
across_contexts_same_perturbation,null,0.058563232
across_contexts_same_perturbation,null,0.08380792
across_contexts_same_perturbation,null,-0.014881041
across_contexts_same_perturbation,null,-0.05563311
across_contexts_same_perturbation,null,-0.011074177
across_contexts_same_perturbation,null,0.011213507
across_contexts_same_perturbation,null,0.039284647
across_contexts_same_perturbation,null,-0.059005424
across_contexts_same_perturbation,null,-0.003132467
across_contexts_same_perturbation,null,-0.018206852
across_contexts_same_perturbation,null,0.041568123
across_contexts_same_perturbation,null,0.006496697
across_contexts_same_perturbation,null,-0.017351873
across_contexts_same_perturbation,null,0.09395575
across_contexts_same_perturbation,null,0.003631709
across_contexts_same_perturbation,null,-0.016562372
across_contexts_same_perturbation,null,0.11315201
across_contexts_same_perturbation,null,-0.035648745
across_contexts_same_perturbation,null,-0.081507444
across_contexts_same_perturbation,null,0.06747066
across_contexts_same_perturbation,null,-0.04128286
across_contexts_same_perturbation,null,0.0057927514
across_contexts_same_perturbation,null,-0.003672038
across_contexts_same_perturbation,null,-0.07635159
across_contexts_same_perturbation,null,0.05107319
across_contexts_same_perturbation,null,0.047025144
across_contexts_same_perturbation,null,-0.053434618
across_contexts_same_perturbation,null,-0.009160061
across_contexts_same_perturbation,null,-0.06400039
across_contexts_same_perturbation,null,0.07658407
across_contexts_same_perturbation,null,-0.05085597
across_contexts_same_perturbation,null,0.01188974
across_contexts_same_perturbation,null,0.06375547
across_contexts_same_perturbation,null,-0.02012146
across_contexts_same_perturbation,null,0.0021798464
across_contexts_same_perturbation,null,0.05096962
across_contexts_same_perturbation,null,0.005475288
across_contexts_same_perturbation,null,0.040124375
across_contexts_same_perturbation,null,-0.03487836
across_contexts_same_perturbation,null,0.022069678
across_contexts_same_perturbation,null,-0.013125919
across_contexts_same_perturbation,null,0.018637918
across_contexts_same_perturbation,null,0.01961256
across_contexts_same_perturbation,null,-0.032041393
across_contexts_same_perturbation,null,0.041246515
across_contexts_same_perturbation,null,0.008349741
across_contexts_same_perturbation,null,0.010105121
across_contexts_same_perturbation,null,-0.0062641017
across_contexts_same_perturbation,null,-0.008496611
across_contexts_same_perturbation,null,0.01915085
across_contexts_same_perturbation,null,0.0082591465
across_contexts_same_perturbation,null,0.06999257
across_contexts_same_perturbation,null,-0.016537571
across_contexts_same_perturbation,null,0.06740785
across_contexts_same_perturbation,null,0.048788663
across_contexts_same_perturbation,null,0.10803666
across_contexts_same_perturbation,null,-0.04963719
across_contexts_same_perturbation,null,-0.02007
across_contexts_same_perturbation,null,-0.018794846
across_contexts_same_perturbation,null,0.029119166
across_contexts_same_perturbation,null,0.0020970232
across_contexts_same_perturbation,null,0.045466397
across_contexts_same_perturbation,null,0.053981137
across_contexts_same_perturbation,null,-0.011049765
across_contexts_same_perturbation,null,-0.012454356
across_contexts_same_perturbation,null,-0.044393174
across_contexts_same_perturbation,null,-0.011807371
across_contexts_same_perturbation,null,-0.011894574
across_contexts_same_perturbation,null,-0.017769407
across_contexts_same_perturbation,null,-0.016415425
across_contexts_same_perturbation,null,-0.03763933
across_contexts_same_perturbation,null,0.068053134
across_contexts_same_perturbation,null,-0.030335406
across_contexts_same_perturbation,null,0.0012142403
across_contexts_same_perturbation,null,-0.009095746
across_contexts_same_perturbation,null,-0.0643582
across_contexts_same_perturbation,null,-0.023766043
across_contexts_same_perturbation,null,-0.045742318
across_contexts_same_perturbation,null,-0.006322112
across_contexts_same_perturbation,null,0.07136541
across_contexts_same_perturbation,null,0.056728974
across_contexts_same_perturbation,null,0.07097419
across_contexts_same_perturbation,null,-0.007908834
across_contexts_same_perturbation,null,0.03873222
across_contexts_same_perturbation,null,-0.026518313
across_contexts_same_perturbation,null,0.01656865
across_contexts_same_perturbation,null,-0.03690767
across_contexts_same_perturbation,null,0.013632688
across_contexts_same_perturbation,null,-0.035586733
across_contexts_same_perturbation,null,-0.008273291
across_contexts_same_perturbation,null,-0.026996356
across_contexts_same_perturbation,null,0.0519239
across_contexts_same_perturbation,null,-0.0125282165
across_contexts_same_perturbation,null,-0.029143723
across_contexts_same_perturbation,null,0.08075508
across_contexts_same_perturbation,null,-0.023157403
across_contexts_same_perturbation,null,0.071097486
across_contexts_same_perturbation,null,0.06349005
across_contexts_same_perturbation,null,0.033116158
across_contexts_same_perturbation,null,-0.032568764
across_contexts_same_perturbation,null,-0.009803768
across_contexts_same_perturbation,null,-0.01497655
across_contexts_same_perturbation,null,0.067765564
across_contexts_same_perturbation,null,0.029804753
across_contexts_same_perturbation,null,-0.0353199
across_contexts_same_perturbation,null,-0.05696798
across_contexts_same_perturbation,null,0.08131187
across_contexts_same_perturbation,null,-0.0148850465
across_contexts_same_perturbation,null,0.090204515
across_contexts_same_perturbation,null,0.06384628
across_contexts_same_perturbation,null,0.065958664
across_contexts_same_perturbation,null,0.04416595
across_contexts_same_perturbation,null,-0.034327786
across_contexts_same_perturbation,null,0.0017824799
across_contexts_same_perturbation,null,0.010933743
across_contexts_same_perturbation,null,-0.03620761
across_contexts_same_perturbation,null,0.062308196
across_contexts_same_perturbation,null,-0.0048797554
across_contexts_same_perturbation,null,-3.5596335e-05
across_contexts_same_perturbation,null,0.05367567
across_contexts_same_perturbation,null,-0.024965838
across_contexts_same_perturbation,null,0.052342225
across_contexts_same_perturbation,null,-0.013044561
across_contexts_same_perturbation,null,-0.03414479
across_contexts_same_perturbation,null,-0.03270428
across_contexts_same_perturbation,null,0.05037614
across_contexts_same_perturbation,null,0.001626719
across_contexts_same_perturbation,null,0.054189533
across_contexts_same_perturbation,null,0.020209303
across_contexts_same_perturbation,null,-0.026269488
across_contexts_same_perturbation,null,-0.07799401
across_contexts_same_perturbation,null,0.055463698
across_contexts_same_perturbation,null,-0.017377246
across_contexts_same_perturbation,null,0.060764696
across_contexts_same_perturbation,null,0.0035560182
across_contexts_same_perturbation,null,-0.022535075
across_contexts_same_perturbation,null,0.013259948
across_contexts_same_perturbation,null,0.011361685
across_contexts_same_perturbation,null,-0.042377897
across_contexts_same_perturbation,null,0.048811212
across_contexts_same_perturbation,null,0.021628147
across_contexts_same_perturbation,null,-0.03427048
across_contexts_same_perturbation,null,0.09304362
across_contexts_same_perturbation,null,0.024254275
across_contexts_same_perturbation,null,0.070323735
across_contexts_same_perturbation,null,0.09035124
across_contexts_same_perturbation,null,0.03857114
across_contexts_same_perturbation,null,-0.0266276
across_contexts_same_perturbation,null,-0.040129874
across_contexts_same_perturbation,null,-0.010524513
across_contexts_same_perturbation,null,0.06697232
across_contexts_same_perturbation,null,0.06208713
across_contexts_same_perturbation,null,-0.013000125
across_contexts_same_perturbation,null,0.018755162
across_contexts_same_perturbation,null,0.0028809302
across_contexts_same_perturbation,null,-0.056070182
across_contexts_same_perturbation,null,-0.034173634
across_contexts_same_perturbation,null,0.03963902
across_contexts_same_perturbation,null,0.08566058
across_contexts_same_perturbation,null,-0.0077483826
across_contexts_same_perturbation,null,-0.004950458
across_contexts_same_perturbation,null,-0.019542998
across_contexts_same_perturbation,null,-0.0057250466
across_contexts_same_perturbation,null,0.036505483
across_contexts_same_perturbation,null,0.091181226
across_contexts_same_perturbation,null,-0.007345355
across_contexts_same_perturbation,null,-0.0412048
across_contexts_same_perturbation,null,0.006897478
across_contexts_same_perturbation,null,-0.012599559
across_contexts_same_perturbation,null,0.05518892
across_contexts_same_perturbation,null,-0.07326802
across_contexts_same_perturbation,null,-0.027990412
across_contexts_same_perturbation,null,0.0026433787
across_contexts_same_perturbation,null,-0.0238664
across_contexts_same_perturbation,null,-0.02296414
across_contexts_same_perturbation,null,0.04789882
across_contexts_same_perturbation,null,0.109289154
across_contexts_same_perturbation,null,-0.015242487
across_contexts_same_perturbation,null,-0.045330096
across_contexts_same_perturbation,null,-0.015752697
across_contexts_same_perturbation,null,0.010106092
across_contexts_same_perturbation,null,0.006325989
across_contexts_same_perturbation,null,-0.015444626
across_contexts_same_perturbation,null,0.06744552
across_contexts_same_perturbation,null,-0.025935289
across_contexts_same_perturbation,null,-0.0032682957
across_contexts_same_perturbation,null,0.08476026
across_contexts_same_perturbation,null,-0.04823942
across_contexts_same_perturbation,null,0.07161053
across_contexts_same_perturbation,null,-0.021126792
across_contexts_same_perturbation,null,0.052212916
across_contexts_same_perturbation,null,-0.06138522
across_contexts_same_perturbation,null,0.09062952
across_contexts_same_perturbation,null,0.107799254
across_contexts_same_perturbation,null,0.052482657
across_contexts_same_perturbation,null,-0.06078828
across_contexts_same_perturbation,null,-0.035430383
across_contexts_same_perturbation,null,0.035428718
across_contexts_same_perturbation,null,-0.004170985
across_contexts_same_perturbation,null,0.05486631
across_contexts_same_perturbation,null,-0.017076472
across_contexts_same_perturbation,null,-0.022533454
across_contexts_same_perturbation,null,-0.034216356
across_contexts_same_perturbation,null,-0.017211515
across_contexts_same_perturbation,null,-0.042686976
across_contexts_same_perturbation,null,-0.047648948
across_contexts_same_perturbation,null,-0.026732715
across_contexts_same_perturbation,null,-0.035489026
across_contexts_same_perturbation,null,0.048583195
across_contexts_same_perturbation,null,-0.017305631
across_contexts_same_perturbation,null,0.018515732
across_contexts_same_perturbation,null,0.08725752
across_contexts_same_perturbation,null,0.036666438
across_contexts_same_perturbation,null,0.050093476
across_contexts_same_perturbation,null,-0.08276756
across_contexts_same_perturbation,null,-0.022735095
across_contexts_same_perturbation,null,-0.042968977
across_contexts_same_perturbation,null,0.052053567
across_contexts_same_perturbation,null,0.014625712
across_contexts_same_perturbation,null,-0.014663383
across_contexts_same_perturbation,null,-0.038689576
across_contexts_same_perturbation,null,0.034512863
across_contexts_same_perturbation,null,-0.09354706
across_contexts_same_perturbation,null,0.025605204
across_contexts_same_perturbation,null,0.028019803
across_contexts_same_perturbation,null,0.025044857
across_contexts_same_perturbation,null,0.08568423
across_contexts_same_perturbation,null,-0.015340917
across_contexts_same_perturbation,null,0.00129035
across_contexts_same_perturbation,null,0.04166834
across_contexts_same_perturbation,null,-0.011168542
across_contexts_same_perturbation,null,0.016431648
across_contexts_same_perturbation,null,0.094077565
across_contexts_same_perturbation,null,0.016023444
across_contexts_same_perturbation,null,0.0011412528
across_contexts_same_perturbation,null,-0.002066361
across_contexts_same_perturbation,null,-0.035800815
across_contexts_same_perturbation,null,-0.001659891
across_contexts_same_perturbation,null,0.0869485
across_contexts_same_perturbation,null,-0.038704522
across_contexts_same_perturbation,null,-0.025106873
across_contexts_same_perturbation,null,-0.039713014
across_contexts_same_perturbation,null,-0.04554589
across_contexts_same_perturbation,null,0.0020001393
across_contexts_same_perturbation,null,-0.022107879
across_contexts_same_perturbation,null,0.0060103326
across_contexts_same_perturbation,null,0.018108215
across_contexts_same_perturbation,null,-0.0099892365
across_contexts_same_perturbation,null,0.05208752
across_contexts_same_perturbation,null,0.048010997
across_contexts_same_perturbation,null,0.01058895
across_contexts_same_perturbation,null,0.02438079
across_contexts_same_perturbation,null,-0.06334701
across_contexts_same_perturbation,null,0.047268234
across_contexts_same_perturbation,null,0.051355805
across_contexts_same_perturbation,null,0.014917087
across_contexts_same_perturbation,null,-0.03613981
across_contexts_same_perturbation,null,-0.034592014
across_contexts_same_perturbation,null,-0.014521814
across_contexts_same_perturbation,null,-0.043534193
across_contexts_same_perturbation,null,0.11060339
across_contexts_same_perturbation,null,-0.03751338
across_contexts_same_perturbation,null,-0.009839123
across_contexts_same_perturbation,null,0.033499826
across_contexts_same_perturbation,null,-0.066042535
across_contexts_same_perturbation,null,-0.020499429
across_contexts_same_perturbation,null,0.028550347
across_contexts_same_perturbation,null,0.025575679
across_contexts_same_perturbation,null,0.026455496
across_contexts_same_perturbation,null,-0.032980155
across_contexts_same_perturbation,null,0.06582563
across_contexts_same_perturbation,null,0.11235087
across_contexts_same_perturbation,null,0.0643575
across_contexts_same_perturbation,null,0.05329974
across_contexts_same_perturbation,null,0.041360043
across_contexts_same_perturbation,null,-0.03032337
across_contexts_same_perturbation,null,-0.05906247
across_contexts_same_perturbation,null,-0.011588509
across_contexts_same_perturbation,null,-0.037393287
across_contexts_same_perturbation,null,-0.0279311
across_contexts_same_perturbation,null,-0.04428054
across_contexts_same_perturbation,null,-0.04616173
across_contexts_same_perturbation,null,-0.03190352
across_contexts_same_perturbation,null,-0.007746051
across_contexts_same_perturbation,null,-0.007589435
across_contexts_same_perturbation,null,0.007337113
across_contexts_same_perturbation,null,0.0048016994
across_contexts_same_perturbation,null,0.048250798
across_contexts_same_perturbation,null,-0.011091071
across_contexts_same_perturbation,null,0.006310846
across_contexts_same_perturbation,null,-0.012486082
across_contexts_same_perturbation,null,-0.0118817305
across_contexts_same_perturbation,null,0.03043598
across_contexts_same_perturbation,null,0.008078355
across_contexts_same_perturbation,null,-0.008087211
across_contexts_same_perturbation,null,0.092108004
across_contexts_same_perturbation,null,0.023606742
across_contexts_same_perturbation,null,0.07475071
across_contexts_same_perturbation,null,0.03974592
across_contexts_same_perturbation,null,-0.017872619
across_contexts_same_perturbation,null,0.017166289
across_contexts_same_perturbation,null,0.038442966
across_contexts_same_perturbation,null,0.049889263
across_contexts_same_perturbation,null,0.03967754
across_contexts_same_perturbation,null,0.018916221
across_contexts_same_perturbation,null,-0.05023827
across_contexts_same_perturbation,null,-0.037427966
across_contexts_same_perturbation,null,-0.059637044
across_contexts_same_perturbation,null,-0.03239307
across_contexts_same_perturbation,null,-0.03129997
across_contexts_same_perturbation,null,0.0030693535
across_contexts_same_perturbation,null,0.008464386
across_contexts_same_perturbation,null,-0.04856049
across_contexts_same_perturbation,null,0.059681647
across_contexts_same_perturbation,null,-0.024002122
across_contexts_same_perturbation,null,-0.02054284
across_contexts_same_perturbation,null,0.037336353
across_contexts_same_perturbation,null,-0.035470642
across_contexts_same_perturbation,null,0.09649325
across_contexts_same_perturbation,null,0.033551726
across_contexts_same_perturbation,null,-0.06977775
across_contexts_same_perturbation,null,-0.010273355
across_contexts_same_perturbation,null,0.0036140508
across_contexts_same_perturbation,null,0.11800753
across_contexts_same_perturbation,null,0.031968452
across_contexts_same_perturbation,null,-0.007292231
across_contexts_same_perturbation,null,-0.018742753
across_contexts_same_perturbation,null,0.082650304
across_contexts_same_perturbation,null,-0.055712484
across_contexts_same_perturbation,null,-0.014983758
across_contexts_same_perturbation,null,-0.031847905
across_contexts_same_perturbation,null,-0.06394371
across_contexts_same_perturbation,null,0.028936576
across_contexts_same_perturbation,null,-0.037590437
across_contexts_same_perturbation,null,0.0033174916
across_contexts_same_perturbation,null,-0.027440023
across_contexts_same_perturbation,null,-0.03343736
across_contexts_same_perturbation,null,-0.038742427
across_contexts_same_perturbation,null,0.0071070376
across_contexts_same_perturbation,null,0.06925249
across_contexts_same_perturbation,null,-0.0035881295
across_contexts_same_perturbation,null,0.045360923
across_contexts_same_perturbation,null,-0.022542486
across_contexts_same_perturbation,null,-0.029195312
across_contexts_same_perturbation,null,0.015261006
across_contexts_same_perturbation,null,0.10891138
across_contexts_same_perturbation,null,-0.0030085945
across_contexts_same_perturbation,null,0.03872305
across_contexts_same_perturbation,null,0.13828693
across_contexts_same_perturbation,null,0.022537341
across_contexts_same_perturbation,null,0.056002446
across_contexts_same_perturbation,null,-0.0307266
across_contexts_same_perturbation,null,-0.032936607
across_contexts_same_perturbation,null,0.041406963
across_contexts_same_perturbation,null,-0.001682524
across_contexts_same_perturbation,null,-0.04321648
across_contexts_same_perturbation,null,-0.01934672
across_contexts_same_perturbation,null,-0.00824336
across_contexts_same_perturbation,null,-0.016690826
across_contexts_same_perturbation,null,0.008968996
across_contexts_same_perturbation,null,0.048920836
across_contexts_same_perturbation,null,0.036907203
across_contexts_same_perturbation,null,-0.03296656
across_contexts_same_perturbation,null,0.038593046
across_contexts_same_perturbation,null,-0.009376512
across_contexts_same_perturbation,null,0.06270528
across_contexts_same_perturbation,null,0.0061780047
across_contexts_same_perturbation,null,0.11904137
across_contexts_same_perturbation,null,0.0001286845
across_contexts_same_perturbation,null,0.0046933726
across_contexts_same_perturbation,null,0.07643371
across_contexts_same_perturbation,null,0.0053123077
across_contexts_same_perturbation,null,-0.04020833
across_contexts_same_perturbation,null,-0.04253551
across_contexts_same_perturbation,null,-0.04647174
across_contexts_same_perturbation,null,-0.026212543
across_contexts_same_perturbation,null,-0.10906518
across_contexts_same_perturbation,null,-0.010836825
across_contexts_same_perturbation,null,-0.03636963
across_contexts_same_perturbation,null,-0.048955567
across_contexts_same_perturbation,null,-0.043904968
across_contexts_same_perturbation,null,-0.061103057
across_contexts_same_perturbation,null,0.0019258898
across_contexts_same_perturbation,null,-0.0036976105
across_contexts_same_perturbation,null,-0.042440716
across_contexts_same_perturbation,null,-0.0019914585
across_contexts_same_perturbation,null,0.11342236
across_contexts_same_perturbation,null,0.0570268
across_contexts_same_perturbation,null,-0.0049523287
across_contexts_same_perturbation,null,-0.009191957
across_contexts_same_perturbation,null,0.056850266
across_contexts_same_perturbation,null,0.0035924339
across_contexts_same_perturbation,null,0.066949345
across_contexts_same_perturbation,null,-0.03757238
across_contexts_same_perturbation,null,-0.032371655
across_contexts_same_perturbation,null,-0.046071596
across_contexts_same_perturbation,null,-0.045416627
across_contexts_same_perturbation,null,0.121864855
across_contexts_same_perturbation,null,-0.04464685
across_contexts_same_perturbation,null,-0.010027655
across_contexts_same_perturbation,null,0.07222519
across_contexts_same_perturbation,null,-0.042333823
across_contexts_same_perturbation,null,-0.033705894
across_contexts_same_perturbation,null,-0.06877014
across_contexts_same_perturbation,null,-0.025167985
across_contexts_same_perturbation,null,0.054966487
across_contexts_same_perturbation,null,-0.025984742
across_contexts_same_perturbation,null,-0.0009877674
across_contexts_same_perturbation,null,-0.030006405
across_contexts_same_perturbation,null,-0.030621968
across_contexts_same_perturbation,null,0.00030729925
across_contexts_same_perturbation,null,-0.027798697
across_contexts_same_perturbation,null,-0.015661573
across_contexts_same_perturbation,null,0.008906617
across_contexts_same_perturbation,null,0.0139118815
across_contexts_same_perturbation,null,-4.206997e-06
across_contexts_same_perturbation,null,0.0057268334
across_contexts_same_perturbation,null,-0.4299995
across_contexts_same_perturbation,null,0.028200252
across_contexts_same_perturbation,null,-0.022536585
across_contexts_same_perturbation,null,0.05668667
across_contexts_same_perturbation,null,0.026862914
across_contexts_same_perturbation,null,0.00090685027
across_contexts_same_perturbation,null,-0.05688068
across_contexts_same_perturbation,null,0.047740128
across_contexts_same_perturbation,null,0.073698975
across_contexts_same_perturbation,null,0.008712295
across_contexts_same_perturbation,null,-0.045896303
across_contexts_same_perturbation,null,0.027875116
across_contexts_same_perturbation,null,0.0125549855
across_contexts_same_perturbation,null,-0.028972158
across_contexts_same_perturbation,null,-0.018793192
across_contexts_same_perturbation,null,-0.0008444394
across_contexts_same_perturbation,null,-0.031644657
across_contexts_same_perturbation,null,0.050160054
across_contexts_same_perturbation,null,-0.029664587
across_contexts_same_perturbation,null,0.05699335
across_contexts_same_perturbation,null,0.0014565
across_contexts_same_perturbation,null,-0.004195328
across_contexts_same_perturbation,null,0.0055681053
across_contexts_same_perturbation,null,-0.058861308
across_contexts_same_perturbation,null,0.059841655
across_contexts_same_perturbation,null,-0.011643795
across_contexts_same_perturbation,null,0.045083202
across_contexts_same_perturbation,null,0.029180642
across_contexts_same_perturbation,null,-0.015381534
across_contexts_same_perturbation,null,-0.037860222
across_contexts_same_perturbation,null,-0.032632165
across_contexts_same_perturbation,null,0.0005793483
across_contexts_same_perturbation,null,0.023223452
across_contexts_same_perturbation,null,-0.024106452
across_contexts_same_perturbation,null,-0.01481979
across_contexts_same_perturbation,null,-0.047312398
across_contexts_same_perturbation,null,-0.0019620769
across_contexts_same_perturbation,null,-0.01978073
across_contexts_same_perturbation,null,0.04567186
across_contexts_same_perturbation,null,-0.009749035
across_contexts_same_perturbation,null,-0.008263666
across_contexts_same_perturbation,null,0.020142417
across_contexts_same_perturbation,null,-0.026063347
across_contexts_same_perturbation,null,-0.0029803955
across_contexts_same_perturbation,null,0.071240254
across_contexts_same_perturbation,null,-0.042106256
across_contexts_same_perturbation,null,-0.0084867645
across_contexts_same_perturbation,null,-0.033829834
across_contexts_same_perturbation,null,0.016909419
across_contexts_same_perturbation,null,0.09899763
across_contexts_same_perturbation,null,-0.03307629
across_contexts_same_perturbation,null,-0.03849178
across_contexts_same_perturbation,null,-0.033317327
across_contexts_same_perturbation,null,0.020447766
across_contexts_same_perturbation,null,-0.03731899
across_contexts_same_perturbation,null,0.12275495
across_contexts_same_perturbation,null,0.0769925
across_contexts_same_perturbation,null,0.0052356953
across_contexts_same_perturbation,null,-0.035460457
across_contexts_same_perturbation,null,-0.022749187
across_contexts_same_perturbation,null,-0.026684042
across_contexts_same_perturbation,null,-0.039196536
across_contexts_same_perturbation,null,0.012032438
across_contexts_same_perturbation,null,0.008614483
across_contexts_same_perturbation,null,-0.059862517
across_contexts_same_perturbation,null,0.02075527
across_contexts_same_perturbation,null,0.102000736
across_contexts_same_perturbation,null,0.046844546
across_contexts_same_perturbation,null,-0.06305905
across_contexts_same_perturbation,null,-0.02869132
across_contexts_same_perturbation,null,-0.030509522
across_contexts_same_perturbation,null,-0.031955414
across_contexts_same_perturbation,null,0.099484846
across_contexts_same_perturbation,null,-0.01423354
across_contexts_same_perturbation,null,-0.054783754
across_contexts_same_perturbation,null,-0.018907122
across_contexts_same_perturbation,null,0.016512392
across_contexts_same_perturbation,null,-0.07442492
across_contexts_same_perturbation,null,0.06674232
across_contexts_same_perturbation,null,-0.0043525444
across_contexts_same_perturbation,null,8.712377e-05
across_contexts_same_perturbation,null,-0.022851648
across_contexts_same_perturbation,null,-0.033824544
across_contexts_same_perturbation,null,0.08725923
across_contexts_same_perturbation,null,0.031131752
across_contexts_same_perturbation,null,-0.037695643
across_contexts_same_perturbation,null,0.048417155
across_contexts_same_perturbation,null,0.033570085
across_contexts_same_perturbation,null,0.05829737
across_contexts_same_perturbation,null,0.07119002
across_contexts_same_perturbation,null,-0.026935387
across_contexts_same_perturbation,null,-0.052129786
across_contexts_same_perturbation,null,0.006647891
across_contexts_same_perturbation,null,-0.0603632
across_contexts_same_perturbation,null,-0.044728618
across_contexts_same_perturbation,null,0.054024305
across_contexts_same_perturbation,null,0.065828376
across_contexts_same_perturbation,null,-0.026751032
across_contexts_same_perturbation,null,-0.003078482
across_contexts_same_perturbation,null,-0.032657687
across_contexts_same_perturbation,null,-0.021609342
across_contexts_same_perturbation,null,0.0044735004
across_contexts_same_perturbation,null,0.0010848757
across_contexts_same_perturbation,null,-0.010307889
across_contexts_same_perturbation,null,0.029069459
across_contexts_same_perturbation,null,0.009329709
across_contexts_same_perturbation,null,-0.044176683
across_contexts_same_perturbation,null,0.082979605
across_contexts_same_perturbation,null,0.01776792
across_contexts_same_perturbation,null,-0.1041536
across_contexts_same_perturbation,null,0.0014924102
across_contexts_same_perturbation,null,0.045305654
across_contexts_same_perturbation,null,-0.016587725
across_contexts_same_perturbation,null,-0.0031946595
across_contexts_same_perturbation,null,-0.027714325
across_contexts_same_perturbation,null,-0.042195596
across_contexts_same_perturbation,null,-0.087190636
across_contexts_same_perturbation,null,0.061033744
across_contexts_same_perturbation,null,-0.021265307
across_contexts_same_perturbation,null,0.006473441
across_contexts_same_perturbation,null,0.0027796577
across_contexts_same_perturbation,null,-0.055898096
across_contexts_same_perturbation,null,0.061987933
across_contexts_same_perturbation,null,0.047880832
across_contexts_same_perturbation,null,0.017655633
across_contexts_same_perturbation,null,0.004963511
across_contexts_same_perturbation,null,0.009133665
across_contexts_same_perturbation,null,-0.047673598
across_contexts_same_perturbation,null,-0.019522715
across_contexts_same_perturbation,null,0.05427995
across_contexts_same_perturbation,null,0.014764206
across_contexts_same_perturbation,null,0.011026947
across_contexts_same_perturbation,null,-0.106308885
across_contexts_same_perturbation,null,0.013784505
across_contexts_same_perturbation,null,0.09195395
across_contexts_same_perturbation,null,0.035971936
across_contexts_same_perturbation,null,-0.04300716
across_contexts_same_perturbation,null,-0.049211804
across_contexts_same_perturbation,null,-0.06657921
across_contexts_same_perturbation,null,-0.02547225
across_contexts_same_perturbation,null,0.025452962
across_contexts_same_perturbation,null,-0.02722783
across_contexts_same_perturbation,null,-0.0012879457
across_contexts_same_perturbation,null,0.0047466424
across_contexts_same_perturbation,null,-0.0013677276
across_contexts_same_perturbation,null,-0.03955722
across_contexts_same_perturbation,null,0.0071395324
across_contexts_same_perturbation,null,-0.028347291
across_contexts_same_perturbation,null,-0.014966624
across_contexts_same_perturbation,null,0.020027703
across_contexts_same_perturbation,null,-0.022241635
across_contexts_same_perturbation,null,-0.06748349
across_contexts_same_perturbation,null,-0.017996533
across_contexts_same_perturbation,null,0.025230052
across_contexts_same_perturbation,null,-0.02312727
across_contexts_same_perturbation,null,-0.001093434
