sample,plate,mean_gene_count,mean_tscp_count,mean_mread_count,mean_pcnt_mito,drug,drugname_drugconc
smp_1495,plate1,1354.1697678060448,2027.1159403784006,2444.032416041456,0.033955593,Infigratinib,"[('Infigratinib', 0.05, 'uM')]"
smp_1496,plate1,1404.4541568965005,2226.2827906562584,2690.6859695467633,0.07172286,Erdafitinib ,"[('Erdafitinib ', 0.05, 'uM')]"
smp_1497,plate1,1205.267794458878,1859.3758205580787,2246.200126926204,0.084852844,Everolimus,"[('Everolimus', 0.05, 'uM')]"
smp_1498,plate1,1225.5108215254463,1906.4945655266602,2298.90762343747,0.0882623,Pemigatinib,"[('Pemigatinib', 0.05, 'uM')]"
smp_1499,plate1,1231.3728813559321,1861.3050847457628,2245.3728813559323,0.05080187,Abemaciclib,"[('Abemaciclib', 0.05, 'uM')]"
smp_1500,plate1,1418.4781164695178,2277.2685471640884,2752.3942220200183,0.086404316,Capivasertib,"[('Capivasertib', 0.05, 'uM')]"
smp_1501,plate1,1600.7972136021917,2587.0065180414713,3127.6773179947286,0.047632642,Gemcitabine,"[('Gemcitabine', 0.05, 'uM')]"
smp_1502,plate1,1782.4600452679633,3102.050638738635,3754.0376977276505,0.08800996,Irinotecan,"[('Irinotecan', 0.05, 'uM')]"
smp_1503,plate1,1478.1256385762347,2400.0615386745303,2899.158574573244,0.08067314,Oxaliplatin,"[('Oxaliplatin', 0.05, 'uM')]"
smp_1504,plate1,1268.831338648098,1935.1842100057368,2336.830626496014,0.056497857,Alpelisib,"[('Alpelisib', 0.05, 'uM')]"
smp_1505,plate1,1421.7392386333065,2288.3764124293784,2764.282334543987,0.08167361,Lapatinib ditosylate,"[('Lapatinib ditosylate', 0.05, 'uM')]"
smp_1506,plate1,1366.0011928339936,2138.8931850918257,2580.1641159524665,0.071180314,palbociclib,"[('palbociclib', 0.05, 'uM')]"
smp_1507,plate1,1423.6599323943663,2237.519785915493,2690.94036056338,0.067701764,Lonafarnib,"[('Lonafarnib', 0.05, 'uM')]"
smp_1508,plate1,1653.8504421027133,2776.2746184593025,3348.656870760659,0.07629,Volasertib,"[('Volasertib', 0.05, 'uM')]"
smp_1509,plate1,1332.8035714285713,2048.4285714285716,2464.5,0.050184403,c-Kit-IN-1,"[('c-Kit-IN-1', 0.05, 'uM')]"
smp_1510,plate1,1391.6599510346998,2228.750550517692,2697.1218798298523,0.087272085,venetoclax,"[('venetoclax', 0.05, 'uM')]"
smp_1511,plate1,1385.099362306786,2235.4900533721493,2700.650689679074,0.091729805,Capmatinib,"[('Capmatinib', 0.05, 'uM')]"
smp_1512,plate1,1349.5256759962049,2111.6812292457307,2547.5703421489566,0.057973642,MK-8353,"[('MK-8353', 0.05, 'uM')]"
smp_1513,plate1,1611.2144198427602,2664.8225583458866,3227.620313241576,0.06829527,Regorafenib,"[('Regorafenib', 0.05, 'uM')]"
smp_1514,plate1,1369.3404957080952,2208.498357759929,2663.5505644337723,0.081739776,Tucatinib,"[('Tucatinib', 0.05, 'uM')]"
smp_1515,plate1,1749.8215683816052,2978.219779607417,3594.622058762068,0.070943795,Vemurafenib,"[('Vemurafenib', 0.05, 'uM')]"
smp_1516,plate1,1372.3727909398224,2154.719679356431,2600.232951546877,0.059517466,BI-3406,"[('BI-3406', 0.05, 'uM')]"
smp_1517,plate1,1453.6930795109931,2336.031155231236,2826.190876137225,0.06807586,AZD-8055,"[('AZD-8055', 0.05, 'uM')]"
smp_1518,plate1,1221.4696285889893,1799.902590218632,2173.913126701203,0.050080027,Binimetinib,"[('Binimetinib', 0.05, 'uM')]"
smp_1519,plate1,1697.7978041937629,2862.763423771143,3456.8487585748344,0.065297775,Temuterkib,"[('Temuterkib', 0.05, 'uM')]"
smp_1520,plate1,1519.24317105966,2532.930762004752,3054.8797406568306,0.07788985,ML264,"[('ML264', 0.05, 'uM')]"
smp_1521,plate1,1469.3367571970675,2349.435181689945,2834.553036775078,0.056436483,BI-78D3,"[('BI-78D3', 0.05, 'uM')]"
smp_1522,plate1,1309.739983833824,2104.10129786942,2537.20639326511,0.09184722,Tomivosertib,"[('Tomivosertib', 0.05, 'uM')]"
smp_1523,plate1,1275.7655218855218,1960.8576879910213,2335.9605237560795,0.06802915,Brivudine,"[('Brivudine', 0.05, 'uM')]"
smp_1524,plate1,1346.2323801180569,2131.0712304194562,2572.492668377031,0.085798524,Bentamapimod,"[('Bentamapimod', 0.05, 'uM')]"
smp_1525,plate1,1480.9038415759092,2413.1464470630244,2920.147890257692,0.07177812,Dabrafenib,"[('Dabrafenib', 0.05, 'uM')]"
smp_1526,plate1,1274.3192687201401,2006.6716923150793,2417.9914892084603,0.08274185,Encorafenib,"[('Encorafenib', 0.05, 'uM')]"
smp_1527,plate1,1734.5549047330505,2986.790614690635,3603.5928095334275,0.06985133,Paclitaxel,"[('Paclitaxel', 0.05, 'uM')]"
smp_1528,plate1,1590.201922727438,2708.0240976992695,3278.489441354996,0.08149218,RMC-6236,"[('RMC-6236', 0.05, 'uM')]"
smp_1529,plate1,1440.1755311166849,2427.752459965271,2934.933221857783,0.10589357,Trametinib,"[('Trametinib', 0.05, 'uM')]"
smp_1530,plate1,1553.413412024736,2582.440005643208,3117.667709092619,0.08602698,Afatinib,"[('Afatinib', 0.05, 'uM')]"
smp_1531,plate1,1756.5249148049982,3005.623274012369,3626.252177205604,0.06265128,NVP-BHG712,"[('NVP-BHG712', 0.05, 'uM')]"
smp_1532,plate1,1620.5483870967741,2666.516129032258,3213.2903225806454,0.06076979,Ralimetinib dimesylate,"[('Ralimetinib dimesylate', 0.05, 'uM')]"
smp_1533,plate1,1799.778350515464,3067.5746074544013,3714.448897700238,0.06239011,ERK5-IN-2,"[('ERK5-IN-2', 0.05, 'uM')]"
smp_1534,plate1,1476.7627899998636,2425.6044135899288,2930.523193169574,0.07784715,PH-797804,"[('PH-797804', 0.05, 'uM')]"
smp_1535,plate1,1803.4438689336787,3133.1620538227676,3783.4398378560973,0.07143774,TAK-901,"[('TAK-901', 0.05, 'uM')]"
smp_1536,plate1,1264.965822016539,1962.4112738032015,2371.525718837721,0.08840826,Ipatasertib,"[('Ipatasertib', 0.05, 'uM')]"
smp_1537,plate1,1555.212437026956,2562.4451686841917,3096.348996012702,0.05829475,Sapanisertib,"[('Sapanisertib', 0.05, 'uM')]"
smp_1538,plate1,1513.02279228691,2511.3152116332044,3039.538048948456,0.08169483,BAY1125976,"[('BAY1125976', 0.05, 'uM')]"
smp_1539,plate1,1488.540955504211,2492.3348239795287,3006.56424685101,0.08500972,9-ING-41,"[('9-ING-41', 0.05, 'uM')]"
smp_1540,plate1,1419.2606838953673,2352.4990230066182,2837.3667822250236,0.09499188,XRK3F2,"[('XRK3F2', 0.05, 'uM')]"
smp_1541,plate1,1570.361660715536,2627.047693061682,3173.2632640201637,0.078543164,Bimiralisib,"[('Bimiralisib', 0.05, 'uM')]"
smp_1542,plate1,1367.3340500975464,2166.731099497316,2614.548965438674,0.070710525,GSK1059615,"[('GSK1059615', 0.05, 'uM')]"
smp_1543,plate1,1465.8475002070509,2314.8950942771166,2798.8079535102006,0.056343805,AZD2858,"[('AZD2858', 0.05, 'uM')]"
smp_1544,plate1,1534.061403508772,2573.9824561403507,3118.035087719298,0.086899325,PF-06260933,"[('PF-06260933', 0.05, 'uM')]"
smp_1545,plate1,1568.493058574223,2637.91929743534,3190.7534095848728,0.10734571,SBI-0640756,"[('SBI-0640756', 0.05, 'uM')]"
smp_1546,plate1,1154.3444553004397,1718.1299788308093,2077.7661944308743,0.07078494,LJI308,"[('LJI308', 0.05, 'uM')]"
smp_1547,plate1,1305.6680742879303,2054.1200715301416,2483.272547076313,0.07537491,LY-2584702 (tosylate salt),"[('LY-2584702 (tosylate salt)', 0.05, 'uM')]"
smp_1548,plate1,1041.3399503722085,1511.1612903225807,1829.7841191066998,0.07042248,Sonidegib,"[('Sonidegib', 0.05, 'uM')]"
smp_1549,plate1,1520.6348498062998,2507.9280571162,3025.923290671967,0.06831447,EX229,"[('EX229', 0.05, 'uM')]"
smp_1550,plate1,1609.5600291594235,2698.7481261331986,3261.1727695844784,0.065423764,MK-3903,"[('MK-3903', 0.05, 'uM')]"
smp_1551,plate1,1692.138183288608,2879.6175238025216,3487.3825680991067,0.08547817,Everolimus,"[('Everolimus', 0.05, 'uM')]"
smp_1552,plate1,1214.0057505839054,1858.6219123787953,2234.2748425224713,0.051342234,ULK-101,"[('ULK-101', 0.05, 'uM')]"
smp_1553,plate1,1334.5786187956326,2129.8320852032957,2568.305325205975,0.08218106,IQ 1,"[('IQ 1', 0.05, 'uM')]"
smp_1554,plate1,1431.8633430991147,2288.7358596289005,2761.853353185086,0.07005918,CP21R7,"[('CP21R7', 0.05, 'uM')]"
smp_1555,plate1,1552.2273975265448,2628.962849576014,3170.3032533955343,0.06551864,Bortezomib,"[('Bortezomib', 0.05, 'uM')]"
smp_1556,plate1,1709.6397205588823,3006.1437125748503,3634.3423153692615,0.07049953,Hydroxyfasudil,"[('Hydroxyfasudil', 0.05, 'uM')]"
smp_1557,plate1,1610.5112551579725,2720.2077354191047,3283.9251401120896,0.075796634,Belumosudil (mesylate),"[('Belumosudil (mesylate)', 0.05, 'uM')]"
smp_1558,plate1,1421.1862682771773,2389.6274634456454,2887.739351557533,0.09786956,Belzutifan,"[('Belzutifan', 0.05, 'uM')]"
smp_1559,plate1,1221.4312928277752,1949.023602862799,2353.77024516522,0.1101635,Futibatinib,"[('Futibatinib', 0.05, 'uM')]"
smp_1560,plate1,1622.050744558992,2622.778497790869,3170.0441335297005,0.05703766,Pralsetinib,"[('Pralsetinib', 0.05, 'uM')]"
smp_1561,plate1,1656.7943421520615,2776.653142184892,3358.461232250828,0.064339265,TAK-733,"[('TAK-733', 0.05, 'uM')]"
smp_1562,plate1,1586.5439956941232,2643.607248225819,3194.20289450602,0.0757181,Elimusertib hydrochloride,"[('Elimusertib hydrochloride', 0.05, 'uM')]"
smp_1563,plate1,1674.2889870435806,2882.485968786808,3483.6015017667846,0.079850405,AZD1390,"[('AZD1390', 0.05, 'uM')]"
smp_1564,plate1,1601.5823800957198,2657.9212009096773,3206.4858966090765,0.06283652,Tubulin inhibitor 6,"[('Tubulin inhibitor 6', 0.05, 'uM')]"
smp_1565,plate1,1649.077803449573,2822.962638582917,3403.0236956638546,0.07451748,Torkinib,"[('Torkinib', 0.05, 'uM')]"
smp_1566,plate1,1549.2416467885855,2578.9343404894425,3113.124569308243,0.071992084,4EGI-1,"[('4EGI-1', 0.05, 'uM')]"
smp_1567,plate1,1374.4599292160024,2155.4648210943724,2598.9256397428057,0.06078028,Pimitespib,"[('Pimitespib', 0.05, 'uM')]"
smp_1568,plate1,811.3518518518518,1170.537037037037,1412.4074074074074,0.10971312,olaparib,"[('olaparib', 0.05, 'uM')]"
smp_1569,plate1,1415.1890892404037,2207.875344166712,2666.512578955893,0.06013133,Ixazomib,"[('Ixazomib', 0.05, 'uM')]"
smp_1570,plate1,1309.904761904762,2053.6428571428573,2477.440476190476,0.06483086,DTP3,"[('DTP3', 0.05, 'uM')]"
smp_1571,plate1,1163.6592362760223,1802.972699381186,2181.6179993413184,0.10297153,OTS514,"[('OTS514', 0.05, 'uM')]"
smp_1572,plate1,1385.2229348731762,2199.791908074486,2657.014184122309,0.06894065,NG25,"[('NG25', 0.05, 'uM')]"
smp_1573,plate1,1583.981575351523,2630.469960770485,3173.149380702605,0.06659482,DT-061,"[('DT-061', 0.05, 'uM')]"
smp_1574,plate1,1845.317761738621,3282.1289317388873,3971.763895917117,0.08468831,AZD-7648,"[('AZD-7648', 0.05, 'uM')]"
smp_1575,plate1,1555.581387333046,2537.610663507109,3063.9231258078416,0.07212827,Gemcitabine,"[('Gemcitabine', 0.05, 'uM')]"
smp_1576,plate1,1576.4827586206898,2722.7413793103447,3304.7241379310344,0.0625967,Methylprednisolone succinate,"[('Methylprednisolone succinate', 0.05, 'uM')]"
smp_1577,plate1,1681.1917309585403,2884.4078203337835,3484.754012041849,0.070478216,Celecoxib,"[('Celecoxib', 0.05, 'uM')]"
smp_1578,plate1,1567.3939810435,2624.77280759688,3173.064723417168,0.07221446,vincristine,"[('vincristine', 0.05, 'uM')]"
smp_1579,plate1,1784.9820337099463,3113.184108168179,3761.5120577884795,0.08316682,HI-TOPK-032,"[('HI-TOPK-032', 0.05, 'uM')]"
smp_1580,plate1,1766.2609758420367,3078.0932668804166,3720.5501253928446,0.07720754,APTO-253,"[('APTO-253', 0.05, 'uM')]"
smp_1581,plate1,1646.2045840879043,2745.3022320486184,3308.492761674092,0.068982065,LB-100,"[('LB-100', 0.05, 'uM')]"
smp_1582,plate1,1416.7276534043324,2217.7441156985537,2687.6360920488496,0.050251637,AT7519,"[('AT7519', 0.05, 'uM')]"
smp_1583,plate1,1499.1176499087546,2485.698761324914,3001.066746338076,0.080870844,ETC-206,"[('ETC-206', 0.05, 'uM')]"
smp_1584,plate1,1719.3836787894202,2960.438104018311,3577.804615971516,0.067055285,LY2090314,"[('LY2090314', 0.05, 'uM')]"
smp_1585,plate1,1749.7901167265263,2912.434164956388,3521.7616886865057,0.052150656,Oleic acid,"[('Oleic acid', 0.05, 'uM')]"
smp_1586,plate1,1890.7821575585522,3390.140539389638,4106.419290276792,0.083155245,Minodronic acid,"[('Minodronic acid', 0.05, 'uM')]"
smp_1587,plate1,1818.4624488846039,3182.463280029256,3835.7332468942896,0.0741734,Anastrozole,"[('Anastrozole', 0.05, 'uM')]"
smp_1588,plate1,1525.1617845426235,2543.868424120302,3077.8112874485837,0.08260675,Adagrasib,"[('Adagrasib', 0.05, 'uM')]"
smp_1589,plate1,1460.6377204256255,2401.468361758542,2892.7615871802886,0.0828036,DMSO_TF,"[('DMSO_TF', 0.0, 'uM')]"
smp_1590,plate1,1470.951900749685,2391.5806298237467,2885.897609411973,0.071403526,DMSO_TF,"[('DMSO_TF', 0.0, 'uM')]"
smp_1591,plate2,1606.2400446665154,2602.8419827390417,3104.6651809372397,0.026340554,Infigratinib,"[('Infigratinib', 0.5, 'uM')]"
smp_1592,plate2,1691.448717948718,2895.3547008547007,3458.290598290598,0.042421747,Erdafitinib ,"[('Erdafitinib ', 0.5, 'uM')]"
smp_1593,plate2,1532.0099626300698,2537.6983022454174,3028.4350053155504,0.06496265,Everolimus,"[('Everolimus', 0.5, 'uM')]"
smp_1594,plate2,1699.76243339254,2969.076376554174,3543.7304618117228,0.062050965,Pemigatinib,"[('Pemigatinib', 0.5, 'uM')]"
smp_1595,plate2,1760.58032649734,3009.6965419598423,3595.159290801442,0.049935892,Abemaciclib,"[('Abemaciclib', 0.5, 'uM')]"
smp_1596,plate2,1767.5040935570971,3082.714197654127,3681.1645757546817,0.074832365,Capivasertib,"[('Capivasertib', 0.5, 'uM')]"
smp_1597,plate2,1800.5879235714215,3156.1874065196075,3770.180869082877,0.048945647,Gemcitabine,"[('Gemcitabine', 0.5, 'uM')]"
smp_1598,plate2,2196.279615175616,4209.156819641357,5033.407881736896,0.067788355,Irinotecan,"[('Irinotecan', 0.5, 'uM')]"
smp_1599,plate2,1972.773174674141,3528.2368813839116,4211.31275578636,0.06686019,Oxaliplatin,"[('Oxaliplatin', 0.5, 'uM')]"
smp_1600,plate2,1695.9905532631758,2934.576720084445,3501.8614443058354,0.060174786,Alpelisib,"[('Alpelisib', 0.5, 'uM')]"
smp_1601,plate2,1977.1578276795667,3696.7164216857313,4413.554481324302,0.07569485,Lapatinib ditosylate,"[('Lapatinib ditosylate', 0.5, 'uM')]"
smp_1602,plate2,1926.7268027181206,3528.193747886694,4211.783346603986,0.06828691,palbociclib,"[('palbociclib', 0.5, 'uM')]"
smp_1603,plate2,1764.9095773062502,3144.880647306908,3743.119330765351,0.07551021,Lonafarnib,"[('Lonafarnib', 0.5, 'uM')]"
smp_1604,plate2,2039.0140418502203,3811.8168454319098,4545.188852710209,0.06255532,Volasertib,"[('Volasertib', 0.5, 'uM')]"
smp_1605,plate2,2043.0837816831033,3740.748362219508,4457.718210907769,0.054502953,c-Kit-IN-1,"[('c-Kit-IN-1', 0.5, 'uM')]"
smp_1606,plate2,1720.7663730144625,2948.573095703538,3523.1720192608764,0.045237668,venetoclax,"[('venetoclax', 0.5, 'uM')]"
smp_1607,plate2,1630.7783011951024,2798.2856972651953,3339.7516038565877,0.08061097,Capmatinib,"[('Capmatinib', 0.5, 'uM')]"
smp_1608,plate2,1765.618650274073,3091.7842591154213,3688.085406449036,0.043131012,MK-8353,"[('MK-8353', 0.5, 'uM')]"
smp_1609,plate2,1716.1872322753804,2884.2361206173914,3449.083995354954,0.05456989,Regorafenib,"[('Regorafenib', 0.5, 'uM')]"
smp_1610,plate2,1704.6289917291474,3008.019644546629,3587.8239010346197,0.07601591,Tucatinib,"[('Tucatinib', 0.5, 'uM')]"
smp_1611,plate2,1833.6106235590642,3220.908715209295,3842.6272940771833,0.059794147,Vemurafenib,"[('Vemurafenib', 0.5, 'uM')]"
smp_1612,plate2,1504.242588084761,2466.8682317510843,2939.900610117654,0.04095698,BI-3406,"[('BI-3406', 0.5, 'uM')]"
smp_1613,plate2,1616.622842859203,2766.7302600586454,3306.509041965101,0.06296346,AZD-8055,"[('AZD-8055', 0.5, 'uM')]"
smp_1614,plate2,1305.8410762474205,2021.8940816974443,2413.493319752368,0.050337974,Binimetinib,"[('Binimetinib', 0.5, 'uM')]"
smp_1615,plate2,1250.68123220888,1889.336010862808,2253.3584399437227,0.04444836,Temuterkib,"[('Temuterkib', 0.5, 'uM')]"
smp_1616,plate2,1316.8179752842132,2055.248018981138,2448.003774241716,0.05964287,ML264,"[('ML264', 0.5, 'uM')]"
smp_1617,plate2,1240.0383266959393,1867.3707750433985,2226.745107049253,0.038927928,BI-78D3,"[('BI-78D3', 0.5, 'uM')]"
smp_1618,plate2,1296.1576973222345,2035.7789489519607,2426.022776050547,0.06410887,Tomivosertib,"[('Tomivosertib', 0.5, 'uM')]"
smp_1619,plate2,1168.8615729641945,1712.0504435630876,2021.9007810687494,0.0490608,Brivudine,"[('Brivudine', 0.5, 'uM')]"
smp_1620,plate2,1271.3214466180611,1981.6140908106547,2361.511549844799,0.061357494,Bentamapimod,"[('Bentamapimod', 0.5, 'uM')]"
smp_1621,plate2,1523.7918195133095,2518.667163838164,3008.833810349229,0.059652954,Dabrafenib,"[('Dabrafenib', 0.5, 'uM')]"
smp_1622,plate2,1186.085,1805.255,2155.99,0.07121903,Encorafenib,"[('Encorafenib', 0.5, 'uM')]"
smp_1623,plate2,1646.2296108414616,2812.5887574946714,3351.9377983759055,0.06157253,Paclitaxel,"[('Paclitaxel', 0.5, 'uM')]"
smp_1624,plate2,1567.5525328189947,2690.1332197003676,3216.4272749020665,0.07693108,RMC-6236,"[('RMC-6236', 0.5, 'uM')]"
smp_1625,plate2,1185.4665518611737,1894.6901311431977,2260.619181348523,0.096936315,Trametinib,"[('Trametinib', 0.5, 'uM')]"
smp_1626,plate2,1795.492745445752,3153.052337578591,3762.936788650653,0.07881482,Afatinib,"[('Afatinib', 0.5, 'uM')]"
smp_1627,plate2,1165.2060665730985,1749.462743783648,2083.682887487693,0.05032389,NVP-BHG712,"[('NVP-BHG712', 0.5, 'uM')]"
smp_1628,plate2,1094.5061045197133,1610.566288408949,1916.71449796516,0.04305189,Ralimetinib dimesylate,"[('Ralimetinib dimesylate', 0.5, 'uM')]"
smp_1629,plate2,1414.1808846528372,2214.0660981439405,2646.556994895099,0.04049233,ERK5-IN-2,"[('ERK5-IN-2', 0.5, 'uM')]"
smp_1630,plate2,942.7635205861828,1310.6330425680392,1562.4137299371946,0.043845817,PH-797804,"[('PH-797804', 0.5, 'uM')]"
smp_1631,plate2,1269.5446271874844,1940.969939327082,2311.740435240435,0.043278735,TAK-901,"[('TAK-901', 0.5, 'uM')]"
smp_1632,plate2,884.714037293107,1195.7833019065577,1426.0814372512048,0.04699008,Ipatasertib,"[('Ipatasertib', 0.5, 'uM')]"
smp_1633,plate2,1151.1862579250085,1708.6877951192246,2038.701931422015,0.035729192,Sapanisertib,"[('Sapanisertib', 0.5, 'uM')]"
smp_1634,plate2,1029.8469833441306,1512.9213600551714,1806.7287204029174,0.051640052,BAY1125976,"[('BAY1125976', 0.5, 'uM')]"
smp_1635,plate2,1001.8635944498112,1465.2093176429262,1744.8123957144112,0.05823014,9-ING-41,"[('9-ING-41', 0.5, 'uM')]"
smp_1636,plate2,1036.4233484501378,1543.705035298518,1838.8566085370985,0.06427281,XRK3F2,"[('XRK3F2', 0.5, 'uM')]"
smp_1637,plate2,1144.2381681336906,1745.7232555172855,2080.8556193392014,0.06899384,Bimiralisib,"[('Bimiralisib', 0.5, 'uM')]"
smp_1638,plate2,1022.8729537536391,1478.4285782465518,1762.2205412112824,0.045348637,GSK1059615,"[('GSK1059615', 0.5, 'uM')]"
smp_1639,plate2,1406.8432293413844,2279.979760706698,2722.2457788214247,0.059158485,AZD2858,"[('AZD2858', 0.5, 'uM')]"
smp_1640,plate2,1383.3878215514715,2289.646142925482,2735.362915297131,0.081456244,PF-06260933,"[('PF-06260933', 0.5, 'uM')]"
smp_1641,plate2,1364.6229985443958,2199.475982532751,2626.3595342066956,0.09204297,SBI-0640756,"[('SBI-0640756', 0.5, 'uM')]"
smp_1642,plate2,1190.145541438396,1786.4925748921785,2134.126331740296,0.051287647,LJI308,"[('LJI308', 0.5, 'uM')]"
smp_1643,plate2,1123.8189720226949,1649.383828502753,1966.5364319852426,0.043843176,LY-2584702 (tosylate salt),"[('LY-2584702 (tosylate salt)', 0.5, 'uM')]"
smp_1644,plate2,1067.389520830371,1543.615360917579,1844.7225697900374,0.05367109,Sonidegib,"[('Sonidegib', 0.5, 'uM')]"
smp_1645,plate2,1234.8978206889901,1880.6550951037825,2239.81636170777,0.050569516,EX229,"[('EX229', 0.5, 'uM')]"
smp_1646,plate2,1458.4673781471918,2386.420836023241,2846.3094536797935,0.04628038,MK-3903,"[('MK-3903', 0.5, 'uM')]"
smp_1647,plate2,1552.5299780648306,2614.6252132585914,3126.966883987326,0.072705366,Everolimus,"[('Everolimus', 0.5, 'uM')]"
smp_1648,plate2,1100.3628144578313,1671.4860530120482,1987.0609927710843,0.03610994,ULK-101,"[('ULK-101', 0.5, 'uM')]"
smp_1649,plate2,1317.392959217866,2100.352650148818,2503.1732205862063,0.061420925,IQ 1,"[('IQ 1', 0.5, 'uM')]"
smp_1650,plate2,1293.9046641894515,1997.571534209602,2381.400421496312,0.047533758,CP21R7,"[('CP21R7', 0.5, 'uM')]"
smp_1651,plate2,1272.7731262234008,2015.5066111005872,2400.8650249415923,0.049666885,Bortezomib,"[('Bortezomib', 0.5, 'uM')]"
smp_1652,plate2,1274.1309259999273,1993.643622625059,2379.5157481745196,0.05265932,Hydroxyfasudil,"[('Hydroxyfasudil', 0.5, 'uM')]"
smp_1653,plate2,1495.2502992404327,2450.4748246506997,2923.1152998556936,0.05552958,Belumosudil (mesylate),"[('Belumosudil (mesylate)', 0.5, 'uM')]"
smp_1654,plate2,1442.8202254962994,2413.578543266238,2880.0006917064397,0.07962269,Belzutifan,"[('Belzutifan', 0.5, 'uM')]"
smp_1655,plate2,1102.0034036698887,1703.154594507674,2031.2875877718022,0.11022274,Futibatinib,"[('Futibatinib', 0.5, 'uM')]"
smp_1656,plate2,1835.5587472349093,3245.9942390629726,3877.2294030587072,0.06503472,Pralsetinib,"[('Pralsetinib', 0.5, 'uM')]"
smp_1657,plate2,1820.5685092823496,3219.8810612357993,3848.907499769096,0.06353956,TAK-733,"[('TAK-733', 0.5, 'uM')]"
smp_1658,plate2,1361.9633282294649,2144.5906095160203,2559.8450579653636,0.062295444,Elimusertib hydrochloride,"[('Elimusertib hydrochloride', 0.5, 'uM')]"
smp_1659,plate2,1458.9685038289463,2414.955548541158,2881.7294348530177,0.07343787,AZD1390,"[('AZD1390', 0.5, 'uM')]"
smp_1660,plate2,1766.5503317335902,3050.920271103823,3638.784929816907,0.058683652,Tubulin inhibitor 6,"[('Tubulin inhibitor 6', 0.5, 'uM')]"
smp_1661,plate2,1550.4700631930955,2589.286106534871,3087.112657470473,0.06673019,Torkinib,"[('Torkinib', 0.5, 'uM')]"
smp_1662,plate2,1999.7325377871473,3736.6748399443013,4461.551307283604,0.06268024,4EGI-1,"[('4EGI-1', 0.5, 'uM')]"
smp_1663,plate2,1274.138231658868,1972.0839586827933,2350.986978017127,0.049913105,Pimitespib,"[('Pimitespib', 0.5, 'uM')]"
smp_1664,plate2,1789.4747958445128,3174.787919551406,3796.5848606917525,0.10127276,olaparib,"[('olaparib', 0.5, 'uM')]"
smp_1665,plate2,1665.1725409696433,2755.3774062212533,3290.150940342748,0.04637275,Ixazomib,"[('Ixazomib', 0.5, 'uM')]"
smp_1666,plate2,1501.3526587050203,2438.641678984538,2908.806151896952,0.051198106,DTP3,"[('DTP3', 0.5, 'uM')]"
smp_1667,plate2,1274.335913447892,2005.867115002511,2397.1646870018994,0.079848446,OTS514,"[('OTS514', 0.5, 'uM')]"
smp_1668,plate2,1749.8550769806145,3031.0372124914293,3619.063734962289,0.05219814,NG25,"[('NG25', 0.5, 'uM')]"
smp_1669,plate2,1558.8053826199741,2564.384233138781,3054.514137483787,0.055141818,DT-061,"[('DT-061', 0.5, 'uM')]"
smp_1670,plate2,1347.4227506022835,2120.735021472714,2533.0626374777416,0.054306846,AZD-7648,"[('AZD-7648', 0.5, 'uM')]"
smp_1671,plate2,997.4680401276089,1420.1043164085022,1693.1848406810932,0.04739509,Gemcitabine,"[('Gemcitabine', 0.5, 'uM')]"
smp_1672,plate2,1178.9449641243689,1754.9433165027904,2096.238028169014,0.040470526,Methylprednisolone succinate,"[('Methylprednisolone succinate', 0.5, 'uM')]"
smp_1673,plate2,1072.9374673921145,1542.485317134978,1840.38154952672,0.0316692,Celecoxib,"[('Celecoxib', 0.5, 'uM')]"
smp_1674,plate2,1102.490296135185,1623.4048575093414,1938.0064971278791,0.04681736,vincristine,"[('vincristine', 0.5, 'uM')]"
smp_1675,plate2,1421.0685161362492,2276.949482633257,2716.1150623636668,0.05792093,HI-TOPK-032,"[('HI-TOPK-032', 0.5, 'uM')]"
smp_1676,plate2,1508.392513504389,2495.835811951384,2978.6122383524644,0.06507275,APTO-253,"[('APTO-253', 0.5, 'uM')]"
smp_1677,plate2,1558.3865835806937,2585.6193632334403,3081.599357540764,0.058800694,LB-100,"[('LB-100', 0.5, 'uM')]"
smp_1678,plate2,1558.5616689001133,2545.45813146411,3045.0846734013676,0.04552223,AT7519,"[('AT7519', 0.5, 'uM')]"
smp_1679,plate2,1558.6079451406952,2606.5264680381492,3110.6222432411128,0.07273593,ETC-206,"[('ETC-206', 0.5, 'uM')]"
smp_1680,plate2,1616.0754000645418,2706.2013990394653,3231.0867613280434,0.058484785,LY2090314,"[('LY2090314', 0.5, 'uM')]"
smp_1681,plate2,1841.2972350230414,3139.921778460488,3751.0749615975424,0.04112976,Oleic acid,"[('Oleic acid', 0.5, 'uM')]"
smp_1682,plate2,1849.2312611364086,3275.8880155744737,3917.9981785784994,0.07727823,Minodronic acid,"[('Minodronic acid', 0.5, 'uM')]"
smp_1683,plate2,1890.8857239036631,3391.5499770480765,4039.236251797901,0.070073016,Anastrozole,"[('Anastrozole', 0.5, 'uM')]"
smp_1684,plate2,1656.4732274943838,2862.2856966741547,3420.8963618431867,0.08364318,Adagrasib,"[('Adagrasib', 0.05, 'uM')]"
smp_1685,plate2,1708.8493596969013,3010.22097547141,3586.8818948026733,0.083489306,DMSO_TF,"[('DMSO_TF', 0.0, 'uM')]"
smp_1686,plate2,1737.9100890156126,3060.377325359018,3653.030416565249,0.06994834,DMSO_TF,"[('DMSO_TF', 0.0, 'uM')]"
smp_1687,plate3,1253.243628693616,1898.5475743560964,2254.6723881030243,0.023060793,Infigratinib,"[('Infigratinib', 5.0, 'uM')]"
smp_1688,plate3,1216.9804239523298,1856.637354693758,2209.2691608869786,0.05162684,Erdafitinib ,"[('Erdafitinib ', 5.0, 'uM')]"
smp_1689,plate3,1170.8298174465233,1751.5249860841313,2079.2511104295177,0.06520306,Everolimus,"[('Everolimus', 5.0, 'uM')]"
smp_1690,plate3,1011.7063016953799,1483.1375496961111,1759.2777727002697,0.0680503,Pemigatinib,"[('Pemigatinib', 5.0, 'uM')]"
smp_1691,plate3,1317.6682117483972,2020.6089066019754,2401.7953344307743,0.03968417,Abemaciclib,"[('Abemaciclib', 5.0, 'uM')]"
smp_1692,plate3,1035.3629489603024,1498.63429560091,1779.923872993496,0.062820226,Capivasertib,"[('Capivasertib', 5.0, 'uM')]"
smp_1693,plate3,1193.915825983969,1769.7312987754583,2103.8647082460925,0.040655147,Gemcitabine,"[('Gemcitabine', 5.0, 'uM')]"
smp_1694,plate3,1356.1357519309975,2077.8035703108376,2474.0932762484194,0.070999764,Irinotecan,"[('Irinotecan', 5.0, 'uM')]"
smp_1695,plate3,1119.631778568537,1674.6488461784322,1990.1500926892672,0.07253927,Oxaliplatin,"[('Oxaliplatin', 5.0, 'uM')]"
smp_1696,plate3,998.3156741957563,1410.2937440109515,1672.4764134154689,0.043017253,Alpelisib,"[('Alpelisib', 5.0, 'uM')]"
smp_1697,plate3,1177.710925539318,1793.5296008097678,2132.1945846776744,0.080379896,Lapatinib ditosylate,"[('Lapatinib ditosylate', 5.0, 'uM')]"
smp_1698,plate3,1144.1715880446525,1688.405679304491,2004.8249395545038,0.060967218,palbociclib,"[('palbociclib', 5.0, 'uM')]"
smp_1699,plate3,930.3333915778438,1402.3975187838546,1661.9522977459374,0.09351091,Lonafarnib,"[('Lonafarnib', 5.0, 'uM')]"
smp_1700,plate3,1142.3880783822897,1713.835686627293,2031.9357374740878,0.05395731,Volasertib,"[('Volasertib', 5.0, 'uM')]"
smp_1701,plate3,1182.6684329130885,1714.0353553809612,2031.8676533284608,0.036920924,c-Kit-IN-1,"[('c-Kit-IN-1', 5.0, 'uM')]"
smp_1702,plate3,969.5472128099793,1378.379171789259,1638.4510779933432,0.057726342,venetoclax,"[('venetoclax', 5.0, 'uM')]"
smp_1703,plate3,1007.420996465017,1469.9350030014007,1742.5149403054759,0.06385483,Capmatinib,"[('Capmatinib', 5.0, 'uM')]"
smp_1704,plate3,1027.5437422692005,1490.1344034633983,1768.5006465759586,0.038367886,MK-8353,"[('MK-8353', 5.0, 'uM')]"
smp_1705,plate3,1115.3145182636315,1589.8999911769895,1893.0790321157579,0.048287343,Regorafenib,"[('Regorafenib', 5.0, 'uM')]"
smp_1706,plate3,1145.3683025664116,1741.2007393540132,2068.2378966326214,0.07405934,Tucatinib,"[('Tucatinib', 5.0, 'uM')]"
smp_1707,plate3,1348.1402252493244,2093.784257239667,2485.6328792680083,0.055638533,Vemurafenib,"[('Vemurafenib', 5.0, 'uM')]"
smp_1708,plate3,1145.4210830826198,1720.3648027077065,2041.6090893311734,0.039552912,BI-3406,"[('BI-3406', 5.0, 'uM')]"
smp_1709,plate3,1161.2790378680252,1736.8154770652689,2067.8258136155064,0.05259333,AZD-8055,"[('AZD-8055', 5.0, 'uM')]"
smp_1710,plate3,1010.0121130551817,1441.55606170411,1714.1017358594747,0.038165104,Binimetinib,"[('Binimetinib', 5.0, 'uM')]"
smp_1711,plate3,1379.0884923650935,2152.3783078836454,2555.5842776203967,0.052681822,Temuterkib,"[('Temuterkib', 5.0, 'uM')]"
smp_1712,plate3,1364.7637132893715,2190.9200423091543,2602.384814980085,0.06562433,ML264,"[('ML264', 5.0, 'uM')]"
smp_1713,plate3,1332.3919433127614,2074.4190095868125,2464.0353219582375,0.047093377,BI-78D3,"[('BI-78D3', 5.0, 'uM')]"
smp_1714,plate3,1007.712469429171,1486.7104227013338,1763.6321960695886,0.060526695,Tomivosertib,"[('Tomivosertib', 5.0, 'uM')]"
smp_1715,plate3,1178.0237181427447,1689.3769840789394,1991.9640050850535,0.057005506,Brivudine,"[('Brivudine', 5.0, 'uM')]"
smp_1716,plate3,1179.7965557599064,1761.5043972579836,2089.7861728807893,0.065011635,Bentamapimod,"[('Bentamapimod', 5.0, 'uM')]"
smp_1717,plate3,1459.29295965318,2334.000145045488,2777.8295876679103,0.058836307,Dabrafenib,"[('Dabrafenib', 5.0, 'uM')]"
smp_1718,plate3,1355.4816036690365,2124.642874192283,2523.9496786183145,0.0769184,Encorafenib,"[('Encorafenib', 5.0, 'uM')]"
smp_1719,plate3,1673.1516322799687,2841.4456429006705,3376.5734221293637,0.06789982,Paclitaxel,"[('Paclitaxel', 5.0, 'uM')]"
smp_1720,plate3,1476.457576138674,2494.8989708440754,2972.3419270997088,0.07698061,RMC-6236,"[('RMC-6236', 5.0, 'uM')]"
smp_1721,plate3,1187.850624131501,1873.640058434386,2227.82976828153,0.10022418,Trametinib,"[('Trametinib', 5.0, 'uM')]"
smp_1722,plate3,1647.86622755527,2728.6346436648087,3247.619950321919,0.08039613,Afatinib,"[('Afatinib', 5.0, 'uM')]"
smp_1723,plate3,1247.3754692096986,1886.6778685198335,2241.272826417774,0.057391237,NVP-BHG712,"[('NVP-BHG712', 5.0, 'uM')]"
smp_1724,plate3,1257.779929948131,1902.6152506364,2257.5922253909316,0.055800144,Ralimetinib dimesylate,"[('Ralimetinib dimesylate', 5.0, 'uM')]"
smp_1725,plate3,1667.3492985823198,2731.7347867117664,3253.1619993850004,0.052711938,ERK5-IN-2,"[('ERK5-IN-2', 5.0, 'uM')]"
smp_1726,plate3,1036.77547897818,1626.9792886287032,1935.893848678375,0.06967269,PH-797804,"[('PH-797804', 5.0, 'uM')]"
smp_1727,plate3,1289.730413158762,2389.6579381010874,2836.5223956616833,0.07365931,TAK-901,"[('TAK-901', 5.0, 'uM')]"
smp_1728,plate3,1199.4464860571095,1787.6968518750784,2121.0020381286845,0.072630286,Ipatasertib,"[('Ipatasertib', 5.0, 'uM')]"
smp_1729,plate3,1460.5740958672454,2378.4112580227256,2828.4514977402864,0.041000165,Sapanisertib,"[('Sapanisertib', 5.0, 'uM')]"
smp_1730,plate3,1486.5930380598484,2566.9078262309677,3057.6895798615064,0.08068404,BAY1125976,"[('BAY1125976', 5.0, 'uM')]"
smp_1731,plate3,1292.894733201581,2059.0210079051385,2443.983863636364,0.08528971,9-ING-41,"[('9-ING-41', 5.0, 'uM')]"
smp_1732,plate3,1252.9632532321364,1992.6985185796277,2365.974048626416,0.085122995,XRK3F2,"[('XRK3F2', 5.0, 'uM')]"
smp_1733,plate3,1312.817009945331,2113.685854632749,2506.1503197433985,0.08401169,Bimiralisib,"[('Bimiralisib', 5.0, 'uM')]"
smp_1734,plate3,1363.2395014312112,2156.331376740703,2561.4794255830525,0.067923576,GSK1059615,"[('GSK1059615', 5.0, 'uM')]"
smp_1735,plate3,939.6552454588783,1314.691786262776,1562.0149870253667,0.04498952,AZD2858,"[('AZD2858', 5.0, 'uM')]"
smp_1736,plate3,1089.3519641885955,1688.8083922520186,2008.5603062377108,0.066415384,PF-06260933,"[('PF-06260933', 5.0, 'uM')]"
smp_1737,plate3,1107.7590518470247,1699.994216592677,2022.5287744878426,0.0874827,SBI-0640756,"[('SBI-0640756', 5.0, 'uM')]"
smp_1738,plate3,998.1455348292332,1421.3244420413926,1691.798954672434,0.05265978,LJI308,"[('LJI308', 5.0, 'uM')]"
smp_1739,plate3,874.5671955519392,1184.4879983726607,1403.5991998915108,0.036130913,LY-2584702 (tosylate salt),"[('LY-2584702 (tosylate salt)', 5.0, 'uM')]"
smp_1740,plate3,933.8663974797,1292.5102276256823,1539.2664063539958,0.04613635,Sonidegib,"[('Sonidegib', 5.0, 'uM')]"
smp_1741,plate3,1109.505076878445,1590.4807342353033,1887.5165229316665,0.0485945,EX229,"[('EX229', 5.0, 'uM')]"
smp_1742,plate3,1043.1659420501298,1503.1955881065624,1782.0110589127835,0.03764482,MK-3903,"[('MK-3903', 5.0, 'uM')]"
smp_1743,plate3,988.1958283054646,1433.473228753663,1706.5545595586968,0.05863536,Everolimus,"[('Everolimus', 5.0, 'uM')]"
smp_1744,plate3,911.5738339330572,1304.926709213117,1543.0359834340418,0.034265794,ULK-101,"[('ULK-101', 5.0, 'uM')]"
smp_1745,plate3,979.4374525371073,1424.8945806006213,1690.3717984121506,0.066878565,IQ 1,"[('IQ 1', 5.0, 'uM')]"
smp_1746,plate3,1006.6383379321538,1441.3164096737542,1709.1133257588053,0.04943656,CP21R7,"[('CP21R7', 5.0, 'uM')]"
smp_1747,plate3,960.7962230445323,1492.3570243715708,1771.6945897664923,0.055809505,Bortezomib,"[('Bortezomib', 5.0, 'uM')]"
smp_1748,plate3,977.0074363188168,1395.796672144618,1659.2461791290057,0.044531778,Hydroxyfasudil,"[('Hydroxyfasudil', 5.0, 'uM')]"
smp_1749,plate3,1130.081064657268,1653.6004800680603,1963.5361570247933,0.042140063,Belumosudil (mesylate),"[('Belumosudil (mesylate)', 5.0, 'uM')]"
smp_1750,plate3,958.5070792377843,1359.5460771441751,1613.7773322451296,0.06097418,Belzutifan,"[('Belzutifan', 5.0, 'uM')]"
smp_1751,plate3,981.2506538796862,1491.7712874164488,1768.2968250508573,0.10430714,Futibatinib,"[('Futibatinib', 5.0, 'uM')]"
smp_1752,plate3,1012.6020091473375,1447.0541898072524,1719.3659751715127,0.048160847,Pralsetinib,"[('Pralsetinib', 5.0, 'uM')]"
smp_1753,plate3,1140.2998775385242,1652.1232778854985,1965.990024492295,0.05142938,TAK-733,"[('TAK-733', 5.0, 'uM')]"
smp_1754,plate3,976.1471217425127,1395.420604823026,1658.6394885258653,0.04963335,Elimusertib hydrochloride,"[('Elimusertib hydrochloride', 5.0, 'uM')]"
smp_1755,plate3,955.1330868761553,1366.4986379998054,1621.5749586535655,0.060501996,AZD1390,"[('AZD1390', 5.0, 'uM')]"
smp_1756,plate3,1117.4073805164467,1638.2823726245344,1944.3566197360944,0.045647748,Tubulin inhibitor 6,"[('Tubulin inhibitor 6', 5.0, 'uM')]"
smp_1757,plate3,931.6361317857701,1329.3512205277677,1577.1537500650602,0.063228145,Torkinib,"[('Torkinib', 5.0, 'uM')]"
smp_1758,plate3,949.755137149957,1369.2687565707731,1626.2165089681098,0.05062942,4EGI-1,"[('4EGI-1', 5.0, 'uM')]"
smp_1759,plate3,848.3082808980035,1143.572982210829,1355.5960149149382,0.036083203,Pimitespib,"[('Pimitespib', 5.0, 'uM')]"
smp_1760,plate3,1050.5551176669294,1597.8115077130954,1902.5704031077582,0.09659148,olaparib,"[('olaparib', 5.0, 'uM')]"
smp_1761,plate3,1117.2665398723,1642.1813272653171,1951.33534845809,0.038680453,Ixazomib,"[('Ixazomib', 5.0, 'uM')]"
smp_1762,plate3,938.096700143472,1300.6184218077474,1543.4015781922526,0.037079595,DTP3,"[('DTP3', 5.0, 'uM')]"
smp_1763,plate3,917.1254238640444,1313.102964056329,1561.4369489767423,0.07322223,OTS514,"[('OTS514', 5.0, 'uM')]"
smp_1764,plate3,1110.406965830395,1650.2108013495344,1960.353796199995,0.046478625,NG25,"[('NG25', 5.0, 'uM')]"
smp_1765,plate3,1007.3604228386749,1402.9436776191758,1663.8568542957178,0.033994913,DT-061,"[('DT-061', 5.0, 'uM')]"
smp_1766,plate3,1025.8517342699854,1474.1852139552163,1753.2034178796987,0.060009047,AZD-7648,"[('AZD-7648', 5.0, 'uM')]"
smp_1767,plate3,956.8895588235295,1349.0146691176471,1602.6488970588234,0.054149654,Gemcitabine,"[('Gemcitabine', 5.0, 'uM')]"
smp_1768,plate3,1046.3051464010973,1503.9576003339496,1789.1947641481304,0.04276091,Methylprednisolone succinate,"[('Methylprednisolone succinate', 5.0, 'uM')]"
smp_1769,plate3,987.6983742649602,1390.8813806394228,1652.7206601769037,0.039311145,Celecoxib,"[('Celecoxib', 5.0, 'uM')]"
smp_1770,plate3,883.5455255296034,1207.0361556219445,1433.5989611624118,0.043320682,vincristine,"[('vincristine', 5.0, 'uM')]"
smp_1771,plate3,1148.5964930131597,1762.2563085063084,2092.0500949667617,0.060399864,HI-TOPK-032,"[('HI-TOPK-032', 5.0, 'uM')]"
smp_1772,plate3,1190.6464055230376,1831.4696726056475,2175.667331317939,0.06276931,APTO-253,"[('APTO-253', 5.0, 'uM')]"
smp_1773,plate3,1125.0844682802908,1669.2678239597299,1980.5901253734153,0.050663732,LB-100,"[('LB-100', 5.0, 'uM')]"
smp_1774,plate3,1116.6015475665342,1635.3834730186736,1947.488990589619,0.039815567,AT7519,"[('AT7519', 5.0, 'uM')]"
smp_1775,plate3,1154.035060235647,1760.4376903049292,2090.878999161555,0.06311171,ETC-206,"[('ETC-206', 5.0, 'uM')]"
smp_1776,plate3,1313.6001658315008,2047.9410757417354,2434.1008688128627,0.052605633,LY2090314,"[('LY2090314', 5.0, 'uM')]"
smp_1777,plate3,1064.5476032245947,1493.1650148805224,1775.702100609668,0.030838784,Oleic acid,"[('Oleic acid', 5.0, 'uM')]"
smp_1778,plate3,1161.7000646412412,1744.5598393203436,2077.8181734232153,0.065215744,Minodronic acid,"[('Minodronic acid', 5.0, 'uM')]"
smp_1779,plate3,1126.2898034065086,1666.7604603164675,1979.5109137532054,0.0534518,Anastrozole,"[('Anastrozole', 5.0, 'uM')]"
smp_1780,plate3,972.9402163094685,1435.595580916993,1706.9820847986198,0.06750432,Adagrasib,"[('Adagrasib', 0.05, 'uM')]"
smp_1781,plate3,994.6502476105077,1441.1269029326052,1706.8250219079255,0.06657156,DMSO_TF,"[('DMSO_TF', 0.0, 'uM')]"
smp_1782,plate3,1027.032031719332,1494.0464255677039,1774.4465937762825,0.060535967,DMSO_TF,"[('DMSO_TF', 0.0, 'uM')]"
smp_1783,plate4,1478.2681707354711,2341.339094472393,2738.46379741366,0.023782853,8-Hydroxyquinoline,"[('8-Hydroxyquinoline', 0.05, 'uM')]"
smp_1784,plate4,1337.6212889964354,2074.1234616085135,2429.4037285665963,0.042942017,Chlorhexidine (diacetate),"[('Chlorhexidine (diacetate)', 0.05, 'uM')]"
smp_1785,plate4,1281.3331195452602,1996.038180034709,2332.914887195352,0.05838039,Trifluridine,"[('Trifluridine', 0.05, 'uM')]"
smp_1786,plate4,1397.7491132681766,2218.3599964419536,2593.4031822275592,0.054733153,Berbamine,"[('Berbamine', 0.05, 'uM')]"
smp_1787,plate4,1863.6116796661533,3243.0573053802973,3797.7507203537184,0.045799688,Retinoic acid,"[('Retinoic acid', 0.05, 'uM')]"
smp_1788,plate4,1383.0307938153235,2187.4002476174023,2560.4329561486857,0.06601653,Cysteamine (hydrochloride),"[('Cysteamine (hydrochloride)', 0.05, 'uM')]"
smp_1789,plate4,1453.5306159772308,2310.6340256266644,2705.146547487055,0.040283877,Vinblastine (sulfate),"[('Vinblastine (sulfate)', 0.05, 'uM')]"
smp_1790,plate4,1704.9586331158746,2908.6562659210936,3408.8644920782854,0.05954386,Pasireotide (acetate),"[('Pasireotide (acetate)', 0.05, 'uM')]"
smp_1791,plate4,1704.848512029096,2933.809586415354,3435.2590003194655,0.0655231,Riluzole hydrochloride,"[('Riluzole hydrochloride', 0.05, 'uM')]"
smp_1792,plate4,1377.1257281313356,2151.3606685457153,2514.912129753251,0.04968574,Palmatine (chloride),"[('Palmatine (chloride)', 0.05, 'uM')]"
smp_1793,plate4,1538.5491489182793,2594.88394776989,3038.151981452785,0.078263335,Isocorydine,"[('Isocorydine', 0.05, 'uM')]"
smp_1794,plate4,1630.964123023357,2731.9955897287105,3197.697243580444,0.06442754,Raltitrexed,"[('Raltitrexed', 0.05, 'uM')]"
smp_1795,plate4,1344.7021305960493,2125.96328819115,2481.1905287673594,0.059691273,Furosemide,"[('Furosemide', 0.05, 'uM')]"
smp_1796,plate4,1494.4699520318582,2428.567170483,2837.493981355779,0.052206345,Clotrimazole,"[('Clotrimazole', 0.05, 'uM')]"
smp_1797,plate4,1580.452042720101,2598.0919040413687,3034.1756401404414,0.043336947,Sodium Salicylate,"[('Sodium Salicylate', 0.05, 'uM')]"
smp_1798,plate4,1354.4494375710935,2121.4861183277394,2484.1557808703956,0.039596226,Gallic acid (hydrate),"[('Gallic acid (hydrate)', 0.05, 'uM')]"
smp_1799,plate4,1513.6101105198527,2523.2330126893166,2950.2993700823213,0.069336,(R)-Verapamil (hydrochloride),"[('(R)-Verapamil (hydrochloride)', 0.05, 'uM')]"
smp_1800,plate4,1267.4487392481042,1943.892815991854,2272.32289182454,0.037548818,Pyridoxine,"[('Pyridoxine', 0.05, 'uM')]"
smp_1801,plate4,1601.9253965985422,2645.9132167754433,3101.963254093024,0.047093064,Acetohexamide,"[('Acetohexamide', 0.05, 'uM')]"
smp_1802,plate4,1279.3494972145336,2031.473611062448,2374.3255900867757,0.066080496,Temsirolimus,"[('Temsirolimus', 0.05, 'uM')]"
smp_1803,plate4,1757.4316696788544,3001.0984985402474,3508.649200611706,0.048087277,Megestrol,"[('Megestrol', 0.05, 'uM')]"
smp_1804,plate4,1253.427261943276,1897.8637442036018,2214.903712390812,0.031904154,Diammonium Glycyrrhizinate,"[('Diammonium Glycyrrhizinate', 0.05, 'uM')]"
smp_1805,plate4,1558.1732509379829,2623.8503811350865,3074.5483082355736,0.05785695,L-Thyroxine (sodium salt pentahydrate),"[('L-Thyroxine (sodium salt pentahydrate)', 0.05, 'uM')]"
smp_1806,plate4,1246.2927995261732,1884.4322399593864,2205.876381994585,0.04292545,Ropivacaine (hydrochloride monohydrate),"[('Ropivacaine (hydrochloride monohydrate)', 0.05, 'uM')]"
smp_1807,plate4,1444.129574309186,2292.3881254667663,2681.8391959173514,0.047524493,Salicylic acid,"[('Salicylic acid', 0.05, 'uM')]"
smp_1808,plate4,1569.0581221919422,2617.013423436694,3059.3692549900566,0.058717523,Quinestrol,"[('Quinestrol', 0.05, 'uM')]"
smp_1809,plate4,1357.65847848228,2116.11750591241,2475.4653109841356,0.041329645,Tofacitinib,"[('Tofacitinib', 0.05, 'uM')]"
smp_1810,plate4,1140.820835942392,1709.6568096430808,1998.3365685660613,0.052029364,Trimetrexate,"[('Trimetrexate', 0.05, 'uM')]"
smp_1811,plate4,1252.4138140571197,1904.2047958118446,2204.3596547264765,0.048444826,Gemfibrozil,"[('Gemfibrozil', 0.05, 'uM')]"
smp_1812,plate4,1219.766540237184,1878.7231880824481,2194.574476118558,0.053425048,18β-Glycyrrhetinic acid,"[('18β-Glycyrrhetinic acid', 0.05, 'uM')]"
smp_1813,plate4,1356.5907730936653,2128.4801065365077,2492.328491475906,0.05161805,Tolcapone,"[('Tolcapone', 0.05, 'uM')]"
smp_1814,plate4,1249.6668119253866,1949.904543763618,2279.5265451453474,0.06813706,Terfenadine,"[('Terfenadine', 0.05, 'uM')]"
smp_1815,plate4,1538.5469865309417,2554.139780274347,2984.6506527631227,0.057894137,Aliskiren,"[('Aliskiren', 0.05, 'uM')]"
smp_1816,plate4,1436.7933986378687,2390.5855449383266,2803.346331337599,0.073439345,Fluvoxamine (maleate),"[('Fluvoxamine (maleate)', 0.05, 'uM')]"
smp_1817,plate4,1234.1908297127432,1954.265983324194,2288.2999817212917,0.08709568,S-Adenosyl-L-methionine (disulfate tosylate),"[('S-Adenosyl-L-methionine (disulfate tosylate)', 0.05, 'uM')]"
smp_1818,plate4,1644.0047496343757,2803.4409638554216,3279.8393760011145,0.07669031,Idarubicin (hydrochloride),"[('Idarubicin (hydrochloride)', 0.05, 'uM')]"
smp_1819,plate4,1328.3788038235552,2084.9072904791137,2437.55597942062,0.054545883,Elagolix sodium,"[('Elagolix sodium', 0.05, 'uM')]"
smp_1820,plate4,1284.9995490139806,2007.5649829855274,2342.3935877987783,0.047493335,Resveratrol,"[('Resveratrol', 0.05, 'uM')]"
smp_1821,plate4,1594.1770281436834,2635.799121826342,3089.2355352484647,0.04327808,Rapamycin,"[('Rapamycin', 0.05, 'uM')]"
smp_1822,plate4,1111.5838238782155,1643.9770575932034,1923.3500010781206,0.050479475,Saquinavir,"[('Saquinavir', 0.05, 'uM')]"
smp_1823,plate4,1581.4910555174777,2658.1820082248114,3106.2132796435917,0.058487553,Tofacitinib (citrate),"[('Tofacitinib (citrate)', 0.05, 'uM')]"
smp_1824,plate4,1358.133676641591,2169.6241011889224,2535.7535299841,0.057298582,Thymol,"[('Thymol', 0.05, 'uM')]"
smp_1825,plate4,1497.292730808748,2426.1382467341846,2838.4843314252166,0.03532769,Almonertinib (hydrochloride),"[('Almonertinib (hydrochloride)', 0.05, 'uM')]"
smp_1826,plate4,1530.218251165419,2608.3776310213307,3055.732218533691,0.07304796,Darinaparsin,"[('Darinaparsin', 0.05, 'uM')]"
smp_1827,plate4,1429.35031647225,2420.4704713082597,2829.597164827117,0.0840863,Vilanterol,"[('Vilanterol', 0.05, 'uM')]"
smp_1828,plate4,1198.5775761673992,1869.6025958901537,2185.469345204553,0.075962216,Lenalidomide (hemihydrate),"[('Lenalidomide (hemihydrate)', 0.05, 'uM')]"
smp_1829,plate4,1441.5862874523762,2406.577287907057,2813.257318010066,0.077944264,Azithromycin (hydrate),"[('Azithromycin (hydrate)', 0.05, 'uM')]"
smp_1830,plate4,1482.530787307354,2445.245491111976,2860.45959661491,0.057660744,Ritonavir,"[('Ritonavir', 0.05, 'uM')]"
smp_1831,plate4,1383.8351067446288,2191.2917459885775,2565.452610824041,0.048135296,Pentamidine (isethionate),"[('Pentamidine (isethionate)', 0.05, 'uM')]"
smp_1832,plate4,1417.5407046403939,2335.4160648942716,2735.966128039895,0.07904726,Adenosine,"[('Adenosine', 0.05, 'uM')]"
smp_1833,plate4,1252.4576821172338,1973.998928284362,2312.0808252210413,0.0859333,Sulfisoxazole,"[('Sulfisoxazole', 0.05, 'uM')]"
smp_1834,plate4,1230.9185345794392,1876.0614280373832,2198.829487850467,0.058574907,Norepinephrine (hydrochloride),"[('Norepinephrine (hydrochloride)', 0.05, 'uM')]"
smp_1835,plate4,1163.3725139398277,1726.0077377225155,2018.1601067477711,0.045347262,Ciclopirox,"[('Ciclopirox', 0.05, 'uM')]"
smp_1836,plate4,1202.345540715209,1829.5329599310642,2145.918330221648,0.063873135,Lidocaine (hydrochloride),"[('Lidocaine (hydrochloride)', 0.05, 'uM')]"
smp_1837,plate4,1411.3458289893174,2275.1761026245413,2657.833023586117,0.053847652,Demeclocycline,"[('Demeclocycline', 0.05, 'uM')]"
smp_1838,plate4,1721.2362867258264,3032.7100786243045,3547.7587015494964,0.05538249,Mitoxantrone (dihydrochloride),"[('Mitoxantrone (dihydrochloride)', 0.05, 'uM')]"
smp_1839,plate4,1603.184260859546,2679.213630602604,3141.4633598340824,0.06666914,Larotrectinib,"[('Larotrectinib', 0.05, 'uM')]"
smp_1840,plate4,1297.729196386115,2040.7676988056278,2381.6033117954744,0.03826774,Busulfan,"[('Busulfan', 0.05, 'uM')]"
smp_1841,plate4,1283.5456773005988,2021.8763372099972,2364.9906649295385,0.071388334,Cepharanthine,"[('Cepharanthine', 0.05, 'uM')]"
smp_1842,plate4,1537.9914175611773,2546.213600612684,2976.8838331651696,0.059297778,Radotinib,"[('Radotinib', 0.05, 'uM')]"
smp_1843,plate4,981.0033475349969,1312.0294050517346,1533.301087948874,0.0115130395,Docetaxel,"[('Docetaxel', 0.05, 'uM')]"
smp_1844,plate4,1429.914775331569,2310.118536808954,2703.8668992947228,0.054142363,Triclosan,"[('Triclosan', 0.05, 'uM')]"
smp_1845,plate4,1440.1793750851425,2334.616840254127,2732.0618722677004,0.055336468,Tucidinostat,"[('Tucidinostat', 0.05, 'uM')]"
smp_1846,plate4,1287.6487895631403,2051.849625614406,2401.248059166705,0.076127954,Bergenin,"[('Bergenin', 0.05, 'uM')]"
smp_1847,plate4,1058.064759713957,1625.8311413378674,1901.5146605324132,0.108405516,Allantoin,"[('Allantoin', 0.05, 'uM')]"
smp_1848,plate4,1520.4545257499567,2482.5563840240447,2907.922215478874,0.05804316,Bimatoprost,"[('Bimatoprost', 0.05, 'uM')]"
smp_1849,plate4,1411.7304657414809,2241.1695269926613,2627.222582285839,0.058716744,Triamcinolone,"[('Triamcinolone', 0.05, 'uM')]"
smp_1850,plate4,1422.3712416626895,2279.6565551921217,2667.1683641993272,0.0579597,Olanzapine,"[('Olanzapine', 0.05, 'uM')]"
smp_1851,plate4,1420.5190511886913,2297.839922895695,2688.414649817948,0.06668314,Rimonabant,"[('Rimonabant', 0.05, 'uM')]"
smp_1852,plate4,1631.4926756832685,2790.261147008067,3264.8831921980977,0.058394406,Pentagastrin,"[('Pentagastrin', 0.05, 'uM')]"
smp_1853,plate4,1274.3369160527843,2011.4532557583486,2353.0175910006947,0.068115935,Lumateperone (tosylate),"[('Lumateperone (tosylate)', 0.05, 'uM')]"
smp_1854,plate4,1558.11850973446,2647.00067548297,3099.0617391434876,0.06205038,Relugolix,"[('Relugolix', 0.05, 'uM')]"
smp_1855,plate4,1293.5361095738795,1990.757401770891,2327.8403846153847,0.04564997,Homoharringtonine,"[('Homoharringtonine', 0.05, 'uM')]"
smp_1856,plate4,1636.2682320374317,2817.1724725018985,3303.461833370079,0.102261834,Hexylresorcinol,"[('Hexylresorcinol', 0.05, 'uM')]"
smp_1857,plate4,1381.6743916714404,2138.673744115962,2504.5185175960746,0.04025237,Baicalin,"[('Baicalin', 0.05, 'uM')]"
smp_1858,plate4,1259.9347329986308,1933.9961867463671,2262.2437243267914,0.04431568,Berberine (chloride hydrate),"[('Berberine (chloride hydrate)', 0.05, 'uM')]"
smp_1859,plate4,1114.9291916981447,1677.8737577185232,1966.2547705002578,0.072520405,Medroxyprogesterone acetate,"[('Medroxyprogesterone acetate', 0.05, 'uM')]"
smp_1860,plate4,1194.9485325992716,1783.320270504595,2087.1392621813766,0.04248518,Neratinib (maleate),"[('Neratinib (maleate)', 0.05, 'uM')]"
smp_1861,plate4,1413.9815466565205,2261.414306097213,2638.860877009417,0.053033385,Sinomenine,"[('Sinomenine', 0.05, 'uM')]"
smp_1862,plate4,1703.7341839921478,2950.3785530868604,3458.7361470509504,0.0694482,Goserelin (acetate),"[('Goserelin (acetate)', 0.05, 'uM')]"
smp_1863,plate4,1389.9076139349374,2226.152429918908,2606.564088993063,0.06556131,Fusidic acid,"[('Fusidic acid', 0.05, 'uM')]"
smp_1864,plate4,1735.1897934273752,3050.8171283778565,3576.2754971184895,0.062981315,Balsalazide (sodium hydrate),"[('Balsalazide (sodium hydrate)', 0.05, 'uM')]"
smp_1865,plate4,1565.972776663029,2626.740685981155,3074.75092993511,0.05687166,Cloxacillin (sodium),"[('Cloxacillin (sodium)', 0.05, 'uM')]"
smp_1866,plate4,1435.347306840592,2328.044575671775,2728.7378232176893,0.06627818,Artesunate,"[('Artesunate', 0.05, 'uM')]"
smp_1867,plate4,1910.8144660232113,3437.5393562841105,4024.0442994281843,0.06647083,Pyridoxine (hydrochloride),"[('Pyridoxine (hydrochloride)', 0.05, 'uM')]"
smp_1868,plate4,1490.5795861368542,2455.54316364098,2874.2117049638186,0.07030436,Folic acid,"[('Folic acid', 0.05, 'uM')]"
smp_1869,plate4,1493.2797387437465,2467.831952936817,2884.7636649990736,0.05855455,Selinexor ,"[('Selinexor ', 0.05, 'uM')]"
smp_1870,plate4,1595.3864586852437,2634.916683170047,3090.324075907783,0.047753423,Adenine,"[('Adenine', 0.05, 'uM')]"
smp_1871,plate4,1648.8662024883004,2829.408903093254,3312.869352813606,0.07091806,Gallic acid,"[('Gallic acid', 0.05, 'uM')]"
smp_1872,plate4,1453.4854783207159,2345.1099449415005,2745.652202339986,0.053739943,Lipoic acid,"[('Lipoic acid', 0.05, 'uM')]"
smp_1873,plate4,1696.0913444209875,2829.73025333402,3315.2893517326606,0.042324025,Amsacrine,"[('Amsacrine', 0.05, 'uM')]"
smp_1874,plate4,1771.2750546903767,3132.036832073469,3674.599287400637,0.07526825,Anethole trithione,"[('Anethole trithione', 0.05, 'uM')]"
smp_1875,plate4,1665.9486149774107,2863.66910053393,3347.820371468991,0.067168094,Clonidine (hydrochloride),"[('Clonidine (hydrochloride)', 0.05, 'uM')]"
smp_1876,plate4,1380.1201645625629,2249.7234633452895,2636.571139416876,0.08135994,Adagrasib,"[('Adagrasib', 0.05, 'uM')]"
smp_1877,plate4,1176.679228393116,1832.9141902540503,2140.2566853684675,0.07566875,DMSO_TF,"[('DMSO_TF', 0.0, 'uM')]"
smp_1878,plate4,1380.081262623348,2218.573466443534,2596.335103006521,0.06524923,DMSO_TF,"[('DMSO_TF', 0.0, 'uM')]"
smp_1879,plate5,1296.2868923729043,1933.3363176914925,2268.675216694291,0.019629939,8-Hydroxyquinoline,"[('8-Hydroxyquinoline', 0.5, 'uM')]"
smp_1880,plate5,1412.6066063274814,2221.86510822712,2610.419245024341,0.043719716,Chlorhexidine (diacetate),"[('Chlorhexidine (diacetate)', 0.5, 'uM')]"
smp_1881,plate5,1352.5003622663382,2117.6809802122075,2484.6716900932233,0.054339692,Trifluridine,"[('Trifluridine', 0.5, 'uM')]"
smp_1882,plate5,1183.6754489236985,1787.023099897141,2096.9210960058494,0.052703038,Berbamine,"[('Berbamine', 0.5, 'uM')]"
smp_1883,plate5,1454.2055596813395,2308.809748852282,2713.744598973805,0.02901889,Retinoic acid,"[('Retinoic acid', 0.5, 'uM')]"
smp_1884,plate5,1269.4877087969712,1980.3806052234415,2325.3830353260173,0.05468535,Cysteamine (hydrochloride),"[('Cysteamine (hydrochloride)', 0.5, 'uM')]"
smp_1885,plate5,1360.351444332404,2148.2528916305832,2523.6106827213953,0.029437885,Vinblastine (sulfate),"[('Vinblastine (sulfate)', 0.5, 'uM')]"
smp_1886,plate5,1460.0200876728165,2360.5947139393356,2775.637924113236,0.05447107,Pasireotide (acetate),"[('Pasireotide (acetate)', 0.5, 'uM')]"
smp_1887,plate5,1374.5445839416059,2197.0976155717763,2579.684515815085,0.061988268,Riluzole hydrochloride,"[('Riluzole hydrochloride', 0.5, 'uM')]"
smp_1888,plate5,1182.6866325203684,1757.5536211883973,2061.707279530798,0.029005826,Palmatine (chloride),"[('Palmatine (chloride)', 0.5, 'uM')]"
smp_1889,plate5,1275.4571768540313,1988.7415608267156,2334.680436638299,0.05044704,Isocorydine,"[('Isocorydine', 0.5, 'uM')]"
smp_1890,plate5,1368.2613560140592,2113.5392396232996,2480.908803090875,0.040276736,Raltitrexed,"[('Raltitrexed', 0.5, 'uM')]"
smp_1891,plate5,1260.6627661544157,1921.0359748194778,2247.0855397148675,0.04461447,Furosemide,"[('Furosemide', 0.5, 'uM')]"
smp_1892,plate5,1261.926726779305,1931.6262365403134,2265.8710277510286,0.05094545,Clotrimazole,"[('Clotrimazole', 0.5, 'uM')]"
smp_1893,plate5,1324.966915347947,2041.8749269018801,2392.452003331502,0.033558514,Sodium Salicylate,"[('Sodium Salicylate', 0.5, 'uM')]"
smp_1894,plate5,1192.7653957809173,1839.1662279852912,2161.915289336172,0.060218867,Gallic acid (hydrate),"[('Gallic acid (hydrate)', 0.5, 'uM')]"
smp_1895,plate5,1186.79129625986,1815.7470620852487,2130.517233977856,0.05839563,(R)-Verapamil (hydrochloride),"[('(R)-Verapamil (hydrochloride)', 0.5, 'uM')]"
smp_1896,plate5,1251.2360406921593,1958.8377547348794,2296.672500081777,0.036647197,Pyridoxine,"[('Pyridoxine', 0.5, 'uM')]"
smp_1897,plate5,1281.7614515732314,1964.7210186744367,2311.1300588424497,0.041241292,Acetohexamide,"[('Acetohexamide', 0.5, 'uM')]"
smp_1898,plate5,1089.7190263523705,1659.3077992369347,1944.9249948241697,0.05303058,Temsirolimus,"[('Temsirolimus', 0.5, 'uM')]"
smp_1899,plate5,1426.879410343161,2270.3254390204606,2664.233184308039,0.04403604,Megestrol,"[('Megestrol', 0.5, 'uM')]"
smp_1900,plate5,1200.6151464932304,1823.2156749319909,2135.726665832838,0.038449593,Diammonium Glycyrrhizinate,"[('Diammonium Glycyrrhizinate', 0.5, 'uM')]"
smp_1901,plate5,1269.6171233710875,1958.2383631713556,2300.537717695774,0.03709697,L-Thyroxine (sodium salt pentahydrate),"[('L-Thyroxine (sodium salt pentahydrate)', 0.5, 'uM')]"
smp_1902,plate5,1093.7032041415978,1584.2316216594375,1859.629550860501,0.027406521,Ropivacaine (hydrochloride monohydrate),"[('Ropivacaine (hydrochloride monohydrate)', 0.5, 'uM')]"
smp_1903,plate5,1387.8452755861701,2139.0439780554843,2510.982217375338,0.036129788,Salicylic acid,"[('Salicylic acid', 0.5, 'uM')]"
smp_1904,plate5,1327.6716417910447,2051.5122676356646,2404.655605273432,0.044442415,Quinestrol,"[('Quinestrol', 0.5, 'uM')]"
smp_1905,plate5,1335.9276298341679,2045.031762375002,2399.868114381991,0.03190781,Tofacitinib,"[('Tofacitinib', 0.5, 'uM')]"
smp_1906,plate5,1111.473719947343,1642.8452573962447,1926.8656550959606,0.048001662,Trimetrexate,"[('Trimetrexate', 0.5, 'uM')]"
smp_1907,plate5,1112.5129171017952,1614.6102988711523,1871.6287110249143,0.03670882,Gemfibrozil,"[('Gemfibrozil', 0.5, 'uM')]"
smp_1908,plate5,1220.8036566877108,1887.9768967936097,2214.2127938813837,0.0546181,18β-Glycyrrhetinic acid,"[('18β-Glycyrrhetinic acid', 0.5, 'uM')]"
smp_1909,plate5,1275.5560694587984,1950.5970714336877,2292.224543882448,0.0413121,Tolcapone,"[('Tolcapone', 0.5, 'uM')]"
smp_1910,plate5,1214.3284767017005,1877.4208880268243,2201.4938427533943,0.06890268,Terfenadine,"[('Terfenadine', 0.5, 'uM')]"
smp_1911,plate5,1420.7887323943662,2286.575349153746,2679.008669665049,0.055110764,Aliskiren,"[('Aliskiren', 0.5, 'uM')]"
smp_1912,plate5,1264.3911412078153,1984.9151642984014,2334.43121669627,0.05738836,Fluvoxamine (maleate),"[('Fluvoxamine (maleate)', 0.5, 'uM')]"
smp_1913,plate5,1211.4517810930126,1894.3165436139443,2224.0311500989496,0.08423705,S-Adenosyl-L-methionine (disulfate tosylate),"[('S-Adenosyl-L-methionine (disulfate tosylate)', 0.5, 'uM')]"
smp_1914,plate5,1536.797493440518,2435.9380338301794,2858.1755987271813,0.07205794,Idarubicin (hydrochloride),"[('Idarubicin (hydrochloride)', 0.5, 'uM')]"
smp_1915,plate5,1163.3961968901654,1727.2922056056254,2024.2091116173121,0.040326487,Elagolix sodium,"[('Elagolix sodium', 0.5, 'uM')]"
smp_1916,plate5,1214.3943648192535,1837.7592656002869,2151.2083679825205,0.036092054,Resveratrol,"[('Resveratrol', 0.5, 'uM')]"
smp_1917,plate5,1246.8645179086743,1895.1573374639281,2229.019669835342,0.032923233,Rapamycin,"[('Rapamycin', 0.5, 'uM')]"
smp_1918,plate5,1060.3613079249592,1528.7221293965863,1793.7083818024153,0.040931076,Saquinavir,"[('Saquinavir', 0.5, 'uM')]"
smp_1919,plate5,1237.4999305734632,1865.5422609247614,2187.233749231349,0.037660506,Tofacitinib (citrate),"[('Tofacitinib (citrate)', 0.5, 'uM')]"
smp_1920,plate5,1011.4470466589117,1452.382086079876,1704.8822799534703,0.050685037,Thymol,"[('Thymol', 0.5, 'uM')]"
smp_1921,plate5,1274.3117834003476,1961.9200393306762,2303.4657700208945,0.037009086,Almonertinib (hydrochloride),"[('Almonertinib (hydrochloride)', 0.5, 'uM')]"
smp_1922,plate5,1275.6061474599724,1998.88192189309,2348.7452206816706,0.05391306,Darinaparsin,"[('Darinaparsin', 0.5, 'uM')]"
smp_1923,plate5,1160.7612086967204,1765.1716210129796,2068.383142939033,0.055299155,Vilanterol,"[('Vilanterol', 0.5, 'uM')]"
smp_1924,plate5,1124.1188436603252,1708.9732596450208,2003.730598363269,0.06580924,Lenalidomide (hemihydrate),"[('Lenalidomide (hemihydrate)', 0.5, 'uM')]"
smp_1925,plate5,1337.620752275194,2147.789304500292,2520.3311346747932,0.058654938,Azithromycin (hydrate),"[('Azithromycin (hydrate)', 0.5, 'uM')]"
smp_1926,plate5,1175.1533147497273,1768.1004322708359,2073.4843049327355,0.041320257,Ritonavir,"[('Ritonavir', 0.5, 'uM')]"
smp_1927,plate5,1252.523197988961,1887.2527023334608,2217.0460680911524,0.03377212,Pentamidine (isethionate),"[('Pentamidine (isethionate)', 0.5, 'uM')]"
smp_1928,plate5,1414.9218398700975,2293.6606711632944,2696.369774752269,0.07040661,Adenosine,"[('Adenosine', 0.5, 'uM')]"
smp_1929,plate5,1316.48250716208,2115.4177590647337,2486.470555893162,0.08789197,Sulfisoxazole,"[('Sulfisoxazole', 0.5, 'uM')]"
smp_1930,plate5,1129.2377544381447,1646.0507017380799,1935.0684171391392,0.048643146,Norepinephrine (hydrochloride),"[('Norepinephrine (hydrochloride)', 0.5, 'uM')]"
smp_1931,plate5,1260.480759381693,1923.931138839743,2259.0757752118448,0.04969945,Ciclopirox,"[('Ciclopirox', 0.5, 'uM')]"
smp_1932,plate5,1058.2919390431778,1527.5740933505433,1797.314402298372,0.05294424,Lidocaine (hydrochloride),"[('Lidocaine (hydrochloride)', 0.5, 'uM')]"
smp_1933,plate5,1335.9723011101685,2096.019584701066,2455.3291901793727,0.046645712,Demeclocycline,"[('Demeclocycline', 0.5, 'uM')]"
smp_1934,plate5,1457.1897520105988,2322.4544046574983,2726.5379261443154,0.04050691,Mitoxantrone (dihydrochloride),"[('Mitoxantrone (dihydrochloride)', 0.5, 'uM')]"
smp_1935,plate5,1370.3533541205777,2188.335986900552,2573.982806974759,0.061092734,Larotrectinib,"[('Larotrectinib', 0.5, 'uM')]"
smp_1936,plate5,1203.047600239903,1847.0570061877386,2162.746829332514,0.034097027,Busulfan,"[('Busulfan', 0.5, 'uM')]"
smp_1937,plate5,1206.1271761199189,1838.595490085965,2155.499524817487,0.045069125,Cepharanthine,"[('Cepharanthine', 0.5, 'uM')]"
smp_1938,plate5,1192.760984976844,1784.9845814977973,2093.0593866485938,0.04284772,Radotinib,"[('Radotinib', 0.5, 'uM')]"
smp_1939,plate5,1575.4353387342323,2538.377963244889,2974.908819051762,0.040330037,Docetaxel,"[('Docetaxel', 0.5, 'uM')]"
smp_1940,plate5,1324.8939307749529,2059.8089674586854,2417.497790224478,0.04211438,Triclosan,"[('Triclosan', 0.5, 'uM')]"
smp_1941,plate5,1258.8248005920566,1937.9557273250555,2274.2249321601844,0.04304212,Tucidinostat,"[('Tucidinostat', 0.5, 'uM')]"
smp_1942,plate5,1142.0737258596325,1734.4876118699954,2036.2519642016016,0.055063874,Bergenin,"[('Bergenin', 0.5, 'uM')]"
smp_1943,plate5,1073.3282649571383,1618.525354218794,1898.171165035607,0.084040985,Allantoin,"[('Allantoin', 0.5, 'uM')]"
smp_1944,plate5,1314.7626104545939,2010.708910891089,2362.464409666773,0.037066203,Bimatoprost,"[('Bimatoprost', 0.5, 'uM')]"
smp_1945,plate5,1267.868460246538,1944.171863611877,2284.9465887124884,0.045230556,Triamcinolone,"[('Triamcinolone', 0.5, 'uM')]"
smp_1946,plate5,1322.7839800150134,2054.50900185821,2411.6628641045518,0.04630935,Olanzapine,"[('Olanzapine', 0.5, 'uM')]"
smp_1947,plate5,1389.0914208728288,2220.469855170091,2606.640090458548,0.055825222,Rimonabant,"[('Rimonabant', 0.5, 'uM')]"
smp_1948,plate5,1342.3496187822632,2101.9449448152227,2467.2519492861616,0.043053493,Pentagastrin,"[('Pentagastrin', 0.5, 'uM')]"
smp_1949,plate5,1575.1509726681595,2639.882726708577,3095.461403556107,0.048203055,Lumateperone (tosylate),"[('Lumateperone (tosylate)', 0.5, 'uM')]"
smp_1950,plate5,1566.6147024992158,2589.5625013071212,3039.5159259646553,0.043103546,Relugolix,"[('Relugolix', 0.5, 'uM')]"
smp_1951,plate5,1272.696285130196,2019.7217874326307,2369.335474012431,0.02596853,Homoharringtonine,"[('Homoharringtonine', 0.5, 'uM')]"
smp_1952,plate5,1504.196833189469,2472.221703711696,2907.110919292188,0.0777499,Hexylresorcinol,"[('Hexylresorcinol', 0.5, 'uM')]"
smp_1953,plate5,1291.030340604669,1929.945686949866,2266.8218140068884,0.028184146,Baicalin,"[('Baicalin', 0.5, 'uM')]"
smp_1954,plate5,1224.714739107892,1840.9952865021132,2159.561456156614,0.028380312,Berberine (chloride hydrate),"[('Berberine (chloride hydrate)', 0.5, 'uM')]"
smp_1955,plate5,969.7812304778026,1379.9503859097597,1620.7198476512908,0.063637726,Medroxyprogesterone acetate,"[('Medroxyprogesterone acetate', 0.5, 'uM')]"
smp_1956,plate5,1133.950302729339,1661.1904234390818,1950.0894054281184,0.037641343,Neratinib (maleate),"[('Neratinib (maleate)', 0.5, 'uM')]"
smp_1957,plate5,1392.8618800854583,2170.1638369925904,2543.500011364153,0.033907335,Sinomenine,"[('Sinomenine', 0.5, 'uM')]"
smp_1958,plate5,1493.1976808014272,2424.7250125794794,2849.7884817711906,0.05226073,Goserelin (acetate),"[('Goserelin (acetate)', 0.5, 'uM')]"
smp_1959,plate5,1315.294533883529,2059.3549488550507,2415.1735586423342,0.05228185,Fusidic acid,"[('Fusidic acid', 0.5, 'uM')]"
smp_1960,plate5,1576.9752906976744,2622.6468263501824,3082.673529694407,0.04343633,Balsalazide (sodium hydrate),"[('Balsalazide (sodium hydrate)', 0.5, 'uM')]"
smp_1961,plate5,1438.4656628676967,2303.767399432407,2703.266903914591,0.037669793,Cloxacillin (sodium),"[('Cloxacillin (sodium)', 0.5, 'uM')]"
smp_1962,plate5,1466.760337142697,2352.044301372679,2763.9149854695984,0.043220058,Artesunate,"[('Artesunate', 0.5, 'uM')]"
smp_1963,plate5,1635.7748112734973,2712.508775013402,3185.6109465765585,0.0491083,Pyridoxine (hydrochloride),"[('Pyridoxine (hydrochloride)', 0.5, 'uM')]"
smp_1964,plate5,1508.6496782977815,2465.338147742745,2894.9336394621387,0.052059196,Folic acid,"[('Folic acid', 0.5, 'uM')]"
smp_1965,plate5,1276.1780556041265,1991.718744535758,2335.849274348662,0.048427574,Selinexor ,"[('Selinexor ', 0.5, 'uM')]"
smp_1966,plate5,1291.1245733536252,1982.2300418150387,2332.535395026522,0.030102476,Adenine,"[('Adenine', 0.5, 'uM')]"
smp_1967,plate5,1324.9005347776902,2073.8853484625142,2434.887559562579,0.057307117,Gallic acid,"[('Gallic acid', 0.5, 'uM')]"
smp_1968,plate5,1471.7741177494452,2377.571831077847,2792.1405508898656,0.045494974,Lipoic acid,"[('Lipoic acid', 0.5, 'uM')]"
smp_1969,plate5,1627.3995075505395,2597.637204239715,3052.667617749316,0.030968385,Amsacrine,"[('Amsacrine', 0.5, 'uM')]"
smp_1970,plate5,1794.0855452402714,3132.7607099908605,3684.574832844293,0.064671144,Anethole trithione,"[('Anethole trithione', 0.5, 'uM')]"
smp_1971,plate5,1487.9437334415861,2416.2699128279633,2828.8557067771985,0.05141777,Clonidine (hydrochloride),"[('Clonidine (hydrochloride)', 0.5, 'uM')]"
smp_1972,plate5,1266.3514672202352,1973.689046335052,2318.7204779042613,0.058637973,Adagrasib,"[('Adagrasib', 0.05, 'uM')]"
smp_1973,plate5,1416.5278901700306,2304.874745655682,2700.186472390486,0.060719397,DMSO_TF,"[('DMSO_TF', 0.0, 'uM')]"
smp_1974,plate5,1445.359622355378,2338.3954449622724,2746.1463419144843,0.054535635,DMSO_TF,"[('DMSO_TF', 0.0, 'uM')]"
smp_1975,plate6,1608.797607959942,2575.4579456488664,3024.637422424684,0.018950801,8-Hydroxyquinoline,"[('8-Hydroxyquinoline', 5.0, 'uM')]"
smp_1976,plate6,1577.4410145967936,2589.64265773311,3044.2128001116694,0.033793014,Chlorhexidine (diacetate),"[('Chlorhexidine (diacetate)', 5.0, 'uM')]"
smp_1977,plate6,1379.953353480871,2155.536407865671,2530.6872975646775,0.04372717,Trifluridine,"[('Trifluridine', 5.0, 'uM')]"
smp_1978,plate6,1407.1328950097857,2235.716920551602,2623.843908114397,0.056068122,Berbamine,"[('Berbamine', 5.0, 'uM')]"
smp_1979,plate6,1747.8376123580385,2953.3009957478876,3471.6720383228376,0.030104961,Retinoic acid,"[('Retinoic acid', 5.0, 'uM')]"
smp_1980,plate6,1663.4801269457457,2796.237900483603,3285.6332741423607,0.05796052,Cysteamine (hydrochloride),"[('Cysteamine (hydrochloride)', 5.0, 'uM')]"
smp_1981,plate6,1581.3281024200608,2674.465958356231,3142.887769432741,0.031318262,Vinblastine (sulfate),"[('Vinblastine (sulfate)', 5.0, 'uM')]"
smp_1982,plate6,1847.756136744071,3278.386325592891,3855.97983440621,0.055573367,Pasireotide (acetate),"[('Pasireotide (acetate)', 5.0, 'uM')]"
smp_1983,plate6,1721.9651445882678,2995.119283943817,3519.139036078215,0.057475034,Riluzole hydrochloride,"[('Riluzole hydrochloride', 5.0, 'uM')]"
smp_1984,plate6,1472.5495328269042,2391.403110327723,2806.642483894617,0.03473159,Palmatine (chloride),"[('Palmatine (chloride)', 5.0, 'uM')]"
smp_1985,plate6,1964.5985235374426,3601.3390554684734,4229.155028568539,0.05683427,Isocorydine,"[('Isocorydine', 5.0, 'uM')]"
smp_1986,plate6,1961.042107841803,3431.722257002096,4031.1713914368925,0.045303166,Raltitrexed,"[('Raltitrexed', 5.0, 'uM')]"
smp_1987,plate6,1554.3705092431112,2566.988350191838,3003.2190094175094,0.043013047,Furosemide,"[('Furosemide', 5.0, 'uM')]"
smp_1988,plate6,1681.211323961616,2886.927693778549,3387.6020856201976,0.046911106,Clotrimazole,"[('Clotrimazole', 5.0, 'uM')]"
smp_1989,plate6,1591.7121802411057,2650.8853645986474,3106.7450749779478,0.0311879,Sodium Salicylate,"[('Sodium Salicylate', 5.0, 'uM')]"
smp_1990,plate6,1536.0893532305015,2611.3001974102453,3071.5682905611134,0.058210965,Gallic acid (hydrate),"[('Gallic acid (hydrate)', 5.0, 'uM')]"
smp_1991,plate6,1569.725808600041,2670.201365931631,3135.0328162652427,0.06477908,(R)-Verapamil (hydrochloride),"[('(R)-Verapamil (hydrochloride)', 5.0, 'uM')]"
smp_1992,plate6,1591.0230380730382,2709.5479603729605,3178.152758352758,0.039792713,Pyridoxine,"[('Pyridoxine', 5.0, 'uM')]"
smp_1993,plate6,1687.006565958033,2899.2455117314844,3410.659190045457,0.04504654,Acetohexamide,"[('Acetohexamide', 5.0, 'uM')]"
smp_1994,plate6,1472.4870187001104,2478.8119591125046,2907.3107353670434,0.057143826,Temsirolimus,"[('Temsirolimus', 5.0, 'uM')]"
smp_1995,plate6,1802.294961081524,3166.7456138788452,3717.5787364408743,0.047592293,Megestrol,"[('Megestrol', 5.0, 'uM')]"
smp_1996,plate6,1613.5145444881027,2748.0267751988076,3223.1567740523415,0.03533312,Diammonium Glycyrrhizinate,"[('Diammonium Glycyrrhizinate', 5.0, 'uM')]"
smp_1997,plate6,1644.8567621920563,2791.5547913524383,3281.845007541478,0.0383087,L-Thyroxine (sodium salt pentahydrate),"[('L-Thyroxine (sodium salt pentahydrate)', 5.0, 'uM')]"
smp_1998,plate6,1469.9525438913013,2379.717303935597,2794.178862496734,0.02947054,Ropivacaine (hydrochloride monohydrate),"[('Ropivacaine (hydrochloride monohydrate)', 5.0, 'uM')]"
smp_1999,plate6,1613.6453365798616,2706.656056062001,3179.649464025893,0.040217828,Salicylic acid,"[('Salicylic acid', 5.0, 'uM')]"
smp_2000,plate6,1568.6238879276664,2604.784662610928,3052.671094491265,0.047195308,Quinestrol,"[('Quinestrol', 5.0, 'uM')]"
smp_2001,plate6,1351.269620743034,2092.7348168214653,2455.7059339525285,0.033188425,Tofacitinib,"[('Tofacitinib', 5.0, 'uM')]"
smp_2002,plate6,1290.3047979909238,2033.6669897636987,2385.7477346492196,0.054033823,Trimetrexate,"[('Trimetrexate', 5.0, 'uM')]"
smp_2003,plate6,1269.5367544608746,1947.9752011326352,2261.453256326127,0.039905127,Gemfibrozil,"[('Gemfibrozil', 5.0, 'uM')]"
smp_2004,plate6,1267.336905358037,1998.2301952929395,2342.532023034552,0.049388662,18β-Glycyrrhetinic acid,"[('18β-Glycyrrhetinic acid', 5.0, 'uM')]"
smp_2005,plate6,1521.1679729048872,2482.8912836589598,2919.125912034186,0.046123363,Tolcapone,"[('Tolcapone', 5.0, 'uM')]"
smp_2006,plate6,1389.8729350319575,2235.0674351834487,2621.376635743244,0.061510976,Terfenadine,"[('Terfenadine', 5.0, 'uM')]"
smp_2007,plate6,1759.6815098741772,3080.262611449046,3610.1886509457545,0.042675212,Aliskiren,"[('Aliskiren', 5.0, 'uM')]"
smp_2008,plate6,1577.0115826397964,2687.033606162735,3161.3756792076483,0.057707004,Fluvoxamine (maleate),"[('Fluvoxamine (maleate)', 5.0, 'uM')]"
smp_2009,plate6,1593.7522339657478,2763.7471209951354,3247.513025055923,0.080414616,S-Adenosyl-L-methionine (disulfate tosylate),"[('S-Adenosyl-L-methionine (disulfate tosylate)', 5.0, 'uM')]"
smp_2010,plate6,1413.182877967691,2189.203124334001,2568.444269212736,0.09443029,Idarubicin (hydrochloride),"[('Idarubicin (hydrochloride)', 5.0, 'uM')]"
smp_2011,plate6,1486.8255154762473,2413.6801655264794,2828.5758383964026,0.040799093,Elagolix sodium,"[('Elagolix sodium', 5.0, 'uM')]"
smp_2012,plate6,1395.809102710426,2225.045757499194,2606.148868695493,0.041784495,Resveratrol,"[('Resveratrol', 5.0, 'uM')]"
smp_2013,plate6,1532.278170015456,2502.1507017001545,2945.0753013910357,0.03867649,Rapamycin,"[('Rapamycin', 5.0, 'uM')]"
smp_2014,plate6,1181.3143010853294,1780.2230538922156,2089.5523250374254,0.039152946,Saquinavir,"[('Saquinavir', 5.0, 'uM')]"
smp_2015,plate6,1590.4560241831007,2678.652979703469,3143.3805419605587,0.039054405,Tofacitinib (citrate),"[('Tofacitinib (citrate)', 5.0, 'uM')]"
smp_2016,plate6,1558.7825743335611,2639.47883202324,3099.7549128503074,0.055863917,Thymol,"[('Thymol', 5.0, 'uM')]"
smp_2017,plate6,1567.9084341242728,2656.995268211615,3121.9879050872496,0.031945694,Almonertinib (hydrochloride),"[('Almonertinib (hydrochloride)', 5.0, 'uM')]"
smp_2018,plate6,1710.1917430733004,2992.769126709755,3518.565534345408,0.054725163,Darinaparsin,"[('Darinaparsin', 5.0, 'uM')]"
smp_2019,plate6,1465.260977921303,2398.4475938081364,2811.253747060269,0.054135382,Vilanterol,"[('Vilanterol', 5.0, 'uM')]"
smp_2020,plate6,1359.2129024503838,2195.2744099397546,2573.537131353195,0.060741495,Lenalidomide (hemihydrate),"[('Lenalidomide (hemihydrate)', 5.0, 'uM')]"
smp_2021,plate6,1383.7056667549023,2266.883793854737,2661.410702286657,0.051903673,Azithromycin (hydrate),"[('Azithromycin (hydrate)', 5.0, 'uM')]"
smp_2022,plate6,1300.6510093228121,2018.7266034769887,2369.6918335901387,0.031097986,Ritonavir,"[('Ritonavir', 5.0, 'uM')]"
smp_2023,plate6,1400.1464664343873,2246.3184401259527,2639.711166179128,0.025422756,Pentamidine (isethionate),"[('Pentamidine (isethionate)', 5.0, 'uM')]"
smp_2024,plate6,1513.129750099167,2540.515569218564,2987.9933756445853,0.060119607,Adenosine,"[('Adenosine', 5.0, 'uM')]"
smp_2025,plate6,1403.6970341818571,2308.4712385235152,2714.187852993924,0.079280004,Sulfisoxazole,"[('Sulfisoxazole', 5.0, 'uM')]"
smp_2026,plate6,1355.3199384141647,2143.0327431357455,2520.808433837995,0.042773616,Norepinephrine (hydrochloride),"[('Norepinephrine (hydrochloride)', 5.0, 'uM')]"
smp_2027,plate6,1311.0677956534012,2060.3744284504655,2420.7592247624425,0.03728332,Ciclopirox,"[('Ciclopirox', 5.0, 'uM')]"
smp_2028,plate6,1205.8690605639144,1823.7861423694526,2147.229864711089,0.042976867,Lidocaine (hydrochloride),"[('Lidocaine (hydrochloride)', 5.0, 'uM')]"
smp_2029,plate6,1838.8935836513026,3357.3645684589997,3937.945715021419,0.041055884,Demeclocycline,"[('Demeclocycline', 5.0, 'uM')]"
smp_2030,plate6,1550.1132313176008,2581.984021632252,3032.4752642576204,0.046120152,Mitoxantrone (dihydrochloride),"[('Mitoxantrone (dihydrochloride)', 5.0, 'uM')]"
smp_2031,plate6,1843.8660617844027,3451.050810110175,4062.2306329660832,0.060241833,Larotrectinib,"[('Larotrectinib', 5.0, 'uM')]"
smp_2032,plate6,1522.2157430160373,2590.3178026383857,3035.010653776513,0.02741139,Busulfan,"[('Busulfan', 5.0, 'uM')]"
smp_2033,plate6,1710.5319052419354,3126.8417842741937,3670.603629032258,0.052275185,Cepharanthine,"[('Cepharanthine', 5.0, 'uM')]"
smp_2034,plate6,1445.4184989843554,2325.0071986030434,2727.0983393321694,0.040503137,Radotinib,"[('Radotinib', 5.0, 'uM')]"
smp_2035,plate6,1654.4076692420495,2810.0478014401715,3294.4303661712884,0.035465304,Docetaxel,"[('Docetaxel', 5.0, 'uM')]"
smp_2036,plate6,1409.3614984537533,2266.546766938431,2661.1594742760753,0.038918015,Triclosan,"[('Triclosan', 5.0, 'uM')]"
smp_2037,plate6,1367.563071325475,2174.788429155641,2552.901401250902,0.042256836,Tucidinostat,"[('Tucidinostat', 5.0, 'uM')]"
smp_2038,plate6,1407.1471614158263,2287.3319321154663,2686.048889832972,0.058700435,Bergenin,"[('Bergenin', 5.0, 'uM')]"
smp_2039,plate6,1348.229253706021,2167.232106122622,2543.036466396624,0.078739375,Allantoin,"[('Allantoin', 5.0, 'uM')]"
smp_2040,plate6,1747.6272853264481,3039.222258082889,3571.517361836235,0.03665964,Bimatoprost,"[('Bimatoprost', 5.0, 'uM')]"
smp_2041,plate6,1650.0445945682097,2826.966827420583,3325.2274635374974,0.04464314,Triamcinolone,"[('Triamcinolone', 5.0, 'uM')]"
smp_2042,plate6,1767.5398224364053,3126.918042595857,3671.6991768682183,0.048362106,Olanzapine,"[('Olanzapine', 5.0, 'uM')]"
smp_2043,plate6,1915.9983247141088,3564.523373880108,4187.552451016098,0.056572724,Rimonabant,"[('Rimonabant', 5.0, 'uM')]"
smp_2044,plate6,2155.888048305524,4058.182658765183,4765.78069180011,0.049133595,Pentagastrin,"[('Pentagastrin', 5.0, 'uM')]"
smp_2045,plate6,1888.1193356593951,3401.287377311116,3989.580439343051,0.054924324,Lumateperone (tosylate),"[('Lumateperone (tosylate)', 5.0, 'uM')]"
smp_2046,plate6,2072.7782656955123,3839.0202062757744,4508.214329117616,0.049868643,Relugolix,"[('Relugolix', 5.0, 'uM')]"
smp_2047,plate6,1299.3103123232577,2210.9841429439243,2594.2360753262533,0.031077633,Homoharringtonine,"[('Homoharringtonine', 5.0, 'uM')]"
smp_2048,plate6,1759.1122139206989,3062.4118951646906,3602.4418734083283,0.084802315,Hexylresorcinol,"[('Hexylresorcinol', 5.0, 'uM')]"
smp_2049,plate6,1716.7807012134015,2842.8084305955995,3340.7511525000386,0.03587454,Baicalin,"[('Baicalin', 5.0, 'uM')]"
smp_2050,plate6,1814.474573253951,3107.418590238081,3646.2697153707695,0.03327977,Berberine (chloride hydrate),"[('Berberine (chloride hydrate)', 5.0, 'uM')]"
smp_2051,plate6,1273.9291537267081,1986.3929484837413,2335.371483375959,0.07571798,Medroxyprogesterone acetate,"[('Medroxyprogesterone acetate', 5.0, 'uM')]"
smp_2052,plate6,1767.3089758944145,2987.581041869288,3510.1438216877928,0.048310235,Neratinib (maleate),"[('Neratinib (maleate)', 5.0, 'uM')]"
smp_2053,plate6,1700.1299524362096,2882.9533288277376,3378.3546116473904,0.0445934,Sinomenine,"[('Sinomenine', 5.0, 'uM')]"
smp_2054,plate6,2035.670580687641,3802.478849936267,4472.296016477719,0.06456117,Goserelin (acetate),"[('Goserelin (acetate)', 5.0, 'uM')]"
smp_2055,plate6,1750.7615401835683,3043.5049697783747,3571.9310723080366,0.059185565,Fusidic acid,"[('Fusidic acid', 5.0, 'uM')]"
smp_2056,plate6,2058.9262859189985,3803.5795780224753,4471.823110717249,0.04745639,Balsalazide (sodium hydrate),"[('Balsalazide (sodium hydrate)', 5.0, 'uM')]"
smp_2057,plate6,1723.0234979003965,2957.8356422432403,3470.701797417684,0.04552173,Cloxacillin (sodium),"[('Cloxacillin (sodium)', 5.0, 'uM')]"
smp_2058,plate6,1579.7747185511503,2609.644850010489,3068.2861950213273,0.041497726,Artesunate,"[('Artesunate', 5.0, 'uM')]"
smp_2059,plate6,1971.2568203743006,3525.81737410766,4142.799344009261,0.054120343,Pyridoxine (hydrochloride),"[('Pyridoxine (hydrochloride)', 5.0, 'uM')]"
smp_2060,plate6,2094.526583788247,3913.2439928437084,4596.484490114225,0.059899934,Folic acid,"[('Folic acid', 5.0, 'uM')]"
smp_2061,plate6,1617.903908903987,2687.8604617378865,3152.263934829251,0.059065253,Selinexor ,"[('Selinexor ', 5.0, 'uM')]"
smp_2062,plate6,1972.7511831924076,3510.2022904267837,4132.994215503785,0.039113514,Adenine,"[('Adenine', 5.0, 'uM')]"
smp_2063,plate6,1880.3954181604279,3346.257581418272,3931.574709263042,0.061483245,Gallic acid,"[('Gallic acid', 5.0, 'uM')]"
smp_2064,plate6,1674.929588616807,2844.371269547397,3340.6922369325,0.045449257,Lipoic acid,"[('Lipoic acid', 5.0, 'uM')]"
smp_2065,plate6,1793.5925618238023,2957.2387364760434,3476.73156877898,0.03721343,Amsacrine,"[('Amsacrine', 5.0, 'uM')]"
smp_2066,plate6,2229.688468499412,4309.006684544962,5070.239969879916,0.070690945,Anethole trithione,"[('Anethole trithione', 5.0, 'uM')]"
smp_2067,plate6,2192.95801365873,4167.229186549497,4879.412736579864,0.06252228,Clonidine (hydrochloride),"[('Clonidine (hydrochloride)', 5.0, 'uM')]"
smp_2068,plate6,1746.3855364344581,3056.808763975518,3593.5785593213263,0.0631584,Adagrasib,"[('Adagrasib', 0.05, 'uM')]"
smp_2069,plate6,1430.102857656183,2317.330831345384,2714.9497439787597,0.057178773,DMSO_TF,"[('DMSO_TF', 0.0, 'uM')]"
smp_2070,plate6,1813.522004068199,3179.1881760325455,3734.290308781548,0.05911275,DMSO_TF,"[('DMSO_TF', 0.0, 'uM')]"
smp_2071,plate7,1297.6740964080584,1955.8658036704335,2321.101105116928,0.02100522,Sivelestat (sodium tetrahydrate),"[('Sivelestat (sodium tetrahydrate)', 0.05, 'uM')]"
smp_2072,plate7,1258.1360375323186,1924.7449274866017,2287.1690666575346,0.0431765,Posaconazole,"[('Posaconazole', 0.05, 'uM')]"
smp_2073,plate7,1218.9102759534426,1863.2815950308436,2211.0297465559242,0.05122527,Tetracycline (hydrochloride),"[('Tetracycline (hydrochloride)', 0.05, 'uM')]"
smp_2074,plate7,1205.110088337911,1852.4349343033182,2198.2240368198354,0.057413135,Entecavir (monohydrate),"[('Entecavir (monohydrate)', 0.05, 'uM')]"
smp_2075,plate7,1469.7085377821393,2384.1656035328756,2834.7395555867097,0.041178167,Sildenafil,"[('Sildenafil', 0.05, 'uM')]"
smp_2076,plate7,1257.0827064848338,1917.8578851601044,2278.328143465456,0.060145903,Dimethyl fumarate,"[('Dimethyl fumarate', 0.05, 'uM')]"
smp_2077,plate7,1334.9940540049095,2087.0679334484953,2480.2455132284754,0.0390213,Berbamine (dihydrochloride),"[('Berbamine (dihydrochloride)', 0.05, 'uM')]"
smp_2078,plate7,1511.892503465206,2494.8066665553347,2966.100265526628,0.059727542,Daidzin,"[('Daidzin', 0.05, 'uM')]"
smp_2079,plate7,1272.5692140002423,1981.90913337601,2354.384314607519,0.06594876,Fumaric acid,"[('Fumaric acid', 0.05, 'uM')]"
smp_2080,plate7,1093.139491405788,1602.230736946527,1901.2077490986094,0.04309051,Pravastatin (sodium),"[('Pravastatin (sodium)', 0.05, 'uM')]"
smp_2081,plate7,1330.7505713626738,2142.3677059526553,2545.8553875830835,0.07552748,Almonertinib (mesylate),"[('Almonertinib (mesylate)', 0.05, 'uM')]"
smp_2082,plate7,1291.0990367754798,1987.5343373928083,2362.336191780164,0.051835667,Irinotecan (hydrochloride),"[('Irinotecan (hydrochloride)', 0.05, 'uM')]"
smp_2083,plate7,1303.0689673773786,2048.7428490512602,2426.5535866003156,0.060073767,Rucaparib (phosphate),"[('Rucaparib (phosphate)', 0.05, 'uM')]"
smp_2084,plate7,1361.1385552115582,2165.2740557275542,2568.504375644995,0.05367635,crizotinib,"[('crizotinib', 0.05, 'uM')]"
smp_2085,plate7,787.771254698407,1220.6006204880377,1447.288228625977,0.09643813,Dinaciclib,"[('Dinaciclib', 0.05, 'uM')]"
smp_2086,plate7,1156.4580809756908,1750.7736455654194,2080.299614203933,0.04338514,Bosentan (hydrate),"[('Bosentan (hydrate)', 0.05, 'uM')]"
smp_2087,plate7,1192.3671743529662,1852.2742358078604,2199.1557141335607,0.0682231,Bestatin,"[('Bestatin', 0.05, 'uM')]"
smp_2088,plate7,1131.5437728756553,1683.348481551093,1996.5595607874172,0.036828425,Tadalafil,"[('Tadalafil', 0.05, 'uM')]"
smp_2089,plate7,1335.013395948102,2069.479906077847,2462.151253800536,0.046725187,Belumosudil,"[('Belumosudil', 0.05, 'uM')]"
smp_2090,plate7,1090.5450009782821,1654.1628676710363,1961.009913258984,0.06843828,Flumatinib (mesylate),"[('Flumatinib (mesylate)', 0.05, 'uM')]"
smp_2091,plate7,1468.7839154591395,2335.377962978474,2772.7752184716755,0.04571861,Cytarabine,"[('Cytarabine', 0.05, 'uM')]"
smp_2092,plate7,1033.3190984969463,1486.5479973001004,1760.8446240719095,0.030546933,Afatinib,"[('Afatinib', 0.05, 'uM')]"
smp_2093,plate7,1107.0273610468575,1588.8296873967352,1888.7949243275395,0.040702745,Topotecan (hydrochloride),"[('Topotecan (hydrochloride)', 0.05, 'uM')]"
smp_2094,plate7,1149.5959476572393,1715.743323483889,2038.0022794428028,0.03540573,Naproxen,"[('Naproxen', 0.05, 'uM')]"
smp_2095,plate7,1774.4087854306013,3058.310326916469,3635.511383341724,0.05435218,Lucanthone,"[('Lucanthone', 0.05, 'uM')]"
smp_2096,plate7,1560.9454818503368,2610.938506530717,3097.7563578161125,0.066444345,Trametinib (DMSO_TF solvate),"[('Trametinib (DMSO_TF solvate)', 0.05, 'uM')]"
smp_2097,plate7,1431.7542832294534,2282.164429627482,2710.551674155675,0.044056144,Benproperine (phosphate),"[('Benproperine (phosphate)', 0.05, 'uM')]"
smp_2098,plate7,1310.5647477867944,2088.571352821837,2478.7144158059755,0.0666475,Erlotinib,"[('Erlotinib', 0.05, 'uM')]"
smp_2099,plate7,1384.424382299857,2195.2592058585565,2576.8615023961165,0.0565379,Fenofibrate,"[('Fenofibrate', 0.05, 'uM')]"
smp_2100,plate7,1298.8709370677732,2045.1439027201475,2426.9431381589056,0.057602208,(S)-Crizotinib,"[('(S)-Crizotinib', 0.05, 'uM')]"
smp_2101,plate7,1516.3911246258374,2476.7936047892813,2945.0996911673874,0.05370569,Rutin (trihydrate),"[('Rutin (trihydrate)', 0.05, 'uM')]"
smp_2102,plate7,1389.1333756434667,2260.6262886961426,2682.981115577181,0.071258694,Pexidartinib (hydrochloride),"[('Pexidartinib (hydrochloride)', 0.05, 'uM')]"
smp_2103,plate7,1642.9666469215797,2796.761946784976,3318.320039651358,0.06239955,Tirabrutinib,"[('Tirabrutinib', 0.05, 'uM')]"
smp_2104,plate7,1569.5418149806712,2681.9945267347953,3190.917913780125,0.07569559,Diphenhydramine,"[('Diphenhydramine', 0.05, 'uM')]"
smp_2105,plate7,1229.0555846148482,1976.6594832095407,2348.7120689053945,0.080485255,Harringtonine,"[('Harringtonine', 0.05, 'uM')]"
smp_2106,plate7,1407.569351035025,2345.8974582933006,2785.556249454101,0.0728788,Epirubicin (hydrochloride),"[('Epirubicin (hydrochloride)', 0.05, 'uM')]"
smp_2107,plate7,1306.0562264002517,2059.2513766519824,2443.574535871617,0.055452827,Phenytoin (sodium),"[('Phenytoin (sodium)', 0.05, 'uM')]"
smp_2108,plate7,1110.6550735138726,1675.9617486338798,1984.910877637895,0.04694615,Orlistat,"[('Orlistat', 0.05, 'uM')]"
smp_2109,plate7,1355.6916836400042,2095.639365484862,2493.5536299927503,0.039015606,Sacubitril/Valsartan,"[('Sacubitril/Valsartan', 0.05, 'uM')]"
smp_2110,plate7,975.9359517564508,1390.1235680498576,1649.400273499675,0.0501706,Monocrotaline,"[('Monocrotaline', 0.05, 'uM')]"
smp_2111,plate7,1284.1815867723915,1991.067512164354,2363.1178816002885,0.05126863,Finasteride,"[('Finasteride', 0.05, 'uM')]"
smp_2112,plate7,1038.6245048773278,1514.873780668046,1798.6398462902748,0.054469667,Hydroxyurea,"[('Hydroxyurea', 0.05, 'uM')]"
smp_2113,plate7,1271.363257700318,1956.506434286967,2323.1934451386605,0.03747364,Doxycycline (monohydrate),"[('Doxycycline (monohydrate)', 0.05, 'uM')]"
smp_2114,plate7,1319.6926691046474,2159.1198808457048,2566.4965973214503,0.06395096,Pitavastatin (Calcium),"[('Pitavastatin (Calcium)', 0.05, 'uM')]"
smp_2115,plate7,1057.1449809558915,1573.5337265020273,1866.3066224351885,0.06836178,Cobimetinib,"[('Cobimetinib', 0.05, 'uM')]"
smp_2116,plate7,1015.4154761480637,1496.0060208771242,1773.8868502618548,0.064756006,Simotinib,"[('Simotinib', 0.05, 'uM')]"
smp_2117,plate7,1263.4609218436874,2012.9964984914884,2391.0512013037064,0.07526259,Procainamide (hydrochloride),"[('Procainamide (hydrochloride)', 0.05, 'uM')]"
smp_2118,plate7,1241.0954366282594,1926.610407822923,2287.542241510006,0.05003103,Silodosin,"[('Silodosin', 0.05, 'uM')]"
smp_2119,plate7,1272.953697374241,1990.1257187663357,2364.6594756524187,0.044070736,Nevirapine,"[('Nevirapine', 0.05, 'uM')]"
smp_2120,plate7,1223.7586338750325,1928.1697749196142,2293.206743721213,0.077987164,Cilostazol,"[('Cilostazol', 0.05, 'uM')]"
smp_2121,plate7,1066.8305235312698,1615.8656625078963,1919.8944843651295,0.08584048,Dorzolamide (hydrochloride),"[('Dorzolamide (hydrochloride)', 0.05, 'uM')]"
smp_2122,plate7,1032.7099652166057,1492.8753896191895,1774.4799204950987,0.051402766,Roxadustat,"[('Roxadustat', 0.05, 'uM')]"
smp_2123,plate7,969.2021776962514,1370.083274540238,1625.595409435116,0.040690236,Canagliflozin,"[('Canagliflozin', 0.05, 'uM')]"
smp_2124,plate7,977.3608579494855,1391.2879852966255,1654.409117608049,0.05573969,Decitabine,"[('Decitabine', 0.05, 'uM')]"
smp_2125,plate7,1245.3448553313378,1927.117826912555,2284.212593736925,0.05157488,Ligustrazine,"[('Ligustrazine', 0.05, 'uM')]"
smp_2126,plate7,1161.0579467755424,1743.8262416580583,2071.0802958007444,0.03911228,Thymopentin,"[('Thymopentin', 0.05, 'uM')]"
smp_2127,plate7,1198.5169434035406,1846.1052300038764,2196.217130766249,0.06356234,Verteporfin,"[('Verteporfin', 0.05, 'uM')]"
smp_2128,plate7,1078.0428636853114,1628.7625725637756,1930.0437301184538,0.032927908,Hesperidin,"[('Hesperidin', 0.05, 'uM')]"
smp_2129,plate7,1138.143271177084,1721.2726032018647,2041.691575170214,0.062158365,Mebendazole,"[('Mebendazole', 0.05, 'uM')]"
smp_2130,plate7,1299.257597911227,2067.115404699739,2453.8924804177545,0.054607674,Betamethasone dipropionate,"[('Betamethasone dipropionate', 0.05, 'uM')]"
smp_2131,plate7,1427.3872459822483,2282.0045976692177,2706.0469490089313,0.05142166,Levobupivacaine (hydrochloride),"[('Levobupivacaine (hydrochloride)', 0.05, 'uM')]"
smp_2132,plate7,1213.650319719472,1862.6861205651815,2213.065800330033,0.051819626,Rosiglitazone,"[('Rosiglitazone', 0.05, 'uM')]"
smp_2133,plate7,1311.2362014309163,2043.0159505820145,2425.9807289904647,0.047283474,Quinidine (15% dihydroquinidine),"[('Quinidine (15% dihydroquinidine)', 0.05, 'uM')]"
smp_2134,plate7,1165.2203644488964,1803.034133374427,2141.5387114586947,0.07004253,Verapamil,"[('Verapamil', 0.05, 'uM')]"
smp_2135,plate7,949.992840632786,1419.2184132320715,1685.8583886170563,0.10449067,Bisoprolol (hemifumarate),"[('Bisoprolol (hemifumarate)', 0.05, 'uM')]"
smp_2136,plate7,1325.239524999544,2070.379982123639,2460.530946170263,0.051926292,Penfluridol,"[('Penfluridol', 0.05, 'uM')]"
smp_2137,plate7,1220.4819181882701,1882.8770404542229,2239.4475772630494,0.05431981,Ferulic acid,"[('Ferulic acid', 0.05, 'uM')]"
smp_2138,plate7,1234.2992882393037,1895.8142130209408,2251.4547817954126,0.05205543,Pemetrexed,"[('Pemetrexed', 0.05, 'uM')]"
smp_2139,plate7,1265.4956578821404,1981.2450732347752,2353.6090452811095,0.063343436,Fluvoxamine,"[('Fluvoxamine', 0.05, 'uM')]"
smp_2140,plate7,1366.6699416958618,2100.75934999289,2494.854071593862,0.044784576,Cytarabine (hydrochloride),"[('Cytarabine (hydrochloride)', 0.05, 'uM')]"
smp_2141,plate7,1272.3670407802408,2027.1415861671042,2404.9224784558974,0.06366273,Bendamustine,"[('Bendamustine', 0.05, 'uM')]"
smp_2142,plate7,1287.9126196349284,2042.848978786384,2426.313428712383,0.05198861,Altretamine,"[('Altretamine', 0.05, 'uM')]"
smp_2143,plate7,1111.9561282288803,1655.9884132359418,1965.2138919682313,0.046993416,Rifaximin,"[('Rifaximin', 0.05, 'uM')]"
smp_2144,plate7,1321.165506725645,2139.295022569785,2544.4442548951524,0.09823976,Dexmedetomidine,"[('Dexmedetomidine', 0.05, 'uM')]"
smp_2145,plate7,1179.5150318431567,1738.860374000999,2067.0940934065934,0.03427177,Doxorubicin (hydrochloride),"[('Doxorubicin (hydrochloride)', 0.05, 'uM')]"
smp_2146,plate7,1095.8237475866274,1626.6150797683163,1931.4450767198455,0.04144834,Menadione,"[('Menadione', 0.05, 'uM')]"
smp_2147,plate7,902.3513840709613,1286.5272274346378,1529.4146159756012,0.07246248,Glycyrrhizic acid,"[('Glycyrrhizic acid', 0.05, 'uM')]"
smp_2148,plate7,971.7230950721219,1396.457665290364,1657.9598637996676,0.041770566,"Dapagliflozin ((2S)-1,2-propanediol, hydrate)","[('Dapagliflozin ((2S)-1,2-propanediol, hydrate)', 0.05, 'uM')]"
smp_2149,plate7,1168.7083026312662,1759.4103539255068,2086.4690879703357,0.039428383,Imiquimod (maleate),"[('Imiquimod (maleate)', 0.05, 'uM')]"
smp_2150,plate7,1251.4514582991972,1960.2722841225627,2330.162215303949,0.06584406,Clofarabine,"[('Clofarabine', 0.05, 'uM')]"
smp_2151,plate7,1074.4638319991684,1597.647239837821,1897.185092005406,0.058592632,Mozavaptan,"[('Mozavaptan', 0.05, 'uM')]"
smp_2152,plate7,1285.5421718677533,2013.6960345855696,2394.7466540780492,0.051178906,Adagrasib,"[('Adagrasib', 0.05, 'uM')]"
smp_2153,plate7,1247.5438033135674,1930.1781682787966,2291.769626287898,0.043901414,Sulfatinib,"[('Sulfatinib', 0.05, 'uM')]"
smp_2154,plate7,1138.4292191622997,1720.5220017095924,2046.3697922473705,0.0552963,Arbutin,"[('Arbutin', 0.05, 'uM')]"
smp_2155,plate7,1296.9813208509884,2031.3449652816291,2412.7214987687735,0.063384175,Docetaxel (Trihydrate),"[('Docetaxel (Trihydrate)', 0.05, 'uM')]"
smp_2156,plate7,1161.1761624329788,1762.1129120154699,2093.982244880021,0.060649253,Tranilast,"[('Tranilast', 0.05, 'uM')]"
smp_2157,plate7,1207.609385459901,1832.8272057839067,2173.9543044584284,0.051410347,Macitentan,"[('Macitentan', 0.05, 'uM')]"
smp_2158,plate7,1116.1629430375335,1631.1831663159069,1941.9010439169883,0.037379846,Eplerenone,"[('Eplerenone', 0.05, 'uM')]"
smp_2159,plate7,1105.7166544648687,1663.634697956034,1976.4303804982292,0.06375821,Mifepristone,"[('Mifepristone', 0.05, 'uM')]"
smp_2160,plate7,1098.735526871454,1621.2836237445606,1925.8670106310706,0.048894998,Apalutamide,"[('Apalutamide', 0.05, 'uM')]"
smp_2161,plate7,1238.1383557494923,1825.3106778691374,2170.0116885593457,0.03175943,Niclosamide (olamine),"[('Niclosamide (olamine)', 0.05, 'uM')]"
smp_2162,plate7,1286.133798631921,1999.2946174562835,2378.811554071995,0.07165561,Peretinoin,"[('Peretinoin', 0.05, 'uM')]"
smp_2163,plate7,1232.0749813875989,1890.2003757932428,2240.0036279410547,0.056128196,Tolmetin,"[('Tolmetin', 0.05, 'uM')]"
smp_2164,plate7,1100.4345697063327,1660.7598521318123,1973.7785977350786,0.07353499,Adagrasib,"[('Adagrasib', 0.05, 'uM')]"
smp_2165,plate7,1030.028894386817,1532.113602832694,1816.4624917720225,0.066732354,DMSO_TF,"[('DMSO_TF', 0.0, 'uM')]"
smp_2166,plate7,1089.1839056465922,1637.5755314337405,1944.9088125804544,0.06321962,DMSO_TF,"[('DMSO_TF', 0.0, 'uM')]"
smp_2167,plate8,1186.3905330193727,1751.411792250883,2071.235135930643,0.025379447,Sivelestat (sodium tetrahydrate),"[('Sivelestat (sodium tetrahydrate)', 0.5, 'uM')]"
smp_2168,plate8,1180.0504703616941,1773.765027657513,2100.264800755522,0.047392286,Posaconazole,"[('Posaconazole', 0.5, 'uM')]"
smp_2169,plate8,1230.2682944293283,1921.9635441173461,2273.5899020069146,0.06201399,Tetracycline (hydrochloride),"[('Tetracycline (hydrochloride)', 0.5, 'uM')]"
smp_2170,plate8,1264.0084737237637,1953.6769925381525,2311.591018562899,0.06260089,Entecavir (monohydrate),"[('Entecavir (monohydrate)', 0.5, 'uM')]"
smp_2171,plate8,1834.8898402969214,3281.3951303651456,3888.6209939476075,0.058208138,Sildenafil,"[('Sildenafil', 0.5, 'uM')]"
smp_2172,plate8,1652.4714677995235,2801.194816900621,3318.2685247940526,0.06774423,Dimethyl fumarate,"[('Dimethyl fumarate', 0.5, 'uM')]"
smp_2173,plate8,1569.7910588716518,2616.194853317132,3099.320085657742,0.044575088,Berbamine (dihydrochloride),"[('Berbamine (dihydrochloride)', 0.5, 'uM')]"
smp_2174,plate8,1752.444125967838,3038.886657484614,3601.3646267619615,0.06138734,Daidzin,"[('Daidzin', 0.5, 'uM')]"
smp_2175,plate8,1659.313967300432,2832.712951964471,3354.8803840421265,0.067924954,Fumaric acid,"[('Fumaric acid', 0.5, 'uM')]"
smp_2176,plate8,1410.213175763907,2291.549483474072,2712.5940265807726,0.060779937,Pravastatin (sodium),"[('Pravastatin (sodium)', 0.5, 'uM')]"
smp_2177,plate8,1730.5402238046795,3044.0227110885044,3605.520427263479,0.07639969,Almonertinib (mesylate),"[('Almonertinib (mesylate)', 0.5, 'uM')]"
smp_2178,plate8,1804.5079626671152,3151.8778693349027,3734.289254183133,0.06763539,Irinotecan (hydrochloride),"[('Irinotecan (hydrochloride)', 0.5, 'uM')]"
smp_2179,plate8,1326.0122627989958,2093.348802092851,2472.0009425523936,0.068936996,Rucaparib (phosphate),"[('Rucaparib (phosphate)', 0.5, 'uM')]"
smp_2180,plate8,1537.768650627615,2523.617740585774,2984.213661087866,0.05973902,crizotinib,"[('crizotinib', 0.5, 'uM')]"
smp_2181,plate8,734.626732136402,1144.63073864321,1352.6499578262442,0.123909004,Dinaciclib,"[('Dinaciclib', 0.5, 'uM')]"
smp_2182,plate8,1284.129925177488,1983.9254740991637,2349.1701303174696,0.03910273,Bosentan (hydrate),"[('Bosentan (hydrate)', 0.5, 'uM')]"
smp_2183,plate8,1438.9934098496935,2367.4714337431787,2803.188070688245,0.08050133,Bestatin,"[('Bestatin', 0.5, 'uM')]"
smp_2184,plate8,1317.3100789056039,2050.241790911326,2424.619546832972,0.040038757,Tadalafil,"[('Tadalafil', 0.5, 'uM')]"
smp_2185,plate8,1494.8061572608822,2426.2810226478687,2876.121713455821,0.05196843,Belumosudil,"[('Belumosudil', 0.5, 'uM')]"
smp_2186,plate8,1296.3534473660711,2057.75010756529,2432.5853743678003,0.07586051,Flumatinib (mesylate),"[('Flumatinib (mesylate)', 0.5, 'uM')]"
smp_2187,plate8,1692.81839787212,2831.8737089364054,3351.045728695292,0.055973396,Cytarabine,"[('Cytarabine', 0.5, 'uM')]"
smp_2188,plate8,1321.1618411584454,2031.6263593218146,2400.2254473128887,0.03259745,Afatinib,"[('Afatinib', 0.5, 'uM')]"
smp_2189,plate8,1722.624713208784,2704.4390733868327,3204.5779913513284,0.06312655,Topotecan (hydrochloride),"[('Topotecan (hydrochloride)', 0.5, 'uM')]"
smp_2190,plate8,1343.093190749484,2087.899444460151,2471.532286336264,0.0501793,Naproxen,"[('Naproxen', 0.5, 'uM')]"
smp_2191,plate8,1706.109430371029,2949.3087316395145,3493.154584955985,0.06155056,Lucanthone,"[('Lucanthone', 0.5, 'uM')]"
smp_2192,plate8,1497.7521427962852,2478.844807020533,2930.563781204737,0.06863511,Trametinib (DMSO_TF solvate),"[('Trametinib (DMSO_TF solvate)', 0.5, 'uM')]"
smp_2193,plate8,1374.5876705465646,2179.2192899670267,2579.7498456196768,0.048657406,Benproperine (phosphate),"[('Benproperine (phosphate)', 0.5, 'uM')]"
smp_2194,plate8,1257.1063994668402,1965.8881681933015,2325.118000340974,0.065163024,Erlotinib,"[('Erlotinib', 0.5, 'uM')]"
smp_2195,plate8,1422.0233829612328,2303.9191121781905,2696.7742082805958,0.06141135,Fenofibrate,"[('Fenofibrate', 0.5, 'uM')]"
smp_2196,plate8,1367.8562989405805,2172.490833717181,2569.1386918470753,0.05159342,(S)-Crizotinib,"[('(S)-Crizotinib', 0.5, 'uM')]"
smp_2197,plate8,1619.2644228326371,2733.3754052213853,3239.085779905084,0.055275477,Rutin (trihydrate),"[('Rutin (trihydrate)', 0.5, 'uM')]"
smp_2198,plate8,1484.6117905102954,2451.2108504923904,2899.522381378693,0.068329185,Pexidartinib (hydrochloride),"[('Pexidartinib (hydrochloride)', 0.5, 'uM')]"
smp_2199,plate8,1808.5312014874976,3201.970635957796,3785.3090240928987,0.06283207,Tirabrutinib,"[('Tirabrutinib', 0.5, 'uM')]"
smp_2200,plate8,1618.8270651907274,2775.4760440941986,3291.49144486692,0.074901536,Diphenhydramine,"[('Diphenhydramine', 0.5, 'uM')]"
smp_2201,plate8,1419.41545093666,2390.736853055484,2831.1972104093675,0.08525569,Harringtonine,"[('Harringtonine', 0.5, 'uM')]"
smp_2202,plate8,1959.0900114877343,3568.605665343396,4223.337957509924,0.07567507,Epirubicin (hydrochloride),"[('Epirubicin (hydrochloride)', 0.5, 'uM')]"
smp_2203,plate8,1692.6375717932356,2915.814582003829,3449.2611359285256,0.06304237,Phenytoin (sodium),"[('Phenytoin (sodium)', 0.5, 'uM')]"
smp_2204,plate8,1289.488771066086,2024.7988133560564,2391.659559426876,0.050054118,Orlistat,"[('Orlistat', 0.5, 'uM')]"
smp_2205,plate8,1667.8318514426678,2774.4714985130645,3289.6361889051163,0.046457537,Sacubitril/Valsartan,"[('Sacubitril/Valsartan', 0.5, 'uM')]"
smp_2206,plate8,1180.3096556263188,1778.074033566271,2103.7881298515263,0.052195128,Monocrotaline,"[('Monocrotaline', 0.5, 'uM')]"
smp_2207,plate8,1755.6986264816583,3055.2149317454077,3617.831385877198,0.06362254,Finasteride,"[('Finasteride', 0.5, 'uM')]"
smp_2208,plate8,1421.4826407353946,2291.9393375370355,2712.9100698928814,0.054906834,Hydroxyurea,"[('Hydroxyurea', 0.5, 'uM')]"
smp_2209,plate8,1480.1022909414717,2395.8764510645187,2836.3383469602527,0.034372654,Doxycycline (monohydrate),"[('Doxycycline (monohydrate)', 0.5, 'uM')]"
smp_2210,plate8,1762.3317619655038,3286.374577117187,3895.566690699351,0.0821463,Pitavastatin (Calcium),"[('Pitavastatin (Calcium)', 0.5, 'uM')]"
smp_2211,plate8,1461.2557439550517,2466.959245510184,2919.59877596067,0.08988228,Cobimetinib,"[('Cobimetinib', 0.5, 'uM')]"
smp_2212,plate8,1404.1971234309624,2318.621391213389,2743.1695258019527,0.07479262,Simotinib,"[('Simotinib', 0.5, 'uM')]"
smp_2213,plate8,1663.8573394495413,2929.7820773263434,3471.5756716906944,0.07870079,Procainamide (hydrochloride),"[('Procainamide (hydrochloride)', 0.5, 'uM')]"
smp_2214,plate8,1444.9667857501543,2358.472775793053,2792.527855492905,0.06362331,Silodosin,"[('Silodosin', 0.5, 'uM')]"
smp_2215,plate8,1345.3878495894983,2112.4796406590126,2501.4621929524083,0.05299106,Nevirapine,"[('Nevirapine', 0.5, 'uM')]"
smp_2216,plate8,1471.8893758487504,2504.2156752085502,2968.7508156822632,0.09659844,Cilostazol,"[('Cilostazol', 0.5, 'uM')]"
smp_2217,plate8,1243.5571284016535,1949.9084890630381,2309.519634860489,0.09080303,Dorzolamide (hydrochloride),"[('Dorzolamide (hydrochloride)', 0.5, 'uM')]"
smp_2218,plate8,1163.6863496322235,1764.7278452950738,2090.556667159309,0.07040727,Roxadustat,"[('Roxadustat', 0.5, 'uM')]"
smp_2219,plate8,1126.9879294150562,1660.821858950019,1966.240792182098,0.048266906,Canagliflozin,"[('Canagliflozin', 0.5, 'uM')]"
smp_2220,plate8,993.7239677603998,1420.6153215451493,1683.8185516931978,0.06856726,Decitabine,"[('Decitabine', 0.5, 'uM')]"
smp_2221,plate8,1407.7009245237905,2276.5621064796364,2691.342761217821,0.06316875,Ligustrazine,"[('Ligustrazine', 0.5, 'uM')]"
smp_2222,plate8,1553.5857939772714,2625.4919009313626,3109.5470136591675,0.06084719,Thymopentin,"[('Thymopentin', 0.5, 'uM')]"
smp_2223,plate8,1452.7964450009526,2425.413397936685,2876.536951846912,0.082853965,Verteporfin,"[('Verteporfin', 0.5, 'uM')]"
smp_2224,plate8,1183.0937427688623,1848.9452679434303,2185.266350878626,0.04670746,Hesperidin,"[('Hesperidin', 0.5, 'uM')]"
smp_2225,plate8,1219.9736988518537,1935.4805523241112,2289.2294648727934,0.08604462,Mebendazole,"[('Mebendazole', 0.5, 'uM')]"
smp_2226,plate8,1302.621815685474,2051.745533146557,2427.4352746906134,0.06274428,Betamethasone dipropionate,"[('Betamethasone dipropionate', 0.5, 'uM')]"
smp_2227,plate8,1482.2422377333837,2400.3096081330445,2838.065639720799,0.06117625,Levobupivacaine (hydrochloride),"[('Levobupivacaine (hydrochloride)', 0.5, 'uM')]"
smp_2228,plate8,1381.6329376920187,2228.529164732666,2638.555179806821,0.05936149,Rosiglitazone,"[('Rosiglitazone', 0.5, 'uM')]"
smp_2229,plate8,1423.4425231006924,2308.5131968585038,2732.5153757019343,0.06584744,Quinidine (15% dihydroquinidine),"[('Quinidine (15% dihydroquinidine)', 0.5, 'uM')]"
smp_2230,plate8,1424.5071808543312,2393.470570168434,2834.1604358883005,0.08934382,Verapamil,"[('Verapamil', 0.5, 'uM')]"
smp_2231,plate8,1306.2637136822877,2148.24257472839,2544.90376163023,0.10955885,Bisoprolol (hemifumarate),"[('Bisoprolol (hemifumarate)', 0.5, 'uM')]"
smp_2232,plate8,1795.914668013128,3173.5014726920813,3760.8333964487083,0.072600804,Penfluridol,"[('Penfluridol', 0.5, 'uM')]"
smp_2233,plate8,1819.9300802314876,3281.641799289754,3890.3552545048005,0.066331334,Ferulic acid,"[('Ferulic acid', 0.5, 'uM')]"
smp_2234,plate8,1761.5817720494954,3099.905624299031,3670.146628913935,0.06839058,Pemetrexed,"[('Pemetrexed', 0.5, 'uM')]"
smp_2235,plate8,1822.6370401691331,3295.3063002114163,3903.8402174569615,0.073916964,Fluvoxamine,"[('Fluvoxamine', 0.5, 'uM')]"
smp_2236,plate8,1834.0479739621774,3216.4058004331573,3808.9831576909583,0.0625349,Cytarabine (hydrochloride),"[('Cytarabine (hydrochloride)', 0.5, 'uM')]"
smp_2237,plate8,1550.0038094223264,2646.1527098845186,3131.5807637492176,0.07686592,Bendamustine,"[('Bendamustine', 0.5, 'uM')]"
smp_2238,plate8,1651.9301004325196,2841.3909659604624,3364.278425335386,0.066930965,Altretamine,"[('Altretamine', 0.5, 'uM')]"
smp_2239,plate8,1269.4812569497903,1972.0543794371738,2333.3011718415873,0.06171957,Rifaximin,"[('Rifaximin', 0.5, 'uM')]"
smp_2240,plate8,1603.6860657858176,2736.558182985369,3244.0604106583373,0.10357173,Dexmedetomidine,"[('Dexmedetomidine', 0.5, 'uM')]"
smp_2241,plate8,1744.9310907779338,2969.649834845666,3519.1219674247313,0.05054554,Doxorubicin (hydrochloride),"[('Doxorubicin (hydrochloride)', 0.5, 'uM')]"
smp_2242,plate8,1468.729841941915,2416.172240149631,2860.0071115861306,0.05524103,Menadione,"[('Menadione', 0.5, 'uM')]"
smp_2243,plate8,1200.0460656665723,1865.2562505896783,2211.457613925842,0.071738265,Glycyrrhizic acid,"[('Glycyrrhizic acid', 0.5, 'uM')]"
smp_2244,plate8,1472.8396554362798,2369.433678042808,2805.445702791928,0.04262416,"Dapagliflozin ((2S)-1,2-propanediol, hydrate)","[('Dapagliflozin ((2S)-1,2-propanediol, hydrate)', 0.5, 'uM')]"
smp_2245,plate8,1543.8164129307202,2580.541789329072,3049.1602882216052,0.0660009,Imiquimod (maleate),"[('Imiquimod (maleate)', 0.5, 'uM')]"
smp_2246,plate8,1891.6999174787802,3486.065899088337,4134.004735146181,0.08814804,Clofarabine,"[('Clofarabine', 0.5, 'uM')]"
smp_2247,plate8,1501.6515762517292,2511.9186412739527,2974.018117328467,0.07560521,Mozavaptan,"[('Mozavaptan', 0.5, 'uM')]"
smp_2248,plate8,1752.936408659589,3074.6460064155044,3644.070114217456,0.06507729,Adagrasib,"[('Adagrasib', 0.5, 'uM')]"
smp_2249,plate8,1651.6162786936504,2844.5473923684863,3368.1190981918553,0.06657224,Sulfatinib,"[('Sulfatinib', 0.5, 'uM')]"
smp_2250,plate8,1433.150618126844,2338.069517934213,2772.8015044744093,0.070442505,Arbutin,"[('Arbutin', 0.5, 'uM')]"
smp_2251,plate8,1282.2447441667653,2020.1729095108374,2391.7260748549093,0.073152594,Docetaxel (Trihydrate),"[('Docetaxel (Trihydrate)', 0.5, 'uM')]"
smp_2252,plate8,1415.4309018852853,2318.762429468208,2745.5078596225335,0.07462028,Tranilast,"[('Tranilast', 0.5, 'uM')]"
smp_2253,plate8,1511.612797015321,2525.3171629239255,2986.816862213433,0.06420213,Macitentan,"[('Macitentan', 0.5, 'uM')]"
smp_2254,plate8,1365.4505644090304,2136.347598494909,2534.779548472776,0.048689537,Eplerenone,"[('Eplerenone', 0.5, 'uM')]"
smp_2255,plate8,1427.6759624037595,2313.984421557844,2739.9786821317866,0.06759091,Mifepristone,"[('Mifepristone', 0.5, 'uM')]"
smp_2256,plate8,1585.1987379118177,2620.7824864776267,3103.5287985576133,0.055710003,Apalutamide,"[('Apalutamide', 0.5, 'uM')]"
smp_2257,plate8,1553.7130588638445,2518.2588204852054,2984.0887818114425,0.037474655,Niclosamide (olamine),"[('Niclosamide (olamine)', 0.5, 'uM')]"
smp_2258,plate8,1588.5143291003558,2725.7116315076446,3232.7969957273226,0.08547002,Peretinoin,"[('Peretinoin', 0.5, 'uM')]"
smp_2259,plate8,1734.5134482985802,3026.83696511513,3577.743419969035,0.07373185,Tolmetin,"[('Tolmetin', 0.5, 'uM')]"
smp_2260,plate8,1379.900525309912,2248.949536829133,2665.3926038870845,0.08659407,Adagrasib,"[('Adagrasib', 0.05, 'uM')]"
smp_2261,plate8,1362.657056625817,2228.0936340071316,2635.975392778474,0.08372112,DMSO_TF,"[('DMSO_TF', 0.0, 'uM')]"
smp_2262,plate8,1420.9955087639794,2329.6140288410184,2759.4925631605356,0.0697439,DMSO_TF,"[('DMSO_TF', 0.0, 'uM')]"
smp_2263,plate9,1362.9770109340222,2052.336322724245,2387.8079316339295,0.030468201,Sivelestat (sodium tetrahydrate),"[('Sivelestat (sodium tetrahydrate)', 5.0, 'uM')]"
smp_2264,plate9,1498.5077003525462,2453.3484472783093,2857.0310544338176,0.06423055,Posaconazole,"[('Posaconazole', 5.0, 'uM')]"
smp_2265,plate9,1285.893943090533,2032.2787009677681,2363.6273053394416,0.08018008,Tetracycline (hydrochloride),"[('Tetracycline (hydrochloride)', 5.0, 'uM')]"
smp_2266,plate9,1285.2016582293618,2001.9723522142942,2328.8958584127236,0.07552952,Entecavir (monohydrate),"[('Entecavir (monohydrate)', 5.0, 'uM')]"
smp_2267,plate9,1508.7346511289895,2461.1057941400272,2865.028658635637,0.057209585,Sildenafil,"[('Sildenafil', 5.0, 'uM')]"
smp_2268,plate9,1357.10846873366,2198.198501074811,2558.9395104285686,0.08725816,Dimethyl fumarate,"[('Dimethyl fumarate', 5.0, 'uM')]"
smp_2269,plate9,1396.0897981342373,2192.5080768463736,2551.970263023776,0.047827013,Berbamine (dihydrochloride),"[('Berbamine (dihydrochloride)', 5.0, 'uM')]"
smp_2270,plate9,1629.7451051700414,2786.6088559072145,3245.6067131904856,0.08004275,Daidzin,"[('Daidzin', 5.0, 'uM')]"
smp_2271,plate9,1489.7974991583706,2471.464175443659,2877.432299331506,0.07825831,Fumaric acid,"[('Fumaric acid', 5.0, 'uM')]"
smp_2272,plate9,1284.9950127111097,2015.7718720145085,2344.603842479395,0.059486486,Pravastatin (sodium),"[('Pravastatin (sodium)', 5.0, 'uM')]"
smp_2273,plate9,1405.128508830963,2280.052686676537,2652.620006879328,0.07576546,Almonertinib (mesylate),"[('Almonertinib (mesylate)', 5.0, 'uM')]"
smp_2274,plate9,1497.915610453058,2366.7901207540212,2754.6600797345254,0.06601367,Irinotecan (hydrochloride),"[('Irinotecan (hydrochloride)', 5.0, 'uM')]"
smp_2275,plate9,1322.3408985535887,2092.459188094279,2428.5494614911036,0.06771337,Rucaparib (phosphate),"[('Rucaparib (phosphate)', 5.0, 'uM')]"
smp_2276,plate9,1641.9965047978123,2856.318516480849,3321.0987880062785,0.07379987,crizotinib,"[('crizotinib', 5.0, 'uM')]"
smp_2277,plate9,732.1325739598165,1157.9186046511627,1345.1805885144756,0.14079468,Dinaciclib,"[('Dinaciclib', 5.0, 'uM')]"
smp_2278,plate9,1224.4838537401645,1964.7337914337593,2287.6256631181686,0.08298498,Bosentan (hydrate),"[('Bosentan (hydrate)', 5.0, 'uM')]"
smp_2279,plate9,1393.3177624277362,2292.3639119415593,2666.3722771621196,0.08608046,Bestatin,"[('Bestatin', 5.0, 'uM')]"
smp_2280,plate9,1382.836038585209,2242.657954983923,2608.2462508038584,0.060874455,Tadalafil,"[('Tadalafil', 5.0, 'uM')]"
smp_2281,plate9,1281.296191247974,2026.446535656402,2360.3283630470014,0.08881822,Belumosudil,"[('Belumosudil', 5.0, 'uM')]"
smp_2282,plate9,1314.9164016509912,2079.6934332498818,2417.101613776304,0.081120044,Flumatinib (mesylate),"[('Flumatinib (mesylate)', 5.0, 'uM')]"
smp_2283,plate9,1716.7756486583778,2919.2276188630135,3395.6450862570264,0.07064598,Cytarabine,"[('Cytarabine', 5.0, 'uM')]"
smp_2284,plate9,1095.5924616121745,1601.3765087042825,1859.9214447055601,0.05830984,Afatinib,"[('Afatinib', 5.0, 'uM')]"
smp_2285,plate9,988.6934486566065,1344.9411851306588,1565.6614648509385,0.08455063,Topotecan (hydrochloride),"[('Topotecan (hydrochloride)', 5.0, 'uM')]"
smp_2286,plate9,1135.5572879356116,1678.274767182167,1952.3972651805655,0.05267067,Naproxen,"[('Naproxen', 5.0, 'uM')]"
smp_2287,plate9,1611.4963583298274,2693.5139224863274,3134.372975389146,0.05921633,Lucanthone,"[('Lucanthone', 5.0, 'uM')]"
smp_2288,plate9,1342.4601135403775,2172.224468147799,2524.8693303474965,0.0698566,Trametinib (DMSO_TF solvate),"[('Trametinib (DMSO_TF solvate)', 5.0, 'uM')]"
smp_2289,plate9,1313.4719724249485,2090.5390999595616,2431.836648629913,0.05813734,Benproperine (phosphate),"[('Benproperine (phosphate)', 5.0, 'uM')]"
smp_2290,plate9,1277.7324183062083,2083.451769855097,2422.957910168699,0.09851525,Erlotinib,"[('Erlotinib', 5.0, 'uM')]"
smp_2291,plate9,1308.994031459982,2076.5615818556385,2395.1261672346404,0.06884106,Fenofibrate,"[('Fenofibrate', 5.0, 'uM')]"
smp_2292,plate9,1423.5941994532272,2363.0862950196124,2748.963763563193,0.081171386,(S)-Crizotinib,"[('(S)-Crizotinib', 5.0, 'uM')]"
smp_2293,plate9,1475.5762615688652,2440.044651417614,2841.9862249789658,0.0683464,Rutin (trihydrate),"[('Rutin (trihydrate)', 5.0, 'uM')]"
smp_2294,plate9,1470.1929089932369,2471.6986597611535,2875.1665725423213,0.079323314,Pexidartinib (hydrochloride),"[('Pexidartinib (hydrochloride)', 5.0, 'uM')]"
smp_2295,plate9,1602.9668966721983,2744.8726635514017,3189.5348283692897,0.06972849,Tirabrutinib,"[('Tirabrutinib', 5.0, 'uM')]"
smp_2296,plate9,1551.228949051375,2673.7203154977615,3114.2801764426154,0.079137236,Diphenhydramine,"[('Diphenhydramine', 5.0, 'uM')]"
smp_2297,plate9,1240.1650704502906,2094.075406443985,2436.7253818110157,0.08249322,Harringtonine,"[('Harringtonine', 5.0, 'uM')]"
smp_2298,plate9,1257.6327348630375,1943.7322311799494,2259.9096093052804,0.10390192,Epirubicin (hydrochloride),"[('Epirubicin (hydrochloride)', 5.0, 'uM')]"
smp_2299,plate9,1422.6927666530446,2308.313788312219,2683.5821495709033,0.0621781,Phenytoin (sodium),"[('Phenytoin (sodium)', 5.0, 'uM')]"
smp_2300,plate9,1397.4840029061163,2280.254809891559,2648.324664316659,0.06409241,Orlistat,"[('Orlistat', 5.0, 'uM')]"
smp_2301,plate9,1638.653492281828,2779.0959957206173,3238.1569922054105,0.057101782,Sacubitril/Valsartan,"[('Sacubitril/Valsartan', 5.0, 'uM')]"
smp_2302,plate9,1261.4448773734177,1979.154509493671,2302.5008306962027,0.071950644,Monocrotaline,"[('Monocrotaline', 5.0, 'uM')]"
smp_2303,plate9,1608.5977249224406,2751.98201010712,3199.0037072447367,0.06920424,Finasteride,"[('Finasteride', 5.0, 'uM')]"
smp_2304,plate9,1417.0753500704284,2383.2588449747286,2772.80568398376,0.08896647,Hydroxyurea,"[('Hydroxyurea', 5.0, 'uM')]"
smp_2305,plate9,1490.4153208517937,2501.1061645467107,2911.0574770139583,0.06481203,Doxycycline (monohydrate),"[('Doxycycline (monohydrate)', 5.0, 'uM')]"
smp_2306,plate9,1633.7758820222862,2973.567734682406,3462.421882749727,0.08185106,Pitavastatin (Calcium),"[('Pitavastatin (Calcium)', 5.0, 'uM')]"
smp_2307,plate9,1381.2202827426595,2322.2486685441822,2699.6499177425203,0.0862464,Cobimetinib,"[('Cobimetinib', 5.0, 'uM')]"
smp_2308,plate9,1199.0395547224666,1925.527638575418,2238.6291266592707,0.097164124,Simotinib,"[('Simotinib', 5.0, 'uM')]"
smp_2309,plate9,1262.7849923996548,2015.2481615381455,2343.0231502403353,0.07982274,Procainamide (hydrochloride),"[('Procainamide (hydrochloride)', 5.0, 'uM')]"
smp_2310,plate9,1124.167432877234,1702.9796251462146,1979.8753842387312,0.061203707,Silodosin,"[('Silodosin', 5.0, 'uM')]"
smp_2311,plate9,1431.0715170534313,2304.374363421147,2681.877157486167,0.054716464,Nevirapine,"[('Nevirapine', 5.0, 'uM')]"
smp_2312,plate9,1567.4511067689346,2715.615576423926,3162.918253667357,0.08845552,Cilostazol,"[('Cilostazol', 5.0, 'uM')]"
smp_2313,plate9,1591.644771304459,2753.787051232912,3206.3548773476427,0.09549766,Dorzolamide (hydrochloride),"[('Dorzolamide (hydrochloride)', 5.0, 'uM')]"
smp_2314,plate9,1331.862752968724,2156.537999665496,2511.7304231476837,0.074915074,Roxadustat,"[('Roxadustat', 5.0, 'uM')]"
smp_2315,plate9,1289.2719852920695,2059.0713111785844,2396.4529095517983,0.074995324,Canagliflozin,"[('Canagliflozin', 5.0, 'uM')]"
smp_2316,plate9,1190.329844924365,1823.7817524498146,2126.114610091016,0.07939711,Decitabine,"[('Decitabine', 5.0, 'uM')]"
smp_2317,plate9,1473.5943834303825,2458.4740178373995,2855.935185867669,0.066234246,Ligustrazine,"[('Ligustrazine', 5.0, 'uM')]"
smp_2318,plate9,1579.939076160054,2685.6425899462006,3124.0539467047747,0.065901466,Thymopentin,"[('Thymopentin', 5.0, 'uM')]"
smp_2319,plate9,1350.0332956665702,2262.644154205976,2635.4435129950334,0.09346743,Verteporfin,"[('Verteporfin', 5.0, 'uM')]"
smp_2320,plate9,1171.7830223114477,1814.7144454076745,2107.9746087511976,0.05705282,Hesperidin,"[('Hesperidin', 5.0, 'uM')]"
smp_2321,plate9,1292.7449782759272,2030.07549115295,2359.298682387759,0.07321264,Mebendazole,"[('Mebendazole', 5.0, 'uM')]"
smp_2322,plate9,1250.4484446232234,1913.810136765889,2223.8919147224456,0.062275246,Betamethasone dipropionate,"[('Betamethasone dipropionate', 5.0, 'uM')]"
smp_2323,plate9,1417.418802951626,2271.5673681333697,2640.5303088275487,0.05963115,Levobupivacaine (hydrochloride),"[('Levobupivacaine (hydrochloride)', 5.0, 'uM')]"
smp_2324,plate9,1223.6118980854767,1906.6384886869077,2218.471596403017,0.06698165,Rosiglitazone,"[('Rosiglitazone', 5.0, 'uM')]"
smp_2325,plate9,1399.611319722931,2290.8097338680277,2665.1014035727308,0.06986211,Quinidine (15% dihydroquinidine),"[('Quinidine (15% dihydroquinidine)', 5.0, 'uM')]"
smp_2326,plate9,1423.3010144153764,2394.7530012966213,2786.3389215162842,0.08720163,Verapamil,"[('Verapamil', 5.0, 'uM')]"
smp_2327,plate9,1250.7432642199801,2011.902723879218,2339.4952322873933,0.09840634,Bisoprolol (hemifumarate),"[('Bisoprolol (hemifumarate)', 5.0, 'uM')]"
smp_2328,plate9,1558.453465578279,2649.6205564820502,3084.3708710026626,0.06829356,Penfluridol,"[('Penfluridol', 5.0, 'uM')]"
smp_2329,plate9,1490.458238579913,2472.5908418519416,2879.8532885876407,0.06724335,Ferulic acid,"[('Ferulic acid', 5.0, 'uM')]"
smp_2330,plate9,1468.2444889779558,2462.7715776380346,2865.5579780250155,0.07123957,Pemetrexed,"[('Pemetrexed', 5.0, 'uM')]"
smp_2331,plate9,1427.8181017907198,2377.851367943105,2765.4534714017655,0.079779014,Fluvoxamine,"[('Fluvoxamine', 5.0, 'uM')]"
smp_2332,plate9,1456.3679608912287,2355.7444392215853,2740.1337219140737,0.06490946,Cytarabine (hydrochloride),"[('Cytarabine (hydrochloride)', 5.0, 'uM')]"
smp_2333,plate9,1153.2844891967757,1787.323633179676,2076.0589477479334,0.06457858,Bendamustine,"[('Bendamustine', 5.0, 'uM')]"
smp_2334,plate9,1397.5884747994526,2287.2723634284525,2659.5988183724035,0.06458761,Altretamine,"[('Altretamine', 5.0, 'uM')]"
smp_2335,plate9,1369.2024515851103,2227.6604985411896,2589.817012277507,0.05586188,Rifaximin,"[('Rifaximin', 5.0, 'uM')]"
smp_2336,plate9,1472.823547266534,2474.7983541870426,2882.1061009746722,0.102336146,Dexmedetomidine,"[('Dexmedetomidine', 5.0, 'uM')]"
smp_2337,plate9,1336.5518073657609,2080.3905216230796,2422.03078058892,0.072471194,Doxorubicin (hydrochloride),"[('Doxorubicin (hydrochloride)', 5.0, 'uM')]"
smp_2338,plate9,1413.6815129210768,2296.3511792832965,2670.504674152474,0.06079684,Menadione,"[('Menadione', 5.0, 'uM')]"
smp_2339,plate9,1157.8023853688699,1825.1644049594845,2126.1352142926876,0.09023797,Glycyrrhizic acid,"[('Glycyrrhizic acid', 5.0, 'uM')]"
smp_2340,plate9,1445.6954097714736,2372.3407604412923,2761.186741528763,0.06301757,"Dapagliflozin ((2S)-1,2-propanediol, hydrate)","[('Dapagliflozin ((2S)-1,2-propanediol, hydrate)', 5.0, 'uM')]"
smp_2341,plate9,1385.6370457883645,2250.198065010537,2612.8349830768248,0.064721726,Imiquimod (maleate),"[('Imiquimod (maleate)', 5.0, 'uM')]"
smp_2342,plate9,1610.1984455543388,2797.6436259715288,3257.8091931305253,0.08335874,Clofarabine,"[('Clofarabine', 5.0, 'uM')]"
smp_2343,plate9,1368.7582040071109,2220.382813626099,2582.4107769182724,0.074043535,Mozavaptan,"[('Mozavaptan', 5.0, 'uM')]"
smp_2344,plate9,1404.1942535430014,2255.721581569922,2625.7689898401604,0.06255657,Adagrasib,"[('Adagrasib', 5.0, 'uM')]"
smp_2345,plate9,1213.5644656372594,1866.8366465452336,2170.5928513875865,0.060915284,Sulfatinib,"[('Sulfatinib', 5.0, 'uM')]"
smp_2346,plate9,1140.173502357579,1718.550081162557,2000.4741593878025,0.060427163,Arbutin,"[('Arbutin', 5.0, 'uM')]"
smp_2347,plate9,1704.5108681765919,2967.7910682021425,3453.117405508003,0.07475899,Docetaxel (Trihydrate),"[('Docetaxel (Trihydrate)', 5.0, 'uM')]"
smp_2348,plate9,1566.986395236196,2676.974086842555,3115.4378881987577,0.075227045,Tranilast,"[('Tranilast', 5.0, 'uM')]"
smp_2349,plate9,1477.062650224684,2449.6558679067825,2847.7470216323545,0.06924412,Macitentan,"[('Macitentan', 5.0, 'uM')]"
smp_2350,plate9,1361.2477233695574,2135.7899727237304,2488.994140653187,0.05043825,Eplerenone,"[('Eplerenone', 5.0, 'uM')]"
smp_2351,plate9,1431.0918567119954,2367.5094096689418,2755.201262853414,0.07249873,Mifepristone,"[('Mifepristone', 5.0, 'uM')]"
smp_2352,plate9,1497.0582060667255,2468.2681854516386,2871.79885565232,0.06460591,Apalutamide,"[('Apalutamide', 5.0, 'uM')]"
smp_2353,plate9,1340.7127458240764,2165.385172385419,2521.1897473874765,0.04727921,Niclosamide (olamine),"[('Niclosamide (olamine)', 5.0, 'uM')]"
smp_2354,plate9,1659.2824885557743,2935.5360166978962,3420.0828727971348,0.083579436,Peretinoin,"[('Peretinoin', 5.0, 'uM')]"
smp_2355,plate9,1467.2813958321526,2435.3785259498572,2829.4805494152542,0.07414676,Tolmetin,"[('Tolmetin', 5.0, 'uM')]"
smp_2356,plate9,1165.9885376115765,1819.5709173842947,2117.3885022216978,0.07850559,Adagrasib,"[('Adagrasib', 0.05, 'uM')]"
smp_2357,plate9,1063.5006003985063,1594.8951875750497,1851.971286436272,0.0735315,DMSO_TF,"[('DMSO_TF', 0.0, 'uM')]"
smp_2358,plate9,1196.7842560430993,1884.8142411568724,2193.0385801375205,0.07494739,DMSO_TF,"[('DMSO_TF', 0.0, 'uM')]"
smp_2359,plate10,1304.8685610089651,1963.2553141197725,2307.5759172027215,0.027533302,Bestatin (hydrochloride),"[('Bestatin (hydrochloride)', 0.05, 'uM')]"
smp_2360,plate10,1385.0235781289614,2209.053259716236,2598.4753279435104,0.06326053,Ataluren,"[('Ataluren', 0.05, 'uM')]"
smp_2361,plate10,1188.2725946936755,1859.2971996628357,2184.4037944367883,0.07945935,Canagliflozin (hemihydrate),"[('Canagliflozin (hemihydrate)', 0.05, 'uM')]"
smp_2362,plate10,1284.9151477809862,2027.431829467915,2382.0153666476613,0.079924375,Brimonidine,"[('Brimonidine', 0.05, 'uM')]"
smp_2363,plate10,1672.642232152916,2836.1388336024634,3336.7056592436816,0.047481023,Filgotinib,"[('Filgotinib', 0.05, 'uM')]"
smp_2364,plate10,1349.8589159538863,2129.84027519524,2504.156896925747,0.081650816,Esmolol (hydrochloride),"[('Esmolol (hydrochloride)', 0.05, 'uM')]"
smp_2365,plate10,1549.178415507734,2520.6973694866338,2964.148893093522,0.041663222,Omeprazole,"[('Omeprazole', 0.05, 'uM')]"
smp_2366,plate10,1759.6984482021612,3087.2398675852196,3634.1291739981907,0.07986538,Bicalutamide,"[('Bicalutamide', 0.05, 'uM')]"
smp_2367,plate10,1468.2124445926606,2410.9972070532326,2834.8210985590617,0.0790156,Drospirenone,"[('Drospirenone', 0.05, 'uM')]"
smp_2368,plate10,1302.6285407612963,1992.9404549976439,2340.4263050421487,0.05036717,Belinostat,"[('Belinostat', 0.05, 'uM')]"
smp_2369,plate10,1494.951749883341,2431.3683543319335,2857.2097604604137,0.07533126,Ponatinib,"[('Ponatinib', 0.05, 'uM')]"
smp_2370,plate10,1342.3990416850643,2073.2399221573532,2436.485453564245,0.061243292,Cabozantinib (S-malate),"[('Cabozantinib (S-malate)', 0.05, 'uM')]"
smp_2371,plate10,1291.812677773263,2015.3967264323446,2359.4485092442096,0.07216999,Benztropine (mesylate),"[('Benztropine (mesylate)', 0.05, 'uM')]"
smp_2372,plate10,1446.7780431705592,2366.3494464664846,2778.4828000202206,0.07223065,Indacaterol (maleate),"[('Indacaterol (maleate)', 0.05, 'uM')]"
smp_2373,plate10,1379.7762679598586,2154.0099286939253,2525.959456465549,0.0483666,Tirabrutinib (hydrochloride),"[('Tirabrutinib (hydrochloride)', 0.05, 'uM')]"
smp_2374,plate10,1223.290230201564,1943.0373703837743,2286.672194860982,0.08224326,Loperamide (hydrochloride),"[('Loperamide (hydrochloride)', 0.05, 'uM')]"
smp_2375,plate10,1333.152555800496,2169.335319647286,2548.0469022687607,0.08716254,Econazole,"[('Econazole', 0.05, 'uM')]"
smp_2376,plate10,1343.1665901049103,2146.974809112918,2520.137687007263,0.056046393,Phenylephrine (hydrochloride),"[('Phenylephrine (hydrochloride)', 0.05, 'uM')]"
smp_2377,plate10,1582.7924255886273,2650.615282096846,3120.779752208895,0.06820371,Entrectinib,"[('Entrectinib', 0.05, 'uM')]"
smp_2378,plate10,1452.7482135846094,2428.2696767438815,2851.4050386075123,0.07991036,Vortioxetine,"[('Vortioxetine', 0.05, 'uM')]"
smp_2379,plate10,1679.386819016971,2878.294756525804,3381.3170654809146,0.07128689,Omeprazole (sodium),"[('Omeprazole (sodium)', 0.05, 'uM')]"
smp_2380,plate10,1495.743037906958,2456.304472860544,2883.3844733955752,0.057357006,Imiquimod (hydrochloride),"[('Imiquimod (hydrochloride)', 0.05, 'uM')]"
smp_2381,plate10,1582.708168101931,2646.26096393458,3112.5581575427645,0.059899073,Fingolimod (hydrochloride),"[('Fingolimod (hydrochloride)', 0.05, 'uM')]"
smp_2382,plate10,1403.7546171927468,2271.595575889859,2669.6637634318336,0.04965061,Digitoxin,"[('Digitoxin', 0.05, 'uM')]"
smp_2383,plate10,1457.9550789985856,2338.7622668423533,2749.4974432745425,0.05494349,Vitamin K4,"[('Vitamin K4', 0.05, 'uM')]"
smp_2384,plate10,1316.36024311849,2090.5493849537206,2451.9381812030256,0.063184544,Aprepitant,"[('Aprepitant', 0.05, 'uM')]"
smp_2385,plate10,1230.4676984264222,1885.3795261974753,2214.667784886737,0.053072326,Oxaprozin,"[('Oxaprozin', 0.05, 'uM')]"
smp_2386,plate10,1212.3473355119265,1921.2583691428865,2256.3700306203846,0.08484176,Estrone sulfate (potassium),"[('Estrone sulfate (potassium)', 0.05, 'uM')]"
smp_2387,plate10,1144.9914584667947,1712.720895696232,1992.7009104497893,0.05858493,L-Eflornithine (monohydrochloride),"[('L-Eflornithine (monohydrochloride)', 0.05, 'uM')]"
smp_2388,plate10,1334.9955281441798,2164.4845210762464,2542.29185612029,0.07960349,Auranofin,"[('Auranofin', 0.05, 'uM')]"
smp_2389,plate10,1489.913812619725,2449.851773378998,2882.7934492366635,0.06418289,Carbamazepine,"[('Carbamazepine', 0.05, 'uM')]"
smp_2390,plate10,1379.4744549336929,2234.672881546415,2625.1683524387504,0.08208812,Flutamide,"[('Flutamide', 0.05, 'uM')]"
smp_2391,plate10,1595.397430844464,2720.4618495000364,3191.06110502883,0.072506696,Zileuton,"[('Zileuton', 0.05, 'uM')]"
smp_2392,plate10,1547.318609094383,2617.2955903706534,3081.120427970959,0.08002146,Osimertinib (mesylate),"[('Osimertinib (mesylate)', 0.05, 'uM')]"
smp_2393,plate10,1365.850255794054,2268.482312888015,2666.988730496841,0.10060148,Sunitinib,"[('Sunitinib', 0.05, 'uM')]"
smp_2394,plate10,1768.3455420072764,3122.8568449254844,3670.395427075246,0.08229854,Erythromycin,"[('Erythromycin', 0.05, 'uM')]"
smp_2395,plate10,1331.9612483187461,2075.1676575505353,2434.0648232977915,0.059254564,Abiraterone acetate,"[('Abiraterone acetate', 0.05, 'uM')]"
smp_2396,plate10,1466.7178861283,2434.522108896421,2856.1739481949066,0.06499907,Asciminib,"[('Asciminib', 0.05, 'uM')]"
smp_2397,plate10,1471.303618705036,2350.704035971223,2767.7779784172662,0.051686365,Allopurinol,"[('Allopurinol', 0.05, 'uM')]"
smp_2398,plate10,1170.121407131338,1766.3462965963718,2074.8314235669036,0.06609308,Clopidogrel,"[('Clopidogrel', 0.05, 'uM')]"
smp_2399,plate10,1582.486697034759,2674.3469651250507,3140.0306533975513,0.068009734,Methyl aminolevulinate (hydrochloride),"[('Methyl aminolevulinate (hydrochloride)', 0.05, 'uM')]"
smp_2400,plate10,1366.2496395270596,2238.177583389407,2629.848178410074,0.08958727,Captopril,"[('Captopril', 0.05, 'uM')]"
smp_2401,plate10,1563.3051140339603,2621.656212958599,3083.680262199563,0.05770782,Voriconazole,"[('Voriconazole', 0.05, 'uM')]"
smp_2402,plate10,1628.0384166578265,2841.2607180202162,3344.0899419582647,0.08208983,Lopinavir,"[('Lopinavir', 0.05, 'uM')]"
smp_2403,plate10,1415.8055682538745,2330.8435108312565,2735.1428634627578,0.083832026,Dexamethasone,"[('Dexamethasone', 0.05, 'uM')]"
smp_2404,plate10,1317.1226587695362,2123.7705284048625,2493.0379248325476,0.08803206,Ranolazine,"[('Ranolazine', 0.05, 'uM')]"
smp_2405,plate10,1378.3030987857662,2255.5090397211475,2648.352778948175,0.07906395,Proglumide,"[('Proglumide', 0.05, 'uM')]"
smp_2406,plate10,1379.7406179284385,2232.258889162727,2622.4690699706493,0.06133167,Neratinib,"[('Neratinib', 0.05, 'uM')]"
smp_2407,plate10,1370.5469816204345,2168.8178383748595,2550.4268739052,0.052249763,Meloxicam,"[('Meloxicam', 0.05, 'uM')]"
smp_2408,plate10,1451.5529115264853,2416.8916475669557,2844.7029485083963,0.0868275,Piroxicam,"[('Piroxicam', 0.05, 'uM')]"
smp_2409,plate10,1385.2054612054612,2293.8093335236194,2699.234559091702,0.10782997,Nafamostat (mesylate),"[('Nafamostat (mesylate)', 0.05, 'uM')]"
smp_2410,plate10,1122.7100187965084,1670.7593403197982,1966.3864356155213,0.06598464,Idoxuridine,"[('Idoxuridine', 0.05, 'uM')]"
smp_2411,plate10,1154.1332779780469,1731.3092470330917,2036.0097918101178,0.06697876,Atazanavir (sulfate),"[('Atazanavir (sulfate)', 0.05, 'uM')]"
smp_2412,plate10,1076.988202586728,1573.839223981627,1853.3524477215037,0.067064755,Malotilate,"[('Malotilate', 0.05, 'uM')]"
smp_2413,plate10,1388.8138320154999,2232.668193957166,2619.451288160444,0.06380414,Pioglitazone,"[('Pioglitazone', 0.05, 'uM')]"
smp_2414,plate10,1431.4761214116786,2309.466988096638,2713.5649327740975,0.05981489,Bexarotene,"[('Bexarotene', 0.05, 'uM')]"
smp_2415,plate10,1537.2405618371697,2583.3079310251774,3041.652265428934,0.087251954,Tazarotene,"[('Tazarotene', 0.05, 'uM')]"
smp_2416,plate10,1213.870403866468,1891.978164295947,2218.5986368964072,0.053692512,Vandetanib,"[('Vandetanib', 0.05, 'uM')]"
smp_2417,plate10,1514.1869062228534,2535.331067385519,2978.4459964425077,0.07493593,Delamanid,"[('Delamanid', 0.05, 'uM')]"
smp_2418,plate10,1539.8895366293034,2556.3075710568455,3001.5728707966373,0.06443804,Ivermectin,"[('Ivermectin', 0.05, 'uM')]"
smp_2419,plate10,1466.4085194179975,2324.565998266314,2727.141904332065,0.055622384,Citalopram (hydrobromide),"[('Citalopram (hydrobromide)', 0.05, 'uM')]"
smp_2420,plate10,1398.8190827276392,2291.8918705132605,2693.4141754846796,0.07045097,Acetazolamide,"[('Acetazolamide', 0.05, 'uM')]"
smp_2421,plate10,1509.4987706212826,2526.0796554992376,2968.2489388882022,0.069618724,Fulvestrant,"[('Fulvestrant', 0.05, 'uM')]"
smp_2422,plate10,1377.403007331925,2315.559152479185,2721.7146348535684,0.09208309,Talc,"[('Talc', 0.05, 'uM')]"
smp_2423,plate10,1048.2743606363501,1587.2395183024596,1863.4784111713802,0.10018025,Pentoxifylline,"[('Pentoxifylline', 0.05, 'uM')]"
smp_2424,plate10,1508.059490588507,2451.5612857930005,2883.4064360747234,0.06181352,Artemether,"[('Artemether', 0.05, 'uM')]"
smp_2425,plate10,1389.0607452823322,2200.872904045102,2589.5633538513803,0.062219284,Cyclosporin A,"[('Cyclosporin A', 0.05, 'uM')]"
smp_2426,plate10,1438.0585320243104,2342.8122086422227,2754.1655513257197,0.072885476,Crizotinib (hydrochloride),"[('Crizotinib (hydrochloride)', 0.05, 'uM')]"
smp_2427,plate10,1604.4394167671087,2750.7204700683005,3233.4768648721038,0.08514575,Trametinib,"[('Trametinib', 0.05, 'uM')]"
smp_2428,plate10,1343.7763192199395,2108.6352200438,2477.214699134425,0.058071945,Fedratinib (hydrochloride hydrate),"[('Fedratinib (hydrochloride hydrate)', 0.05, 'uM')]"
smp_2429,plate10,1280.208421580408,2001.4606713405199,2348.138512608166,0.064091206,Darolutamide,"[('Darolutamide', 0.05, 'uM')]"
smp_2430,plate10,1416.046521743333,2260.0514416617534,2655.166610282533,0.057446554,γ-Oryzanol,"[('γ-Oryzanol', 0.05, 'uM')]"
smp_2431,plate10,1244.4621714059117,1908.4548353518496,2240.8385902879895,0.05186217,Clobetasol propionate,"[('Clobetasol propionate', 0.05, 'uM')]"
smp_2432,plate10,1384.6395328769488,2266.1216705977104,2667.4590979692803,0.105771035,Budesonide,"[('Budesonide', 0.05, 'uM')]"
smp_2433,plate10,1642.8921210963613,2767.2211632126828,3254.1595836118804,0.05181218,Cinacalcet,"[('Cinacalcet', 0.05, 'uM')]"
smp_2434,plate10,1519.1936151267546,2553.0829928765975,2999.1545935470353,0.05950068,Valdecoxib,"[('Valdecoxib', 0.05, 'uM')]"
smp_2435,plate10,1237.930591088813,1993.2190251520085,2345.363956540519,0.09833493,Pimozide,"[('Pimozide', 0.05, 'uM')]"
smp_2436,plate10,1590.1935080816675,2709.647091663122,3185.5591503615483,0.0660357,Methotrexate,"[('Methotrexate', 0.05, 'uM')]"
smp_2437,plate10,1375.2424093742784,2185.6852487878086,2563.1487531747866,0.059738085,5-Fluorouracil,"[('5-Fluorouracil', 0.05, 'uM')]"
smp_2438,plate10,1631.4084921961307,2814.4930459167776,3312.23835084837,0.08401367,Ixazomib citrate,"[('Ixazomib citrate', 0.05, 'uM')]"
smp_2439,plate10,1387.0203660703862,2237.0539246844555,2627.3907431669886,0.07536316,5-Azacytidine,"[('5-Azacytidine', 0.05, 'uM')]"
smp_2440,plate10,1569.105617647983,2618.7812333057495,3081.1698178428146,0.06238294,Aspirin,"[('Aspirin', 0.05, 'uM')]"
smp_2441,plate10,1652.8186758301035,2840.5072721460824,3337.413573340792,0.065580875,Vismodegib,"[('Vismodegib', 0.05, 'uM')]"
smp_2442,plate10,1476.0760807304828,2409.117928501634,2833.954378516796,0.064257465,Dihydroartemisinin,"[('Dihydroartemisinin', 0.05, 'uM')]"
smp_2443,plate10,1679.4590134808004,2878.0224642991984,3383.402836076132,0.07042569,Lactate (calcium),"[('Lactate (calcium)', 0.05, 'uM')]"
smp_2444,plate10,1520.136213757817,2624.9593600259886,3084.9596199139123,0.070639,Ouabain (Octahydrate),"[('Ouabain (Octahydrate)', 0.05, 'uM')]"
smp_2445,plate10,1439.218516767261,2326.475454065029,2730.840949758481,0.06315179,Gefitinib,"[('Gefitinib', 0.05, 'uM')]"
smp_2446,plate10,1428.2906561711334,2251.130290830429,2651.282057445019,0.045141216,Methylthiouracil,"[('Methylthiouracil', 0.05, 'uM')]"
smp_2447,plate10,1396.2203405548462,2228.4612328171033,2620.100425871896,0.07182018,Binimetinib,"[('Binimetinib', 0.05, 'uM')]"
smp_2448,plate10,1558.8833265991389,2573.661439538545,3025.8671645326235,0.05994883,Perindopril (erbumine),"[('Perindopril (erbumine)', 0.05, 'uM')]"
smp_2449,plate10,1754.6946304447995,2943.2235174164957,3462.8276291408906,0.04964098,Dapagliflozin,"[('Dapagliflozin', 0.05, 'uM')]"
smp_2450,plate10,1772.6818820653834,2999.9855586108565,3532.451746613708,0.08114654,Panobinostat,"[('Panobinostat', 0.05, 'uM')]"
smp_2451,plate10,1603.037429844009,2712.3055605488644,3177.5960912377413,0.07673104,Uridine,"[('Uridine', 0.05, 'uM')]"
smp_2452,plate10,1337.8205745757937,2141.643830262931,2519.5320688182205,0.08005226,Adagrasib,"[('Adagrasib', 0.05, 'uM')]"
smp_2453,plate10,1353.3778450338439,2180.4778498053893,2557.7822403086507,0.079050735,DMSO_TF,"[('DMSO_TF', 0.0, 'uM')]"
smp_2454,plate10,1622.3436556988172,2793.182010360019,3284.605125143217,0.07636479,DMSO_TF,"[('DMSO_TF', 0.0, 'uM')]"
smp_2455,plate11,1396.0699993364992,2133.7813575226774,2514.98056890456,0.02172961,Bestatin (hydrochloride),"[('Bestatin (hydrochloride)', 0.5, 'uM')]"
smp_2456,plate11,1324.6830273510677,2054.2312026976397,2424.033390783065,0.044511106,Ataluren,"[('Ataluren', 0.5, 'uM')]"
smp_2457,plate11,1061.0128548473488,1552.518168748062,1829.573083753841,0.049925514,Canagliflozin (hemihydrate),"[('Canagliflozin (hemihydrate)', 0.5, 'uM')]"
smp_2458,plate11,1198.384926343391,1829.3937032248666,2156.0862938616456,0.05934494,Brimonidine,"[('Brimonidine', 0.5, 'uM')]"
smp_2459,plate11,1347.4751646315233,2086.935471061253,2463.2574870114827,0.037807208,Filgotinib,"[('Filgotinib', 0.5, 'uM')]"
smp_2460,plate11,1270.9641561836302,1958.6642705440288,2310.229913412841,0.06492609,Esmolol (hydrochloride),"[('Esmolol (hydrochloride)', 0.5, 'uM')]"
smp_2461,plate11,1238.8488063660477,1879.4211112163698,2217.6734558544904,0.034900066,Omeprazole,"[('Omeprazole', 0.5, 'uM')]"
smp_2462,plate11,1467.0752997934853,2380.974923207747,2810.9380455720807,0.059017524,Bicalutamide,"[('Bicalutamide', 0.5, 'uM')]"
smp_2463,plate11,1235.4066884269598,1896.6391799805303,2236.4283532802688,0.06515349,Drospirenone,"[('Drospirenone', 0.5, 'uM')]"
smp_2464,plate11,1193.4225831094902,1746.3573276818058,2057.786810912048,0.04051357,Belinostat,"[('Belinostat', 0.5, 'uM')]"
smp_2465,plate11,1344.847199265381,2113.104055708601,2492.666406489134,0.07623176,Ponatinib,"[('Ponatinib', 0.5, 'uM')]"
smp_2466,plate11,1384.6399397536989,2174.5681757774432,2564.7235757951626,0.05483935,Cabozantinib (S-malate),"[('Cabozantinib (S-malate)', 0.5, 'uM')]"
smp_2467,plate11,1533.0839902971497,2534.1100450489475,2979.93315212683,0.067061156,Benztropine (mesylate),"[('Benztropine (mesylate)', 0.5, 'uM')]"
smp_2468,plate11,1631.1057098013746,2728.4590680305246,3214.6941170103373,0.057172768,Indacaterol (maleate),"[('Indacaterol (maleate)', 0.5, 'uM')]"
smp_2469,plate11,1739.6202662888936,2949.7952224035807,3472.258025109585,0.044659335,Tirabrutinib (hydrochloride),"[('Tirabrutinib (hydrochloride)', 0.5, 'uM')]"
smp_2470,plate11,1367.00205366311,2148.879985713648,2536.872521094692,0.0432692,Loperamide (hydrochloride),"[('Loperamide (hydrochloride)', 0.5, 'uM')]"
smp_2471,plate11,1476.061308177117,2465.68538905947,2908.75,0.081425555,Econazole,"[('Econazole', 0.5, 'uM')]"
smp_2472,plate11,1287.000960394731,1992.4279571787304,2346.294532798802,0.041363098,Phenylephrine (hydrochloride),"[('Phenylephrine (hydrochloride)', 0.5, 'uM')]"
smp_2473,plate11,1514.6946889148903,2448.5890013735566,2892.6965627172676,0.05238334,Entrectinib,"[('Entrectinib', 0.5, 'uM')]"
smp_2474,plate11,1344.5022012020152,2173.0656247955358,2559.9816426294783,0.0735156,Vortioxetine,"[('Vortioxetine', 0.5, 'uM')]"
smp_2475,plate11,1491.2596570898982,2404.3945041705283,2833.6232066728453,0.053911716,Omeprazole (sodium),"[('Omeprazole (sodium)', 0.5, 'uM')]"
smp_2476,plate11,1197.1947361529396,1794.794814717821,2112.114774562437,0.036484085,Imiquimod (hydrochloride),"[('Imiquimod (hydrochloride)', 0.5, 'uM')]"
smp_2477,plate11,1471.5378481820114,2399.310749424932,2832.8586202230686,0.05816949,Fingolimod (hydrochloride),"[('Fingolimod (hydrochloride)', 0.5, 'uM')]"
smp_2478,plate11,1241.374276614992,1987.9801355688564,2344.9577803387983,0.04089795,Digitoxin,"[('Digitoxin', 0.5, 'uM')]"
smp_2479,plate11,1541.1889910198652,2514.7481329180905,2965.6441961721043,0.048714057,Vitamin K4,"[('Vitamin K4', 0.5, 'uM')]"
smp_2480,plate11,1361.8616174411627,2163.0173211547435,2546.8468697913195,0.0582493,Aprepitant,"[('Aprepitant', 0.5, 'uM')]"
smp_2481,plate11,1258.3848441995417,1930.0669771297605,2275.901326376359,0.039350986,Oxaprozin,"[('Oxaprozin', 0.5, 'uM')]"
smp_2482,plate11,1133.445465972347,1727.7941820793678,2035.4297719518765,0.059845082,Estrone sulfate (potassium),"[('Estrone sulfate (potassium)', 0.5, 'uM')]"
smp_2483,plate11,1159.6471657444345,1734.8677615493502,2020.8357836829236,0.0491328,L-Eflornithine (monohydrochloride),"[('L-Eflornithine (monohydrochloride)', 0.5, 'uM')]"
smp_2484,plate11,1196.4283803034996,1848.4331000309694,2176.1158748838648,0.05660959,Auranofin,"[('Auranofin', 0.5, 'uM')]"
smp_2485,plate11,1263.9917558796258,1966.0799797690297,2321.1424091713734,0.052114263,Carbamazepine,"[('Carbamazepine', 0.5, 'uM')]"
smp_2486,plate11,1169.539785482664,1794.3213394861561,2113.6532801197304,0.06594844,Flutamide,"[('Flutamide', 0.5, 'uM')]"
smp_2487,plate11,1440.330926631754,2329.9813144928885,2741.642021216159,0.058293246,Zileuton,"[('Zileuton', 0.5, 'uM')]"
smp_2488,plate11,1346.8344607433305,2186.0193378864046,2582.461601103161,0.071867906,Osimertinib (mesylate),"[('Osimertinib (mesylate)', 0.5, 'uM')]"
smp_2489,plate11,1219.7890830369568,1927.5954203391577,2273.939268594402,0.0912448,Sunitinib,"[('Sunitinib', 0.5, 'uM')]"
smp_2490,plate11,1477.465428361018,2408.688045168153,2838.661811635709,0.07763485,Erythromycin,"[('Erythromycin', 0.5, 'uM')]"
smp_2491,plate11,1519.3802742981632,2497.517007476358,2942.4555230974897,0.056181487,Abiraterone acetate,"[('Abiraterone acetate', 0.5, 'uM')]"
smp_2492,plate11,1263.65898740959,1945.581435842486,2286.5398339137423,0.047808185,Asciminib,"[('Asciminib', 0.5, 'uM')]"
smp_2493,plate11,1613.369439047783,2672.162986006935,3157.466591250031,0.04645465,Allopurinol,"[('Allopurinol', 0.5, 'uM')]"
smp_2494,plate11,1112.0247403245826,1635.2508095900255,1927.8028053344283,0.05264458,Clopidogrel,"[('Clopidogrel', 0.5, 'uM')]"
smp_2495,plate11,1592.46378699702,2647.9846863151984,3121.2968810946595,0.05775494,Methyl aminolevulinate (hydrochloride),"[('Methyl aminolevulinate (hydrochloride)', 0.5, 'uM')]"
smp_2496,plate11,1205.9329699879456,1833.11553559102,2161.9209672267957,0.060758118,Captopril,"[('Captopril', 0.5, 'uM')]"
smp_2497,plate11,1290.7091538105678,1979.723565380051,2334.494287668202,0.03733896,Voriconazole,"[('Voriconazole', 0.5, 'uM')]"
smp_2498,plate11,1481.4583070518481,2460.6597163401757,2905.0873686676637,0.07300086,Lopinavir,"[('Lopinavir', 0.5, 'uM')]"
smp_2499,plate11,1388.6402033187455,2277.1885712983226,2683.4140226112327,0.08235357,Dexamethasone,"[('Dexamethasone', 0.5, 'uM')]"
smp_2500,plate11,1144.8128384952909,1754.2549890763553,2066.655749141714,0.07808581,Ranolazine,"[('Ranolazine', 0.5, 'uM')]"
smp_2501,plate11,1319.385338632178,2124.1494384978605,2505.4270324161903,0.07752474,Proglumide,"[('Proglumide', 0.5, 'uM')]"
smp_2502,plate11,1273.4479890177824,1963.3910596748972,2314.884595803484,0.05783898,Neratinib,"[('Neratinib', 0.5, 'uM')]"
smp_2503,plate11,1394.6534468662749,2233.0240023447022,2634.6380983232293,0.041643374,Meloxicam,"[('Meloxicam', 0.5, 'uM')]"
smp_2504,plate11,1463.350660094447,2448.496179610033,2891.204003079292,0.083091214,Piroxicam,"[('Piroxicam', 0.5, 'uM')]"
smp_2505,plate11,1264.4639197041733,2004.283057882424,2365.9669307976756,0.08833367,Nafamostat (mesylate),"[('Nafamostat (mesylate)', 0.5, 'uM')]"
smp_2506,plate11,1209.3949806770033,1835.0292716239078,2167.2837454020582,0.060045317,Idoxuridine,"[('Idoxuridine', 0.5, 'uM')]"
smp_2507,plate11,1109.5164183309334,1622.746901020472,1913.6718525010956,0.045754306,Atazanavir (sulfate),"[('Atazanavir (sulfate)', 0.5, 'uM')]"
smp_2508,plate11,1083.707523984181,1590.9645071547088,1879.8719637710992,0.06589729,Malotilate,"[('Malotilate', 0.5, 'uM')]"
smp_2509,plate11,1293.2228941953988,2035.144938379367,2394.8921794791863,0.055153325,Pioglitazone,"[('Pioglitazone', 0.5, 'uM')]"
smp_2510,plate11,1520.980950439974,2501.2157311722253,2950.164061188769,0.05126079,Bexarotene,"[('Bexarotene', 0.5, 'uM')]"
smp_2511,plate11,1420.0728690930207,2313.5081532401086,2733.562675581085,0.07074929,Tazarotene,"[('Tazarotene', 0.5, 'uM')]"
smp_2512,plate11,1096.6784825440718,1658.7586069823712,1951.649602488766,0.038516033,Vandetanib,"[('Vandetanib', 0.5, 'uM')]"
smp_2513,plate11,1289.0885019754905,2040.6933101185293,2405.777646822474,0.07155954,Delamanid,"[('Delamanid', 0.5, 'uM')]"
smp_2514,plate11,1431.9699119434454,2355.911447352102,2776.286865930795,0.05937377,Ivermectin,"[('Ivermectin', 0.5, 'uM')]"
smp_2515,plate11,1360.0135558927668,2121.41416287304,2498.141881638847,0.051255733,Citalopram (hydrobromide),"[('Citalopram (hydrobromide)', 0.5, 'uM')]"
smp_2516,plate11,1298.696945055646,2039.2461972639433,2404.6284160846967,0.05286178,Acetazolamide,"[('Acetazolamide', 0.5, 'uM')]"
smp_2517,plate11,1348.5464948339074,2139.551420212569,2522.3474613931785,0.05183377,Fulvestrant,"[('Fulvestrant', 0.5, 'uM')]"
smp_2518,plate11,1209.105680238919,1911.6382506874834,2254.9538868683285,0.07666662,Talc,"[('Talc', 0.5, 'uM')]"
smp_2519,plate11,1078.815902115419,1682.764950383308,1985.0270586454162,0.111056045,Pentoxifylline,"[('Pentoxifylline', 0.5, 'uM')]"
smp_2520,plate11,1442.711755897812,2301.7876329299597,2717.392448967119,0.054688614,Artemether,"[('Artemether', 0.5, 'uM')]"
smp_2521,plate11,1309.0960607094135,2055.0074351978174,2427.295480900409,0.05745516,Cyclosporin A,"[('Cyclosporin A', 0.5, 'uM')]"
smp_2522,plate11,1298.987721691678,2038.609690621837,2403.7346521145973,0.052589122,Crizotinib (hydrochloride),"[('Crizotinib (hydrochloride)', 0.5, 'uM')]"
smp_2523,plate11,1358.6268465083592,2173.042140260302,2563.1339081780216,0.0697162,Trametinib,"[('Trametinib', 0.5, 'uM')]"
smp_2524,plate11,1312.3495429004925,2015.9924009617735,2376.928664189372,0.047852937,Fedratinib (hydrochloride hydrate),"[('Fedratinib (hydrochloride hydrate)', 0.5, 'uM')]"
smp_2525,plate11,1273.4669500961636,2008.2712572122684,2364.2568832877823,0.06644658,Darolutamide,"[('Darolutamide', 0.5, 'uM')]"
smp_2526,plate11,1392.4624386964692,2242.748995462393,2645.903839396208,0.056400523,γ-Oryzanol,"[('γ-Oryzanol', 0.5, 'uM')]"
smp_2527,plate11,1258.8671041258754,1926.648374521529,2271.038930341677,0.04890045,Clobetasol propionate,"[('Clobetasol propionate', 0.5, 'uM')]"
smp_2528,plate11,1502.988643808692,2487.9144925831974,2939.3172677944463,0.093598336,Budesonide,"[('Budesonide', 0.5, 'uM')]"
smp_2529,plate11,1355.0438047348262,2088.7063260381688,2465.31650439566,0.036767587,Cinacalcet,"[('Cinacalcet', 0.5, 'uM')]"
smp_2530,plate11,1322.8217908761949,2086.769583132883,2459.9467045953693,0.046135124,Valdecoxib,"[('Valdecoxib', 0.5, 'uM')]"
smp_2531,plate11,960.0087565328863,1393.2391874568582,1645.557006212405,0.07703065,Pimozide,"[('Pimozide', 0.5, 'uM')]"
smp_2532,plate11,1189.0367380578732,1778.528468043309,2097.847809151773,0.04290174,Methotrexate,"[('Methotrexate', 0.5, 'uM')]"
smp_2533,plate11,1301.2974522616898,2004.6544788832668,2359.2249739378067,0.04675934,5-Fluorouracil,"[('5-Fluorouracil', 0.5, 'uM')]"
smp_2534,plate11,1456.8073802130689,2576.1760820709887,3042.3987064898524,0.077093415,Ixazomib citrate,"[('Ixazomib citrate', 0.5, 'uM')]"
smp_2535,plate11,1196.6587057967672,1852.5610993807554,2184.5427704536987,0.06447665,5-Azacytidine,"[('5-Azacytidine', 0.5, 'uM')]"
smp_2536,plate11,1509.824080760445,2494.5448235207427,2945.1218627956673,0.05691119,Aspirin,"[('Aspirin', 0.5, 'uM')]"
smp_2537,plate11,1373.8952833389887,2196.6913810654905,2588.8372073294877,0.052686308,Vismodegib,"[('Vismodegib', 0.5, 'uM')]"
smp_2538,plate11,1182.949178092966,1787.2210759510265,2110.792281676848,0.061076563,Dihydroartemisinin,"[('Dihydroartemisinin', 0.5, 'uM')]"
smp_2539,plate11,1573.6743606183657,2659.6766046876114,3137.7174431858657,0.06339751,Lactate (calcium),"[('Lactate (calcium)', 0.5, 'uM')]"
smp_2540,plate11,1301.0316363500542,2189.5625070033243,2582.5857206887536,0.061145376,Ouabain (Octahydrate),"[('Ouabain (Octahydrate)', 0.5, 'uM')]"
smp_2541,plate11,1483.235379046264,2410.103544600448,2838.038867150719,0.060214765,Gefitinib,"[('Gefitinib', 0.5, 'uM')]"
smp_2542,plate11,1388.2164143927093,2167.4136175561725,2562.531011365422,0.04221646,Methylthiouracil,"[('Methylthiouracil', 0.5, 'uM')]"
smp_2543,plate11,1363.996847280111,2179.577097360265,2571.5547611413913,0.069352545,Binimetinib,"[('Binimetinib', 0.5, 'uM')]"
smp_2544,plate11,1489.9248575784322,2423.6717804701916,2859.3553638770763,0.056542717,Perindopril (erbumine),"[('Perindopril (erbumine)', 0.5, 'uM')]"
smp_2545,plate11,1596.5931565234416,2572.1647765779603,3036.9871308302836,0.03961025,Dapagliflozin,"[('Dapagliflozin', 0.5, 'uM')]"
smp_2546,plate11,1539.1080550098231,2510.234628538165,2966.6090737102527,0.07959334,Panobinostat,"[('Panobinostat', 0.5, 'uM')]"
smp_2547,plate11,1554.2043451749514,2596.2478470418228,3055.6967231600665,0.0719839,Uridine,"[('Uridine', 0.5, 'uM')]"
smp_2548,plate11,1264.9254642806513,1996.7833829511128,2357.275929379178,0.0795345,Adagrasib,"[('Adagrasib', 0.05, 'uM')]"
smp_2549,plate11,1229.7864407532422,1938.6022273050276,2283.053817285486,0.08109664,DMSO_TF,"[('DMSO_TF', 0.0, 'uM')]"
smp_2550,plate11,1367.1680508158931,2185.457443702876,2578.459960337833,0.07154989,DMSO_TF,"[('DMSO_TF', 0.0, 'uM')]"
smp_2551,plate12,1588.4803789150908,2543.3004490034314,2975.6102796232753,0.024727369,Bestatin (hydrochloride),"[('Bestatin (hydrochloride)', 5.0, 'uM')]"
smp_2552,plate12,1500.3687088818037,2394.441957376529,2804.8017521888687,0.042425513,Ataluren,"[('Ataluren', 5.0, 'uM')]"
smp_2553,plate12,1395.3193755688044,2204.825681172341,2579.882431604168,0.058393158,Canagliflozin (hemihydrate),"[('Canagliflozin (hemihydrate)', 5.0, 'uM')]"
smp_2554,plate12,1479.8506279759013,2405.2074081721894,2814.650374113303,0.05937031,Brimonidine,"[('Brimonidine', 5.0, 'uM')]"
smp_2555,plate12,1796.1848498197185,3055.5786250740975,3580.7149592938836,0.048794758,Filgotinib,"[('Filgotinib', 5.0, 'uM')]"
smp_2556,plate12,1701.4927879092697,2888.563368912567,3382.844848462269,0.06565497,Esmolol (hydrochloride),"[('Esmolol (hydrochloride)', 5.0, 'uM')]"
smp_2557,plate12,1599.6250421605473,2632.941902765732,3083.643327792233,0.040895086,Omeprazole,"[('Omeprazole', 5.0, 'uM')]"
smp_2558,plate12,1822.0541490857947,3195.320588743307,3744.49049399166,0.061378937,Bicalutamide,"[('Bicalutamide', 5.0, 'uM')]"
smp_2559,plate12,1825.8914553955628,3214.1229687858977,3762.976435743159,0.06744202,Drospirenone,"[('Drospirenone', 5.0, 'uM')]"
smp_2560,plate12,1407.2662876993527,2191.544607610927,2564.0630243697037,0.05661536,Belinostat,"[('Belinostat', 5.0, 'uM')]"
smp_2561,plate12,1681.6825492061168,2807.1378941977023,3286.803453574303,0.084946975,Ponatinib,"[('Ponatinib', 5.0, 'uM')]"
smp_2562,plate12,1669.432829094496,2784.909424079318,3262.013503056895,0.067381285,Cabozantinib (S-malate),"[('Cabozantinib (S-malate)', 5.0, 'uM')]"
smp_2563,plate12,1471.045166410598,2390.5802749259774,2789.1148848709313,0.0690015,Benztropine (mesylate),"[('Benztropine (mesylate)', 5.0, 'uM')]"
smp_2564,plate12,1662.8259940895923,2822.1250938740477,3300.8968994743054,0.059586376,Indacaterol (maleate),"[('Indacaterol (maleate)', 5.0, 'uM')]"
smp_2565,plate12,1634.4275810532192,2698.1243281203574,3152.988790751695,0.04824282,Tirabrutinib (hydrochloride),"[('Tirabrutinib (hydrochloride)', 5.0, 'uM')]"
smp_2566,plate12,1457.9729224626756,2357.455295516809,2761.862977042496,0.04036968,Loperamide (hydrochloride),"[('Loperamide (hydrochloride)', 5.0, 'uM')]"
smp_2567,plate12,1667.6581525441618,2928.03818881394,3427.9979274412535,0.07890721,Econazole,"[('Econazole', 5.0, 'uM')]"
smp_2568,plate12,1468.758554178365,2383.0965212627543,2785.2407153781187,0.04041188,Phenylephrine (hydrochloride),"[('Phenylephrine (hydrochloride)', 5.0, 'uM')]"
smp_2569,plate12,1429.2479067950612,2293.827652383621,2689.2900765951667,0.050162207,Entrectinib,"[('Entrectinib', 5.0, 'uM')]"
smp_2570,plate12,1454.271435926238,2472.3416175231678,2889.84948048301,0.07528095,Vortioxetine,"[('Vortioxetine', 5.0, 'uM')]"
smp_2571,plate12,1665.931235816944,2845.9034724848716,3330.169487518911,0.053311184,Omeprazole (sodium),"[('Omeprazole (sodium)', 5.0, 'uM')]"
smp_2572,plate12,1153.8732759877532,1739.1062837148272,2030.80408222773,0.036667738,Imiquimod (hydrochloride),"[('Imiquimod (hydrochloride)', 5.0, 'uM')]"
smp_2573,plate12,1326.8422916796123,2106.2340355019783,2466.625220074981,0.05644569,Fingolimod (hydrochloride),"[('Fingolimod (hydrochloride)', 5.0, 'uM')]"
smp_2574,plate12,927.6295765717103,1362.8566731640872,1594.2093421948757,0.034438785,Digitoxin,"[('Digitoxin', 5.0, 'uM')]"
smp_2575,plate12,1628.3617987871996,2715.1667000220145,3179.500690455701,0.056132633,Vitamin K4,"[('Vitamin K4', 5.0, 'uM')]"
smp_2576,plate12,1454.1465981668982,2375.0165119091644,2774.666313506382,0.068692744,Aprepitant,"[('Aprepitant', 5.0, 'uM')]"
smp_2577,plate12,1306.987090335458,2010.6505483656342,2352.911381537999,0.046198115,Oxaprozin,"[('Oxaprozin', 5.0, 'uM')]"
smp_2578,plate12,1313.963221395725,2081.7096267597026,2435.136535043587,0.06340741,Estrone sulfate (potassium),"[('Estrone sulfate (potassium)', 5.0, 'uM')]"
smp_2579,plate12,1328.1642354809437,2074.8702359346644,2401.72667876588,0.05416483,L-Eflornithine (monohydrochloride),"[('L-Eflornithine (monohydrochloride)', 5.0, 'uM')]"
smp_2580,plate12,1325.741512881418,2213.050977526037,2587.5952494061758,0.059638683,Auranofin,"[('Auranofin', 5.0, 'uM')]"
smp_2581,plate12,1531.483665052282,2560.372289630859,2999.5466945048174,0.052678566,Carbamazepine,"[('Carbamazepine', 5.0, 'uM')]"
smp_2582,plate12,1358.7429681107026,2208.394848370116,2582.408368650537,0.07028481,Flutamide,"[('Flutamide', 5.0, 'uM')]"
smp_2583,plate12,1865.861880087313,3367.933403374202,3937.9378302290947,0.06196117,Zileuton,"[('Zileuton', 5.0, 'uM')]"
smp_2584,plate12,1442.365709559258,2474.366920713695,2901.5827572964668,0.08035273,Osimertinib (mesylate),"[('Osimertinib (mesylate)', 5.0, 'uM')]"
smp_2585,plate12,1138.1368921197259,1791.9149788706181,2097.370563377198,0.09808276,Sunitinib,"[('Sunitinib', 5.0, 'uM')]"
smp_2586,plate12,1496.0465207420095,2498.809141579818,2923.758614683427,0.080189794,Erythromycin,"[('Erythromycin', 5.0, 'uM')]"
smp_2587,plate12,1417.781159203235,2267.9639958065,2650.012171134741,0.061047196,Abiraterone acetate,"[('Abiraterone acetate', 5.0, 'uM')]"
smp_2588,plate12,1281.185026465149,2004.0087749505772,2339.8004336458134,0.052570973,Asciminib,"[('Asciminib', 5.0, 'uM')]"
smp_2589,plate12,1709.1088179972533,2876.0643174896995,3372.686219919986,0.047889195,Allopurinol,"[('Allopurinol', 5.0, 'uM')]"
smp_2590,plate12,1238.5745850345515,1881.6909137642976,2200.5246705485747,0.05377549,Clopidogrel,"[('Clopidogrel', 5.0, 'uM')]"
smp_2591,plate12,1632.5439178940983,2770.5288685159594,3242.491851764468,0.063075624,Methyl aminolevulinate (hydrochloride),"[('Methyl aminolevulinate (hydrochloride)', 5.0, 'uM')]"
smp_2592,plate12,1440.0669624327838,2363.2951881127847,2766.700605982346,0.06041458,Captopril,"[('Captopril', 5.0, 'uM')]"
smp_2593,plate12,1576.2108018228846,2630.6235168534713,3079.7708872192798,0.037434023,Voriconazole,"[('Voriconazole', 5.0, 'uM')]"
smp_2594,plate12,1920.8004003261917,3556.123463562903,4168.568893172214,0.079878345,Lopinavir,"[('Lopinavir', 5.0, 'uM')]"
smp_2595,plate12,1511.886208235751,2563.010344705841,2997.0344823528026,0.08448329,Dexamethasone,"[('Dexamethasone', 5.0, 'uM')]"
smp_2596,plate12,1395.604643198753,2294.4799428456713,2683.178182161709,0.07947491,Ranolazine,"[('Ranolazine', 5.0, 'uM')]"
smp_2597,plate12,1599.8995260147099,2773.0782021247614,3248.2177499318987,0.07922917,Proglumide,"[('Proglumide', 5.0, 'uM')]"
smp_2598,plate12,1311.783808709134,2059.7856531850625,2410.879520970889,0.06253303,Neratinib,"[('Neratinib', 5.0, 'uM')]"
smp_2599,plate12,1789.6512986392609,3146.9998225716195,3686.4580654847205,0.051820002,Meloxicam,"[('Meloxicam', 5.0, 'uM')]"
smp_2600,plate12,1713.194727371198,3042.9304233127764,3567.4876133405546,0.09207149,Piroxicam,"[('Piroxicam', 5.0, 'uM')]"
smp_2601,plate12,1441.4177524362772,2358.4477056498527,2763.739415293467,0.0875874,Nafamostat (mesylate),"[('Nafamostat (mesylate)', 5.0, 'uM')]"
smp_2602,plate12,1411.5620934733636,2253.4498207316688,2640.7592013833805,0.06518881,Idoxuridine,"[('Idoxuridine', 5.0, 'uM')]"
smp_2603,plate12,1216.9609414770969,1832.022468881946,2144.23167603286,0.049578752,Atazanavir (sulfate),"[('Atazanavir (sulfate)', 5.0, 'uM')]"
smp_2604,plate12,1231.989366616405,1879.7591538615743,2203.709665048417,0.06872212,Malotilate,"[('Malotilate', 5.0, 'uM')]"
smp_2605,plate12,1522.6303831367975,2540.2075000359955,2969.1553136653565,0.061161872,Pioglitazone,"[('Pioglitazone', 5.0, 'uM')]"
smp_2606,plate12,1704.068663610972,2969.63568896369,3478.2892644847097,0.055535436,Bexarotene,"[('Bexarotene', 5.0, 'uM')]"
smp_2607,plate12,1790.1169054387142,3169.7174588484168,3718.287631387585,0.0729464,Tazarotene,"[('Tazarotene', 5.0, 'uM')]"
smp_2608,plate12,1238.9678031501044,1935.062423755004,2261.4534126130684,0.044599745,Vandetanib,"[('Vandetanib', 5.0, 'uM')]"
smp_2609,plate12,1422.891809450634,2340.0060929696506,2737.2007683442184,0.07966775,Delamanid,"[('Delamanid', 5.0, 'uM')]"
smp_2610,plate12,1746.3719171438138,3055.632246267952,3575.2641577460918,0.063210525,Ivermectin,"[('Ivermectin', 5.0, 'uM')]"
smp_2611,plate12,1724.546736824706,2935.6707990119103,3430.0589639751324,0.059601266,Citalopram (hydrobromide),"[('Citalopram (hydrobromide)', 5.0, 'uM')]"
smp_2612,plate12,1305.1007875380499,2045.0542177158147,2393.7409032313976,0.060475484,Acetazolamide,"[('Acetazolamide', 5.0, 'uM')]"
smp_2613,plate12,1629.3915269232932,2729.621145870091,3195.340170913945,0.059333585,Fulvestrant,"[('Fulvestrant', 5.0, 'uM')]"
smp_2614,plate12,1390.368162794054,2290.780027781787,2682.8178488959447,0.084377356,Talc,"[('Talc', 5.0, 'uM')]"
smp_2615,plate12,1204.7267958485304,1916.7969117460675,2244.1296841334442,0.10843873,Pentoxifylline,"[('Pentoxifylline', 5.0, 'uM')]"
smp_2616,plate12,1652.3077681028253,2787.787685480516,3266.595179878694,0.06340861,Artemether,"[('Artemether', 5.0, 'uM')]"
smp_2617,plate12,1378.4874423273682,2203.8889210633,2582.7852744155516,0.0650764,Cyclosporin A,"[('Cyclosporin A', 5.0, 'uM')]"
smp_2618,plate12,1611.5985640047545,2707.4343505542197,3169.0042706692097,0.06378691,Crizotinib (hydrochloride),"[('Crizotinib (hydrochloride)', 5.0, 'uM')]"
smp_2619,plate12,1477.833470490055,2424.4908375446244,2838.699331216097,0.06773414,Trametinib,"[('Trametinib', 5.0, 'uM')]"
smp_2620,plate12,1393.8851145417877,2206.0097132159426,2581.7302728563545,0.057470288,Fedratinib (hydrochloride hydrate),"[('Fedratinib (hydrochloride hydrate)', 5.0, 'uM')]"
smp_2621,plate12,1263.8137002482397,1994.3761339202495,2332.192999455534,0.07174285,Darolutamide,"[('Darolutamide', 5.0, 'uM')]"
smp_2622,plate12,1384.0820003106073,2229.624640860382,2609.9768112284514,0.061260343,γ-Oryzanol,"[('γ-Oryzanol', 5.0, 'uM')]"
smp_2623,plate12,1662.4681755889583,2821.21516825825,3301.383807182789,0.062684305,Clobetasol propionate,"[('Clobetasol propionate', 5.0, 'uM')]"
smp_2624,plate12,2114.5606306590976,3993.2730640574437,4683.914117916253,0.09865493,Budesonide,"[('Budesonide', 5.0, 'uM')]"
smp_2625,plate12,1705.3360941828255,2853.4650692520777,3343.1303531855956,0.046681274,Cinacalcet,"[('Cinacalcet', 5.0, 'uM')]"
smp_2626,plate12,1596.6995657485447,2704.4379164142942,3164.9013027543656,0.05301083,Valdecoxib,"[('Valdecoxib', 5.0, 'uM')]"
smp_2627,plate12,1232.213532795882,1933.039428863404,2265.794907459975,0.07425405,Pimozide,"[('Pimozide', 5.0, 'uM')]"
smp_2628,plate12,1576.8790063577374,2599.713676053979,3044.45231696926,0.042863645,Methotrexate,"[('Methotrexate', 5.0, 'uM')]"
smp_2629,plate12,1550.9088764911326,2585.180958860616,3021.2961672789947,0.05872383,5-Fluorouracil,"[('5-Fluorouracil', 5.0, 'uM')]"
smp_2630,plate12,1688.3998420759274,3197.6230569145973,3749.1190468817736,0.08377087,Ixazomib citrate,"[('Ixazomib citrate', 5.0, 'uM')]"
smp_2631,plate12,1575.3133797889905,2667.337964906389,3121.8906333081463,0.07039944,5-Azacytidine,"[('5-Azacytidine', 5.0, 'uM')]"
smp_2632,plate12,1901.5414417821169,3473.251595677633,4071.3499948434114,0.06338106,Aspirin,"[('Aspirin', 5.0, 'uM')]"
smp_2633,plate12,1850.6040031138261,3371.0619598633084,3947.3917879431597,0.06697976,Vismodegib,"[('Vismodegib', 5.0, 'uM')]"
smp_2634,plate12,1588.8466447225414,2739.2388442070614,3212.1030959848463,0.06380916,Dihydroartemisinin,"[('Dihydroartemisinin', 5.0, 'uM')]"
smp_2635,plate12,1543.8640256959316,2585.326847441332,3026.927173010532,0.06744214,Lactate (calcium),"[('Lactate (calcium)', 5.0, 'uM')]"
smp_2636,plate12,1594.0103151862463,3086.0513883823915,3614.8116176087524,0.07624463,Ouabain (Octahydrate),"[('Ouabain (Octahydrate)', 5.0, 'uM')]"
smp_2637,plate12,1719.2349665372221,2969.9241840865902,3473.2544327852597,0.05947891,Gefitinib,"[('Gefitinib', 5.0, 'uM')]"
smp_2638,plate12,1622.334651341155,2676.9796909332117,3141.0438881058,0.044604998,Methylthiouracil,"[('Methylthiouracil', 5.0, 'uM')]"
smp_2639,plate12,1501.1512183162552,2476.5094974619574,2900.130501646524,0.06791562,Binimetinib,"[('Binimetinib', 5.0, 'uM')]"
smp_2640,plate12,1698.3917253726695,2900.1512863425837,3397.202086171331,0.06204216,Perindopril (erbumine),"[('Perindopril (erbumine)', 5.0, 'uM')]"
smp_2641,plate12,1733.5739777363692,2916.2031781436813,3417.2723727322477,0.042481612,Dapagliflozin,"[('Dapagliflozin', 5.0, 'uM')]"
smp_2642,plate12,1992.587752794875,3591.0724280869235,4212.807147343298,0.08767171,Panobinostat,"[('Panobinostat', 5.0, 'uM')]"
smp_2643,plate12,1678.709434186309,2878.479615666251,3360.5410754220347,0.06892163,Uridine,"[('Uridine', 5.0, 'uM')]"
smp_2644,plate12,1630.324069988297,2837.0054006868368,3326.3424783684745,0.086549625,Adagrasib,"[('Adagrasib', 0.05, 'uM')]"
smp_2645,plate12,1505.4802670381107,2548.0410721680532,2980.544567004229,0.08275115,DMSO_TF,"[('DMSO_TF', 0.0, 'uM')]"
smp_2646,plate12,1612.3910407213095,2766.3968088352544,3240.28694890396,0.07135231,DMSO_TF,"[('DMSO_TF', 0.0, 'uM')]"
smp_2647,plate13,1575.562580398778,2512.0744794179127,2922.316369191188,0.02760616,Abemaciclib,"[('Abemaciclib', 0.05, 'uM')]"
smp_2648,plate13,1600.2900975382179,2625.4071217003548,3056.761666069937,0.06698447,c-Kit-IN-1,"[('c-Kit-IN-1', 0.05, 'uM')]"
smp_2649,plate13,1394.671080858913,2223.4935441185316,2586.3745112977927,0.084257476,Ralimetinib dimesylate,"[('Ralimetinib dimesylate', 0.05, 'uM')]"
smp_2650,plate13,1434.6934641837267,2333.6545710493506,2714.564034911314,0.07761108,PF-06260933,"[('PF-06260933', 0.05, 'uM')]"
smp_2651,plate13,1716.074439136482,2921.5357596385593,3401.4990022374072,0.05230451,Sonidegib,"[('Sonidegib', 0.05, 'uM')]"
smp_2652,plate13,1480.3575691928436,2417.683233107982,2814.4266313076605,0.08276616,Hydroxyfasudil,"[('Hydroxyfasudil', 0.05, 'uM')]"
smp_2653,plate13,1512.4143290961827,2437.9156041346287,2837.5131007767027,0.043500878,Pralsetinib,"[('Pralsetinib', 0.05, 'uM')]"
smp_2654,plate13,1854.5944366709575,3311.050909497957,3857.2499804108134,0.081881486,olaparib,"[('olaparib', 0.05, 'uM')]"
smp_2655,plate13,1763.4096460273422,3045.921234168462,3545.3026244101156,0.077748,DTP3,"[('DTP3', 0.05, 'uM')]"
smp_2656,plate13,1519.258438676059,2473.568107690823,2876.752417253691,0.053562786,Methylprednisolone succinate,"[('Methylprednisolone succinate', 0.05, 'uM')]"
smp_2657,plate13,1896.0121780958527,3427.656326626386,3987.643315539391,0.07484451,Chlorhexidine (diacetate),"[('Chlorhexidine (diacetate)', 0.5, 'uM')]"
smp_2658,plate13,1792.4388613138685,3095.174802919708,3602.588807785888,0.06613094,Berbamine,"[('Berbamine', 0.5, 'uM')]"
smp_2659,plate13,1105.7868614005404,1640.4478879092826,1901.5723869742037,0.054270666,Terfenadine,"[('Terfenadine', 0.5, 'uM')]"
smp_2660,plate13,1264.2703875384034,1944.8840079771467,2260.8833611814803,0.056587547,Pentamidine (isethionate),"[('Pentamidine (isethionate)', 0.5, 'uM')]"
smp_2661,plate13,1236.9676632474357,1867.720873988825,2169.7584438328745,0.041183308,Sulfisoxazole,"[('Sulfisoxazole', 0.5, 'uM')]"
smp_2662,plate13,1218.7268166447045,1902.79017892581,2215.937272770572,0.076505244,Captopril,"[('Captopril', 0.05, 'uM')]"
smp_2663,plate13,1246.2313857995696,1958.319282402497,2277.1110033637383,0.08047597,Malotilate,"[('Malotilate', 0.05, 'uM')]"
smp_2664,plate13,1143.1181256176314,1714.187553145037,1991.6282720106635,0.04800265,Nimesulide,"[('Nimesulide', 5.0, 'uM')]"
smp_2665,plate13,1493.2490696363125,2417.5329433323936,2816.2539469974627,0.06506006,Nimesulide,"[('Nimesulide', 0.5, 'uM')]"
smp_2666,plate13,1344.5916929326888,2162.3107515584506,2511.1546123135113,0.07269808,Nimesulide,"[('Nimesulide', 0.05, 'uM')]"
smp_2667,plate13,1812.5757011814428,3197.7119032753817,3719.8141749111514,0.06926198,Adagrasib,"[('Adagrasib', 0.05, 'uM')]"
smp_2668,plate13,1475.0049966343913,2407.770853829027,2798.132074250505,0.056126285,Adagrasib,"[('Adagrasib', 0.05, 'uM')]"
smp_2669,plate13,1644.2713155794208,2764.071939627023,3218.7516000290257,0.06290539,DMSO_TF,"[('DMSO_TF', 0.0, 'uM')]"
smp_2670,plate13,1315.4577832043376,2031.4358884152145,2363.0470800049666,0.048897304,DMSO_TF,"[('DMSO_TF', 0.0, 'uM')]"
smp_2671,plate13,1230.4271730618636,1888.3092404072045,2196.5402114330464,0.041734263,Berbamine (dihydrochloride),"[('Berbamine (dihydrochloride)', 5.0, 'uM')]"
smp_2672,plate13,1048.7856378042686,1540.3433863944606,1787.8532728959954,0.056285884,Daidzin,"[('Daidzin', 5.0, 'uM')]"
smp_2673,plate13,1195.046313340492,1779.0697064989517,2068.632037122258,0.044726033,Fumaric acid,"[('Fumaric acid', 5.0, 'uM')]"
smp_2674,plate13,1082.7440979195876,1638.8999962105422,1904.881958391754,0.07438188,Pravastatin (sodium),"[('Pravastatin (sodium)', 5.0, 'uM')]"
smp_2675,plate13,976.9316099106234,1396.289172983369,1609.2317287023418,0.053228687,Almonertinib (mesylate),"[('Almonertinib (mesylate)', 5.0, 'uM')]"
smp_2676,plate13,1010.3050334569322,1461.9375186463794,1698.5490985807442,0.076532915,Irinotecan (hydrochloride),"[('Irinotecan (hydrochloride)', 5.0, 'uM')]"
smp_2677,plate13,1142.5105133932693,1704.6628145249128,1984.3799774778934,0.056772888,Belumosudil,"[('Belumosudil', 5.0, 'uM')]"
smp_2678,plate13,1207.3494388174104,1863.6130204315257,2165.6760321529005,0.074756205,Flumatinib (mesylate),"[('Flumatinib (mesylate)', 5.0, 'uM')]"
smp_2679,plate13,1569.3691649073423,2616.6200152474785,3040.8772675736964,0.06742506,Cytarabine,"[('Cytarabine', 5.0, 'uM')]"
smp_2680,plate13,1459.131936026738,2395.400056488532,2790.282124910266,0.07594197,Afatinib,"[('Afatinib', 5.0, 'uM')]"
smp_2681,plate13,1380.2391501628142,2252.8311429028986,2620.527507606897,0.09596289,Topotecan (hydrochloride),"[('Topotecan (hydrochloride)', 5.0, 'uM')]"
smp_2682,plate13,1516.6880576928704,2514.8536906468507,2923.943521254498,0.07889829,Naproxen,"[('Naproxen', 5.0, 'uM')]"
smp_2683,plate13,1275.7891737576488,1950.1648722516682,2264.9552853175173,0.053457227,Berbamine (dihydrochloride),"[('Berbamine (dihydrochloride)', 0.5, 'uM')]"
smp_2684,plate13,1178.593348718859,1789.453553464702,2076.829066808687,0.057425797,Daidzin,"[('Daidzin', 0.5, 'uM')]"
smp_2685,plate13,1420.0594452976782,2221.347507051726,2587.776673592917,0.05301012,Fumaric acid,"[('Fumaric acid', 0.5, 'uM')]"
smp_2686,plate13,1130.15949599375,1676.601337233598,1949.4865277348788,0.06529403,Pravastatin (sodium),"[('Pravastatin (sodium)', 0.5, 'uM')]"
smp_2687,plate13,1485.113698105477,2415.0215282664267,2807.3803742729647,0.061254933,Almonertinib (mesylate),"[('Almonertinib (mesylate)', 0.5, 'uM')]"
smp_2688,plate13,1133.0554020539623,1692.3014697315202,1967.9983854591455,0.086562045,Irinotecan (hydrochloride),"[('Irinotecan (hydrochloride)', 0.5, 'uM')]"
smp_2689,plate13,1425.2786839145108,2281.3865820343885,2655.203792383095,0.056702297,Belumosudil,"[('Belumosudil', 0.5, 'uM')]"
smp_2690,plate13,1465.439795126232,2420.4874105575805,2818.588446739571,0.07653482,Flumatinib (mesylate),"[('Flumatinib (mesylate)', 0.5, 'uM')]"
smp_2691,plate13,1318.4729846865068,2108.7168647690023,2449.779453815421,0.08188199,Cytarabine,"[('Cytarabine', 0.5, 'uM')]"
smp_2692,plate13,1363.7008331169905,2218.274338580633,2578.3670552972553,0.086220905,Afatinib,"[('Afatinib', 0.5, 'uM')]"
smp_2693,plate13,1507.9544141334084,2515.5038393032155,2925.9733507188575,0.077768825,Topotecan (hydrochloride),"[('Topotecan (hydrochloride)', 0.5, 'uM')]"
smp_2694,plate13,1360.1731575989118,2137.2174794926727,2485.463868818273,0.05887913,Naproxen,"[('Naproxen', 0.5, 'uM')]"
smp_2695,plate13,1443.870803707241,2287.2746736708054,2661.916958505784,0.045151558,Berbamine (dihydrochloride),"[('Berbamine (dihydrochloride)', 0.05, 'uM')]"
smp_2696,plate13,1442.8286787224733,2375.1659860969326,2765.938894560303,0.08556171,Daidzin,"[('Daidzin', 0.05, 'uM')]"
smp_2697,plate13,1362.996703543935,2219.4434662675703,2583.592031771185,0.105865546,Fumaric acid,"[('Fumaric acid', 0.05, 'uM')]"
smp_2698,plate13,1097.8608253530533,1604.3784430105673,1867.8756584404252,0.06367005,Pravastatin (sodium),"[('Pravastatin (sodium)', 0.05, 'uM')]"
smp_2699,plate13,1186.216782421762,1799.0374240357187,2093.304322212576,0.06267272,Almonertinib (mesylate),"[('Almonertinib (mesylate)', 0.05, 'uM')]"
smp_2700,plate13,995.9254750694878,1405.1096602189573,1637.1363321799308,0.06876512,Irinotecan (hydrochloride),"[('Irinotecan (hydrochloride)', 0.05, 'uM')]"
smp_2701,plate13,1365.4097007223943,2161.6271599057977,2512.0488652501035,0.0595906,Belumosudil,"[('Belumosudil', 0.05, 'uM')]"
smp_2702,plate13,1526.549028496075,2498.6563472276594,2907.2062926256363,0.049484286,Flumatinib (mesylate),"[('Flumatinib (mesylate)', 0.05, 'uM')]"
smp_2703,plate13,1512.0895300676325,2488.5015204208244,2899.6335086768845,0.0793814,Cytarabine,"[('Cytarabine', 0.05, 'uM')]"
smp_2704,plate13,1274.1672696318365,1991.8285413469832,2312.4626628285973,0.053095125,Afatinib,"[('Afatinib', 0.05, 'uM')]"
smp_2705,plate13,1398.1525777719276,2251.311359747269,2614.673107805713,0.07144124,Topotecan (hydrochloride),"[('Topotecan (hydrochloride)', 0.05, 'uM')]"
smp_2706,plate13,1356.7957652516627,2129.3239284834553,2474.1528142704656,0.058137804,Naproxen,"[('Naproxen', 0.05, 'uM')]"
smp_2707,plate13,1601.0903870669329,2688.9918886294154,3123.3094617614875,0.061870072,Daptomycin,"[('Daptomycin', 5.0, 'uM')]"
smp_2708,plate13,1579.8850849406485,2661.0582804450505,3096.4217835845293,0.068992734,Glasdegib,"[('Glasdegib', 5.0, 'uM')]"
smp_2709,plate13,1426.6632233830262,2290.598270532535,2664.739953828697,0.06684015,Regorafenib,"[('Regorafenib', 5.0, 'uM')]"
smp_2710,plate13,1315.3617251394476,2110.0261760381095,2454.129458372322,0.08295997,Fostamatinib (disodium hexahydrate),"[('Fostamatinib (disodium hexahydrate)', 5.0, 'uM')]"
smp_2711,plate13,1178.2029630578415,1836.026641903359,2134.986038617951,0.10179906,Ivabradine (hydrochloride),"[('Ivabradine (hydrochloride)', 5.0, 'uM')]"
smp_2712,plate13,1437.2222821231633,2271.667601121346,2643.66512122239,0.060598835,Plicamycin,"[('Plicamycin', 5.0, 'uM')]"
smp_2713,plate13,1458.3479836798424,2311.271262209913,2690.7464334507467,0.0600203,Ornidazole,"[('Ornidazole', 5.0, 'uM')]"
smp_2714,plate13,1462.9183657640363,2366.2423528499266,2752.5560920275734,0.06843793,Larotrectinib sulfate,"[('Larotrectinib sulfate', 5.0, 'uM')]"
smp_2715,plate13,1479.3906783928635,2403.735009532031,2795.945082910687,0.0768357,Edoxaban (tosylate monohydrate),"[('Edoxaban (tosylate monohydrate)', 5.0, 'uM')]"
smp_2716,plate13,1490.9295146992442,2418.6006473237867,2812.6974193486426,0.059468806,Rimonabant (Hydrochloride),"[('Rimonabant (Hydrochloride)', 5.0, 'uM')]"
smp_2717,plate13,1380.2881304407904,2199.1779650868225,2555.451678872461,0.065778434,Carbidopa (monohydrate),"[('Carbidopa (monohydrate)', 5.0, 'uM')]"
smp_2718,plate13,1454.4283104931678,2351.885456487239,2735.2590104702113,0.06150957,Ribociclib,"[('Ribociclib', 5.0, 'uM')]"
smp_2719,plate13,1358.6071547217316,2154.1424300176595,2503.911545119158,0.050649036,Daptomycin,"[('Daptomycin', 0.5, 'uM')]"
smp_2720,plate13,1553.8222047109532,2587.775199612642,3013.690683477485,0.098558776,Glasdegib,"[('Glasdegib', 0.5, 'uM')]"
smp_2721,plate13,1401.0192282451765,2167.8415146344664,2522.5090234938966,0.04424157,Regorafenib,"[('Regorafenib', 0.5, 'uM')]"
smp_2722,plate13,1364.2329899345616,2131.9648892276155,2478.382276418491,0.051773254,Fostamatinib (disodium hexahydrate),"[('Fostamatinib (disodium hexahydrate)', 0.5, 'uM')]"
smp_2723,plate13,1090.1995224197399,1645.994817369771,1916.1361988148935,0.08946541,Ivabradine (hydrochloride),"[('Ivabradine (hydrochloride)', 0.5, 'uM')]"
smp_2724,plate13,1370.4797539398166,2128.7722780649183,2476.818815993912,0.058984086,Plicamycin,"[('Plicamycin', 0.5, 'uM')]"
smp_2725,plate13,1453.5141628296635,2318.6499729540747,2693.770795677929,0.060697738,Ornidazole,"[('Ornidazole', 0.5, 'uM')]"
smp_2726,plate13,1687.7267728420923,2927.3268436941653,3410.124283777956,0.07565378,Larotrectinib sulfate,"[('Larotrectinib sulfate', 0.5, 'uM')]"
smp_2727,plate13,1513.8343278463649,2498.2429698216733,2904.9914951989026,0.07475623,Edoxaban (tosylate monohydrate),"[('Edoxaban (tosylate monohydrate)', 0.5, 'uM')]"
smp_2728,plate13,1787.6474246560483,3153.059823188039,3671.4512682371233,0.063668,Rimonabant (Hydrochloride),"[('Rimonabant (Hydrochloride)', 0.5, 'uM')]"
smp_2729,plate13,1553.7067198323236,2592.388160417146,3015.25970656647,0.05823456,Carbidopa (monohydrate),"[('Carbidopa (monohydrate)', 0.5, 'uM')]"
smp_2730,plate13,1449.1033718555648,2335.786839784647,2719.034786039172,0.060371146,Ribociclib,"[('Ribociclib', 0.5, 'uM')]"
smp_2731,plate13,1690.3685398655139,2883.1906580211335,3355.262367915466,0.06544373,Daptomycin,"[('Daptomycin', 0.05, 'uM')]"
smp_2732,plate13,1680.394310694507,2854.130914975673,3321.5649688422777,0.06378076,Glasdegib,"[('Glasdegib', 0.05, 'uM')]"
smp_2733,plate13,1583.2631629896246,2623.2361725907085,3049.453283817201,0.061242763,Regorafenib,"[('Regorafenib', 0.05, 'uM')]"
smp_2734,plate13,1397.6641067135627,2175.7438144860294,2535.475243912706,0.043881305,Fostamatinib (disodium hexahydrate),"[('Fostamatinib (disodium hexahydrate)', 0.05, 'uM')]"
smp_2735,plate13,1495.0115825688074,2466.8793195718654,2871.032759938838,0.07130053,Ivabradine (hydrochloride),"[('Ivabradine (hydrochloride)', 0.05, 'uM')]"
smp_2736,plate13,1607.0576750915586,2660.9182348419768,3096.517864086449,0.058048572,Plicamycin,"[('Plicamycin', 0.05, 'uM')]"
smp_2737,plate13,1549.5964593660183,2448.10317823968,2850.2407964343734,0.044668205,Ornidazole,"[('Ornidazole', 0.05, 'uM')]"
smp_2738,plate13,1527.390633756177,2517.3966580060114,2932.293774517296,0.07726426,Larotrectinib sulfate,"[('Larotrectinib sulfate', 0.05, 'uM')]"
smp_2739,plate13,1587.2979167149444,2634.625649819634,3057.2244185417776,0.07185651,Edoxaban (tosylate monohydrate),"[('Edoxaban (tosylate monohydrate)', 0.05, 'uM')]"
smp_2740,plate13,1327.3681051901444,2112.6854348241304,2459.6755732480874,0.079505764,Rimonabant (Hydrochloride),"[('Rimonabant (Hydrochloride)', 0.05, 'uM')]"
smp_2741,plate13,1345.8138234784117,2150.275956303104,2497.3542084272585,0.07463004,Carbidopa (monohydrate),"[('Carbidopa (monohydrate)', 0.05, 'uM')]"
smp_2742,plate13,1301.0210706093794,2027.9130067819162,2359.590979952139,0.069652736,Ribociclib,"[('Ribociclib', 0.05, 'uM')]"
smp_2743,plate14,1462.6128568895194,2289.615463734705,2667.451409824437,0.025998242,8-Hydroxyquinoline,"[('8-Hydroxyquinoline', 5.0, 'uM')]"
smp_2744,plate14,1414.5008661623401,2226.2627400640586,2596.529605304154,0.03677453,Chlorhexidine (diacetate),"[('Chlorhexidine (diacetate)', 5.0, 'uM')]"
smp_2745,plate14,1399.1836627418,2228.9977046537706,2596.0779366414354,0.0555446,Trifluridine,"[('Trifluridine', 5.0, 'uM')]"
smp_2746,plate14,1367.728454140994,2170.775620346446,2528.7251976088187,0.057751775,Berbamine,"[('Berbamine', 5.0, 'uM')]"
smp_2747,plate14,1651.464407702589,2813.463640413841,3281.9018365427455,0.060238566,Retinoic acid,"[('Retinoic acid', 5.0, 'uM')]"
smp_2748,plate14,1549.5885821231566,2581.0648992457504,3010.8483338962064,0.06799538,Cysteamine (hydrochloride),"[('Cysteamine (hydrochloride)', 5.0, 'uM')]"
smp_2749,plate14,1394.5764657319005,2225.8878280669514,2596.025646147086,0.04842282,Vinblastine (sulfate),"[('Vinblastine (sulfate)', 5.0, 'uM')]"
smp_2750,plate14,1461.2778436103536,2354.1289065288465,2746.083548677241,0.06637507,Pasireotide (acetate),"[('Pasireotide (acetate)', 5.0, 'uM')]"
smp_2751,plate14,1429.8120506091445,2301.0870618105782,2682.424128955173,0.0690646,Riluzole hydrochloride,"[('Riluzole hydrochloride', 5.0, 'uM')]"
smp_2752,plate14,1288.1382121291679,1984.6039380414807,2312.400341296928,0.056526203,Palmatine (chloride),"[('Palmatine (chloride)', 5.0, 'uM')]"
smp_2753,plate14,1609.619028496409,2753.1029423121477,3209.665070661827,0.0776465,Isocorydine,"[('Isocorydine', 5.0, 'uM')]"
smp_2754,plate14,1579.9255793917464,2597.932902558801,3029.976272938744,0.066798136,Raltitrexed,"[('Raltitrexed', 5.0, 'uM')]"
smp_2755,plate14,1612.3433709492488,2751.943781304689,3200.4300645706353,0.070707574,Furosemide,"[('Furosemide', 5.0, 'uM')]"
smp_2756,plate14,1643.4835914124617,2772.2889532596646,3227.877445195437,0.05447041,Clotrimazole,"[('Clotrimazole', 5.0, 'uM')]"
smp_2757,plate14,1481.8253300489885,2343.9211019161753,2728.742409565193,0.04429026,Sodium Salicylate,"[('Sodium Salicylate', 5.0, 'uM')]"
smp_2758,plate14,1390.6627219706952,2193.698876609736,2557.814816747779,0.034097698,Gallic acid (hydrate),"[('Gallic acid (hydrate)', 5.0, 'uM')]"
smp_2759,plate14,1565.1434176524976,2679.2867286218916,3123.4089163367394,0.0805551,(R)-Verapamil (hydrochloride),"[('(R)-Verapamil (hydrochloride)', 5.0, 'uM')]"
smp_2760,plate14,1434.8766772219838,2317.8152506440533,2699.9762371189354,0.036890864,Pyridoxine,"[('Pyridoxine', 5.0, 'uM')]"
smp_2761,plate14,1621.0589426199438,2704.231205076294,3156.3165618163785,0.048873812,Acetohexamide,"[('Acetohexamide', 5.0, 'uM')]"
smp_2762,plate14,1391.1851856179671,2276.747753537667,2651.2058332067445,0.075937495,Temsirolimus,"[('Temsirolimus', 5.0, 'uM')]"
smp_2763,plate14,1590.8240256878423,2650.6449348359884,3089.632101408214,0.054181457,Megestrol,"[('Megestrol', 5.0, 'uM')]"
smp_2764,plate14,1305.772614654718,2026.8892857142857,2358.5040985767,0.034055017,Diammonium Glycyrrhizinate,"[('Diammonium Glycyrrhizinate', 5.0, 'uM')]"
smp_2765,plate14,1419.304157549234,2371.1969365426694,2769.080962800875,0.06372697,L-Thyroxine (sodium salt pentahydrate),"[('L-Thyroxine (sodium salt pentahydrate)', 5.0, 'uM')]"
smp_2766,plate14,1388.5852223751267,2182.6972341101214,2545.3487077895566,0.050989643,Ropivacaine (hydrochloride monohydrate),"[('Ropivacaine (hydrochloride monohydrate)', 5.0, 'uM')]"
smp_2767,plate14,1723.6419789158738,2977.3716252542017,3471.9079381033634,0.062148243,Salicylic acid,"[('Salicylic acid', 5.0, 'uM')]"
smp_2768,plate14,1574.926525598176,2642.4182806171007,3075.9088846588015,0.06750927,Quinestrol,"[('Quinestrol', 5.0, 'uM')]"
smp_2769,plate14,1413.5626144688645,2253.4192503924646,2626.2255200156987,0.047990296,Tofacitinib,"[('Tofacitinib', 5.0, 'uM')]"
smp_2770,plate14,1312.4026818847115,2098.634914768107,2444.6252901432604,0.06749436,Trimetrexate,"[('Trimetrexate', 5.0, 'uM')]"
smp_2771,plate14,1197.5551762741104,1792.566123437758,2073.081897263668,0.054882698,Gemfibrozil,"[('Gemfibrozil', 5.0, 'uM')]"
smp_2772,plate14,1340.801759106243,2112.501195045002,2459.5317745393954,0.051657222,18β-Glycyrrhetinic acid,"[('18β-Glycyrrhetinic acid', 5.0, 'uM')]"
smp_2773,plate14,1496.1899582648286,2448.4431797422817,2856.6367634866433,0.058837146,Tolcapone,"[('Tolcapone', 5.0, 'uM')]"
smp_2774,plate14,1368.7155323114264,2212.474897785226,2576.823887195342,0.073244475,Terfenadine,"[('Terfenadine', 5.0, 'uM')]"
smp_2775,plate14,1602.6234854996526,2710.2295564530373,3157.114436764827,0.06484188,Aliskiren,"[('Aliskiren', 5.0, 'uM')]"
smp_2776,plate14,1532.9665310937937,2596.7793318637646,3031.5213760129154,0.08187653,Fluvoxamine (maleate),"[('Fluvoxamine (maleate)', 5.0, 'uM')]"
smp_2777,plate14,1436.5328510358436,2377.5382308451167,2772.7146596514303,0.09220153,S-Adenosyl-L-methionine (disulfate tosylate),"[('S-Adenosyl-L-methionine (disulfate tosylate)', 5.0, 'uM')]"
smp_2778,plate14,1363.164266414837,2084.0944099053017,2428.2858791742083,0.10371683,Idarubicin (hydrochloride),"[('Idarubicin (hydrochloride)', 5.0, 'uM')]"
smp_2779,plate14,1361.865076449791,2165.6958078883326,2521.508241884384,0.06051335,Elagolix sodium,"[('Elagolix sodium', 5.0, 'uM')]"
smp_2780,plate14,1160.8881828667295,1730.2260039844814,2012.3655866624724,0.047249626,Resveratrol,"[('Resveratrol', 5.0, 'uM')]"
smp_2781,plate14,1653.3146750872527,2766.319378427788,3229.2143759348514,0.04525984,Rapamycin,"[('Rapamycin', 5.0, 'uM')]"
smp_2782,plate14,1175.426746549695,1758.5222210334866,2048.1958703327273,0.04965976,Saquinavir,"[('Saquinavir', 5.0, 'uM')]"
smp_2783,plate14,1580.9916094868736,2652.612383154336,3090.1853495425617,0.062135678,Tofacitinib (citrate),"[('Tofacitinib (citrate)', 5.0, 'uM')]"
smp_2784,plate14,1286.267087291527,1989.0376853289276,2317.24588039252,0.052735843,Thymol,"[('Thymol', 5.0, 'uM')]"
smp_2785,plate14,1412.0612932992617,2230.9634085746734,2599.9793973594547,0.035857614,Almonertinib (hydrochloride),"[('Almonertinib (hydrochloride)', 5.0, 'uM')]"
smp_2786,plate14,1474.5009184170738,2439.3453498106937,2845.7206137775056,0.07767348,Darinaparsin,"[('Darinaparsin', 5.0, 'uM')]"
smp_2787,plate14,1276.834357792291,2037.9775643488283,2373.6517992060444,0.088186644,Vilanterol,"[('Vilanterol', 5.0, 'uM')]"
smp_2788,plate14,1255.7026272801525,1966.700500272257,2290.324377212088,0.07558332,Lenalidomide (hemihydrate),"[('Lenalidomide (hemihydrate)', 5.0, 'uM')]"
smp_2789,plate14,1340.3039393858407,2137.204439158671,2490.5330732020207,0.07639501,Azithromycin (hydrate),"[('Azithromycin (hydrate)', 5.0, 'uM')]"
smp_2790,plate14,1380.4353432592527,2205.2705904612203,2570.212010071461,0.06370811,Ritonavir,"[('Ritonavir', 5.0, 'uM')]"
smp_2791,plate14,1594.85091930723,2655.473606221179,3097.02547506431,0.041536946,Pentamidine (isethionate),"[('Pentamidine (isethionate)', 5.0, 'uM')]"
smp_2792,plate14,1758.2134948096887,3159.3075289344947,3687.8133158334326,0.087179534,Adenosine,"[('Adenosine', 5.0, 'uM')]"
smp_2793,plate14,1469.9224836097185,2433.783972232935,2839.027659082144,0.08105322,Sulfisoxazole,"[('Sulfisoxazole', 5.0, 'uM')]"
smp_2794,plate14,1421.2024301441904,2278.673953246453,2659.0065738145463,0.05928431,Norepinephrine (hydrochloride),"[('Norepinephrine (hydrochloride)', 5.0, 'uM')]"
smp_2795,plate14,1252.2483702283423,1904.6984486665506,2219.703869618267,0.043844666,Ciclopirox,"[('Ciclopirox', 5.0, 'uM')]"
smp_2796,plate14,1257.0553940098866,1916.707545798197,2237.8995347484733,0.06427286,Lidocaine (hydrochloride),"[('Lidocaine (hydrochloride)', 5.0, 'uM')]"
smp_2797,plate14,1641.9690368073752,2795.359815071406,3255.5127652861042,0.060069848,Demeclocycline,"[('Demeclocycline', 5.0, 'uM')]"
smp_2798,plate14,1718.2274585036282,2974.167820502127,3467.062765868713,0.061040252,Mitoxantrone (dihydrochloride),"[('Mitoxantrone (dihydrochloride)', 5.0, 'uM')]"
smp_2799,plate14,1669.630839247146,2852.196605985807,3329.9329219376737,0.07060897,Larotrectinib,"[('Larotrectinib', 5.0, 'uM')]"
smp_2800,plate14,1241.7581083529624,1915.7068309476354,2227.2878156451266,0.044252988,Busulfan,"[('Busulfan', 5.0, 'uM')]"
smp_2801,plate14,1491.8146160534754,2501.6546926797455,2915.2350415738274,0.0833111,Cepharanthine,"[('Cepharanthine', 5.0, 'uM')]"
smp_2802,plate14,1390.4443052526087,2162.706331427224,2519.517980310087,0.065510586,Radotinib,"[('Radotinib', 5.0, 'uM')]"
smp_2803,plate14,1842.0822895724255,3247.1845118424308,3780.9300742906908,0.06169965,Docetaxel,"[('Docetaxel', 5.0, 'uM')]"
smp_2804,plate14,1436.5023271886912,2315.9092774376086,2700.2958715348645,0.0542954,Triclosan,"[('Triclosan', 5.0, 'uM')]"
smp_2805,plate14,1598.5699177868312,2703.7052401746723,3151.963613964041,0.06889851,Tucidinostat,"[('Tucidinostat', 5.0, 'uM')]"
smp_2806,plate14,1453.288413115566,2450.950465759456,2856.9229329774207,0.091285296,Bergenin,"[('Bergenin', 5.0, 'uM')]"
smp_2807,plate14,1259.5846823522718,2011.041366752966,2344.822953711343,0.09941436,Allantoin,"[('Allantoin', 5.0, 'uM')]"
smp_2808,plate14,1708.1273676815608,2925.7426799040336,3412.830971726999,0.06740984,Bimatoprost,"[('Bimatoprost', 5.0, 'uM')]"
smp_2809,plate14,1512.058688871337,2456.4703008072397,2867.319053802594,0.067496076,Triamcinolone,"[('Triamcinolone', 5.0, 'uM')]"
smp_2810,plate14,1652.3269823479966,2797.827729522742,3261.608682793188,0.06657942,Olanzapine,"[('Olanzapine', 5.0, 'uM')]"
smp_2811,plate14,1696.693008074214,2949.602661210976,3439.3856725648516,0.0734884,Rimonabant,"[('Rimonabant', 5.0, 'uM')]"
smp_2812,plate14,1626.6262157513936,2730.0251601233545,3181.324057051358,0.06138014,Pentagastrin,"[('Pentagastrin', 5.0, 'uM')]"
smp_2813,plate14,1492.3856439445274,2488.0318621915044,2899.860459863577,0.07349795,Lumateperone (tosylate),"[('Lumateperone (tosylate)', 5.0, 'uM')]"
smp_2814,plate14,1548.045513102751,2580.8123379482413,3008.6883714104006,0.06233023,Relugolix,"[('Relugolix', 5.0, 'uM')]"
smp_2815,plate14,1379.03649721531,2421.265265011088,2821.47023174716,0.06297088,Homoharringtonine,"[('Homoharringtonine', 5.0, 'uM')]"
smp_2816,plate14,1663.1600716070564,2884.0820746155473,3367.060617362225,0.10095553,Hexylresorcinol,"[('Hexylresorcinol', 5.0, 'uM')]"
smp_2817,plate14,1573.2091227745093,2588.525377928074,3020.1647596547305,0.0505648,Baicalin,"[('Baicalin', 5.0, 'uM')]"
smp_2818,plate14,1494.138353115727,2437.858237274595,2841.135000570646,0.04796627,Berberine (chloride hydrate),"[('Berberine (chloride hydrate)', 5.0, 'uM')]"
smp_2819,plate14,1144.430744960561,1731.3550219106048,2020.4664855390008,0.070584744,Medroxyprogesterone acetate,"[('Medroxyprogesterone acetate', 5.0, 'uM')]"
smp_2820,plate14,1363.4530102386577,2123.6311702108173,2476.0526585709836,0.044368625,Neratinib (maleate),"[('Neratinib (maleate)', 5.0, 'uM')]"
smp_2821,plate14,1468.4546399081314,2380.4257487103773,2770.3071945462166,0.061727803,Sinomenine,"[('Sinomenine', 5.0, 'uM')]"
smp_2822,plate14,1676.3046989847978,2915.510593037132,3402.3125680980957,0.08381047,Goserelin (acetate),"[('Goserelin (acetate)', 5.0, 'uM')]"
smp_2823,plate14,1520.0412023296187,2546.1632693061542,2968.3533768270145,0.07690768,Fusidic acid,"[('Fusidic acid', 5.0, 'uM')]"
smp_2824,plate14,1737.9672345241895,3021.678135066895,3526.5606843311953,0.06351964,Balsalazide (sodium hydrate),"[('Balsalazide (sodium hydrate)', 5.0, 'uM')]"
smp_2825,plate14,1417.3745279351328,2269.897298122848,2646.73771242919,0.06120892,Cloxacillin (sodium),"[('Cloxacillin (sodium)', 5.0, 'uM')]"
smp_2826,plate14,1283.4101007173392,1998.6096079994204,2332.8076371277443,0.062067527,Artesunate,"[('Artesunate', 5.0, 'uM')]"
smp_2827,plate14,1559.5696179659267,2618.37090862158,3052.5296334537943,0.07500426,Pyridoxine (hydrochloride),"[('Pyridoxine (hydrochloride)', 5.0, 'uM')]"
smp_2828,plate14,1594.4681472467296,2742.527623973228,3198.7232735016732,0.07910434,Folic acid,"[('Folic acid', 5.0, 'uM')]"
smp_2829,plate14,1460.718930994539,2430.605411219593,2832.41593579348,0.08330337,Selinexor ,"[('Selinexor ', 5.0, 'uM')]"
smp_2830,plate14,1570.718474317972,2604.928459507609,3042.6586962587735,0.052709535,Adenine,"[('Adenine', 5.0, 'uM')]"
smp_2831,plate14,1537.1405249847387,2581.608633469957,3010.328054417023,0.074696355,Gallic acid,"[('Gallic acid', 5.0, 'uM')]"
smp_2832,plate14,1684.6892565041026,2898.3441195512864,3380.1461622821507,0.06394919,Lipoic acid,"[('Lipoic acid', 5.0, 'uM')]"
smp_2833,plate14,1698.7474809264074,2805.517748211585,3273.743572751525,0.048052147,Amsacrine,"[('Amsacrine', 5.0, 'uM')]"
smp_2834,plate14,1713.4999827258594,3003.5191742960787,3507.489998272586,0.08608451,Anethole trithione,"[('Anethole trithione', 5.0, 'uM')]"
smp_2835,plate14,1711.1578352813592,2996.2696559826486,3488.079633088324,0.07911465,Clonidine (hydrochloride),"[('Clonidine (hydrochloride)', 5.0, 'uM')]"
smp_2836,plate14,1376.9007317161086,2251.751955448221,2627.752928666691,0.09355974,Adagrasib,"[('Adagrasib', 0.05, 'uM')]"
smp_2837,plate14,1452.4397312355036,2428.1453336840345,2827.406350876354,0.0860809,DMSO_TF,"[('DMSO_TF', 0.0, 'uM')]"
smp_2838,plate14,1480.101863053472,2438.533614461996,2843.8641595520376,0.0716389,DMSO_TF,"[('DMSO_TF', 0.0, 'uM')]"
