test,kind,r
within_line_across_drug,observed,0.07871473
within_line_across_drug,observed,0.13234475
within_line_across_drug,observed,0.51018864
within_line_across_drug,observed,0.022927968
within_line_across_drug,observed,-0.0014162973
within_line_across_drug,observed,0.0032718934
within_line_across_drug,observed,0.112190425
within_line_across_drug,observed,0.29896343
within_line_across_drug,observed,-0.064247504
within_line_across_drug,observed,0.13321225
within_line_across_drug,observed,0.019476391
within_line_across_drug,observed,-0.019910054
within_line_across_drug,observed,0.25657544
within_line_across_drug,observed,0.06935327
within_line_across_drug,observed,0.35127205
within_line_across_drug,observed,0.042438738
within_line_across_drug,observed,-0.048382074
within_line_across_drug,observed,0.19752087
within_line_across_drug,observed,0.034731165
within_line_across_drug,observed,0.00897347
within_line_across_drug,observed,0.2943617
within_line_across_drug,observed,-0.028989116
within_line_across_drug,observed,0.078808144
within_line_across_drug,observed,0.165382
within_line_across_drug,observed,0.064114906
within_line_across_drug,observed,-0.022060849
within_line_across_drug,observed,0.16582747
within_line_across_drug,observed,0.39448562
within_line_across_drug,observed,0.212929
within_line_across_drug,observed,0.15165275
within_line_across_drug,observed,0.2892217
within_line_across_drug,observed,0.03575654
within_line_across_drug,observed,0.020290818
within_line_across_drug,observed,0.024468098
within_line_across_drug,observed,0.07822779
within_line_across_drug,observed,0.04837303
within_line_across_drug,observed,0.06819913
within_line_across_drug,observed,0.23704994
within_line_across_drug,observed,0.026407827
within_line_across_drug,observed,-0.02624631
within_line_across_drug,observed,0.03902082
within_line_across_drug,observed,0.31617275
within_line_across_drug,observed,0.057969358
within_line_across_drug,observed,-0.09854981
within_line_across_drug,observed,0.004513334
within_line_across_drug,observed,-0.015768923
within_line_across_drug,observed,-0.0045122243
within_line_across_drug,observed,-0.033107452
within_line_across_drug,observed,0.03902082
within_line_across_drug,observed,-0.044455856
within_line_across_drug,observed,0.021664478
within_line_across_drug,observed,0.01071141
within_line_across_drug,observed,-0.00036376057
within_line_across_drug,observed,-0.019095022
within_line_across_drug,observed,0.008078594
within_line_across_drug,observed,0.033358615
within_line_across_drug,observed,-0.036494937
within_line_across_drug,observed,-0.033455953
within_line_across_drug,observed,0.0089313
within_line_across_drug,observed,0.057011575
within_line_across_drug,observed,-0.0051299483
within_line_across_drug,observed,-0.019078625
within_line_across_drug,observed,-0.04976091
within_line_across_drug,observed,0.049195226
within_line_across_drug,observed,-0.06426973
within_line_across_drug,observed,0.3933838
within_line_across_drug,observed,-0.0020127255
within_line_across_drug,observed,-0.043623183
within_line_across_drug,observed,-0.026924696
within_line_across_drug,observed,0.0756926
within_line_across_drug,observed,-0.051364288
within_line_across_drug,observed,-0.001577576
within_line_across_drug,observed,0.010319231
within_line_across_drug,observed,-0.03600663
within_line_across_drug,observed,-0.0031768265
within_line_across_drug,observed,-0.00042260546
within_line_across_drug,observed,0.0511163
within_line_across_drug,observed,0.12806672
within_line_across_drug,observed,0.124307305
within_line_across_drug,observed,0.08715807
within_line_across_drug,observed,0.36399162
within_line_across_drug,observed,0.004770662
within_line_across_drug,observed,0.027423233
within_line_across_drug,observed,0.1030886
within_line_across_drug,observed,-0.18414363
within_line_across_drug,observed,0.004691067
within_line_across_drug,observed,-0.058994852
within_line_across_drug,observed,0.02768843
within_line_across_drug,observed,0.009478928
within_line_across_drug,observed,0.14509545
within_line_across_drug,observed,-0.0031731287
within_line_across_drug,observed,0.05260566
within_line_across_drug,observed,0.495844
within_line_across_drug,observed,0.23506746
within_line_across_drug,observed,0.07846839
within_line_across_drug,observed,0.006251954
within_line_across_drug,observed,-0.13276121
within_line_across_drug,observed,0.29026106
within_line_across_drug,observed,-0.06676354
within_line_across_drug,observed,0.08360652
within_line_across_drug,observed,0.19597326
within_line_across_drug,observed,0.02610526
within_line_across_drug,observed,0.23628072
within_line_across_drug,observed,0.07352844
within_line_across_drug,observed,0.043348007
within_line_across_drug,observed,0.08029533
within_line_across_drug,observed,0.029952785
within_line_across_drug,observed,0.100972585
within_line_across_drug,observed,-0.0069961427
within_line_across_drug,observed,0.05626748
within_line_across_drug,observed,0.003416105
within_line_across_drug,observed,-0.05525428
within_line_across_drug,observed,0.082255825
within_line_across_drug,observed,0.06721057
within_line_across_drug,observed,0.054511156
within_line_across_drug,observed,-0.022449894
within_line_across_drug,observed,0.27207896
within_line_across_drug,observed,0.058973785
within_line_across_drug,observed,0.12889498
within_line_across_drug,observed,-0.02957056
within_line_across_drug,observed,0.04051885
within_line_across_drug,observed,-0.07817805
within_line_across_drug,observed,0.27636006
within_line_across_drug,observed,-0.046752676
within_line_across_drug,observed,0.3394096
within_line_across_drug,observed,0.23320684
within_line_across_drug,observed,-0.030499035
within_line_across_drug,observed,-0.023442306
within_line_across_drug,observed,0.27956602
within_line_across_drug,observed,-0.02579075
within_line_across_drug,observed,0.03483609
within_line_across_drug,observed,-0.010443925
within_line_across_drug,observed,0.00018672009
within_line_across_drug,observed,-0.00612545
within_line_across_drug,observed,0.051557872
within_line_across_drug,observed,0.0015043701
within_line_across_drug,observed,-0.03652818
within_line_across_drug,observed,0.02852456
within_line_across_drug,observed,0.24366683
within_line_across_drug,observed,0.04295864
within_line_across_drug,observed,0.046979982
within_line_across_drug,observed,0.010399571
within_line_across_drug,observed,0.02019089
within_line_across_drug,observed,-0.037320647
within_line_across_drug,observed,-0.06436964
within_line_across_drug,observed,0.017261824
within_line_across_drug,observed,-0.021895746
within_line_across_drug,observed,0.08437065
within_line_across_drug,observed,0.17107263
within_line_across_drug,observed,0.0433486
within_line_across_drug,observed,-0.036270063
within_line_across_drug,observed,0.38524362
within_line_across_drug,observed,0.0045584897
within_line_across_drug,observed,-0.02316251
within_line_across_drug,observed,-0.05087928
within_line_across_drug,observed,0.036001284
within_line_across_drug,observed,-0.033225138
within_line_across_drug,observed,0.04222971
within_line_across_drug,observed,-0.008426903
within_line_across_drug,observed,0.342958
within_line_across_drug,observed,0.19035558
within_line_across_drug,observed,0.036079906
within_line_across_drug,observed,-0.0040643895
within_line_across_drug,observed,0.19039515
within_line_across_drug,observed,-0.047771387
within_line_across_drug,observed,-0.0011534635
within_line_across_drug,observed,0.072172776
within_line_across_drug,observed,0.013192446
within_line_across_drug,observed,0.16300511
within_line_across_drug,observed,-0.12610202
within_line_across_drug,observed,0.543354
within_line_across_drug,observed,-0.034318462
within_line_across_drug,observed,0.121781364
within_line_across_drug,observed,0.04240836
within_line_across_drug,observed,0.0031212585
within_line_across_drug,observed,0.21644965
within_line_across_drug,observed,-0.025959866
within_line_across_drug,observed,0.045744438
within_line_across_drug,observed,0.096610926
within_line_across_drug,observed,0.24501747
within_line_across_drug,observed,0.007883847
within_line_across_drug,observed,0.28662744
within_line_across_drug,observed,-0.013130822
within_line_across_drug,observed,-0.008069326
within_line_across_drug,observed,-0.010755753
within_line_across_drug,observed,0.10613487
within_line_across_drug,observed,-0.027911633
within_line_across_drug,observed,0.06812909
within_line_across_drug,observed,0.2838799
within_line_across_drug,observed,0.034692544
within_line_across_drug,observed,0.30632046
within_line_across_drug,observed,0.51455957
within_line_across_drug,observed,0.17959091
within_line_across_drug,observed,0.12018261
within_line_across_drug,observed,0.09199053
within_line_across_drug,observed,-0.11845777
within_line_across_drug,observed,-0.026852613
within_line_across_drug,observed,0.31335703
within_line_across_drug,observed,0.064268045
within_line_across_drug,observed,-0.0068736
within_line_across_drug,observed,0.009920331
within_line_across_drug,observed,-0.034244247
within_line_across_drug,observed,-0.0492837
within_line_across_drug,observed,0.15611085
within_line_across_drug,observed,-0.02295052
within_line_across_drug,observed,0.021184035
within_line_across_drug,observed,0.019917432
within_line_across_drug,observed,0.08129879
within_line_across_drug,observed,0.14471504
within_line_across_drug,observed,0.027724117
within_line_across_drug,observed,0.06409781
within_line_across_drug,observed,-0.008178345
within_line_across_drug,observed,0.22921604
within_line_across_drug,observed,0.0041151326
within_line_across_drug,observed,0.29229522
within_line_across_drug,observed,0.20554723
within_line_across_drug,observed,-0.04251072
within_line_across_drug,observed,0.06708027
within_line_across_drug,observed,0.15230246
within_line_across_drug,observed,-0.07200366
within_line_across_drug,observed,-0.0048089395
within_line_across_drug,observed,-0.118521735
within_line_across_drug,observed,0.022351868
within_line_across_drug,observed,-0.0063362746
within_line_across_drug,observed,0.03843815
within_line_across_drug,observed,0.5148253
within_line_across_drug,observed,0.096164
within_line_across_drug,observed,-0.024575464
within_line_across_drug,observed,-0.06890996
within_line_across_drug,observed,0.31178597
within_line_across_drug,observed,0.40223286
within_line_across_drug,observed,0.38751793
within_line_across_drug,observed,0.010090976
within_line_across_drug,observed,0.2645086
within_line_across_drug,observed,0.028825989
within_line_across_drug,observed,-0.07250981
within_line_across_drug,observed,0.21902192
within_line_across_drug,observed,-0.06573563
within_line_across_drug,observed,0.07776358
within_line_across_drug,observed,0.35584998
within_line_across_drug,observed,0.064496346
within_line_across_drug,observed,0.0073338286
within_line_across_drug,observed,0.059719827
within_line_across_drug,observed,0.3070635
within_line_across_drug,observed,0.03766516
within_line_across_drug,observed,0.004483498
within_line_across_drug,observed,0.40821102
within_line_across_drug,observed,-0.020841986
within_line_across_drug,observed,0.088997565
within_line_across_drug,observed,0.09721698
within_line_across_drug,observed,0.008742243
within_line_across_drug,observed,-0.10916218
within_line_across_drug,observed,-0.048436932
within_line_across_drug,observed,0.09373706
within_line_across_drug,observed,0.14287922
within_line_across_drug,observed,0.025765931
within_line_across_drug,observed,0.096204475
within_line_across_drug,observed,-0.035254553
within_line_across_drug,observed,-0.036720708
within_line_across_drug,observed,-0.0113354
within_line_across_drug,observed,0.2512226
within_line_across_drug,observed,0.027827509
within_line_across_drug,observed,0.2589007
within_line_across_drug,observed,-0.027732523
within_line_across_drug,observed,-0.08425412
within_line_across_drug,observed,0.54213077
within_line_across_drug,observed,0.014839419
within_line_across_drug,observed,0.0629694
within_line_across_drug,observed,0.21596627
within_line_across_drug,observed,-0.05243904
within_line_across_drug,observed,0.09380707
within_line_across_drug,observed,-0.059382133
within_line_across_drug,observed,0.31904083
within_line_across_drug,observed,-0.015223322
within_line_across_drug,observed,0.20618682
within_line_across_drug,observed,0.010399191
within_line_across_drug,observed,0.35002303
within_line_across_drug,observed,0.12360905
within_line_across_drug,observed,0.3716116
within_line_across_drug,observed,-0.09417498
within_line_across_drug,observed,-0.030243708
within_line_across_drug,observed,-0.031027524
within_line_across_drug,observed,0.06343089
within_line_across_drug,observed,0.014696009
within_line_across_drug,observed,0.1629028
within_line_across_drug,observed,0.09937404
within_line_across_drug,observed,0.05559541
within_line_across_drug,observed,-0.044865005
within_line_across_drug,observed,0.35774612
within_line_across_drug,observed,-0.0075505786
within_line_across_drug,observed,0.009261785
within_line_across_drug,observed,-0.08617211
within_line_across_drug,observed,0.034674454
within_line_across_drug,observed,0.17072381
within_line_across_drug,observed,-0.06579851
within_line_across_drug,observed,0.10099735
within_line_across_drug,observed,0.097860545
within_line_across_drug,observed,0.03307393
within_line_across_drug,observed,-0.051464863
within_line_across_drug,observed,-0.026983537
within_line_across_drug,observed,0.36720112
within_line_across_drug,observed,0.39128634
within_line_across_drug,observed,-0.04286092
within_line_across_drug,observed,0.027813852
within_line_across_drug,observed,0.030171802
within_line_across_drug,observed,0.050631795
within_line_across_drug,observed,0.064241104
within_line_across_drug,observed,0.33045346
within_line_across_drug,observed,-0.028955467
within_line_across_drug,observed,0.3163942
within_line_across_drug,observed,-0.0072183707
within_line_across_drug,observed,0.016833775
within_line_across_drug,observed,0.24045886
within_line_across_drug,observed,0.010041433
within_line_across_drug,observed,7.6956414e-05
within_line_across_drug,observed,-0.05469388
within_line_across_drug,observed,0.063032605
within_line_across_drug,observed,0.16171035
within_line_across_drug,observed,-0.008601128
within_line_across_drug,observed,0.26417232
within_line_across_drug,observed,0.007242937
within_line_across_drug,observed,-0.023429623
within_line_across_drug,observed,0.029388707
within_line_across_drug,observed,0.08970895
within_line_across_drug,observed,0.058859885
within_line_across_drug,observed,-0.086770155
within_line_across_drug,observed,0.11034848
within_line_across_drug,observed,0.3480956
within_line_across_drug,observed,-0.021441078
within_line_across_drug,observed,0.020500826
within_line_across_drug,observed,-0.023096073
within_line_across_drug,observed,0.33458367
within_line_across_drug,observed,0.012783326
within_line_across_drug,observed,0.043943577
within_line_across_drug,observed,0.044664983
within_line_across_drug,observed,0.12517776
within_line_across_drug,observed,-0.0057143574
within_line_across_drug,observed,0.16616184
within_line_across_drug,observed,-0.030425565
within_line_across_drug,observed,0.02677214
within_line_across_drug,observed,0.097625375
within_line_across_drug,observed,0.05495834
within_line_across_drug,observed,0.040933087
within_line_across_drug,observed,-0.010180081
within_line_across_drug,observed,0.043001156
within_line_across_drug,observed,0.090964235
within_line_across_drug,observed,-0.006283477
within_line_across_drug,observed,-0.0028210306
within_line_across_drug,observed,0.4140949
within_line_across_drug,observed,0.02726751
within_line_across_drug,observed,0.04990816
within_line_across_drug,observed,-0.008167904
within_line_across_drug,observed,0.20888768
within_line_across_drug,observed,0.0074083796
within_line_across_drug,observed,0.16400918
within_line_across_drug,observed,0.023369612
within_line_across_drug,observed,0.06959273
within_line_across_drug,observed,0.10243535
within_line_across_drug,observed,0.024625922
within_line_across_drug,observed,0.017414935
within_line_across_drug,observed,0.023913339
within_line_across_drug,observed,0.18301323
within_line_across_drug,observed,-0.0061389976
within_line_across_drug,observed,0.21304843
within_line_across_drug,observed,0.1287583
within_line_across_drug,observed,0.15319912
within_line_across_drug,observed,0.009400717
within_line_across_drug,observed,-0.032939818
within_line_across_drug,observed,0.11018589
within_line_across_drug,observed,-0.0073654046
within_line_across_drug,observed,-0.103427134
within_line_across_drug,observed,-0.045286115
within_line_across_drug,observed,0.031445812
within_line_across_drug,observed,0.19497746
within_line_across_drug,observed,0.11321773
within_line_across_drug,observed,0.09372519
within_line_across_drug,observed,0.4297404
within_line_across_drug,observed,0.02254087
within_line_across_drug,observed,-0.006393378
within_line_across_drug,observed,0.14216629
within_line_across_drug,observed,-0.09167493
within_line_across_drug,observed,0.030787725
within_line_across_drug,observed,-0.08034839
within_line_across_drug,observed,-0.06024808
within_line_across_drug,observed,0.37927565
within_line_across_drug,observed,0.19260919
within_line_across_drug,observed,0.34399664
within_line_across_drug,observed,0.095968515
within_line_across_drug,observed,-0.13119705
within_line_across_drug,observed,0.14379224
within_line_across_drug,observed,0.2408353
within_line_across_drug,observed,0.015373682
within_line_across_drug,observed,0.21846409
within_line_across_drug,observed,0.10433701
within_line_across_drug,observed,0.06791531
within_line_across_drug,observed,0.10845676
within_line_across_drug,observed,-0.051109485
within_line_across_drug,observed,-0.06464877
within_line_across_drug,observed,-0.009999961
within_line_across_drug,observed,0.3008596
within_line_across_drug,observed,0.099985205
within_line_across_drug,observed,0.06872285
within_line_across_drug,observed,0.01378943
within_line_across_drug,observed,-0.040325623
within_line_across_drug,observed,-0.13154157
within_line_across_drug,observed,0.2526632
within_line_across_drug,observed,0.46622238
within_line_across_drug,observed,-0.013343968
within_line_across_drug,observed,0.25419965
within_line_across_drug,observed,0.034844425
within_line_across_drug,observed,-0.12442032
within_line_across_drug,observed,0.03772401
within_line_across_drug,observed,0.102235496
within_line_across_drug,observed,0.09519963
within_line_across_drug,observed,0.09800876
within_line_across_drug,observed,0.012055795
within_line_across_drug,observed,-0.13222152
within_line_across_drug,observed,0.053541176
within_line_across_drug,observed,0.048649527
within_line_across_drug,observed,0.0031782896
within_line_across_drug,observed,0.43870002
within_line_across_drug,observed,0.01696523
within_line_across_drug,observed,0.06162359
within_line_across_drug,observed,-0.02354343
within_line_across_drug,observed,-0.006208737
within_line_across_drug,observed,0.4243984
within_line_across_drug,observed,0.36615133
within_line_across_drug,observed,-0.15745571
within_line_across_drug,observed,-0.07442969
within_line_across_drug,observed,0.008814441
within_line_across_drug,observed,0.024088219
within_line_across_drug,observed,0.011580228
within_line_across_drug,observed,0.36607715
within_line_across_drug,observed,0.17072229
within_line_across_drug,observed,0.09082986
within_line_across_drug,observed,-0.12007333
within_line_across_drug,observed,-0.05490762
within_line_across_drug,observed,0.17505473
within_line_across_drug,observed,0.123271175
within_line_across_drug,observed,0.0033840588
within_line_across_drug,observed,0.37766382
within_line_across_drug,observed,-0.007935017
within_line_across_drug,observed,0.045767233
within_line_across_drug,observed,-0.030580947
within_line_across_drug,observed,0.14145143
within_line_across_drug,observed,0.069956824
within_line_across_drug,observed,-0.06031129
within_line_across_drug,observed,-0.05984931
within_line_across_drug,observed,0.024319012
within_line_across_drug,observed,0.01926398
within_line_across_drug,observed,0.14342436
within_line_across_drug,observed,0.17129776
within_line_across_drug,observed,0.23514812
within_line_across_drug,observed,0.19647123
within_line_across_drug,observed,0.059267722
within_line_across_drug,observed,0.038522493
within_line_across_drug,observed,-0.05436498
within_line_across_drug,observed,0.04110737
within_line_across_drug,observed,-0.047546808
within_line_across_drug,observed,0.17251404
within_line_across_drug,observed,0.008657456
within_line_across_drug,observed,0.02428186
within_line_across_drug,observed,0.034496386
within_line_across_drug,observed,0.08432445
within_line_across_drug,observed,0.10808366
within_line_across_drug,observed,0.3320631
within_line_across_drug,observed,-0.0014621469
within_line_across_drug,observed,0.007076805
within_line_across_drug,observed,0.14444868
within_line_across_drug,observed,0.4300169
within_line_across_drug,observed,0.41149366
within_line_across_drug,observed,0.31351528
within_line_across_drug,observed,-0.04185991
within_line_across_drug,observed,0.079552
within_line_across_drug,observed,0.04668675
within_line_across_drug,observed,0.31422308
within_line_across_drug,observed,0.03980747
within_line_across_drug,observed,0.07742345
within_line_across_drug,observed,0.5192036
within_line_across_drug,observed,0.018384283
within_line_across_drug,observed,0.37585714
within_line_across_drug,observed,0.015515722
within_line_across_drug,observed,0.018526247
within_line_across_drug,observed,0.29705265
within_line_across_drug,observed,0.17100891
within_line_across_drug,observed,0.04512482
within_line_across_drug,observed,0.05142401
within_line_across_drug,observed,-0.035936806
within_line_across_drug,observed,-0.2529269
within_line_across_drug,observed,-0.020023242
within_line_across_drug,observed,0.0012165002
within_line_across_drug,observed,-0.020523237
within_line_across_drug,observed,0.032242846
within_line_across_drug,observed,0.10084975
within_line_across_drug,observed,0.0017192195
within_line_across_drug,observed,0.016641816
within_line_across_drug,observed,0.011601612
within_line_across_drug,observed,0.07049103
within_line_across_drug,observed,0.15295124
within_line_across_drug,observed,-0.02693369
within_line_across_drug,observed,0.43203768
within_line_across_drug,observed,-0.0016849022
within_line_across_drug,observed,-0.032932356
within_line_across_drug,observed,0.05507345
within_line_across_drug,observed,0.042206857
within_line_across_drug,observed,0.014335432
within_line_across_drug,observed,-0.03172792
within_line_across_drug,observed,0.08191788
within_line_across_drug,observed,0.00910712
within_line_across_drug,observed,0.041652538
within_line_across_drug,observed,-0.011094385
within_line_across_drug,observed,-0.01842153
within_line_across_drug,observed,-0.08834175
within_line_across_drug,observed,0.1444734
within_line_across_drug,observed,0.028263362
within_line_across_drug,observed,0.0774911
within_line_across_drug,observed,0.11681796
within_line_across_drug,observed,0.16969746
within_line_across_drug,observed,-0.006451599
within_line_across_drug,observed,0.016827337
within_line_across_drug,observed,0.12333726
within_line_across_drug,observed,0.0043295785
within_line_across_drug,observed,0.07164497
within_line_across_drug,observed,0.21997496
within_line_across_drug,observed,-0.043127168
within_line_across_drug,observed,0.14401849
within_line_across_drug,observed,-0.05896253
within_line_across_drug,observed,0.02852177
within_line_across_drug,observed,-0.01105941
within_line_across_drug,observed,-0.019082213
within_line_across_drug,observed,0.25863594
within_line_across_drug,observed,0.054635376
within_line_across_drug,observed,0.042457025
within_line_across_drug,observed,-0.018560398
within_line_across_drug,observed,0.094372526
within_line_across_drug,observed,0.11574599
within_line_across_drug,observed,0.40847865
within_line_across_drug,observed,-0.005656543
within_line_across_drug,observed,0.38839787
within_line_across_drug,observed,0.009494582
within_line_across_drug,observed,0.10352609
within_line_across_drug,observed,-0.053966008
within_line_across_drug,observed,0.19804546
within_line_across_drug,observed,0.22057524
within_line_across_drug,observed,0.202084
within_line_across_drug,observed,0.046852846
within_line_across_drug,observed,-0.037017766
within_line_across_drug,observed,0.010248938
within_line_across_drug,observed,-0.17044659
within_line_across_drug,observed,-0.027261335
within_line_across_drug,observed,0.09438112
within_line_across_drug,observed,0.24552101
within_line_across_drug,observed,-0.06188194
within_line_across_drug,observed,0.02229345
within_line_across_drug,observed,0.40390885
within_line_across_drug,observed,-0.0023163564
within_line_across_drug,observed,0.19036174
within_line_across_drug,observed,0.4101102
within_line_across_drug,observed,0.043985624
within_line_across_drug,observed,0.045044843
within_line_across_drug,observed,0.008524583
within_line_across_drug,observed,0.056733027
within_line_across_drug,observed,-0.026074415
within_line_across_drug,observed,0.32843634
within_line_across_drug,observed,0.21435337
within_line_across_drug,observed,0.09459456
within_line_across_drug,observed,0.032639902
within_line_across_drug,observed,0.0723963
within_line_across_drug,observed,0.02148144
within_line_across_drug,observed,-0.0048299255
within_line_across_drug,observed,0.10196874
within_line_across_drug,observed,0.00091286335
within_line_across_drug,observed,-0.01764074
within_line_across_drug,observed,-0.033321623
within_line_across_drug,observed,0.027300797
within_line_across_drug,observed,0.01170579
within_line_across_drug,observed,0.2925741
within_line_across_drug,observed,-0.012650115
within_line_across_drug,observed,0.23783047
within_line_across_drug,observed,0.20791832
within_line_across_drug,observed,0.04036788
within_line_across_drug,observed,0.003878934
within_line_across_drug,observed,0.054305904
within_line_across_drug,observed,-0.0038632385
within_line_across_drug,observed,-0.0039445586
within_line_across_drug,observed,0.08536523
within_line_across_drug,observed,0.010323081
within_line_across_drug,observed,0.06799158
within_line_across_drug,observed,0.12230569
within_line_across_drug,observed,-0.0053620995
within_line_across_drug,observed,-0.05640864
within_line_across_drug,observed,-0.008408485
within_line_across_drug,observed,0.06558202
within_line_across_drug,observed,0.008801782
within_line_across_drug,observed,0.042865105
within_line_across_drug,observed,0.0074605853
within_line_across_drug,observed,0.1386493
within_line_across_drug,observed,0.040306926
within_line_across_drug,observed,0.048172127
within_line_across_drug,observed,0.028381092
within_line_across_drug,observed,0.018059362
within_line_across_drug,observed,0.4749128
within_line_across_drug,observed,0.056698583
within_line_across_drug,observed,0.3393545
within_line_across_drug,observed,0.014117556
within_line_across_drug,observed,0.041355595
within_line_across_drug,observed,0.24922568
within_line_across_drug,observed,-0.05292925
within_line_across_drug,observed,0.10694414
within_line_across_drug,observed,-0.018396387
within_line_across_drug,observed,0.078707784
within_line_across_drug,observed,-0.0312595
within_line_across_drug,observed,0.115098745
within_line_across_drug,observed,0.023524608
within_line_across_drug,observed,0.18749143
within_line_across_drug,observed,0.013577961
within_line_across_drug,observed,0.06921132
within_line_across_drug,observed,0.3274639
within_line_across_drug,observed,0.046653647
within_line_across_drug,observed,0.103444375
within_line_across_drug,observed,-0.09452427
within_line_across_drug,observed,0.03342304
within_line_across_drug,observed,0.13011253
within_line_across_drug,observed,0.39345682
within_line_across_drug,observed,0.19352776
within_line_across_drug,observed,0.145967
within_line_across_drug,observed,0.013203006
within_line_across_drug,observed,0.051256437
within_line_across_drug,observed,-0.07433551
within_line_across_drug,observed,0.0040891687
within_line_across_drug,observed,0.07845153
within_line_across_drug,observed,0.010931549
within_line_across_drug,observed,0.15581901
within_line_across_drug,observed,0.028280403
within_line_across_drug,observed,0.0037400841
within_line_across_drug,observed,-0.015792135
within_line_across_drug,observed,-0.14962214
within_line_across_drug,observed,0.20806904
within_line_across_drug,observed,-0.027912034
within_line_across_drug,observed,0.024316574
within_line_across_drug,observed,0.10043319
within_line_across_drug,observed,0.003705345
within_line_across_drug,observed,0.029782657
within_line_across_drug,observed,0.17993794
within_line_across_drug,observed,0.04480654
within_line_across_drug,observed,0.11797233
within_line_across_drug,observed,0.48149085
within_line_across_drug,observed,0.053766303
within_line_across_drug,observed,-0.045615546
within_line_across_drug,observed,0.015502166
within_line_across_drug,observed,0.08812393
within_line_across_drug,observed,0.2839917
within_line_across_drug,observed,-0.07018845
within_line_across_drug,observed,0.06056055
within_line_across_drug,observed,-0.04606181
within_line_across_drug,observed,0.010722918
within_line_across_drug,observed,-0.015225441
within_line_across_drug,observed,-0.038225975
within_line_across_drug,observed,0.037920598
within_line_across_drug,observed,0.16550498
within_line_across_drug,observed,0.049307577
within_line_across_drug,observed,-0.099061474
within_line_across_drug,observed,0.1119153
within_line_across_drug,observed,0.26247066
within_line_across_drug,observed,0.12474788
within_line_across_drug,observed,-0.12926699
within_line_across_drug,observed,0.06506543
within_line_across_drug,observed,0.23309971
within_line_across_drug,observed,0.07247769
within_line_across_drug,observed,0.25189906
within_line_across_drug,observed,0.05831944
within_line_across_drug,observed,-0.10702133
within_line_across_drug,observed,0.035987377
within_line_across_drug,observed,0.016423497
within_line_across_drug,observed,-0.05580465
within_line_across_drug,observed,0.10001227
within_line_across_drug,observed,0.017814625
within_line_across_drug,observed,-0.14769338
within_line_across_drug,observed,-0.005203278
within_line_across_drug,observed,0.01887636
within_line_across_drug,observed,0.056878693
within_line_across_drug,observed,0.0015377859
within_line_across_drug,observed,0.031400815
within_line_across_drug,observed,0.06861868
within_line_across_drug,observed,0.0028922374
within_line_across_drug,observed,0.22450896
within_line_across_drug,observed,0.08683812
within_line_across_drug,observed,0.041145157
within_line_across_drug,observed,0.05465772
within_line_across_drug,observed,0.087727346
within_line_across_drug,observed,0.105754934
within_line_across_drug,observed,0.019116951
within_line_across_drug,observed,0.047862716
within_line_across_drug,observed,0.019455563
within_line_across_drug,observed,0.089090206
within_line_across_drug,observed,0.04898318
within_line_across_drug,observed,0.13400675
within_line_across_drug,observed,0.060650982
within_line_across_drug,observed,-0.08891424
within_line_across_drug,observed,-0.12069437
within_line_across_drug,observed,0.08052356
within_line_across_drug,observed,-0.15349285
within_line_across_drug,observed,0.028562682
within_line_across_drug,observed,0.0068270667
within_line_across_drug,observed,-0.1519403
within_line_across_drug,observed,0.21685861
within_line_across_drug,observed,0.113334514
within_line_across_drug,observed,0.021336295
within_line_across_drug,observed,0.15461852
within_line_across_drug,observed,0.048953332
within_line_across_drug,observed,-0.026095668
within_line_across_drug,observed,0.059701126
within_line_across_drug,observed,0.14748482
within_line_across_drug,observed,0.126354
within_line_across_drug,observed,0.07328286
within_line_across_drug,observed,0.089358315
within_line_across_drug,observed,0.0023791976
within_line_across_drug,observed,0.12940268
within_line_across_drug,observed,0.07510046
within_line_across_drug,observed,-0.03581263
within_line_across_drug,observed,0.02774765
within_line_across_drug,observed,0.020632958
within_line_across_drug,observed,0.08187005
within_line_across_drug,observed,0.033237223
within_line_across_drug,observed,-0.035578743
within_line_across_drug,observed,0.045744717
within_line_across_drug,observed,0.08650139
within_line_across_drug,observed,-0.06218481
within_line_across_drug,observed,0.002819215
within_line_across_drug,observed,0.09017656
within_line_across_drug,observed,0.087469764
within_line_across_drug,observed,0.15045896
within_line_across_drug,observed,-0.17769638
within_line_across_drug,observed,0.13504554
within_line_across_drug,observed,-0.05559448
within_line_across_drug,observed,0.27109268
within_line_across_drug,observed,-0.10694277
within_line_across_drug,observed,-0.00065620494
within_line_across_drug,observed,-0.07061896
within_line_across_drug,observed,0.07818745
within_line_across_drug,observed,-0.020614034
within_line_across_drug,observed,0.12118951
within_line_across_drug,observed,0.26526248
within_line_across_drug,observed,0.110796556
within_line_across_drug,observed,0.08782724
within_line_across_drug,observed,-0.123612925
within_line_across_drug,observed,-0.009431808
within_line_across_drug,observed,0.06368098
within_line_across_drug,observed,-0.0129646985
within_line_across_drug,observed,0.09093266
within_line_across_drug,observed,-0.016369034
within_line_across_drug,observed,0.0004390969
within_line_across_drug,observed,-0.041852977
within_line_across_drug,observed,0.19436106
within_line_across_drug,observed,0.545018
within_line_across_drug,observed,0.069929294
within_line_across_drug,observed,-0.061249066
within_line_across_drug,observed,0.48024228
within_line_across_drug,observed,0.022109384
within_line_across_drug,observed,0.121923424
within_line_across_drug,observed,0.098166436
within_line_across_drug,observed,0.08287982
within_line_across_drug,observed,-0.2434174
within_line_across_drug,observed,0.033034865
within_line_across_drug,observed,0.03724477
within_line_across_drug,observed,0.42245865
within_line_across_drug,observed,0.000369817
within_line_across_drug,observed,0.47607085
within_line_across_drug,observed,0.14375706
within_line_across_drug,observed,0.596083
within_line_across_drug,observed,0.1364356
within_line_across_drug,observed,0.12924334
within_line_across_drug,observed,0.2490995
within_line_across_drug,observed,0.355213
within_line_across_drug,observed,0.030079976
within_line_across_drug,observed,-0.04045851
within_line_across_drug,observed,-0.043014087
within_line_across_drug,observed,0.17456838
within_line_across_drug,observed,0.2328805
within_line_across_drug,observed,0.38545588
within_line_across_drug,observed,0.009126444
within_line_across_drug,observed,-0.005380709
within_line_across_drug,observed,0.13304572
within_line_across_drug,observed,0.011789122
within_line_across_drug,observed,0.20916273
within_line_across_drug,observed,-0.11841629
within_line_across_drug,observed,-0.07709321
within_line_across_drug,observed,0.16000997
within_line_across_drug,observed,0.30691212
within_line_across_drug,observed,-0.092209846
within_line_across_drug,observed,0.086745664
within_line_across_drug,observed,0.04389186
within_line_across_drug,observed,0.94066715
within_line_across_drug,observed,0.1387439
within_line_across_drug,observed,0.22920874
within_line_across_drug,observed,0.33525857
within_line_across_drug,observed,0.3237577
within_line_across_drug,observed,-0.14051187
within_line_across_drug,observed,0.13160962
within_line_across_drug,observed,-0.10726876
within_line_across_drug,observed,0.12541518
within_line_across_drug,observed,0.13586503
within_line_across_drug,observed,0.42030814
within_line_across_drug,observed,0.13675588
within_line_across_drug,observed,0.04113811
within_line_across_drug,observed,0.08200497
within_line_across_drug,observed,0.15477312
within_line_across_drug,observed,0.31669673
within_line_across_drug,observed,0.11059691
within_line_across_drug,observed,-0.044302806
within_line_across_drug,observed,0.28563783
within_line_across_drug,observed,0.4762248
within_line_across_drug,observed,0.08816499
within_line_across_drug,observed,0.026282236
within_line_across_drug,observed,0.06158722
within_line_across_drug,observed,0.0011596639
within_line_across_drug,observed,0.08671773
within_line_across_drug,observed,0.08835031
within_line_across_drug,observed,-0.03345497
within_line_across_drug,observed,0.26323873
within_line_across_drug,observed,-0.009714457
within_line_across_drug,observed,0.044151813
within_line_across_drug,observed,0.12588109
within_line_across_drug,observed,0.096492
within_line_across_drug,observed,0.297448
within_line_across_drug,observed,-0.07099237
within_line_across_drug,observed,0.26766926
within_line_across_drug,observed,0.029756993
within_line_across_drug,observed,0.16986889
within_line_across_drug,observed,-0.04088967
within_line_across_drug,observed,0.15858369
within_line_across_drug,observed,0.15559518
within_line_across_drug,observed,-0.020009737
within_line_across_drug,observed,0.043649312
within_line_across_drug,observed,0.065599054
within_line_across_drug,observed,0.099339634
within_line_across_drug,observed,0.40388823
within_line_across_drug,observed,0.06832581
within_line_across_drug,observed,0.005300675
within_line_across_drug,observed,-0.016718369
within_line_across_drug,observed,0.015033372
within_line_across_drug,observed,-0.0025852455
within_line_across_drug,observed,0.021329155
within_line_across_drug,observed,0.31503692
within_line_across_drug,observed,0.10234336
within_line_across_drug,observed,0.07240016
within_line_across_drug,observed,-0.0028334272
within_line_across_drug,observed,0.052179467
within_line_across_drug,observed,0.033559408
within_line_across_drug,observed,-0.019812595
within_line_across_drug,observed,0.43547344
within_line_across_drug,observed,0.022041716
within_line_across_drug,observed,-0.037828285
within_line_across_drug,observed,0.00456457
within_line_across_drug,observed,-0.020935625
within_line_across_drug,observed,-0.0025007306
within_line_across_drug,observed,0.24684146
within_line_across_drug,observed,0.040102713
within_line_across_drug,observed,0.06969604
within_line_across_drug,observed,0.28950682
within_line_across_drug,observed,-0.036564056
within_line_across_drug,observed,0.04739033
within_line_across_drug,observed,-0.010216344
within_line_across_drug,observed,0.002356234
within_line_across_drug,observed,0.060751576
within_line_across_drug,observed,-0.010652296
within_line_across_drug,observed,-0.057431336
within_line_across_drug,observed,-0.018207353
within_line_across_drug,observed,0.046775997
within_line_across_drug,observed,-0.030760918
within_line_across_drug,observed,0.012174163
within_line_across_drug,observed,0.021439482
within_line_across_drug,observed,-0.020441798
within_line_across_drug,observed,0.055678383
within_line_across_drug,observed,0.072061434
within_line_across_drug,observed,0.11741179
within_line_across_drug,observed,0.5515407
within_line_across_drug,observed,0.011056628
within_line_across_drug,observed,0.16516256
within_line_across_drug,observed,0.044649374
within_line_across_drug,observed,0.04822044
within_line_across_drug,observed,-0.10556223
within_line_across_drug,observed,0.31314504
within_line_across_drug,observed,0.10592924
within_line_across_drug,observed,0.20724861
within_line_across_drug,observed,0.13318102
within_line_across_drug,observed,0.09563715
within_line_across_drug,observed,-0.17745009
within_line_across_drug,observed,-0.04929879
within_line_across_drug,observed,-0.05989594
within_line_across_drug,observed,-0.0010676844
within_line_across_drug,observed,0.13846748
within_line_across_drug,observed,0.020051979
within_line_across_drug,observed,0.18643022
within_line_across_drug,observed,0.24550214
within_line_across_drug,observed,0.008229109
within_line_across_drug,observed,0.5515698
within_line_across_drug,observed,0.13294445
within_line_across_drug,observed,0.12930077
within_line_across_drug,observed,0.013304074
within_line_across_drug,observed,0.20381187
within_line_across_drug,observed,0.66625065
within_line_across_drug,observed,0.053684458
within_line_across_drug,observed,0.17304324
within_line_across_drug,observed,0.30995297
within_line_across_drug,observed,-0.106677145
within_line_across_drug,observed,0.010843281
within_line_across_drug,observed,0.1386803
within_line_across_drug,observed,0.042687397
within_line_across_drug,observed,0.34586838
within_line_across_drug,observed,0.07356126
within_line_across_drug,observed,0.10624
within_line_across_drug,observed,0.042993214
within_line_across_drug,observed,-0.01992543
within_line_across_drug,observed,0.19687451
within_line_across_drug,observed,-0.020847183
within_line_across_drug,observed,0.041962042
within_line_across_drug,observed,-0.031593226
within_line_across_drug,observed,0.01661415
within_line_across_drug,observed,0.066093445
within_line_across_drug,observed,0.0012733167
within_line_across_drug,observed,-0.027533533
within_line_across_drug,observed,-0.009556644
within_line_across_drug,observed,0.017337427
within_line_across_drug,observed,-0.032454006
within_line_across_drug,observed,0.028340597
within_line_across_drug,observed,0.08305828
within_line_across_drug,observed,-0.039209086
within_line_across_drug,observed,0.20551746
within_line_across_drug,observed,0.30967072
within_line_across_drug,observed,0.012222976
within_line_across_drug,observed,0.03522522
within_line_across_drug,observed,0.16710088
within_line_across_drug,observed,0.36463177
within_line_across_drug,observed,0.010146609
within_line_across_drug,observed,0.27389923
within_line_across_drug,observed,-0.019123051
within_line_across_drug,observed,0.39886138
within_line_across_drug,observed,0.07543309
within_line_across_drug,observed,-0.015829751
within_line_across_drug,observed,0.0016951335
within_line_across_drug,observed,0.011128448
within_line_across_drug,observed,-0.028849438
within_line_across_drug,observed,0.0015902221
within_line_across_drug,observed,0.120703265
within_line_across_drug,observed,-0.005251478
within_line_across_drug,observed,0.0621216
within_line_across_drug,observed,0.3704966
within_line_across_drug,observed,0.0653488
within_line_across_drug,observed,-0.0037118196
within_line_across_drug,observed,-0.008480353
within_line_across_drug,observed,0.005443787
within_line_across_drug,observed,-0.027156452
within_line_across_drug,observed,-0.085785195
within_line_across_drug,observed,-0.014194066
within_line_across_drug,observed,0.2724656
within_line_across_drug,observed,0.025696158
within_line_across_drug,observed,0.029538643
within_line_across_drug,observed,0.06526218
within_line_across_drug,observed,0.1774201
within_line_across_drug,observed,-0.024012888
within_line_across_drug,observed,0.058173053
within_line_across_drug,observed,-0.013044467
within_line_across_drug,observed,0.5965065
within_line_across_drug,observed,-0.05015346
within_line_across_drug,observed,0.04409878
within_line_across_drug,observed,0.014412325
within_line_across_drug,observed,0.26772916
within_line_across_drug,observed,-0.07593245
within_line_across_drug,observed,0.15324584
within_line_across_drug,observed,0.08074551
within_line_across_drug,observed,0.3400024
within_line_across_drug,observed,0.1570931
within_line_across_drug,observed,0.031834748
within_line_across_drug,observed,0.13647388
within_line_across_drug,observed,0.2038569
within_line_across_drug,observed,0.07560995
within_line_across_drug,observed,0.20242418
within_line_across_drug,observed,0.12689458
within_line_across_drug,observed,0.12798606
within_line_across_drug,observed,-0.06432555
within_line_across_drug,observed,0.016027743
within_line_across_drug,observed,-0.064240105
within_line_across_drug,observed,0.14361228
within_line_across_drug,observed,0.44906434
within_line_across_drug,observed,0.4001381
within_line_across_drug,observed,-0.04967627
within_line_across_drug,observed,-0.14286795
within_line_across_drug,observed,0.06519785
within_line_across_drug,observed,-0.10288736
within_line_across_drug,observed,0.32076213
within_line_across_drug,observed,0.06249472
within_line_across_drug,observed,0.06761222
within_line_across_drug,observed,-0.026685996
within_line_across_drug,observed,0.03700808
within_line_across_drug,observed,-0.06521284
within_line_across_drug,observed,0.02414933
within_line_across_drug,observed,-0.0107688
within_line_across_drug,observed,0.0464196
within_line_across_drug,observed,0.1415442
within_line_across_drug,observed,0.06084258
within_line_across_drug,observed,-0.053799067
within_line_across_drug,observed,-0.03276505
within_line_across_drug,observed,-0.068439454
within_line_across_drug,observed,0.037651055
within_line_across_drug,observed,0.00037587684
within_line_across_drug,observed,0.06581369
within_line_across_drug,observed,-0.005665231
within_line_across_drug,observed,0.067944616
within_line_across_drug,observed,0.057833467
within_line_across_drug,observed,-0.06362252
within_line_across_drug,observed,0.049894866
within_line_across_drug,observed,0.027148562
within_line_across_drug,observed,-0.034032963
within_line_across_drug,observed,0.00868577
within_line_across_drug,observed,-0.022563016
within_line_across_drug,observed,0.04137548
within_line_across_drug,observed,0.009861653
within_line_across_drug,observed,0.0770965
within_line_across_drug,observed,0.13802475
within_line_across_drug,observed,0.15099572
within_line_across_drug,observed,-0.015432766
within_line_across_drug,observed,0.023708504
within_line_across_drug,observed,-0.021448633
within_line_across_drug,observed,0.07781729
within_line_across_drug,observed,0.0017477417
within_line_across_drug,observed,-0.032042526
within_line_across_drug,observed,0.0134968655
within_line_across_drug,observed,-0.078891
within_line_across_drug,observed,0.21596593
within_line_across_drug,observed,0.20393611
within_line_across_drug,observed,0.0389758
within_line_across_drug,observed,0.05339723
within_line_across_drug,observed,-0.082237974
within_line_across_drug,observed,0.008399789
within_line_across_drug,observed,-0.043504715
within_line_across_drug,observed,0.15227205
within_line_across_drug,observed,0.0026760767
within_line_across_drug,observed,0.32882458
within_line_across_drug,observed,-0.022761403
within_line_across_drug,observed,-0.14152932
within_line_across_drug,observed,0.026408087
within_line_across_drug,observed,0.1477365
within_line_across_drug,observed,0.15361561
within_line_across_drug,observed,-0.032648463
within_line_across_drug,observed,0.40929952
within_line_across_drug,observed,0.396786
within_line_across_drug,observed,-0.07394105
within_line_across_drug,observed,0.11870659
within_line_across_drug,observed,-0.03487235
within_line_across_drug,observed,0.07350272
within_line_across_drug,observed,-0.08992618
within_line_across_drug,observed,-0.018197987
within_line_across_drug,observed,0.020244785
within_line_across_drug,observed,0.17205676
within_line_across_drug,observed,-0.016354987
within_line_across_drug,observed,0.048022646
within_line_across_drug,observed,0.2645503
within_line_across_drug,observed,0.0722388
within_line_across_drug,observed,0.14738207
within_line_across_drug,observed,0.031163389
within_line_across_drug,observed,0.039542615
within_line_across_drug,observed,0.1923211
within_line_across_drug,observed,0.10170888
within_line_across_drug,observed,0.16827513
within_line_across_drug,observed,0.1527902
within_line_across_drug,observed,0.44164047
within_line_across_drug,observed,-0.07312207
within_line_across_drug,observed,0.031934932
within_line_across_drug,observed,-0.0024693504
within_line_across_drug,observed,0.035944846
within_line_across_drug,observed,0.15700562
within_line_across_drug,observed,-0.015504344
within_line_across_drug,observed,0.18602291
within_line_across_drug,observed,0.040020257
within_line_across_drug,observed,-0.018154548
within_line_across_drug,observed,0.020591114
within_line_across_drug,observed,0.22158325
within_line_across_drug,observed,0.025473958
within_line_across_drug,observed,0.031213459
within_line_across_drug,observed,-0.010613386
within_line_across_drug,observed,0.24068563
within_line_across_drug,observed,0.034773678
within_line_across_drug,observed,0.0034746802
within_line_across_drug,observed,0.050319593
within_line_across_drug,observed,-0.02220873
within_line_across_drug,observed,-0.042523958
within_line_across_drug,observed,0.002698827
within_line_across_drug,observed,0.07986307
within_line_across_drug,observed,0.4958516
within_line_across_drug,observed,0.030478846
within_line_across_drug,observed,0.11324612
within_line_across_drug,observed,0.19181794
within_line_across_drug,observed,0.037445623
within_line_across_drug,observed,0.036235694
within_line_across_drug,observed,0.054902572
within_line_across_drug,observed,-0.0017928471
within_line_across_drug,observed,-0.038083903
within_line_across_drug,observed,0.1849948
within_line_across_drug,observed,0.04175774
within_line_across_drug,observed,-0.0095416615
within_line_across_drug,observed,-0.048311614
within_line_across_drug,observed,0.27451867
within_line_across_drug,observed,0.13713318
within_line_across_drug,observed,0.06621052
within_line_across_drug,observed,0.08159044
within_line_across_drug,observed,-0.04273497
within_line_across_drug,observed,-0.0095416615
within_line_across_drug,observed,0.044968862
within_line_across_drug,observed,0.05714687
within_line_across_drug,observed,0.04657307
within_line_across_drug,observed,0.058940195
within_line_across_drug,observed,-0.02106012
within_line_across_drug,observed,-0.032948576
within_line_across_drug,observed,0.0490405
within_line_across_drug,observed,0.10767169
within_line_across_drug,observed,0.20347977
within_line_across_drug,observed,0.047912598
within_line_across_drug,observed,0.387675
within_line_across_drug,observed,0.19514675
within_line_across_drug,observed,-0.022640022
within_line_across_drug,observed,0.38567126
within_line_across_drug,observed,0.3485457
within_line_across_drug,observed,-0.13309135
within_line_across_drug,observed,-0.10260211
within_line_across_drug,observed,-0.0048199887
within_line_across_drug,observed,0.07522011
within_line_across_drug,observed,-0.11580904
within_line_across_drug,observed,0.08515288
within_line_across_drug,observed,-0.033786085
within_line_across_drug,observed,0.09929426
within_line_across_drug,observed,0.025711978
within_line_across_drug,observed,0.21576768
within_line_across_drug,observed,0.042093303
within_line_across_drug,observed,0.1796801
within_line_across_drug,observed,0.037115555
within_line_across_drug,observed,-0.18650699
within_line_across_drug,observed,-0.10058329
within_line_across_drug,observed,0.028603388
within_line_across_drug,observed,0.099637315
within_line_across_drug,observed,0.048398655
within_line_across_drug,observed,0.03338726
within_line_across_drug,observed,0.054771587
within_line_across_drug,observed,0.7705765
within_line_across_drug,observed,0.14961614
within_line_across_drug,observed,0.41741067
within_line_across_drug,observed,0.05662607
within_line_across_drug,observed,0.14961614
within_line_across_drug,observed,0.022888169
within_line_across_drug,observed,0.00743562
within_line_across_drug,observed,0.0589374
within_line_across_drug,observed,0.032475136
within_line_across_drug,observed,0.42549697
within_line_across_drug,observed,-0.0005535656
within_line_across_drug,observed,-0.07196362
within_line_across_drug,observed,-0.0016235611
within_line_across_drug,observed,0.03918613
within_line_across_drug,observed,0.027860608
within_line_across_drug,observed,0.036453035
within_line_across_drug,observed,0.035284214
within_line_across_drug,observed,0.31933886
within_line_across_drug,observed,0.0344823
within_line_across_drug,observed,0.21653108
within_line_across_drug,observed,-0.058345523
within_line_across_drug,observed,0.37333307
within_line_across_drug,observed,-0.01692691
within_line_across_drug,observed,0.2932579
within_line_across_drug,observed,-0.017672447
within_line_across_drug,observed,0.0348038
within_line_across_drug,observed,0.05389743
within_line_across_drug,observed,-0.00845167
within_line_across_drug,observed,0.022070164
within_line_across_drug,observed,-4.0348146e-05
within_line_across_drug,observed,-0.037214823
within_line_across_drug,observed,0.0001932491
within_line_across_drug,observed,-0.026929703
within_line_across_drug,observed,0.0012876394
within_line_across_drug,observed,-0.009985864
within_line_across_drug,observed,-0.01573908
within_line_across_drug,observed,-0.015739463
within_line_across_drug,observed,0.26836437
within_line_across_drug,observed,0.016762251
within_line_across_drug,observed,-0.014621822
within_line_across_drug,observed,0.50746816
within_line_across_drug,observed,0.0018626815
within_line_across_drug,observed,0.03064621
within_line_across_drug,observed,-0.023125615
within_line_across_drug,observed,0.024931295
within_line_across_drug,observed,0.022399414
within_line_across_drug,observed,-0.0053410246
within_line_across_drug,observed,-0.078928836
within_line_across_drug,observed,0.48126653
within_line_across_drug,observed,0.20032935
within_line_across_drug,observed,0.002839062
within_line_across_drug,observed,0.11052233
within_line_across_drug,observed,-0.034359626
within_line_across_drug,observed,0.0020109816
within_line_across_drug,observed,0.019557154
within_line_across_drug,observed,0.0021898926
within_line_across_drug,observed,-0.056709662
within_line_across_drug,observed,-0.008338455
within_line_across_drug,observed,0.042473726
within_line_across_drug,observed,0.024688568
within_line_across_drug,observed,-0.020072551
within_line_across_drug,observed,0.016102266
within_line_across_drug,observed,0.104564026
within_line_across_drug,observed,0.13386631
within_line_across_drug,observed,-0.049342394
within_line_across_drug,observed,0.023664316
within_line_across_drug,observed,0.2039092
within_line_across_drug,observed,0.089697026
within_line_across_drug,observed,0.31121477
within_line_across_drug,observed,0.050749578
within_line_across_drug,observed,0.0052569048
within_line_across_drug,observed,-0.006115994
within_line_across_drug,observed,0.011852645
within_line_across_drug,observed,0.02572132
within_line_across_drug,observed,0.0067520444
within_line_across_drug,observed,0.12663318
within_line_across_drug,observed,0.032553777
within_line_across_drug,observed,0.0051257163
within_line_across_drug,observed,-0.028264377
within_line_across_drug,observed,0.027570482
within_line_across_drug,observed,0.020426739
within_line_across_drug,observed,0.010476245
within_line_across_drug,observed,-0.014977426
within_line_across_drug,observed,0.51651806
within_line_across_drug,observed,0.31127056
within_line_across_drug,observed,0.045878395
within_line_across_drug,observed,0.4598179
within_line_across_drug,observed,0.12973139
within_line_across_drug,observed,-0.0023567968
within_line_across_drug,observed,0.04359017
within_line_across_drug,observed,0.21201316
within_line_across_drug,observed,-0.14888163
within_line_across_drug,observed,0.053833645
within_line_across_drug,observed,0.17249122
within_line_across_drug,observed,-0.023480933
within_line_across_drug,observed,0.25299907
within_line_across_drug,observed,-0.014590804
within_line_across_drug,observed,-0.009422096
within_line_across_drug,observed,0.04051343
within_line_across_drug,observed,-0.034928452
within_line_across_drug,observed,-0.14945965
within_line_across_drug,observed,0.27665994
within_line_across_drug,observed,0.014626558
within_line_across_drug,observed,0.4741819
within_line_across_drug,observed,0.005993486
within_line_across_drug,observed,0.06878102
within_line_across_drug,observed,0.14866032
within_line_across_drug,observed,0.035322886
within_line_across_drug,observed,0.0050983853
within_line_across_drug,observed,0.006868187
within_line_across_drug,observed,-0.036003258
within_line_across_drug,observed,0.30235457
within_line_across_drug,observed,0.03853103
within_line_across_drug,observed,0.09142995
within_line_across_drug,observed,0.08663236
within_line_across_drug,observed,0.5459284
within_line_across_drug,observed,0.24633585
within_line_across_drug,observed,0.016519977
within_line_across_drug,observed,0.066097654
within_line_across_drug,observed,-0.11219842
within_line_across_drug,observed,-0.0108691165
within_line_across_drug,observed,0.046255417
within_line_across_drug,observed,-0.0361235
within_line_across_drug,observed,-0.07667928
within_line_across_drug,observed,-0.10065776
within_line_across_drug,observed,0.06950488
within_line_across_drug,observed,0.24118277
within_line_across_drug,observed,0.36735833
within_line_across_drug,observed,0.08420317
within_line_across_drug,observed,-0.03376941
within_line_across_drug,observed,0.07600941
within_line_across_drug,observed,-0.017265966
within_line_across_drug,observed,0.35078496
within_line_across_drug,observed,0.047389425
within_line_across_drug,observed,-0.065084785
within_line_across_drug,observed,0.05620425
within_line_across_drug,observed,0.44594458
within_line_across_drug,observed,0.18137543
within_line_across_drug,observed,0.2665317
within_line_across_drug,observed,-0.02640413
within_line_across_drug,observed,0.035878316
within_line_across_drug,observed,0.11113275
within_line_across_drug,observed,0.068440124
within_line_across_drug,observed,0.30202195
within_line_across_drug,observed,0.13554072
within_line_across_drug,observed,0.096568786
within_line_across_drug,observed,0.27080843
within_line_across_drug,observed,0.07005642
within_line_across_drug,observed,-0.0030540235
within_line_across_drug,observed,0.32543132
within_line_across_drug,observed,-0.074122876
within_line_across_drug,observed,-0.004158979
within_line_across_drug,observed,0.02235208
within_line_across_drug,observed,-0.13065012
within_line_across_drug,observed,-0.0534715
within_line_across_drug,observed,0.044604063
within_line_across_drug,observed,-0.06186469
within_line_across_drug,observed,-0.029905187
within_line_across_drug,observed,0.012063666
within_line_across_drug,observed,-0.057997677
within_line_across_drug,observed,0.35167643
within_line_across_drug,observed,0.3444901
within_line_across_drug,observed,0.21402067
within_line_across_drug,observed,0.029901061
within_line_across_drug,observed,0.029157422
within_line_across_drug,observed,0.46735
within_line_across_drug,observed,-0.07939676
within_line_across_drug,observed,0.29036528
within_line_across_drug,observed,-0.14174868
within_line_across_drug,observed,-0.05236793
within_line_across_drug,observed,0.18583262
within_line_across_drug,observed,0.009579078
within_line_across_drug,observed,0.1229606
within_line_across_drug,observed,-0.18478975
within_line_across_drug,observed,0.4585768
within_line_across_drug,observed,-0.06416289
within_line_across_drug,observed,0.55372053
within_line_across_drug,observed,0.089823656
within_line_across_drug,observed,0.17758323
within_line_across_drug,observed,-0.09301111
within_line_across_drug,observed,0.011574468
within_line_across_drug,observed,-0.063777804
within_line_across_drug,observed,-0.15122315
within_line_across_drug,observed,0.056301057
within_line_across_drug,observed,-0.017459381
within_line_across_drug,observed,0.3192026
within_line_across_drug,observed,0.006577439
within_line_across_drug,observed,-0.036482297
within_line_across_drug,observed,-0.10995938
within_line_across_drug,observed,-0.078273416
within_line_across_drug,observed,0.119199045
within_line_across_drug,observed,0.31632283
within_line_across_drug,observed,-0.09946456
within_line_across_drug,observed,0.26237306
within_line_across_drug,observed,-0.13880165
within_line_across_drug,observed,-0.05927825
within_line_across_drug,observed,0.14832762
within_line_across_drug,observed,-0.09099274
within_line_across_drug,observed,0.09144755
within_line_across_drug,observed,0.44519433
within_line_across_drug,observed,0.019939417
within_line_across_drug,observed,-0.096024066
within_line_across_drug,observed,-0.14654674
within_line_across_drug,observed,0.104451336
within_line_across_drug,observed,0.048635677
within_line_across_drug,observed,0.04930923
within_line_across_drug,observed,-0.07868377
within_line_across_drug,observed,-0.048812006
within_line_across_drug,observed,-0.03229676
within_line_across_drug,observed,0.14276744
within_line_across_drug,observed,-0.0066798143
within_line_across_drug,observed,0.02152733
within_line_across_drug,observed,-0.054390285
within_line_across_drug,observed,0.0733656
within_line_across_drug,observed,0.03442941
within_line_across_drug,observed,0.14347614
within_line_across_drug,observed,0.18088733
within_line_across_drug,observed,0.28853354
within_line_across_drug,observed,0.17336978
within_line_across_drug,observed,-0.08901831
within_line_across_drug,observed,0.07688391
within_line_across_drug,observed,0.025672968
within_line_across_drug,observed,-0.02938212
within_line_across_drug,observed,0.21367884
within_line_across_drug,observed,0.2612402
within_line_across_drug,observed,0.21791156
within_line_across_drug,observed,0.16363819
within_line_across_drug,observed,0.41914663
within_line_across_drug,observed,-0.098753095
within_line_across_drug,observed,0.44795606
within_line_across_drug,observed,0.1107515
within_line_across_drug,observed,0.41626117
within_line_across_drug,observed,0.060391676
within_line_across_drug,observed,0.03665452
within_line_across_drug,observed,0.27964675
within_line_across_drug,observed,-0.04355832
within_line_across_drug,observed,0.046457816
within_line_across_drug,observed,-0.018060233
within_line_across_drug,observed,0.04020063
within_line_across_drug,observed,0.11333631
within_line_across_drug,observed,0.03146332
within_line_across_drug,observed,-0.10749458
within_line_across_drug,observed,0.041454744
within_line_across_drug,observed,0.08156441
within_line_across_drug,observed,-0.06655568
within_line_across_drug,observed,0.09954398
within_line_across_drug,observed,0.013027939
within_line_across_drug,observed,-0.008274139
within_line_across_drug,observed,-0.030694816
within_line_across_drug,observed,0.054767236
within_line_across_drug,observed,0.05524812
within_line_across_drug,observed,0.48360574
within_line_across_drug,observed,0.09189188
within_line_across_drug,observed,0.027563557
within_line_across_drug,observed,0.15384363
within_line_across_drug,observed,-0.062396273
within_line_across_drug,observed,0.11228622
within_line_across_drug,observed,0.01618658
within_line_across_drug,observed,-0.032227248
within_line_across_drug,observed,-0.0013596498
within_line_across_drug,observed,-0.045120858
within_line_across_drug,observed,0.07545428
within_line_across_drug,observed,0.07238834
within_line_across_drug,observed,0.33052424
within_line_across_drug,observed,0.0018130877
within_line_across_drug,observed,-0.016014004
within_line_across_drug,observed,-0.030802881
within_line_across_drug,observed,0.3984227
within_line_across_drug,observed,0.09309042
within_line_across_drug,observed,0.03405843
within_line_across_drug,observed,-0.15015277
within_line_across_drug,observed,0.04503651
within_line_across_drug,observed,-0.050178092
within_line_across_drug,observed,0.03648815
within_line_across_drug,observed,0.06799971
within_line_across_drug,observed,-0.01360509
within_line_across_drug,observed,0.10130733
within_line_across_drug,observed,0.52434415
within_line_across_drug,observed,0.24358533
within_line_across_drug,observed,0.22248113
within_line_across_drug,observed,-0.059836037
within_line_across_drug,observed,-0.027924752
within_line_across_drug,observed,-0.01932821
within_line_across_drug,observed,0.18554254
within_line_across_drug,observed,-0.096396
within_line_across_drug,observed,0.07892036
within_line_across_drug,observed,0.030943679
within_line_across_drug,observed,0.082105234
within_line_across_drug,observed,-0.10546747
within_line_across_drug,observed,-0.047050778
within_line_across_drug,observed,-0.100081004
within_line_across_drug,observed,0.023884231
within_line_across_drug,observed,-0.054161325
within_line_across_drug,observed,0.13582693
within_line_across_drug,observed,-0.025226442
within_line_across_drug,observed,-0.0881234
within_line_across_drug,observed,-0.02603939
within_line_across_drug,observed,-0.0524638
within_line_across_drug,observed,-0.029968776
within_line_across_drug,observed,0.04076108
within_line_across_drug,observed,0.3424357
within_line_across_drug,observed,-0.10060734
within_line_across_drug,observed,-0.14023018
within_line_across_drug,observed,0.03555095
within_line_across_drug,observed,0.00042781504
within_line_across_drug,observed,0.053257383
within_line_across_drug,observed,0.00700252
within_line_across_drug,observed,-0.028983025
within_line_across_drug,observed,-0.062112074
within_line_across_drug,observed,-0.0033024144
within_line_across_drug,observed,0.024894498
within_line_across_drug,observed,0.036715124
within_line_across_drug,observed,0.07332358
within_line_across_drug,observed,0.117143735
within_line_across_drug,observed,-0.035812844
within_line_across_drug,observed,0.0060388166
within_line_across_drug,observed,-0.02205808
within_line_across_drug,observed,0.12060108
within_line_across_drug,observed,0.04479832
within_line_across_drug,observed,-0.14807603
within_line_across_drug,observed,0.055977266
within_line_across_drug,observed,0.1971132
within_line_across_drug,observed,0.118628405
within_line_across_drug,observed,-0.09559549
within_line_across_drug,observed,0.029390221
within_line_across_drug,observed,0.05910498
within_line_across_drug,observed,-0.13827218
within_line_across_drug,observed,0.069059335
within_line_across_drug,observed,0.018232876
within_line_across_drug,observed,-0.021569924
within_line_across_drug,observed,0.08096374
within_line_across_drug,observed,0.057846326
within_line_across_drug,observed,0.07051279
within_line_across_drug,observed,0.17095345
within_line_across_drug,observed,-0.07022614
within_line_across_drug,observed,0.18538448
within_line_across_drug,observed,-0.13207985
within_line_across_drug,observed,0.031355686
within_line_across_drug,observed,-0.051432326
within_line_across_drug,observed,0.1401402
within_line_across_drug,observed,0.019767739
within_line_across_drug,observed,0.15637095
within_line_across_drug,observed,-0.009092741
within_line_across_drug,observed,0.051921245
within_line_across_drug,observed,0.13329005
within_line_across_drug,observed,0.11886042
within_line_across_drug,observed,0.24967973
within_line_across_drug,observed,-0.0061457874
within_line_across_drug,observed,0.042960797
within_line_across_drug,observed,0.037864856
within_line_across_drug,observed,0.11793423
within_line_across_drug,observed,-0.008503281
within_line_across_drug,observed,-0.031290166
within_line_across_drug,observed,0.43397695
within_line_across_drug,observed,0.03363987
within_line_across_drug,observed,-0.029666115
within_line_across_drug,observed,0.23458889
within_line_across_drug,observed,0.005503594
within_line_across_drug,observed,-0.07649869
within_line_across_drug,observed,0.015384785
within_line_across_drug,observed,0.024083218
within_line_across_drug,observed,-0.07612269
within_line_across_drug,observed,0.11754181
within_line_across_drug,observed,0.03524741
within_line_across_drug,observed,0.03823878
within_line_across_drug,observed,0.050137203
within_line_across_drug,observed,0.20143265
within_line_across_drug,observed,-0.023640947
within_line_across_drug,observed,0.28642192
within_line_across_drug,observed,0.11654307
within_line_across_drug,observed,0.120516114
within_line_across_drug,observed,0.24969961
within_line_across_drug,observed,-0.082477726
within_line_across_drug,observed,0.009083487
within_line_across_drug,observed,-0.014317434
within_line_across_drug,observed,0.11876915
within_line_across_drug,observed,0.08595651
within_line_across_drug,observed,-0.02393218
within_line_across_drug,observed,0.12825803
within_line_across_drug,observed,0.38500503
within_line_across_drug,observed,0.40416765
within_line_across_drug,observed,0.4684145
within_line_across_drug,observed,0.015399679
within_line_across_drug,observed,0.52700925
within_line_across_drug,observed,0.055265762
within_line_across_drug,observed,0.1667146
within_line_across_drug,observed,0.07347484
within_line_across_drug,observed,0.51985395
within_line_across_drug,observed,0.005144917
within_line_across_drug,observed,0.23285837
within_line_across_drug,observed,0.004662585
within_line_across_drug,observed,0.22051583
within_line_across_drug,observed,-0.020055456
within_line_across_drug,observed,0.015451848
within_line_across_drug,observed,-0.008389711
within_line_across_drug,observed,0.20400779
within_line_across_drug,observed,0.09816509
within_line_across_drug,observed,0.013104287
within_line_across_drug,observed,0.017993007
within_line_across_drug,observed,0.0059860265
within_line_across_drug,observed,0.023993142
within_line_across_drug,observed,0.29125834
within_line_across_drug,observed,-0.051751617
within_line_across_drug,observed,0.008822767
within_line_across_drug,observed,0.010864376
within_line_across_drug,observed,0.2758436
within_line_across_drug,observed,0.49784434
within_line_across_drug,observed,-0.0010775906
within_line_across_drug,observed,-0.0108383
within_line_across_drug,observed,-0.03358537
within_line_across_drug,observed,0.021297026
within_line_across_drug,observed,0.087688096
within_line_across_drug,observed,0.0015894385
within_line_across_drug,observed,0.10482815
within_line_across_drug,observed,0.74161196
within_line_across_drug,observed,0.036503382
within_line_across_drug,observed,0.042807966
within_line_across_drug,observed,-0.11905934
within_line_across_drug,observed,0.053853914
within_line_across_drug,observed,0.097877815
within_line_across_drug,observed,-0.049850743
within_line_across_drug,observed,0.17695892
within_line_across_drug,observed,0.08816138
within_line_across_drug,observed,0.28477946
within_line_across_drug,observed,0.054751184
within_line_across_drug,observed,0.10753086
within_line_across_drug,observed,0.05785185
within_line_across_drug,observed,0.010192006
within_line_across_drug,observed,-0.010916066
within_line_across_drug,observed,-0.034901496
within_line_across_drug,observed,0.05876176
within_line_across_drug,observed,-0.020347081
within_line_across_drug,observed,0.010125044
within_line_across_drug,observed,0.03474841
within_line_across_drug,observed,0.013817693
within_line_across_drug,observed,0.041718975
within_line_across_drug,observed,-0.0004507134
within_line_across_drug,observed,0.41208482
within_line_across_drug,observed,0.02132085
within_line_across_drug,observed,0.026746843
within_line_across_drug,observed,0.13223429
within_line_across_drug,observed,0.04855128
within_line_across_drug,observed,0.043064114
within_line_across_drug,observed,0.05417575
within_line_across_drug,observed,0.047492728
within_line_across_drug,observed,0.08495071
within_line_across_drug,observed,0.1891241
within_line_across_drug,observed,0.042078502
within_line_across_drug,observed,0.2227618
within_line_across_drug,observed,0.08742146
within_line_across_drug,observed,0.057464994
within_line_across_drug,observed,-0.072565965
within_line_across_drug,observed,0.09190749
within_line_across_drug,observed,0.17536993
within_line_across_drug,observed,-0.026557026
within_line_across_drug,observed,0.36856914
within_line_across_drug,observed,-0.05656189
within_line_across_drug,observed,0.06110203
within_line_across_drug,observed,0.06383302
within_line_across_drug,observed,-0.12555495
within_line_across_drug,observed,-0.05021257
within_line_across_drug,observed,0.16702981
within_line_across_drug,observed,0.040846713
within_line_across_drug,observed,0.020981729
within_line_across_drug,observed,-0.052002657
within_line_across_drug,observed,0.2566601
within_line_across_drug,observed,0.35923892
within_line_across_drug,observed,0.06365906
within_line_across_drug,observed,0.25298584
within_line_across_drug,observed,0.05113166
within_line_across_drug,observed,0.04473253
within_line_across_drug,observed,0.0778708
within_line_across_drug,observed,-0.010597618
within_line_across_drug,observed,-0.013970715
within_line_across_drug,observed,0.03624849
within_line_across_drug,observed,0.018108897
within_line_across_drug,observed,0.109077364
within_line_across_drug,observed,0.37453946
within_line_across_drug,observed,-0.00095598074
within_line_across_drug,observed,0.04846345
within_line_across_drug,observed,0.23636219
within_line_across_drug,observed,-0.010987743
within_line_across_drug,observed,-0.01941377
within_line_across_drug,observed,-0.012500733
within_line_across_drug,observed,0.0882779
within_line_across_drug,observed,0.027258854
within_line_across_drug,observed,-0.00055114983
within_line_across_drug,observed,0.55008227
within_line_across_drug,observed,0.018754007
within_line_across_drug,observed,0.0012014118
within_line_across_drug,observed,0.032607015
within_line_across_drug,observed,0.013248727
within_line_across_drug,observed,-0.014752615
within_line_across_drug,observed,-0.032644603
within_line_across_drug,observed,-0.0137139475
within_line_across_drug,observed,0.017702661
within_line_across_drug,observed,-0.035701323
within_line_across_drug,observed,-0.0074176854
within_line_across_drug,observed,0.052144162
within_line_across_drug,observed,0.47443032
within_line_across_drug,observed,0.010766924
within_line_across_drug,observed,0.48382875
within_line_across_drug,observed,0.46430832
within_line_across_drug,observed,0.46196744
within_line_across_drug,observed,-0.035733458
within_line_across_drug,observed,-0.018158622
within_line_across_drug,observed,-0.016667008
within_line_across_drug,observed,0.06687085
within_line_across_drug,observed,-0.0008724718
within_line_across_drug,observed,0.01803127
within_line_across_drug,observed,-0.0012381141
within_line_across_drug,observed,0.03676971
within_line_across_drug,observed,0.016068129
within_line_across_drug,observed,0.017039027
within_line_across_drug,observed,0.0028075855
within_line_across_drug,observed,-0.03749684
within_line_across_drug,observed,0.035652865
within_line_across_drug,observed,0.31977135
within_line_across_drug,observed,-0.0040658996
within_line_across_drug,observed,0.04181707
within_line_across_drug,observed,0.07447827
within_line_across_drug,observed,0.002007338
within_line_across_drug,observed,0.054092165
within_line_across_drug,observed,-0.011470607
within_line_across_drug,observed,0.02928147
within_line_across_drug,observed,0.026362056
within_line_across_drug,observed,-0.0049889595
within_line_across_drug,observed,0.15455505
within_line_across_drug,observed,-0.06526979
within_line_across_drug,observed,-0.015479573
within_line_across_drug,observed,-0.013686872
within_line_across_drug,observed,0.039582808
within_line_across_drug,observed,0.025097437
within_line_across_drug,observed,0.3689203
within_line_across_drug,observed,0.13853355
within_line_across_drug,observed,-0.007705741
within_line_across_drug,observed,0.37620777
within_line_across_drug,observed,0.006523111
within_line_across_drug,observed,-0.008563887
within_line_across_drug,observed,-0.00788506
within_line_across_drug,observed,-0.06815253
within_line_across_drug,observed,0.38314307
within_line_across_drug,observed,0.015116203
within_line_across_drug,observed,0.10144507
within_line_across_drug,observed,0.29702985
within_line_across_drug,observed,0.016274868
within_line_across_drug,observed,-0.0013096068
within_line_across_drug,observed,-0.020010266
within_line_across_drug,observed,0.021114426
within_line_across_drug,observed,-0.03569361
within_line_across_drug,observed,0.011215069
within_line_across_drug,observed,-0.013820646
within_line_across_drug,observed,-0.0093979575
within_line_across_drug,observed,0.039948784
within_line_across_drug,observed,0.35083124
within_line_across_drug,observed,-0.008002581
within_line_across_drug,observed,0.006565915
within_line_across_drug,observed,0.10973004
within_line_across_drug,observed,0.08996532
within_line_across_drug,observed,0.04006788
within_line_across_drug,observed,0.14151543
within_line_across_drug,observed,0.039094325
within_line_across_drug,observed,0.18927552
within_line_across_drug,observed,0.11254444
within_line_across_drug,observed,-0.057699576
within_line_across_drug,observed,0.07939539
within_line_across_drug,observed,0.36863735
within_line_across_drug,observed,0.50585866
within_line_across_drug,observed,0.014391344
within_line_across_drug,observed,-0.102843426
within_line_across_drug,observed,0.121650405
within_line_across_drug,observed,0.046356626
within_line_across_drug,observed,0.06366043
within_line_across_drug,observed,0.025202574
within_line_across_drug,observed,0.22776492
within_line_across_drug,observed,-0.0836145
within_line_across_drug,observed,-0.09502045
within_line_across_drug,observed,0.037503105
within_line_across_drug,observed,0.270181
within_line_across_drug,observed,0.11642053
within_line_across_drug,observed,0.0033538225
within_line_across_drug,observed,-0.0015224427
within_line_across_drug,observed,0.042905547
within_line_across_drug,observed,0.04860306
within_line_across_drug,observed,0.24706912
within_line_across_drug,observed,-0.009141506
within_line_across_drug,observed,0.16502996
within_line_across_drug,observed,0.04512858
within_line_across_drug,observed,-0.06481222
within_line_across_drug,observed,0.033499055
within_line_across_drug,observed,0.184987
within_line_across_drug,observed,0.012300521
within_line_across_drug,observed,0.0053536007
within_line_across_drug,observed,0.18012121
within_line_across_drug,observed,-0.12159047
within_line_across_drug,observed,0.06327725
within_line_across_drug,observed,0.050865356
within_line_across_drug,observed,0.030997079
within_line_across_drug,observed,-0.030008888
within_line_across_drug,observed,0.042437833
within_line_across_drug,observed,0.31577578
within_line_across_drug,observed,0.0034410278
within_line_across_drug,observed,-0.058305837
within_line_across_drug,observed,0.05884981
within_line_across_drug,observed,-0.015428399
within_line_across_drug,observed,0.03828259
within_line_across_drug,observed,-0.015840659
within_line_across_drug,observed,0.18612704
within_line_across_drug,observed,-0.0014898543
within_line_across_drug,observed,-0.054094408
within_line_across_drug,observed,-0.0574461
within_line_across_drug,observed,0.013391986
within_line_across_drug,observed,0.3404117
within_line_across_drug,observed,0.031589355
within_line_across_drug,observed,0.03966448
within_line_across_drug,observed,0.057353072
within_line_across_drug,observed,0.056092918
within_line_across_drug,observed,0.33197343
within_line_across_drug,observed,0.03406335
within_line_across_drug,observed,0.024963723
within_line_across_drug,observed,-0.0122036785
within_line_across_drug,observed,0.5388883
within_line_across_drug,observed,0.027333409
within_line_across_drug,observed,0.49406627
within_line_across_drug,observed,0.03167046
within_line_across_drug,observed,-0.0048918673
within_line_across_drug,observed,-0.034507543
within_line_across_drug,observed,0.041683905
within_line_across_drug,observed,-0.015676688
within_line_across_drug,observed,-0.021133145
within_line_across_drug,observed,0.41817147
within_line_across_drug,observed,-0.036091488
within_line_across_drug,observed,0.5010434
within_line_across_drug,observed,0.029898299
within_line_across_drug,observed,-0.04514152
within_line_across_drug,observed,-0.049261153
within_line_across_drug,observed,0.34979331
within_line_across_drug,observed,0.14825468
within_line_across_drug,observed,0.12306875
within_line_across_drug,observed,0.1078616
within_line_across_drug,observed,0.026223179
within_line_across_drug,observed,-0.026440417
within_line_across_drug,observed,0.04450536
within_line_across_drug,observed,-0.04907811
within_line_across_drug,observed,0.04252786
within_line_across_drug,observed,0.11886065
within_line_across_drug,observed,0.08366106
within_line_across_drug,observed,0.07535227
within_line_across_drug,observed,0.07582294
within_line_across_drug,observed,0.26265085
within_line_across_drug,observed,-0.008587114
within_line_across_drug,observed,0.31169394
within_line_across_drug,observed,0.11062112
within_line_across_drug,observed,0.06372096
within_line_across_drug,observed,0.41805536
within_line_across_drug,observed,0.0095356135
within_line_across_drug,observed,0.015713725
within_line_across_drug,observed,-0.019242985
within_line_across_drug,observed,0.02085762
within_line_across_drug,observed,0.38648728
within_line_across_drug,observed,0.09233516
within_line_across_drug,observed,0.056045603
within_line_across_drug,observed,0.051494107
within_line_across_drug,observed,-0.012391447
within_line_across_drug,observed,0.03621692
within_line_across_drug,observed,0.12101722
within_line_across_drug,observed,-0.04406235
within_line_across_drug,observed,0.22730389
within_line_across_drug,observed,0.02873662
within_line_across_drug,observed,0.15933841
within_line_across_drug,observed,0.019617986
within_line_across_drug,observed,-0.14882067
within_line_across_drug,observed,0.057838287
within_line_across_drug,observed,0.2639942
within_line_across_drug,observed,0.11647507
within_line_across_drug,observed,0.27906537
within_line_across_drug,observed,-0.009505421
within_line_across_drug,observed,0.05252527
within_line_across_drug,observed,0.0041364357
within_line_across_drug,observed,0.03673833
within_line_across_drug,observed,-0.0479374
within_line_across_drug,observed,0.07218153
within_line_across_drug,observed,0.2434644
within_line_across_drug,observed,0.019910254
within_line_across_drug,observed,0.118327245
within_line_across_drug,observed,0.15988974
within_line_across_drug,observed,0.282719
within_line_across_drug,observed,0.18733051
within_line_across_drug,observed,-0.023180101
within_line_across_drug,observed,-0.08823832
within_line_across_drug,observed,0.059170347
within_line_across_drug,observed,-0.0080737695
within_line_across_drug,observed,0.07076805
within_line_across_drug,observed,0.027508061
within_line_across_drug,observed,0.1494719
within_line_across_drug,observed,0.16035043
within_line_across_drug,observed,0.05981523
within_line_across_drug,observed,0.009213267
within_line_across_drug,observed,0.4220271
within_line_across_drug,observed,0.15422757
within_line_across_drug,observed,0.33404
within_line_across_drug,observed,0.025680276
within_line_across_drug,observed,0.06560945
within_line_across_drug,observed,0.06528241
within_line_across_drug,observed,-0.010312841
within_line_across_drug,observed,0.031267863
within_line_across_drug,observed,0.07434772
within_line_across_drug,observed,0.026092378
within_line_across_drug,observed,0.022020264
within_line_across_drug,observed,0.10330601
within_line_across_drug,observed,-0.07150702
within_line_across_drug,observed,0.018201925
within_line_across_drug,observed,0.2876584
within_line_across_drug,observed,-0.07999134
within_line_across_drug,observed,0.033629987
within_line_across_drug,observed,0.4004671
within_line_across_drug,observed,0.037735313
within_line_across_drug,null,0.0025696328
within_line_across_drug,null,-0.03978048
within_line_across_drug,null,-0.0010041267
within_line_across_drug,null,-0.021635983
within_line_across_drug,null,-0.003279537
within_line_across_drug,null,-0.017911196
within_line_across_drug,null,-0.0017652059
within_line_across_drug,null,0.021209136
within_line_across_drug,null,-0.022591645
within_line_across_drug,null,0.01652658
within_line_across_drug,null,-0.014535995
within_line_across_drug,null,0.017350817
within_line_across_drug,null,0.040450368
within_line_across_drug,null,0.0016795876
within_line_across_drug,null,-0.041301228
within_line_across_drug,null,0.026880711
within_line_across_drug,null,0.023602469
within_line_across_drug,null,-0.04982787
within_line_across_drug,null,-0.017747791
within_line_across_drug,null,-0.0706203
within_line_across_drug,null,-0.0010146451
within_line_across_drug,null,0.022892594
within_line_across_drug,null,-0.007173369
within_line_across_drug,null,0.011257993
within_line_across_drug,null,-0.073249
within_line_across_drug,null,0.02420174
within_line_across_drug,null,-0.036182683
within_line_across_drug,null,0.020140132
within_line_across_drug,null,-0.037027232
within_line_across_drug,null,0.045397647
within_line_across_drug,null,0.03501105
within_line_across_drug,null,-0.024816493
within_line_across_drug,null,-0.063552074
within_line_across_drug,null,0.0035768494
within_line_across_drug,null,0.027014343
within_line_across_drug,null,0.03393813
within_line_across_drug,null,0.013911691
within_line_across_drug,null,-0.016495464
within_line_across_drug,null,0.005647086
within_line_across_drug,null,-0.005611447
within_line_across_drug,null,-0.09766101
within_line_across_drug,null,0.06542568
within_line_across_drug,null,-0.013602652
within_line_across_drug,null,0.034344725
within_line_across_drug,null,-0.033297025
within_line_across_drug,null,-0.009947752
within_line_across_drug,null,0.017949574
within_line_across_drug,null,-0.029598074
within_line_across_drug,null,-0.0033868111
within_line_across_drug,null,0.014444586
within_line_across_drug,null,-0.036152966
within_line_across_drug,null,-0.014971673
within_line_across_drug,null,0.041482396
within_line_across_drug,null,-0.019923694
within_line_across_drug,null,0.042372547
within_line_across_drug,null,-0.0005724031
within_line_across_drug,null,-0.0004052634
within_line_across_drug,null,-0.007507625
within_line_across_drug,null,0.015739754
within_line_across_drug,null,-0.02817809
within_line_across_drug,null,-0.002373716
within_line_across_drug,null,0.008962141
within_line_across_drug,null,-0.033218097
within_line_across_drug,null,-0.04309775
within_line_across_drug,null,-0.009594365
within_line_across_drug,null,-0.06502867
within_line_across_drug,null,0.006127725
within_line_across_drug,null,0.05685242
within_line_across_drug,null,-0.026157862
within_line_across_drug,null,-0.048925757
within_line_across_drug,null,-0.013944169
within_line_across_drug,null,-0.008153279
within_line_across_drug,null,0.008954306
within_line_across_drug,null,-0.051453985
within_line_across_drug,null,-0.057317212
within_line_across_drug,null,-0.04548327
within_line_across_drug,null,-0.029251212
within_line_across_drug,null,0.002047328
within_line_across_drug,null,-0.0023920715
within_line_across_drug,null,-0.021862125
within_line_across_drug,null,-0.011461881
within_line_across_drug,null,-0.04883549
within_line_across_drug,null,0.0104005765
within_line_across_drug,null,0.020902565
within_line_across_drug,null,0.0060828244
within_line_across_drug,null,-0.025788559
within_line_across_drug,null,-0.022556938
within_line_across_drug,null,-0.017108254
within_line_across_drug,null,0.028430833
within_line_across_drug,null,0.015435971
within_line_across_drug,null,-0.033446852
within_line_across_drug,null,-0.0047529032
within_line_across_drug,null,0.016473228
within_line_across_drug,null,0.006194283
within_line_across_drug,null,0.014594886
within_line_across_drug,null,-0.042264387
within_line_across_drug,null,0.006247284
within_line_across_drug,null,-0.023226893
within_line_across_drug,null,0.0373053
within_line_across_drug,null,-0.000995592
within_line_across_drug,null,-0.003144616
within_line_across_drug,null,0.021210732
within_line_across_drug,null,-0.024044584
within_line_across_drug,null,0.001592398
within_line_across_drug,null,-0.023615824
within_line_across_drug,null,-0.02037919
within_line_across_drug,null,-0.024401778
within_line_across_drug,null,-0.0018752294
within_line_across_drug,null,0.031244235
within_line_across_drug,null,0.00068598596
within_line_across_drug,null,0.020695684
within_line_across_drug,null,0.039330095
within_line_across_drug,null,0.011133646
within_line_across_drug,null,0.032982834
within_line_across_drug,null,-0.052088544
within_line_across_drug,null,0.007468756
within_line_across_drug,null,0.004885247
within_line_across_drug,null,0.0070039066
within_line_across_drug,null,0.013335348
within_line_across_drug,null,0.01861403
within_line_across_drug,null,-0.005421683
within_line_across_drug,null,0.014990113
within_line_across_drug,null,-0.030697564
within_line_across_drug,null,0.004896944
within_line_across_drug,null,-0.00043250743
within_line_across_drug,null,0.03957344
within_line_across_drug,null,0.0009771108
within_line_across_drug,null,-0.009754947
within_line_across_drug,null,-0.057361018
within_line_across_drug,null,-0.026175773
within_line_across_drug,null,-0.015277917
within_line_across_drug,null,0.020465158
within_line_across_drug,null,-0.0607253
within_line_across_drug,null,0.034802277
within_line_across_drug,null,-0.059551544
within_line_across_drug,null,0.015522487
within_line_across_drug,null,-0.016866477
within_line_across_drug,null,0.056168407
within_line_across_drug,null,-0.010525937
within_line_across_drug,null,0.01383499
within_line_across_drug,null,0.013020578
within_line_across_drug,null,-0.053965516
within_line_across_drug,null,-0.0056783245
within_line_across_drug,null,-0.016056765
within_line_across_drug,null,0.0038716535
within_line_across_drug,null,0.039611727
within_line_across_drug,null,-0.031123156
within_line_across_drug,null,-0.007786071
within_line_across_drug,null,0.018106448
within_line_across_drug,null,-0.017201206
within_line_across_drug,null,0.01651077
within_line_across_drug,null,-0.012866713
within_line_across_drug,null,0.010939634
within_line_across_drug,null,-0.024015533
within_line_across_drug,null,0.038881704
within_line_across_drug,null,-0.0032599876
within_line_across_drug,null,0.01445913
within_line_across_drug,null,-0.01517318
within_line_across_drug,null,0.014764744
within_line_across_drug,null,0.005004191
within_line_across_drug,null,-0.023552928
within_line_across_drug,null,-0.027499061
within_line_across_drug,null,-0.014133369
within_line_across_drug,null,-0.040556118
within_line_across_drug,null,0.0040070815
within_line_across_drug,null,0.0128711425
within_line_across_drug,null,-0.010613067
within_line_across_drug,null,0.012669657
within_line_across_drug,null,0.007490688
within_line_across_drug,null,-0.014685575
within_line_across_drug,null,-0.06959815
within_line_across_drug,null,0.022983352
within_line_across_drug,null,0.026489737
within_line_across_drug,null,0.01979273
within_line_across_drug,null,-0.022151323
within_line_across_drug,null,0.013717824
within_line_across_drug,null,0.07252831
within_line_across_drug,null,0.019267328
within_line_across_drug,null,0.023767542
within_line_across_drug,null,0.064856224
within_line_across_drug,null,0.022406269
within_line_across_drug,null,-0.027218468
within_line_across_drug,null,-0.0058362484
within_line_across_drug,null,-0.065270424
within_line_across_drug,null,0.04449771
within_line_across_drug,null,-0.017983366
within_line_across_drug,null,0.008276705
within_line_across_drug,null,0.03454254
within_line_across_drug,null,-0.02848928
within_line_across_drug,null,-0.015044951
within_line_across_drug,null,0.0042260787
within_line_across_drug,null,0.004231592
within_line_across_drug,null,-0.010139682
within_line_across_drug,null,0.0029284554
within_line_across_drug,null,0.023531456
within_line_across_drug,null,-0.0041694785
within_line_across_drug,null,0.0067185243
within_line_across_drug,null,-0.020832168
within_line_across_drug,null,-0.018253325
within_line_across_drug,null,0.013537631
within_line_across_drug,null,-0.04550264
within_line_across_drug,null,0.048669733
within_line_across_drug,null,0.007744638
within_line_across_drug,null,-0.01682044
within_line_across_drug,null,-0.008535793
within_line_across_drug,null,0.022867357
within_line_across_drug,null,0.020123778
within_line_across_drug,null,0.014997649
within_line_across_drug,null,0.028846195
within_line_across_drug,null,-0.12409397
within_line_across_drug,null,0.0004972032
within_line_across_drug,null,0.026126286
within_line_across_drug,null,0.05234859
within_line_across_drug,null,0.0153615195
within_line_across_drug,null,-0.0134463785
within_line_across_drug,null,-0.04106911
within_line_across_drug,null,-0.021947
within_line_across_drug,null,-0.030987142
within_line_across_drug,null,-0.047132324
within_line_across_drug,null,0.004203318
within_line_across_drug,null,-0.018971186
within_line_across_drug,null,0.0072076526
within_line_across_drug,null,-0.019912973
within_line_across_drug,null,0.008757163
within_line_across_drug,null,0.009068987
within_line_across_drug,null,0.027597863
within_line_across_drug,null,-0.012541715
within_line_across_drug,null,-0.008853792
within_line_across_drug,null,-0.018631388
within_line_across_drug,null,-0.020404201
within_line_across_drug,null,-0.01644875
within_line_across_drug,null,-0.0243259
within_line_across_drug,null,0.04341583
within_line_across_drug,null,0.0012214443
within_line_across_drug,null,-0.02131143
within_line_across_drug,null,-0.040664446
within_line_across_drug,null,0.009624869
within_line_across_drug,null,0.01927384
within_line_across_drug,null,0.02312088
within_line_across_drug,null,0.10154229
within_line_across_drug,null,-0.0061160666
within_line_across_drug,null,0.027669832
within_line_across_drug,null,-0.016332708
within_line_across_drug,null,0.030880036
within_line_across_drug,null,-0.021815168
within_line_across_drug,null,0.031860683
within_line_across_drug,null,0.09703192
within_line_across_drug,null,-0.014174893
within_line_across_drug,null,-0.0032475726
within_line_across_drug,null,0.016988726
within_line_across_drug,null,-0.011595087
within_line_across_drug,null,0.0047839163
within_line_across_drug,null,0.006469823
within_line_across_drug,null,-0.057591625
within_line_across_drug,null,0.052457944
within_line_across_drug,null,0.032584857
within_line_across_drug,null,0.02917109
within_line_across_drug,null,0.040338494
within_line_across_drug,null,-0.00939663
within_line_across_drug,null,0.02372686
within_line_across_drug,null,-0.007789121
within_line_across_drug,null,0.020620959
within_line_across_drug,null,0.06975032
within_line_across_drug,null,0.010333549
within_line_across_drug,null,-0.0037870177
within_line_across_drug,null,0.031677797
within_line_across_drug,null,-0.0197209
within_line_across_drug,null,0.03902719
within_line_across_drug,null,0.065481775
within_line_across_drug,null,-0.0034765063
within_line_across_drug,null,-0.012460536
within_line_across_drug,null,-0.007612858
within_line_across_drug,null,-0.003662421
within_line_across_drug,null,-0.038546428
within_line_across_drug,null,-0.077842414
within_line_across_drug,null,0.058982078
within_line_across_drug,null,0.006210141
within_line_across_drug,null,0.0048723673
within_line_across_drug,null,-0.011526781
within_line_across_drug,null,-0.015070221
within_line_across_drug,null,0.018017313
within_line_across_drug,null,-0.038212862
within_line_across_drug,null,0.024512311
within_line_across_drug,null,0.052134264
within_line_across_drug,null,-0.016399963
within_line_across_drug,null,-0.021448825
within_line_across_drug,null,-0.008246142
within_line_across_drug,null,-0.021278393
within_line_across_drug,null,-0.0126859825
within_line_across_drug,null,-0.026055308
within_line_across_drug,null,0.010123261
within_line_across_drug,null,-0.0048887124
within_line_across_drug,null,-0.055096854
within_line_across_drug,null,0.014196732
within_line_across_drug,null,0.007029736
within_line_across_drug,null,0.0136230765
within_line_across_drug,null,-0.057574403
within_line_across_drug,null,-0.05481059
within_line_across_drug,null,-0.028011309
within_line_across_drug,null,-0.036614772
within_line_across_drug,null,0.0007900256
within_line_across_drug,null,0.02027536
within_line_across_drug,null,0.002678007
within_line_across_drug,null,0.0349509
within_line_across_drug,null,0.013058127
within_line_across_drug,null,-0.024309695
within_line_across_drug,null,-0.062691644
within_line_across_drug,null,0.024775036
within_line_across_drug,null,0.012127354
within_line_across_drug,null,0.008244099
within_line_across_drug,null,0.0035593477
within_line_across_drug,null,-0.0270503
within_line_across_drug,null,0.08017364
within_line_across_drug,null,-0.017838024
within_line_across_drug,null,0.032311384
within_line_across_drug,null,0.0031236697
within_line_across_drug,null,0.0148948105
within_line_across_drug,null,-0.012576562
within_line_across_drug,null,0.0034609067
within_line_across_drug,null,0.023955368
within_line_across_drug,null,-0.0293743
within_line_across_drug,null,0.017297355
within_line_across_drug,null,0.019216644
within_line_across_drug,null,-0.02057883
within_line_across_drug,null,-0.0345154
within_line_across_drug,null,-0.019486923
within_line_across_drug,null,0.019703662
within_line_across_drug,null,-0.029540138
within_line_across_drug,null,0.00084413006
within_line_across_drug,null,-0.04593114
within_line_across_drug,null,-0.030785933
within_line_across_drug,null,0.0011156094
within_line_across_drug,null,-0.033972416
within_line_across_drug,null,0.0045900517
within_line_across_drug,null,-0.07446798
within_line_across_drug,null,-0.063696794
within_line_across_drug,null,-0.042537127
within_line_across_drug,null,-0.034013093
within_line_across_drug,null,0.026206734
within_line_across_drug,null,0.05026245
within_line_across_drug,null,0.031595618
within_line_across_drug,null,-0.012205213
within_line_across_drug,null,0.008721016
within_line_across_drug,null,0.049220268
within_line_across_drug,null,-0.017432889
within_line_across_drug,null,0.0061800494
within_line_across_drug,null,0.12012166
within_line_across_drug,null,0.023709752
within_line_across_drug,null,0.05106977
within_line_across_drug,null,0.020764213
within_line_across_drug,null,0.0129881045
within_line_across_drug,null,0.16691723
within_line_across_drug,null,0.027265992
within_line_across_drug,null,0.007901168
within_line_across_drug,null,-0.018093657
within_line_across_drug,null,-0.032843057
within_line_across_drug,null,-0.009366167
within_line_across_drug,null,0.0017196843
within_line_across_drug,null,0.036970343
within_line_across_drug,null,0.052254297
within_line_across_drug,null,-0.012620265
within_line_across_drug,null,0.03719012
within_line_across_drug,null,0.016382786
within_line_across_drug,null,-0.007561004
within_line_across_drug,null,-0.041865792
within_line_across_drug,null,-0.02062424
within_line_across_drug,null,0.008745508
within_line_across_drug,null,-0.010173254
within_line_across_drug,null,-0.030769382
within_line_across_drug,null,0.01764912
within_line_across_drug,null,0.009279043
within_line_across_drug,null,0.013085314
within_line_across_drug,null,-0.02711257
within_line_across_drug,null,-0.012145636
within_line_across_drug,null,-0.0034853548
within_line_across_drug,null,0.067358434
within_line_across_drug,null,-0.008810192
within_line_across_drug,null,-0.028294371
within_line_across_drug,null,0.0062366435
within_line_across_drug,null,-0.03334218
within_line_across_drug,null,-0.0140337
within_line_across_drug,null,0.018171998
within_line_across_drug,null,0.016218353
within_line_across_drug,null,0.031535663
within_line_across_drug,null,0.04296802
within_line_across_drug,null,-0.010375244
within_line_across_drug,null,0.01967239
within_line_across_drug,null,-0.014661329
within_line_across_drug,null,-0.013889083
within_line_across_drug,null,0.024676027
within_line_across_drug,null,-0.034756873
within_line_across_drug,null,-0.008964799
within_line_across_drug,null,-0.02184565
within_line_across_drug,null,0.04549306
within_line_across_drug,null,-0.02565829
within_line_across_drug,null,0.003945253
within_line_across_drug,null,-0.047219027
within_line_across_drug,null,-0.023672218
within_line_across_drug,null,-0.010110664
within_line_across_drug,null,0.0011485472
within_line_across_drug,null,-0.050007172
within_line_across_drug,null,-0.026604427
within_line_across_drug,null,0.010471269
within_line_across_drug,null,0.011768366
within_line_across_drug,null,-0.036526944
within_line_across_drug,null,0.06649538
within_line_across_drug,null,-0.018812198
within_line_across_drug,null,-0.0011748851
within_line_across_drug,null,-0.029253403
within_line_across_drug,null,0.017476045
within_line_across_drug,null,-0.008564646
within_line_across_drug,null,-0.08801375
within_line_across_drug,null,-0.0070812795
within_line_across_drug,null,0.016964123
within_line_across_drug,null,-0.016729666
within_line_across_drug,null,0.017835833
within_line_across_drug,null,0.024344966
within_line_across_drug,null,-0.0043394067
within_line_across_drug,null,-0.017571243
within_line_across_drug,null,-0.06801887
within_line_across_drug,null,-0.0070129302
within_line_across_drug,null,0.020054443
within_line_across_drug,null,-0.051889073
within_line_across_drug,null,-0.012861797
within_line_across_drug,null,0.012797043
within_line_across_drug,null,0.004175896
within_line_across_drug,null,0.007714561
within_line_across_drug,null,0.0021410976
within_line_across_drug,null,0.015689544
within_line_across_drug,null,0.010053734
within_line_across_drug,null,0.012866664
within_line_across_drug,null,0.001040006
within_line_across_drug,null,0.0067398474
within_line_across_drug,null,0.01212116
within_line_across_drug,null,0.027513953
within_line_across_drug,null,0.019809809
within_line_across_drug,null,-0.031816024
within_line_across_drug,null,-0.009882028
within_line_across_drug,null,0.029377354
within_line_across_drug,null,0.011250668
within_line_across_drug,null,0.021236721
within_line_across_drug,null,0.030510483
within_line_across_drug,null,0.022877304
within_line_across_drug,null,-0.06442495
within_line_across_drug,null,0.005260587
within_line_across_drug,null,0.008030991
within_line_across_drug,null,-0.037904516
within_line_across_drug,null,-0.01701007
within_line_across_drug,null,0.019405382
within_line_across_drug,null,0.04097943
within_line_across_drug,null,-0.03867071
within_line_across_drug,null,-0.0075932047
within_line_across_drug,null,-0.009030054
within_line_across_drug,null,-0.0039354973
within_line_across_drug,null,0.014490097
within_line_across_drug,null,-0.0024090318
within_line_across_drug,null,0.0129198395
within_line_across_drug,null,-0.0025980026
within_line_across_drug,null,-0.010542568
within_line_across_drug,null,0.034810934
within_line_across_drug,null,0.022078648
within_line_across_drug,null,0.030270405
within_line_across_drug,null,0.023425085
within_line_across_drug,null,0.023527687
within_line_across_drug,null,-0.0380359
within_line_across_drug,null,0.009811467
within_line_across_drug,null,0.024060596
within_line_across_drug,null,-0.020343445
within_line_across_drug,null,0.038700376
within_line_across_drug,null,-0.005758358
within_line_across_drug,null,-0.0062633073
within_line_across_drug,null,-0.007844394
within_line_across_drug,null,-0.009965621
within_line_across_drug,null,0.021581257
within_line_across_drug,null,0.016699085
within_line_across_drug,null,-0.025020042
within_line_across_drug,null,0.017650193
within_line_across_drug,null,0.010309204
within_line_across_drug,null,-0.002455935
within_line_across_drug,null,-0.022986857
within_line_across_drug,null,0.03779303
within_line_across_drug,null,0.015269903
within_line_across_drug,null,0.029116945
within_line_across_drug,null,-0.01094885
within_line_across_drug,null,-0.013692089
within_line_across_drug,null,0.031768832
within_line_across_drug,null,-0.020896886
within_line_across_drug,null,-0.024460288
within_line_across_drug,null,0.005053951
within_line_across_drug,null,0.02377293
within_line_across_drug,null,-0.07772685
within_line_across_drug,null,-0.008814808
within_line_across_drug,null,-0.009959449
within_line_across_drug,null,0.075443804
within_line_across_drug,null,-0.0016899961
within_line_across_drug,null,-0.008468303
within_line_across_drug,null,0.011041832
within_line_across_drug,null,-0.031850692
within_line_across_drug,null,0.011782146
within_line_across_drug,null,-0.0281315
within_line_across_drug,null,-0.0029646663
within_line_across_drug,null,0.012352234
within_line_across_drug,null,-0.007414018
within_line_across_drug,null,0.023995157
within_line_across_drug,null,-0.016625574
within_line_across_drug,null,0.01038773
within_line_across_drug,null,0.054021023
within_line_across_drug,null,0.002274225
within_line_across_drug,null,-0.01575203
within_line_across_drug,null,-0.020431386
within_line_across_drug,null,-0.025533393
within_line_across_drug,null,0.0028697576
within_line_across_drug,null,-0.019823777
within_line_across_drug,null,-0.08001665
within_line_across_drug,null,-0.0040309243
within_line_across_drug,null,-0.026479328
within_line_across_drug,null,-0.036175776
within_line_across_drug,null,-0.016963936
within_line_across_drug,null,-0.010259856
within_line_across_drug,null,0.02038889
within_line_across_drug,null,0.015210039
within_line_across_drug,null,-0.0066016326
within_line_across_drug,null,-0.042009424
within_line_across_drug,null,0.0013689392
within_line_across_drug,null,-0.0020763485
within_line_across_drug,null,0.0012918855
within_line_across_drug,null,0.023244949
within_line_across_drug,null,0.014937722
within_line_across_drug,null,0.037425067
within_line_across_drug,null,-0.0041948366
within_line_across_drug,null,-0.010174186
within_line_across_drug,null,0.0038370867
within_line_across_drug,null,0.013770913
within_line_across_drug,null,-0.040936477
within_line_across_drug,null,0.007311597
within_line_across_drug,null,-0.031185705
within_line_across_drug,null,0.0056638243
within_line_across_drug,null,0.029840305
within_line_across_drug,null,-0.004546664
within_line_across_drug,null,-0.05787693
within_line_across_drug,null,0.031540122
within_line_across_drug,null,0.1292376
within_line_across_drug,null,0.004780737
within_line_across_drug,null,-0.01640367
within_line_across_drug,null,0.029641999
within_line_across_drug,null,-0.010942062
within_line_across_drug,null,-0.0009830308
within_line_across_drug,null,-0.025677066
within_line_across_drug,null,0.047245346
within_line_across_drug,null,0.00094485714
within_line_across_drug,null,0.0025128322
within_line_across_drug,null,-0.010977647
within_line_across_drug,null,0.031564765
within_line_across_drug,null,-0.02624779
within_line_across_drug,null,0.011329389
within_line_across_drug,null,-0.022158954
within_line_across_drug,null,-0.046068948
within_line_across_drug,null,-0.0053250613
within_line_across_drug,null,-0.0052727293
within_line_across_drug,null,-0.040949788
within_line_across_drug,null,-0.03361121
within_line_across_drug,null,-0.023832766
within_line_across_drug,null,0.07803414
within_line_across_drug,null,-0.015862802
within_line_across_drug,null,0.031509083
within_line_across_drug,null,-0.010879539
within_line_across_drug,null,0.0074534146
within_line_across_drug,null,0.0070769475
within_line_across_drug,null,-0.027832981
within_line_across_drug,null,0.009486224
within_line_across_drug,null,0.02320143
within_line_across_drug,null,0.0028566741
within_line_across_drug,null,-0.0035383536
within_line_across_drug,null,0.03958049
within_line_across_drug,null,0.009843407
within_line_across_drug,null,0.057155296
within_line_across_drug,null,0.005222232
within_line_across_drug,null,0.025476748
within_line_across_drug,null,-0.008200994
within_line_across_drug,null,0.037534803
within_line_across_drug,null,-0.023646947
within_line_across_drug,null,-0.032074794
within_line_across_drug,null,-0.01182343
within_line_across_drug,null,0.0021960088
within_line_across_drug,null,-0.020331414
within_line_across_drug,null,-0.024999566
within_line_across_drug,null,-0.028101524
within_line_across_drug,null,0.02291819
within_line_across_drug,null,-0.01726923
within_line_across_drug,null,-0.042207554
within_line_across_drug,null,-0.028666247
within_line_across_drug,null,-0.054464176
within_line_across_drug,null,-0.0017381101
within_line_across_drug,null,-0.043052115
within_line_across_drug,null,0.012365872
within_line_across_drug,null,-0.05857952
within_line_across_drug,null,0.0050363494
within_line_across_drug,null,-0.0040925173
within_line_across_drug,null,0.0014705394
within_line_across_drug,null,-0.020020729
within_line_across_drug,null,0.0016127406
within_line_across_drug,null,-0.022645773
within_line_across_drug,null,0.009081865
within_line_across_drug,null,-0.0071006296
within_line_across_drug,null,0.00502092
within_line_across_drug,null,-0.043487407
within_line_across_drug,null,-0.010510328
within_line_across_drug,null,0.009738181
within_line_across_drug,null,-0.026871795
within_line_across_drug,null,-0.007906488
within_line_across_drug,null,0.019919632
within_line_across_drug,null,0.016367363
within_line_across_drug,null,-0.022308547
within_line_across_drug,null,0.018844442
within_line_across_drug,null,-0.032543126
within_line_across_drug,null,0.0009297078
within_line_across_drug,null,0.040202398
within_line_across_drug,null,-0.010191238
within_line_across_drug,null,-0.055315718
within_line_across_drug,null,-0.01740911
within_line_across_drug,null,-0.064388156
within_line_across_drug,null,-0.009236876
within_line_across_drug,null,0.03546918
within_line_across_drug,null,-0.011935551
within_line_across_drug,null,0.035683785
within_line_across_drug,null,-0.010063627
within_line_across_drug,null,-0.015112398
within_line_across_drug,null,-0.067168124
within_line_across_drug,null,0.026078742
within_line_across_drug,null,-0.025836026
within_line_across_drug,null,0.021856569
within_line_across_drug,null,-0.035646453
within_line_across_drug,null,0.020914814
within_line_across_drug,null,0.058566634
within_line_across_drug,null,0.031069597
within_line_across_drug,null,-0.04576935
within_line_across_drug,null,-0.026727952
within_line_across_drug,null,-0.0051477603
within_line_across_drug,null,0.00034102323
within_line_across_drug,null,-0.017128974
within_line_across_drug,null,-0.011134399
within_line_across_drug,null,-0.002146897
within_line_across_drug,null,0.014386296
within_line_across_drug,null,-0.079538204
within_line_across_drug,null,0.006087165
within_line_across_drug,null,-0.021202125
within_line_across_drug,null,0.04937199
within_line_across_drug,null,-0.0106340805
within_line_across_drug,null,-0.004906071
within_line_across_drug,null,0.055507302
within_line_across_drug,null,0.01953556
within_line_across_drug,null,0.0051194727
within_line_across_drug,null,-0.003920403
within_line_across_drug,null,0.008522578
within_line_across_drug,null,0.019780528
within_line_across_drug,null,-0.015036397
within_line_across_drug,null,0.011060249
within_line_across_drug,null,-0.038737047
within_line_across_drug,null,-0.036960267
within_line_across_drug,null,0.001744117
within_line_across_drug,null,-0.018014217
within_line_across_drug,null,-0.008746404
within_line_across_drug,null,-0.019396104
within_line_across_drug,null,-0.03125206
within_line_across_drug,null,-0.04557622
within_line_across_drug,null,0.01132363
within_line_across_drug,null,0.015956063
within_line_across_drug,null,-0.016676014
within_line_across_drug,null,0.008543994
within_line_across_drug,null,-0.012386309
within_line_across_drug,null,0.010397494
within_line_across_drug,null,0.0037472527
within_line_across_drug,null,-0.009158392
within_line_across_drug,null,-0.004344909
within_line_across_drug,null,-0.024370037
within_line_across_drug,null,0.019518152
within_line_across_drug,null,0.03397582
within_line_across_drug,null,-0.041938763
within_line_across_drug,null,-0.03682282
within_line_across_drug,null,0.027095774
within_line_across_drug,null,0.0014292204
within_line_across_drug,null,0.0029966247
within_line_across_drug,null,0.03465941
within_line_across_drug,null,0.03710426
within_line_across_drug,null,0.05797599
within_line_across_drug,null,0.025612496
within_line_across_drug,null,0.022504216
within_line_across_drug,null,-0.030279698
within_line_across_drug,null,0.010131676
within_line_across_drug,null,0.008549525
within_line_across_drug,null,0.018668879
within_line_across_drug,null,0.0087078465
within_line_across_drug,null,0.011750592
within_line_across_drug,null,0.024005378
within_line_across_drug,null,-0.02277571
within_line_across_drug,null,0.009868396
within_line_across_drug,null,-0.02605956
within_line_across_drug,null,-0.039224908
within_line_across_drug,null,-0.06283576
within_line_across_drug,null,-0.0030627127
within_line_across_drug,null,-0.011331537
within_line_across_drug,null,0.010437377
within_line_across_drug,null,0.026612936
within_line_across_drug,null,-0.039016716
within_line_across_drug,null,0.021815572
within_line_across_drug,null,0.028866665
within_line_across_drug,null,-0.05549294
within_line_across_drug,null,0.046847343
within_line_across_drug,null,-0.01714409
within_line_across_drug,null,0.049482577
within_line_across_drug,null,0.006876375
within_line_across_drug,null,-0.0018956324
within_line_across_drug,null,-0.021118626
within_line_across_drug,null,0.029162489
within_line_across_drug,null,-0.01937832
within_line_across_drug,null,-0.032049306
within_line_across_drug,null,-0.01282259
within_line_across_drug,null,0.010041396
within_line_across_drug,null,-0.011948426
within_line_across_drug,null,0.04335778
within_line_across_drug,null,0.08499866
within_line_across_drug,null,0.006385757
within_line_across_drug,null,-0.00186024
within_line_across_drug,null,0.015920568
within_line_across_drug,null,0.0060307924
within_line_across_drug,null,-0.024452522
within_line_across_drug,null,0.011626394
within_line_across_drug,null,0.007826028
within_line_across_drug,null,0.043672156
within_line_across_drug,null,0.015090265
within_line_across_drug,null,0.023946244
within_line_across_drug,null,-0.019417008
within_line_across_drug,null,0.08461193
within_line_across_drug,null,-0.045781404
within_line_across_drug,null,-0.0021432084
within_line_across_drug,null,0.0057129045
within_line_across_drug,null,-0.030784003
within_line_across_drug,null,-0.00976978
within_line_across_drug,null,0.053646185
within_line_across_drug,null,0.023531185
within_line_across_drug,null,0.030267654
within_line_across_drug,null,0.007370391
within_line_across_drug,null,-0.075669765
within_line_across_drug,null,-0.006451559
within_line_across_drug,null,0.00045891493
within_line_across_drug,null,-0.023543436
within_line_across_drug,null,-0.035805058
within_line_across_drug,null,-0.014361606
within_line_across_drug,null,-0.0073719826
within_line_across_drug,null,0.006493709
within_line_across_drug,null,-0.0031808123
within_line_across_drug,null,-0.035443507
within_line_across_drug,null,-0.02127971
within_line_across_drug,null,0.038757045
within_line_across_drug,null,-0.018481554
within_line_across_drug,null,-0.0104630655
within_line_across_drug,null,-0.003989795
within_line_across_drug,null,0.040048
within_line_across_drug,null,-0.005728698
within_line_across_drug,null,-0.040274136
within_line_across_drug,null,0.013505449
within_line_across_drug,null,-0.050424922
within_line_across_drug,null,0.045394953
within_line_across_drug,null,-0.024823604
within_line_across_drug,null,-0.011345452
within_line_across_drug,null,0.011820843
within_line_across_drug,null,-0.029375335
within_line_across_drug,null,0.051204972
within_line_across_drug,null,-0.009543155
within_line_across_drug,null,0.012515219
within_line_across_drug,null,0.037665784
within_line_across_drug,null,-0.04164454
within_line_across_drug,null,-0.021764504
within_line_across_drug,null,-0.004877406
within_line_across_drug,null,0.0139543945
within_line_across_drug,null,0.005053383
within_line_across_drug,null,-0.016857786
within_line_across_drug,null,-0.03783089
within_line_across_drug,null,0.012574621
within_line_across_drug,null,-0.021704817
within_line_across_drug,null,-0.0030318203
within_line_across_drug,null,0.041794263
within_line_across_drug,null,-0.03330533
within_line_across_drug,null,0.0030959025
within_line_across_drug,null,-0.22025585
within_line_across_drug,null,-0.0538109
within_line_across_drug,null,-0.0060753287
within_line_across_drug,null,-0.001765446
within_line_across_drug,null,0.04826496
within_line_across_drug,null,-0.016317645
within_line_across_drug,null,0.040867098
within_line_across_drug,null,-0.040445697
within_line_across_drug,null,0.026772691
within_line_across_drug,null,0.009235733
within_line_across_drug,null,-0.040826857
within_line_across_drug,null,0.00034636058
within_line_across_drug,null,0.01755257
within_line_across_drug,null,0.058560338
within_line_across_drug,null,-0.04069353
within_line_across_drug,null,-0.01711567
within_line_across_drug,null,0.009443244
within_line_across_drug,null,-0.028133852
within_line_across_drug,null,0.006963804
within_line_across_drug,null,-0.026325865
within_line_across_drug,null,-0.007088969
within_line_across_drug,null,-0.022045657
within_line_across_drug,null,-0.0028576676
within_line_across_drug,null,0.008570419
within_line_across_drug,null,-0.0229656
within_line_across_drug,null,-0.0076442026
within_line_across_drug,null,-0.029641358
within_line_across_drug,null,-0.05427738
within_line_across_drug,null,0.059876934
within_line_across_drug,null,-0.0039419094
within_line_across_drug,null,0.019203203
within_line_across_drug,null,-0.027045153
within_line_across_drug,null,-0.005866817
within_line_across_drug,null,-0.071720704
within_line_across_drug,null,0.04612274
within_line_across_drug,null,0.011584626
within_line_across_drug,null,-0.0009882931
within_line_across_drug,null,0.0097073
within_line_across_drug,null,-0.011559236
within_line_across_drug,null,0.013644695
within_line_across_drug,null,-0.0126355775
within_line_across_drug,null,-0.0129108075
within_line_across_drug,null,0.008320333
within_line_across_drug,null,0.391319
within_line_across_drug,null,-0.028450305
within_line_across_drug,null,-0.06631742
within_line_across_drug,null,-0.02986456
within_line_across_drug,null,0.00023605225
within_line_across_drug,null,-0.033495653
within_line_across_drug,null,0.012604687
within_line_across_drug,null,0.010524349
within_line_across_drug,null,-0.025925621
within_line_across_drug,null,0.014624631
within_line_across_drug,null,-0.04252638
within_line_across_drug,null,0.016305551
within_line_across_drug,null,0.023511844
within_line_across_drug,null,0.0041479287
within_line_across_drug,null,-0.01571617
within_line_across_drug,null,0.0046060774
within_line_across_drug,null,0.012779445
within_line_across_drug,null,-0.004892429
within_line_across_drug,null,-0.020762319
within_line_across_drug,null,-0.00073569635
within_line_across_drug,null,-0.011290453
within_line_across_drug,null,-0.028438
within_line_across_drug,null,0.007382743
within_line_across_drug,null,0.018807007
within_line_across_drug,null,0.021819472
within_line_across_drug,null,-0.031944904
within_line_across_drug,null,-0.0009967182
within_line_across_drug,null,0.008014188
within_line_across_drug,null,0.026478397
within_line_across_drug,null,0.009595735
within_line_across_drug,null,0.010912648
within_line_across_drug,null,-0.04366576
within_line_across_drug,null,0.043428786
within_line_across_drug,null,0.032836337
within_line_across_drug,null,-0.05601623
within_line_across_drug,null,-0.0731857
within_line_across_drug,null,0.05290134
within_line_across_drug,null,0.002488145
within_line_across_drug,null,-0.013205815
within_line_across_drug,null,-0.0042764214
within_line_across_drug,null,-0.03310283
within_line_across_drug,null,-0.004675027
within_line_across_drug,null,-0.010646222
within_line_across_drug,null,-0.013870324
within_line_across_drug,null,0.01744571
within_line_across_drug,null,0.00095316424
within_line_across_drug,null,-0.01577765
within_line_across_drug,null,0.009868681
within_line_across_drug,null,-0.042825297
within_line_across_drug,null,0.010289081
within_line_across_drug,null,0.029861117
within_line_across_drug,null,-0.030286906
within_line_across_drug,null,-0.015584282
within_line_across_drug,null,0.04864279
within_line_across_drug,null,0.033863865
within_line_across_drug,null,-0.005129192
within_line_across_drug,null,-0.029162046
within_line_across_drug,null,-0.023769261
within_line_across_drug,null,0.027490193
within_line_across_drug,null,-0.045799743
within_line_across_drug,null,0.010865484
within_line_across_drug,null,0.023332195
within_line_across_drug,null,-0.0073868935
within_line_across_drug,null,0.0026911835
within_line_across_drug,null,0.032672804
within_line_across_drug,null,-0.006751839
within_line_across_drug,null,0.019709649
within_line_across_drug,null,-0.010117209
within_line_across_drug,null,0.004161384
within_line_across_drug,null,0.019846193
within_line_across_drug,null,-0.025258768
within_line_across_drug,null,-0.0035708335
within_line_across_drug,null,0.015912382
within_line_across_drug,null,-0.02301542
within_line_across_drug,null,-0.014178746
within_line_across_drug,null,-0.03456573
within_line_across_drug,null,-0.026317222
within_line_across_drug,null,0.014339983
within_line_across_drug,null,0.020566745
within_line_across_drug,null,0.0032629631
within_line_across_drug,null,-0.03139601
within_line_across_drug,null,-0.022149675
within_line_across_drug,null,0.011631328
within_line_across_drug,null,-0.008382446
within_line_across_drug,null,0.052863404
within_line_across_drug,null,0.033232033
within_line_across_drug,null,-0.021716729
within_line_across_drug,null,-0.06408537
within_line_across_drug,null,-0.04121438
within_line_across_drug,null,-0.04643816
within_line_across_drug,null,-0.0026983663
within_line_across_drug,null,0.008322145
within_line_across_drug,null,-0.033628915
within_line_across_drug,null,-0.007960906
within_line_across_drug,null,-0.0013167099
within_line_across_drug,null,-0.0160828
within_line_across_drug,null,-0.060443122
within_line_across_drug,null,0.01684244
within_line_across_drug,null,0.024308877
within_line_across_drug,null,0.028541043
within_line_across_drug,null,-0.0008292453
within_line_across_drug,null,-0.011237464
within_line_across_drug,null,-0.0360044
within_line_across_drug,null,-0.015191096
within_line_across_drug,null,0.018201608
within_line_across_drug,null,0.0016367396
within_line_across_drug,null,0.008202133
within_line_across_drug,null,-0.013655589
within_line_across_drug,null,-0.014148857
within_line_across_drug,null,-0.04082138
within_line_across_drug,null,0.038304705
within_line_across_drug,null,-0.015320471
within_line_across_drug,null,0.035450578
within_line_across_drug,null,-0.02290061
within_line_across_drug,null,-0.05593141
within_line_across_drug,null,-0.0023244165
within_line_across_drug,null,0.016509764
within_line_across_drug,null,0.010695755
within_line_across_drug,null,0.032072183
within_line_across_drug,null,-0.0004753951
within_line_across_drug,null,0.027927402
within_line_across_drug,null,0.0060396036
within_line_across_drug,null,-0.0075874208
within_line_across_drug,null,-0.0059529897
within_line_across_drug,null,-0.008673168
within_line_across_drug,null,0.042111572
within_line_across_drug,null,0.01241305
within_line_across_drug,null,0.019307874
within_line_across_drug,null,-0.029417507
within_line_across_drug,null,-0.022670709
within_line_across_drug,null,-0.01474867
within_line_across_drug,null,0.019900458
within_line_across_drug,null,-0.017089812
within_line_across_drug,null,0.033138532
within_line_across_drug,null,0.007931544
within_line_across_drug,null,0.013464613
within_line_across_drug,null,-0.024555383
within_line_across_drug,null,-0.0015153545
within_line_across_drug,null,-0.005941943
within_line_across_drug,null,0.030642409
within_line_across_drug,null,0.0040325485
within_line_across_drug,null,0.04398506
within_line_across_drug,null,-0.016713182
within_line_across_drug,null,0.01503394
within_line_across_drug,null,0.049444128
within_line_across_drug,null,-0.07311888
within_line_across_drug,null,0.005129049
within_line_across_drug,null,0.021047203
within_line_across_drug,null,-0.0113285165
within_line_across_drug,null,0.030367462
within_line_across_drug,null,0.025058854
within_line_across_drug,null,0.008810933
within_line_across_drug,null,0.0048939316
within_line_across_drug,null,-0.00063463446
within_line_across_drug,null,0.05847779
within_line_across_drug,null,0.19862433
within_line_across_drug,null,-0.056477945
within_line_across_drug,null,-0.077053204
within_line_across_drug,null,-0.04814422
within_line_across_drug,null,0.003990937
within_line_across_drug,null,0.012591131
within_line_across_drug,null,0.0041372227
within_line_across_drug,null,-0.011721057
within_line_across_drug,null,0.034737054
within_line_across_drug,null,0.046145122
within_line_across_drug,null,0.027884219
within_line_across_drug,null,-0.04340573
within_line_across_drug,null,0.026764134
within_line_across_drug,null,0.003437074
within_line_across_drug,null,-0.02435451
within_line_across_drug,null,-0.011429247
within_line_across_drug,null,0.0660639
within_line_across_drug,null,0.0566993
within_line_across_drug,null,-0.008767406
within_line_across_drug,null,-0.0016472235
within_line_across_drug,null,0.050337914
within_line_across_drug,null,0.035784278
within_line_across_drug,null,-0.021812553
within_line_across_drug,null,-0.008766892
within_line_across_drug,null,0.03736882
within_line_across_drug,null,0.032821294
within_line_across_drug,null,0.015001251
within_line_across_drug,null,-0.016445158
within_line_across_drug,null,0.022034684
within_line_across_drug,null,-0.014512218
within_line_across_drug,null,0.012092423
within_line_across_drug,null,0.06593506
within_line_across_drug,null,0.043761764
within_line_across_drug,null,-0.0093298275
within_line_across_drug,null,-0.0049084965
within_line_across_drug,null,0.018648215
within_line_across_drug,null,-0.0020624003
within_line_across_drug,null,0.05972329
within_line_across_drug,null,-0.017018944
within_line_across_drug,null,-0.0299653
within_line_across_drug,null,0.029895008
within_line_across_drug,null,0.023306074
within_line_across_drug,null,0.021257754
within_line_across_drug,null,0.052585103
within_line_across_drug,null,-0.07730872
within_line_across_drug,null,0.002484861
within_line_across_drug,null,0.019837562
within_line_across_drug,null,0.01762312
within_line_across_drug,null,-0.067894444
within_line_across_drug,null,0.01573532
within_line_across_drug,null,0.006512472
within_line_across_drug,null,-0.013322175
within_line_across_drug,null,-0.029459495
within_line_across_drug,null,0.0304273
within_line_across_drug,null,-0.006118827
within_line_across_drug,null,0.06617644
within_line_across_drug,null,-0.023448588
within_line_across_drug,null,-0.007776631
within_line_across_drug,null,0.0086355135
within_line_across_drug,null,-0.037367467
within_line_across_drug,null,0.020078076
within_line_across_drug,null,-0.047079843
within_line_across_drug,null,0.002966877
within_line_across_drug,null,-0.016186068
within_line_across_drug,null,0.002869399
within_line_across_drug,null,-0.0218931
within_line_across_drug,null,0.032476734
within_line_across_drug,null,-0.013217155
within_line_across_drug,null,0.013027992
within_line_across_drug,null,0.34455797
within_line_across_drug,null,0.0005737339
within_line_across_drug,null,0.014776565
within_line_across_drug,null,-0.057676136
within_line_across_drug,null,-0.016699044
within_line_across_drug,null,-0.037144415
within_line_across_drug,null,0.023415776
within_line_across_drug,null,0.0029765698
within_line_across_drug,null,0.015696956
within_line_across_drug,null,0.0021936453
within_line_across_drug,null,0.020249099
within_line_across_drug,null,0.032642566
within_line_across_drug,null,0.0093048755
within_line_across_drug,null,0.034540735
within_line_across_drug,null,-6.1875977e-07
within_line_across_drug,null,0.028713984
within_line_across_drug,null,0.046245024
within_line_across_drug,null,-0.0039923503
within_line_across_drug,null,-0.016689844
within_line_across_drug,null,-0.04083445
within_line_across_drug,null,0.011644336
within_line_across_drug,null,-0.0039047645
within_line_across_drug,null,0.036177468
within_line_across_drug,null,0.0091673285
within_line_across_drug,null,0.0122438315
within_line_across_drug,null,-0.008378082
within_line_across_drug,null,0.01544759
within_line_across_drug,null,-0.016266905
within_line_across_drug,null,0.021945804
within_line_across_drug,null,0.012319699
within_line_across_drug,null,-0.00735965
within_line_across_drug,null,0.039890107
within_line_across_drug,null,-0.039921675
within_line_across_drug,null,0.0067899744
within_line_across_drug,null,-0.033466693
within_line_across_drug,null,-0.044462763
within_line_across_drug,null,0.034290936
within_line_across_drug,null,0.0051436312
within_line_across_drug,null,0.0009854496
within_line_across_drug,null,0.021335565
within_line_across_drug,null,-0.029449595
within_line_across_drug,null,-0.020220017
within_line_across_drug,null,-0.000158804
within_line_across_drug,null,-0.011387279
within_line_across_drug,null,-0.009593626
within_line_across_drug,null,-0.038657185
within_line_across_drug,null,0.02202321
within_line_across_drug,null,0.04796059
within_line_across_drug,null,0.006892259
within_line_across_drug,null,0.0020210536
within_line_across_drug,null,-0.014044881
within_line_across_drug,null,-0.021864805
within_line_across_drug,null,0.059931293
within_line_across_drug,null,-0.055670053
within_line_across_drug,null,-0.05408996
within_line_across_drug,null,0.014853508
within_line_across_drug,null,0.001086996
within_line_across_drug,null,-0.0038690008
within_line_across_drug,null,-0.0057303593
within_line_across_drug,null,0.009694768
within_line_across_drug,null,-0.053450994
within_line_across_drug,null,-0.020443108
within_line_across_drug,null,0.015851669
within_line_across_drug,null,0.009248618
within_line_across_drug,null,0.0016022177
within_line_across_drug,null,0.020771481
within_line_across_drug,null,0.017927824
within_line_across_drug,null,0.03532579
within_line_across_drug,null,0.007164285
within_line_across_drug,null,0.021284498
within_line_across_drug,null,0.020725338
within_line_across_drug,null,-0.022514896
within_line_across_drug,null,-0.029526051
within_line_across_drug,null,-0.052529536
within_line_across_drug,null,-0.043565843
within_line_across_drug,null,-0.010787355
within_line_across_drug,null,0.006970691
within_line_across_drug,null,-0.0663998
within_line_across_drug,null,0.018665947
within_line_across_drug,null,0.03612613
within_line_across_drug,null,0.024942374
within_line_across_drug,null,-0.016018888
within_line_across_drug,null,-0.031093853
within_line_across_drug,null,-0.008323736
within_line_across_drug,null,-0.012911161
within_line_across_drug,null,-0.08844235
within_line_across_drug,null,0.026948392
within_line_across_drug,null,0.02092105
within_line_across_drug,null,-0.058452185
within_line_across_drug,null,-0.02877768
within_line_across_drug,null,-0.03821881
within_line_across_drug,null,0.047061224
within_line_across_drug,null,0.03208889
within_line_across_drug,null,-0.015498505
within_line_across_drug,null,0.024893906
within_line_across_drug,null,0.0019531089
within_line_across_drug,null,0.05467674
within_line_across_drug,null,0.21563852
within_line_across_drug,null,-0.011132614
within_line_across_drug,null,0.003018852
within_line_across_drug,null,0.010524817
within_line_across_drug,null,-0.024758682
within_line_across_drug,null,0.01144484
within_line_across_drug,null,-0.0051595434
within_line_across_drug,null,0.02035074
within_line_across_drug,null,-0.0013392508
within_line_across_drug,null,0.021411441
within_line_across_drug,null,0.018936208
within_line_across_drug,null,0.006254217
within_line_across_drug,null,0.024721028
within_line_across_drug,null,-0.021565605
within_line_across_drug,null,-0.0020544415
within_line_across_drug,null,0.006993935
within_line_across_drug,null,0.008297638
within_line_across_drug,null,0.013299908
within_line_across_drug,null,-0.009154749
within_line_across_drug,null,-0.024728546
within_line_across_drug,null,-0.01830811
within_line_across_drug,null,-0.02251812
within_line_across_drug,null,-0.008333255
within_line_across_drug,null,-0.034595244
within_line_across_drug,null,0.013532789
within_line_across_drug,null,0.014893289
within_line_across_drug,null,-0.04305677
within_line_across_drug,null,-0.005192406
within_line_across_drug,null,-0.009229554
within_line_across_drug,null,-0.034634307
within_line_across_drug,null,0.008865111
within_line_across_drug,null,-0.06957922
within_line_across_drug,null,-0.0253945
within_line_across_drug,null,0.008911945
within_line_across_drug,null,-0.002607556
within_line_across_drug,null,-0.018704914
within_line_across_drug,null,-0.0035215241
within_line_across_drug,null,0.03274921
within_line_across_drug,null,0.008771847
within_line_across_drug,null,0.0320906
within_line_across_drug,null,0.04204855
within_line_across_drug,null,0.0029413635
within_line_across_drug,null,0.03157668
within_line_across_drug,null,0.025570966
within_line_across_drug,null,0.049246974
within_line_across_drug,null,-0.03232819
within_line_across_drug,null,-0.0054901303
within_line_across_drug,null,0.013388315
within_line_across_drug,null,-0.04949317
within_line_across_drug,null,-0.019496666
within_line_across_drug,null,0.023448838
within_line_across_drug,null,-0.008875287
within_line_across_drug,null,-0.038717397
within_line_across_drug,null,-0.0067113736
within_line_across_drug,null,-0.00843908
within_line_across_drug,null,-0.012841657
within_line_across_drug,null,-0.05407178
within_line_across_drug,null,0.012177772
within_line_across_drug,null,-0.0011040195
within_line_across_drug,null,-0.0022945688
within_line_across_drug,null,-0.021832032
within_line_across_drug,null,0.010132755
within_line_across_drug,null,0.03201021
within_line_across_drug,null,0.011398654
within_line_across_drug,null,-0.026111346
within_line_across_drug,null,-0.014746789
within_line_across_drug,null,0.09829134
within_line_across_drug,null,-0.027885858
within_line_across_drug,null,-0.007412315
within_line_across_drug,null,0.01661638
within_line_across_drug,null,0.004636162
within_line_across_drug,null,-0.033052046
within_line_across_drug,null,0.0065882374
within_line_across_drug,null,-0.030109346
within_line_across_drug,null,-0.032062713
within_line_across_drug,null,0.00646744
within_line_across_drug,null,0.045821313
within_line_across_drug,null,0.03439029
within_line_across_drug,null,-0.01176744
within_line_across_drug,null,0.011755116
within_line_across_drug,null,0.034575213
within_line_across_drug,null,-0.0021256856
within_line_across_drug,null,0.0163205
within_line_across_drug,null,-0.009821688
within_line_across_drug,null,0.004104835
within_line_across_drug,null,0.04451579
within_line_across_drug,null,-0.01260688
within_line_across_drug,null,-0.050738014
within_line_across_drug,null,-0.024233142
within_line_across_drug,null,-0.025584264
within_line_across_drug,null,-0.00097564346
within_line_across_drug,null,-0.017162042
within_line_across_drug,null,0.0041675274
within_line_across_drug,null,-0.02296825
within_line_across_drug,null,0.034301307
within_line_across_drug,null,0.005181364
within_line_across_drug,null,-0.0077961646
within_line_across_drug,null,0.054343365
within_line_across_drug,null,0.031050751
within_line_across_drug,null,0.021908978
within_line_across_drug,null,0.013311446
within_line_across_drug,null,0.03445179
within_line_across_drug,null,-0.0227342
within_line_across_drug,null,-0.023931764
within_line_across_drug,null,-0.018039025
within_line_across_drug,null,-0.018750109
within_line_across_drug,null,-0.029027745
within_line_across_drug,null,0.013415672
within_line_across_drug,null,-0.01740326
within_line_across_drug,null,-0.009987529
within_line_across_drug,null,-0.014271268
within_line_across_drug,null,0.009015403
within_line_across_drug,null,-0.0001781542
within_line_across_drug,null,-0.013910804
within_line_across_drug,null,-0.00015793531
within_line_across_drug,null,-0.034295734
within_line_across_drug,null,0.028240876
within_line_across_drug,null,-0.030508049
within_line_across_drug,null,-0.021543618
within_line_across_drug,null,0.03578416
within_line_across_drug,null,0.0099715255
within_line_across_drug,null,-0.030787537
within_line_across_drug,null,0.041005347
within_line_across_drug,null,0.016943127
within_line_across_drug,null,0.0017807588
within_line_across_drug,null,-0.051164586
within_line_across_drug,null,0.001193193
within_line_across_drug,null,-0.028574947
within_line_across_drug,null,-0.006344753
within_line_across_drug,null,-0.02598404
within_line_across_drug,null,-0.026976475
within_line_across_drug,null,-0.009321603
within_line_across_drug,null,-0.025463236
within_line_across_drug,null,-0.034027755
within_line_across_drug,null,0.039408438
within_line_across_drug,null,0.033482984
within_line_across_drug,null,0.059227318
within_line_across_drug,null,0.0029715723
within_line_across_drug,null,-0.062464267
within_line_across_drug,null,0.025222259
within_line_across_drug,null,-0.016136112
within_line_across_drug,null,-0.008806603
within_line_across_drug,null,0.024856577
within_line_across_drug,null,0.08272599
within_line_across_drug,null,-0.0077625494
within_line_across_drug,null,0.007171421
within_line_across_drug,null,-0.014665558
within_line_across_drug,null,0.049584497
within_line_across_drug,null,0.023056988
within_line_across_drug,null,-0.014457317
within_line_across_drug,null,-0.011391444
within_line_across_drug,null,0.025380751
within_line_across_drug,null,0.023108106
within_line_across_drug,null,-0.015864378
within_line_across_drug,null,-0.020284772
within_line_across_drug,null,0.06259345
within_line_across_drug,null,-0.025750827
within_line_across_drug,null,0.03998283
within_line_across_drug,null,0.020323008
within_line_across_drug,null,-0.022308525
within_line_across_drug,null,0.028600162
within_line_across_drug,null,0.0048627574
within_line_across_drug,null,-0.043473978
within_line_across_drug,null,-0.029002635
within_line_across_drug,null,-0.020931497
within_line_across_drug,null,0.03736192
within_line_across_drug,null,-0.025304692
within_line_across_drug,null,0.0002897463
within_line_across_drug,null,0.03582686
within_line_across_drug,null,-0.0016850712
within_line_across_drug,null,0.020723969
within_line_across_drug,null,0.02640234
within_line_across_drug,null,-0.046860043
within_line_across_drug,null,-0.0027834415
within_line_across_drug,null,-0.0165765
within_line_across_drug,null,0.01215356
within_line_across_drug,null,0.0010202144
within_line_across_drug,null,-0.008285379
within_line_across_drug,null,-0.038909797
within_line_across_drug,null,0.00897289
within_line_across_drug,null,0.059545215
within_line_across_drug,null,-0.0021798206
within_line_across_drug,null,-0.022249442
within_line_across_drug,null,-0.023786066
within_line_across_drug,null,0.038682085
within_line_across_drug,null,0.024227891
within_line_across_drug,null,0.015647316
within_line_across_drug,null,0.00066358055
within_line_across_drug,null,-0.01765775
within_line_across_drug,null,0.022796035
within_line_across_drug,null,0.004163411
within_line_across_drug,null,0.016400022
within_line_across_drug,null,0.0039368137
within_line_across_drug,null,-0.0075880913
within_line_across_drug,null,-0.025506027
within_line_across_drug,null,-0.041862108
within_line_across_drug,null,0.041851602
within_line_across_drug,null,0.038111214
within_line_across_drug,null,-0.039261784
within_line_across_drug,null,-0.014579531
within_line_across_drug,null,-0.009537519
within_line_across_drug,null,0.050759736
within_line_across_drug,null,-0.0015139853
within_line_across_drug,null,-0.016913962
within_line_across_drug,null,0.013708774
within_line_across_drug,null,-0.03538631
within_line_across_drug,null,-0.00616376
within_line_across_drug,null,0.032227926
within_line_across_drug,null,0.013963821
within_line_across_drug,null,-0.028575622
within_line_across_drug,null,0.026497053
within_line_across_drug,null,-0.028122483
within_line_across_drug,null,-0.0017347429
within_line_across_drug,null,-0.00038399053
within_line_across_drug,null,0.012136415
within_line_across_drug,null,0.011628327
within_line_across_drug,null,0.036430277
within_line_across_drug,null,-0.025013871
within_line_across_drug,null,-0.040084865
within_line_across_drug,null,-0.006691452
within_line_across_drug,null,-0.018772904
within_line_across_drug,null,0.0015756731
within_line_across_drug,null,-0.0014451699
within_line_across_drug,null,0.06968497
within_line_across_drug,null,0.0025851473
within_line_across_drug,null,-0.033150047
within_line_across_drug,null,0.01586411
within_line_across_drug,null,-0.0036903692
within_line_across_drug,null,-0.0023743806
within_line_across_drug,null,-0.033905704
within_line_across_drug,null,-0.01563549
within_line_across_drug,null,-0.068417594
within_line_across_drug,null,-0.010404374
within_line_across_drug,null,0.024111811
within_line_across_drug,null,-0.085389405
within_line_across_drug,null,-0.07503602
within_line_across_drug,null,-0.004151857
within_line_across_drug,null,-0.019774856
within_line_across_drug,null,-0.031163892
within_line_across_drug,null,0.044756856
within_line_across_drug,null,-0.005609183
within_line_across_drug,null,0.010904218
within_line_across_drug,null,0.02142915
within_line_across_drug,null,-0.059153326
within_line_across_drug,null,0.0049175043
within_line_across_drug,null,-0.008626495
within_line_across_drug,null,0.036084216
within_line_across_drug,null,0.0034062327
within_line_across_drug,null,0.018141652
within_line_across_drug,null,0.007847679
within_line_across_drug,null,-0.034830406
within_line_across_drug,null,-0.022591805
within_line_across_drug,null,0.0070916293
within_line_across_drug,null,0.002178299
within_line_across_drug,null,0.015108832
within_line_across_drug,null,-0.010202692
within_line_across_drug,null,0.020351201
within_line_across_drug,null,0.03478807
within_line_across_drug,null,0.041452177
within_line_across_drug,null,-0.011036377
within_line_across_drug,null,-0.015811063
within_line_across_drug,null,0.003527906
within_line_across_drug,null,-0.04149415
within_line_across_drug,null,0.039393473
within_line_across_drug,null,0.0031423806
within_line_across_drug,null,0.030621333
within_line_across_drug,null,-0.01889347
within_line_across_drug,null,-0.016445765
within_line_across_drug,null,-0.02170909
within_line_across_drug,null,0.029922701
within_line_across_drug,null,0.015203621
within_line_across_drug,null,-0.0022204418
within_line_across_drug,null,-0.014397546
within_line_across_drug,null,-0.009487282
within_line_across_drug,null,-0.0010787066
within_line_across_drug,null,0.013128939
within_line_across_drug,null,0.00633202
within_line_across_drug,null,0.016099475
within_line_across_drug,null,0.023389723
within_line_across_drug,null,-0.013343169
within_line_across_drug,null,0.012140728
within_line_across_drug,null,0.0076731956
within_line_across_drug,null,0.008727474
within_line_across_drug,null,0.014498435
within_line_across_drug,null,0.016873855
within_line_across_drug,null,-0.014909335
within_line_across_drug,null,-0.026999213
within_line_across_drug,null,0.030697817
within_line_across_drug,null,-0.032564383
within_line_across_drug,null,-0.0026047037
within_line_across_drug,null,0.024027476
within_line_across_drug,null,0.0017154174
within_line_across_drug,null,0.0070240223
within_line_across_drug,null,0.39580595
within_line_across_drug,null,0.04764191
within_line_across_drug,null,0.021455627
within_line_across_drug,null,0.027186707
within_line_across_drug,null,-0.040958248
within_line_across_drug,null,0.0010202589
within_line_across_drug,null,0.051275432
within_line_across_drug,null,0.0023541972
within_line_across_drug,null,-0.023676537
within_line_across_drug,null,0.002428846
within_line_across_drug,null,0.033338595
within_line_across_drug,null,0.0091636
within_line_across_drug,null,0.010189495
within_line_across_drug,null,-0.009438523
within_line_across_drug,null,-0.021355748
within_line_across_drug,null,-0.0013262213
within_line_across_drug,null,0.0063381577
within_line_across_drug,null,-0.031116271
within_line_across_drug,null,-0.018946053
within_line_across_drug,null,-0.02982548
within_line_across_drug,null,-0.011079644
within_line_across_drug,null,-0.01794783
within_line_across_drug,null,0.009834327
within_line_across_drug,null,0.024916861
within_line_across_drug,null,-0.0043840203
within_line_across_drug,null,0.05229969
within_line_across_drug,null,0.0209401
within_line_across_drug,null,0.02276778
within_line_across_drug,null,-0.023777906
within_line_across_drug,null,0.06430291
within_line_across_drug,null,0.010699786
within_line_across_drug,null,0.038991958
within_line_across_drug,null,0.029654652
within_line_across_drug,null,0.02259851
within_line_across_drug,null,0.031846806
within_line_across_drug,null,-0.015206368
within_line_across_drug,null,0.46334165
within_line_across_drug,null,0.013928801
within_line_across_drug,null,-0.0066919574
within_line_across_drug,null,0.03900815
within_line_across_drug,null,-0.036281634
within_line_across_drug,null,-0.04367861
within_line_across_drug,null,-0.014879402
within_line_across_drug,null,-0.018224189
within_line_across_drug,null,-0.025872769
within_line_across_drug,null,0.011094985
within_line_across_drug,null,-0.008183802
within_line_across_drug,null,-0.012258527
within_line_across_drug,null,-0.017619539
within_line_across_drug,null,-0.03361115
within_line_across_drug,null,-0.028301897
within_line_across_drug,null,0.013840249
within_line_across_drug,null,0.017760396
within_line_across_drug,null,-0.013818008
within_line_across_drug,null,0.070511855
within_line_across_drug,null,0.020600773
within_line_across_drug,null,-0.0635338
within_line_across_drug,null,0.02631198
within_line_across_drug,null,0.027505409
within_line_across_drug,null,0.016081495
within_line_across_drug,null,-0.07555792
within_line_across_drug,null,-0.03471927
within_line_across_drug,null,0.008629696
within_line_across_drug,null,-0.042429194
within_line_across_drug,null,0.008088798
within_line_across_drug,null,0.009082068
within_line_across_drug,null,-0.026370266
within_line_across_drug,null,0.03302498
within_line_across_drug,null,0.014035582
within_line_across_drug,null,0.0827658
within_line_across_drug,null,0.00487273
within_line_across_drug,null,-0.04426861
within_line_across_drug,null,0.015455445
within_line_across_drug,null,-0.02900775
within_line_across_drug,null,0.0066200886
within_line_across_drug,null,0.050776925
within_line_across_drug,null,0.0044476474
within_line_across_drug,null,-0.017689308
within_line_across_drug,null,-0.03909027
within_line_across_drug,null,0.017422292
within_line_across_drug,null,-0.014615848
within_line_across_drug,null,0.044799443
within_line_across_drug,null,0.02459371
within_line_across_drug,null,0.0039879843
within_line_across_drug,null,-0.011585302
within_line_across_drug,null,-0.046273343
within_line_across_drug,null,0.0035219875
within_line_across_drug,null,0.029030371
within_line_across_drug,null,-0.015585165
within_line_across_drug,null,-0.004527144
within_line_across_drug,null,-0.03347919
within_line_across_drug,null,-0.030632315
within_line_across_drug,null,0.011250636
within_line_across_drug,null,-0.0027920913
within_line_across_drug,null,0.030529812
within_line_across_drug,null,-0.017777896
within_line_across_drug,null,-0.00674616
within_line_across_drug,null,0.044976015
within_line_across_drug,null,0.016316278
within_line_across_drug,null,0.02310573
within_line_across_drug,null,0.040101137
within_line_across_drug,null,0.0076325973
within_line_across_drug,null,-0.047858972
within_line_across_drug,null,0.009617287
within_line_across_drug,null,0.015569156
within_line_across_drug,null,0.034235302
within_line_across_drug,null,-0.0055042007
within_line_across_drug,null,-0.008291663
within_line_across_drug,null,-0.0006197529
within_line_across_drug,null,-0.010400492
within_line_across_drug,null,0.0048824893
within_line_across_drug,null,-0.03072811
within_line_across_drug,null,-0.010204619
within_line_across_drug,null,0.02859588
within_line_across_drug,null,-0.0101759955
within_line_across_drug,null,0.019256447
within_line_across_drug,null,-0.018161535
within_line_across_drug,null,0.0067849243
within_line_across_drug,null,-0.015441862
within_line_across_drug,null,-0.02797245
within_line_across_drug,null,-0.06650256
within_line_across_drug,null,-0.018618751
within_line_across_drug,null,-0.019917123
within_line_across_drug,null,-0.017631331
within_line_across_drug,null,0.023616862
within_line_across_drug,null,-0.000827854
within_line_across_drug,null,0.005072146
within_line_across_drug,null,0.0070498744
within_line_across_drug,null,-0.008070734
within_line_across_drug,null,-0.028196255
within_line_across_drug,null,-0.032558654
within_line_across_drug,null,0.02282803
within_line_across_drug,null,0.007893794
within_line_across_drug,null,0.007885889
within_line_across_drug,null,-0.041868787
within_line_across_drug,null,0.019397315
within_line_across_drug,null,-0.06507029
within_line_across_drug,null,-0.04570151
within_line_across_drug,null,0.025266914
within_line_across_drug,null,-0.058697835
within_line_across_drug,null,0.008343801
within_line_across_drug,null,-0.017829116
within_line_across_drug,null,-0.07134478
within_line_across_drug,null,0.016282195
within_line_across_drug,null,0.017734738
within_line_across_drug,null,-0.0030640701
within_line_across_drug,null,-0.007921817
within_line_across_drug,null,0.035870727
within_line_across_drug,null,-0.01376524
within_line_across_drug,null,0.040982366
within_line_across_drug,null,0.0018489856
within_line_across_drug,null,0.03480248
within_line_across_drug,null,0.00478388
within_line_across_drug,null,-0.023078868
within_line_across_drug,null,0.0017833733
within_line_across_drug,null,0.022973308
within_line_across_drug,null,-0.014715752
within_line_across_drug,null,0.048774634
within_line_across_drug,null,0.006161176
within_line_across_drug,null,-0.026181366
within_line_across_drug,null,-0.05473344
within_line_across_drug,null,-0.010235436
within_line_across_drug,null,-0.046008617
within_line_across_drug,null,-0.026510945
within_line_across_drug,null,0.055746686
within_line_across_drug,null,-0.012500692
within_line_across_drug,null,0.037572842
within_line_across_drug,null,0.00962159
within_line_across_drug,null,0.05490005
within_line_across_drug,null,-0.008226331
within_line_across_drug,null,-0.038081273
within_line_across_drug,null,-0.07702199
within_line_across_drug,null,-0.008089409
within_line_across_drug,null,-0.037383985
within_line_across_drug,null,0.03626084
within_line_across_drug,null,-0.08947804
within_line_across_drug,null,-0.02331974
within_line_across_drug,null,-0.023368407
within_line_across_drug,null,0.006669902
within_line_across_drug,null,-0.017381733
within_line_across_drug,null,-0.024851311
within_line_across_drug,null,0.02003042
within_line_across_drug,null,-0.021889877
within_line_across_drug,null,-0.040415436
within_line_across_drug,null,0.01810772
within_line_across_drug,null,-0.030229354
within_line_across_drug,null,-0.0016047308
within_line_across_drug,null,0.0012095071
within_line_across_drug,null,0.019416682
within_line_across_drug,null,-0.006000461
within_line_across_drug,null,0.05061421
within_line_across_drug,null,0.46172917
within_line_across_drug,null,0.06334778
within_line_across_drug,null,-0.006415938
within_line_across_drug,null,-0.0006795811
within_line_across_drug,null,-0.111786
within_line_across_drug,null,0.28291124
within_line_across_drug,null,0.12453811
within_line_across_drug,null,0.0145544205
within_line_across_drug,null,0.004196976
within_line_across_drug,null,0.006470901
within_line_across_drug,null,0.015473722
within_line_across_drug,null,-0.0016197559
within_line_across_drug,null,-0.027447756
within_line_across_drug,null,-0.01873993
within_line_across_drug,null,0.011101853
within_line_across_drug,null,0.02900644
within_line_across_drug,null,-0.0095071355
within_line_across_drug,null,-0.00081656035
within_line_across_drug,null,0.03921014
within_line_across_drug,null,-0.04684756
within_line_across_drug,null,-0.034932952
within_line_across_drug,null,-0.0093431985
within_line_across_drug,null,0.018601343
within_line_across_drug,null,0.046237405
within_line_across_drug,null,0.047372002
within_line_across_drug,null,-0.018945595
within_line_across_drug,null,0.024394702
within_line_across_drug,null,0.036399055
within_line_across_drug,null,0.0016552672
within_line_across_drug,null,-0.022426346
within_line_across_drug,null,-0.0071594426
within_line_across_drug,null,-0.023031963
within_line_across_drug,null,-0.0004124663
within_line_across_drug,null,-0.004926638
within_line_across_drug,null,0.0360342
within_line_across_drug,null,-0.103330225
within_line_across_drug,null,-0.054623865
within_line_across_drug,null,-0.03251765
within_line_across_drug,null,0.020799346
within_line_across_drug,null,-0.025607869
within_line_across_drug,null,-0.042837102
within_line_across_drug,null,-0.014864797
within_line_across_drug,null,0.053569958
within_line_across_drug,null,-0.06937224
within_line_across_drug,null,0.0360472
within_line_across_drug,null,-0.027934492
within_line_across_drug,null,-0.0036951592
within_line_across_drug,null,-0.007742358
within_line_across_drug,null,-0.0063336114
within_line_across_drug,null,0.011848094
within_line_across_drug,null,-0.028776703
within_line_across_drug,null,-0.04997285
within_line_across_drug,null,-0.014954526
within_line_across_drug,null,-0.021515023
within_line_across_drug,null,-0.0012880765
within_line_across_drug,null,0.008563714
within_line_across_drug,null,-0.034105983
within_line_across_drug,null,-0.0038873039
within_line_across_drug,null,0.024940295
within_line_across_drug,null,-0.04818454
within_line_across_drug,null,-0.008079474
within_line_across_drug,null,0.008625053
within_line_across_drug,null,0.0021336426
within_line_across_drug,null,0.04651466
within_line_across_drug,null,0.03834825
within_line_across_drug,null,-0.023006583
within_line_across_drug,null,-0.008673882
within_line_across_drug,null,0.024858674
within_line_across_drug,null,-0.006748311
within_line_across_drug,null,0.049128022
within_line_across_drug,null,0.018209511
within_line_across_drug,null,0.0020222524
within_line_across_drug,null,0.026294209
within_line_across_drug,null,0.042114146
within_line_across_drug,null,0.010123167
within_line_across_drug,null,0.04433364
within_line_across_drug,null,-0.0047975434
within_line_across_drug,null,-0.0014134207
within_line_across_drug,null,0.03366225
within_line_across_drug,null,-0.012974664
within_line_across_drug,null,0.035835877
within_line_across_drug,null,-0.04902041
within_line_across_drug,null,0.062297042
within_line_across_drug,null,-0.0057440237
within_line_across_drug,null,0.11670782
within_line_across_drug,null,-0.05453266
within_line_across_drug,null,0.0010888942
within_line_across_drug,null,0.026350087
within_line_across_drug,null,0.018469738
within_line_across_drug,null,-0.011167046
within_line_across_drug,null,-0.0047236485
within_line_across_drug,null,-0.018568048
within_line_across_drug,null,-0.016842652
within_line_across_drug,null,0.018883714
within_line_across_drug,null,0.0018304116
within_line_across_drug,null,0.016507529
within_line_across_drug,null,-0.015489292
within_line_across_drug,null,-0.010008027
within_line_across_drug,null,0.0047107227
within_line_across_drug,null,-0.00016646541
within_line_across_drug,null,0.029215606
within_line_across_drug,null,0.011662859
within_line_across_drug,null,-0.0025095635
within_line_across_drug,null,0.0017971776
within_line_across_drug,null,0.006754699
within_line_across_drug,null,0.036854416
within_line_across_drug,null,-0.02269185
within_line_across_drug,null,0.011360618
within_line_across_drug,null,0.007885338
within_line_across_drug,null,-0.0017962677
within_line_across_drug,null,0.00064503885
within_line_across_drug,null,-0.006129663
within_line_across_drug,null,0.020367213
within_line_across_drug,null,-0.025329346
within_line_across_drug,null,-0.0060134693
within_line_across_drug,null,0.016243305
within_line_across_drug,null,0.020694138
within_line_across_drug,null,-0.007452611
within_line_across_drug,null,-0.026695536
within_line_across_drug,null,-0.01993979
within_line_across_drug,null,0.028235707
within_line_across_drug,null,-0.06305774
within_line_across_drug,null,-0.02532388
within_line_across_drug,null,-0.0056997635
within_line_across_drug,null,0.0019385264
within_line_across_drug,null,0.04537472
within_line_across_drug,null,-0.011089879
within_line_across_drug,null,0.04069098
within_line_across_drug,null,-0.02567845
within_line_across_drug,null,-0.009133352
within_line_across_drug,null,-0.009941651
within_line_across_drug,null,-0.023106197
within_line_across_drug,null,-0.0053089582
within_line_across_drug,null,0.0057715364
within_line_across_drug,null,0.04062275
within_line_across_drug,null,-0.030186381
within_line_across_drug,null,-0.038881697
within_line_across_drug,null,0.008244416
within_line_across_drug,null,-0.021100843
within_line_across_drug,null,-0.020461991
within_line_across_drug,null,0.023784308
within_line_across_drug,null,-0.038039315
within_line_across_drug,null,0.004925667
within_line_across_drug,null,0.024129098
within_line_across_drug,null,0.062008157
within_line_across_drug,null,-0.031810705
within_line_across_drug,null,0.01772001
within_line_across_drug,null,0.0037812174
within_line_across_drug,null,0.0038936844
within_line_across_drug,null,-0.07314029
within_line_across_drug,null,0.054192357
within_line_across_drug,null,0.034482487
within_line_across_drug,null,-0.0034819304
within_line_across_drug,null,-0.021434922
within_line_across_drug,null,0.009838629
within_line_across_drug,null,0.009376404
within_line_across_drug,null,-0.007958128
within_line_across_drug,null,0.010772
within_line_across_drug,null,-0.012268362
within_line_across_drug,null,-0.019266821
within_line_across_drug,null,-0.032485355
within_line_across_drug,null,-0.035870545
within_line_across_drug,null,0.006160552
within_line_across_drug,null,0.028145552
within_line_across_drug,null,0.018544972
within_line_across_drug,null,0.0050712405
within_line_across_drug,null,-0.0027427746
within_line_across_drug,null,0.021409774
within_line_across_drug,null,-0.005533011
within_line_across_drug,null,0.02619045
within_line_across_drug,null,-0.052175883
within_line_across_drug,null,-0.011641562
within_line_across_drug,null,0.020623289
within_line_across_drug,null,-0.008651391
within_line_across_drug,null,-0.028479174
within_line_across_drug,null,-0.018788572
within_line_across_drug,null,-0.028882613
within_line_across_drug,null,-0.014397269
within_line_across_drug,null,-0.024010988
within_line_across_drug,null,0.013157687
within_line_across_drug,null,-0.037758943
within_line_across_drug,null,-0.014678468
within_line_across_drug,null,0.054267067
within_line_across_drug,null,0.038993474
within_line_across_drug,null,0.052547943
within_line_across_drug,null,-0.025466949
within_line_across_drug,null,-0.0019802437
within_line_across_drug,null,-0.009715908
within_line_across_drug,null,-0.03012085
within_line_across_drug,null,0.062842734
within_line_across_drug,null,0.032452237
within_line_across_drug,null,0.008887253
within_line_across_drug,null,0.044778656
within_line_across_drug,null,-0.042163927
within_line_across_drug,null,-0.011598233
within_line_across_drug,null,-0.0154365925
within_line_across_drug,null,-0.019743288
within_line_across_drug,null,0.016852718
within_line_across_drug,null,-0.022497278
within_line_across_drug,null,0.03394136
within_line_across_drug,null,-0.022940196
within_line_across_drug,null,0.0036345161
within_line_across_drug,null,-0.03909715
within_line_across_drug,null,-0.0029105763
within_line_across_drug,null,0.030913664
within_line_across_drug,null,0.01026909
within_line_across_drug,null,0.0062148664
within_line_across_drug,null,0.015932849
within_line_across_drug,null,-0.017156292
within_line_across_drug,null,-0.008370385
within_line_across_drug,null,-0.0038004422
within_line_across_drug,null,0.0137130525
within_line_across_drug,null,-0.075859174
within_line_across_drug,null,0.007045611
within_line_across_drug,null,-0.01946803
within_line_across_drug,null,-0.024472618
within_line_across_drug,null,-0.0015887513
within_line_across_drug,null,-0.009890646
within_line_across_drug,null,-0.02183301
within_line_across_drug,null,0.003971927
within_line_across_drug,null,0.040186983
within_line_across_drug,null,0.0019100151
within_line_across_drug,null,-0.015845338
within_line_across_drug,null,-0.00018779715
within_line_across_drug,null,0.090818666
within_line_across_drug,null,0.02192239
within_line_across_drug,null,-0.0057278043
within_line_across_drug,null,0.07016518
within_drug_across_line,observed,0.03433869
within_drug_across_line,observed,0.011865727
within_drug_across_line,observed,0.022689566
within_drug_across_line,observed,0.015378344
within_drug_across_line,observed,-0.013911209
within_drug_across_line,observed,-0.022019742
within_drug_across_line,observed,-0.029063284
within_drug_across_line,observed,-0.050049312
within_drug_across_line,observed,-0.05168516
within_drug_across_line,observed,-0.038442623
within_drug_across_line,observed,-0.04985276
within_drug_across_line,observed,-0.014170832
within_drug_across_line,observed,-0.040975578
within_drug_across_line,observed,0.0024971091
within_drug_across_line,observed,-6.174409e-05
within_drug_across_line,observed,-0.0028819405
within_drug_across_line,observed,-0.030041995
within_drug_across_line,observed,0.0046490026
within_drug_across_line,observed,-0.0065187193
within_drug_across_line,observed,-0.029159931
within_drug_across_line,observed,-0.033198453
within_drug_across_line,observed,0.027770398
within_drug_across_line,observed,-0.004044109
within_drug_across_line,observed,0.09451274
within_drug_across_line,observed,-0.0020283968
within_drug_across_line,observed,-0.0436719
within_drug_across_line,observed,-0.06458172
within_drug_across_line,observed,-0.06716017
within_drug_across_line,observed,0.06146873
within_drug_across_line,observed,-0.011255558
within_drug_across_line,observed,0.023462389
within_drug_across_line,observed,0.031195875
within_drug_across_line,observed,0.026293695
within_drug_across_line,observed,0.015970284
within_drug_across_line,observed,-0.0049407403
within_drug_across_line,observed,-0.04303382
within_drug_across_line,observed,-0.021400113
within_drug_across_line,observed,-0.0081751505
within_drug_across_line,observed,-0.010826184
within_drug_across_line,observed,0.020098835
within_drug_across_line,observed,0.026777226
within_drug_across_line,observed,-0.05844864
within_drug_across_line,observed,0.0143477945
within_drug_across_line,observed,-0.065481864
within_drug_across_line,observed,-0.0028894374
within_drug_across_line,observed,0.091363296
within_drug_across_line,observed,-0.023923377
within_drug_across_line,observed,-0.03365377
within_drug_across_line,observed,0.009500797
within_drug_across_line,observed,0.017134542
within_drug_across_line,observed,-0.067223266
within_drug_across_line,observed,-0.055816412
within_drug_across_line,observed,-0.03533417
within_drug_across_line,observed,0.0040409267
within_drug_across_line,observed,0.09547676
within_drug_across_line,observed,-0.014678766
within_drug_across_line,observed,-0.097043715
within_drug_across_line,observed,-0.01547182
within_drug_across_line,observed,-0.009352491
within_drug_across_line,observed,-0.0038469012
within_drug_across_line,observed,-0.022303851
within_drug_across_line,observed,0.010579921
within_drug_across_line,observed,-0.008726203
within_drug_across_line,observed,0.01646301
within_drug_across_line,observed,0.033779383
within_drug_across_line,observed,0.06754183
within_drug_across_line,observed,-0.039484475
within_drug_across_line,observed,0.038291793
within_drug_across_line,observed,-0.037189715
within_drug_across_line,observed,-0.028700057
within_drug_across_line,observed,0.089422956
within_drug_across_line,observed,-0.027816359
within_drug_across_line,observed,-0.0593581
within_drug_across_line,observed,0.0275765
within_drug_across_line,observed,0.06192793
within_drug_across_line,observed,-0.018802581
within_drug_across_line,observed,0.020629892
within_drug_across_line,observed,-0.026794411
within_drug_across_line,observed,-0.032400876
within_drug_across_line,observed,0.04696745
within_drug_across_line,observed,-0.054551125
within_drug_across_line,observed,0.0098643
within_drug_across_line,observed,0.12596186
within_drug_across_line,observed,-0.06227231
within_drug_across_line,observed,-0.0054818117
within_drug_across_line,observed,-0.0035211002
within_drug_across_line,observed,0.010458123
within_drug_across_line,observed,0.019577429
within_drug_across_line,observed,0.011919727
within_drug_across_line,observed,0.06942624
within_drug_across_line,observed,0.0075573954
within_drug_across_line,observed,0.014826721
within_drug_across_line,observed,0.06445544
within_drug_across_line,observed,-0.013937046
within_drug_across_line,observed,-0.046957057
within_drug_across_line,observed,0.0050174235
within_drug_across_line,observed,-0.007720757
within_drug_across_line,observed,0.020772783
within_drug_across_line,observed,-0.056320596
within_drug_across_line,observed,0.054469034
within_drug_across_line,observed,-0.030728277
within_drug_across_line,observed,-0.023678035
within_drug_across_line,observed,-0.0033415966
within_drug_across_line,observed,-0.0005611716
within_drug_across_line,observed,0.07393344
within_drug_across_line,observed,0.0023114749
within_drug_across_line,observed,0.0060698134
within_drug_across_line,observed,0.036456566
within_drug_across_line,observed,-0.021191202
within_drug_across_line,observed,-0.06283609
within_drug_across_line,observed,-0.021191202
within_drug_across_line,observed,0.018357193
within_drug_across_line,observed,0.018248225
within_drug_across_line,observed,-0.026419304
within_drug_across_line,observed,-0.027248438
within_drug_across_line,observed,0.0107858945
within_drug_across_line,observed,0.011430523
within_drug_across_line,observed,-0.038582314
within_drug_across_line,observed,0.019647362
within_drug_across_line,observed,0.029546171
within_drug_across_line,observed,-0.024895646
within_drug_across_line,observed,-0.00091257837
within_drug_across_line,observed,-0.08160951
within_drug_across_line,observed,0.0096689435
within_drug_across_line,observed,-0.033244226
within_drug_across_line,observed,0.03790174
within_drug_across_line,observed,0.05029776
within_drug_across_line,observed,-0.0367894
within_drug_across_line,observed,-0.014881925
within_drug_across_line,observed,0.011135473
within_drug_across_line,observed,-0.0004932202
within_drug_across_line,observed,0.05303445
within_drug_across_line,observed,0.013705899
within_drug_across_line,observed,-0.0583252
within_drug_across_line,observed,-0.006954129
within_drug_across_line,observed,-0.028533434
within_drug_across_line,observed,0.003834787
within_drug_across_line,observed,-0.045627154
within_drug_across_line,observed,0.023171928
within_drug_across_line,observed,-0.04571725
within_drug_across_line,observed,-0.04067566
within_drug_across_line,observed,0.0093598915
within_drug_across_line,observed,0.09150309
within_drug_across_line,observed,-0.051661044
within_drug_across_line,observed,-0.031193906
within_drug_across_line,observed,-0.04185357
within_drug_across_line,observed,0.03569865
within_drug_across_line,observed,-0.025755951
within_drug_across_line,observed,-0.05491525
within_drug_across_line,observed,-0.02714383
within_drug_across_line,observed,0.041612808
within_drug_across_line,observed,-0.14726032
within_drug_across_line,observed,-0.036707897
within_drug_across_line,observed,-0.010569447
within_drug_across_line,observed,-0.02691091
within_drug_across_line,observed,-0.013476536
within_drug_across_line,observed,-0.065501414
within_drug_across_line,observed,-0.011172096
within_drug_across_line,observed,-0.045002602
within_drug_across_line,observed,-0.00058253447
within_drug_across_line,observed,-0.009718535
within_drug_across_line,observed,0.010341102
within_drug_across_line,observed,0.0073278174
within_drug_across_line,observed,-0.023632502
within_drug_across_line,observed,-0.009910559
within_drug_across_line,observed,-0.039894473
within_drug_across_line,observed,0.0034619041
within_drug_across_line,observed,-0.010936727
within_drug_across_line,observed,0.018221188
within_drug_across_line,observed,-0.03717629
within_drug_across_line,observed,-0.01072554
within_drug_across_line,observed,0.028120087
within_drug_across_line,observed,0.06559382
within_drug_across_line,observed,0.013575651
within_drug_across_line,observed,0.010088457
within_drug_across_line,observed,0.004935756
within_drug_across_line,observed,-0.08642913
within_drug_across_line,observed,0.027594674
within_drug_across_line,observed,0.005237717
within_drug_across_line,observed,-0.004360278
within_drug_across_line,observed,-0.034859646
within_drug_across_line,observed,0.018793205
within_drug_across_line,observed,-0.008336146
within_drug_across_line,observed,0.028888263
within_drug_across_line,observed,0.0506319
within_drug_across_line,observed,-0.020556966
within_drug_across_line,observed,-0.0070910705
within_drug_across_line,observed,0.011269268
within_drug_across_line,observed,-0.023087077
within_drug_across_line,observed,0.032692067
within_drug_across_line,observed,-0.06113553
within_drug_across_line,observed,-0.058370244
within_drug_across_line,observed,0.018411763
within_drug_across_line,observed,-0.024233993
within_drug_across_line,observed,0.025953121
within_drug_across_line,observed,0.038496677
within_drug_across_line,observed,-0.01972462
within_drug_across_line,observed,0.029655466
within_drug_across_line,observed,-0.039401524
within_drug_across_line,observed,-0.01186971
within_drug_across_line,observed,-0.02202678
within_drug_across_line,observed,-0.01789055
within_drug_across_line,observed,0.02278296
within_drug_across_line,observed,0.08471943
within_drug_across_line,observed,0.053015653
within_drug_across_line,observed,0.006462413
within_drug_across_line,observed,0.025985245
within_drug_across_line,observed,0.21520951
within_drug_across_line,observed,0.021979937
within_drug_across_line,observed,-0.022388874
within_drug_across_line,observed,0.0022892274
within_drug_across_line,observed,-0.0009853429
within_drug_across_line,observed,0.018328428
within_drug_across_line,observed,-0.0025886137
within_drug_across_line,observed,0.01261105
within_drug_across_line,observed,0.040871475
within_drug_across_line,observed,0.016210351
within_drug_across_line,observed,0.059950635
within_drug_across_line,observed,-0.09537786
within_drug_across_line,observed,0.04357903
within_drug_across_line,observed,0.0675766
within_drug_across_line,observed,-0.013172585
within_drug_across_line,observed,-0.021386147
within_drug_across_line,observed,-0.024590315
within_drug_across_line,observed,-0.0922595
within_drug_across_line,observed,-0.005349081
within_drug_across_line,observed,-0.023277586
within_drug_across_line,observed,-0.0014940804
within_drug_across_line,observed,-0.04332335
within_drug_across_line,observed,-0.022453068
within_drug_across_line,observed,-0.004108867
within_drug_across_line,observed,-0.030280365
within_drug_across_line,observed,-0.10522933
within_drug_across_line,observed,-0.051668495
within_drug_across_line,observed,-0.00062383735
within_drug_across_line,observed,0.010279074
within_drug_across_line,observed,-0.020735836
within_drug_across_line,observed,-0.049455665
within_drug_across_line,observed,0.0092137605
within_drug_across_line,observed,-0.043602753
within_drug_across_line,observed,0.022310989
within_drug_across_line,observed,0.0107054105
within_drug_across_line,observed,-0.004940216
within_drug_across_line,observed,-0.038934283
within_drug_across_line,observed,0.033326108
within_drug_across_line,observed,-0.03364173
within_drug_across_line,observed,-0.021141324
within_drug_across_line,observed,0.009311584
within_drug_across_line,observed,-0.005312978
within_drug_across_line,observed,-0.020694736
within_drug_across_line,observed,0.005931295
within_drug_across_line,observed,-0.013192208
within_drug_across_line,observed,0.02782591
within_drug_across_line,observed,0.016939463
within_drug_across_line,observed,-0.0006883907
within_drug_across_line,observed,0.014070835
within_drug_across_line,observed,-0.030125316
within_drug_across_line,observed,0.009296437
within_drug_across_line,observed,-0.014784523
within_drug_across_line,observed,-0.026562147
within_drug_across_line,observed,0.039339848
within_drug_across_line,observed,0.022307629
within_drug_across_line,observed,-0.0018349482
within_drug_across_line,observed,0.006236375
within_drug_across_line,observed,0.024033181
within_drug_across_line,observed,-0.008691983
within_drug_across_line,observed,-0.035713926
within_drug_across_line,observed,0.053347334
within_drug_across_line,observed,-0.03608054
within_drug_across_line,observed,0.0018328188
within_drug_across_line,observed,-0.0459902
within_drug_across_line,observed,0.05062024
within_drug_across_line,observed,-0.08065755
within_drug_across_line,observed,0.06799128
within_drug_across_line,observed,0.0035352735
within_drug_across_line,observed,-0.032857846
within_drug_across_line,observed,-0.016976573
within_drug_across_line,observed,-0.0063383034
within_drug_across_line,observed,-0.015849425
within_drug_across_line,observed,0.03108026
within_drug_across_line,observed,-0.005978813
within_drug_across_line,observed,-0.021031225
within_drug_across_line,observed,-0.015362069
within_drug_across_line,observed,-0.05218895
within_drug_across_line,observed,-0.02547923
within_drug_across_line,observed,-0.036406092
within_drug_across_line,observed,0.06339407
within_drug_across_line,observed,-0.0035046595
within_drug_across_line,observed,-0.013819363
within_drug_across_line,observed,-0.07526308
within_drug_across_line,observed,0.01238977
within_drug_across_line,observed,-0.020487305
within_drug_across_line,observed,-0.04417192
within_drug_across_line,observed,0.056981273
within_drug_across_line,observed,-0.062924534
within_drug_across_line,observed,-0.008014492
within_drug_across_line,observed,-0.023697749
within_drug_across_line,observed,0.023123583
within_drug_across_line,observed,-0.04266328
within_drug_across_line,observed,0.031884436
within_drug_across_line,observed,0.017941011
within_drug_across_line,observed,-0.0058564106
within_drug_across_line,observed,0.080692895
within_drug_across_line,observed,0.06535088
within_drug_across_line,observed,-0.037571978
within_drug_across_line,observed,-0.030406088
within_drug_across_line,observed,0.011812967
within_drug_across_line,observed,-0.018578557
within_drug_across_line,observed,0.046338268
within_drug_across_line,observed,-0.026499469
within_drug_across_line,observed,-0.014389262
within_drug_across_line,observed,0.0067440867
within_drug_across_line,observed,0.008217735
within_drug_across_line,observed,0.03435199
within_drug_across_line,observed,-0.05277059
within_drug_across_line,observed,0.0018021432
within_drug_across_line,observed,0.0062500373
within_drug_across_line,observed,0.031323545
within_drug_across_line,observed,0.043269444
within_drug_across_line,observed,0.04599602
within_drug_across_line,observed,-0.013188235
within_drug_across_line,observed,-0.01486266
within_drug_across_line,observed,-0.02998361
within_drug_across_line,observed,-0.004061208
within_drug_across_line,observed,-0.055586495
within_drug_across_line,observed,-0.0030588305
within_drug_across_line,observed,0.002661512
within_drug_across_line,observed,-0.118177
within_drug_across_line,observed,-0.014106186
within_drug_across_line,observed,-0.021118836
within_drug_across_line,observed,0.116851404
within_drug_across_line,observed,-0.014309898
within_drug_across_line,observed,-0.003665941
within_drug_across_line,observed,0.0025007122
within_drug_across_line,observed,-0.00091871823
within_drug_across_line,observed,0.07182788
within_drug_across_line,observed,0.038142905
within_drug_across_line,observed,-0.03787105
within_drug_across_line,observed,0.0534203
within_drug_across_line,observed,0.1216499
within_drug_across_line,observed,-0.048299197
within_drug_across_line,observed,-0.015705029
within_drug_across_line,observed,-0.021754872
within_drug_across_line,observed,0.057316218
within_drug_across_line,observed,-0.003829069
within_drug_across_line,observed,0.026339417
within_drug_across_line,observed,0.010937296
within_drug_across_line,observed,0.013174416
within_drug_across_line,observed,-0.018293375
within_drug_across_line,observed,0.0025697334
within_drug_across_line,observed,-0.14260162
within_drug_across_line,observed,0.030065529
within_drug_across_line,observed,-0.03790128
within_drug_across_line,observed,-0.0015410229
within_drug_across_line,observed,-0.0019333446
within_drug_across_line,observed,-0.009324954
within_drug_across_line,observed,0.025052318
within_drug_across_line,observed,0.068489656
within_drug_across_line,observed,-0.0056315674
within_drug_across_line,observed,-0.048340905
within_drug_across_line,observed,-0.03677845
within_drug_across_line,observed,0.014564312
within_drug_across_line,observed,0.00090396026
within_drug_across_line,observed,0.0043311953
within_drug_across_line,observed,0.010896338
within_drug_across_line,observed,0.007047807
within_drug_across_line,observed,0.029501446
within_drug_across_line,observed,-0.0070396718
within_drug_across_line,observed,-0.030093156
within_drug_across_line,observed,0.0126980785
within_drug_across_line,observed,-0.05215057
within_drug_across_line,observed,0.02994574
within_drug_across_line,observed,-0.008740794
within_drug_across_line,observed,-0.004666402
within_drug_across_line,observed,-0.036234036
within_drug_across_line,observed,-0.0069241845
within_drug_across_line,observed,-0.039682448
within_drug_across_line,observed,0.037777632
within_drug_across_line,observed,0.026344262
within_drug_across_line,observed,-0.021822164
within_drug_across_line,observed,-0.029579176
within_drug_across_line,observed,-0.030616151
within_drug_across_line,observed,0.016887924
within_drug_across_line,observed,-0.017333198
within_drug_across_line,observed,-0.059287895
within_drug_across_line,observed,-0.0273872
within_drug_across_line,observed,-0.02865393
within_drug_across_line,observed,-0.0073334114
within_drug_across_line,observed,0.0020726302
within_drug_across_line,observed,-0.00088632735
within_drug_across_line,observed,-0.00040055183
within_drug_across_line,observed,-0.027688967
within_drug_across_line,observed,-0.019741539
within_drug_across_line,observed,0.016079143
within_drug_across_line,observed,-0.04221342
within_drug_across_line,observed,-0.021373186
within_drug_across_line,observed,-0.024776144
within_drug_across_line,observed,0.0066341576
within_drug_across_line,observed,-0.06366826
within_drug_across_line,observed,0.025429651
within_drug_across_line,observed,0.0040565482
within_drug_across_line,observed,0.0067352625
within_drug_across_line,observed,-0.03425781
within_drug_across_line,observed,-0.015693968
within_drug_across_line,observed,-0.029860994
within_drug_across_line,observed,-0.01883015
within_drug_across_line,observed,0.03538899
within_drug_across_line,observed,-0.010953684
within_drug_across_line,observed,-0.01832694
within_drug_across_line,observed,-0.019469764
within_drug_across_line,observed,-0.030330462
within_drug_across_line,observed,-0.0637535
within_drug_across_line,observed,0.036594614
within_drug_across_line,observed,0.00092289504
within_drug_across_line,observed,0.021456735
within_drug_across_line,observed,-0.006710959
within_drug_across_line,observed,0.0064663524
within_drug_across_line,observed,0.030690752
within_drug_across_line,observed,-0.0024096924
within_drug_across_line,observed,0.061792206
within_drug_across_line,observed,-0.008104349
within_drug_across_line,observed,0.050093543
within_drug_across_line,observed,-0.064107805
within_drug_across_line,observed,-0.01661702
within_drug_across_line,observed,-0.0031262753
within_drug_across_line,observed,-0.021763498
within_drug_across_line,observed,0.0056584757
within_drug_across_line,observed,-0.015228197
within_drug_across_line,observed,0.013439952
within_drug_across_line,observed,-0.026380163
within_drug_across_line,observed,0.031511724
within_drug_across_line,observed,-0.014395357
within_drug_across_line,observed,-0.062047444
within_drug_across_line,observed,0.021907736
within_drug_across_line,observed,-0.032391623
within_drug_across_line,observed,-0.02551798
within_drug_across_line,observed,-0.037311595
within_drug_across_line,observed,-0.016486282
within_drug_across_line,observed,-0.115048975
within_drug_across_line,observed,-0.003941953
within_drug_across_line,observed,0.02501991
within_drug_across_line,observed,0.0036324286
within_drug_across_line,observed,-0.03701871
within_drug_across_line,observed,-0.01147458
within_drug_across_line,observed,-0.02676873
within_drug_across_line,observed,-0.0232735
within_drug_across_line,observed,0.011894699
within_drug_across_line,observed,0.020949103
within_drug_across_line,observed,0.010080922
within_drug_across_line,observed,0.0006726905
within_drug_across_line,observed,-0.0067960727
within_drug_across_line,observed,0.03794324
within_drug_across_line,observed,-0.0032697136
within_drug_across_line,observed,0.03685261
within_drug_across_line,observed,0.021410491
within_drug_across_line,observed,0.017935963
within_drug_across_line,observed,-0.01851809
within_drug_across_line,observed,0.02846843
within_drug_across_line,observed,0.02750244
within_drug_across_line,observed,0.009164021
within_drug_across_line,observed,-0.013235602
within_drug_across_line,observed,-0.0021212553
within_drug_across_line,observed,0.04774331
within_drug_across_line,observed,0.003263407
within_drug_across_line,observed,0.016233817
within_drug_across_line,observed,0.01412786
within_drug_across_line,observed,-0.01312606
within_drug_across_line,observed,-0.034241326
within_drug_across_line,observed,0.034032825
within_drug_across_line,observed,0.011635405
within_drug_across_line,observed,0.019263996
within_drug_across_line,observed,-0.07699914
within_drug_across_line,observed,0.0317452
within_drug_across_line,observed,0.032612413
within_drug_across_line,observed,0.033545166
within_drug_across_line,observed,-0.029077014
within_drug_across_line,observed,0.07382066
within_drug_across_line,observed,0.022442704
within_drug_across_line,observed,-0.0053787925
within_drug_across_line,observed,-0.0150554525
within_drug_across_line,observed,-0.029605089
within_drug_across_line,observed,0.020218916
within_drug_across_line,observed,0.009874044
within_drug_across_line,observed,0.025478097
within_drug_across_line,observed,-0.017170442
within_drug_across_line,observed,-0.012932602
within_drug_across_line,observed,-0.0565902
within_drug_across_line,observed,-0.01885114
within_drug_across_line,observed,0.041360203
within_drug_across_line,observed,0.044094697
within_drug_across_line,observed,-0.0055456106
within_drug_across_line,observed,0.022003422
within_drug_across_line,observed,-0.011689815
within_drug_across_line,observed,-0.0066982405
within_drug_across_line,observed,-0.01270868
within_drug_across_line,observed,-0.060103513
within_drug_across_line,observed,0.018622681
within_drug_across_line,observed,0.07267722
within_drug_across_line,observed,0.005025313
within_drug_across_line,observed,-0.06334138
within_drug_across_line,observed,0.00077888026
within_drug_across_line,observed,-0.051939473
within_drug_across_line,observed,0.01362596
within_drug_across_line,observed,-0.058524936
within_drug_across_line,observed,0.061572213
within_drug_across_line,observed,0.056871545
within_drug_across_line,observed,0.06372195
within_drug_across_line,observed,0.00013032013
within_drug_across_line,observed,-0.0059543303
within_drug_across_line,observed,-0.002226015
within_drug_across_line,observed,0.0017522896
within_drug_across_line,observed,-0.0088341525
within_drug_across_line,observed,0.046864517
within_drug_across_line,observed,0.016048871
within_drug_across_line,observed,-0.0497853
within_drug_across_line,observed,-0.062022097
within_drug_across_line,observed,-0.0033061286
within_drug_across_line,observed,0.010584244
within_drug_across_line,observed,0.023024546
within_drug_across_line,observed,0.02047232
within_drug_across_line,observed,-0.12064244
within_drug_across_line,observed,0.021149086
within_drug_across_line,observed,-0.004482881
within_drug_across_line,observed,0.0010326036
within_drug_across_line,observed,-0.052611966
within_drug_across_line,observed,0.039100356
within_drug_across_line,observed,-0.028029839
within_drug_across_line,observed,0.074772544
within_drug_across_line,observed,-0.055298988
within_drug_across_line,observed,-0.055630185
within_drug_across_line,observed,-0.05425558
within_drug_across_line,observed,-0.08447719
within_drug_across_line,observed,-0.036112666
within_drug_across_line,observed,0.02312012
within_drug_across_line,observed,-0.015000567
within_drug_across_line,observed,0.07799387
within_drug_across_line,observed,-0.060595524
within_drug_across_line,observed,0.05066605
within_drug_across_line,observed,-0.039208926
within_drug_across_line,observed,-0.045311514
within_drug_across_line,observed,0.10617171
within_drug_across_line,observed,-0.077012226
within_drug_across_line,observed,0.037655458
within_drug_across_line,observed,0.0476982
within_drug_across_line,observed,-0.024866724
within_drug_across_line,observed,-0.05449644
within_drug_across_line,observed,-0.16164134
within_drug_across_line,observed,-0.052826338
within_drug_across_line,observed,-0.04511452
within_drug_across_line,observed,-0.022132989
within_drug_across_line,observed,-0.05572159
within_drug_across_line,observed,-0.000104423234
within_drug_across_line,observed,-0.019591331
within_drug_across_line,observed,-0.015752362
within_drug_across_line,observed,-0.049406663
within_drug_across_line,observed,-0.049465563
within_drug_across_line,observed,-0.026604794
within_drug_across_line,observed,0.019865096
within_drug_across_line,observed,0.04873716
within_drug_across_line,observed,0.049115784
within_drug_across_line,observed,-0.11707401
within_drug_across_line,observed,-0.00671599
within_drug_across_line,observed,0.06305257
within_drug_across_line,observed,-0.06904603
within_drug_across_line,observed,-0.046355236
within_drug_across_line,observed,0.01589964
within_drug_across_line,observed,-0.001757526
within_drug_across_line,observed,0.0483954
within_drug_across_line,observed,-0.111732
within_drug_across_line,observed,-0.0051225424
within_drug_across_line,observed,0.017102852
within_drug_across_line,observed,0.004605558
within_drug_across_line,observed,-0.054538123
within_drug_across_line,observed,-0.064523265
within_drug_across_line,observed,-0.07317771
within_drug_across_line,observed,-0.06261716
within_drug_across_line,observed,-0.015078114
within_drug_across_line,observed,-0.04906505
within_drug_across_line,observed,0.0046635955
within_drug_across_line,observed,-0.066503055
within_drug_across_line,observed,0.0036022377
within_drug_across_line,observed,0.12055852
within_drug_across_line,observed,0.035840534
within_drug_across_line,observed,-0.06006415
within_drug_across_line,observed,-0.004941669
within_drug_across_line,observed,-0.0073216134
within_drug_across_line,observed,-0.052719004
within_drug_across_line,observed,-0.0042094416
within_drug_across_line,observed,0.09204869
within_drug_across_line,observed,-0.024319306
within_drug_across_line,observed,-0.015804166
within_drug_across_line,observed,0.008937569
within_drug_across_line,observed,0.033383086
within_drug_across_line,observed,-0.00074604066
within_drug_across_line,observed,-0.010054861
within_drug_across_line,observed,-0.04320711
within_drug_across_line,observed,0.037153374
within_drug_across_line,observed,-0.043777574
within_drug_across_line,observed,0.040855125
within_drug_across_line,observed,-0.030250838
within_drug_across_line,observed,-0.015346404
within_drug_across_line,observed,-0.01101997
within_drug_across_line,observed,-0.004196032
within_drug_across_line,observed,-0.023257893
within_drug_across_line,observed,-0.01871026
within_drug_across_line,observed,0.01940596
within_drug_across_line,observed,-0.009846543
within_drug_across_line,observed,0.023273733
within_drug_across_line,observed,-0.029493159
within_drug_across_line,observed,-0.020452857
within_drug_across_line,observed,-0.009412282
within_drug_across_line,observed,-0.04984246
within_drug_across_line,observed,-0.01242855
within_drug_across_line,observed,-0.087791495
within_drug_across_line,observed,-0.04403727
within_drug_across_line,observed,-0.04251268
within_drug_across_line,observed,-0.009464536
within_drug_across_line,observed,0.001055479
within_drug_across_line,observed,0.0046412265
within_drug_across_line,observed,-0.06789433
within_drug_across_line,observed,-0.022879079
within_drug_across_line,observed,-0.01583076
within_drug_across_line,observed,0.0024820536
within_drug_across_line,observed,0.03951111
within_drug_across_line,observed,0.041034777
within_drug_across_line,observed,-0.012055807
within_drug_across_line,observed,-0.008984004
within_drug_across_line,observed,-0.022392701
within_drug_across_line,observed,-0.018730897
within_drug_across_line,observed,-0.03287749
within_drug_across_line,observed,-0.015081568
within_drug_across_line,observed,-0.01573243
within_drug_across_line,observed,0.01933924
within_drug_across_line,observed,-0.06355829
within_drug_across_line,observed,0.039664388
within_drug_across_line,observed,0.0032107844
within_drug_across_line,observed,-0.08899624
within_drug_across_line,observed,-0.06064969
within_drug_across_line,observed,0.022914166
within_drug_across_line,observed,0.07401634
within_drug_across_line,observed,0.0007724761
within_drug_across_line,observed,-0.030719819
within_drug_across_line,observed,-0.009326305
within_drug_across_line,observed,0.006230473
within_drug_across_line,observed,-0.011285636
within_drug_across_line,observed,0.014657601
within_drug_across_line,observed,0.026493624
within_drug_across_line,observed,0.015338452
within_drug_across_line,observed,0.013830171
within_drug_across_line,observed,-0.011718483
within_drug_across_line,observed,0.008782044
within_drug_across_line,observed,-0.04159671
within_drug_across_line,observed,-0.005821726
within_drug_across_line,observed,0.03664215
within_drug_across_line,observed,0.027095776
within_drug_across_line,observed,0.0052772495
within_drug_across_line,observed,-0.030733353
within_drug_across_line,observed,0.026006296
within_drug_across_line,observed,-0.065985456
within_drug_across_line,observed,-0.0338501
within_drug_across_line,observed,0.014128058
within_drug_across_line,observed,-0.01908028
within_drug_across_line,observed,-0.014074736
within_drug_across_line,observed,0.019673644
within_drug_across_line,observed,-0.0044952813
within_drug_across_line,observed,-0.05302989
within_drug_across_line,observed,-0.015100787
within_drug_across_line,observed,-0.034712598
within_drug_across_line,observed,-0.091490865
within_drug_across_line,observed,-0.009108714
within_drug_across_line,observed,-0.038035728
within_drug_across_line,observed,-0.038308475
within_drug_across_line,observed,-0.03699153
within_drug_across_line,observed,-0.0042561395
within_drug_across_line,observed,-0.026133291
within_drug_across_line,observed,-0.0058495426
within_drug_across_line,observed,0.0049346485
within_drug_across_line,observed,-0.09576593
within_drug_across_line,observed,0.018473586
within_drug_across_line,observed,-0.04624679
within_drug_across_line,observed,-0.008122612
within_drug_across_line,observed,-0.0190498
within_drug_across_line,observed,-0.016838282
within_drug_across_line,observed,-0.014857989
within_drug_across_line,observed,-0.025399664
within_drug_across_line,observed,-0.07732356
within_drug_across_line,observed,0.0031399664
within_drug_across_line,observed,0.047814216
within_drug_across_line,observed,-0.013865188
within_drug_across_line,observed,0.028629068
within_drug_across_line,observed,-0.017579064
within_drug_across_line,observed,0.0032580288
within_drug_across_line,observed,0.009702156
within_drug_across_line,observed,-0.019862665
within_drug_across_line,observed,-0.03266277
within_drug_across_line,observed,-0.019073233
within_drug_across_line,observed,-0.018317977
within_drug_across_line,observed,-0.05042728
within_drug_across_line,observed,-0.009795707
within_drug_across_line,observed,0.025675116
within_drug_across_line,observed,0.00028149947
within_drug_across_line,observed,-0.079492874
within_drug_across_line,observed,0.0015852017
within_drug_across_line,observed,-0.03091782
within_drug_across_line,observed,0.0045442157
within_drug_across_line,observed,0.010183562
within_drug_across_line,observed,0.004712618
within_drug_across_line,observed,-0.043775205
within_drug_across_line,observed,0.026333494
within_drug_across_line,observed,0.0131263025
within_drug_across_line,observed,0.048537403
within_drug_across_line,observed,-0.002043129
within_drug_across_line,observed,-0.0044647017
within_drug_across_line,observed,0.009944909
within_drug_across_line,observed,0.0046460885
within_drug_across_line,observed,0.009960261
within_drug_across_line,observed,0.01334737
within_drug_across_line,observed,-0.00898663
within_drug_across_line,observed,-0.022769883
within_drug_across_line,observed,-0.016468082
within_drug_across_line,observed,-0.017340532
within_drug_across_line,observed,0.021869233
within_drug_across_line,observed,-0.0058748666
within_drug_across_line,observed,0.023380324
within_drug_across_line,observed,0.0112147825
within_drug_across_line,observed,-0.022581004
within_drug_across_line,observed,-0.038222007
within_drug_across_line,observed,-0.020108543
within_drug_across_line,observed,-0.028933978
within_drug_across_line,observed,0.030414421
within_drug_across_line,observed,0.009232591
within_drug_across_line,observed,0.017979395
within_drug_across_line,observed,0.011974071
within_drug_across_line,observed,0.03152294
within_drug_across_line,observed,0.023005769
within_drug_across_line,observed,-0.031317797
within_drug_across_line,observed,0.051260207
within_drug_across_line,observed,0.02246422
within_drug_across_line,observed,-0.009840598
within_drug_across_line,observed,0.002541013
within_drug_across_line,observed,0.007532456
within_drug_across_line,observed,0.089761764
within_drug_across_line,observed,-0.103514776
within_drug_across_line,observed,0.015994895
within_drug_across_line,observed,0.0089867255
within_drug_across_line,observed,-0.05844158
within_drug_across_line,observed,0.012962665
within_drug_across_line,observed,-0.025401033
within_drug_across_line,observed,-0.0069743395
within_drug_across_line,observed,0.01712293
within_drug_across_line,observed,0.04131178
within_drug_across_line,observed,0.0082554575
within_drug_across_line,observed,-0.14155588
within_drug_across_line,observed,-0.09285885
within_drug_across_line,observed,-0.010762194
within_drug_across_line,observed,0.018491147
within_drug_across_line,observed,0.02963329
within_drug_across_line,observed,-0.019389218
within_drug_across_line,observed,0.00015310159
within_drug_across_line,observed,0.015324587
within_drug_across_line,observed,-0.027010767
within_drug_across_line,observed,0.051911984
within_drug_across_line,observed,0.006957852
within_drug_across_line,observed,-0.0006401948
within_drug_across_line,observed,0.01295016
within_drug_across_line,observed,0.061081167
within_drug_across_line,observed,-0.05910402
within_drug_across_line,observed,-0.022497708
within_drug_across_line,observed,0.0034225658
within_drug_across_line,observed,-0.13556218
within_drug_across_line,observed,-0.037756957
within_drug_across_line,observed,0.04584887
within_drug_across_line,observed,0.050031524
within_drug_across_line,observed,-0.006230105
within_drug_across_line,observed,-0.008330289
within_drug_across_line,observed,0.0075707342
within_drug_across_line,observed,-0.093118966
within_drug_across_line,observed,0.0057951487
within_drug_across_line,observed,-0.0069949245
within_drug_across_line,observed,-0.06192271
within_drug_across_line,observed,0.016196772
within_drug_across_line,observed,0.05109401
within_drug_across_line,observed,-0.024276022
within_drug_across_line,observed,0.06311164
within_drug_across_line,observed,-0.06918621
within_drug_across_line,observed,0.04728808
within_drug_across_line,observed,0.034024764
within_drug_across_line,observed,-0.022959074
within_drug_across_line,observed,0.011279165
within_drug_across_line,observed,-0.042790323
within_drug_across_line,observed,0.08752262
within_drug_across_line,observed,-0.03312323
within_drug_across_line,observed,0.009354501
within_drug_across_line,observed,-0.015123723
within_drug_across_line,observed,0.084566325
within_drug_across_line,observed,0.0025351052
within_drug_across_line,observed,-0.016055297
within_drug_across_line,observed,0.009303631
within_drug_across_line,observed,0.05376928
within_drug_across_line,observed,-0.03550943
within_drug_across_line,observed,0.003498286
within_drug_across_line,observed,-0.027342852
within_drug_across_line,observed,-0.07882557
within_drug_across_line,observed,-0.013164785
within_drug_across_line,observed,-0.036617566
within_drug_across_line,observed,0.024043575
within_drug_across_line,observed,-0.030892797
within_drug_across_line,observed,0.041841656
within_drug_across_line,observed,-0.027594415
within_drug_across_line,observed,-0.006637412
within_drug_across_line,observed,0.0010294373
within_drug_across_line,observed,-0.03671443
within_drug_across_line,observed,-0.07588046
within_drug_across_line,observed,0.0032758447
within_drug_across_line,observed,-0.008413701
within_drug_across_line,observed,0.013255611
within_drug_across_line,observed,-0.114818655
within_drug_across_line,observed,-0.032097913
within_drug_across_line,observed,-0.03805215
within_drug_across_line,observed,-0.061455358
within_drug_across_line,observed,0.024500005
within_drug_across_line,observed,0.007933223
within_drug_across_line,observed,-0.082156114
within_drug_across_line,observed,0.00713735
within_drug_across_line,observed,-0.008120873
within_drug_across_line,observed,-0.034014452
within_drug_across_line,observed,-0.0021806175
within_drug_across_line,observed,0.068412706
within_drug_across_line,observed,-0.033246838
within_drug_across_line,observed,0.000413618
within_drug_across_line,observed,0.0012822651
within_drug_across_line,observed,-0.040725086
within_drug_across_line,observed,0.024987945
within_drug_across_line,observed,0.015010977
within_drug_across_line,observed,-0.0256653
within_drug_across_line,observed,0.022959381
within_drug_across_line,observed,0.030605001
within_drug_across_line,observed,-0.026633516
within_drug_across_line,observed,0.02009739
within_drug_across_line,observed,0.04521966
within_drug_across_line,observed,-0.10211253
within_drug_across_line,observed,0.020377632
within_drug_across_line,observed,-0.027702298
within_drug_across_line,observed,-0.063147694
within_drug_across_line,observed,-0.012413238
within_drug_across_line,observed,-0.028748348
within_drug_across_line,observed,0.008713762
within_drug_across_line,observed,-0.005579681
within_drug_across_line,observed,-0.01315572
within_drug_across_line,observed,0.017078292
within_drug_across_line,observed,0.024840258
within_drug_across_line,observed,-0.014111846
within_drug_across_line,observed,-0.044877756
within_drug_across_line,observed,0.02514986
within_drug_across_line,observed,-0.0055270265
within_drug_across_line,observed,0.008748744
within_drug_across_line,observed,0.029351123
within_drug_across_line,observed,-0.031480175
within_drug_across_line,observed,-0.064547785
within_drug_across_line,observed,-0.008816565
within_drug_across_line,observed,0.02263737
within_drug_across_line,observed,-0.03691533
within_drug_across_line,observed,-0.035742465
within_drug_across_line,observed,0.06471103
within_drug_across_line,observed,0.024744038
within_drug_across_line,observed,0.021640947
within_drug_across_line,observed,-0.001215552
within_drug_across_line,observed,0.016608762
within_drug_across_line,observed,0.003589759
within_drug_across_line,observed,-0.017704792
within_drug_across_line,observed,-0.018970698
within_drug_across_line,observed,-0.01608378
within_drug_across_line,observed,-0.03562137
within_drug_across_line,observed,0.041049063
within_drug_across_line,observed,0.00490015
within_drug_across_line,observed,-0.022560462
within_drug_across_line,observed,-0.0025739071
within_drug_across_line,observed,-0.011047514
within_drug_across_line,observed,-0.0025183046
within_drug_across_line,observed,0.03741231
within_drug_across_line,observed,-0.046902876
within_drug_across_line,observed,-0.07683547
within_drug_across_line,observed,0.0034229306
within_drug_across_line,observed,-0.016272344
within_drug_across_line,observed,0.026986752
within_drug_across_line,observed,0.042603277
within_drug_across_line,observed,-0.035548434
within_drug_across_line,observed,-0.03170653
within_drug_across_line,observed,-0.006289004
within_drug_across_line,observed,-0.0056935856
within_drug_across_line,observed,0.019922115
within_drug_across_line,observed,-0.015856955
within_drug_across_line,observed,0.05558162
within_drug_across_line,observed,-0.022737203
within_drug_across_line,observed,0.0022603178
within_drug_across_line,observed,0.014235968
within_drug_across_line,observed,-0.017826218
within_drug_across_line,observed,0.021770751
within_drug_across_line,observed,-0.010878347
within_drug_across_line,observed,-0.031082498
within_drug_across_line,observed,-0.095765285
within_drug_across_line,observed,-0.028296115
within_drug_across_line,observed,-0.044732153
within_drug_across_line,observed,0.0455606
within_drug_across_line,observed,-0.022132106
within_drug_across_line,observed,0.0095259715
within_drug_across_line,observed,0.002014131
within_drug_across_line,observed,0.004813074
within_drug_across_line,observed,0.0042504314
within_drug_across_line,observed,-0.14101529
within_drug_across_line,observed,-0.24485178
within_drug_across_line,observed,0.05277445
within_drug_across_line,observed,0.20874408
within_drug_across_line,observed,0.05162271
within_drug_across_line,observed,-0.12167653
within_drug_across_line,observed,0.0016975235
within_drug_across_line,observed,0.06655051
within_drug_across_line,observed,-0.1927256
within_drug_across_line,observed,0.047486965
within_drug_across_line,observed,0.1167297
within_drug_across_line,observed,-0.1844272
within_drug_across_line,observed,0.13600491
within_drug_across_line,observed,0.16453563
within_drug_across_line,observed,0.019085582
within_drug_across_line,observed,-0.028424645
within_drug_across_line,observed,-0.05202634
within_drug_across_line,observed,-0.1427822
within_drug_across_line,observed,0.15855113
within_drug_across_line,observed,-0.1714972
within_drug_across_line,observed,-0.14759526
within_drug_across_line,observed,0.04527368
within_drug_across_line,observed,-0.13088095
within_drug_across_line,observed,-0.027699914
within_drug_across_line,observed,-0.13264035
within_drug_across_line,observed,-0.12191047
within_drug_across_line,observed,-0.05101226
within_drug_across_line,observed,0.20183149
within_drug_across_line,observed,-0.15266661
within_drug_across_line,observed,-0.044820365
within_drug_across_line,observed,-0.038538367
within_drug_across_line,observed,-0.045333248
within_drug_across_line,observed,-0.0639934
within_drug_across_line,observed,-0.05820956
within_drug_across_line,observed,0.07630144
within_drug_across_line,observed,-0.049854726
within_drug_across_line,observed,-0.0070089777
within_drug_across_line,observed,-0.11614601
within_drug_across_line,observed,-0.14930196
within_drug_across_line,observed,0.012683727
within_drug_across_line,observed,-0.035956964
within_drug_across_line,observed,-0.0727186
within_drug_across_line,observed,-0.06205488
within_drug_across_line,observed,0.059260424
within_drug_across_line,observed,-0.0938667
within_drug_across_line,observed,-0.009216946
within_drug_across_line,observed,-0.044994894
within_drug_across_line,observed,0.014692876
within_drug_across_line,observed,0.021593837
within_drug_across_line,observed,-0.007547364
within_drug_across_line,observed,0.019308824
within_drug_across_line,observed,-0.043504536
within_drug_across_line,observed,0.012683727
within_drug_across_line,observed,-0.04954555
within_drug_across_line,observed,-0.030765072
within_drug_across_line,observed,-0.018771604
within_drug_across_line,observed,0.04984984
within_drug_across_line,observed,0.0026048017
within_drug_across_line,observed,0.014252745
within_drug_across_line,observed,-0.006906069
within_drug_across_line,observed,0.03944016
within_drug_across_line,observed,0.008822473
within_drug_across_line,observed,-0.045112304
within_drug_across_line,observed,-0.017351935
within_drug_across_line,observed,0.015913606
within_drug_across_line,observed,-0.022892987
within_drug_across_line,observed,-0.051973842
within_drug_across_line,observed,-0.030366054
within_drug_across_line,observed,0.06019239
within_drug_across_line,observed,-0.03500315
within_drug_across_line,observed,0.1001205
within_drug_across_line,observed,-0.03171433
within_drug_across_line,observed,0.028607823
within_drug_across_line,observed,-0.04606157
within_drug_across_line,observed,0.017302327
within_drug_across_line,observed,0.027542772
within_drug_across_line,observed,-0.005369776
within_drug_across_line,observed,0.02870774
within_drug_across_line,observed,0.0019772125
within_drug_across_line,observed,0.011035327
within_drug_across_line,observed,-0.014257948
within_drug_across_line,observed,-0.01563795
within_drug_across_line,observed,-0.010233975
within_drug_across_line,observed,0.03476676
within_drug_across_line,observed,0.0013574094
within_drug_across_line,observed,-0.030643737
within_drug_across_line,observed,-0.0006998306
within_drug_across_line,observed,0.05497017
within_drug_across_line,observed,0.011549119
within_drug_across_line,observed,-0.020488666
within_drug_across_line,observed,-0.058152206
within_drug_across_line,observed,-0.014525883
within_drug_across_line,observed,0.031440113
within_drug_across_line,observed,-0.04044235
within_drug_across_line,observed,-0.081320316
within_drug_across_line,observed,0.041362487
within_drug_across_line,observed,0.034977436
within_drug_across_line,observed,-0.0019637707
within_drug_across_line,observed,0.029502
within_drug_across_line,observed,0.008084716
within_drug_across_line,observed,0.0091984365
within_drug_across_line,observed,-0.01945579
within_drug_across_line,observed,0.030538257
within_drug_across_line,observed,0.026228989
within_drug_across_line,observed,-0.0059690946
within_drug_across_line,observed,-0.060813498
within_drug_across_line,observed,-0.05431504
within_drug_across_line,observed,0.030384092
within_drug_across_line,observed,0.030253345
within_drug_across_line,observed,0.05116507
within_drug_across_line,observed,0.0057771257
within_drug_across_line,observed,-0.0020182051
within_drug_across_line,observed,0.013223097
within_drug_across_line,observed,0.029556544
within_drug_across_line,observed,-0.021187093
within_drug_across_line,observed,-0.018797392
within_drug_across_line,observed,0.006573581
within_drug_across_line,observed,0.020236336
within_drug_across_line,observed,-0.016928054
within_drug_across_line,observed,-0.044687055
within_drug_across_line,observed,-0.018146612
within_drug_across_line,observed,-0.04973363
within_drug_across_line,observed,-0.024623252
within_drug_across_line,observed,0.036126044
within_drug_across_line,observed,-0.015900595
within_drug_across_line,observed,0.004388422
within_drug_across_line,observed,0.00016657969
within_drug_across_line,observed,0.014995271
within_drug_across_line,observed,0.02377861
within_drug_across_line,observed,-0.012632496
within_drug_across_line,observed,-0.009058708
within_drug_across_line,observed,0.036260597
within_drug_across_line,observed,-0.033679143
within_drug_across_line,observed,-0.019194571
within_drug_across_line,observed,-0.030611156
within_drug_across_line,observed,0.007671647
within_drug_across_line,observed,-0.025220988
within_drug_across_line,observed,-0.08147536
within_drug_across_line,observed,0.008774725
within_drug_across_line,observed,-0.07116913
within_drug_across_line,observed,0.004117374
within_drug_across_line,observed,0.025941461
within_drug_across_line,observed,-0.06801771
within_drug_across_line,observed,0.006680159
within_drug_across_line,observed,-0.036791492
within_drug_across_line,observed,-0.013537733
within_drug_across_line,observed,-0.015788313
within_drug_across_line,observed,0.06143731
within_drug_across_line,observed,-0.013603495
within_drug_across_line,observed,-0.015136832
within_drug_across_line,observed,0.052767742
within_drug_across_line,observed,0.011001937
within_drug_across_line,observed,0.039499428
within_drug_across_line,observed,-0.027373752
within_drug_across_line,observed,0.012921724
within_drug_across_line,observed,0.044741854
within_drug_across_line,observed,-0.005449181
within_drug_across_line,observed,-0.03315032
within_drug_across_line,observed,-0.012413602
within_drug_across_line,observed,0.052862637
within_drug_across_line,observed,0.007483001
within_drug_across_line,observed,-0.033849806
within_drug_across_line,observed,0.041344877
within_drug_across_line,observed,-0.03249869
within_drug_across_line,observed,-0.0027640008
within_drug_across_line,observed,-0.024722094
within_drug_across_line,observed,-0.13111867
within_drug_across_line,observed,0.011619108
within_drug_across_line,observed,0.042813934
within_drug_across_line,observed,-0.024368491
within_drug_across_line,observed,-0.044470493
within_drug_across_line,observed,0.012399413
within_drug_across_line,observed,-0.021336999
within_drug_across_line,observed,0.0025623017
within_drug_across_line,observed,0.0172197
within_drug_across_line,observed,-0.02062256
within_drug_across_line,observed,0.0411575
within_drug_across_line,observed,-0.033552956
within_drug_across_line,observed,0.08011773
within_drug_across_line,observed,0.032519624
within_drug_across_line,observed,0.02923308
within_drug_across_line,observed,0.03267993
within_drug_across_line,observed,-0.06373406
within_drug_across_line,observed,-0.05650415
within_drug_across_line,observed,0.00474498
within_drug_across_line,observed,-0.06198991
within_drug_across_line,observed,0.028062651
within_drug_across_line,observed,0.0073448257
within_drug_across_line,observed,-0.09798311
within_drug_across_line,observed,0.050538577
within_drug_across_line,observed,-0.0103453705
within_drug_across_line,observed,0.017138653
within_drug_across_line,observed,-0.011756086
within_drug_across_line,observed,0.024886841
within_drug_across_line,observed,0.011225124
within_drug_across_line,observed,-0.024463452
within_drug_across_line,observed,-0.028343132
within_drug_across_line,observed,-0.053090002
within_drug_across_line,observed,0.012493303
within_drug_across_line,observed,-0.03695783
within_drug_across_line,observed,0.022307899
within_drug_across_line,observed,0.002083092
within_drug_across_line,observed,0.026400508
within_drug_across_line,observed,0.061973203
within_drug_across_line,observed,-0.0064726435
within_drug_across_line,observed,-0.04913109
within_drug_across_line,observed,0.02548371
within_drug_across_line,observed,-0.00016579712
within_drug_across_line,observed,-0.016606335
within_drug_across_line,observed,-0.034366596
within_drug_across_line,observed,0.060696162
within_drug_across_line,observed,0.033794764
within_drug_across_line,observed,-0.012375294
within_drug_across_line,observed,0.011790326
within_drug_across_line,observed,-0.0045457557
within_drug_across_line,observed,-0.032820046
within_drug_across_line,observed,-0.018073661
within_drug_across_line,observed,0.01585192
within_drug_across_line,observed,-0.037734617
within_drug_across_line,observed,-0.007399667
within_drug_across_line,observed,-0.06725829
within_drug_across_line,observed,0.015985414
within_drug_across_line,observed,-0.046039872
within_drug_across_line,observed,-0.0036212031
within_drug_across_line,observed,0.045487422
within_drug_across_line,observed,-0.042508278
within_drug_across_line,observed,-0.010001818
within_drug_across_line,observed,-0.037986606
within_drug_across_line,observed,-0.038450025
within_drug_across_line,observed,-0.014372984
within_drug_across_line,observed,-0.04463378
within_drug_across_line,observed,-0.07040635
within_drug_across_line,observed,-0.03485688
within_drug_across_line,observed,0.007270301
within_drug_across_line,observed,-0.060341205
within_drug_across_line,observed,-0.022390563
within_drug_across_line,observed,0.0028677366
within_drug_across_line,observed,0.020581588
within_drug_across_line,observed,0.010307297
within_drug_across_line,observed,-0.021127298
within_drug_across_line,observed,-0.020860763
within_drug_across_line,observed,-0.022460064
within_drug_across_line,observed,-0.004086702
within_drug_across_line,observed,0.0144171
within_drug_across_line,observed,0.024298372
within_drug_across_line,observed,0.02193666
within_drug_across_line,observed,0.07968094
within_drug_across_line,observed,0.030087871
within_drug_across_line,observed,-0.0221682
within_drug_across_line,observed,-0.06688904
within_drug_across_line,observed,0.0024458778
within_drug_across_line,observed,0.061656862
within_drug_across_line,observed,-0.012485216
within_drug_across_line,observed,-0.009771556
within_drug_across_line,observed,-0.041567363
within_drug_across_line,observed,-0.01453337
within_drug_across_line,observed,-0.030134115
within_drug_across_line,observed,-0.0026250798
within_drug_across_line,observed,-0.008717119
within_drug_across_line,observed,0.012501466
within_drug_across_line,observed,-0.011026819
within_drug_across_line,observed,0.005943081
within_drug_across_line,observed,0.009526534
within_drug_across_line,observed,-0.01273614
within_drug_across_line,observed,-0.036976174
within_drug_across_line,observed,-0.015681962
within_drug_across_line,observed,0.03196821
within_drug_across_line,observed,-0.0013170214
within_drug_across_line,observed,0.0033246467
within_drug_across_line,observed,0.022929933
within_drug_across_line,observed,-0.0328748
within_drug_across_line,observed,-0.027420945
within_drug_across_line,observed,-0.010791464
within_drug_across_line,observed,0.00218597
within_drug_across_line,observed,0.030770518
within_drug_across_line,observed,0.06593123
within_drug_across_line,observed,-0.0011098152
within_drug_across_line,observed,0.04258135
within_drug_across_line,observed,-0.041823875
within_drug_across_line,observed,0.010501654
within_drug_across_line,observed,-0.015884481
within_drug_across_line,observed,-0.022705736
within_drug_across_line,observed,-0.012347306
within_drug_across_line,observed,-0.03928751
within_drug_across_line,observed,-0.024863387
within_drug_across_line,observed,-0.063570626
within_drug_across_line,observed,0.0026138425
within_drug_across_line,observed,0.044491127
within_drug_across_line,observed,0.027247697
within_drug_across_line,observed,0.0138215255
within_drug_across_line,observed,-0.04439629
within_drug_across_line,observed,-0.051646225
within_drug_across_line,observed,-0.026436217
within_drug_across_line,observed,-0.038191162
within_drug_across_line,observed,-0.03075808
within_drug_across_line,observed,-0.017322691
within_drug_across_line,observed,-0.0035805372
within_drug_across_line,observed,-0.03878593
within_drug_across_line,observed,-0.0013725088
within_drug_across_line,observed,-0.02744237
within_drug_across_line,observed,-0.015759638
within_drug_across_line,observed,0.012855716
within_drug_across_line,observed,0.012563321
within_drug_across_line,observed,0.027043484
within_drug_across_line,observed,-0.025404293
within_drug_across_line,observed,0.005320578
within_drug_across_line,observed,0.015873969
within_drug_across_line,observed,0.0047826003
within_drug_across_line,observed,0.026597634
within_drug_across_line,observed,-0.025954476
within_drug_across_line,observed,0.001763474
within_drug_across_line,observed,-0.026938118
within_drug_across_line,observed,0.019636998
within_drug_across_line,observed,0.003563483
within_drug_across_line,observed,-0.00820918
within_drug_across_line,observed,-0.026377449
within_drug_across_line,observed,-0.011124894
within_drug_across_line,observed,0.046284914
within_drug_across_line,observed,0.015756493
within_drug_across_line,observed,0.04979456
within_drug_across_line,observed,0.0044833794
within_drug_across_line,observed,-0.00882769
within_drug_across_line,observed,0.036093794
within_drug_across_line,observed,-0.16118792
within_drug_across_line,observed,-0.10379861
within_drug_across_line,observed,0.011744217
within_drug_across_line,observed,-0.24477449
within_drug_across_line,observed,-0.019957809
within_drug_across_line,observed,0.04539912
within_drug_across_line,observed,-0.09000651
within_drug_across_line,observed,-0.007558358
within_drug_across_line,observed,-0.02457246
within_drug_across_line,observed,0.0712035
within_drug_across_line,observed,-0.032307345
within_drug_across_line,observed,0.16622093
within_drug_across_line,observed,0.010735474
within_drug_across_line,observed,-0.043702476
within_drug_across_line,observed,0.006742109
within_drug_across_line,observed,-0.16009377
within_drug_across_line,observed,-0.032030106
within_drug_across_line,observed,-0.03728225
within_drug_across_line,observed,-0.049673256
within_drug_across_line,observed,-0.14209329
within_drug_across_line,observed,-0.06522388
within_drug_across_line,observed,-0.09770676
within_drug_across_line,observed,-0.04293384
within_drug_across_line,observed,-0.09055696
within_drug_across_line,observed,0.043215718
within_drug_across_line,observed,-0.1019235
within_drug_across_line,observed,-0.04819965
within_drug_across_line,observed,-0.015151686
within_drug_across_line,observed,0.06600844
within_drug_across_line,observed,-0.07695707
within_drug_across_line,observed,0.0308272
within_drug_across_line,observed,-0.10082683
within_drug_across_line,observed,-0.032154255
within_drug_across_line,observed,-0.109010994
within_drug_across_line,observed,0.0017665484
within_drug_across_line,observed,-0.012431442
within_drug_across_line,observed,0.10072189
within_drug_across_line,observed,-0.03868566
within_drug_across_line,observed,-0.14101256
within_drug_across_line,observed,0.024482124
within_drug_across_line,observed,-0.020736547
within_drug_across_line,observed,0.059959646
within_drug_across_line,observed,0.13925694
within_drug_across_line,observed,-0.113000825
within_drug_across_line,observed,-0.13867193
within_drug_across_line,observed,-0.065746434
within_drug_across_line,observed,-0.010867508
within_drug_across_line,observed,0.030489106
within_drug_across_line,observed,0.08091488
within_drug_across_line,observed,-0.042920686
within_drug_across_line,observed,-0.11795395
within_drug_across_line,observed,-0.078311026
within_drug_across_line,observed,0.008177434
within_drug_across_line,observed,0.050009508
within_drug_across_line,observed,0.048230946
within_drug_across_line,observed,0.02556022
within_drug_across_line,observed,0.13938567
within_drug_across_line,observed,-0.00013565872
within_drug_across_line,observed,-0.01675508
within_drug_across_line,observed,-0.1286591
within_drug_across_line,observed,0.1870063
within_drug_across_line,observed,-0.017321538
within_drug_across_line,observed,-0.037565127
within_drug_across_line,observed,0.020463718
within_drug_across_line,observed,0.02454425
within_drug_across_line,observed,0.029377628
within_drug_across_line,observed,-0.0038854005
within_drug_across_line,observed,-0.17116958
within_drug_across_line,observed,0.03285114
within_drug_across_line,observed,-0.20257005
within_drug_across_line,observed,-0.043618258
within_drug_across_line,observed,-0.06507109
within_drug_across_line,observed,0.013970409
within_drug_across_line,observed,-0.022723215
within_drug_across_line,observed,0.042153712
within_drug_across_line,observed,0.010164056
within_drug_across_line,observed,-0.04108337
within_drug_across_line,observed,-0.002845605
within_drug_across_line,observed,-0.02721387
within_drug_across_line,observed,0.032765687
within_drug_across_line,observed,0.026319208
within_drug_across_line,observed,0.008680937
within_drug_across_line,observed,-0.02407533
within_drug_across_line,observed,0.0016965513
within_drug_across_line,observed,-0.007759868
within_drug_across_line,observed,-0.031939592
within_drug_across_line,observed,0.03335962
within_drug_across_line,observed,-0.029306069
within_drug_across_line,observed,0.06874233
within_drug_across_line,observed,-0.031941917
within_drug_across_line,observed,-0.049099553
within_drug_across_line,observed,-0.03821441
within_drug_across_line,observed,-0.051132813
within_drug_across_line,observed,-0.040823128
within_drug_across_line,observed,-0.049380522
within_drug_across_line,observed,0.024183553
within_drug_across_line,observed,-0.025336523
within_drug_across_line,observed,-0.032821916
within_drug_across_line,observed,-0.04645641
within_drug_across_line,observed,-0.031167634
within_drug_across_line,observed,0.008178549
within_drug_across_line,observed,-0.012903067
within_drug_across_line,observed,0.008960812
within_drug_across_line,observed,-0.038130093
within_drug_across_line,observed,-0.037246834
within_drug_across_line,observed,0.02817545
within_drug_across_line,observed,0.0027011437
within_drug_across_line,observed,-0.03322324
within_drug_across_line,observed,0.034892906
within_drug_across_line,observed,0.022199282
within_drug_across_line,observed,-0.033059657
within_drug_across_line,observed,-0.035319764
within_drug_across_line,observed,0.009152003
within_drug_across_line,observed,-0.00894214
within_drug_across_line,observed,-0.013198768
within_drug_across_line,observed,-0.03359006
within_drug_across_line,observed,-0.038862135
within_drug_across_line,observed,-0.018494032
within_drug_across_line,observed,-0.0070403703
within_drug_across_line,observed,0.015206071
within_drug_across_line,observed,-0.06866126
within_drug_across_line,observed,-0.034566466
within_drug_across_line,observed,-0.11483811
within_drug_across_line,observed,-0.040845692
within_drug_across_line,observed,-0.0016518808
within_drug_across_line,observed,-0.0039578616
within_drug_across_line,observed,-0.02080851
within_drug_across_line,observed,-0.030885706
within_drug_across_line,observed,-0.03433234
within_drug_across_line,observed,-0.021167662
within_drug_across_line,observed,-0.04245985
within_drug_across_line,observed,-0.021405904
within_drug_across_line,observed,-0.0025984796
within_drug_across_line,observed,-0.009677402
within_drug_across_line,observed,-0.058858804
within_drug_across_line,observed,0.009486412
within_drug_across_line,observed,-0.017927758
within_drug_across_line,observed,-0.049685348
within_drug_across_line,observed,-0.012609337
within_drug_across_line,observed,0.008721556
within_drug_across_line,observed,-0.016501475
within_drug_across_line,observed,-0.020738086
within_drug_across_line,observed,0.01866686
within_drug_across_line,observed,0.017303819
within_drug_across_line,observed,0.024347868
within_drug_across_line,observed,-0.01295968
within_drug_across_line,observed,0.008754884
within_drug_across_line,observed,0.005361761
within_drug_across_line,observed,0.010585119
within_drug_across_line,observed,0.01309138
within_drug_across_line,observed,0.02640183
within_drug_across_line,observed,-0.011507378
within_drug_across_line,observed,-0.042174358
within_drug_across_line,observed,0.018486887
within_drug_across_line,observed,-0.09627186
within_drug_across_line,observed,-0.019205136
within_drug_across_line,observed,0.0032584583
within_drug_across_line,observed,0.0021354277
within_drug_across_line,observed,-0.015356633
within_drug_across_line,observed,-0.039216794
within_drug_across_line,observed,-0.14571899
within_drug_across_line,observed,-0.026640227
within_drug_across_line,observed,-0.06116633
within_drug_across_line,observed,-0.03338137
within_drug_across_line,observed,0.021069111
within_drug_across_line,observed,-0.035417493
within_drug_across_line,observed,-0.012544983
within_drug_across_line,observed,-0.020825919
within_drug_across_line,observed,-0.005901857
within_drug_across_line,observed,0.055733334
within_drug_across_line,observed,0.027133936
within_drug_across_line,observed,0.009396905
within_drug_across_line,observed,-0.012422986
within_drug_across_line,observed,-0.0023908876
within_drug_across_line,observed,-0.034800984
within_drug_across_line,observed,0.047362354
within_drug_across_line,observed,-0.032682028
within_drug_across_line,observed,-0.018408164
within_drug_across_line,observed,0.03587196
within_drug_across_line,observed,-0.01844152
within_drug_across_line,observed,0.0066832546
within_drug_across_line,observed,-0.022935841
within_drug_across_line,observed,-0.04115228
within_drug_across_line,observed,-0.01156151
within_drug_across_line,observed,-0.016328141
within_drug_across_line,observed,0.01369965
within_drug_across_line,observed,-0.02920861
within_drug_across_line,observed,-0.036651623
within_drug_across_line,observed,-0.05985152
within_drug_across_line,observed,-0.012088824
within_drug_across_line,observed,0.04332211
within_drug_across_line,observed,-0.0072528906
within_drug_across_line,observed,-0.069320045
within_drug_across_line,observed,-0.07651244
within_drug_across_line,observed,-0.031031104
within_drug_across_line,observed,0.06095993
within_drug_across_line,observed,-0.0010904286
within_drug_across_line,observed,-0.0015186649
within_drug_across_line,observed,0.040102303
within_drug_across_line,observed,0.015495184
within_drug_across_line,observed,-0.08361271
within_drug_across_line,observed,-0.0044067763
within_drug_across_line,observed,-0.0392227
within_drug_across_line,observed,-0.061953526
within_drug_across_line,observed,0.03806082
within_drug_across_line,observed,0.019735433
within_drug_across_line,observed,0.011101363
within_drug_across_line,observed,-0.026398912
within_drug_across_line,observed,0.009203108
within_drug_across_line,observed,-0.032812245
within_drug_across_line,observed,0.03571328
within_drug_across_line,observed,-0.033985186
within_drug_across_line,observed,-0.010461185
within_drug_across_line,observed,0.010518261
within_drug_across_line,observed,-0.022835052
within_drug_across_line,observed,0.0061038733
within_drug_across_line,observed,-0.050931472
within_drug_across_line,observed,0.014147833
within_drug_across_line,observed,-0.031497933
within_drug_across_line,observed,-0.00795073
within_drug_across_line,observed,0.022985667
within_drug_across_line,observed,0.011006637
within_drug_across_line,observed,-0.015974795
within_drug_across_line,observed,-0.013139055
within_drug_across_line,observed,-0.043738954
within_drug_across_line,observed,0.04787356
within_drug_across_line,observed,0.009571462
within_drug_across_line,observed,-0.0034309323
within_drug_across_line,observed,0.0022579823
within_drug_across_line,observed,-0.041656468
within_drug_across_line,observed,-0.005305251
within_drug_across_line,observed,-0.038563672
within_drug_across_line,observed,-0.015173925
within_drug_across_line,observed,0.01820956
within_drug_across_line,observed,0.0062022596
within_drug_across_line,observed,0.010504392
within_drug_across_line,observed,-0.04760691
within_drug_across_line,observed,-0.05938392
within_drug_across_line,observed,-0.03025555
within_drug_across_line,observed,0.029923351
within_drug_across_line,observed,0.009054512
within_drug_across_line,observed,0.02828735
within_drug_across_line,observed,-0.039518718
within_drug_across_line,observed,7.810732e-05
within_drug_across_line,observed,0.07106079
within_drug_across_line,observed,0.013164553
within_drug_across_line,observed,0.04557132
within_drug_across_line,observed,-0.0010856205
within_drug_across_line,observed,-0.016993193
within_drug_across_line,observed,-0.077177405
within_drug_across_line,observed,0.043921918
within_drug_across_line,observed,0.016195131
within_drug_across_line,observed,-0.016969535
within_drug_across_line,observed,-0.030766252
within_drug_across_line,observed,0.03004889
within_drug_across_line,observed,0.022065585
within_drug_across_line,observed,0.0035431583
within_drug_across_line,observed,0.0015051754
within_drug_across_line,observed,-0.06292257
within_drug_across_line,observed,-0.0006683306
within_drug_across_line,observed,-0.03140342
within_drug_across_line,observed,-0.017691586
within_drug_across_line,observed,-0.008763607
within_drug_across_line,observed,0.017287327
within_drug_across_line,observed,-0.037118852
within_drug_across_line,observed,-0.020764777
within_drug_across_line,observed,0.027509473
within_drug_across_line,observed,0.11077609
within_drug_across_line,observed,0.026413599
within_drug_across_line,observed,0.023385964
within_drug_across_line,observed,0.037646297
within_drug_across_line,observed,-0.021880459
within_drug_across_line,observed,-0.03876723
within_drug_across_line,observed,-0.06440616
within_drug_across_line,observed,0.021876754
within_drug_across_line,observed,-0.03611969
within_drug_across_line,observed,-0.009827567
within_drug_across_line,observed,-0.028046811
within_drug_across_line,observed,-0.065940164
within_drug_across_line,observed,-0.02703935
within_drug_across_line,observed,-0.0073508513
within_drug_across_line,observed,-0.042661075
within_drug_across_line,observed,0.008906552
within_drug_across_line,observed,-0.017307049
within_drug_across_line,observed,0.0047656684
within_drug_across_line,observed,-0.045980494
within_drug_across_line,observed,-0.056255918
within_drug_across_line,observed,-0.032004204
within_drug_across_line,observed,-0.009527275
within_drug_across_line,observed,0.0015096578
within_drug_across_line,observed,-0.070974514
within_drug_across_line,observed,0.0052034482
within_drug_across_line,observed,0.023536872
within_drug_across_line,observed,0.11534805
within_drug_across_line,observed,-0.07345464
within_drug_across_line,observed,-0.022872036
within_drug_across_line,observed,-0.050308935
within_drug_across_line,observed,0.039559186
within_drug_across_line,observed,-0.018786374
within_drug_across_line,observed,0.025785068
within_drug_across_line,observed,-0.024662437
within_drug_across_line,observed,-0.08841519
within_drug_across_line,observed,0.010680649
within_drug_across_line,observed,-0.010422944
within_drug_across_line,observed,-0.009004996
within_drug_across_line,observed,0.118561216
within_drug_across_line,observed,-0.015039127
within_drug_across_line,observed,0.04101668
within_drug_across_line,observed,-0.072005674
within_drug_across_line,observed,-0.14582282
within_drug_across_line,observed,-0.08618102
within_drug_across_line,observed,-0.12097285
within_drug_across_line,observed,-0.05719159
within_drug_across_line,observed,0.20580399
within_drug_across_line,observed,0.14751048
within_drug_across_line,observed,-0.06389968
within_drug_across_line,observed,0.021472445
within_drug_across_line,observed,0.014176357
within_drug_across_line,observed,-0.02881262
within_drug_across_line,observed,-0.07081631
within_drug_across_line,observed,-0.03662356
within_drug_across_line,observed,-0.05333186
within_drug_across_line,observed,0.04803826
within_drug_across_line,observed,0.0052987146
within_drug_across_line,observed,-0.09546218
within_drug_across_line,observed,-0.015789269
within_drug_across_line,observed,0.07960129
within_drug_across_line,observed,-0.09970624
within_drug_across_line,observed,-0.14191481
within_drug_across_line,observed,-0.025087606
within_drug_across_line,observed,0.16675466
within_drug_across_line,observed,0.008786053
within_drug_across_line,observed,-0.13894542
within_drug_across_line,observed,-0.041299794
within_drug_across_line,observed,-0.047445443
within_drug_across_line,observed,0.21897914
within_drug_across_line,observed,-0.045635343
within_drug_across_line,observed,0.025404295
within_drug_across_line,observed,0.000540099
within_drug_across_line,observed,-0.107922345
within_drug_across_line,observed,-0.067179516
within_drug_across_line,observed,0.0044712494
within_drug_across_line,observed,-0.10469551
within_drug_across_line,observed,-0.06899142
within_drug_across_line,observed,-0.14819403
within_drug_across_line,observed,-0.0766871
within_drug_across_line,observed,-0.10933008
within_drug_across_line,observed,0.0038873844
within_drug_across_line,observed,-0.029194754
within_drug_across_line,observed,0.0014850686
within_drug_across_line,observed,0.0075785625
within_drug_across_line,observed,0.02811041
within_drug_across_line,observed,-0.007990846
within_drug_across_line,observed,0.03128121
within_drug_across_line,observed,0.03452622
within_drug_across_line,observed,-0.053697985
within_drug_across_line,observed,0.01535632
within_drug_across_line,observed,0.041775793
within_drug_across_line,observed,0.03358005
within_drug_across_line,observed,-0.03107682
within_drug_across_line,observed,-0.009868135
within_drug_across_line,observed,0.03216685
within_drug_across_line,observed,0.032649066
within_drug_across_line,observed,-0.011201137
within_drug_across_line,observed,0.0009308119
within_drug_across_line,observed,0.006664661
within_drug_across_line,observed,-4.3327997e-05
within_drug_across_line,observed,0.015225608
within_drug_across_line,observed,0.0512929
within_drug_across_line,observed,0.0052453224
within_drug_across_line,observed,-0.017470816
within_drug_across_line,observed,-0.0020649212
within_drug_across_line,observed,0.04098269
within_drug_across_line,observed,-0.017370608
within_drug_across_line,observed,-0.0142506175
within_drug_across_line,observed,0.017078929
within_drug_across_line,observed,0.0052391174
within_drug_across_line,observed,-0.023578554
within_drug_across_line,observed,0.04187705
within_drug_across_line,observed,-0.009636205
within_drug_across_line,observed,-0.03205745
within_drug_across_line,observed,-0.0551618
within_drug_across_line,observed,-0.018816784
within_drug_across_line,observed,-0.016996654
within_drug_across_line,observed,-0.03556381
within_drug_across_line,observed,0.024465023
within_drug_across_line,observed,-0.030808171
within_drug_across_line,observed,-0.0031992213
within_drug_across_line,observed,-0.0037831976
within_drug_across_line,observed,0.008272234
within_drug_across_line,observed,0.01180777
within_drug_across_line,observed,0.03037914
within_drug_across_line,observed,-0.064827114
within_drug_across_line,observed,0.00491626
within_drug_across_line,observed,-0.046004653
within_drug_across_line,observed,-0.025993098
within_drug_across_line,observed,-0.0019626282
within_drug_across_line,observed,-0.061701693
within_drug_across_line,observed,-0.038869496
within_drug_across_line,observed,0.00960045
within_drug_across_line,observed,-0.010267539
within_drug_across_line,observed,0.010747516
within_drug_across_line,observed,-0.0012361703
within_drug_across_line,observed,0.03726497
within_drug_across_line,observed,-0.030120542
within_drug_across_line,observed,-0.036288116
within_drug_across_line,observed,0.00022225278
within_drug_across_line,observed,0.046656527
within_drug_across_line,observed,-0.03103102
within_drug_across_line,observed,-0.032293446
within_drug_across_line,observed,0.027689744
within_drug_across_line,observed,-0.015305196
within_drug_across_line,observed,-0.06315898
within_drug_across_line,observed,-0.0007992789
within_drug_across_line,observed,0.022351976
within_drug_across_line,observed,-0.0004086546
within_drug_across_line,observed,0.06928184
within_drug_across_line,observed,0.016261462
within_drug_across_line,observed,-0.005859869
within_drug_across_line,observed,0.020336477
within_drug_across_line,observed,0.034883544
within_drug_across_line,observed,0.050371245
within_drug_across_line,observed,-0.011995407
within_drug_across_line,observed,-0.035756912
within_drug_across_line,observed,-0.017444706
within_drug_across_line,observed,0.04506398
within_drug_across_line,observed,0.02453441
within_drug_across_line,observed,-0.003398004
within_drug_across_line,observed,-0.04211232
within_drug_across_line,observed,-0.01657783
within_drug_across_line,observed,0.0493229
within_drug_across_line,observed,-0.05531081
within_drug_across_line,observed,0.0021089292
within_drug_across_line,observed,0.038083196
within_drug_across_line,observed,-0.025406737
within_drug_across_line,observed,-0.056496933
within_drug_across_line,observed,0.0036278265
within_drug_across_line,observed,-0.06275945
within_drug_across_line,observed,-0.010190303
within_drug_across_line,observed,-0.059660386
within_drug_across_line,observed,-0.0059631853
within_drug_across_line,observed,0.019743597
within_drug_across_line,observed,-0.017859606
within_drug_across_line,observed,-0.0093378415
within_drug_across_line,observed,0.0256044
within_drug_across_line,observed,-0.043971635
within_drug_across_line,observed,-0.15171388
within_drug_across_line,observed,0.105468124
within_drug_across_line,observed,-0.073162556
within_drug_across_line,observed,0.017682329
within_drug_across_line,observed,0.016534869
within_drug_across_line,observed,-0.05245951
within_drug_across_line,observed,-0.012517231
within_drug_across_line,observed,-0.013423227
within_drug_across_line,observed,-0.061371382
within_drug_across_line,observed,-0.07974194
within_drug_across_line,observed,-0.015589202
within_drug_across_line,observed,-0.032751314
within_drug_across_line,observed,-0.0054412945
within_drug_across_line,observed,-0.031580716
within_drug_across_line,observed,-0.01155926
within_drug_across_line,observed,0.060053837
within_drug_across_line,observed,0.07126065
within_drug_across_line,observed,-0.033514045
within_drug_across_line,observed,0.042957023
within_drug_across_line,observed,-0.012970559
within_drug_across_line,observed,-0.10677892
within_drug_across_line,observed,-0.012933215
within_drug_across_line,observed,-0.0134126535
within_drug_across_line,observed,0.02185054
within_drug_across_line,observed,-0.025700398
within_drug_across_line,observed,0.02426285
within_drug_across_line,observed,-0.03045376
within_drug_across_line,observed,-0.049197935
within_drug_across_line,observed,-0.011983824
within_drug_across_line,observed,-0.013947231
within_drug_across_line,observed,-0.017198436
within_drug_across_line,observed,0.0006520293
within_drug_across_line,observed,-0.0010305861
within_drug_across_line,observed,0.015517763
within_drug_across_line,observed,0.008061402
within_drug_across_line,observed,0.008344852
within_drug_across_line,observed,-0.019617187
within_drug_across_line,observed,-0.026090337
within_drug_across_line,observed,-0.014710269
within_drug_across_line,observed,-0.058026176
within_drug_across_line,observed,0.010220765
within_drug_across_line,observed,-0.008088774
within_drug_across_line,observed,-0.04971906
within_drug_across_line,observed,-0.006473326
within_drug_across_line,observed,-0.00014435186
within_drug_across_line,observed,-0.0049401815
within_drug_across_line,observed,0.021077573
within_drug_across_line,observed,-0.017875297
within_drug_across_line,observed,-0.06473954
within_drug_across_line,observed,-0.0143583715
within_drug_across_line,observed,0.017329846
within_drug_across_line,observed,-0.11072604
within_drug_across_line,observed,-0.014565414
within_drug_across_line,observed,0.021294383
within_drug_across_line,observed,0.012065613
within_drug_across_line,observed,0.002161786
within_drug_across_line,observed,0.0047134385
within_drug_across_line,observed,-0.054158036
within_drug_across_line,observed,-0.010635204
within_drug_across_line,observed,0.0013521774
within_drug_across_line,observed,-0.04789203
within_drug_across_line,observed,0.02375643
within_drug_across_line,observed,-0.0026853378
within_drug_across_line,observed,-0.0025101386
within_drug_across_line,observed,9.5346586e-05
within_drug_across_line,observed,-0.0025101386
within_drug_across_line,observed,-0.05136366
within_drug_across_line,observed,-0.0123722525
within_drug_across_line,observed,-0.03652622
within_drug_across_line,observed,-0.011225124
within_drug_across_line,observed,-0.024740547
within_drug_across_line,observed,0.00577406
within_drug_across_line,observed,-0.07104191
within_drug_across_line,observed,-0.1075148
within_drug_across_line,observed,0.06308089
within_drug_across_line,observed,0.007703205
within_drug_across_line,observed,-0.053649306
within_drug_across_line,observed,-0.020799026
within_drug_across_line,observed,0.00063843315
within_drug_across_line,observed,-0.039504204
within_drug_across_line,observed,-0.015642453
within_drug_across_line,observed,0.021600276
within_drug_across_line,observed,-0.045608122
within_drug_across_line,observed,0.00531473
within_drug_across_line,observed,-0.028602887
within_drug_across_line,observed,-0.0022712229
within_drug_across_line,observed,-0.036359888
within_drug_across_line,observed,0.024194317
within_drug_across_line,observed,-0.099856354
within_drug_across_line,observed,0.02104515
within_drug_across_line,observed,0.016255995
within_drug_across_line,observed,0.016094789
within_drug_across_line,observed,0.047472727
within_drug_across_line,observed,-0.021054396
within_drug_across_line,observed,-0.018896298
within_drug_across_line,observed,-0.028691003
within_drug_across_line,observed,-0.097989015
within_drug_across_line,observed,-0.0062303487
within_drug_across_line,observed,0.018079417
within_drug_across_line,observed,0.12907892
within_drug_across_line,observed,-0.044463977
within_drug_across_line,observed,0.025518557
within_drug_across_line,observed,-0.020381996
within_drug_across_line,observed,-0.02282426
within_drug_across_line,observed,-0.061579686
within_drug_across_line,observed,-0.031590447
within_drug_across_line,observed,0.021138186
within_drug_across_line,observed,0.025954826
within_drug_across_line,observed,0.054764118
within_drug_across_line,observed,-0.03424255
within_drug_across_line,observed,0.012104973
within_drug_across_line,observed,0.002021823
within_drug_across_line,observed,-0.0054629957
within_drug_across_line,observed,0.05282801
within_drug_across_line,observed,0.032296512
within_drug_across_line,observed,-0.0071052946
within_drug_across_line,observed,-0.005728116
within_drug_across_line,observed,0.03272583
within_drug_across_line,observed,-0.010833069
within_drug_across_line,observed,-0.055891655
within_drug_across_line,observed,-0.054779276
within_drug_across_line,observed,-0.010507517
within_drug_across_line,observed,0.07737007
within_drug_across_line,observed,-0.042883996
within_drug_across_line,observed,-0.008306224
within_drug_across_line,observed,-0.015403255
within_drug_across_line,observed,-0.035219815
within_drug_across_line,observed,0.031291217
within_drug_across_line,observed,-0.030129708
within_drug_across_line,observed,-0.022343095
within_drug_across_line,observed,-0.0116630895
within_drug_across_line,observed,0.0177821
within_drug_across_line,observed,0.013861011
within_drug_across_line,observed,0.07959734
within_drug_across_line,observed,0.002769483
within_drug_across_line,observed,-0.023855854
within_drug_across_line,observed,0.0069313934
within_drug_across_line,observed,-0.06411792
within_drug_across_line,observed,-0.08466251
within_drug_across_line,observed,-0.0075905044
within_drug_across_line,observed,-0.03150633
within_drug_across_line,observed,0.051215447
within_drug_across_line,observed,0.14108592
within_drug_across_line,observed,-0.023297857
within_drug_across_line,observed,-0.08449958
within_drug_across_line,observed,-0.014135115
within_drug_across_line,observed,0.009077943
within_drug_across_line,observed,-0.05828583
within_drug_across_line,observed,0.0646102
within_drug_across_line,observed,0.013198504
within_drug_across_line,observed,0.061322644
within_drug_across_line,observed,0.019217657
within_drug_across_line,observed,0.024539037
within_drug_across_line,observed,-0.014093233
within_drug_across_line,observed,-0.029844798
within_drug_across_line,observed,-0.023997
within_drug_across_line,observed,0.061336026
within_drug_across_line,observed,0.024084667
within_drug_across_line,observed,-0.06587374
within_drug_across_line,observed,0.03678715
within_drug_across_line,observed,-0.015551466
within_drug_across_line,observed,0.0026816046
within_drug_across_line,observed,0.029171593
within_drug_across_line,observed,-0.0006272306
within_drug_across_line,observed,0.07087319
within_drug_across_line,observed,-0.022582201
within_drug_across_line,observed,-0.018436246
within_drug_across_line,observed,0.114571474
within_drug_across_line,observed,-0.04608219
within_drug_across_line,observed,0.005392887
within_drug_across_line,observed,-0.06963243
within_drug_across_line,observed,-0.07472067
within_drug_across_line,observed,-0.084904484
within_drug_across_line,observed,0.041580193
within_drug_across_line,observed,-0.007804742
within_drug_across_line,observed,-0.04511723
within_drug_across_line,observed,-0.037784427
within_drug_across_line,observed,-0.07655788
within_drug_across_line,observed,0.016249772
within_drug_across_line,observed,-0.053168375
within_drug_across_line,observed,-0.0002871457
within_drug_across_line,observed,0.002592085
within_drug_across_line,observed,-0.014236982
within_drug_across_line,observed,-0.0026197091
within_drug_across_line,observed,0.008047136
within_drug_across_line,observed,0.022356559
within_drug_across_line,observed,-0.030302014
within_drug_across_line,observed,0.013449855
within_drug_across_line,observed,-0.012072124
within_drug_across_line,observed,-0.023957193
within_drug_across_line,observed,-0.022061875
within_drug_across_line,observed,-0.0047943103
within_drug_across_line,observed,-0.021444537
within_drug_across_line,observed,0.01410413
within_drug_across_line,observed,-0.009730008
within_drug_across_line,observed,-0.046241727
within_drug_across_line,observed,-0.040429886
within_drug_across_line,observed,-0.0152811995
within_drug_across_line,observed,-0.01618147
within_drug_across_line,observed,0.022388117
within_drug_across_line,observed,-0.0028125276
within_drug_across_line,observed,0.059300084
within_drug_across_line,observed,0.03235583
within_drug_across_line,observed,-0.006296792
within_drug_across_line,observed,-0.05520951
within_drug_across_line,observed,-0.0075283838
within_drug_across_line,observed,-0.030367425
within_drug_across_line,observed,-0.02226502
within_drug_across_line,observed,0.03708144
within_drug_across_line,observed,-0.036015008
within_drug_across_line,observed,-0.014013779
within_drug_across_line,observed,-0.024082033
within_drug_across_line,observed,0.012734849
within_drug_across_line,observed,0.0027723769
within_drug_across_line,observed,-0.024306592
within_drug_across_line,observed,0.038582366
within_drug_across_line,observed,-0.07362571
within_drug_across_line,observed,-0.010322226
within_drug_across_line,observed,0.0017724725
within_drug_across_line,observed,-0.020471811
within_drug_across_line,observed,0.029160438
within_drug_across_line,observed,-0.031085998
within_drug_across_line,observed,0.002486796
within_drug_across_line,observed,-0.017317012
within_drug_across_line,observed,0.014486248
within_drug_across_line,observed,0.020230252
within_drug_across_line,observed,-0.013975479
within_drug_across_line,observed,0.010705058
within_drug_across_line,observed,-0.018344264
within_drug_across_line,observed,0.010545597
within_drug_across_line,observed,-0.05248755
within_drug_across_line,observed,0.017640408
within_drug_across_line,observed,-0.039525636
within_drug_across_line,observed,-0.074534215
within_drug_across_line,observed,-0.0011975773
within_drug_across_line,observed,0.026731795
within_drug_across_line,observed,0.002544351
within_drug_across_line,observed,-0.06359402
within_drug_across_line,observed,-0.016196867
within_drug_across_line,observed,-0.05955426
within_drug_across_line,observed,-0.03651071
within_drug_across_line,observed,-0.050977234
within_drug_across_line,observed,-0.004659743
within_drug_across_line,observed,-0.020776639
within_drug_across_line,observed,0.04090594
within_drug_across_line,observed,0.017853403
within_drug_across_line,observed,0.01936393
within_drug_across_line,observed,-0.089598134
within_drug_across_line,observed,-0.0053351563
within_drug_across_line,observed,-0.10168586
within_drug_across_line,observed,-0.0055155945
within_drug_across_line,observed,0.032817863
within_drug_across_line,observed,-0.016982516
within_drug_across_line,observed,-0.019261241
within_drug_across_line,observed,-0.0016990664
within_drug_across_line,observed,-0.04813907
within_drug_across_line,observed,0.013644632
within_drug_across_line,observed,-0.04420874
within_drug_across_line,observed,-0.00031032547
within_drug_across_line,observed,-0.023158383
within_drug_across_line,observed,-0.0015251263
within_drug_across_line,observed,-0.03579897
within_drug_across_line,observed,-0.028766567
within_drug_across_line,observed,-0.03226445
within_drug_across_line,observed,-0.023215214
within_drug_across_line,observed,-0.05829387
within_drug_across_line,observed,-0.026030617
within_drug_across_line,observed,-0.05274083
within_drug_across_line,observed,0.0062216
within_drug_across_line,observed,-0.04355897
within_drug_across_line,observed,-0.023830675
within_drug_across_line,observed,0.07917884
within_drug_across_line,observed,0.039520558
within_drug_across_line,observed,0.026335312
within_drug_across_line,observed,-0.011123443
within_drug_across_line,observed,0.01857518
within_drug_across_line,observed,-0.0046509504
within_drug_across_line,observed,-0.017565934
within_drug_across_line,observed,-0.0063345567
within_drug_across_line,observed,-0.012333949
within_drug_across_line,observed,-0.028018046
within_drug_across_line,observed,-0.07453807
within_drug_across_line,observed,-0.003669956
within_drug_across_line,observed,0.045167517
within_drug_across_line,observed,0.020358985
within_drug_across_line,observed,-0.041810434
within_drug_across_line,observed,-0.015815644
within_drug_across_line,observed,0.010619441
within_drug_across_line,observed,-0.04768101
within_drug_across_line,observed,-0.056882195
within_drug_across_line,observed,0.035710957
within_drug_across_line,observed,-0.013838807
within_drug_across_line,observed,-0.009403769
within_drug_across_line,observed,-0.037789308
within_drug_across_line,observed,0.012845091
within_drug_across_line,null,0.035996582
within_drug_across_line,null,0.0053048553
within_drug_across_line,null,-0.00090502173
within_drug_across_line,null,-0.038406577
within_drug_across_line,null,0.006549298
within_drug_across_line,null,0.038206812
within_drug_across_line,null,0.005655091
within_drug_across_line,null,0.029541288
within_drug_across_line,null,0.02418258
within_drug_across_line,null,0.013990377
within_drug_across_line,null,-0.06325851
within_drug_across_line,null,-0.034035847
within_drug_across_line,null,-0.010197703
within_drug_across_line,null,-0.028511446
within_drug_across_line,null,-0.025967954
within_drug_across_line,null,0.007102929
within_drug_across_line,null,-0.08497021
within_drug_across_line,null,0.034504272
within_drug_across_line,null,-0.0013677317
within_drug_across_line,null,0.017266966
within_drug_across_line,null,0.010937436
within_drug_across_line,null,0.014173252
within_drug_across_line,null,-0.020983579
within_drug_across_line,null,0.051425055
within_drug_across_line,null,0.04330387
within_drug_across_line,null,0.01984694
within_drug_across_line,null,0.0050365124
within_drug_across_line,null,0.019171106
within_drug_across_line,null,0.018019116
within_drug_across_line,null,-0.010149702
within_drug_across_line,null,-0.040325154
within_drug_across_line,null,0.006599725
within_drug_across_line,null,0.0017597278
within_drug_across_line,null,-0.0006533847
within_drug_across_line,null,0.0135097755
within_drug_across_line,null,0.011560222
within_drug_across_line,null,0.008804574
within_drug_across_line,null,-0.015903518
within_drug_across_line,null,-0.05082566
within_drug_across_line,null,0.028571222
within_drug_across_line,null,0.010432965
within_drug_across_line,null,-0.03366778
within_drug_across_line,null,0.032558624
within_drug_across_line,null,0.01589626
within_drug_across_line,null,0.0009941759
within_drug_across_line,null,-0.0038717121
within_drug_across_line,null,0.018850207
within_drug_across_line,null,0.0018272145
within_drug_across_line,null,-0.012204448
within_drug_across_line,null,-0.0063857115
within_drug_across_line,null,-0.01934511
within_drug_across_line,null,-0.002930816
within_drug_across_line,null,-0.0031498093
within_drug_across_line,null,0.01255152
within_drug_across_line,null,-0.039354097
within_drug_across_line,null,0.025137054
within_drug_across_line,null,0.031715393
within_drug_across_line,null,-0.0284702
within_drug_across_line,null,-0.0037853902
within_drug_across_line,null,0.012866469
within_drug_across_line,null,-0.013359626
within_drug_across_line,null,0.024761314
within_drug_across_line,null,0.02910078
within_drug_across_line,null,-0.051227946
within_drug_across_line,null,-0.059363604
within_drug_across_line,null,-0.011050694
within_drug_across_line,null,-0.034780376
within_drug_across_line,null,-0.00965966
within_drug_across_line,null,-0.010099026
within_drug_across_line,null,-0.04011325
within_drug_across_line,null,-0.054614216
within_drug_across_line,null,0.011131585
within_drug_across_line,null,-0.008962445
within_drug_across_line,null,0.059692763
within_drug_across_line,null,-0.0068418
within_drug_across_line,null,-0.0115070725
within_drug_across_line,null,-0.007876737
within_drug_across_line,null,-0.014146296
within_drug_across_line,null,0.03314242
within_drug_across_line,null,0.057876065
within_drug_across_line,null,0.012172219
within_drug_across_line,null,-0.005657082
within_drug_across_line,null,0.02134829
within_drug_across_line,null,-0.0044990703
within_drug_across_line,null,-0.008559956
within_drug_across_line,null,-0.034464873
within_drug_across_line,null,-0.025351048
within_drug_across_line,null,0.052364737
within_drug_across_line,null,-0.018351555
within_drug_across_line,null,0.028921984
within_drug_across_line,null,0.019389842
within_drug_across_line,null,0.052334122
within_drug_across_line,null,-0.0054700254
within_drug_across_line,null,-0.053266145
within_drug_across_line,null,-0.0018867233
within_drug_across_line,null,0.015042034
within_drug_across_line,null,-0.0313694
within_drug_across_line,null,-0.043154135
within_drug_across_line,null,0.007711029
within_drug_across_line,null,0.0052751536
within_drug_across_line,null,0.0073304945
within_drug_across_line,null,-0.03672207
within_drug_across_line,null,-0.014940275
within_drug_across_line,null,0.009941227
within_drug_across_line,null,-0.004977385
within_drug_across_line,null,0.029231772
within_drug_across_line,null,0.01279835
within_drug_across_line,null,0.009062188
within_drug_across_line,null,-0.03472443
within_drug_across_line,null,-0.01170219
within_drug_across_line,null,0.045661665
within_drug_across_line,null,-0.085501164
within_drug_across_line,null,0.005843553
within_drug_across_line,null,0.031718675
within_drug_across_line,null,0.026287604
within_drug_across_line,null,-0.023829315
within_drug_across_line,null,-0.0069034863
within_drug_across_line,null,0.0047582467
within_drug_across_line,null,-0.04347883
within_drug_across_line,null,0.018744102
within_drug_across_line,null,0.0059084943
within_drug_across_line,null,0.020148607
within_drug_across_line,null,0.0025600458
within_drug_across_line,null,-0.010512172
within_drug_across_line,null,0.009988691
within_drug_across_line,null,0.011716852
within_drug_across_line,null,0.006256282
within_drug_across_line,null,-0.030590594
within_drug_across_line,null,0.010061221
within_drug_across_line,null,-0.053215876
within_drug_across_line,null,-0.016055726
within_drug_across_line,null,-0.009821891
within_drug_across_line,null,-0.00018627889
within_drug_across_line,null,-0.0416453
within_drug_across_line,null,-0.010150207
within_drug_across_line,null,-0.00596944
within_drug_across_line,null,-0.031061132
within_drug_across_line,null,-0.0089941975
within_drug_across_line,null,0.009240464
within_drug_across_line,null,0.014360524
within_drug_across_line,null,0.043817982
within_drug_across_line,null,0.04314421
within_drug_across_line,null,0.012950445
within_drug_across_line,null,0.00880309
within_drug_across_line,null,0.00019298257
within_drug_across_line,null,-0.0057051047
within_drug_across_line,null,-0.0010902361
within_drug_across_line,null,0.018577788
within_drug_across_line,null,0.011572636
within_drug_across_line,null,-0.0496061
within_drug_across_line,null,0.06472105
within_drug_across_line,null,-0.05303494
within_drug_across_line,null,0.011226527
within_drug_across_line,null,-0.06164416
within_drug_across_line,null,-0.04119444
within_drug_across_line,null,0.03669485
within_drug_across_line,null,0.03221243
within_drug_across_line,null,-0.050212093
within_drug_across_line,null,0.013428937
within_drug_across_line,null,0.056477413
within_drug_across_line,null,-0.0058956365
within_drug_across_line,null,0.08009402
within_drug_across_line,null,-0.022175126
within_drug_across_line,null,0.021305777
within_drug_across_line,null,-0.0108854845
within_drug_across_line,null,-0.019134495
within_drug_across_line,null,0.018810404
within_drug_across_line,null,0.024980959
within_drug_across_line,null,-0.049226508
within_drug_across_line,null,-0.027993465
within_drug_across_line,null,0.01775182
within_drug_across_line,null,-0.04070434
within_drug_across_line,null,-0.03837203
within_drug_across_line,null,0.0104962
within_drug_across_line,null,-0.011258137
within_drug_across_line,null,-0.06572149
within_drug_across_line,null,-0.029752867
within_drug_across_line,null,0.044598598
within_drug_across_line,null,0.014308765
within_drug_across_line,null,0.2670094
within_drug_across_line,null,-0.07859073
within_drug_across_line,null,-0.030317029
within_drug_across_line,null,-0.040288597
within_drug_across_line,null,-0.022599122
within_drug_across_line,null,-0.024523383
within_drug_across_line,null,0.02800388
within_drug_across_line,null,0.031014498
within_drug_across_line,null,0.02767513
within_drug_across_line,null,-0.00247509
within_drug_across_line,null,0.024155322
within_drug_across_line,null,0.009893049
within_drug_across_line,null,0.03251629
within_drug_across_line,null,-0.017533042
within_drug_across_line,null,-0.025965258
within_drug_across_line,null,0.008051872
within_drug_across_line,null,-0.033798374
within_drug_across_line,null,-0.0010041218
within_drug_across_line,null,-0.04940139
within_drug_across_line,null,3.390397e-05
within_drug_across_line,null,-0.032575063
within_drug_across_line,null,-0.011762268
within_drug_across_line,null,-0.0017399524
within_drug_across_line,null,-0.0046159085
within_drug_across_line,null,-0.002417629
within_drug_across_line,null,-0.02695996
within_drug_across_line,null,-0.03797297
within_drug_across_line,null,0.023429403
within_drug_across_line,null,-0.06587846
within_drug_across_line,null,-0.0026118336
within_drug_across_line,null,0.0122612305
within_drug_across_line,null,-0.0018105829
within_drug_across_line,null,0.0015779231
within_drug_across_line,null,0.020699358
within_drug_across_line,null,-0.008036317
within_drug_across_line,null,0.020992277
within_drug_across_line,null,-0.020696213
within_drug_across_line,null,0.024640271
within_drug_across_line,null,-0.004488577
within_drug_across_line,null,0.03735736
within_drug_across_line,null,-0.019578403
within_drug_across_line,null,0.001049383
within_drug_across_line,null,0.013180229
within_drug_across_line,null,0.055741493
within_drug_across_line,null,-0.002194777
within_drug_across_line,null,0.0321685
within_drug_across_line,null,-0.024472475
within_drug_across_line,null,-0.007601542
within_drug_across_line,null,-0.019277237
within_drug_across_line,null,0.003986058
within_drug_across_line,null,-0.0019463063
within_drug_across_line,null,0.09033054
within_drug_across_line,null,-0.027432406
within_drug_across_line,null,0.031841513
within_drug_across_line,null,-0.028665207
within_drug_across_line,null,0.015896289
within_drug_across_line,null,-0.015306062
within_drug_across_line,null,0.0065879654
within_drug_across_line,null,0.069745444
within_drug_across_line,null,-0.026847938
within_drug_across_line,null,0.009173008
within_drug_across_line,null,0.0017311358
within_drug_across_line,null,-0.031354547
within_drug_across_line,null,-0.02248225
within_drug_across_line,null,-0.025170356
within_drug_across_line,null,0.028690733
within_drug_across_line,null,-0.004402595
within_drug_across_line,null,0.037479494
within_drug_across_line,null,0.09641799
within_drug_across_line,null,0.03812108
within_drug_across_line,null,-0.011038454
within_drug_across_line,null,0.03093504
within_drug_across_line,null,-0.029099949
within_drug_across_line,null,0.0016806729
within_drug_across_line,null,0.019794907
within_drug_across_line,null,0.054460485
within_drug_across_line,null,-0.060559414
within_drug_across_line,null,-0.051239025
within_drug_across_line,null,-0.029960424
within_drug_across_line,null,-0.074837744
within_drug_across_line,null,-0.028742235
within_drug_across_line,null,-0.025485102
within_drug_across_line,null,0.007152672
within_drug_across_line,null,0.0014184267
within_drug_across_line,null,0.02110042
within_drug_across_line,null,-0.002964418
within_drug_across_line,null,0.056991976
within_drug_across_line,null,-0.0048501086
within_drug_across_line,null,0.053761043
within_drug_across_line,null,-0.07551087
within_drug_across_line,null,0.0076453118
within_drug_across_line,null,0.020615097
within_drug_across_line,null,0.03879889
within_drug_across_line,null,0.0012510696
within_drug_across_line,null,0.0026717295
within_drug_across_line,null,-0.029573495
within_drug_across_line,null,-0.048183803
within_drug_across_line,null,-0.029821644
within_drug_across_line,null,0.010485038
within_drug_across_line,null,-0.011737424
within_drug_across_line,null,-0.0072225733
within_drug_across_line,null,-0.0023615777
within_drug_across_line,null,0.02399811
within_drug_across_line,null,0.01660654
within_drug_across_line,null,0.0041540954
within_drug_across_line,null,0.020039205
within_drug_across_line,null,-0.012411351
within_drug_across_line,null,0.0025077427
within_drug_across_line,null,0.023588661
within_drug_across_line,null,-0.031682935
within_drug_across_line,null,0.017682621
within_drug_across_line,null,0.009123686
within_drug_across_line,null,0.0026335004
within_drug_across_line,null,0.022826225
within_drug_across_line,null,-0.04647799
within_drug_across_line,null,-0.016391763
within_drug_across_line,null,-0.043722298
within_drug_across_line,null,0.008742878
within_drug_across_line,null,-0.015662443
within_drug_across_line,null,0.05965979
within_drug_across_line,null,-0.017500611
within_drug_across_line,null,-0.004326106
within_drug_across_line,null,-0.014274011
within_drug_across_line,null,0.05790684
within_drug_across_line,null,0.035958756
within_drug_across_line,null,0.022843622
within_drug_across_line,null,-0.03104556
within_drug_across_line,null,0.0022494916
within_drug_across_line,null,-0.032177426
within_drug_across_line,null,0.01311377
within_drug_across_line,null,0.0488273
within_drug_across_line,null,0.0091686975
within_drug_across_line,null,0.00093100476
within_drug_across_line,null,0.045036733
within_drug_across_line,null,0.061573222
within_drug_across_line,null,-0.0022130625
within_drug_across_line,null,0.0075116297
within_drug_across_line,null,-0.010750976
within_drug_across_line,null,0.39162663
within_drug_across_line,null,-0.009445565
within_drug_across_line,null,-0.03761401
within_drug_across_line,null,0.007887653
within_drug_across_line,null,-0.0031864038
within_drug_across_line,null,-0.019600268
within_drug_across_line,null,0.032070793
within_drug_across_line,null,-0.007551619
within_drug_across_line,null,-0.007815712
within_drug_across_line,null,0.019397829
within_drug_across_line,null,-0.008241087
within_drug_across_line,null,0.011017098
within_drug_across_line,null,-0.036024183
within_drug_across_line,null,0.013936765
within_drug_across_line,null,-0.022455523
within_drug_across_line,null,0.010522442
within_drug_across_line,null,0.01375732
within_drug_across_line,null,-0.0004369032
within_drug_across_line,null,-0.009735355
within_drug_across_line,null,-0.023370031
within_drug_across_line,null,0.0020378616
within_drug_across_line,null,0.029720917
within_drug_across_line,null,0.03799942
within_drug_across_line,null,-0.024441216
within_drug_across_line,null,-0.005826878
within_drug_across_line,null,-0.018676316
within_drug_across_line,null,-0.02834047
within_drug_across_line,null,0.038159583
within_drug_across_line,null,-0.03449537
within_drug_across_line,null,0.049854152
within_drug_across_line,null,-0.027065974
within_drug_across_line,null,0.042442456
within_drug_across_line,null,0.02875855
within_drug_across_line,null,0.052134946
within_drug_across_line,null,0.0031379994
within_drug_across_line,null,0.017226055
within_drug_across_line,null,0.0021282905
within_drug_across_line,null,0.0272085
within_drug_across_line,null,0.009595929
within_drug_across_line,null,-0.03518782
within_drug_across_line,null,-0.01734752
within_drug_across_line,null,0.038705885
within_drug_across_line,null,-0.007378495
within_drug_across_line,null,-0.07446778
within_drug_across_line,null,-0.049446333
within_drug_across_line,null,-0.028271724
within_drug_across_line,null,0.04563732
within_drug_across_line,null,-0.023472834
within_drug_across_line,null,-0.032928213
within_drug_across_line,null,0.0057213306
within_drug_across_line,null,0.01634225
within_drug_across_line,null,-0.019610446
within_drug_across_line,null,0.02714753
within_drug_across_line,null,-0.01849302
within_drug_across_line,null,0.004676164
within_drug_across_line,null,-0.03314748
within_drug_across_line,null,-0.017629217
within_drug_across_line,null,0.0050684693
within_drug_across_line,null,-0.039110284
within_drug_across_line,null,-0.057906386
within_drug_across_line,null,0.025813632
within_drug_across_line,null,-0.0019322665
within_drug_across_line,null,-0.019389605
within_drug_across_line,null,-0.020040276
within_drug_across_line,null,-0.02916106
within_drug_across_line,null,-0.0009339415
within_drug_across_line,null,0.0012941404
within_drug_across_line,null,0.032415014
within_drug_across_line,null,0.028515296
within_drug_across_line,null,-0.017380593
within_drug_across_line,null,-0.0069056596
within_drug_across_line,null,0.011869686
within_drug_across_line,null,0.009021293
within_drug_across_line,null,0.0063081137
within_drug_across_line,null,0.014072909
within_drug_across_line,null,-0.04421761
within_drug_across_line,null,-0.033674754
within_drug_across_line,null,0.005251894
within_drug_across_line,null,0.035902336
within_drug_across_line,null,0.013799516
within_drug_across_line,null,-0.014769359
within_drug_across_line,null,-0.016559878
within_drug_across_line,null,0.04268083
within_drug_across_line,null,-0.0048228744
within_drug_across_line,null,-0.021564644
within_drug_across_line,null,-0.056833223
within_drug_across_line,null,-0.021607181
within_drug_across_line,null,-0.03020466
within_drug_across_line,null,0.03132828
within_drug_across_line,null,-0.032956798
within_drug_across_line,null,-0.006320371
within_drug_across_line,null,-0.01188784
within_drug_across_line,null,0.017474005
within_drug_across_line,null,0.063217394
within_drug_across_line,null,-0.08390692
within_drug_across_line,null,0.029528707
within_drug_across_line,null,-0.017269447
within_drug_across_line,null,-0.008891148
within_drug_across_line,null,-0.001755378
within_drug_across_line,null,0.020434573
within_drug_across_line,null,0.021937113
within_drug_across_line,null,0.022489691
within_drug_across_line,null,-0.013297528
within_drug_across_line,null,0.0020329873
within_drug_across_line,null,-0.0064303936
within_drug_across_line,null,-0.029361947
within_drug_across_line,null,0.041979533
within_drug_across_line,null,-0.0023292534
within_drug_across_line,null,-0.03533329
within_drug_across_line,null,-0.035878513
within_drug_across_line,null,-0.05318417
within_drug_across_line,null,-0.0048564784
within_drug_across_line,null,-0.026886854
within_drug_across_line,null,-0.062357172
within_drug_across_line,null,0.006664566
within_drug_across_line,null,0.039030768
within_drug_across_line,null,-0.0033179696
within_drug_across_line,null,-0.0014363057
within_drug_across_line,null,-0.01937468
within_drug_across_line,null,-0.017402027
within_drug_across_line,null,0.04370808
within_drug_across_line,null,-0.036343638
within_drug_across_line,null,-0.07758236
within_drug_across_line,null,0.025214588
within_drug_across_line,null,-0.010608152
within_drug_across_line,null,-0.02809257
within_drug_across_line,null,0.008154221
within_drug_across_line,null,0.011302237
within_drug_across_line,null,-0.016874973
within_drug_across_line,null,-0.013413691
within_drug_across_line,null,-0.013459627
within_drug_across_line,null,-0.020345181
within_drug_across_line,null,0.050294973
within_drug_across_line,null,-0.0053301724
within_drug_across_line,null,-0.009002791
within_drug_across_line,null,-0.03343795
within_drug_across_line,null,-0.06867959
within_drug_across_line,null,0.007798014
within_drug_across_line,null,0.015060401
within_drug_across_line,null,-0.04306344
within_drug_across_line,null,-0.05109009
within_drug_across_line,null,-0.015835606
within_drug_across_line,null,-0.029540315
within_drug_across_line,null,0.0030465922
within_drug_across_line,null,-0.05681159
within_drug_across_line,null,0.059099536
within_drug_across_line,null,0.015781984
within_drug_across_line,null,0.0018603938
within_drug_across_line,null,-0.02043145
within_drug_across_line,null,-0.008587735
within_drug_across_line,null,0.10549465
within_drug_across_line,null,-0.03217369
within_drug_across_line,null,-0.06088787
within_drug_across_line,null,0.0032234055
within_drug_across_line,null,0.0040748166
within_drug_across_line,null,0.04832082
within_drug_across_line,null,-0.006896908
within_drug_across_line,null,-0.005170593
within_drug_across_line,null,-0.002535888
within_drug_across_line,null,-0.00685589
within_drug_across_line,null,0.0063214474
within_drug_across_line,null,0.0036931098
within_drug_across_line,null,0.016477345
within_drug_across_line,null,0.05037409
within_drug_across_line,null,-0.024239209
within_drug_across_line,null,-0.020450184
within_drug_across_line,null,0.05871777
within_drug_across_line,null,0.007817089
within_drug_across_line,null,0.0053813723
within_drug_across_line,null,0.021633456
within_drug_across_line,null,0.040048968
within_drug_across_line,null,0.037562918
within_drug_across_line,null,0.0047031846
within_drug_across_line,null,0.09390403
within_drug_across_line,null,0.01942812
within_drug_across_line,null,0.006506069
within_drug_across_line,null,0.040584896
within_drug_across_line,null,-0.0050611054
within_drug_across_line,null,0.034096673
within_drug_across_line,null,-0.0080333995
within_drug_across_line,null,0.045511305
within_drug_across_line,null,-0.008286421
within_drug_across_line,null,0.032885686
within_drug_across_line,null,0.010006228
within_drug_across_line,null,0.044729605
within_drug_across_line,null,0.03975013
within_drug_across_line,null,-0.04393562
within_drug_across_line,null,-0.005026194
within_drug_across_line,null,0.039428353
within_drug_across_line,null,0.039998952
within_drug_across_line,null,0.005770744
within_drug_across_line,null,-0.020107487
within_drug_across_line,null,0.019059403
within_drug_across_line,null,-0.026847659
within_drug_across_line,null,0.015473253
within_drug_across_line,null,-0.018261934
within_drug_across_line,null,-0.017184416
within_drug_across_line,null,-0.0076510604
within_drug_across_line,null,-0.038911905
within_drug_across_line,null,0.0065135495
within_drug_across_line,null,0.08289707
within_drug_across_line,null,0.04208387
within_drug_across_line,null,0.0023806328
within_drug_across_line,null,-0.06564181
within_drug_across_line,null,-0.015689354
within_drug_across_line,null,-0.041787554
within_drug_across_line,null,-0.02357761
within_drug_across_line,null,-0.022407861
within_drug_across_line,null,0.0024007142
within_drug_across_line,null,0.028033383
within_drug_across_line,null,0.008696905
within_drug_across_line,null,0.011936302
within_drug_across_line,null,-0.01182162
within_drug_across_line,null,-0.022018826
within_drug_across_line,null,-0.006068012
within_drug_across_line,null,-0.023762459
within_drug_across_line,null,-0.024641756
within_drug_across_line,null,-0.03164882
within_drug_across_line,null,0.039158344
within_drug_across_line,null,-0.041750476
within_drug_across_line,null,-0.01564065
within_drug_across_line,null,-0.027530652
within_drug_across_line,null,0.02253155
within_drug_across_line,null,0.052036088
within_drug_across_line,null,0.016987825
within_drug_across_line,null,0.019697186
within_drug_across_line,null,0.033081625
within_drug_across_line,null,0.015365084
within_drug_across_line,null,-0.0027756877
within_drug_across_line,null,0.06198837
within_drug_across_line,null,-0.0020489402
within_drug_across_line,null,0.029502481
within_drug_across_line,null,0.03935736
within_drug_across_line,null,0.026315657
within_drug_across_line,null,-0.023927461
within_drug_across_line,null,-0.04465672
within_drug_across_line,null,-0.010014942
within_drug_across_line,null,-0.0010044618
within_drug_across_line,null,-0.049639195
within_drug_across_line,null,0.005457658
within_drug_across_line,null,-0.03224488
within_drug_across_line,null,-0.013107735
within_drug_across_line,null,-0.019098125
within_drug_across_line,null,0.043743722
within_drug_across_line,null,0.024470456
within_drug_across_line,null,0.034418162
within_drug_across_line,null,0.027157016
within_drug_across_line,null,-0.05538745
within_drug_across_line,null,0.02809167
within_drug_across_line,null,-0.03965076
within_drug_across_line,null,0.011329793
within_drug_across_line,null,-0.031051809
within_drug_across_line,null,0.0065308358
within_drug_across_line,null,0.01865251
within_drug_across_line,null,-0.045803152
within_drug_across_line,null,-0.018415354
within_drug_across_line,null,-0.010590519
within_drug_across_line,null,-0.03405672
within_drug_across_line,null,-0.027999822
within_drug_across_line,null,0.0115720425
within_drug_across_line,null,-0.00073057465
within_drug_across_line,null,0.04488964
within_drug_across_line,null,-0.020841794
within_drug_across_line,null,0.03521045
within_drug_across_line,null,-0.00046118296
within_drug_across_line,null,0.011939123
within_drug_across_line,null,-0.004196986
within_drug_across_line,null,-0.021628698
within_drug_across_line,null,-0.010079479
within_drug_across_line,null,-0.012498032
within_drug_across_line,null,-0.028380208
within_drug_across_line,null,-0.0008222077
within_drug_across_line,null,-0.040726133
within_drug_across_line,null,0.031068737
within_drug_across_line,null,0.011600581
within_drug_across_line,null,-0.06296028
within_drug_across_line,null,0.023687664
within_drug_across_line,null,-0.024998333
within_drug_across_line,null,0.044396274
within_drug_across_line,null,-0.0209168
within_drug_across_line,null,0.04191221
within_drug_across_line,null,-0.027125454
within_drug_across_line,null,-0.037025955
within_drug_across_line,null,0.010164236
within_drug_across_line,null,-0.024759375
within_drug_across_line,null,0.043610934
within_drug_across_line,null,0.030509578
within_drug_across_line,null,-0.007542459
within_drug_across_line,null,0.04616965
within_drug_across_line,null,-0.00035084877
within_drug_across_line,null,0.01855229
within_drug_across_line,null,0.0013588846
within_drug_across_line,null,-0.021830583
within_drug_across_line,null,0.038378954
within_drug_across_line,null,0.0086862715
within_drug_across_line,null,0.0033308591
within_drug_across_line,null,-0.0015421747
within_drug_across_line,null,-0.022633625
within_drug_across_line,null,-0.021413475
within_drug_across_line,null,0.0056807036
within_drug_across_line,null,-0.030945003
within_drug_across_line,null,-0.045374352
within_drug_across_line,null,0.028157432
within_drug_across_line,null,-0.03779353
within_drug_across_line,null,-0.02923141
within_drug_across_line,null,0.018312179
within_drug_across_line,null,0.0045598485
within_drug_across_line,null,0.02995449
within_drug_across_line,null,-0.007832128
within_drug_across_line,null,-0.041909285
within_drug_across_line,null,-0.05582521
within_drug_across_line,null,0.028606715
within_drug_across_line,null,0.0038722197
within_drug_across_line,null,-0.087121084
within_drug_across_line,null,-0.024118772
within_drug_across_line,null,-0.019194512
within_drug_across_line,null,-0.036199145
within_drug_across_line,null,0.020234164
within_drug_across_line,null,-0.017762074
within_drug_across_line,null,0.014439704
within_drug_across_line,null,0.00031027183
within_drug_across_line,null,0.026637234
within_drug_across_line,null,0.033129923
within_drug_across_line,null,0.014710487
within_drug_across_line,null,0.034095287
within_drug_across_line,null,-0.0033798302
within_drug_across_line,null,0.14360233
within_drug_across_line,null,0.045216806
within_drug_across_line,null,-0.011697692
within_drug_across_line,null,0.043172713
within_drug_across_line,null,-0.01610187
within_drug_across_line,null,-0.021866128
within_drug_across_line,null,0.0032475865
within_drug_across_line,null,-0.037884746
within_drug_across_line,null,-0.03807935
within_drug_across_line,null,0.004419642
within_drug_across_line,null,0.005383204
within_drug_across_line,null,0.019810535
within_drug_across_line,null,0.02053422
within_drug_across_line,null,-0.02346467
within_drug_across_line,null,-0.038527075
within_drug_across_line,null,-0.013979708
within_drug_across_line,null,0.007842269
within_drug_across_line,null,0.028711574
within_drug_across_line,null,0.001029434
within_drug_across_line,null,0.021243634
within_drug_across_line,null,-0.0133874435
within_drug_across_line,null,0.020566875
within_drug_across_line,null,0.015700864
within_drug_across_line,null,0.026285851
within_drug_across_line,null,-0.015682338
within_drug_across_line,null,-0.052543584
within_drug_across_line,null,0.029470269
within_drug_across_line,null,-0.01675022
within_drug_across_line,null,0.0091353515
within_drug_across_line,null,0.004191227
within_drug_across_line,null,0.024405774
within_drug_across_line,null,0.011851352
within_drug_across_line,null,-0.0042807213
within_drug_across_line,null,-0.016596
within_drug_across_line,null,0.018354647
within_drug_across_line,null,0.026929725
within_drug_across_line,null,0.012882544
within_drug_across_line,null,-0.01455759
within_drug_across_line,null,0.033220746
within_drug_across_line,null,0.009198875
within_drug_across_line,null,-0.00364934
within_drug_across_line,null,-0.06959353
within_drug_across_line,null,-0.035077386
within_drug_across_line,null,-0.005623989
within_drug_across_line,null,0.022301331
within_drug_across_line,null,-0.01428476
within_drug_across_line,null,-0.005820634
within_drug_across_line,null,-5.8115624e-05
within_drug_across_line,null,-0.0080654295
within_drug_across_line,null,0.0030395617
within_drug_across_line,null,-0.0025391723
within_drug_across_line,null,0.050603762
within_drug_across_line,null,0.02717659
within_drug_across_line,null,-0.029914439
within_drug_across_line,null,0.022946937
within_drug_across_line,null,-2.8192459e-05
within_drug_across_line,null,-0.0077154986
within_drug_across_line,null,0.03279211
within_drug_across_line,null,-0.010177527
within_drug_across_line,null,-0.022287695
within_drug_across_line,null,-0.04323498
within_drug_across_line,null,-0.020107733
within_drug_across_line,null,0.009302631
within_drug_across_line,null,0.068092085
within_drug_across_line,null,-0.04251869
within_drug_across_line,null,0.013909778
within_drug_across_line,null,-0.06688252
within_drug_across_line,null,0.0048204344
within_drug_across_line,null,-0.0360751
within_drug_across_line,null,0.0068312823
within_drug_across_line,null,0.024759764
within_drug_across_line,null,0.026071122
within_drug_across_line,null,-0.05437851
within_drug_across_line,null,-0.013255201
within_drug_across_line,null,0.01612554
within_drug_across_line,null,-0.027940193
within_drug_across_line,null,0.046340242
within_drug_across_line,null,0.009122159
within_drug_across_line,null,-0.045568455
within_drug_across_line,null,-0.016090997
within_drug_across_line,null,0.0113621615
within_drug_across_line,null,-0.001520039
within_drug_across_line,null,0.02724591
within_drug_across_line,null,0.03588093
within_drug_across_line,null,0.017473305
within_drug_across_line,null,-0.011097217
within_drug_across_line,null,-0.00091933424
within_drug_across_line,null,-0.001007516
within_drug_across_line,null,-0.027898991
within_drug_across_line,null,0.032877784
within_drug_across_line,null,-0.0036898206
within_drug_across_line,null,0.013815254
within_drug_across_line,null,-0.0023567262
within_drug_across_line,null,0.03624348
within_drug_across_line,null,0.004991161
within_drug_across_line,null,0.030660016
within_drug_across_line,null,0.016395437
within_drug_across_line,null,-0.0019867397
within_drug_across_line,null,-0.0340809
within_drug_across_line,null,0.0023891998
within_drug_across_line,null,0.0034498302
within_drug_across_line,null,-0.032864172
within_drug_across_line,null,0.03186065
within_drug_across_line,null,-0.079280175
within_drug_across_line,null,0.0100930575
within_drug_across_line,null,-0.01811742
within_drug_across_line,null,0.003266385
within_drug_across_line,null,-0.001045238
within_drug_across_line,null,-0.005665067
within_drug_across_line,null,0.0080513125
within_drug_across_line,null,0.011133832
within_drug_across_line,null,0.4532897
within_drug_across_line,null,0.010183777
within_drug_across_line,null,-0.010668886
within_drug_across_line,null,-0.00031780757
within_drug_across_line,null,-0.024688536
within_drug_across_line,null,0.03186281
within_drug_across_line,null,-0.01733806
within_drug_across_line,null,-0.031052902
within_drug_across_line,null,0.046518836
within_drug_across_line,null,-0.04376867
within_drug_across_line,null,0.0140896905
within_drug_across_line,null,-0.003053847
within_drug_across_line,null,0.01367896
within_drug_across_line,null,-0.0052414453
within_drug_across_line,null,0.019740405
within_drug_across_line,null,-0.0034164686
within_drug_across_line,null,-0.009618479
within_drug_across_line,null,0.049064267
within_drug_across_line,null,-0.007105674
within_drug_across_line,null,-7.414448e-06
within_drug_across_line,null,-0.024563026
within_drug_across_line,null,-0.074626975
within_drug_across_line,null,-0.007314943
within_drug_across_line,null,0.020612855
within_drug_across_line,null,-0.030773133
within_drug_across_line,null,-0.044445906
within_drug_across_line,null,-0.01310956
within_drug_across_line,null,0.054629188
within_drug_across_line,null,0.0055216034
within_drug_across_line,null,-0.03900196
within_drug_across_line,null,0.0011864665
within_drug_across_line,null,-0.007510174
within_drug_across_line,null,-0.0016309714
within_drug_across_line,null,0.033559497
within_drug_across_line,null,0.017706439
within_drug_across_line,null,-0.015661385
within_drug_across_line,null,0.00072423706
within_drug_across_line,null,0.020201843
within_drug_across_line,null,-0.0019890515
within_drug_across_line,null,0.06752329
within_drug_across_line,null,0.015512457
within_drug_across_line,null,-0.0045371386
within_drug_across_line,null,0.01471432
within_drug_across_line,null,0.029579347
within_drug_across_line,null,-0.011227643
within_drug_across_line,null,0.04817535
within_drug_across_line,null,0.05941367
within_drug_across_line,null,-0.0029689367
within_drug_across_line,null,-0.02361224
within_drug_across_line,null,0.014077729
within_drug_across_line,null,-0.014475337
within_drug_across_line,null,0.010189956
within_drug_across_line,null,0.023683218
within_drug_across_line,null,0.0375971
within_drug_across_line,null,0.07549269
within_drug_across_line,null,-0.030188767
within_drug_across_line,null,0.0061919997
within_drug_across_line,null,-0.052397944
within_drug_across_line,null,-0.012840173
within_drug_across_line,null,0.0030345744
within_drug_across_line,null,-0.052776925
within_drug_across_line,null,0.041053798
within_drug_across_line,null,-0.026307715
within_drug_across_line,null,0.018564565
within_drug_across_line,null,-0.035702787
within_drug_across_line,null,-0.0054674936
within_drug_across_line,null,-0.044270292
within_drug_across_line,null,-0.008834148
within_drug_across_line,null,-0.020679494
within_drug_across_line,null,-0.014257114
within_drug_across_line,null,-0.0035585784
within_drug_across_line,null,-0.042213824
within_drug_across_line,null,0.14158687
within_drug_across_line,null,-0.015664514
within_drug_across_line,null,-0.003437645
within_drug_across_line,null,-0.057804327
within_drug_across_line,null,0.00037377584
within_drug_across_line,null,0.01048927
within_drug_across_line,null,-0.020280657
within_drug_across_line,null,-0.035588093
within_drug_across_line,null,-0.0049606026
within_drug_across_line,null,0.016615957
within_drug_across_line,null,-0.074652985
within_drug_across_line,null,0.0044980017
within_drug_across_line,null,-0.0016274354
within_drug_across_line,null,0.06870535
within_drug_across_line,null,-0.06667558
within_drug_across_line,null,0.0050195362
within_drug_across_line,null,0.055206966
within_drug_across_line,null,-0.0008230011
within_drug_across_line,null,-0.019792877
within_drug_across_line,null,-0.058450818
within_drug_across_line,null,0.012911327
within_drug_across_line,null,0.108871356
within_drug_across_line,null,-0.047083985
within_drug_across_line,null,-0.01605213
within_drug_across_line,null,0.09850185
within_drug_across_line,null,0.008428717
within_drug_across_line,null,0.0073205265
within_drug_across_line,null,0.014200271
within_drug_across_line,null,0.09490529
within_drug_across_line,null,0.09072037
within_drug_across_line,null,-0.0069067455
within_drug_across_line,null,0.007512735
within_drug_across_line,null,0.010806402
within_drug_across_line,null,-0.019407395
within_drug_across_line,null,0.0033751891
within_drug_across_line,null,-0.0069748084
within_drug_across_line,null,0.03472227
within_drug_across_line,null,0.015418649
within_drug_across_line,null,0.013360776
within_drug_across_line,null,0.12441455
within_drug_across_line,null,0.02209062
within_drug_across_line,null,0.010828692
within_drug_across_line,null,0.014621595
within_drug_across_line,null,0.016379463
within_drug_across_line,null,0.0021767584
within_drug_across_line,null,0.02721918
within_drug_across_line,null,0.010636373
within_drug_across_line,null,-0.0019072009
within_drug_across_line,null,0.0077318787
within_drug_across_line,null,0.008328768
within_drug_across_line,null,0.026022717
within_drug_across_line,null,0.052322857
within_drug_across_line,null,0.016586393
within_drug_across_line,null,-0.037768494
within_drug_across_line,null,-0.008201866
within_drug_across_line,null,0.008017385
within_drug_across_line,null,0.0023952173
within_drug_across_line,null,0.07486701
within_drug_across_line,null,0.007701322
within_drug_across_line,null,0.017910112
within_drug_across_line,null,0.031989492
within_drug_across_line,null,0.079664454
within_drug_across_line,null,-0.008506056
within_drug_across_line,null,0.0020992158
within_drug_across_line,null,-0.02764572
within_drug_across_line,null,0.0012345725
within_drug_across_line,null,0.006809658
within_drug_across_line,null,0.026923094
within_drug_across_line,null,-0.012613812
within_drug_across_line,null,0.05592375
within_drug_across_line,null,-0.011848245
within_drug_across_line,null,0.0076562585
within_drug_across_line,null,0.006788837
within_drug_across_line,null,-0.032438483
within_drug_across_line,null,-0.011805213
within_drug_across_line,null,0.03484643
within_drug_across_line,null,-0.006402259
within_drug_across_line,null,0.0045167943
within_drug_across_line,null,-0.028395662
within_drug_across_line,null,0.0033990236
within_drug_across_line,null,-0.026978094
within_drug_across_line,null,-0.036878817
within_drug_across_line,null,0.014833857
within_drug_across_line,null,-0.0059331125
within_drug_across_line,null,3.220642e-05
within_drug_across_line,null,0.328862
within_drug_across_line,null,0.00549954
within_drug_across_line,null,0.031518057
within_drug_across_line,null,0.03589895
within_drug_across_line,null,-0.007603931
within_drug_across_line,null,-0.0010714624
within_drug_across_line,null,0.024859065
within_drug_across_line,null,-0.021081127
within_drug_across_line,null,0.016814968
within_drug_across_line,null,-0.021207623
within_drug_across_line,null,-0.03437176
within_drug_across_line,null,-0.0099105975
within_drug_across_line,null,-0.028116709
within_drug_across_line,null,-0.007369607
within_drug_across_line,null,-0.005397068
within_drug_across_line,null,0.02656827
within_drug_across_line,null,-0.03527613
within_drug_across_line,null,-0.009359602
within_drug_across_line,null,-0.0160035
within_drug_across_line,null,-0.019039398
within_drug_across_line,null,-0.0349807
within_drug_across_line,null,0.079313986
within_drug_across_line,null,0.06101801
within_drug_across_line,null,0.0049247104
within_drug_across_line,null,-0.007388612
within_drug_across_line,null,0.034680586
within_drug_across_line,null,-0.034861006
within_drug_across_line,null,0.006659634
within_drug_across_line,null,-0.020992434
within_drug_across_line,null,0.014866691
within_drug_across_line,null,0.012942879
within_drug_across_line,null,0.027300438
within_drug_across_line,null,-0.0022887203
within_drug_across_line,null,-0.023494296
within_drug_across_line,null,-0.019148381
within_drug_across_line,null,-0.0038986076
within_drug_across_line,null,0.03792
within_drug_across_line,null,-0.011007103
within_drug_across_line,null,-0.015971538
within_drug_across_line,null,-0.02609117
within_drug_across_line,null,-0.01134029
within_drug_across_line,null,0.019391276
within_drug_across_line,null,-0.02238274
within_drug_across_line,null,0.0010957898
within_drug_across_line,null,-0.0011749943
within_drug_across_line,null,0.0075362534
within_drug_across_line,null,0.027149534
within_drug_across_line,null,0.0020992062
within_drug_across_line,null,-0.018671907
within_drug_across_line,null,-0.038362443
within_drug_across_line,null,-0.02751001
within_drug_across_line,null,0.0028055424
within_drug_across_line,null,0.019341785
within_drug_across_line,null,-0.06312224
within_drug_across_line,null,-1.703186e-05
within_drug_across_line,null,-0.005769994
within_drug_across_line,null,-0.08170842
within_drug_across_line,null,-0.0011376273
within_drug_across_line,null,0.009755445
within_drug_across_line,null,0.01690257
within_drug_across_line,null,-0.005092639
within_drug_across_line,null,0.024101451
within_drug_across_line,null,0.0120094735
within_drug_across_line,null,0.005706267
within_drug_across_line,null,-0.0026806544
within_drug_across_line,null,-0.02274719
within_drug_across_line,null,0.024672095
within_drug_across_line,null,0.019227339
within_drug_across_line,null,-0.004978061
within_drug_across_line,null,-0.012592921
within_drug_across_line,null,-0.024387369
within_drug_across_line,null,-0.037692197
within_drug_across_line,null,-0.036270723
within_drug_across_line,null,0.015621114
within_drug_across_line,null,-0.026417088
within_drug_across_line,null,0.02813648
within_drug_across_line,null,0.029635718
within_drug_across_line,null,-0.0136192255
within_drug_across_line,null,-0.038468026
within_drug_across_line,null,-0.01872637
within_drug_across_line,null,-0.024352724
within_drug_across_line,null,-0.03498741
within_drug_across_line,null,-0.023395812
within_drug_across_line,null,-0.022065673
within_drug_across_line,null,0.025897682
within_drug_across_line,null,0.027780375
within_drug_across_line,null,-0.012529484
within_drug_across_line,null,-0.002849906
within_drug_across_line,null,-0.0070537035
within_drug_across_line,null,0.04410164
within_drug_across_line,null,0.009128476
within_drug_across_line,null,-0.001994029
within_drug_across_line,null,-0.011622072
within_drug_across_line,null,0.012062845
within_drug_across_line,null,-0.01327259
within_drug_across_line,null,-0.00035956115
within_drug_across_line,null,0.02217734
within_drug_across_line,null,-0.030091295
within_drug_across_line,null,-0.006941145
within_drug_across_line,null,-0.008424106
within_drug_across_line,null,0.030057505
within_drug_across_line,null,-0.05483052
within_drug_across_line,null,-0.016474416
within_drug_across_line,null,0.0017549786
within_drug_across_line,null,0.03345059
within_drug_across_line,null,0.014130246
within_drug_across_line,null,-0.05876978
within_drug_across_line,null,0.011621386
within_drug_across_line,null,-0.006771803
within_drug_across_line,null,0.002927297
within_drug_across_line,null,-0.0030252805
within_drug_across_line,null,0.03368607
within_drug_across_line,null,0.010379928
within_drug_across_line,null,-0.017753905
within_drug_across_line,null,-0.0030321418
within_drug_across_line,null,0.018649573
within_drug_across_line,null,0.03352282
within_drug_across_line,null,-0.03221558
within_drug_across_line,null,-0.015215697
within_drug_across_line,null,-0.011958355
within_drug_across_line,null,-0.02888366
within_drug_across_line,null,0.0012389964
within_drug_across_line,null,-0.02552544
within_drug_across_line,null,0.015561988
within_drug_across_line,null,-0.06911738
within_drug_across_line,null,0.043615498
within_drug_across_line,null,0.04524886
within_drug_across_line,null,-0.00609597
within_drug_across_line,null,-0.016570678
within_drug_across_line,null,0.017350545
within_drug_across_line,null,-0.0011353927
within_drug_across_line,null,-0.0025183454
within_drug_across_line,null,0.009517348
within_drug_across_line,null,-0.0034376886
within_drug_across_line,null,-0.00013539645
within_drug_across_line,null,-0.069986194
within_drug_across_line,null,-0.048988543
within_drug_across_line,null,-0.0050948854
within_drug_across_line,null,-0.023297906
within_drug_across_line,null,-0.025679817
within_drug_across_line,null,0.0012785149
within_drug_across_line,null,0.034696717
within_drug_across_line,null,0.0056903553
within_drug_across_line,null,0.022857875
within_drug_across_line,null,0.021686336
within_drug_across_line,null,-0.032903805
within_drug_across_line,null,0.0011401006
within_drug_across_line,null,0.017058628
within_drug_across_line,null,0.020211652
within_drug_across_line,null,0.037571706
within_drug_across_line,null,-0.0366979
within_drug_across_line,null,0.034998298
within_drug_across_line,null,-0.022307059
within_drug_across_line,null,-0.019220723
within_drug_across_line,null,0.034932297
within_drug_across_line,null,0.017139232
within_drug_across_line,null,-0.0029291203
within_drug_across_line,null,-0.030153118
within_drug_across_line,null,0.008404865
within_drug_across_line,null,-0.0087745385
within_drug_across_line,null,-0.041724134
within_drug_across_line,null,0.02195558
within_drug_across_line,null,0.05424032
within_drug_across_line,null,-0.0103532635
within_drug_across_line,null,0.004114432
within_drug_across_line,null,0.0046170987
within_drug_across_line,null,0.038146492
within_drug_across_line,null,0.029241357
within_drug_across_line,null,-0.019085225
within_drug_across_line,null,-0.01633096
within_drug_across_line,null,-0.028444324
within_drug_across_line,null,-0.037608974
within_drug_across_line,null,-0.00016509784
within_drug_across_line,null,1.1257381e-05
within_drug_across_line,null,-0.029667906
within_drug_across_line,null,0.013730064
within_drug_across_line,null,-0.046250053
within_drug_across_line,null,-0.05895234
within_drug_across_line,null,-0.0035952162
within_drug_across_line,null,-0.053439267
within_drug_across_line,null,-0.0007671021
within_drug_across_line,null,0.018645033
within_drug_across_line,null,0.020022038
within_drug_across_line,null,0.03781962
within_drug_across_line,null,0.020253845
within_drug_across_line,null,0.03770169
within_drug_across_line,null,0.037893876
within_drug_across_line,null,-0.02770895
within_drug_across_line,null,0.0091137355
within_drug_across_line,null,-0.035553735
within_drug_across_line,null,-0.0023058273
within_drug_across_line,null,-0.019146964
within_drug_across_line,null,-0.00049217965
within_drug_across_line,null,-0.00058992737
within_drug_across_line,null,-0.05848536
within_drug_across_line,null,0.003338199
within_drug_across_line,null,0.011929611
within_drug_across_line,null,-0.003957714
within_drug_across_line,null,0.03649853
within_drug_across_line,null,0.014618438
within_drug_across_line,null,-0.0010669132
within_drug_across_line,null,0.018454995
within_drug_across_line,null,0.043278486
within_drug_across_line,null,-0.021301229
within_drug_across_line,null,0.053319868
within_drug_across_line,null,-0.0071603702
within_drug_across_line,null,-0.0165384
within_drug_across_line,null,0.02496811
within_drug_across_line,null,-0.04471743
within_drug_across_line,null,-0.0068010185
within_drug_across_line,null,-0.00040111228
within_drug_across_line,null,-0.03701077
within_drug_across_line,null,0.007329295
within_drug_across_line,null,-0.00511081
within_drug_across_line,null,0.019638417
within_drug_across_line,null,0.041093696
within_drug_across_line,null,-0.09072404
within_drug_across_line,null,-0.03964178
within_drug_across_line,null,-0.009728114
within_drug_across_line,null,0.017907046
within_drug_across_line,null,0.014669601
within_drug_across_line,null,-0.023855437
within_drug_across_line,null,0.013258018
within_drug_across_line,null,-0.028014837
within_drug_across_line,null,0.013515111
within_drug_across_line,null,0.0375931
within_drug_across_line,null,0.0023999903
within_drug_across_line,null,0.03806096
within_drug_across_line,null,0.016752563
within_drug_across_line,null,0.011046165
within_drug_across_line,null,-0.010804739
within_drug_across_line,null,-0.043192867
within_drug_across_line,null,-0.055764623
within_drug_across_line,null,-0.07993638
within_drug_across_line,null,-0.026122216
within_drug_across_line,null,0.000675801
within_drug_across_line,null,0.044056986
within_drug_across_line,null,-0.0226874
within_drug_across_line,null,0.007547265
within_drug_across_line,null,0.025891198
within_drug_across_line,null,0.043380726
within_drug_across_line,null,0.00893708
within_drug_across_line,null,-0.013998462
within_drug_across_line,null,-0.024172988
within_drug_across_line,null,-0.028457597
within_drug_across_line,null,0.015178185
within_drug_across_line,null,-0.003430313
within_drug_across_line,null,0.052245367
within_drug_across_line,null,-0.0028435835
within_drug_across_line,null,0.006462598
within_drug_across_line,null,-0.010036021
within_drug_across_line,null,0.03672268
within_drug_across_line,null,0.028821932
within_drug_across_line,null,0.013822537
within_drug_across_line,null,-0.0111943735
within_drug_across_line,null,-0.0024296953
within_drug_across_line,null,-0.0011235746
within_drug_across_line,null,0.018706564
within_drug_across_line,null,-0.002537397
within_drug_across_line,null,0.0125594605
within_drug_across_line,null,-0.00951816
within_drug_across_line,null,-0.000995105
within_drug_across_line,null,-0.027685286
within_drug_across_line,null,-0.025120828
within_drug_across_line,null,-0.023024656
within_drug_across_line,null,0.0045689144
within_drug_across_line,null,-0.021455588
within_drug_across_line,null,-0.0017554765
within_drug_across_line,null,-0.01647565
within_drug_across_line,null,0.021303475
within_drug_across_line,null,-0.004091467
within_drug_across_line,null,-0.007789893
within_drug_across_line,null,-0.0008497147
within_drug_across_line,null,-0.080064945
within_drug_across_line,null,-0.024992522
within_drug_across_line,null,-0.021045115
within_drug_across_line,null,0.002379914
within_drug_across_line,null,-0.019192602
within_drug_across_line,null,0.037455596
within_drug_across_line,null,-0.021475995
within_drug_across_line,null,0.00036741354
within_drug_across_line,null,-0.016870232
within_drug_across_line,null,-0.016112003
within_drug_across_line,null,-0.0141723575
within_drug_across_line,null,-1.8589926e-05
within_drug_across_line,null,-0.011190975
within_drug_across_line,null,-0.03943662
within_drug_across_line,null,-0.004253984
within_drug_across_line,null,-0.042934377
within_drug_across_line,null,-0.011002243
within_drug_across_line,null,0.012685068
within_drug_across_line,null,0.057600934
within_drug_across_line,null,0.013862057
within_drug_across_line,null,-0.045844838
within_drug_across_line,null,0.015129057
within_drug_across_line,null,0.011665864
within_drug_across_line,null,0.043406386
within_drug_across_line,null,-0.009410343
within_drug_across_line,null,0.03111482
within_drug_across_line,null,-0.009486599
within_drug_across_line,null,-0.008654385
within_drug_across_line,null,0.046673957
within_drug_across_line,null,0.016678821
within_drug_across_line,null,0.011639652
within_drug_across_line,null,-0.025420614
within_drug_across_line,null,-1.2770795e-05
within_drug_across_line,null,0.011526162
within_drug_across_line,null,-0.0049191127
within_drug_across_line,null,0.0077129984
within_drug_across_line,null,-0.014968682
within_drug_across_line,null,0.0043919897
within_drug_across_line,null,-0.002098824
within_drug_across_line,null,0.039459687
within_drug_across_line,null,-0.061199278
within_drug_across_line,null,-0.01834461
within_drug_across_line,null,-0.022722779
within_drug_across_line,null,-0.02136381
within_drug_across_line,null,0.012215921
within_drug_across_line,null,0.014831055
within_drug_across_line,null,-0.00475476
within_drug_across_line,null,-0.034567747
within_drug_across_line,null,0.04338553
within_drug_across_line,null,-0.005605774
within_drug_across_line,null,-0.017569894
within_drug_across_line,null,0.041734233
within_drug_across_line,null,0.02724513
within_drug_across_line,null,-0.008636546
within_drug_across_line,null,0.04102133
within_drug_across_line,null,-0.01790166
within_drug_across_line,null,-0.05402511
within_drug_across_line,null,-0.01295292
within_drug_across_line,null,0.0377246
within_drug_across_line,null,-0.008146169
within_drug_across_line,null,-0.027620858
within_drug_across_line,null,-0.0031640443
within_drug_across_line,null,0.0077737398
within_drug_across_line,null,0.021810072
within_drug_across_line,null,-0.08425747
within_drug_across_line,null,-0.027480504
within_drug_across_line,null,-0.0030685437
within_drug_across_line,null,-0.018086169
within_drug_across_line,null,-0.002421019
within_drug_across_line,null,0.010269551
within_drug_across_line,null,-0.111766264
within_drug_across_line,null,0.007855292
within_drug_across_line,null,0.057459284
within_drug_across_line,null,0.012719006
within_drug_across_line,null,-0.01643967
within_drug_across_line,null,-0.019222634
within_drug_across_line,null,-0.01885142
within_drug_across_line,null,-0.011075874
within_drug_across_line,null,0.020720676
within_drug_across_line,null,-0.03249856
within_drug_across_line,null,-0.026737532
within_drug_across_line,null,-0.032098286
within_drug_across_line,null,-0.042108722
within_drug_across_line,null,0.010619202
within_drug_across_line,null,-0.00078678306
within_drug_across_line,null,-0.011942187
within_drug_across_line,null,0.010545435
within_drug_across_line,null,-0.028271358
within_drug_across_line,null,-0.024043
within_drug_across_line,null,-0.014137653
within_drug_across_line,null,-0.012442421
within_drug_across_line,null,0.048551984
within_drug_across_line,null,0.013120554
within_drug_across_line,null,0.03004088
within_drug_across_line,null,-0.016615376
within_drug_across_line,null,-0.018708823
within_drug_across_line,null,-5.6200213e-05
within_drug_across_line,null,0.010608089
within_drug_across_line,null,-0.033150163
within_drug_across_line,null,0.043799814
within_drug_across_line,null,0.007518345
within_drug_across_line,null,-0.005528407
within_drug_across_line,null,-0.014180297
within_drug_across_line,null,0.030714668
within_drug_across_line,null,-0.045749564
within_drug_across_line,null,-0.018349908
within_drug_across_line,null,0.0076268255
within_drug_across_line,null,0.033073016
within_drug_across_line,null,0.014671326
within_drug_across_line,null,-0.0024293012
within_drug_across_line,null,-0.0003267666
within_drug_across_line,null,0.0065262355
within_drug_across_line,null,-0.032923922
within_drug_across_line,null,-0.0054502646
within_drug_across_line,null,-0.042696133
within_drug_across_line,null,-0.018824188
within_drug_across_line,null,0.018535828
within_drug_across_line,null,-0.017268833
within_drug_across_line,null,0.0022782127
within_drug_across_line,null,0.03660087
within_drug_across_line,null,-0.010526656
within_drug_across_line,null,-0.026230846
within_drug_across_line,null,-0.0096631395
within_drug_across_line,null,-0.024925536
within_drug_across_line,null,0.015242359
within_drug_across_line,null,-0.0025159072
within_drug_across_line,null,0.017023198
within_drug_across_line,null,-0.01049124
within_drug_across_line,null,0.021021206
within_drug_across_line,null,-0.04052135
within_drug_across_line,null,-0.00010778418
within_drug_across_line,null,-0.024676094
within_drug_across_line,null,0.01982237
within_drug_across_line,null,-0.020379864
within_drug_across_line,null,0.031507704
within_drug_across_line,null,-0.006381469
within_drug_across_line,null,0.014958469
within_drug_across_line,null,-0.019078113
within_drug_across_line,null,0.0088713
within_drug_across_line,null,-0.014901915
within_drug_across_line,null,0.0458058
within_drug_across_line,null,0.019707212
within_drug_across_line,null,-0.026429696
within_drug_across_line,null,0.008554008
within_drug_across_line,null,-0.0027111906
within_drug_across_line,null,0.19309296
within_drug_across_line,null,0.0089578545
within_drug_across_line,null,-0.005404288
within_drug_across_line,null,0.023138838
within_drug_across_line,null,-0.012660019
within_drug_across_line,null,-0.018432168
within_drug_across_line,null,0.048006896
within_drug_across_line,null,-0.006635467
within_drug_across_line,null,-0.003123495
within_drug_across_line,null,0.045792576
within_drug_across_line,null,-0.019213328
within_drug_across_line,null,0.02685085
within_drug_across_line,null,-5.4379692e-05
within_drug_across_line,null,-0.0067780847
within_drug_across_line,null,0.01569879
within_drug_across_line,null,-0.0012570105
within_drug_across_line,null,-0.039268326
within_drug_across_line,null,0.00027641913
within_drug_across_line,null,0.014863369
within_drug_across_line,null,0.0537784
within_drug_across_line,null,0.013540113
within_drug_across_line,null,-0.0022691383
within_drug_across_line,null,-0.024786208
within_drug_across_line,null,-0.043741122
within_drug_across_line,null,0.050460022
within_drug_across_line,null,-0.032745797
within_drug_across_line,null,0.027080284
within_drug_across_line,null,0.017410703
within_drug_across_line,null,0.0016458716
within_drug_across_line,null,0.035043254
within_drug_across_line,null,-0.045346815
within_drug_across_line,null,-0.012558951
within_drug_across_line,null,0.040789746
within_drug_across_line,null,-0.0028158962
within_drug_across_line,null,-0.00079885917
within_drug_across_line,null,0.042189468
within_drug_across_line,null,0.064032
within_drug_across_line,null,-0.038677357
within_drug_across_line,null,0.014302777
within_drug_across_line,null,-0.033872977
within_drug_across_line,null,-0.035112053
within_drug_across_line,null,-0.03278047
within_drug_across_line,null,0.026759805
within_drug_across_line,null,0.029369205
within_drug_across_line,null,0.017978271
within_drug_across_line,null,0.033538036
within_drug_across_line,null,-0.012162055
within_drug_across_line,null,-0.038845684
within_drug_across_line,null,-0.06567005
within_drug_across_line,null,0.17430411
within_drug_across_line,null,0.0026739244
within_drug_across_line,null,0.0017335968
within_drug_across_line,null,-0.0206151
within_drug_across_line,null,0.0066507943
within_drug_across_line,null,-0.037841782
within_drug_across_line,null,-0.035716657
within_drug_across_line,null,-0.0030753284
within_drug_across_line,null,-0.0010146516
within_drug_across_line,null,-0.0058385883
within_drug_across_line,null,0.019035064
within_drug_across_line,null,0.026147734
within_drug_across_line,null,0.014368748
within_drug_across_line,null,0.0043049953
within_drug_across_line,null,-0.024317795
within_drug_across_line,null,0.040214647
within_drug_across_line,null,0.042389855
within_drug_across_line,null,-0.00730004
within_drug_across_line,null,-0.02803371
within_drug_across_line,null,-0.021646079
within_drug_across_line,null,-0.04409332
within_drug_across_line,null,-0.07041705
within_drug_across_line,null,-0.04625011
within_drug_across_line,null,0.0356436
within_drug_across_line,null,-0.004970771
within_drug_across_line,null,-0.007373057
within_drug_across_line,null,0.012330493
within_drug_across_line,null,0.04396006
within_drug_across_line,null,0.05087776
within_drug_across_line,null,0.019855995
within_drug_across_line,null,0.2630017
within_drug_across_line,null,-0.013334386
within_drug_across_line,null,-0.0070967237
within_drug_across_line,null,-0.05692895
within_drug_across_line,null,0.013742547
within_drug_across_line,null,0.043444686
within_drug_across_line,null,-0.026572142
within_drug_across_line,null,-0.022779873
within_drug_across_line,null,0.017045647
within_drug_across_line,null,0.0551987
within_drug_across_line,null,-0.004582834
within_drug_across_line,null,-0.005244691
within_drug_across_line,null,-0.053982016
within_drug_across_line,null,-0.00024978686
within_drug_across_line,null,-0.0562944
within_drug_across_line,null,0.022184242
within_drug_across_line,null,0.01333258
within_drug_across_line,null,0.020240968
within_drug_across_line,null,0.003451115
within_drug_across_line,null,0.011938557
within_drug_across_line,null,-0.015552299
within_drug_across_line,null,0.0240493
within_drug_across_line,null,-0.0013919134
within_drug_across_line,null,-0.043924697
within_drug_across_line,null,-0.018102514
within_drug_across_line,null,-0.028403606
within_drug_across_line,null,-0.017400974
within_drug_across_line,null,-0.033262983
within_drug_across_line,null,-0.044913568
within_drug_across_line,null,-6.3486336e-06
within_drug_across_line,null,-0.0016775252
within_drug_across_line,null,-0.014542147
within_drug_across_line,null,0.030900564
within_drug_across_line,null,-0.0035578965
within_drug_across_line,null,0.012308876
within_drug_across_line,null,0.0035242606
within_drug_across_line,null,0.044709772
within_drug_across_line,null,0.01884162
within_drug_across_line,null,-0.0031822543
within_drug_across_line,null,0.013443883
within_drug_across_line,null,-0.060287144
within_drug_across_line,null,-0.0034585402
within_drug_across_line,null,0.028479254
within_drug_across_line,null,-0.042454563
within_drug_across_line,null,-0.009258153
within_drug_across_line,null,0.07371499
within_drug_across_line,null,-0.011350486
within_drug_across_line,null,-0.05062307
within_drug_across_line,null,0.012520963
within_drug_across_line,null,-0.011826892
within_drug_across_line,null,-0.053135272
within_drug_across_line,null,0.039089292
within_drug_across_line,null,-0.020764941
within_drug_across_line,null,-0.03657312
within_drug_across_line,null,-0.053583484
within_drug_across_line,null,0.01964139
within_drug_across_line,null,-0.014255374
within_drug_across_line,null,-0.012997458
within_drug_across_line,null,-0.027307661
within_drug_across_line,null,-0.007496516
within_drug_across_line,null,0.015238476
within_drug_across_line,null,-0.0019070826
within_drug_across_line,null,0.024727799
within_drug_across_line,null,-0.06560353
within_drug_across_line,null,-0.001978153
within_drug_across_line,null,0.023824215
within_drug_across_line,null,0.0013910666
within_drug_across_line,null,0.07480971
within_drug_across_line,null,-0.03385914
within_drug_across_line,null,0.012860583
within_drug_across_line,null,0.007249285
within_drug_across_line,null,0.052751936
within_drug_across_line,null,0.0033380238
within_drug_across_line,null,-0.014744718
within_drug_across_line,null,-0.07127972
within_drug_across_line,null,0.015202435
within_drug_across_line,null,-0.0390957
within_drug_across_line,null,-0.007079532
within_drug_across_line,null,0.0037808793
within_drug_across_line,null,0.011313427
within_drug_across_line,null,-0.007525256
within_drug_across_line,null,-0.013462726
within_drug_across_line,null,0.049401395
within_drug_across_line,null,0.015180589
within_drug_across_line,null,-0.015443124
within_drug_across_line,null,0.03453667
within_drug_across_line,null,0.007013471
within_drug_across_line,null,0.004854312
within_drug_across_line,null,-0.050835207
within_drug_across_line,null,-0.030811733
within_drug_across_line,null,0.011742082
within_drug_across_line,null,-0.01425751
within_drug_across_line,null,-0.021773335
within_drug_across_line,null,0.005924404
within_drug_across_line,null,0.004043206
within_drug_across_line,null,-0.051316235
within_drug_across_line,null,0.016007226
within_drug_across_line,null,-0.016738413
within_drug_across_line,null,-0.038127713
within_drug_across_line,null,-0.0474836
within_drug_across_line,null,-0.01564879
within_drug_across_line,null,-0.009964639
within_drug_across_line,null,0.032098986
within_drug_across_line,null,-0.04245455
within_drug_across_line,null,0.021364566
within_drug_across_line,null,-0.0046711937
within_drug_across_line,null,-0.0068492265
within_drug_across_line,null,0.00026879858
within_drug_across_line,null,-0.07577252
within_drug_across_line,null,0.005800421
within_drug_across_line,null,0.05004619
within_drug_across_line,null,-0.02106755
within_drug_across_line,null,-0.03679887
within_drug_across_line,null,0.018017996
within_drug_across_line,null,-0.018833907
within_drug_across_line,null,0.014264551
within_drug_across_line,null,-0.008559605
within_drug_across_line,null,0.01321063
within_drug_across_line,null,0.0303416
within_drug_across_line,null,0.012974994
within_drug_across_line,null,-0.008557643
within_drug_across_line,null,0.003977709
within_drug_across_line,null,-0.015705295
within_drug_across_line,null,-0.020054987
within_drug_across_line,null,-0.009089759
within_drug_across_line,null,-0.019760625
within_drug_across_line,null,0.017217275
within_drug_across_line,null,-0.0006175713
within_drug_across_line,null,0.0035465828
within_drug_across_line,null,0.045585386
within_drug_across_line,null,-0.013207539
within_drug_across_line,null,0.014503654
within_drug_across_line,null,-0.05171167
within_drug_across_line,null,-0.0052476386
within_drug_across_line,null,0.02531382
within_drug_across_line,null,-0.01028415
within_drug_across_line,null,-0.0006120185
within_drug_across_line,null,0.040663496
within_drug_across_line,null,0.045205247
within_drug_across_line,null,-0.03543086
within_drug_across_line,null,0.06587473
within_drug_across_line,null,0.05327837
within_drug_across_line,null,0.014620264
within_drug_across_line,null,0.0020397082
within_drug_across_line,null,-0.0065451255
within_drug_across_line,null,0.05416893
within_drug_across_line,null,-0.047232233
within_drug_across_line,null,0.017913384
within_drug_across_line,null,0.04288644
within_drug_across_line,null,0.0036667187
within_drug_across_line,null,-0.007726421
within_drug_across_line,null,0.011897072
within_drug_across_line,null,0.010396089
within_drug_across_line,null,-0.05972751
within_drug_across_line,null,-0.033574224
within_drug_across_line,null,-0.028468048
within_drug_across_line,null,0.08095376
within_drug_across_line,null,0.008203299
within_drug_across_line,null,-0.032951545
within_drug_across_line,null,-0.04620568
within_drug_across_line,null,-0.003659768
within_drug_across_line,null,0.03503524
within_drug_across_line,null,-0.0071462127
within_drug_across_line,null,0.042517375
within_drug_across_line,null,-0.006597351
within_drug_across_line,null,-0.036614757
within_drug_across_line,null,-0.0017926209
within_drug_across_line,null,0.021343853
within_drug_across_line,null,-0.041846696
within_drug_across_line,null,-0.019266527
within_drug_across_line,null,0.0073469323
within_drug_across_line,null,0.0531118
within_drug_across_line,null,0.0065502673
within_drug_across_line,null,-0.021497376
within_drug_across_line,null,-0.018446578
within_drug_across_line,null,0.003875465
within_drug_across_line,null,-0.06406648
within_drug_across_line,null,-0.019836722
within_drug_across_line,null,0.0037150253
within_drug_across_line,null,0.0038457126
within_drug_across_line,null,-0.015651336
within_drug_across_line,null,0.010898555
within_drug_across_line,null,0.029772332
within_drug_across_line,null,-0.055771697
within_drug_across_line,null,-0.01911294
within_drug_across_line,null,0.027921444
within_drug_across_line,null,0.037182506
within_drug_across_line,null,-0.047753643
within_drug_across_line,null,-0.018209444
within_drug_across_line,null,0.014425917
within_drug_across_line,null,0.068461254
within_drug_across_line,null,-0.04652512
within_drug_across_line,null,-0.018514879
within_drug_across_line,null,0.02834147
within_drug_across_line,null,0.00678737
within_drug_across_line,null,0.016127916
within_drug_across_line,null,-0.028922051
within_drug_across_line,null,0.055628672
within_drug_across_line,null,-0.043187343
within_drug_across_line,null,-0.021260438
within_drug_across_line,null,0.08484892
within_drug_across_line,null,0.012354655
within_drug_across_line,null,0.06415998
within_drug_across_line,null,-0.009517454
within_drug_across_line,null,-0.014809697
within_drug_across_line,null,-0.009856245
within_drug_across_line,null,-0.032147694
within_drug_across_line,null,-0.043293744
within_drug_across_line,null,0.024346234
within_drug_across_line,null,-0.010950901
within_drug_across_line,null,0.030032555
within_drug_across_line,null,-0.02976919
within_drug_across_line,null,0.0294348
within_drug_across_line,null,0.013895117
within_drug_across_line,null,-0.012158248
within_drug_across_line,null,-0.025223171
within_drug_across_line,null,0.04047025
within_drug_across_line,null,0.02824558
within_drug_across_line,null,-0.0009869117
within_drug_across_line,null,-0.0263369
within_drug_across_line,null,-0.00602232
within_drug_across_line,null,0.019413127
within_drug_across_line,null,-0.036785595
within_drug_across_line,null,0.023134151
within_drug_across_line,null,0.017872404
within_drug_across_line,null,0.008097965
within_drug_across_line,null,-0.036356643
within_drug_across_line,null,-0.06832367
within_drug_across_line,null,0.00445223
within_drug_across_line,null,-0.036742467
within_drug_across_line,null,0.009252288
within_drug_across_line,null,-0.02375957
within_drug_across_line,null,-0.021425037
within_drug_across_line,null,-0.007803226
within_drug_across_line,null,0.0029808958
within_drug_across_line,null,0.0025467104
within_drug_across_line,null,-0.0022479692
within_drug_across_line,null,-0.028942993
within_drug_across_line,null,0.008667078
within_drug_across_line,null,0.015870627
within_drug_across_line,null,0.03267048
within_drug_across_line,null,-0.01359712
within_drug_across_line,null,-0.008299424
within_drug_across_line,null,0.014668538
within_drug_across_line,null,0.04968903
within_drug_across_line,null,-0.034492955
within_drug_across_line,null,0.012913838
within_drug_across_line,null,-0.019153249
within_drug_across_line,null,0.037483845
within_drug_across_line,null,0.012199247
within_drug_across_line,null,-0.061726335
within_drug_across_line,null,0.011266496
within_drug_across_line,null,-0.024029749
within_drug_across_line,null,0.016769351
within_drug_across_line,null,-0.025327995
within_drug_across_line,null,0.018465435
within_drug_across_line,null,0.013820264
within_drug_across_line,null,-0.0004156326
within_drug_across_line,null,-0.035037868
within_drug_across_line,null,0.0068921796
within_drug_across_line,null,0.003733904
within_drug_across_line,null,-0.03333022
within_drug_across_line,null,-0.0028736037
within_drug_across_line,null,-0.041079223
within_drug_across_line,null,0.018244602
within_drug_across_line,null,0.019777011
within_drug_across_line,null,-0.027796077
within_drug_across_line,null,0.0025850197
within_drug_across_line,null,0.010424811
within_drug_across_line,null,0.016581593
within_drug_across_line,null,0.016520964
within_drug_across_line,null,-0.05074965
within_drug_across_line,null,-0.003542784
within_drug_across_line,null,-0.025602099
within_drug_across_line,null,-0.004782351
within_drug_across_line,null,-0.0013851057
within_drug_across_line,null,0.038994376
within_drug_across_line,null,0.01147389
within_drug_across_line,null,-0.01897508
within_drug_across_line,null,-0.053337656
within_drug_across_line,null,0.07034604
within_drug_across_line,null,-0.019922903
within_drug_across_line,null,0.030365905
within_drug_across_line,null,-0.012953062
within_drug_across_line,null,-0.019367315
within_drug_across_line,null,-0.013090462
within_drug_across_line,null,-0.0023057607
within_drug_across_line,null,0.052395117
within_drug_across_line,null,0.015391385
within_drug_across_line,null,0.010988332
within_drug_across_line,null,0.009892857
within_drug_across_line,null,-0.01825837
within_drug_across_line,null,0.015918123
within_drug_across_line,null,-0.028751383
within_drug_across_line,null,-0.019988017
within_drug_across_line,null,-0.01097383
within_drug_across_line,null,0.024040958
within_drug_across_line,null,-0.02265406
within_drug_across_line,null,0.00215952
within_drug_across_line,null,-0.10966695
within_drug_across_line,null,0.018624531
within_drug_across_line,null,0.01018464
within_drug_across_line,null,-0.002004424
within_drug_across_line,null,0.03809019
within_drug_across_line,null,-0.037428595
within_drug_across_line,null,-0.0015834116
within_drug_across_line,null,-0.041303493
within_drug_across_line,null,0.0057565495
within_drug_across_line,null,-0.028035926
within_drug_across_line,null,0.05068107
within_drug_across_line,null,-0.037855756
within_drug_across_line,null,0.03256005
within_drug_across_line,null,0.018149901
within_drug_across_line,null,0.008742965
within_drug_across_line,null,-0.023761934
within_drug_across_line,null,-0.01697634
within_drug_across_line,null,-0.01144749
within_drug_across_line,null,-0.011475448
within_drug_across_line,null,-0.031354215
within_drug_across_line,null,-0.01924602
within_drug_across_line,null,0.008829781
within_drug_across_line,null,0.01512199
within_drug_across_line,null,-0.0935937
within_drug_across_line,null,-0.013208198
within_drug_across_line,null,0.0005740733
within_drug_across_line,null,-0.046877712
within_drug_across_line,null,-0.017361514
within_drug_across_line,null,-0.008575217
within_drug_across_line,null,-0.007474901
within_drug_across_line,null,-0.014570976
within_drug_across_line,null,-0.014876862
within_drug_across_line,null,-0.03139076
within_drug_across_line,null,-0.012674168
within_drug_across_line,null,-0.0010853267
within_drug_across_line,null,0.0018751638
within_drug_across_line,null,-0.03691685
within_drug_across_line,null,-0.043397523
within_drug_across_line,null,-0.03563538
within_drug_across_line,null,0.009012121
within_drug_across_line,null,0.013534653
within_drug_across_line,null,0.03030913
within_drug_across_line,null,-0.016513338
within_drug_across_line,null,-0.0014628035
within_drug_across_line,null,-0.02678843
within_drug_across_line,null,0.013062192
within_drug_across_line,null,-0.03232175
within_drug_across_line,null,0.029538827
within_drug_across_line,null,0.032960825
within_drug_across_line,null,0.031933825
within_drug_across_line,null,0.022501154
within_drug_across_line,null,0.011671015
within_drug_across_line,null,-0.019103754
within_drug_across_line,null,-0.032930467
within_drug_across_line,null,0.015100544
within_drug_across_line,null,0.015086169
within_drug_across_line,null,0.004293173
within_drug_across_line,null,-0.011767936
within_drug_across_line,null,0.014084417
within_drug_across_line,null,-0.01391764
within_drug_across_line,null,-0.004148901
within_drug_across_line,null,-0.02551636
within_drug_across_line,null,-0.010726317
within_drug_across_line,null,-0.005229402
within_drug_across_line,null,-0.045865845
within_drug_across_line,null,0.018967992
within_drug_across_line,null,-0.018891841
within_drug_across_line,null,-0.05616653
within_drug_across_line,null,-0.018217195
within_drug_across_line,null,-0.023035657
within_drug_across_line,null,-0.053731915
within_drug_across_line,null,-0.0061058425
within_drug_across_line,null,0.0021167414
within_drug_across_line,null,-0.027944818
within_drug_across_line,null,0.020086
within_drug_across_line,null,0.040030316
within_drug_across_line,null,-0.008399684
within_drug_across_line,null,0.0025399774
within_drug_across_line,null,0.016166324
within_drug_across_line,null,-0.0061194436
within_drug_across_line,null,-0.17803213
within_drug_across_line,null,-0.042134363
within_drug_across_line,null,-0.010198041
within_drug_across_line,null,0.031942844
within_drug_across_line,null,0.036360923
within_drug_across_line,null,-0.004729066
within_drug_across_line,null,-0.00081445987
within_drug_across_line,null,-0.027779032
within_drug_across_line,null,-0.03111572
within_drug_across_line,null,-0.010405593
within_drug_across_line,null,0.0421939
within_drug_across_line,null,0.002175692
within_drug_across_line,null,-0.01505533
within_drug_across_line,null,-0.033967935
within_drug_across_line,null,-0.016269732
within_drug_across_line,null,-0.0023766381
within_drug_across_line,null,0.058820434
within_drug_across_line,null,-0.002524389
within_drug_across_line,null,0.030820077
within_drug_across_line,null,0.02344825
within_drug_across_line,null,0.037405238
within_drug_across_line,null,0.0043533067
within_drug_across_line,null,-0.0011205669
within_drug_across_line,null,0.037410464
within_drug_across_line,null,-0.025920337
within_drug_across_line,null,0.024737027
within_drug_across_line,null,-0.026808655
within_drug_across_line,null,0.012974893
within_drug_across_line,null,-0.061902963
within_drug_across_line,null,-0.00078147533
within_drug_across_line,null,0.03954166
within_drug_across_line,null,-0.059519704
within_drug_across_line,null,0.021991724
within_drug_across_line,null,-0.0025757384
within_drug_across_line,null,-0.02134004
within_drug_across_line,null,0.0012548009
within_drug_across_line,null,0.008843474
within_drug_across_line,null,-0.0016046708
within_drug_across_line,null,-0.00042544337
within_drug_across_line,null,-0.049849875
within_drug_across_line,null,-0.024001382
within_drug_across_line,null,-0.00012115596
within_drug_across_line,null,-0.024049835
within_drug_across_line,null,-0.015277171
within_drug_across_line,null,-0.025829509
within_drug_across_line,null,-0.022541584
within_drug_across_line,null,0.048680887
within_drug_across_line,null,-0.02980864
within_drug_across_line,null,-0.027048692
within_drug_across_line,null,-0.041416872
within_drug_across_line,null,-0.045931336
within_drug_across_line,null,0.0479821
within_drug_across_line,null,-0.018650824
within_drug_across_line,null,0.009225549
within_drug_across_line,null,-0.017732019
within_drug_across_line,null,-0.010847143
within_drug_across_line,null,0.01476705
within_drug_across_line,null,0.020668002
within_drug_across_line,null,-0.0064161327
within_drug_across_line,null,0.00093884085
within_drug_across_line,null,-0.0037847192
within_drug_across_line,null,0.13846879
within_drug_across_line,null,0.027270792
within_drug_across_line,null,-0.015416247
within_drug_across_line,null,0.010539081
within_drug_across_line,null,0.024485072
within_drug_across_line,null,-0.015412544
within_drug_across_line,null,-0.01626594
within_drug_across_line,null,0.017604027
within_drug_across_line,null,-0.0057370462
within_drug_across_line,null,-0.05123142
within_drug_across_line,null,-0.021879656
within_drug_across_line,null,-0.0060512857
within_drug_across_line,null,0.04551896
within_drug_across_line,null,0.017725877
within_drug_across_line,null,-0.063735545
within_drug_across_line,null,-0.0128225
within_drug_across_line,null,0.0011175728
within_drug_across_line,null,0.03367439
within_drug_across_line,null,0.01274953
within_drug_across_line,null,-0.06046957
within_drug_across_line,null,0.10192357
within_drug_across_line,null,-0.022904309
within_drug_across_line,null,0.029870246
within_drug_across_line,null,-0.046460498
within_drug_across_line,null,0.102306716
within_drug_across_line,null,-0.006839769
within_drug_across_line,null,-0.002427761
within_drug_across_line,null,0.016433505
within_drug_across_line,null,-0.041277617
within_drug_across_line,null,0.038675144
within_drug_across_line,null,0.03195823
within_drug_across_line,null,0.021890264
within_drug_across_line,null,-0.014294533
within_drug_across_line,null,-0.0020416428
within_drug_across_line,null,0.026749458
within_drug_across_line,null,0.03535359
within_drug_across_line,null,0.060911436
within_drug_across_line,null,-0.014039672
within_drug_across_line,null,-0.018313512
within_drug_across_line,null,-0.044472698
within_drug_across_line,null,0.0118624065
within_drug_across_line,null,0.037815128
within_drug_across_line,null,-0.0038867344
within_drug_across_line,null,0.054858107
within_drug_across_line,null,0.0042987787
within_drug_across_line,null,-0.044899292
within_drug_across_line,null,0.03179019
within_drug_across_line,null,0.0043481695
within_drug_across_line,null,-0.03520905
within_drug_across_line,null,0.014215313
within_drug_across_line,null,-0.027981095
within_drug_across_line,null,-0.052969787
within_drug_across_line,null,-0.001711381
within_drug_across_line,null,-0.023028003
within_drug_across_line,null,-0.01052611
within_drug_across_line,null,-1.6124106e-05
within_drug_across_line,null,-0.0016951096
within_drug_across_line,null,-0.013406821
within_drug_across_line,null,0.035374764
within_drug_across_line,null,0.044173285
within_drug_across_line,null,0.14519207
within_drug_across_line,null,-0.0002193876
within_drug_across_line,null,0.0050037783
within_drug_across_line,null,0.0026946887
within_drug_across_line,null,0.008097251
within_drug_across_line,null,-0.0063845715
within_drug_across_line,null,-0.047574434
within_drug_across_line,null,0.021190237
within_drug_across_line,null,-0.003478353
within_drug_across_line,null,0.015415489
within_drug_across_line,null,-0.024428306
within_drug_across_line,null,-0.051674105
within_drug_across_line,null,0.043554932
within_drug_across_line,null,-0.05149353
within_drug_across_line,null,-0.06455939
within_drug_across_line,null,-0.045090806
within_drug_across_line,null,-0.024543379
within_drug_across_line,null,-0.00057682954
within_drug_across_line,null,-0.022532677
within_drug_across_line,null,0.027714938
within_drug_across_line,null,-0.026096417
within_drug_across_line,null,0.023447666
within_drug_across_line,null,0.023478234
within_drug_across_line,null,-0.010967792
within_drug_across_line,null,0.009245837
within_drug_across_line,null,-0.03069725
within_drug_across_line,null,0.1067808
within_drug_across_line,null,0.030681435
within_drug_across_line,null,-0.032581918
within_drug_across_line,null,0.012856444
within_drug_across_line,null,-0.05144134
within_drug_across_line,null,-0.023831222
within_drug_across_line,null,0.060950015
within_drug_across_line,null,-0.005936003
within_drug_across_line,null,0.01364528
within_drug_across_line,null,-0.04409567
within_drug_across_line,null,0.008210502
within_drug_across_line,null,-0.009231819
within_drug_across_line,null,0.028093375
within_drug_across_line,null,0.012188553
within_drug_across_line,null,0.03689983
within_drug_across_line,null,-0.00636923
within_drug_across_line,null,0.050021928
within_drug_across_line,null,-0.06064766
within_drug_across_line,null,-0.04808981
within_drug_across_line,null,-0.041397937
within_drug_across_line,null,-0.014815443
within_drug_across_line,null,0.0072646886
within_drug_across_line,null,-0.0048849895
within_drug_across_line,null,-0.012637596
within_drug_across_line,null,0.0014839207
within_drug_across_line,null,0.012089222
within_drug_across_line,null,-0.027339136
within_drug_across_line,null,0.04420987
within_drug_across_line,null,-0.011480859
within_drug_across_line,null,-0.015796266
within_drug_across_line,null,-0.0025095548
within_drug_across_line,null,0.035427906
within_drug_across_line,null,0.08649404
within_drug_across_line,null,-0.0077686254
within_drug_across_line,null,0.066926435
within_drug_across_line,null,-0.005897174
within_drug_across_line,null,0.01411662
within_drug_across_line,null,0.00809268
within_drug_across_line,null,-0.023212567
same_line_drug_across_dose,observed,0.032426894
same_line_drug_across_dose,observed,0.48690733
same_line_drug_across_dose,observed,0.38463333
same_line_drug_across_dose,observed,0.055704646
same_line_drug_across_dose,observed,0.030087244
same_line_drug_across_dose,observed,0.3548488
same_line_drug_across_dose,observed,0.5165904
same_line_drug_across_dose,observed,0.11141226
same_line_drug_across_dose,observed,0.090923056
same_line_drug_across_dose,observed,0.042941853
same_line_drug_across_dose,observed,0.28537852
same_line_drug_across_dose,observed,0.16808587
same_line_drug_across_dose,observed,0.18724345
same_line_drug_across_dose,observed,0.059275173
same_line_drug_across_dose,observed,0.2836139
same_line_drug_across_dose,observed,0.27906054
same_line_drug_across_dose,observed,0.5046641
same_line_drug_across_dose,observed,-0.021514954
same_line_drug_across_dose,observed,-0.016856793
same_line_drug_across_dose,observed,0.4700095
same_line_drug_across_dose,observed,0.07800162
same_line_drug_across_dose,observed,0.0050837696
same_line_drug_across_dose,observed,0.19912238
same_line_drug_across_dose,observed,0.015575235
same_line_drug_across_dose,observed,0.21829972
same_line_drug_across_dose,observed,0.19933358
same_line_drug_across_dose,observed,0.020214215
same_line_drug_across_dose,observed,0.3040892
same_line_drug_across_dose,observed,-0.013233064
same_line_drug_across_dose,observed,0.35379854
same_line_drug_across_dose,observed,0.28539366
same_line_drug_across_dose,observed,0.431614
same_line_drug_across_dose,observed,0.16109149
same_line_drug_across_dose,observed,0.0752091
same_line_drug_across_dose,observed,0.527034
same_line_drug_across_dose,observed,0.21645255
same_line_drug_across_dose,observed,0.044094507
same_line_drug_across_dose,observed,0.16258913
same_line_drug_across_dose,observed,0.0023608059
same_line_drug_across_dose,observed,0.34475982
same_line_drug_across_dose,observed,0.083597586
same_line_drug_across_dose,observed,0.38334742
same_line_drug_across_dose,observed,0.17343962
same_line_drug_across_dose,observed,0.35416868
same_line_drug_across_dose,observed,0.43324924
same_line_drug_across_dose,observed,0.09261673
same_line_drug_across_dose,observed,0.03720604
same_line_drug_across_dose,observed,0.17553169
same_line_drug_across_dose,observed,0.092898086
same_line_drug_across_dose,observed,0.03053202
same_line_drug_across_dose,observed,0.21738777
same_line_drug_across_dose,observed,0.088693924
same_line_drug_across_dose,observed,0.080075674
same_line_drug_across_dose,observed,0.20339036
same_line_drug_across_dose,observed,0.67739266
same_line_drug_across_dose,observed,0.07403252
same_line_drug_across_dose,observed,0.009303573
same_line_drug_across_dose,observed,0.4722166
same_line_drug_across_dose,observed,0.2706908
same_line_drug_across_dose,observed,0.013289669
same_line_drug_across_dose,observed,0.17612386
same_line_drug_across_dose,observed,-0.049658924
same_line_drug_across_dose,observed,0.33549333
same_line_drug_across_dose,observed,0.314638
same_line_drug_across_dose,observed,0.26602796
same_line_drug_across_dose,observed,0.5248683
same_line_drug_across_dose,observed,0.55563956
same_line_drug_across_dose,observed,0.06446497
same_line_drug_across_dose,observed,0.14460282
same_line_drug_across_dose,observed,0.12883216
same_line_drug_across_dose,observed,0.103685744
same_line_drug_across_dose,observed,0.1002724
same_line_drug_across_dose,observed,0.07930169
same_line_drug_across_dose,observed,0.2188872
same_line_drug_across_dose,observed,0.11419329
same_line_drug_across_dose,observed,0.3153412
same_line_drug_across_dose,observed,0.3364236
same_line_drug_across_dose,observed,0.25219643
same_line_drug_across_dose,observed,0.17400001
same_line_drug_across_dose,observed,0.13412058
same_line_drug_across_dose,observed,0.4385388
same_line_drug_across_dose,observed,0.328387
same_line_drug_across_dose,observed,0.16357534
same_line_drug_across_dose,observed,0.0061464948
same_line_drug_across_dose,observed,0.06339943
same_line_drug_across_dose,observed,0.053511064
same_line_drug_across_dose,observed,0.16396044
same_line_drug_across_dose,observed,0.18513192
same_line_drug_across_dose,observed,0.33138055
same_line_drug_across_dose,observed,0.0032595363
same_line_drug_across_dose,observed,0.24640727
same_line_drug_across_dose,observed,-0.016455935
same_line_drug_across_dose,observed,0.03329456
same_line_drug_across_dose,observed,0.25076023
same_line_drug_across_dose,observed,0.4476961
same_line_drug_across_dose,observed,0.20120887
same_line_drug_across_dose,observed,0.105630144
same_line_drug_across_dose,observed,-0.013906301
same_line_drug_across_dose,observed,0.39607224
same_line_drug_across_dose,observed,0.11995546
same_line_drug_across_dose,observed,0.055787355
same_line_drug_across_dose,observed,-0.047811575
same_line_drug_across_dose,observed,0.10572556
same_line_drug_across_dose,observed,0.033518936
same_line_drug_across_dose,observed,0.05164536
same_line_drug_across_dose,observed,0.24381225
same_line_drug_across_dose,observed,0.16134678
same_line_drug_across_dose,observed,0.027826525
same_line_drug_across_dose,observed,0.060465686
same_line_drug_across_dose,observed,0.27328402
same_line_drug_across_dose,observed,0.029017389
same_line_drug_across_dose,observed,0.21829972
same_line_drug_across_dose,observed,0.09230805
same_line_drug_across_dose,observed,0.06869405
same_line_drug_across_dose,observed,0.03999575
same_line_drug_across_dose,observed,0.24723499
same_line_drug_across_dose,observed,-0.032872226
same_line_drug_across_dose,observed,0.0755149
same_line_drug_across_dose,observed,0.3723104
same_line_drug_across_dose,observed,0.2937431
same_line_drug_across_dose,observed,0.050254256
same_line_drug_across_dose,observed,0.35886428
same_line_drug_across_dose,observed,0.0030466449
same_line_drug_across_dose,observed,-0.111963406
same_line_drug_across_dose,observed,0.07160458
same_line_drug_across_dose,observed,0.050101526
same_line_drug_across_dose,observed,-0.067986555
same_line_drug_across_dose,observed,0.19586147
same_line_drug_across_dose,observed,0.05739426
same_line_drug_across_dose,observed,0.07127368
same_line_drug_across_dose,observed,-0.13244572
same_line_drug_across_dose,observed,0.21827684
same_line_drug_across_dose,observed,0.08110005
same_line_drug_across_dose,observed,0.25418434
same_line_drug_across_dose,observed,0.67923665
same_line_drug_across_dose,observed,0.11586926
same_line_drug_across_dose,observed,0.5503512
same_line_drug_across_dose,observed,-0.11185195
same_line_drug_across_dose,observed,0.009050221
same_line_drug_across_dose,observed,0.2696186
same_line_drug_across_dose,observed,0.30069253
same_line_drug_across_dose,observed,0.09617477
same_line_drug_across_dose,observed,0.08075795
same_line_drug_across_dose,observed,0.0037135188
same_line_drug_across_dose,observed,-0.022413934
same_line_drug_across_dose,observed,0.9273235
same_line_drug_across_dose,observed,0.0634323
same_line_drug_across_dose,observed,0.19672257
same_line_drug_across_dose,observed,0.29906228
same_line_drug_across_dose,observed,0.11601138
same_line_drug_across_dose,observed,0.018689647
same_line_drug_across_dose,observed,-0.09101887
same_line_drug_across_dose,observed,0.67573684
same_line_drug_across_dose,observed,0.20616347
same_line_drug_across_dose,observed,0.5775911
same_line_drug_across_dose,observed,0.060113575
same_line_drug_across_dose,observed,0.10172236
same_line_drug_across_dose,observed,0.26993018
same_line_drug_across_dose,observed,0.41463757
same_line_drug_across_dose,observed,0.27934933
same_line_drug_across_dose,observed,-0.0022399311
same_line_drug_across_dose,observed,0.021903157
same_line_drug_across_dose,observed,0.320387
same_line_drug_across_dose,observed,-0.055842124
same_line_drug_across_dose,observed,0.3474436
same_line_drug_across_dose,observed,-0.025226511
same_line_drug_across_dose,observed,0.07616533
same_line_drug_across_dose,observed,0.12040385
same_line_drug_across_dose,observed,0.29594338
same_line_drug_across_dose,observed,0.26540142
same_line_drug_across_dose,observed,-0.052432
same_line_drug_across_dose,observed,0.5691015
same_line_drug_across_dose,observed,0.1323361
same_line_drug_across_dose,observed,0.12213993
same_line_drug_across_dose,observed,0.05889824
same_line_drug_across_dose,observed,0.048147883
same_line_drug_across_dose,observed,0.1955024
same_line_drug_across_dose,observed,0.48582953
same_line_drug_across_dose,observed,-0.16610518
same_line_drug_across_dose,observed,0.13156745
same_line_drug_across_dose,observed,0.3474436
same_line_drug_across_dose,observed,0.1245204
same_line_drug_across_dose,observed,0.10813201
same_line_drug_across_dose,observed,0.7253823
same_line_drug_across_dose,observed,-0.0047834623
same_line_drug_across_dose,observed,0.48289183
same_line_drug_across_dose,observed,0.14630136
same_line_drug_across_dose,observed,0.46760604
same_line_drug_across_dose,observed,0.14115952
same_line_drug_across_dose,observed,0.015823603
same_line_drug_across_dose,observed,0.06294639
same_line_drug_across_dose,observed,0.4911131
same_line_drug_across_dose,observed,0.42216477
same_line_drug_across_dose,observed,0.35529026
same_line_drug_across_dose,observed,0.2590324
same_line_drug_across_dose,observed,0.08540482
same_line_drug_across_dose,observed,0.029162375
same_line_drug_across_dose,observed,0.06842104
same_line_drug_across_dose,observed,0.35555974
same_line_drug_across_dose,observed,0.16624442
same_line_drug_across_dose,observed,0.031911254
same_line_drug_across_dose,observed,0.13153233
same_line_drug_across_dose,observed,0.21934892
same_line_drug_across_dose,observed,0.022721035
same_line_drug_across_dose,observed,-0.03099747
same_line_drug_across_dose,observed,0.2064744
same_line_drug_across_dose,observed,0.12640914
same_line_drug_across_dose,observed,0.49045855
same_line_drug_across_dose,observed,0.020663476
same_line_drug_across_dose,observed,0.3178665
same_line_drug_across_dose,observed,0.07073285
same_line_drug_across_dose,observed,0.09159288
same_line_drug_across_dose,observed,0.03624066
same_line_drug_across_dose,observed,0.096207134
same_line_drug_across_dose,observed,0.019991158
same_line_drug_across_dose,observed,0.07226113
same_line_drug_across_dose,observed,0.23370188
same_line_drug_across_dose,observed,0.52987725
same_line_drug_across_dose,observed,0.10114414
same_line_drug_across_dose,observed,-0.072844885
same_line_drug_across_dose,observed,0.13632604
same_line_drug_across_dose,observed,0.37297863
same_line_drug_across_dose,observed,0.13113494
same_line_drug_across_dose,observed,0.055410672
same_line_drug_across_dose,observed,0.30863875
same_line_drug_across_dose,observed,0.15464267
same_line_drug_across_dose,observed,0.35546622
same_line_drug_across_dose,observed,0.6390498
same_line_drug_across_dose,observed,0.08250857
same_line_drug_across_dose,observed,0.012237225
same_line_drug_across_dose,observed,0.026717024
same_line_drug_across_dose,observed,0.02600502
same_line_drug_across_dose,observed,0.32185647
same_line_drug_across_dose,observed,0.28844225
same_line_drug_across_dose,observed,0.022434197
same_line_drug_across_dose,observed,0.22695799
same_line_drug_across_dose,observed,0.04324096
same_line_drug_across_dose,observed,0.06516994
same_line_drug_across_dose,observed,0.01985687
same_line_drug_across_dose,observed,-0.07242642
same_line_drug_across_dose,observed,0.16747671
same_line_drug_across_dose,observed,0.29956052
same_line_drug_across_dose,observed,0.40991098
same_line_drug_across_dose,observed,0.06622802
same_line_drug_across_dose,observed,0.07159248
same_line_drug_across_dose,observed,0.3780486
same_line_drug_across_dose,observed,0.23274359
same_line_drug_across_dose,observed,0.015823603
same_line_drug_across_dose,observed,0.13817398
same_line_drug_across_dose,observed,0.5399182
same_line_drug_across_dose,observed,-0.055230595
same_line_drug_across_dose,observed,0.14573435
same_line_drug_across_dose,observed,0.09596604
same_line_drug_across_dose,observed,0.34698153
same_line_drug_across_dose,observed,0.40702277
same_line_drug_across_dose,observed,0.52279085
same_line_drug_across_dose,observed,0.08555156
same_line_drug_across_dose,observed,0.31550318
same_line_drug_across_dose,observed,0.06519241
same_line_drug_across_dose,observed,0.12571214
same_line_drug_across_dose,observed,0.012237225
same_line_drug_across_dose,observed,0.08180925
same_line_drug_across_dose,observed,0.32058802
same_line_drug_across_dose,observed,0.21665688
same_line_drug_across_dose,observed,0.6574045
same_line_drug_across_dose,observed,0.3863363
same_line_drug_across_dose,observed,0.014398482
same_line_drug_across_dose,observed,-0.10909046
same_line_drug_across_dose,observed,0.09280229
same_line_drug_across_dose,observed,0.21445586
same_line_drug_across_dose,observed,0.15075544
same_line_drug_across_dose,observed,0.24084188
same_line_drug_across_dose,observed,0.25267506
same_line_drug_across_dose,observed,0.15813081
same_line_drug_across_dose,observed,0.067471094
same_line_drug_across_dose,observed,0.0063794106
same_line_drug_across_dose,observed,0.4785402
same_line_drug_across_dose,observed,0.29242095
same_line_drug_across_dose,observed,0.36871004
same_line_drug_across_dose,observed,0.044277687
same_line_drug_across_dose,observed,0.29327512
same_line_drug_across_dose,observed,0.08182442
same_line_drug_across_dose,observed,0.6627317
same_line_drug_across_dose,observed,0.47223094
same_line_drug_across_dose,observed,0.2941303
same_line_drug_across_dose,observed,0.369283
same_line_drug_across_dose,observed,0.012130114
same_line_drug_across_dose,observed,0.10919501
same_line_drug_across_dose,observed,0.08422453
same_line_drug_across_dose,observed,0.01582874
same_line_drug_across_dose,observed,0.17007802
same_line_drug_across_dose,observed,0.044339642
same_line_drug_across_dose,observed,0.16322003
same_line_drug_across_dose,observed,0.22951023
same_line_drug_across_dose,observed,0.1886308
same_line_drug_across_dose,observed,0.054497812
same_line_drug_across_dose,observed,0.17310397
same_line_drug_across_dose,observed,0.2092761
same_line_drug_across_dose,observed,0.13010338
same_line_drug_across_dose,observed,0.032647192
same_line_drug_across_dose,observed,0.27490413
same_line_drug_across_dose,observed,0.08536762
same_line_drug_across_dose,observed,0.07857626
same_line_drug_across_dose,observed,0.49311158
same_line_drug_across_dose,observed,0.2902098
same_line_drug_across_dose,observed,-0.00069560454
same_line_drug_across_dose,observed,0.29126397
same_line_drug_across_dose,observed,0.21763282
same_line_drug_across_dose,observed,0.024863463
same_line_drug_across_dose,observed,0.16027059
same_line_drug_across_dose,observed,0.26360956
same_line_drug_across_dose,observed,-0.007181591
same_line_drug_across_dose,observed,-0.029387292
same_line_drug_across_dose,observed,0.046195287
same_line_drug_across_dose,observed,0.2510929
same_line_drug_across_dose,observed,0.5046292
same_line_drug_across_dose,observed,0.16602522
same_line_drug_across_dose,observed,0.055410672
same_line_drug_across_dose,observed,0.34352297
same_line_drug_across_dose,observed,-0.015766026
same_line_drug_across_dose,observed,-0.0022399311
same_line_drug_across_dose,observed,0.0049899193
same_line_drug_across_dose,observed,0.35347
same_line_drug_across_dose,observed,0.07116104
same_line_drug_across_dose,observed,0.02865725
same_line_drug_across_dose,observed,0.09159288
same_line_drug_across_dose,observed,0.012996924
same_line_drug_across_dose,observed,0.18724345
same_line_drug_across_dose,observed,0.8121316
same_line_drug_across_dose,observed,0.051098853
same_line_drug_across_dose,observed,0.06574571
same_line_drug_across_dose,observed,-0.09018608
same_line_drug_across_dose,observed,0.11503796
same_line_drug_across_dose,observed,0.32102865
same_line_drug_across_dose,observed,0.18130074
same_line_drug_across_dose,observed,0.103685744
same_line_drug_across_dose,observed,0.16454946
same_line_drug_across_dose,observed,0.010188897
same_line_drug_across_dose,observed,0.4793004
same_line_drug_across_dose,observed,0.23547462
same_line_drug_across_dose,observed,0.0054176464
same_line_drug_across_dose,observed,-0.008105512
same_line_drug_across_dose,observed,0.40627623
same_line_drug_across_dose,observed,0.057022545
same_line_drug_across_dose,observed,0.11195252
same_line_drug_across_dose,observed,0.17526679
same_line_drug_across_dose,observed,0.77680945
same_line_drug_across_dose,observed,0.19715384
same_line_drug_across_dose,observed,0.067293376
same_line_drug_across_dose,observed,0.16356085
same_line_drug_across_dose,observed,0.28908256
same_line_drug_across_dose,observed,0.10985361
same_line_drug_across_dose,observed,0.13936272
same_line_drug_across_dose,observed,0.10304951
same_line_drug_across_dose,observed,0.11925755
same_line_drug_across_dose,observed,0.010483654
same_line_drug_across_dose,observed,0.25884387
same_line_drug_across_dose,observed,-0.022245347
same_line_drug_across_dose,observed,0.05604523
same_line_drug_across_dose,observed,0.039711513
same_line_drug_across_dose,observed,-0.07487163
same_line_drug_across_dose,observed,0.4986145
same_line_drug_across_dose,observed,0.44000015
same_line_drug_across_dose,observed,-0.009002724
same_line_drug_across_dose,observed,0.09134078
same_line_drug_across_dose,observed,0.3211581
same_line_drug_across_dose,observed,0.18387525
same_line_drug_across_dose,observed,0.33252877
same_line_drug_across_dose,observed,0.26648137
same_line_drug_across_dose,observed,0.029167999
same_line_drug_across_dose,observed,0.1601657
same_line_drug_across_dose,observed,0.1195173
same_line_drug_across_dose,observed,0.32887915
same_line_drug_across_dose,observed,0.49380463
same_line_drug_across_dose,observed,0.23238774
same_line_drug_across_dose,observed,0.33008733
same_line_drug_across_dose,observed,0.43754095
same_line_drug_across_dose,observed,0.037072457
same_line_drug_across_dose,observed,0.090110116
same_line_drug_across_dose,observed,0.07485931
same_line_drug_across_dose,observed,0.16420506
same_line_drug_across_dose,observed,0.21901819
same_line_drug_across_dose,observed,0.22577524
same_line_drug_across_dose,observed,0.51741713
same_line_drug_across_dose,observed,0.18926008
same_line_drug_across_dose,observed,0.25315416
same_line_drug_across_dose,observed,0.559366
same_line_drug_across_dose,observed,-0.09871165
same_line_drug_across_dose,observed,0.35529026
same_line_drug_across_dose,observed,0.304512
same_line_drug_across_dose,observed,0.36467853
same_line_drug_across_dose,observed,0.14642291
same_line_drug_across_dose,observed,0.16519853
same_line_drug_across_dose,observed,0.19127433
same_line_drug_across_dose,observed,0.046409633
same_line_drug_across_dose,observed,0.29098716
same_line_drug_across_dose,observed,0.08966494
same_line_drug_across_dose,observed,-0.007181591
same_line_drug_across_dose,observed,0.2861423
same_line_drug_across_dose,observed,0.062090952
same_line_drug_across_dose,observed,0.26747653
same_line_drug_across_dose,observed,0.041714795
same_line_drug_across_dose,observed,0.15591928
same_line_drug_across_dose,observed,0.11874861
same_line_drug_across_dose,observed,0.0018390284
same_line_drug_across_dose,observed,0.03190543
same_line_drug_across_dose,observed,-0.12469891
same_line_drug_across_dose,observed,0.00069788005
same_line_drug_across_dose,observed,0.049492653
same_line_drug_across_dose,observed,0.09023578
same_line_drug_across_dose,observed,0.35210505
same_line_drug_across_dose,observed,0.02103657
same_line_drug_across_dose,observed,-0.012381706
same_line_drug_across_dose,observed,0.26648137
same_line_drug_across_dose,observed,0.28009623
same_line_drug_across_dose,observed,0.7595348
same_line_drug_across_dose,observed,0.21036191
same_line_drug_across_dose,observed,0.01967368
same_line_drug_across_dose,observed,0.061179735
same_line_drug_across_dose,observed,0.1909533
same_line_drug_across_dose,observed,0.19594686
same_line_drug_across_dose,observed,0.0965723
same_line_drug_across_dose,observed,0.3982762
same_line_drug_across_dose,observed,-0.0037285357
same_line_drug_across_dose,observed,0.25063986
same_line_drug_across_dose,observed,0.29496917
same_line_drug_across_dose,observed,0.045861363
same_line_drug_across_dose,observed,0.25289384
same_line_drug_across_dose,observed,0.32555085
same_line_drug_across_dose,observed,0.32469377
same_line_drug_across_dose,observed,0.048764445
same_line_drug_across_dose,observed,-0.055955082
same_line_drug_across_dose,observed,0.33728814
same_line_drug_across_dose,observed,0.22133844
same_line_drug_across_dose,observed,0.0032233722
same_line_drug_across_dose,observed,0.5058018
same_line_drug_across_dose,observed,-0.0069283806
same_line_drug_across_dose,observed,0.3982161
same_line_drug_across_dose,observed,0.06143412
same_line_drug_across_dose,observed,0.07052488
same_line_drug_across_dose,observed,0.099190146
same_line_drug_across_dose,observed,0.029223004
same_line_drug_across_dose,observed,0.7343253
same_line_drug_across_dose,observed,0.0063946275
same_line_drug_across_dose,observed,0.22866823
same_line_drug_across_dose,observed,0.15025394
same_line_drug_across_dose,observed,0.03198347
same_line_drug_across_dose,observed,0.05722949
same_line_drug_across_dose,observed,0.1767497
same_line_drug_across_dose,observed,0.369283
same_line_drug_across_dose,observed,-0.032872226
same_line_drug_across_dose,observed,0.097561136
same_line_drug_across_dose,observed,0.19381775
same_line_drug_across_dose,observed,0.24081992
same_line_drug_across_dose,observed,0.050775908
same_line_drug_across_dose,observed,0.058865175
same_line_drug_across_dose,observed,0.46161765
same_line_drug_across_dose,observed,0.01882673
same_line_drug_across_dose,observed,0.19974793
same_line_drug_across_dose,observed,-0.031996455
same_line_drug_across_dose,observed,-0.016461672
same_line_drug_across_dose,observed,0.07145445
same_line_drug_across_dose,observed,0.1137407
same_line_drug_across_dose,observed,0.18153244
same_line_drug_across_dose,observed,0.3624673
same_line_drug_across_dose,observed,-0.016483674
same_line_drug_across_dose,observed,0.017580949
same_line_drug_across_dose,observed,0.18911643
same_line_drug_across_dose,observed,0.20205304
same_line_drug_across_dose,observed,0.6765787
same_line_drug_across_dose,observed,0.23083708
same_line_drug_across_dose,observed,-0.00069560454
same_line_drug_across_dose,observed,0.10879854
same_line_drug_across_dose,observed,0.036482394
same_line_drug_across_dose,observed,0.31343958
same_line_drug_across_dose,observed,0.070004575
same_line_drug_across_dose,observed,0.4888511
same_line_drug_across_dose,observed,0.1426818
same_line_drug_across_dose,observed,0.50591344
same_line_drug_across_dose,observed,0.14026757
same_line_drug_across_dose,observed,0.07535044
same_line_drug_across_dose,observed,0.03836497
same_line_drug_across_dose,observed,0.49570498
same_line_drug_across_dose,observed,-0.09463441
same_line_drug_across_dose,observed,0.023924561
same_line_drug_across_dose,observed,-0.012461542
same_line_drug_across_dose,observed,0.17514016
same_line_drug_across_dose,observed,0.14005634
same_line_drug_across_dose,observed,-0.034419812
same_line_drug_across_dose,observed,0.071571074
same_line_drug_across_dose,observed,-0.05321977
same_line_drug_across_dose,observed,0.06647565
same_line_drug_across_dose,observed,0.028713329
same_line_drug_across_dose,observed,0.3756042
same_line_drug_across_dose,observed,0.079753324
same_line_drug_across_dose,observed,0.011690593
same_line_drug_across_dose,observed,0.5226348
same_line_drug_across_dose,observed,0.042544916
same_line_drug_across_dose,observed,0.41002795
same_line_drug_across_dose,observed,0.10128356
same_line_drug_across_dose,observed,0.15012139
same_line_drug_across_dose,observed,0.22758791
same_line_drug_across_dose,observed,-0.047312036
same_line_drug_across_dose,observed,0.5865483
same_line_drug_across_dose,observed,0.09029966
same_line_drug_across_dose,observed,0.013526094
same_line_drug_across_dose,observed,0.28227076
same_line_drug_across_dose,observed,0.11000622
same_line_drug_across_dose,observed,0.009020943
same_line_drug_across_dose,observed,0.14210942
same_line_drug_across_dose,observed,0.43975553
same_line_drug_across_dose,observed,0.3053263
same_line_drug_across_dose,observed,0.07688319
same_line_drug_across_dose,observed,0.19510327
same_line_drug_across_dose,observed,0.14181027
same_line_drug_across_dose,observed,0.107289575
same_line_drug_across_dose,observed,0.29131114
same_line_drug_across_dose,observed,0.19567122
same_line_drug_across_dose,observed,0.15363275
same_line_drug_across_dose,observed,0.023860777
same_line_drug_across_dose,observed,0.049282208
same_line_drug_across_dose,observed,0.028713329
same_line_drug_across_dose,observed,0.3273191
same_line_drug_across_dose,observed,0.2664005
same_line_drug_across_dose,observed,0.05867972
same_line_drug_across_dose,observed,0.079730354
same_line_drug_across_dose,observed,0.10885834
same_line_drug_across_dose,observed,0.09201275
same_line_drug_across_dose,observed,0.12181599
same_line_drug_across_dose,observed,0.16297191
same_line_drug_across_dose,observed,0.05808935
same_line_drug_across_dose,observed,0.10986071
same_line_drug_across_dose,observed,0.23672706
same_line_drug_across_dose,observed,-0.114192404
same_line_drug_across_dose,observed,0.5108083
same_line_drug_across_dose,observed,0.32525545
same_line_drug_across_dose,observed,0.12636407
same_line_drug_across_dose,observed,0.1741587
same_line_drug_across_dose,observed,-0.009047321
same_line_drug_across_dose,observed,0.059840262
same_line_drug_across_dose,observed,0.25618666
same_line_drug_across_dose,observed,0.04157219
same_line_drug_across_dose,observed,0.43203342
same_line_drug_across_dose,observed,0.12296926
same_line_drug_across_dose,observed,0.08505857
same_line_drug_across_dose,observed,0.41463757
same_line_drug_across_dose,observed,0.64062047
same_line_drug_across_dose,observed,0.10198543
same_line_drug_across_dose,observed,0.19527604
same_line_drug_across_dose,observed,0.12756816
same_line_drug_across_dose,observed,0.19182795
same_line_drug_across_dose,observed,0.076501854
same_line_drug_across_dose,observed,0.26875588
same_line_drug_across_dose,observed,0.035020184
same_line_drug_across_dose,observed,0.015979411
same_line_drug_across_dose,observed,0.057641312
same_line_drug_across_dose,observed,-0.07745916
same_line_drug_across_dose,observed,0.23260625
same_line_drug_across_dose,observed,0.6243814
same_line_drug_across_dose,observed,0.20641921
same_line_drug_across_dose,observed,0.14760274
same_line_drug_across_dose,observed,0.06459948
same_line_drug_across_dose,observed,0.36745462
same_line_drug_across_dose,observed,0.12436511
same_line_drug_across_dose,observed,0.048816368
same_line_drug_across_dose,observed,0.1839389
same_line_drug_across_dose,observed,0.39691773
same_line_drug_across_dose,observed,0.24562953
same_line_drug_across_dose,observed,0.104034156
same_line_drug_across_dose,observed,0.027627544
same_line_drug_across_dose,observed,0.1364588
same_line_drug_across_dose,observed,0.24027991
same_line_drug_across_dose,observed,0.34362736
same_line_drug_across_dose,observed,0.23607022
same_line_drug_across_dose,observed,0.21924776
same_line_drug_across_dose,observed,0.035667773
same_line_drug_across_dose,observed,-0.06363416
same_line_drug_across_dose,observed,0.12991512
same_line_drug_across_dose,observed,0.026322335
same_line_drug_across_dose,observed,0.57537174
same_line_drug_across_dose,observed,0.23978156
same_line_drug_across_dose,observed,0.6450143
same_line_drug_across_dose,observed,0.14230421
same_line_drug_across_dose,observed,0.6317282
same_line_drug_across_dose,observed,0.26867625
same_line_drug_across_dose,observed,0.1969268
same_line_drug_across_dose,observed,0.48289183
same_line_drug_across_dose,observed,0.42632735
same_line_drug_across_dose,observed,0.08098691
same_line_drug_across_dose,observed,0.08171225
same_line_drug_across_dose,observed,0.18533017
same_line_drug_across_dose,observed,0.30763087
same_line_drug_across_dose,observed,0.38756448
same_line_drug_across_dose,observed,0.106685676
same_line_drug_across_dose,observed,0.22487935
same_line_drug_across_dose,observed,0.076195754
same_line_drug_across_dose,observed,0.0007041003
same_line_drug_across_dose,observed,0.034454904
same_line_drug_across_dose,observed,0.031208454
same_line_drug_across_dose,observed,0.020445328
same_line_drug_across_dose,observed,-0.027161198
same_line_drug_across_dose,observed,0.2718543
same_line_drug_across_dose,observed,-0.00047417005
same_line_drug_across_dose,observed,0.057954364
same_line_drug_across_dose,observed,-0.075892426
same_line_drug_across_dose,observed,0.5472374
same_line_drug_across_dose,observed,0.2759507
same_line_drug_across_dose,observed,0.014414099
same_line_drug_across_dose,observed,0.05042761
same_line_drug_across_dose,observed,0.2696186
same_line_drug_across_dose,observed,0.25644037
same_line_drug_across_dose,observed,0.21212986
same_line_drug_across_dose,observed,0.2745554
same_line_drug_across_dose,observed,0.15020365
same_line_drug_across_dose,observed,0.24653918
same_line_drug_across_dose,observed,-0.0022399311
same_line_drug_across_dose,observed,0.0007041003
same_line_drug_across_dose,observed,0.097095065
same_line_drug_across_dose,observed,0.08053493
same_line_drug_across_dose,observed,0.26652512
same_line_drug_across_dose,observed,0.074527994
same_line_drug_across_dose,observed,0.22118135
same_line_drug_across_dose,observed,0.0017954546
same_line_drug_across_dose,observed,0.7181674
same_line_drug_across_dose,observed,0.05894821
same_line_drug_across_dose,observed,0.5766893
same_line_drug_across_dose,observed,0.03291237
same_line_drug_across_dose,observed,0.10998501
same_line_drug_across_dose,observed,0.38717204
same_line_drug_across_dose,observed,0.08536762
same_line_drug_across_dose,observed,0.1374734
same_line_drug_across_dose,observed,0.05788385
same_line_drug_across_dose,observed,0.10623263
same_line_drug_across_dose,observed,0.21150748
same_line_drug_across_dose,observed,0.53147256
same_line_drug_across_dose,observed,0.2027142
same_line_drug_across_dose,observed,0.033837933
same_line_drug_across_dose,observed,0.03733782
same_line_drug_across_dose,observed,0.08589612
same_line_drug_across_dose,observed,0.51930016
same_line_drug_across_dose,observed,0.24927773
same_line_drug_across_dose,observed,0.109786674
same_line_drug_across_dose,observed,-0.042888746
same_line_drug_across_dose,observed,0.32525545
same_line_drug_across_dose,observed,0.09235647
same_line_drug_across_dose,observed,0.5165181
same_line_drug_across_dose,observed,0.5160773
same_line_drug_across_dose,observed,0.34487888
same_line_drug_across_dose,observed,0.13462928
same_line_drug_across_dose,observed,0.34535804
same_line_drug_across_dose,observed,0.12191029
same_line_drug_across_dose,observed,0.012444327
same_line_drug_across_dose,observed,0.2321473
same_line_drug_across_dose,observed,0.07241855
same_line_drug_across_dose,observed,0.1040661
same_line_drug_across_dose,observed,0.027719261
same_line_drug_across_dose,observed,0.45366037
same_line_drug_across_dose,observed,0.3033748
same_line_drug_across_dose,observed,0.22060332
same_line_drug_across_dose,observed,0.16565046
same_line_drug_across_dose,observed,0.04746878
same_line_drug_across_dose,observed,0.08098782
same_line_drug_across_dose,observed,0.0442175
same_line_drug_across_dose,observed,0.069286555
same_line_drug_across_dose,observed,0.48690733
same_line_drug_across_dose,observed,0.033856127
same_line_drug_across_dose,observed,0.0682861
same_line_drug_across_dose,observed,0.33403492
same_line_drug_across_dose,observed,0.4733173
same_line_drug_across_dose,observed,0.012255072
same_line_drug_across_dose,observed,0.23014027
same_line_drug_across_dose,observed,0.24565077
same_line_drug_across_dose,observed,0.08505857
same_line_drug_across_dose,observed,0.31651467
same_line_drug_across_dose,observed,0.070228934
same_line_drug_across_dose,observed,0.17730495
same_line_drug_across_dose,observed,-0.023334673
same_line_drug_across_dose,observed,0.057760384
same_line_drug_across_dose,observed,0.5803927
same_line_drug_across_dose,observed,0.28976622
same_line_drug_across_dose,observed,0.25402868
same_line_drug_across_dose,observed,0.61399865
same_line_drug_across_dose,observed,0.15409848
same_line_drug_across_dose,observed,0.33731624
same_line_drug_across_dose,observed,0.13100594
same_line_drug_across_dose,observed,0.24017534
same_line_drug_across_dose,observed,0.41801804
same_line_drug_across_dose,observed,-0.060080554
same_line_drug_across_dose,observed,0.24423264
same_line_drug_across_dose,observed,0.021556022
same_line_drug_across_dose,observed,0.27906054
same_line_drug_across_dose,observed,0.017363518
same_line_drug_across_dose,observed,0.0048857327
same_line_drug_across_dose,observed,0.48685205
same_line_drug_across_dose,observed,0.22786441
same_line_drug_across_dose,observed,0.38324553
same_line_drug_across_dose,observed,0.43718153
same_line_drug_across_dose,observed,0.16837901
same_line_drug_across_dose,observed,0.059269745
same_line_drug_across_dose,observed,0.06865761
same_line_drug_across_dose,observed,0.019088296
same_line_drug_across_dose,observed,0.19588156
same_line_drug_across_dose,observed,0.029418124
same_line_drug_across_dose,observed,0.07725904
same_line_drug_across_dose,observed,0.2045513
same_line_drug_across_dose,observed,0.27349818
same_line_drug_across_dose,observed,-0.14323531
same_line_drug_across_dose,observed,0.35514984
same_line_drug_across_dose,observed,0.006192749
same_line_drug_across_dose,observed,0.097472765
same_line_drug_across_dose,observed,0.08997112
same_line_drug_across_dose,observed,0.4174704
same_line_drug_across_dose,observed,0.07414014
same_line_drug_across_dose,observed,0.2230356
same_line_drug_across_dose,observed,-0.06168848
same_line_drug_across_dose,observed,0.06596756
same_line_drug_across_dose,observed,0.31755894
same_line_drug_across_dose,observed,0.6612446
same_line_drug_across_dose,observed,0.23911637
same_line_drug_across_dose,observed,0.05838804
same_line_drug_across_dose,observed,0.033894856
same_line_drug_across_dose,observed,0.059275173
same_line_drug_across_dose,observed,0.040771402
same_line_drug_across_dose,observed,0.26714903
same_line_drug_across_dose,observed,0.047764
same_line_drug_across_dose,observed,0.16022527
same_line_drug_across_dose,observed,0.045749597
same_line_drug_across_dose,observed,0.11800866
same_line_drug_across_dose,observed,-0.005570582
same_line_drug_across_dose,observed,0.05591252
same_line_drug_across_dose,observed,0.25817028
same_line_drug_across_dose,observed,0.028410926
same_line_drug_across_dose,observed,0.01878292
same_line_drug_across_dose,observed,0.3045076
same_line_drug_across_dose,observed,0.01767429
same_line_drug_across_dose,observed,0.6860522
same_line_drug_across_dose,observed,-0.00082413806
same_line_drug_across_dose,observed,0.053725727
same_line_drug_across_dose,observed,0.06652634
same_line_drug_across_dose,observed,0.009566987
same_line_drug_across_dose,observed,0.10688197
same_line_drug_across_dose,observed,0.02691775
same_line_drug_across_dose,observed,0.1707582
same_line_drug_across_dose,observed,0.04214813
same_line_drug_across_dose,observed,0.25702912
same_line_drug_across_dose,observed,0.11439455
same_line_drug_across_dose,observed,0.19942047
same_line_drug_across_dose,observed,0.321697
same_line_drug_across_dose,observed,0.20731303
same_line_drug_across_dose,observed,0.34430954
same_line_drug_across_dose,observed,0.052023605
same_line_drug_across_dose,observed,0.22244416
same_line_drug_across_dose,observed,0.07167195
same_line_drug_across_dose,observed,0.3756042
same_line_drug_across_dose,observed,0.6786688
same_line_drug_across_dose,observed,0.064078584
same_line_drug_across_dose,observed,0.18260433
same_line_drug_across_dose,observed,0.1744759
same_line_drug_across_dose,observed,0.33686128
same_line_drug_across_dose,observed,0.32196793
same_line_drug_across_dose,observed,0.6151093
same_line_drug_across_dose,observed,0.30952057
same_line_drug_across_dose,observed,0.44508323
same_line_drug_across_dose,observed,0.06651148
same_line_drug_across_dose,observed,0.24027991
same_line_drug_across_dose,observed,0.05672038
same_line_drug_across_dose,observed,-0.09195413
same_line_drug_across_dose,observed,0.15820256
same_line_drug_across_dose,observed,0.021649938
same_line_drug_across_dose,observed,0.06042322
same_line_drug_across_dose,observed,0.013834905
same_line_drug_across_dose,observed,0.0126158325
same_line_drug_across_dose,observed,0.23156454
same_line_drug_across_dose,observed,0.16522768
same_line_drug_across_dose,observed,0.0755149
same_line_drug_across_dose,observed,0.039131697
same_line_drug_across_dose,observed,0.22443065
same_line_drug_across_dose,observed,0.3404408
same_line_drug_across_dose,observed,0.04799857
same_line_drug_across_dose,observed,0.07380971
same_line_drug_across_dose,observed,0.20308372
same_line_drug_across_dose,observed,0.53923
same_line_drug_across_dose,observed,0.056082673
same_line_drug_across_dose,observed,0.06318641
same_line_drug_across_dose,observed,0.05722949
same_line_drug_across_dose,observed,0.3749501
same_line_drug_across_dose,observed,0.014170118
same_line_drug_across_dose,observed,0.31928274
same_line_drug_across_dose,observed,0.015331474
same_line_drug_across_dose,observed,0.057954572
same_line_drug_across_dose,observed,0.119676694
same_line_drug_across_dose,observed,-0.12052879
same_line_drug_across_dose,observed,0.07290152
same_line_drug_across_dose,observed,-0.022090247
same_line_drug_across_dose,observed,0.29806423
same_line_drug_across_dose,observed,0.26378578
same_line_drug_across_dose,observed,0.07999036
same_line_drug_across_dose,observed,0.58068955
same_line_drug_across_dose,observed,0.3001454
same_line_drug_across_dose,observed,0.11659857
same_line_drug_across_dose,observed,0.03897597
same_line_drug_across_dose,observed,-0.038722876
same_line_drug_across_dose,observed,0.109745085
same_line_drug_across_dose,observed,0.4720771
same_line_drug_across_dose,observed,0.30517372
same_line_drug_across_dose,observed,0.26568654
same_line_drug_across_dose,observed,0.024863463
same_line_drug_across_dose,observed,0.12929542
same_line_drug_across_dose,observed,0.72907305
same_line_drug_across_dose,observed,0.10642127
same_line_drug_across_dose,observed,-0.016632237
same_line_drug_across_dose,observed,-0.084339544
same_line_drug_across_dose,observed,0.122392245
same_line_drug_across_dose,observed,-0.045501415
same_line_drug_across_dose,observed,-0.0027979766
same_line_drug_across_dose,observed,0.49029642
same_line_drug_across_dose,observed,0.32611546
same_line_drug_across_dose,observed,0.0068288078
same_line_drug_across_dose,observed,0.12549503
same_line_drug_across_dose,observed,0.10053682
same_line_drug_across_dose,observed,0.121167034
same_line_drug_across_dose,observed,0.030798698
same_line_drug_across_dose,observed,0.13924898
same_line_drug_across_dose,observed,0.20124125
same_line_drug_across_dose,observed,0.53923
same_line_drug_across_dose,observed,0.15527624
same_line_drug_across_dose,observed,0.61937404
same_line_drug_across_dose,observed,0.37375757
same_line_drug_across_dose,observed,0.09163767
same_line_drug_across_dose,observed,0.4791917
same_line_drug_across_dose,observed,0.2611927
same_line_drug_across_dose,observed,0.38655433
same_line_drug_across_dose,observed,0.03941887
same_line_drug_across_dose,observed,0.062066182
same_line_drug_across_dose,observed,0.5165904
same_line_drug_across_dose,observed,0.07782722
same_line_drug_across_dose,observed,0.03482058
same_line_drug_across_dose,observed,0.1910798
same_line_drug_across_dose,observed,0.13869374
same_line_drug_across_dose,observed,0.049450643
same_line_drug_across_dose,observed,0.15243939
same_line_drug_across_dose,observed,0.4840667
same_line_drug_across_dose,observed,0.19228244
same_line_drug_across_dose,observed,0.20459291
same_line_drug_across_dose,observed,0.036915608
same_line_drug_across_dose,observed,0.0796734
same_line_drug_across_dose,observed,0.028410926
same_line_drug_across_dose,observed,0.35947567
same_line_drug_across_dose,observed,0.3412659
same_line_drug_across_dose,observed,0.12376609
same_line_drug_across_dose,observed,0.058482267
same_line_drug_across_dose,observed,0.025811376
same_line_drug_across_dose,observed,0.44639146
same_line_drug_across_dose,observed,0.27549696
same_line_drug_across_dose,observed,0.06159134
same_line_drug_across_dose,observed,0.043292224
same_line_drug_across_dose,observed,-0.0412282
same_line_drug_across_dose,observed,0.03433341
same_line_drug_across_dose,observed,0.05716046
same_line_drug_across_dose,observed,-0.006478737
same_line_drug_across_dose,observed,0.38152924
same_line_drug_across_dose,observed,0.003470502
same_line_drug_across_dose,observed,0.054068416
same_line_drug_across_dose,observed,0.043125037
same_line_drug_across_dose,observed,0.1278199
same_line_drug_across_dose,observed,0.21085975
same_line_drug_across_dose,observed,0.4935054
same_line_drug_across_dose,observed,-0.06314331
same_line_drug_across_dose,observed,0.16767368
same_line_drug_across_dose,observed,0.22251675
same_line_drug_across_dose,observed,0.5026625
same_line_drug_across_dose,observed,0.20472308
same_line_drug_across_dose,observed,0.35443798
same_line_drug_across_dose,observed,0.04101109
same_line_drug_across_dose,observed,0.18387525
same_line_drug_across_dose,observed,0.2188872
same_line_drug_across_dose,observed,0.3040892
same_line_drug_across_dose,observed,-0.009924465
same_line_drug_across_dose,observed,0.117517844
same_line_drug_across_dose,observed,0.30177534
same_line_drug_across_dose,observed,0.2383319
same_line_drug_across_dose,observed,0.16098504
same_line_drug_across_dose,observed,0.34709093
same_line_drug_across_dose,observed,0.00851038
same_line_drug_across_dose,observed,0.5432754
same_line_drug_across_dose,observed,0.16382903
same_line_drug_across_dose,observed,0.00077969185
same_line_drug_across_dose,observed,0.15827975
same_line_drug_across_dose,observed,0.001303035
same_line_drug_across_dose,observed,0.2798217
same_line_drug_across_dose,observed,0.06172942
same_line_drug_across_dose,observed,0.31343958
same_line_drug_across_dose,observed,0.061614722
same_line_drug_across_dose,observed,0.042493653
same_line_drug_across_dose,observed,0.4741685
same_line_drug_across_dose,observed,0.10351822
same_line_drug_across_dose,observed,-0.001250165
same_line_drug_across_dose,observed,0.08821758
same_line_drug_across_dose,observed,0.018614225
same_line_drug_across_dose,observed,0.15809982
same_line_drug_across_dose,observed,-0.120877646
same_line_drug_across_dose,observed,0.39311725
same_line_drug_across_dose,observed,0.4283554
same_line_drug_across_dose,observed,0.055072103
same_line_drug_across_dose,observed,0.14346793
same_line_drug_across_dose,observed,-0.03631178
same_line_drug_across_dose,observed,0.51969457
same_line_drug_across_dose,observed,0.16383836
same_line_drug_across_dose,observed,0.085008614
same_line_drug_across_dose,observed,-0.0026822202
same_line_drug_across_dose,observed,0.35992298
same_line_drug_across_dose,observed,-0.15392554
same_line_drug_across_dose,observed,0.19527604
same_line_drug_across_dose,observed,-0.0060027116
same_line_drug_across_dose,observed,-0.088426866
same_line_drug_across_dose,observed,0.07167195
same_line_drug_across_dose,observed,0.10552154
same_line_drug_across_dose,observed,0.2826152
same_line_drug_across_dose,observed,0.3345014
same_line_drug_across_dose,observed,0.05276717
same_line_drug_across_dose,observed,0.5863124
same_line_drug_across_dose,observed,0.052453678
same_line_drug_across_dose,observed,0.32987314
same_line_drug_across_dose,observed,0.07486694
same_line_drug_across_dose,observed,0.21150748
same_line_drug_across_dose,observed,0.4320039
same_line_drug_across_dose,observed,0.04316863
same_line_drug_across_dose,observed,0.2762094
same_line_drug_across_dose,observed,0.040603288
same_line_drug_across_dose,observed,0.26930055
same_line_drug_across_dose,observed,-0.16665956
same_line_drug_across_dose,observed,-0.002895639
same_line_drug_across_dose,observed,0.16511732
same_line_drug_across_dose,observed,0.22765757
same_line_drug_across_dose,observed,0.17782962
same_line_drug_across_dose,observed,0.51205456
same_line_drug_across_dose,observed,0.0566516
same_line_drug_across_dose,observed,0.23621254
same_line_drug_across_dose,observed,0.32903886
same_line_drug_across_dose,observed,0.10576062
same_line_drug_across_dose,observed,0.36270228
same_line_drug_across_dose,observed,0.25314063
same_line_drug_across_dose,observed,0.32525545
same_line_drug_across_dose,observed,0.39691773
same_line_drug_across_dose,observed,0.16096622
same_line_drug_across_dose,observed,0.1657672
same_line_drug_across_dose,observed,0.003229873
same_line_drug_across_dose,observed,0.2474491
same_line_drug_across_dose,observed,-0.031094672
same_line_drug_across_dose,observed,0.046195287
same_line_drug_across_dose,observed,0.08755199
same_line_drug_across_dose,observed,0.46759722
same_line_drug_across_dose,observed,0.06208502
same_line_drug_across_dose,observed,0.01653165
same_line_drug_across_dose,observed,0.12656459
same_line_drug_across_dose,observed,0.06546299
same_line_drug_across_dose,observed,0.14308733
same_line_drug_across_dose,observed,0.28830543
same_line_drug_across_dose,observed,0.17150605
same_line_drug_across_dose,observed,0.3419164
same_line_drug_across_dose,observed,-0.046951488
same_line_drug_across_dose,observed,0.35986525
same_line_drug_across_dose,observed,0.033894856
same_line_drug_across_dose,observed,0.47470176
same_line_drug_across_dose,observed,0.07826175
same_line_drug_across_dose,observed,0.16393237
same_line_drug_across_dose,observed,0.44205865
same_line_drug_across_dose,observed,0.032947827
same_line_drug_across_dose,observed,0.18438327
same_line_drug_across_dose,observed,0.32892904
same_line_drug_across_dose,observed,0.11565846
same_line_drug_across_dose,observed,0.16843288
same_line_drug_across_dose,observed,0.13017166
same_line_drug_across_dose,observed,0.0018029079
same_line_drug_across_dose,observed,-0.015635317
same_line_drug_across_dose,observed,0.028288169
same_line_drug_across_dose,observed,0.07192278
same_line_drug_across_dose,observed,-0.004391434
same_line_drug_across_dose,observed,0.3364236
same_line_drug_across_dose,observed,0.14596564
same_line_drug_across_dose,observed,0.15004864
same_line_drug_across_dose,observed,0.17703721
same_line_drug_across_dose,observed,0.09949381
same_line_drug_across_dose,observed,0.3547047
same_line_drug_across_dose,observed,0.61492276
same_line_drug_across_dose,observed,0.39871237
same_line_drug_across_dose,observed,0.16779357
same_line_drug_across_dose,observed,0.025102839
same_line_drug_across_dose,observed,0.14740033
same_line_drug_across_dose,observed,0.6731005
same_line_drug_across_dose,observed,0.68205607
same_line_drug_across_dose,observed,-0.018423071
same_line_drug_across_dose,observed,0.5539285
same_line_drug_across_dose,observed,0.08388754
same_line_drug_across_dose,observed,0.03350923
same_line_drug_across_dose,observed,-0.043400224
same_line_drug_across_dose,observed,0.09091556
same_line_drug_across_dose,observed,-0.017798368
same_line_drug_across_dose,observed,0.012429354
same_line_drug_across_dose,observed,0.37455592
same_line_drug_across_dose,observed,0.33948094
same_line_drug_across_dose,observed,0.015213952
same_line_drug_across_dose,observed,0.17566027
same_line_drug_across_dose,observed,0.11723575
same_line_drug_across_dose,observed,0.24892105
same_line_drug_across_dose,observed,0.0027147266
same_line_drug_across_dose,observed,0.4751554
same_line_drug_across_dose,observed,0.2981911
same_line_drug_across_dose,observed,0.40607104
same_line_drug_across_dose,observed,0.025633693
same_line_drug_across_dose,observed,0.03722647
same_line_drug_across_dose,observed,0.09182767
same_line_drug_across_dose,observed,0.5078072
same_line_drug_across_dose,observed,0.68205607
same_line_drug_across_dose,observed,0.11521405
same_line_drug_across_dose,observed,-0.045501415
same_line_drug_across_dose,observed,-0.14323531
same_line_drug_across_dose,observed,-0.058050223
same_line_drug_across_dose,observed,0.5834705
same_line_drug_across_dose,observed,0.08244678
same_line_drug_across_dose,observed,0.46973318
same_line_drug_across_dose,observed,0.05867476
same_line_drug_across_dose,observed,0.3050041
same_line_drug_across_dose,observed,0.42706832
same_line_drug_across_dose,observed,0.109745085
same_line_drug_across_dose,observed,0.40107608
same_line_drug_across_dose,observed,0.3469371
same_line_drug_across_dose,observed,0.19525911
same_line_drug_across_dose,observed,0.21867038
same_line_drug_across_dose,observed,0.1956165
same_line_drug_across_dose,observed,0.39607224
same_line_drug_across_dose,observed,0.049648028
same_line_drug_across_dose,observed,0.00804148
same_line_drug_across_dose,observed,0.06979054
same_line_drug_across_dose,observed,-0.12469891
same_line_drug_across_dose,observed,-0.009047321
same_line_drug_across_dose,observed,0.28633556
same_line_drug_across_dose,observed,-0.031557936
same_line_drug_across_dose,observed,0.18751925
same_line_drug_across_dose,observed,0.24031554
same_line_drug_across_dose,observed,-0.0006638803
same_line_drug_across_dose,observed,0.028574592
same_line_drug_across_dose,observed,-0.0072052116
same_line_drug_across_dose,observed,0.013654424
same_line_drug_across_dose,observed,0.11195252
same_line_drug_across_dose,observed,0.24392527
same_line_drug_across_dose,observed,0.07740602
same_line_drug_across_dose,observed,0.21687266
same_line_drug_across_dose,observed,0.1040661
same_line_drug_across_dose,observed,0.4850687
same_line_drug_across_dose,observed,0.0210206
same_line_drug_across_dose,observed,0.20336431
same_line_drug_across_dose,observed,0.28229842
same_line_drug_across_dose,observed,0.19914131
same_line_drug_across_dose,observed,0.39137655
same_line_drug_across_dose,observed,0.108842626
same_line_drug_across_dose,observed,-0.0031917244
same_line_drug_across_dose,observed,0.24128138
same_line_drug_across_dose,observed,0.07938238
same_line_drug_across_dose,observed,-0.017441321
same_line_drug_across_dose,observed,0.12512185
same_line_drug_across_dose,observed,0.33449513
same_line_drug_across_dose,observed,-0.08082117
same_line_drug_across_dose,observed,0.23798114
same_line_drug_across_dose,observed,0.33484557
same_line_drug_across_dose,observed,0.0889388
same_line_drug_across_dose,observed,0.32066283
same_line_drug_across_dose,observed,-0.010204617
same_line_drug_across_dose,observed,0.049594972
same_line_drug_across_dose,observed,0.2587513
same_line_drug_across_dose,observed,0.6766205
same_line_drug_across_dose,observed,-0.013794675
same_line_drug_across_dose,observed,0.31257427
same_line_drug_across_dose,observed,0.07967005
same_line_drug_across_dose,observed,-0.051751107
same_line_drug_across_dose,observed,0.046796426
same_line_drug_across_dose,observed,0.22690822
same_line_drug_across_dose,observed,0.0056081074
same_line_drug_across_dose,observed,0.33226413
same_line_drug_across_dose,observed,0.16767368
same_line_drug_across_dose,observed,0.102895744
same_line_drug_across_dose,observed,0.16375999
same_line_drug_across_dose,observed,0.07993064
same_line_drug_across_dose,observed,0.22849779
same_line_drug_across_dose,observed,0.020475132
same_line_drug_across_dose,observed,0.06310776
same_line_drug_across_dose,observed,0.1946142
same_line_drug_across_dose,observed,0.29986545
same_line_drug_across_dose,observed,0.05867628
same_line_drug_across_dose,observed,0.34532505
same_line_drug_across_dose,observed,0.43427292
same_line_drug_across_dose,observed,-0.0040398575
same_line_drug_across_dose,observed,0.33431053
same_line_drug_across_dose,observed,0.1453362
same_line_drug_across_dose,observed,0.08662546
same_line_drug_across_dose,observed,-0.0029162706
same_line_drug_across_dose,observed,0.12618992
same_line_drug_across_dose,observed,0.3617522
same_line_drug_across_dose,observed,0.13305831
same_line_drug_across_dose,observed,0.41801804
same_line_drug_across_dose,observed,0.4840667
same_line_drug_across_dose,observed,0.62987554
same_line_drug_across_dose,observed,0.19884932
same_line_drug_across_dose,observed,0.48411325
same_line_drug_across_dose,observed,0.0644707
same_line_drug_across_dose,observed,0.13552883
same_line_drug_across_dose,observed,0.1296169
same_line_drug_across_dose,observed,0.09733745
same_line_drug_across_dose,observed,0.05339611
same_line_drug_across_dose,observed,0.010076413
same_line_drug_across_dose,observed,0.041849803
same_line_drug_across_dose,observed,0.43509603
same_line_drug_across_dose,observed,0.2064744
same_line_drug_across_dose,observed,0.14675942
same_line_drug_across_dose,observed,0.69016397
same_line_drug_across_dose,observed,0.22956824
same_line_drug_across_dose,observed,0.03621564
same_line_drug_across_dose,observed,0.07404362
same_line_drug_across_dose,observed,0.61937404
same_line_drug_across_dose,observed,0.30763087
same_line_drug_across_dose,observed,0.06825419
same_line_drug_across_dose,observed,0.43203342
same_line_drug_across_dose,observed,0.23370188
same_line_drug_across_dose,observed,0.036741618
same_line_drug_across_dose,observed,0.11725325
same_line_drug_across_dose,observed,0.1886308
same_line_drug_across_dose,observed,0.043700777
same_line_drug_across_dose,observed,0.11383642
same_line_drug_across_dose,observed,0.2086431
same_line_drug_across_dose,observed,0.072061405
same_line_drug_across_dose,observed,0.27391022
same_line_drug_across_dose,observed,0.13011514
same_line_drug_across_dose,observed,0.20854104
same_line_drug_across_dose,observed,0.31545436
same_line_drug_across_dose,observed,0.052541107
same_line_drug_across_dose,observed,0.35171485
same_line_drug_across_dose,observed,0.328198
same_line_drug_across_dose,observed,0.28456998
same_line_drug_across_dose,observed,0.29242095
same_line_drug_across_dose,observed,0.28088135
same_line_drug_across_dose,observed,0.0051033534
same_line_drug_across_dose,observed,0.32841155
same_line_drug_across_dose,observed,0.03578596
same_line_drug_across_dose,observed,0.051176824
same_line_drug_across_dose,observed,0.015095327
same_line_drug_across_dose,observed,0.0421829
same_line_drug_across_dose,observed,0.094960496
same_line_drug_across_dose,observed,0.30585238
same_line_drug_across_dose,observed,0.069516554
same_line_drug_across_dose,observed,0.17765963
same_line_drug_across_dose,observed,0.08555156
same_line_drug_across_dose,observed,0.16859694
same_line_drug_across_dose,observed,0.008241852
same_line_drug_across_dose,observed,0.2496164
same_line_drug_across_dose,observed,0.3732112
same_line_drug_across_dose,observed,0.6084375
same_line_drug_across_dose,observed,0.33555257
same_line_drug_across_dose,observed,0.22295235
same_line_drug_across_dose,observed,0.40712985
same_line_drug_across_dose,observed,-0.023323562
same_line_drug_across_dose,observed,-0.008832048
same_line_drug_across_dose,observed,0.06649059
same_line_drug_across_dose,observed,0.03394412
same_line_drug_across_dose,observed,0.17053267
same_line_drug_across_dose,observed,0.09823767
same_line_drug_across_dose,observed,0.09037286
same_line_drug_across_dose,observed,0.11621241
same_line_drug_across_dose,observed,0.022880703
same_line_drug_across_dose,observed,0.15445963
same_line_drug_across_dose,observed,0.2496164
same_line_drug_across_dose,observed,0.43386033
same_line_drug_across_dose,observed,0.35499638
same_line_drug_across_dose,observed,0.23197247
same_line_drug_across_dose,observed,0.21432295
same_line_drug_across_dose,observed,0.27965146
same_line_drug_across_dose,observed,0.28200713
same_line_drug_across_dose,observed,0.2987286
same_line_drug_across_dose,observed,0.0775866
same_line_drug_across_dose,observed,-0.010683143
same_line_drug_across_dose,observed,0.016169686
same_line_drug_across_dose,observed,0.22409321
same_line_drug_across_dose,observed,0.047424037
same_line_drug_across_dose,observed,0.31337377
same_line_drug_across_dose,observed,0.53358674
same_line_drug_across_dose,observed,0.029108904
same_line_drug_across_dose,observed,0.06294639
same_line_drug_across_dose,observed,0.4070005
same_line_drug_across_dose,observed,0.4888511
same_line_drug_across_dose,observed,0.08404823
same_line_drug_across_dose,observed,0.09234797
same_line_drug_across_dose,observed,0.3151263
same_line_drug_across_dose,observed,0.008489889
same_line_drug_across_dose,observed,0.33743063
same_line_drug_across_dose,observed,0.18261044
same_line_drug_across_dose,observed,0.04365641
same_line_drug_across_dose,observed,0.073061645
same_line_drug_across_dose,observed,0.17349415
same_line_drug_across_dose,observed,0.027127577
same_line_drug_across_dose,observed,0.13649213
same_line_drug_across_dose,observed,-0.0021034242
same_line_drug_across_dose,observed,0.09542121
same_line_drug_across_dose,observed,0.2035816
same_line_drug_across_dose,observed,0.108964205
same_line_drug_across_dose,observed,0.03558703
same_line_drug_across_dose,observed,0.26364788
same_line_drug_across_dose,observed,0.10114414
same_line_drug_across_dose,observed,0.010389029
same_line_drug_across_dose,observed,-0.052557196
same_line_drug_across_dose,observed,-0.15654977
same_line_drug_across_dose,observed,0.39974025
same_line_drug_across_dose,observed,0.2765856
same_line_drug_across_dose,observed,0.46947044
same_line_drug_across_dose,observed,0.73477805
same_line_drug_across_dose,observed,0.14701024
same_line_drug_across_dose,observed,0.12005725
same_line_drug_across_dose,observed,0.5272746
same_line_drug_across_dose,observed,-0.015916653
same_line_drug_across_dose,observed,0.38814816
same_line_drug_across_dose,observed,0.0092242975
same_line_drug_across_dose,observed,0.18348551
same_line_drug_across_dose,observed,0.17077407
same_line_drug_across_dose,observed,0.6172881
same_line_drug_across_dose,observed,0.12675606
same_line_drug_across_dose,observed,0.12756816
same_line_drug_across_dose,observed,0.06711235
same_line_drug_across_dose,observed,-0.007346828
same_line_drug_across_dose,observed,-0.06291891
same_line_drug_across_dose,observed,0.4249669
same_line_drug_across_dose,observed,0.051794004
same_line_drug_across_dose,observed,0.05265609
same_line_drug_across_dose,observed,-0.05455958
same_line_drug_across_dose,observed,0.03578052
same_line_drug_across_dose,observed,0.18774144
same_line_drug_across_dose,observed,0.14494364
same_line_drug_across_dose,observed,0.06091738
same_line_drug_across_dose,observed,0.067216
same_line_drug_across_dose,observed,0.119601876
same_line_drug_across_dose,observed,0.07976262
same_line_drug_across_dose,observed,0.19375741
same_line_drug_across_dose,observed,-0.029096968
same_line_drug_across_dose,observed,0.032722324
same_line_drug_across_dose,observed,-0.017726403
same_line_drug_across_dose,observed,0.14237627
same_line_drug_across_dose,observed,0.09203744
same_line_drug_across_dose,observed,0.18101816
same_line_drug_across_dose,observed,0.28764507
same_line_drug_across_dose,observed,0.43088368
same_line_drug_across_dose,observed,0.15602402
same_line_drug_across_dose,observed,0.31813774
same_line_drug_across_dose,observed,0.0017954546
same_line_drug_across_dose,observed,0.3024096
same_line_drug_across_dose,observed,0.10017125
same_line_drug_across_dose,observed,0.16027059
same_line_drug_across_dose,observed,0.11955373
same_line_drug_across_dose,observed,0.14075358
same_line_drug_across_dose,observed,0.30851924
same_line_drug_across_dose,observed,-0.024484172
same_line_drug_across_dose,observed,0.32710683
same_line_drug_across_dose,observed,0.09712644
same_line_drug_across_dose,observed,0.4602769
same_line_drug_across_dose,observed,0.07286565
same_line_drug_across_dose,observed,0.023906142
same_line_drug_across_dose,observed,-0.07377876
same_line_drug_across_dose,observed,0.09892484
same_line_drug_across_dose,observed,0.14494604
same_line_drug_across_dose,observed,0.52986825
same_line_drug_across_dose,observed,0.7133021
same_line_drug_across_dose,observed,0.19151883
same_line_drug_across_dose,observed,0.054062787
same_line_drug_across_dose,observed,-0.0060027116
same_line_drug_across_dose,observed,0.33590385
same_line_drug_across_dose,observed,0.29870525
same_line_drug_across_dose,observed,0.6449527
same_line_drug_across_dose,observed,-1.2077832e-06
same_line_drug_across_dose,observed,0.07466606
same_line_drug_across_dose,observed,0.40780854
same_line_drug_across_dose,observed,-0.029413791
same_line_drug_across_dose,observed,0.31906533
same_line_drug_across_dose,observed,0.015581831
same_line_drug_across_dose,observed,0.42270243
same_line_drug_across_dose,observed,0.57401997
same_line_drug_across_dose,observed,0.27521208
same_line_drug_across_dose,observed,0.08171225
same_line_drug_across_dose,observed,0.06032848
same_line_drug_across_dose,observed,0.025114767
same_line_drug_across_dose,observed,-0.09101887
same_line_drug_across_dose,observed,0.13965623
same_line_drug_across_dose,observed,0.26999727
same_line_drug_across_dose,observed,0.10351822
same_line_drug_across_dose,observed,0.06649059
same_line_drug_across_dose,observed,0.2366806
same_line_drug_across_dose,observed,0.07116552
same_line_drug_across_dose,observed,0.51556945
same_line_drug_across_dose,observed,0.065390915
same_line_drug_across_dose,observed,0.0027147266
same_line_drug_across_dose,observed,0.14651477
same_line_drug_across_dose,observed,0.11576174
same_line_drug_across_dose,observed,0.27185848
same_line_drug_across_dose,observed,0.03558703
same_line_drug_across_dose,observed,-0.025285628
same_line_drug_across_dose,observed,0.0884145
same_line_drug_across_dose,observed,0.10986071
same_line_drug_across_dose,observed,0.2230657
same_line_drug_across_dose,observed,0.11148251
same_line_drug_across_dose,observed,0.28908256
same_line_drug_across_dose,observed,-0.07209674
same_line_drug_across_dose,observed,0.038708806
same_line_drug_across_dose,observed,0.055185296
same_line_drug_across_dose,observed,0.1100495
same_line_drug_across_dose,observed,0.36813608
same_line_drug_across_dose,observed,0.3642575
same_line_drug_across_dose,observed,0.25213978
same_line_drug_across_dose,observed,0.249621
same_line_drug_across_dose,observed,-0.12475043
same_line_drug_across_dose,observed,0.41902763
same_line_drug_across_dose,observed,0.28673735
same_line_drug_across_dose,observed,0.09197844
same_line_drug_across_dose,observed,0.070580594
same_line_drug_across_dose,observed,0.4070005
same_line_drug_across_dose,observed,0.029065423
same_line_drug_across_dose,observed,0.47921002
same_line_drug_across_dose,observed,0.14675942
same_line_drug_across_dose,observed,0.20548317
same_line_drug_across_dose,observed,0.11262363
same_line_drug_across_dose,observed,0.15373883
same_line_drug_across_dose,observed,0.217591
same_line_drug_across_dose,observed,0.06725224
same_line_drug_across_dose,observed,0.3105562
same_line_drug_across_dose,observed,-0.0074658794
same_line_drug_across_dose,observed,-0.07745916
same_line_drug_across_dose,observed,-0.13633738
same_line_drug_across_dose,observed,-0.018285692
same_line_drug_across_dose,observed,0.24743633
same_line_drug_across_dose,observed,0.07843437
same_line_drug_across_dose,observed,0.51205015
same_line_drug_across_dose,observed,0.09714599
same_line_drug_across_dose,observed,0.057038657
same_line_drug_across_dose,observed,0.14569958
same_line_drug_across_dose,observed,0.07638103
same_line_drug_across_dose,observed,0.4587946
same_line_drug_across_dose,observed,-0.0412282
same_line_drug_across_dose,observed,0.08579207
same_line_drug_across_dose,observed,0.34019983
same_line_drug_across_dose,observed,0.18668172
same_line_drug_across_dose,observed,0.4986165
same_line_drug_across_dose,observed,0.12190392
same_line_drug_across_dose,observed,0.035581138
same_line_drug_across_dose,observed,0.24511684
same_line_drug_across_dose,observed,0.1228847
same_line_drug_across_dose,observed,0.032523744
same_line_drug_across_dose,observed,0.09226264
same_line_drug_across_dose,observed,0.047001854
same_line_drug_across_dose,observed,0.09896975
same_line_drug_across_dose,observed,0.06414652
same_line_drug_across_dose,observed,0.07611009
same_line_drug_across_dose,observed,0.19935255
same_line_drug_across_dose,observed,0.34450504
same_line_drug_across_dose,observed,0.22100379
same_line_drug_across_dose,observed,0.26767743
same_line_drug_across_dose,observed,0.28183275
same_line_drug_across_dose,observed,0.3408722
same_line_drug_across_dose,observed,0.2839561
same_line_drug_across_dose,observed,0.18220738
same_line_drug_across_dose,observed,0.21358854
same_line_drug_across_dose,observed,-0.028746134
same_line_drug_across_dose,observed,0.2732671
same_line_drug_across_dose,observed,0.13548844
same_line_drug_across_dose,observed,0.015020418
same_line_drug_across_dose,observed,0.10059845
same_line_drug_across_dose,observed,0.117424235
same_line_drug_across_dose,observed,0.39871237
same_line_drug_across_dose,observed,0.14702407
same_line_drug_across_dose,observed,0.56972677
same_line_drug_across_dose,observed,0.1720074
same_line_drug_across_dose,observed,0.061515663
same_line_drug_across_dose,observed,0.04969978
same_line_drug_across_dose,observed,0.011812144
same_line_drug_across_dose,observed,0.4211267
same_line_drug_across_dose,observed,0.27784598
same_line_drug_across_dose,observed,0.036393255
same_line_drug_across_dose,observed,0.020149069
same_line_drug_across_dose,observed,0.30711028
same_line_drug_across_dose,observed,0.1489066
same_line_drug_across_dose,observed,-0.025226511
same_line_drug_across_dose,observed,0.029418124
same_line_drug_across_dose,observed,0.22387157
same_line_drug_across_dose,observed,-0.020580934
same_line_drug_across_dose,observed,0.1491174
same_line_drug_across_dose,observed,0.13162285
same_line_drug_across_dose,observed,0.62289417
same_line_drug_across_dose,observed,0.31550217
same_line_drug_across_dose,observed,0.27273285
same_line_drug_across_dose,observed,0.06596756
same_line_drug_across_dose,observed,-0.012461542
same_line_drug_across_dose,observed,0.1442696
same_line_drug_across_dose,observed,0.49570498
same_line_drug_across_dose,observed,0.3148874
same_line_drug_across_dose,observed,0.1758733
same_line_drug_across_dose,observed,0.22066401
same_line_drug_across_dose,observed,0.05411037
same_line_drug_across_dose,observed,0.33033434
same_line_drug_across_dose,observed,0.05720121
same_line_drug_across_dose,observed,0.06141598
same_line_drug_across_dose,observed,0.28764507
same_line_drug_across_dose,observed,0.087588355
same_line_drug_across_dose,observed,0.44257325
same_line_drug_across_dose,observed,0.08214308
same_line_drug_across_dose,observed,0.049067833
same_line_drug_across_dose,observed,0.07752004
same_line_drug_across_dose,observed,0.0004971027
same_line_drug_across_dose,observed,0.24527116
same_line_drug_across_dose,observed,0.3734438
same_line_drug_across_dose,observed,0.19334227
same_line_drug_across_dose,observed,0.4638087
same_line_drug_across_dose,observed,0.13334888
same_line_drug_across_dose,observed,0.45845047
same_line_drug_across_dose,observed,0.012296305
same_line_drug_across_dose,observed,0.38463333
same_line_drug_across_dose,observed,0.30462113
same_line_drug_across_dose,observed,0.36928052
same_line_drug_across_dose,observed,0.008174935
same_line_drug_across_dose,observed,0.09920225
same_line_drug_across_dose,observed,0.10853751
same_line_drug_across_dose,observed,0.013180352
same_line_drug_across_dose,observed,0.07930169
same_line_drug_across_dose,observed,0.11607997
same_line_drug_across_dose,observed,0.18546017
same_line_drug_across_dose,observed,0.25970533
same_line_drug_across_dose,observed,0.09574951
same_line_drug_across_dose,observed,-0.081135094
same_line_drug_across_dose,observed,0.080075674
same_line_drug_across_dose,observed,0.16027059
same_line_drug_across_dose,observed,0.19666108
same_line_drug_across_dose,observed,0.19154598
same_line_drug_across_dose,observed,0.377773
same_line_drug_across_dose,observed,0.16780357
same_line_drug_across_dose,observed,0.5617251
same_line_drug_across_dose,observed,0.26366845
same_line_drug_across_dose,observed,0.09919167
same_line_drug_across_dose,observed,0.45358434
same_line_drug_across_dose,observed,0.22152497
same_line_drug_across_dose,observed,0.43427292
same_line_drug_across_dose,observed,0.1865625
same_line_drug_across_dose,observed,0.36813608
same_line_drug_across_dose,observed,0.069504164
same_line_drug_across_dose,observed,0.19866754
same_line_drug_across_dose,observed,0.21433178
same_line_drug_across_dose,observed,0.24979359
same_line_drug_across_dose,observed,-0.06314331
same_line_drug_across_dose,observed,-0.027161198
same_line_drug_across_dose,observed,0.2818867
same_line_drug_across_dose,observed,0.13838036
same_line_drug_across_dose,observed,0.32854137
same_line_drug_across_dose,observed,0.15373883
same_line_drug_across_dose,observed,0.019408088
same_line_drug_across_dose,observed,0.274172
same_line_drug_across_dose,observed,0.1935964
same_line_drug_across_dose,observed,0.29986545
same_line_drug_across_dose,observed,0.028093735
same_line_drug_across_dose,observed,-0.00453449
same_line_drug_across_dose,observed,0.5468642
same_line_drug_across_dose,observed,0.025718173
same_line_drug_across_dose,observed,-0.023774568
same_line_drug_across_dose,observed,-0.031469285
same_line_drug_across_dose,observed,0.08550657
same_line_drug_across_dose,observed,0.37297863
same_line_drug_across_dose,observed,0.18486825
same_line_drug_across_dose,observed,0.047764
same_line_drug_across_dose,observed,0.03455704
same_line_drug_across_dose,observed,0.23419897
same_line_drug_across_dose,observed,0.23594016
same_line_drug_across_dose,observed,0.07598325
same_line_drug_across_dose,observed,0.11740132
same_line_drug_across_dose,observed,-0.0412282
same_line_drug_across_dose,observed,0.4521609
same_line_drug_across_dose,observed,0.29909906
same_line_drug_across_dose,observed,0.008999486
same_line_drug_across_dose,observed,0.26117754
same_line_drug_across_dose,observed,0.41638023
same_line_drug_across_dose,observed,0.036003746
same_line_drug_across_dose,observed,0.03511147
same_line_drug_across_dose,observed,0.14820969
same_line_drug_across_dose,observed,0.40005553
same_line_drug_across_dose,observed,0.15260606
same_line_drug_across_dose,observed,0.044277687
same_line_drug_across_dose,observed,-0.006421036
same_line_drug_across_dose,observed,-0.023724131
same_line_drug_across_dose,observed,0.044094507
same_line_drug_across_dose,observed,0.20124125
same_line_drug_across_dose,observed,0.18260433
same_line_drug_across_dose,observed,0.03553816
same_line_drug_across_dose,observed,0.123315096
same_line_drug_across_dose,observed,0.034954432
same_line_drug_across_dose,observed,0.12815367
same_line_drug_across_dose,observed,0.18498933
same_line_drug_across_dose,observed,0.0024657724
same_line_drug_across_dose,observed,0.21289964
same_line_drug_across_dose,observed,0.29035473
same_line_drug_across_dose,observed,0.40991098
same_line_drug_across_dose,observed,0.33590385
same_line_drug_across_dose,observed,0.09316263
same_line_drug_across_dose,observed,0.08916594
same_line_drug_across_dose,observed,0.08657084
same_line_drug_across_dose,observed,0.23298275
same_line_drug_across_dose,observed,0.059916694
same_line_drug_across_dose,observed,0.119412355
same_line_drug_across_dose,observed,-0.038505606
same_line_drug_across_dose,observed,0.26751748
same_line_drug_across_dose,observed,0.1612327
same_line_drug_across_dose,observed,0.5510195
same_line_drug_across_dose,observed,0.09932291
same_line_drug_across_dose,observed,0.10885834
same_line_drug_across_dose,observed,0.17670597
same_line_drug_across_dose,observed,0.038737837
same_line_drug_across_dose,observed,0.008815183
same_line_drug_across_dose,observed,0.27840304
same_line_drug_across_dose,observed,0.2888125
same_line_drug_across_dose,observed,-0.07304749
same_line_drug_across_dose,observed,0.24256648
same_line_drug_across_dose,observed,0.2603054
same_line_drug_across_dose,observed,0.012500043
same_line_drug_across_dose,observed,0.0014309878
same_line_drug_across_dose,observed,0.06528916
same_line_drug_across_dose,observed,0.03836497
same_line_drug_across_dose,observed,0.039376505
same_line_drug_across_dose,observed,0.21455401
same_line_drug_across_dose,observed,0.29368308
same_line_drug_across_dose,observed,0.1550651
same_line_drug_across_dose,observed,0.56509507
same_line_drug_across_dose,observed,0.0070447354
same_line_drug_across_dose,observed,0.21694921
same_line_drug_across_dose,observed,0.17035127
same_line_drug_across_dose,observed,-0.033635993
same_line_drug_across_dose,observed,0.13655722
same_line_drug_across_dose,observed,0.06652634
same_line_drug_across_dose,observed,0.30313444
same_line_drug_across_dose,observed,0.26265863
same_line_drug_across_dose,observed,-0.023223694
same_line_drug_across_dose,observed,0.10919501
same_line_drug_across_dose,observed,0.09049785
same_line_drug_across_dose,observed,0.053889982
same_line_drug_across_dose,observed,-0.03495967
same_line_drug_across_dose,observed,0.3766063
same_line_drug_across_dose,observed,0.031510934
same_line_drug_across_dose,observed,0.013497635
same_line_drug_across_dose,observed,0.33092788
same_line_drug_across_dose,observed,0.56972677
same_line_drug_across_dose,observed,0.031510934
same_line_drug_across_dose,observed,0.49721295
same_line_drug_across_dose,observed,0.3778345
same_line_drug_across_dose,observed,0.023630787
same_line_drug_across_dose,observed,-0.06804834
same_line_drug_across_dose,observed,0.27331734
same_line_drug_across_dose,observed,0.08209721
same_line_drug_across_dose,observed,0.055660147
same_line_drug_across_dose,observed,0.13167287
same_line_drug_across_dose,observed,0.2048054
same_line_drug_across_dose,observed,0.061049867
same_line_drug_across_dose,observed,0.27523217
same_line_drug_across_dose,observed,0.14346793
same_line_drug_across_dose,observed,0.06172942
same_line_drug_across_dose,observed,0.4078923
same_line_drug_across_dose,observed,0.1938579
same_line_drug_across_dose,observed,0.0210206
same_line_drug_across_dose,observed,0.10179911
same_line_drug_across_dose,observed,0.01720585
same_line_drug_across_dose,observed,0.029956333
same_line_drug_across_dose,observed,0.05064019
same_line_drug_across_dose,observed,0.016985673
same_line_drug_across_dose,observed,0.21921217
same_line_drug_across_dose,observed,-0.004332891
same_line_drug_across_dose,observed,0.11095183
same_line_drug_across_dose,observed,0.062146615
same_line_drug_across_dose,observed,0.06234751
same_line_drug_across_dose,observed,-0.20592324
same_line_drug_across_dose,observed,0.16284473
same_line_drug_across_dose,observed,0.16519853
same_line_drug_across_dose,observed,-0.02904558
same_line_drug_across_dose,observed,0.24511684
same_line_drug_across_dose,observed,0.046877086
same_line_drug_across_dose,observed,0.027855793
same_line_drug_across_dose,observed,0.15452677
same_line_drug_across_dose,observed,0.06190845
same_line_drug_across_dose,observed,0.17754205
same_line_drug_across_dose,observed,0.12042023
same_line_drug_across_dose,observed,0.01720585
same_line_drug_across_dose,observed,0.03350923
same_line_drug_across_dose,observed,-0.057336617
same_line_drug_across_dose,observed,0.043289665
same_line_drug_across_dose,observed,0.42045256
same_line_drug_across_dose,observed,0.016985673
same_line_drug_across_dose,observed,-0.25987297
same_line_drug_across_dose,observed,0.0051892083
same_line_drug_across_dose,observed,0.22690822
same_line_drug_across_dose,observed,0.32807887
same_line_drug_across_dose,observed,0.6587978
same_line_drug_across_dose,observed,0.80334187
same_line_drug_across_dose,observed,0.19476509
same_line_drug_across_dose,observed,0.17256182
same_line_drug_across_dose,observed,0.06724665
same_line_drug_across_dose,observed,0.5696357
same_line_drug_across_dose,observed,0.6390498
same_line_drug_across_dose,observed,0.0060400274
same_line_drug_across_dose,observed,-0.003153288
same_line_drug_across_dose,observed,0.08404823
same_line_drug_across_dose,observed,0.09825571
same_line_drug_across_dose,observed,0.14132506
same_line_drug_across_dose,observed,0.12376609
same_line_drug_across_dose,observed,0.05575341
same_line_drug_across_dose,observed,-0.023123348
same_line_drug_across_dose,observed,0.19966638
same_line_drug_across_dose,observed,0.45565698
same_line_drug_across_dose,observed,0.05945375
same_line_drug_across_dose,observed,0.11310004
same_line_drug_across_dose,observed,0.24545878
same_line_drug_across_dose,observed,0.12649575
same_line_drug_across_dose,observed,0.1040661
same_line_drug_across_dose,observed,0.05449503
same_line_drug_across_dose,observed,-0.112603165
same_line_drug_across_dose,observed,0.044282842
same_line_drug_across_dose,observed,0.22027677
same_line_drug_across_dose,observed,0.479784
same_line_drug_across_dose,observed,0.026830442
same_line_drug_across_dose,observed,0.07739108
same_line_drug_across_dose,observed,0.18290786
same_line_drug_across_dose,observed,0.019486114
same_line_drug_across_dose,observed,0.0032726522
same_line_drug_across_dose,observed,0.18173923
same_line_drug_across_dose,observed,-0.0014197715
same_line_drug_across_dose,observed,0.057652418
same_line_drug_across_dose,observed,0.648284
same_line_drug_across_dose,observed,0.26046288
same_line_drug_across_dose,observed,0.20743756
same_line_drug_across_dose,observed,0.5617251
same_line_drug_across_dose,observed,-0.030071234
same_line_drug_across_dose,observed,0.14928567
same_line_drug_across_dose,observed,0.28359535
same_line_drug_across_dose,observed,0.093665585
same_line_drug_across_dose,observed,0.044277687
same_line_drug_across_dose,observed,0.4911131
same_line_drug_across_dose,observed,0.15509899
same_line_drug_across_dose,observed,0.08056246
same_line_drug_across_dose,observed,0.0796734
same_line_drug_across_dose,observed,0.062656865
same_line_drug_across_dose,observed,0.26046288
same_line_drug_across_dose,observed,0.12700017
same_line_drug_across_dose,observed,-0.12450533
same_line_drug_across_dose,observed,0.013914428
same_line_drug_across_dose,observed,0.22288658
same_line_drug_across_dose,observed,0.032563526
same_line_drug_across_dose,observed,0.0345278
same_line_drug_across_dose,observed,0.008914844
same_line_drug_across_dose,observed,0.059839636
same_line_drug_across_dose,observed,0.23416787
same_line_drug_across_dose,observed,0.019644693
same_line_drug_across_dose,observed,0.6300378
same_line_drug_across_dose,observed,0.17749436
same_line_drug_across_dose,observed,0.18170197
same_line_drug_across_dose,observed,0.14047669
same_line_drug_across_dose,observed,0.024323057
same_line_drug_across_dose,observed,0.37969598
same_line_drug_across_dose,observed,0.26891622
same_line_drug_across_dose,observed,0.101986505
same_line_drug_across_dose,observed,0.031079626
same_line_drug_across_dose,observed,0.12264207
same_line_drug_across_dose,observed,0.02299848
same_line_drug_across_dose,observed,0.46021613
same_line_drug_across_dose,observed,0.25031126
same_line_drug_across_dose,observed,0.44084692
same_line_drug_across_dose,observed,-0.027058693
same_line_drug_across_dose,observed,0.06829031
same_line_drug_across_dose,observed,0.2174908
same_line_drug_across_dose,observed,0.4491833
same_line_drug_across_dose,observed,0.748966
same_line_drug_across_dose,observed,0.30882576
same_line_drug_across_dose,observed,0.16923314
same_line_drug_across_dose,observed,0.060072575
same_line_drug_across_dose,observed,0.038768306
same_line_drug_across_dose,observed,0.15031269
same_line_drug_across_dose,observed,0.1312217
same_line_drug_across_dose,observed,0.18019044
same_line_drug_across_dose,observed,0.008801467
same_line_drug_across_dose,observed,0.21687266
same_line_drug_across_dose,observed,0.5361378
same_line_drug_across_dose,observed,0.36014318
same_line_drug_across_dose,observed,0.019784354
same_line_drug_across_dose,observed,0.1141386
same_line_drug_across_dose,observed,0.4201234
same_line_drug_across_dose,observed,0.49091876
same_line_drug_across_dose,observed,0.021389779
same_line_drug_across_dose,observed,0.05179913
same_line_drug_across_dose,observed,0.7253823
same_line_drug_across_dose,observed,0.2606947
same_line_drug_across_dose,observed,0.37879235
same_line_drug_across_dose,observed,0.021649938
same_line_drug_across_dose,observed,0.37866834
same_line_drug_across_dose,observed,0.01582874
same_line_drug_across_dose,observed,0.40457982
same_line_drug_across_dose,observed,0.011411277
same_line_drug_across_dose,observed,0.6436828
same_line_drug_across_dose,observed,0.07049757
same_line_drug_across_dose,observed,0.6938647
same_line_drug_across_dose,observed,0.08131561
same_line_drug_across_dose,observed,0.108563006
same_line_drug_across_dose,observed,0.14943655
same_line_drug_across_dose,observed,0.5801194
same_line_drug_across_dose,observed,0.44681358
same_line_drug_across_dose,observed,0.09197844
same_line_drug_across_dose,observed,0.013578002
same_line_drug_across_dose,observed,0.07450914
same_line_drug_across_dose,observed,0.025826747
same_line_drug_across_dose,observed,-0.042906605
same_line_drug_across_dose,observed,0.15812182
same_line_drug_across_dose,observed,0.10652926
same_line_drug_across_dose,observed,-0.16075474
same_line_drug_across_dose,observed,0.089280725
same_line_drug_across_dose,observed,0.08132679
same_line_drug_across_dose,observed,0.05720121
same_line_drug_across_dose,observed,0.043255053
same_line_drug_across_dose,observed,0.15075544
same_line_drug_across_dose,observed,0.015331474
same_line_drug_across_dose,observed,0.19909622
same_line_drug_across_dose,observed,0.4463611
same_line_drug_across_dose,observed,0.022560865
same_line_drug_across_dose,observed,0.09822364
same_line_drug_across_dose,observed,0.068278156
same_line_drug_across_dose,observed,0.01720585
same_line_drug_across_dose,observed,0.048816368
same_line_drug_across_dose,observed,0.53925425
same_line_drug_across_dose,observed,0.0012396442
same_line_drug_across_dose,observed,0.21665688
same_line_drug_across_dose,observed,0.11071592
same_line_drug_across_dose,observed,0.18405743
same_line_drug_across_dose,observed,-0.05977921
same_line_drug_across_dose,observed,0.61492276
same_line_drug_across_dose,observed,0.31121647
same_line_drug_across_dose,observed,0.5305714
same_line_drug_across_dose,observed,-0.04306975
same_line_drug_across_dose,observed,0.36436057
same_line_drug_across_dose,observed,0.15388997
same_line_drug_across_dose,observed,0.114810884
same_line_drug_across_dose,observed,0.62727004
same_line_drug_across_dose,observed,0.041849803
same_line_drug_across_dose,observed,0.02338871
same_line_drug_across_dose,observed,0.08110005
same_line_drug_across_dose,observed,0.0602426
same_line_drug_across_dose,observed,0.07116104
same_line_drug_across_dose,observed,0.21976374
same_line_drug_across_dose,observed,0.23925702
same_line_drug_across_dose,observed,0.04180203
same_line_drug_across_dose,observed,0.19974793
same_line_drug_across_dose,observed,0.03786261
same_line_drug_across_dose,observed,0.3012222
same_line_drug_across_dose,observed,0.12792176
same_line_drug_across_dose,observed,0.1543782
same_line_drug_across_dose,observed,-0.005570582
same_line_drug_across_dose,observed,0.035118397
same_line_drug_across_dose,observed,0.10179911
same_line_drug_across_dose,observed,0.53937566
same_line_drug_across_dose,observed,0.061008547
same_line_drug_across_dose,observed,0.09235647
same_line_drug_across_dose,observed,-0.014394345
same_line_drug_across_dose,observed,0.26881114
same_line_drug_across_dose,observed,0.14233312
same_line_drug_across_dose,observed,0.7251448
same_line_drug_across_dose,observed,0.15611453
same_line_drug_across_dose,observed,0.29465523
same_line_drug_across_dose,observed,0.060124442
same_line_drug_across_dose,observed,0.05064019
same_line_drug_across_dose,observed,0.11325054
same_line_drug_across_dose,observed,0.2764665
same_line_drug_across_dose,observed,0.017729927
same_line_drug_across_dose,observed,0.18405357
same_line_drug_across_dose,observed,0.22286348
same_line_drug_across_dose,observed,0.3212242
same_line_drug_across_dose,observed,0.33743063
same_line_drug_across_dose,observed,0.15679407
same_line_drug_across_dose,observed,0.12585515
same_line_drug_across_dose,observed,0.074286684
same_line_drug_across_dose,observed,0.088773176
same_line_drug_across_dose,observed,0.07783407
same_line_drug_across_dose,observed,0.16743211
same_line_drug_across_dose,observed,0.101318486
same_line_drug_across_dose,observed,0.35555974
same_line_drug_across_dose,observed,0.0031823914
same_line_drug_across_dose,observed,0.47781357
same_line_drug_across_dose,observed,0.3105562
same_line_drug_across_dose,observed,0.21562698
same_line_drug_across_dose,observed,0.027636496
same_line_drug_across_dose,observed,0.03285709
same_line_drug_across_dose,observed,0.017035967
same_line_drug_across_dose,observed,0.27519533
same_line_drug_across_dose,observed,0.12871051
same_line_drug_across_dose,observed,0.082983494
same_line_drug_across_dose,observed,0.11665834
same_line_drug_across_dose,observed,0.060982242
same_line_drug_across_dose,observed,0.007112565
same_line_drug_across_dose,observed,-0.05321977
same_line_drug_across_dose,observed,-0.01831459
same_line_drug_across_dose,observed,0.34862936
same_line_drug_across_dose,observed,-0.0080969725
same_line_drug_across_dose,observed,0.102999546
same_line_drug_across_dose,observed,0.15809982
same_line_drug_across_dose,observed,0.13148794
same_line_drug_across_dose,observed,0.11439455
same_line_drug_across_dose,observed,0.011822505
same_line_drug_across_dose,observed,0.73182493
same_line_drug_across_dose,observed,0.051732786
same_line_drug_across_dose,observed,0.5174308
same_line_drug_across_dose,observed,0.31042287
same_line_drug_across_dose,observed,0.07435139
same_line_drug_across_dose,observed,-0.014687044
same_line_drug_across_dose,observed,0.104473636
same_line_drug_across_dose,observed,0.0024657724
same_line_drug_across_dose,observed,0.15224256
same_line_drug_across_dose,observed,0.8462647
same_line_drug_across_dose,observed,0.3211028
same_line_drug_across_dose,observed,-0.020167762
same_line_drug_across_dose,observed,0.090159416
same_line_drug_across_dose,observed,0.03075528
same_line_drug_across_dose,observed,0.24533604
same_line_drug_across_dose,observed,0.043125037
same_line_drug_across_dose,observed,0.1919367
same_line_drug_across_dose,observed,0.13797776
same_line_drug_across_dose,observed,-0.016483674
same_line_drug_across_dose,observed,0.15165947
same_line_drug_across_dose,observed,0.04406087
same_line_drug_across_dose,observed,-0.115786396
same_line_drug_across_dose,observed,-0.038505606
same_line_drug_across_dose,observed,0.15388997
same_line_drug_across_dose,observed,0.18536408
same_line_drug_across_dose,observed,0.08639262
same_line_drug_across_dose,observed,0.10010029
same_line_drug_across_dose,observed,0.26526
same_line_drug_across_dose,observed,-0.02133283
same_line_drug_across_dose,observed,0.068875715
same_line_drug_across_dose,observed,0.0454624
same_line_drug_across_dose,observed,0.21155368
same_line_drug_across_dose,observed,0.5146098
same_line_drug_across_dose,observed,0.49019685
same_line_drug_across_dose,observed,0.4803559
same_line_drug_across_dose,observed,0.02396996
same_line_drug_across_dose,observed,0.38301715
same_line_drug_across_dose,observed,0.06405343
same_line_drug_across_dose,observed,0.24159756
same_line_drug_across_dose,observed,0.08758341
same_line_drug_across_dose,observed,0.0075503807
same_line_drug_across_dose,observed,0.18911643
same_line_drug_across_dose,observed,0.28626406
same_line_drug_across_dose,observed,0.04285719
same_line_drug_across_dose,observed,0.18042667
same_line_drug_across_dose,observed,0.1852455
same_line_drug_across_dose,observed,0.47214726
same_line_drug_across_dose,observed,0.06842104
same_line_drug_across_dose,observed,0.3001855
same_line_drug_across_dose,observed,-0.08985701
same_line_drug_across_dose,observed,0.16760795
same_line_drug_across_dose,observed,-0.01758329
same_line_drug_across_dose,observed,0.20921521
same_line_drug_across_dose,observed,0.07535044
same_line_drug_across_dose,observed,0.37491208
same_line_drug_across_dose,observed,0.048764445
same_line_drug_across_dose,observed,0.07976262
same_line_drug_across_dose,observed,0.35992298
same_line_drug_across_dose,observed,0.1571404
same_line_drug_across_dose,observed,0.1162358
same_line_drug_across_dose,observed,0.30079812
same_line_drug_across_dose,observed,0.07392774
same_line_drug_across_dose,observed,0.35534903
same_line_drug_across_dose,observed,0.015500348
same_line_drug_across_dose,observed,0.28191993
same_line_drug_across_dose,observed,0.4246994
same_line_drug_across_dose,observed,0.046257723
same_line_drug_across_dose,observed,0.029204814
same_line_drug_across_dose,observed,0.1384568
same_line_drug_across_dose,observed,0.5696357
same_line_drug_across_dose,observed,-0.18698163
same_line_drug_across_dose,observed,0.43550304
same_line_drug_across_dose,observed,0.031141514
same_line_drug_across_dose,observed,0.17701466
same_line_drug_across_dose,observed,0.15501997
same_line_drug_across_dose,observed,-0.012388242
same_line_drug_across_dose,observed,0.058654867
same_line_drug_across_dose,observed,0.28772324
same_line_drug_across_dose,observed,0.3607578
same_line_drug_across_dose,observed,0.1865625
same_line_drug_across_dose,observed,0.052390944
same_line_drug_across_dose,observed,0.043173213
same_line_drug_across_dose,observed,0.46062067
same_line_drug_across_dose,observed,0.18349773
same_line_drug_across_dose,observed,0.26360956
same_line_drug_across_dose,observed,0.2827677
same_line_drug_across_dose,observed,-0.013706895
same_line_drug_across_dose,observed,0.0026989905
same_line_drug_across_dose,observed,0.1394785
same_line_drug_across_dose,observed,0.26246455
same_line_drug_across_dose,observed,0.16586292
same_line_drug_across_dose,observed,0.5006323
same_line_drug_across_dose,observed,0.10053682
same_line_drug_across_dose,observed,0.04480071
same_line_drug_across_dose,observed,0.117702655
same_line_drug_across_dose,observed,0.23934478
same_line_drug_across_dose,observed,-0.043400224
same_line_drug_across_dose,observed,0.06545322
same_line_drug_across_dose,observed,0.10669144
same_line_drug_across_dose,observed,0.24110126
same_line_drug_across_dose,observed,0.026609022
same_line_drug_across_dose,observed,0.34864783
same_line_drug_across_dose,observed,0.29943404
same_line_drug_across_dose,observed,0.19942047
same_line_drug_across_dose,observed,0.0070447354
same_line_drug_across_dose,observed,0.50771075
same_line_drug_across_dose,observed,0.26821932
same_line_drug_across_dose,observed,0.22137807
same_line_drug_across_dose,observed,0.051817693
same_line_drug_across_dose,observed,0.044320155
same_line_drug_across_dose,observed,0.5196278
same_line_drug_across_dose,observed,0.046102405
same_line_drug_across_dose,observed,0.19427514
same_line_drug_across_dose,observed,0.046178296
same_line_drug_across_dose,observed,0.15071467
same_line_drug_across_dose,observed,0.0857756
same_line_drug_across_dose,observed,0.12814195
same_line_drug_across_dose,observed,0.13650043
same_line_drug_across_dose,observed,0.14689726
same_line_drug_across_dose,observed,-0.03369902
same_line_drug_across_dose,observed,0.3499106
same_line_drug_across_dose,observed,0.35283113
same_line_drug_across_dose,observed,0.29235575
same_line_drug_across_dose,observed,0.12625445
same_line_drug_across_dose,observed,0.14002676
same_line_drug_across_dose,observed,0.34589174
same_line_drug_across_dose,observed,0.2892401
same_line_drug_across_dose,observed,0.1886784
same_line_drug_across_dose,observed,0.23856825
same_line_drug_across_dose,observed,0.61044616
same_line_drug_across_dose,observed,0.30182433
same_line_drug_across_dose,observed,0.35347
same_line_drug_across_dose,observed,0.27448502
same_line_drug_across_dose,observed,0.07942393
same_line_drug_across_dose,observed,0.08505857
same_line_drug_across_dose,observed,0.0092072515
same_line_drug_across_dose,observed,0.06857475
same_line_drug_across_dose,observed,0.05764143
same_line_drug_across_dose,observed,0.015280092
same_line_drug_across_dose,observed,0.1422418
same_line_drug_across_dose,observed,-0.0078685945
same_line_drug_across_dose,observed,0.17744906
same_line_drug_across_dose,observed,0.081004925
same_line_drug_across_dose,observed,0.2742052
same_line_drug_across_dose,observed,-0.03814128
same_line_drug_across_dose,observed,0.0854159
same_line_drug_across_dose,observed,0.030124972
same_line_drug_across_dose,observed,0.0075503807
same_line_drug_across_dose,observed,0.06574452
same_line_drug_across_dose,observed,0.12821545
same_line_drug_across_dose,observed,0.47711387
same_line_drug_across_dose,observed,0.5697213
same_line_drug_across_dose,observed,0.4476961
same_line_drug_across_dose,observed,0.06916435
same_line_drug_across_dose,observed,0.27970514
same_line_drug_across_dose,observed,0.8297123
same_line_drug_across_dose,observed,0.22559898
same_line_drug_across_dose,observed,0.53932565
same_line_drug_across_dose,observed,0.01653165
same_line_drug_across_dose,observed,0.25515932
same_line_drug_across_dose,observed,0.3860001
same_line_drug_across_dose,observed,0.06340148
same_line_drug_across_dose,observed,-0.00031333682
same_line_drug_across_dose,observed,0.08141023
same_line_drug_across_dose,observed,0.15623498
same_line_drug_across_dose,observed,0.2086431
same_line_drug_across_dose,observed,0.23931254
same_line_drug_across_dose,observed,0.61772615
same_line_drug_across_dose,observed,0.064845115
same_line_drug_across_dose,observed,0.13232657
same_line_drug_across_dose,observed,0.285989
same_line_drug_across_dose,observed,0.2732671
same_line_drug_across_dose,observed,0.07038177
same_line_drug_across_dose,observed,0.016596613
same_line_drug_across_dose,observed,0.03291237
same_line_drug_across_dose,observed,0.3860001
same_line_drug_across_dose,observed,0.13936272
same_line_drug_across_dose,observed,-0.08992157
same_line_drug_across_dose,observed,0.085397355
same_line_drug_across_dose,observed,0.24885343
same_line_drug_across_dose,observed,-0.00055912166
same_line_drug_across_dose,observed,0.08758341
same_line_drug_across_dose,observed,0.1604683
same_line_drug_across_dose,observed,0.043173213
same_line_drug_across_dose,observed,0.07290152
same_line_drug_across_dose,observed,0.28082603
same_line_drug_across_dose,observed,0.021556022
same_line_drug_across_dose,observed,0.019486114
same_line_drug_across_dose,observed,0.030323504
same_line_drug_across_dose,observed,0.23723981
same_line_drug_across_dose,observed,0.07768003
same_line_drug_across_dose,observed,-0.067986555
same_line_drug_across_dose,observed,0.18230428
same_line_drug_across_dose,observed,0.1045364
same_line_drug_across_dose,observed,0.2123051
same_line_drug_across_dose,observed,0.01882673
same_line_drug_across_dose,observed,0.17612386
same_line_drug_across_dose,observed,0.11595408
same_line_drug_across_dose,observed,0.2818311
same_line_drug_across_dose,observed,0.08802244
same_line_drug_across_dose,observed,0.54181117
same_line_drug_across_dose,observed,0.012708498
same_line_drug_across_dose,observed,0.5272746
same_line_drug_across_dose,observed,0.30572894
same_line_drug_across_dose,observed,0.0700336
same_line_drug_across_dose,observed,0.25440085
same_line_drug_across_dose,observed,0.12706992
same_line_drug_across_dose,observed,0.07895198
same_line_drug_across_dose,observed,0.4119183
same_line_drug_across_dose,observed,0.07930169
same_line_drug_across_dose,observed,0.30245408
same_line_drug_across_dose,observed,0.2560601
same_line_drug_across_dose,observed,0.33801433
same_line_drug_across_dose,observed,0.4864002
same_line_drug_across_dose,observed,-0.027872233
same_line_drug_across_dose,observed,0.3411088
same_line_drug_across_dose,observed,0.04678599
same_line_drug_across_dose,observed,0.30616763
same_line_drug_across_dose,observed,0.027626544
same_line_drug_across_dose,observed,0.33133817
same_line_drug_across_dose,observed,0.2360394
same_line_drug_across_dose,observed,0.110040024
same_line_drug_across_dose,observed,-0.041584883
same_line_drug_across_dose,observed,0.20130919
same_line_drug_across_dose,observed,0.2048054
same_line_drug_across_dose,observed,0.06384105
same_line_drug_across_dose,observed,-0.0139213195
same_line_drug_across_dose,observed,0.1339266
same_line_drug_across_dose,observed,0.1665734
same_line_drug_across_dose,observed,0.1866754
same_line_drug_across_dose,observed,0.748966
same_line_drug_across_dose,observed,0.096163735
same_line_drug_across_dose,observed,0.33827245
same_line_drug_across_dose,observed,0.053278513
same_line_drug_across_dose,observed,0.088693924
same_line_drug_across_dose,observed,0.17805879
same_line_drug_across_dose,observed,0.33336374
same_line_drug_across_dose,observed,0.007787118
same_line_drug_across_dose,observed,0.5331087
same_line_drug_across_dose,observed,0.054598264
same_line_drug_across_dose,observed,0.092486285
same_line_drug_across_dose,observed,0.08842485
same_line_drug_across_dose,observed,0.2100583
same_line_drug_across_dose,observed,0.27519533
same_line_drug_across_dose,observed,0.0845686
same_line_drug_across_dose,observed,0.1434337
same_line_drug_across_dose,observed,0.2968814
same_line_drug_across_dose,observed,0.08663376
same_line_drug_across_dose,observed,0.5716663
same_line_drug_across_dose,observed,0.004030086
same_line_drug_across_dose,observed,0.28169087
same_line_drug_across_dose,observed,0.26009494
same_line_drug_across_dose,observed,0.51447713
same_line_drug_across_dose,observed,0.29956526
same_line_drug_across_dose,observed,0.0995424
same_line_drug_across_dose,observed,0.05505266
same_line_drug_across_dose,observed,0.09450757
same_line_drug_across_dose,observed,0.075460784
same_line_drug_across_dose,observed,0.21175642
same_line_drug_across_dose,observed,0.13462928
same_line_drug_across_dose,observed,-0.021685423
same_line_drug_across_dose,observed,0.5144563
same_line_drug_across_dose,observed,-0.036435235
same_line_drug_across_dose,observed,0.031911254
same_line_drug_across_dose,observed,0.05591252
same_line_drug_across_dose,observed,0.06622802
same_line_drug_across_dose,observed,0.06127385
same_line_drug_across_dose,observed,0.5432754
same_line_drug_across_dose,observed,0.040328134
same_line_drug_across_dose,observed,0.16158408
same_line_drug_across_dose,observed,0.35428965
same_line_drug_across_dose,observed,0.501254
same_line_drug_across_dose,observed,0.014960064
same_line_drug_across_dose,observed,0.105961375
same_line_drug_across_dose,observed,0.09997343
same_line_drug_across_dose,observed,0.04767484
same_line_drug_across_dose,observed,0.18690258
same_line_drug_across_dose,observed,-0.020167762
same_line_drug_across_dose,observed,0.084745795
same_line_drug_across_dose,observed,0.4712352
same_line_drug_across_dose,observed,0.056290776
same_line_drug_across_dose,observed,0.1665734
same_line_drug_across_dose,observed,0.05496627
same_line_drug_across_dose,observed,0.5389874
same_line_drug_across_dose,observed,0.08773802
same_line_drug_across_dose,observed,0.66553795
same_line_drug_across_dose,observed,0.1665786
same_line_drug_across_dose,observed,0.13904057
same_line_drug_across_dose,observed,0.019375792
same_line_drug_across_dose,observed,0.08719603
same_line_drug_across_dose,observed,0.20134693
same_line_drug_across_dose,observed,-0.033543058
same_line_drug_across_dose,observed,0.04932715
same_line_drug_across_dose,observed,0.26999727
same_line_drug_across_dose,observed,0.5656002
same_line_drug_across_dose,observed,-0.10269744
same_line_drug_across_dose,observed,0.19746533
same_line_drug_across_dose,observed,0.24720766
same_line_drug_across_dose,observed,0.53929335
same_line_drug_across_dose,observed,0.09579387
same_line_drug_across_dose,observed,-0.007814997
same_line_drug_across_dose,observed,0.32219186
same_line_drug_across_dose,observed,0.02299848
same_line_drug_across_dose,observed,0.03394412
same_line_drug_across_dose,observed,0.08354235
same_line_drug_across_dose,observed,0.09723278
same_line_drug_across_dose,observed,0.051153973
same_line_drug_across_dose,observed,0.25616777
same_line_drug_across_dose,observed,0.1291646
same_line_drug_across_dose,observed,0.28844225
same_line_drug_across_dose,observed,0.11465779
same_line_drug_across_dose,observed,0.05227493
same_line_drug_across_dose,observed,0.19150811
same_line_drug_across_dose,observed,0.037770584
same_line_drug_across_dose,observed,0.22251675
same_line_drug_across_dose,observed,0.46332723
same_line_drug_across_dose,observed,0.16957995
same_line_drug_across_dose,observed,0.08048276
same_line_drug_across_dose,observed,0.16455962
same_line_drug_across_dose,observed,0.26546514
same_line_drug_across_dose,observed,0.15025394
same_line_drug_across_dose,observed,0.06674741
same_line_drug_across_dose,observed,0.05060947
same_line_drug_across_dose,observed,0.09280229
same_line_drug_across_dose,observed,0.06668952
same_line_drug_across_dose,observed,0.04032925
same_line_drug_across_dose,observed,-0.18270627
same_line_drug_across_dose,observed,-0.04905728
same_line_drug_across_dose,observed,0.10447695
same_line_drug_across_dose,observed,-0.011949279
same_line_drug_across_dose,observed,0.29916087
same_line_drug_across_dose,observed,0.027360938
same_line_drug_across_dose,observed,-0.012163324
same_line_drug_across_dose,observed,0.13783123
same_line_drug_across_dose,observed,0.095790245
same_line_drug_across_dose,observed,0.2588381
same_line_drug_across_dose,observed,0.2652814
same_line_drug_across_dose,observed,0.14995141
same_line_drug_across_dose,observed,0.079861045
same_line_drug_across_dose,observed,0.24630463
same_line_drug_across_dose,observed,0.49918798
same_line_drug_across_dose,observed,0.033613127
same_line_drug_across_dose,observed,0.20453955
same_line_drug_across_dose,observed,0.5195397
same_line_drug_across_dose,observed,0.22580671
same_line_drug_across_dose,observed,0.107289575
same_line_drug_across_dose,observed,0.66880214
same_line_drug_across_dose,observed,0.11800866
same_line_drug_across_dose,observed,0.28138867
same_line_drug_across_dose,observed,0.1123066
same_line_drug_across_dose,observed,0.34889027
same_line_drug_across_dose,observed,-0.07913754
same_line_drug_across_dose,observed,0.1422437
same_line_drug_across_dose,observed,0.17877536
same_line_drug_across_dose,observed,0.2027142
same_line_drug_across_dose,observed,0.33132368
same_line_drug_across_dose,observed,0.087025516
same_line_drug_across_dose,observed,0.22876956
same_line_drug_across_dose,observed,0.06722965
same_line_drug_across_dose,observed,-8.9886234e-05
same_line_drug_across_dose,observed,0.119962126
same_line_drug_across_dose,observed,0.058496512
same_line_drug_across_dose,observed,0.039618105
same_line_drug_across_dose,observed,0.3896987
same_line_drug_across_dose,observed,0.042044908
same_line_drug_across_dose,observed,0.1225505
same_line_drug_across_dose,observed,0.024494076
same_line_drug_across_dose,observed,0.019797277
same_line_drug_across_dose,observed,0.08345031
same_line_drug_across_dose,observed,0.035667773
same_line_drug_across_dose,observed,0.07234782
same_line_drug_across_dose,observed,-0.020858942
same_line_drug_across_dose,observed,0.028689435
same_line_drug_across_dose,observed,0.004247415
same_line_drug_across_dose,observed,0.18972608
same_line_drug_across_dose,observed,0.108930014
same_line_drug_across_dose,observed,0.36292627
same_line_drug_across_dose,observed,0.80334187
same_line_drug_across_dose,observed,0.119882815
same_line_drug_across_dose,observed,0.3162737
same_line_drug_across_dose,observed,-0.05749926
same_line_drug_across_dose,observed,0.07726214
same_line_drug_across_dose,observed,0.082155675
same_line_drug_across_dose,observed,0.54382306
same_line_drug_across_dose,observed,0.23913874
same_line_drug_across_dose,observed,0.46667364
same_line_drug_across_dose,observed,0.004778303
same_line_drug_across_dose,observed,0.43540737
same_line_drug_across_dose,observed,0.1394785
same_line_drug_across_dose,observed,0.47711387
same_line_drug_across_dose,observed,0.032803133
same_line_drug_across_dose,observed,0.6343454
same_line_drug_across_dose,observed,0.08762797
same_line_drug_across_dose,observed,-0.0017762802
same_line_drug_across_dose,observed,0.014171344
same_line_drug_across_dose,observed,0.09361381
same_line_drug_across_dose,observed,-0.022537
same_line_drug_across_dose,observed,0.13272357
same_line_drug_across_dose,observed,0.16775416
same_line_drug_across_dose,observed,-0.008841905
same_line_drug_across_dose,observed,0.11258198
same_line_drug_across_dose,observed,0.4883976
same_line_drug_across_dose,observed,0.4318662
same_line_drug_across_dose,observed,0.1068432
same_line_drug_across_dose,observed,-0.016247146
same_line_drug_across_dose,observed,0.0023608059
same_line_drug_across_dose,observed,0.1328036
same_line_drug_across_dose,observed,0.0148939565
same_line_drug_across_dose,observed,0.13921711
same_line_drug_across_dose,observed,-0.0021034242
same_line_drug_across_dose,observed,0.12675606
same_line_drug_across_dose,observed,-0.014656799
same_line_drug_across_dose,observed,0.10064152
same_line_drug_across_dose,observed,0.16033232
same_line_drug_across_dose,observed,0.10441068
same_line_drug_across_dose,observed,-8.9886234e-05
same_line_drug_across_dose,observed,0.09892484
same_line_drug_across_dose,observed,0.07367353
same_line_drug_across_dose,observed,0.06476168
same_line_drug_across_dose,observed,0.13126723
same_line_drug_across_dose,observed,0.10205067
same_line_drug_across_dose,observed,0.65934503
same_line_drug_across_dose,observed,0.02737996
same_line_drug_across_dose,observed,0.13545714
same_line_drug_across_dose,observed,0.26652512
same_line_drug_across_dose,observed,0.31276736
same_line_drug_across_dose,observed,0.047001854
same_line_drug_across_dose,observed,0.30008018
same_line_drug_across_dose,observed,0.0585587
same_line_drug_across_dose,observed,0.0820763
same_line_drug_across_dose,observed,0.4621551
same_line_drug_across_dose,observed,0.059269745
same_line_drug_across_dose,observed,0.12944569
same_line_drug_across_dose,observed,0.27490413
same_line_drug_across_dose,observed,0.39799443
same_line_drug_across_dose,observed,0.4218188
same_line_drug_across_dose,observed,0.12060178
same_line_drug_across_dose,observed,0.4724643
same_line_drug_across_dose,observed,0.024992228
same_line_drug_across_dose,observed,0.13112706
same_line_drug_across_dose,observed,0.03169534
same_line_drug_across_dose,observed,0.17115204
same_line_drug_across_dose,observed,0.16384684
same_line_drug_across_dose,observed,0.13766102
same_line_drug_across_dose,observed,-0.00044805495
same_line_drug_across_dose,observed,0.42270243
same_line_drug_across_dose,observed,0.028437901
same_line_drug_across_dose,observed,0.0991596
same_line_drug_across_dose,observed,0.14984716
same_line_drug_across_dose,observed,0.58812696
same_line_drug_across_dose,observed,0.46947044
same_line_drug_across_dose,observed,0.3148874
same_line_drug_across_dose,observed,0.10316608
same_line_drug_across_dose,observed,0.10038095
same_line_drug_across_dose,observed,0.026332242
same_line_drug_across_dose,observed,0.1571404
same_line_drug_across_dose,observed,0.25949517
same_line_drug_across_dose,observed,0.03455704
same_line_drug_across_dose,observed,0.31335133
same_line_drug_across_dose,observed,0.23607022
same_line_drug_across_dose,observed,0.2904741
same_line_drug_across_dose,observed,0.15748268
same_line_drug_across_dose,observed,0.59120935
same_line_drug_across_dose,observed,0.01496455
same_line_drug_across_dose,observed,0.17805879
same_line_drug_across_dose,observed,0.039205283
same_line_drug_across_dose,observed,0.6792999
same_line_drug_across_dose,observed,0.00017463246
same_line_drug_across_dose,observed,-0.07326123
same_line_drug_across_dose,observed,0.16254671
same_line_drug_across_dose,observed,-0.055230595
same_line_drug_across_dose,observed,0.12587276
same_line_drug_across_dose,observed,0.09158273
same_line_drug_across_dose,observed,0.2765968
same_line_drug_across_dose,observed,0.13847983
same_line_drug_across_dose,observed,0.23856825
same_line_drug_across_dose,observed,0.15262581
same_line_drug_across_dose,observed,0.17626496
same_line_drug_across_dose,observed,0.11084818
same_line_drug_across_dose,observed,0.3465177
same_line_drug_across_dose,observed,0.10652926
same_line_drug_across_dose,observed,0.11267325
same_line_drug_across_dose,observed,0.024039716
same_line_drug_across_dose,observed,0.052541107
same_line_drug_across_dose,observed,0.020029167
same_line_drug_across_dose,observed,0.12560822
same_line_drug_across_dose,observed,0.2338735
same_line_drug_across_dose,observed,0.3734438
same_line_drug_across_dose,observed,0.6125055
same_line_drug_across_dose,observed,0.026580289
same_line_drug_across_dose,observed,0.18809175
same_line_drug_across_dose,observed,0.27464125
same_line_drug_across_dose,observed,0.26861706
same_line_drug_across_dose,observed,0.18809175
same_line_drug_across_dose,observed,0.74859935
same_line_drug_across_dose,observed,0.0019277944
same_line_drug_across_dose,observed,0.32071817
same_line_drug_across_dose,observed,0.26366845
same_line_drug_across_dose,observed,0.25172856
same_line_drug_across_dose,observed,0.18802653
same_line_drug_across_dose,observed,0.5046292
same_line_drug_across_dose,observed,0.09252572
same_line_drug_across_dose,observed,0.12213993
same_line_drug_across_dose,observed,0.0029298814
same_line_drug_across_dose,observed,0.39518797
same_line_drug_across_dose,observed,0.13315134
same_line_drug_across_dose,observed,0.09684959
same_line_drug_across_dose,observed,0.4298396
same_line_drug_across_dose,observed,0.05734303
same_line_drug_across_dose,observed,0.5108083
same_line_drug_across_dose,observed,0.41361627
same_line_drug_across_dose,observed,0.13856319
same_line_drug_across_dose,observed,0.25330776
same_line_drug_across_dose,observed,0.23149443
same_line_drug_across_dose,observed,0.26706588
same_line_drug_across_dose,observed,0.3127281
same_line_drug_across_dose,observed,0.30016798
same_line_drug_across_dose,observed,0.228829
same_line_drug_across_dose,observed,0.6810332
same_line_drug_across_dose,observed,0.16565046
same_line_drug_across_dose,observed,-0.039413627
same_line_drug_across_dose,observed,0.088962
same_line_drug_across_dose,observed,-0.016699076
same_line_drug_across_dose,observed,0.324642
same_line_drug_across_dose,observed,0.13999942
same_line_drug_across_dose,observed,0.23167647
same_line_drug_across_dose,observed,0.33633533
same_line_drug_across_dose,observed,0.4648098
same_line_drug_across_dose,observed,0.05650591
same_line_drug_across_dose,observed,0.40877444
same_line_drug_across_dose,observed,0.43540737
same_line_drug_across_dose,observed,-0.002546092
same_line_drug_across_dose,observed,0.099375516
same_line_drug_across_dose,observed,0.22880597
same_line_drug_across_dose,observed,0.037095156
same_line_drug_across_dose,observed,-0.032478735
same_line_drug_across_dose,observed,0.20854104
same_line_drug_across_dose,observed,0.065576434
same_line_drug_across_dose,observed,0.036053944
same_line_drug_across_dose,observed,0.30668163
same_line_drug_across_dose,observed,0.0005297094
same_line_drug_across_dose,observed,0.13204922
same_line_drug_across_dose,observed,0.33449513
same_line_drug_across_dose,observed,0.058502678
same_line_drug_across_dose,observed,0.041317265
same_line_drug_across_dose,observed,0.10183429
same_line_drug_across_dose,observed,0.31297383
same_line_drug_across_dose,observed,0.48127517
same_line_drug_across_dose,observed,0.7150648
same_line_drug_across_dose,observed,0.022938255
same_line_drug_across_dose,observed,-0.00015657056
same_line_drug_across_dose,observed,0.2782675
same_line_drug_across_dose,observed,0.10149587
same_line_drug_across_dose,observed,0.28086644
same_line_drug_across_dose,observed,0.33728814
same_line_drug_across_dose,observed,0.06414652
same_line_drug_across_dose,observed,0.2401177
same_line_drug_across_dose,observed,0.029153911
same_line_drug_across_dose,observed,0.3408722
same_line_drug_across_dose,observed,0.22170745
same_line_drug_across_dose,observed,-0.019243803
same_line_drug_across_dose,observed,-0.023653332
same_line_drug_across_dose,observed,0.037667617
same_line_drug_across_dose,observed,0.13692556
same_line_drug_across_dose,observed,0.13151056
same_line_drug_across_dose,observed,0.04248044
same_line_drug_across_dose,observed,-0.006755929
same_line_drug_across_dose,observed,-0.008030232
same_line_drug_across_dose,observed,0.12367379
same_line_drug_across_dose,observed,0.34889027
same_line_drug_across_dose,observed,0.26407307
same_line_drug_across_dose,observed,0.46407005
same_line_drug_across_dose,observed,0.018072398
same_line_drug_across_dose,observed,0.043289665
same_line_drug_across_dose,observed,0.21816793
same_line_drug_across_dose,observed,0.19727294
same_line_drug_across_dose,observed,0.04446586
same_line_drug_across_dose,observed,0.19547307
same_line_drug_across_dose,observed,0.10179911
same_line_drug_across_dose,observed,0.2581394
same_line_drug_across_dose,observed,0.22880597
same_line_drug_across_dose,observed,0.32855502
same_line_drug_across_dose,observed,0.092957646
same_line_drug_across_dose,observed,0.062372293
same_line_drug_across_dose,observed,0.018440146
same_line_drug_across_dose,observed,0.16455962
same_line_drug_across_dose,observed,0.29168627
same_line_drug_across_dose,observed,0.012360907
same_line_drug_across_dose,observed,0.19668742
same_line_drug_across_dose,observed,0.115059264
same_line_drug_across_dose,observed,0.17602886
same_line_drug_across_dose,observed,0.101699695
same_line_drug_across_dose,observed,0.038047474
same_line_drug_across_dose,observed,0.088154376
same_line_drug_across_dose,observed,0.019230863
same_line_drug_across_dose,observed,0.11152149
same_line_drug_across_dose,observed,0.3498987
same_line_drug_across_dose,observed,0.09748922
same_line_drug_across_dose,observed,0.26406047
same_line_drug_across_dose,observed,0.042044908
same_line_drug_across_dose,observed,0.19908875
same_line_drug_across_dose,observed,0.16033232
same_line_drug_across_dose,observed,0.5111231
same_line_drug_across_dose,observed,0.117039114
same_line_drug_across_dose,observed,-0.021629972
same_line_drug_across_dose,observed,0.039669424
same_line_drug_across_dose,observed,0.6316752
same_line_drug_across_dose,observed,0.44258505
same_line_drug_across_dose,observed,0.36467853
same_line_drug_across_dose,observed,0.08549344
same_line_drug_across_dose,observed,0.025877407
same_line_drug_across_dose,observed,0.45402128
same_line_drug_across_dose,observed,0.041442443
same_line_drug_across_dose,observed,0.3659542
same_line_drug_across_dose,observed,0.16607472
same_line_drug_across_dose,observed,0.5107378
same_line_drug_across_dose,observed,0.23407133
same_line_drug_across_dose,observed,-0.11889987
same_line_drug_across_dose,observed,0.55847174
same_line_drug_across_dose,observed,0.031208454
same_line_drug_across_dose,observed,0.12787743
same_line_drug_across_dose,observed,0.044289455
same_line_drug_across_dose,observed,0.074844934
same_line_drug_across_dose,observed,0.10541213
same_line_drug_across_dose,observed,0.061273478
same_line_drug_across_dose,observed,0.5177876
same_line_drug_across_dose,observed,0.0050837696
same_line_drug_across_dose,observed,0.04227432
same_line_drug_across_dose,observed,0.27970514
same_line_drug_across_dose,observed,0.031407643
same_line_drug_across_dose,observed,0.23945093
same_line_drug_across_dose,observed,0.13608958
same_line_drug_across_dose,observed,0.06534833
same_line_drug_across_dose,observed,0.34864783
same_line_drug_across_dose,observed,-0.070367455
same_line_drug_across_dose,observed,0.008520227
same_line_drug_across_dose,observed,0.09972098
same_line_drug_across_dose,observed,0.0983483
same_line_drug_across_dose,observed,0.042941853
same_line_drug_across_dose,observed,0.8009375
same_line_drug_across_dose,observed,0.07170781
same_line_drug_across_dose,observed,0.21901819
same_line_drug_across_dose,observed,-0.050637707
same_line_drug_across_dose,observed,0.08796406
same_line_drug_across_dose,observed,0.34160393
same_line_drug_across_dose,observed,0.4202132
same_line_drug_across_dose,observed,0.17526679
same_line_drug_across_dose,observed,-0.00540658
same_line_drug_across_dose,observed,0.3183543
same_line_drug_across_dose,observed,0.050388526
same_line_drug_across_dose,observed,0.0036620263
same_line_drug_across_dose,observed,-0.020182436
same_line_drug_across_dose,observed,0.53324854
same_line_drug_across_dose,observed,0.17201775
same_line_drug_across_dose,observed,0.2863038
same_line_drug_across_dose,observed,0.04061285
same_line_drug_across_dose,observed,0.32765523
same_line_drug_across_dose,observed,0.08809283
same_line_drug_across_dose,observed,-0.09158884
same_line_drug_across_dose,observed,0.13298461
same_line_drug_across_dose,observed,0.09544743
same_line_drug_across_dose,observed,0.49513376
same_line_drug_across_dose,observed,0.10686053
same_line_drug_across_dose,observed,0.17950727
same_line_drug_across_dose,observed,0.07527399
same_line_drug_across_dose,observed,0.16134678
same_line_drug_across_dose,observed,0.07296825
same_line_drug_across_dose,observed,0.26618597
same_line_drug_across_dose,observed,0.3212242
same_line_drug_across_dose,observed,0.7357057
same_line_drug_across_dose,observed,0.022777822
same_line_drug_across_dose,observed,0.42287067
same_line_drug_across_dose,observed,0.0064495727
same_line_drug_across_dose,observed,0.32172155
same_line_drug_across_dose,observed,0.6343454
same_line_drug_across_dose,observed,0.0732796
same_line_drug_across_dose,observed,0.05042761
same_line_drug_across_dose,observed,0.10337752
same_line_drug_across_dose,observed,0.18247566
same_line_drug_across_dose,observed,0.038768306
same_line_drug_across_dose,observed,0.19588156
same_line_drug_across_dose,observed,0.12810667
same_line_drug_across_dose,observed,0.3694046
same_line_drug_across_dose,observed,0.49387884
same_line_drug_across_dose,observed,0.15100981
same_line_drug_across_dose,observed,0.292338
same_line_drug_across_dose,observed,0.38829443
same_line_drug_across_dose,observed,0.00804148
same_line_drug_across_dose,observed,-0.0119127305
same_line_drug_across_dose,observed,0.04897796
same_line_drug_across_dose,observed,0.2818867
same_line_drug_across_dose,observed,0.25213978
same_line_drug_across_dose,observed,0.14689247
same_line_drug_across_dose,observed,0.028480772
same_line_drug_across_dose,observed,0.18247566
same_line_drug_across_dose,observed,0.3164746
same_line_drug_across_dose,observed,0.31297383
same_line_drug_across_dose,observed,-0.022245347
same_line_drug_across_dose,observed,0.0906897
same_line_drug_across_dose,observed,0.18695304
same_line_drug_across_dose,observed,0.1938579
same_line_drug_across_dose,observed,-0.013665384
same_line_drug_across_dose,observed,0.56614035
same_line_drug_across_dose,observed,0.3757034
same_line_drug_across_dose,observed,0.12253127
same_line_drug_across_dose,observed,0.07145445
same_line_drug_across_dose,observed,0.10366092
same_line_drug_across_dose,observed,0.2505698
same_line_drug_across_dose,observed,0.27965146
same_line_drug_across_dose,observed,0.6259261
same_line_drug_across_dose,observed,0.7350701
same_line_drug_across_dose,observed,0.20548548
same_line_drug_across_dose,observed,-0.018732026
same_line_drug_across_dose,observed,0.14822596
same_line_drug_across_dose,observed,0.2804267
same_line_drug_across_dose,observed,0.005807466
same_line_drug_across_dose,observed,0.11258198
same_line_drug_across_dose,observed,0.17927098
same_line_drug_across_dose,observed,0.66849995
same_line_drug_across_dose,observed,0.1422418
same_line_drug_across_dose,observed,0.19655247
same_line_drug_across_dose,observed,0.20047036
same_line_drug_across_dose,observed,0.007846323
same_line_drug_across_dose,observed,0.07812831
same_line_drug_across_dose,observed,0.071823984
same_line_drug_across_dose,observed,0.22690822
same_line_drug_across_dose,observed,0.08809283
same_line_drug_across_dose,observed,0.1657142
same_line_drug_across_dose,observed,0.60459405
same_line_drug_across_dose,observed,0.30260453
same_line_drug_across_dose,observed,0.060323745
same_line_drug_across_dose,observed,0.13614054
same_line_drug_across_dose,observed,0.05303904
same_line_drug_across_dose,observed,0.1579717
same_line_drug_across_dose,observed,0.051817693
same_line_drug_across_dose,observed,0.31969628
same_line_drug_across_dose,observed,0.23629011
same_line_drug_across_dose,observed,0.13923162
same_line_drug_across_dose,observed,0.027826525
same_line_drug_across_dose,observed,0.008988965
same_line_drug_across_dose,observed,0.10985361
same_line_drug_across_dose,observed,0.11742268
same_line_drug_across_dose,observed,0.25031766
same_line_drug_across_dose,observed,0.6369415
same_line_drug_across_dose,observed,-0.003994832
same_line_drug_across_dose,observed,0.053527847
same_line_drug_across_dose,observed,0.06613298
same_line_drug_across_dose,observed,0.05124972
same_line_drug_across_dose,observed,0.023215104
same_line_drug_across_dose,observed,0.3716125
same_line_drug_across_dose,observed,-0.008030232
same_line_drug_across_dose,observed,0.06419674
same_line_drug_across_dose,observed,0.03994222
same_line_drug_across_dose,observed,0.47798878
same_line_drug_across_dose,observed,0.14515926
same_line_drug_across_dose,observed,0.48127517
same_line_drug_across_dose,observed,0.24318212
same_line_drug_across_dose,observed,0.19236767
same_line_drug_across_dose,observed,0.20002848
same_line_drug_across_dose,observed,0.12246463
same_line_drug_across_dose,observed,0.12445784
same_line_drug_across_dose,observed,0.0854159
same_line_drug_across_dose,observed,0.004040642
same_line_drug_across_dose,observed,-0.04203799
same_line_drug_across_dose,observed,0.52348393
same_line_drug_across_dose,observed,0.38113165
same_line_drug_across_dose,observed,-0.042523377
same_line_drug_across_dose,observed,0.106758304
same_line_drug_across_dose,observed,-0.0076683066
same_line_drug_across_dose,observed,0.2256332
same_line_drug_across_dose,observed,0.28896445
same_line_drug_across_dose,observed,-0.022812847
same_line_drug_across_dose,observed,0.30260453
same_line_drug_across_dose,observed,0.6933232
same_line_drug_across_dose,observed,0.5314482
same_line_drug_across_dose,observed,0.004904427
same_line_drug_across_dose,observed,0.43226218
same_line_drug_across_dose,observed,0.024807125
same_line_drug_across_dose,observed,0.25782606
same_line_drug_across_dose,observed,0.20658857
same_line_drug_across_dose,observed,0.10813528
same_line_drug_across_dose,observed,0.10252472
same_line_drug_across_dose,observed,0.036266427
same_line_drug_across_dose,observed,0.2559137
same_line_drug_across_dose,observed,0.40005553
same_line_drug_across_dose,observed,0.03897597
same_line_drug_across_dose,observed,-0.05455958
same_line_drug_across_dose,observed,0.1926411
same_line_drug_across_dose,observed,0.007787118
same_line_drug_across_dose,observed,0.1510525
same_line_drug_across_dose,observed,0.35446864
same_line_drug_across_dose,observed,0.05421695
same_line_drug_across_dose,observed,0.08180925
same_line_drug_across_dose,observed,0.2191101
same_line_drug_across_dose,observed,0.6938647
same_line_drug_across_dose,observed,-0.019088322
same_line_drug_across_dose,observed,0.4683957
same_line_drug_across_dose,observed,0.03858815
same_line_drug_across_dose,observed,0.11454811
same_line_drug_across_dose,observed,0.47654262
same_line_drug_across_dose,observed,0.043422475
same_line_drug_across_dose,observed,0.26031825
same_line_drug_across_dose,observed,0.4793004
same_line_drug_across_dose,observed,0.51245695
same_line_drug_across_dose,observed,0.040450133
same_line_drug_across_dose,observed,0.25405556
same_line_drug_across_dose,observed,0.08907688
same_line_drug_across_dose,observed,0.16112672
same_line_drug_across_dose,observed,0.4511061
same_line_drug_across_dose,observed,0.20852749
same_line_drug_across_dose,observed,0.08066182
same_line_drug_across_dose,observed,0.13545714
same_line_drug_across_dose,observed,-0.026232842
same_line_drug_across_dose,observed,0.0411697
same_line_drug_across_dose,observed,0.14819127
same_line_drug_across_dose,observed,0.34184074
same_line_drug_across_dose,observed,0.16040425
same_line_drug_across_dose,observed,0.21736826
same_line_drug_across_dose,observed,0.19081686
same_line_drug_across_dose,observed,0.07611009
same_line_drug_across_dose,observed,0.12110532
same_line_drug_across_dose,observed,0.06528916
same_line_drug_across_dose,observed,0.14277488
same_line_drug_across_dose,observed,-0.029000748
same_line_drug_across_dose,observed,0.028877474
same_line_drug_across_dose,observed,0.28007972
same_line_drug_across_dose,observed,0.16697228
same_line_drug_across_dose,observed,0.20273516
same_line_drug_across_dose,observed,0.7139519
same_line_drug_across_dose,observed,0.092075445
same_line_drug_across_dose,observed,0.55710894
same_line_drug_across_dose,observed,0.20702177
same_line_drug_across_dose,observed,0.23153114
same_line_drug_across_dose,observed,0.014170118
same_line_drug_across_dose,observed,0.010972564
same_line_drug_across_dose,observed,0.1471999
same_line_drug_across_dose,observed,0.13204922
same_line_drug_across_dose,observed,0.13555582
same_line_drug_across_dose,observed,-0.027324198
same_line_drug_across_dose,observed,0.1240304
same_line_drug_across_dose,observed,0.1563395
same_line_drug_across_dose,observed,0.1471999
same_line_drug_across_dose,observed,0.062523425
same_line_drug_across_dose,observed,0.25326058
same_line_drug_across_dose,observed,0.066198386
same_line_drug_across_dose,observed,0.12601614
same_line_drug_across_dose,observed,0.2735888
same_line_drug_across_dose,observed,0.19653077
same_line_drug_across_dose,observed,0.47627375
same_line_drug_across_dose,observed,0.24691781
same_line_drug_across_dose,observed,0.046134442
same_line_drug_across_dose,observed,0.6216935
same_line_drug_across_dose,observed,0.057145767
same_line_drug_across_dose,observed,0.18256742
same_line_drug_across_dose,observed,0.2590324
same_line_drug_across_dose,observed,0.06430135
same_line_drug_across_dose,observed,0.098797224
same_line_drug_across_dose,observed,0.014546921
same_line_drug_across_dose,observed,0.35964364
same_line_drug_across_dose,observed,0.032902792
same_line_drug_across_dose,observed,0.6479538
same_line_drug_across_dose,observed,0.023823684
same_line_drug_across_dose,observed,0.11141226
same_line_drug_across_dose,observed,0.004620057
same_line_drug_across_dose,observed,0.66880214
same_line_drug_across_dose,observed,0.90008086
same_line_drug_across_dose,observed,0.08132679
same_line_drug_across_dose,observed,0.3113008
same_line_drug_across_dose,observed,0.5386127
same_line_drug_across_dose,observed,0.28200713
same_line_drug_across_dose,observed,0.012100626
same_line_drug_across_dose,observed,0.8121316
same_line_drug_across_dose,observed,-0.027341254
same_line_drug_across_dose,observed,0.6933232
same_line_drug_across_dose,observed,0.29707026
same_line_drug_across_dose,observed,0.1806457
same_line_drug_across_dose,observed,0.052311882
same_line_drug_across_dose,observed,0.25697047
same_line_drug_across_dose,observed,0.2664727
same_line_drug_across_dose,observed,0.18250266
same_line_drug_across_dose,observed,0.10907421
same_line_drug_across_dose,observed,0.2818867
same_line_drug_across_dose,observed,0.020064417
same_line_drug_across_dose,observed,0.12944569
same_line_drug_across_dose,observed,0.10889341
same_line_drug_across_dose,observed,0.015176198
same_line_drug_across_dose,observed,0.10064152
same_line_drug_across_dose,observed,0.6485851
same_line_drug_across_dose,observed,0.5691015
same_line_drug_across_dose,observed,0.12947327
same_line_drug_across_dose,observed,0.04032925
same_line_drug_across_dose,observed,0.55563956
same_line_drug_across_dose,observed,0.19413863
same_line_drug_across_dose,observed,0.6691351
same_line_drug_across_dose,observed,0.046207376
same_line_drug_across_dose,observed,0.012564964
same_line_drug_across_dose,observed,0.6792999
same_line_drug_across_dose,observed,0.49019498
same_line_drug_across_dose,observed,0.22800328
same_line_drug_across_dose,observed,0.17083402
same_line_drug_across_dose,observed,0.17660125
same_line_drug_across_dose,observed,0.40657875
same_line_drug_across_dose,observed,0.4381727
same_line_drug_across_dose,observed,0.19347444
same_line_drug_across_dose,observed,-0.04658199
same_line_drug_across_dose,observed,0.28173384
same_line_drug_across_dose,observed,0.23324992
same_line_drug_across_dose,observed,0.07270125
same_line_drug_across_dose,observed,0.10376773
same_line_drug_across_dose,observed,0.3548488
same_line_drug_across_dose,observed,0.037471943
same_line_drug_across_dose,observed,0.35644963
same_line_drug_across_dose,observed,0.044286042
same_line_drug_across_dose,observed,0.28191993
same_line_drug_across_dose,observed,0.69785756
same_line_drug_across_dose,observed,0.21432295
same_line_drug_across_dose,observed,0.19251254
same_line_drug_across_dose,observed,0.21110485
same_line_drug_across_dose,observed,0.10288562
same_line_drug_across_dose,observed,0.1543782
same_line_drug_across_dose,observed,0.053004835
same_line_drug_across_dose,observed,0.35650444
same_line_drug_across_dose,observed,0.07303194
same_line_drug_across_dose,observed,0.19133109
same_line_drug_across_dose,observed,0.21947184
same_line_drug_across_dose,observed,0.10913308
same_line_drug_across_dose,observed,0.0719798
same_line_drug_across_dose,observed,0.19229801
same_line_drug_across_dose,observed,0.2903737
same_line_drug_across_dose,observed,-0.053892076
same_line_drug_across_dose,observed,0.044615705
same_line_drug_across_dose,observed,0.11695437
same_line_drug_across_dose,observed,0.092075445
same_line_drug_across_dose,observed,0.18510465
same_line_drug_across_dose,observed,0.02495039
same_line_drug_across_dose,observed,0.4381727
same_line_drug_across_dose,observed,0.66730475
same_line_drug_across_dose,observed,0.46759722
same_line_drug_across_dose,observed,0.24700043
same_line_drug_across_dose,observed,0.79037154
same_line_drug_across_dose,observed,0.22433935
same_line_drug_across_dose,observed,0.06593635
same_line_drug_across_dose,observed,0.17422335
same_line_drug_across_dose,observed,0.08935036
same_line_drug_across_dose,observed,0.044615705
same_line_drug_across_dose,observed,0.2818311
same_line_drug_across_dose,observed,-0.008749512
same_line_drug_across_dose,observed,0.12919307
same_line_drug_across_dose,observed,0.22170745
same_line_drug_across_dose,observed,0.14715776
same_line_drug_across_dose,observed,0.0602162
same_line_drug_across_dose,observed,0.08108212
same_line_drug_across_dose,observed,0.22956428
same_line_drug_across_dose,observed,0.45619726
same_line_drug_across_dose,observed,0.42813182
same_line_drug_across_dose,observed,0.57537174
same_line_drug_across_dose,observed,-0.00031333682
same_line_drug_across_dose,observed,0.18546017
same_line_drug_across_dose,observed,0.104473636
same_line_drug_across_dose,observed,0.02739988
same_line_drug_across_dose,observed,0.21268833
same_line_drug_across_dose,observed,0.10572556
same_line_drug_across_dose,observed,0.19700535
same_line_drug_across_dose,observed,0.02183529
same_line_drug_across_dose,observed,-0.02276962
same_line_drug_across_dose,observed,0.19184239
same_line_drug_across_dose,observed,0.0634372
same_line_drug_across_dose,observed,0.0053627514
same_line_drug_across_dose,observed,-0.24811725
same_line_drug_across_dose,observed,0.09262863
same_line_drug_across_dose,observed,0.017018449
same_line_drug_across_dose,observed,0.14902729
same_line_drug_across_dose,observed,0.36235973
same_line_drug_across_dose,observed,0.61558056
same_line_drug_across_dose,observed,0.31861585
same_line_drug_across_dose,observed,0.06601659
same_line_drug_across_dose,observed,0.5006323
same_line_drug_across_dose,observed,0.06340148
same_line_drug_across_dose,observed,0.042981423
same_line_drug_across_dose,observed,0.10128356
same_line_drug_across_dose,observed,0.088831685
same_line_drug_across_dose,observed,-0.031206235
same_line_drug_across_dose,observed,0.30794466
same_line_drug_across_dose,observed,0.17310397
same_line_drug_across_dose,observed,0.18417704
same_line_drug_across_dose,observed,0.23247628
same_line_drug_across_dose,observed,-0.050118413
same_line_drug_across_dose,observed,0.26416937
same_line_drug_across_dose,observed,0.17988256
same_line_drug_across_dose,observed,-0.0139213195
same_line_drug_across_dose,observed,0.097282685
same_line_drug_across_dose,observed,0.036053944
same_line_drug_across_dose,observed,0.6522072
same_line_drug_across_dose,observed,0.30485374
same_line_drug_across_dose,observed,0.09021534
same_line_drug_across_dose,observed,0.09049785
same_line_drug_across_dose,observed,0.028493898
same_line_drug_across_dose,observed,0.20644325
same_line_drug_across_dose,observed,0.14933524
same_line_drug_across_dose,observed,0.1154731
same_line_drug_across_dose,observed,0.0030366778
same_line_drug_across_dose,observed,0.056170724
same_line_drug_across_dose,observed,0.08987446
same_line_drug_across_dose,observed,0.027922014
same_line_drug_across_dose,observed,0.09293659
same_line_drug_across_dose,observed,0.39855897
same_line_drug_across_dose,observed,-0.009047321
same_line_drug_across_dose,observed,0.18790603
same_line_drug_across_dose,observed,0.10514485
same_line_drug_across_dose,observed,0.5064422
same_line_drug_across_dose,observed,0.15627098
same_line_drug_across_dose,observed,0.5801194
same_line_drug_across_dose,observed,0.19427778
same_line_drug_across_dose,observed,0.26198778
same_line_drug_across_dose,observed,0.30917037
same_line_drug_across_dose,observed,0.26824892
same_line_drug_across_dose,observed,0.16965584
same_line_drug_across_dose,observed,0.67923665
same_line_drug_across_dose,observed,0.38251403
same_line_drug_across_dose,observed,0.040170837
same_line_drug_across_dose,observed,0.15341508
same_line_drug_across_dose,observed,0.36597165
same_line_drug_across_dose,observed,0.03531781
same_line_drug_across_dose,observed,-0.03812668
same_line_drug_across_dose,observed,0.46874484
same_line_drug_across_dose,observed,0.019679876
same_line_drug_across_dose,observed,0.1791879
same_line_drug_across_dose,observed,0.043152522
same_line_drug_across_dose,observed,0.17254706
same_line_drug_across_dose,observed,0.10279695
same_line_drug_across_dose,observed,0.5355966
same_line_drug_across_dose,observed,0.1195173
same_line_drug_across_dose,observed,0.38152924
same_line_drug_across_dose,observed,0.29242095
same_line_drug_across_dose,observed,-0.011064234
same_line_drug_across_dose,observed,0.0329365
same_line_drug_across_dose,observed,0.030312417
same_line_drug_across_dose,observed,0.20850244
same_line_drug_across_dose,observed,0.6172881
same_line_drug_across_dose,observed,0.31651467
same_line_drug_across_dose,observed,0.06322309
same_line_drug_across_dose,observed,0.016028471
same_line_drug_across_dose,observed,0.2660162
same_line_drug_across_dose,observed,0.21145235
same_line_drug_across_dose,observed,0.62817824
same_line_drug_across_dose,observed,0.066309504
same_line_drug_across_dose,observed,0.055945992
same_line_drug_across_dose,observed,0.2773798
same_line_drug_across_dose,observed,0.067703314
same_line_drug_across_dose,observed,0.13315134
same_line_drug_across_dose,observed,0.026332242
same_line_drug_across_dose,observed,-0.03560938
same_line_drug_across_dose,observed,0.77680945
same_line_drug_across_dose,observed,0.25063986
same_line_drug_across_dose,observed,0.035014436
same_line_drug_across_dose,observed,0.09977201
same_line_drug_across_dose,observed,0.35429755
same_line_drug_across_dose,observed,0.19522335
same_line_drug_across_dose,observed,0.28173384
same_line_drug_across_dose,observed,0.32339492
same_line_drug_across_dose,observed,0.15310793
same_line_drug_across_dose,observed,0.043816745
same_line_drug_across_dose,observed,0.13937917
same_line_drug_across_dose,observed,0.21891792
same_line_drug_across_dose,observed,0.24460195
same_line_drug_across_dose,observed,0.10209632
same_line_drug_across_dose,observed,0.1802645
same_line_drug_across_dose,observed,0.35687572
same_line_drug_across_dose,observed,0.35456687
same_line_drug_across_dose,observed,0.33376804
same_line_drug_across_dose,observed,0.079187185
same_line_drug_across_dose,observed,-0.03202366
same_line_drug_across_dose,observed,0.140491
same_line_drug_across_dose,observed,0.50414
same_line_drug_across_dose,observed,0.2606947
same_line_drug_across_dose,observed,0.12236388
same_line_drug_across_dose,observed,0.7015704
same_line_drug_across_dose,observed,0.4662701
same_line_drug_across_dose,observed,0.07728025
same_line_drug_across_dose,observed,0.40627623
same_line_drug_across_dose,observed,0.017834911
same_line_drug_across_dose,observed,0.33484557
same_line_drug_across_dose,observed,0.274172
same_line_drug_across_dose,observed,0.07389004
same_line_drug_across_dose,observed,0.03575375
same_line_drug_across_dose,observed,0.25289384
same_line_drug_across_dose,observed,0.26993018
same_line_drug_across_dose,observed,0.27994767
same_line_drug_across_dose,observed,0.10652926
same_line_drug_across_dose,observed,0.10291833
same_line_drug_across_dose,observed,0.08525622
same_line_drug_across_dose,observed,0.06127385
same_line_drug_across_dose,observed,0.4990965
same_line_drug_across_dose,observed,0.5634492
same_line_drug_across_dose,observed,0.30564716
same_line_drug_across_dose,observed,0.7085652
same_line_drug_across_dose,observed,0.31210807
same_line_drug_across_dose,observed,0.39809656
same_line_drug_across_dose,observed,0.2034607
same_line_drug_across_dose,observed,0.43029553
same_line_drug_across_dose,observed,0.09063604
same_line_drug_across_dose,observed,0.06988581
same_line_drug_across_dose,observed,0.074199535
same_line_drug_across_dose,observed,-0.044436708
same_line_drug_across_dose,observed,0.01985687
same_line_drug_across_dose,observed,0.03198347
same_line_drug_across_dose,observed,0.33524996
same_line_drug_across_dose,observed,0.13819918
same_line_drug_across_dose,observed,0.18656026
same_line_drug_across_dose,observed,0.18518227
same_line_drug_across_dose,observed,0.12069632
same_line_drug_across_dose,observed,0.09294584
same_line_drug_across_dose,observed,0.106758304
same_line_drug_across_dose,observed,0.24031554
same_line_drug_across_dose,observed,0.103871204
same_line_drug_across_dose,observed,0.03350923
same_line_drug_across_dose,observed,0.07740426
same_line_drug_across_dose,observed,0.20642364
same_line_drug_across_dose,observed,0.32995895
same_line_drug_across_dose,observed,0.03488392
same_line_drug_across_dose,observed,0.4791917
same_line_drug_across_dose,observed,-0.00047417005
same_line_drug_across_dose,observed,0.048952233
same_line_drug_across_dose,observed,0.359029
same_line_drug_across_dose,observed,0.5043395
same_line_drug_across_dose,observed,0.2672973
same_line_drug_across_dose,observed,0.014620845
same_line_drug_across_dose,observed,0.2688323
same_line_drug_across_dose,observed,0.08796406
same_line_drug_across_dose,observed,0.008520227
same_line_drug_across_dose,observed,0.18260433
same_line_drug_across_dose,observed,0.07404362
same_line_drug_across_dose,observed,0.10782892
same_line_drug_across_dose,observed,0.07890799
same_line_drug_across_dose,observed,-0.03316913
same_line_drug_across_dose,observed,0.03541036
same_line_drug_across_dose,observed,0.029764635
same_line_drug_across_dose,observed,0.42721534
same_line_drug_across_dose,observed,0.44921792
same_line_drug_across_dose,observed,-0.044436708
same_line_drug_across_dose,observed,0.10524259
same_line_drug_across_dose,observed,0.60638785
same_line_drug_across_dose,observed,0.30380914
same_line_drug_across_dose,observed,0.6693101
same_line_drug_across_dose,observed,0.43379584
same_line_drug_across_dose,observed,0.32305855
same_line_drug_across_dose,observed,0.093595885
same_line_drug_across_dose,observed,0.22017148
same_line_drug_across_dose,observed,0.12685871
same_line_drug_across_dose,observed,0.06425845
same_line_drug_across_dose,observed,0.08923051
same_line_drug_across_dose,observed,-0.0025729537
same_line_drug_across_dose,observed,0.083838224
same_line_drug_across_dose,observed,-0.24811725
same_line_drug_across_dose,observed,0.062992245
same_line_drug_across_dose,observed,0.1962854
same_line_drug_across_dose,observed,0.104611665
same_line_drug_across_dose,observed,0.15706855
same_line_drug_across_dose,observed,0.015280092
same_line_drug_across_dose,observed,-0.020928016
same_line_drug_across_dose,observed,0.08550657
same_line_drug_across_dose,observed,0.050629675
same_line_drug_across_dose,observed,-0.051162634
same_line_drug_across_dose,observed,0.02142078
same_line_drug_across_dose,observed,0.15944283
same_line_drug_across_dose,observed,0.3962068
same_line_drug_across_dose,observed,0.18555956
same_line_drug_across_dose,observed,0.4986165
same_line_drug_across_dose,observed,0.24848185
same_line_drug_across_dose,observed,0.43975553
same_line_drug_across_dose,observed,0.13033211
same_line_drug_across_dose,observed,0.46423253
same_line_drug_across_dose,observed,0.003635659
same_line_drug_across_dose,observed,0.20632565
same_line_drug_across_dose,observed,0.117517844
same_line_drug_across_dose,observed,0.15189382
same_line_drug_across_dose,observed,0.13904369
same_line_drug_across_dose,observed,0.05867972
same_line_drug_across_dose,observed,0.13724847
same_line_drug_across_dose,observed,0.3164746
same_line_drug_across_dose,observed,0.81584555
same_line_drug_across_dose,observed,0.22288658
same_line_drug_across_dose,observed,0.18297917
same_line_drug_across_dose,observed,0.39738533
same_line_drug_across_dose,observed,0.41801804
same_line_drug_across_dose,observed,0.21014765
same_line_drug_across_dose,observed,0.062507585
same_line_drug_across_dose,observed,0.050376076
same_line_drug_across_dose,observed,0.2658439
same_line_drug_across_dose,observed,-0.0065366514
same_line_drug_across_dose,observed,0.049348153
same_line_drug_across_dose,observed,0.01496455
same_line_drug_across_dose,observed,0.19081116
same_line_drug_across_dose,observed,0.29168627
same_line_drug_across_dose,observed,0.81422746
same_line_drug_across_dose,observed,0.32765523
same_line_drug_across_dose,observed,0.259556
same_line_drug_across_dose,observed,0.02220203
same_line_drug_across_dose,observed,0.18810423
same_line_drug_across_dose,observed,0.036542527
same_line_drug_across_dose,observed,0.047748163
same_line_drug_across_dose,observed,0.035581138
same_line_drug_across_dose,observed,0.123655885
same_line_drug_across_dose,observed,0.058654867
same_line_drug_across_dose,observed,0.23197247
same_line_drug_across_dose,observed,0.17379558
same_line_drug_across_dose,observed,-0.0047834623
same_line_drug_across_dose,observed,0.03511147
same_line_drug_across_dose,observed,0.15556805
same_line_drug_across_dose,observed,0.2728374
same_line_drug_across_dose,observed,0.15482359
same_line_drug_across_dose,observed,0.3035008
same_line_drug_across_dose,observed,0.2139049
same_line_drug_across_dose,observed,0.0122928275
same_line_drug_across_dose,observed,0.5204408
same_line_drug_across_dose,observed,0.31550217
same_line_drug_across_dose,observed,0.28109825
same_line_drug_across_dose,observed,0.034929927
same_line_drug_across_dose,observed,0.096265025
same_line_drug_across_dose,observed,0.22575334
same_line_drug_across_dose,observed,0.3211581
same_line_drug_across_dose,observed,0.90008086
same_line_drug_across_dose,observed,0.31343958
same_line_drug_across_dose,observed,0.037551306
same_line_drug_across_dose,observed,0.2794686
same_line_drug_across_dose,observed,-0.03807745
same_line_drug_across_dose,observed,0.03894183
same_line_drug_across_dose,observed,0.2174908
same_line_drug_across_dose,observed,0.011822505
same_line_drug_across_dose,observed,0.32278004
same_line_drug_across_dose,observed,0.26570418
same_line_drug_across_dose,observed,0.4491833
same_line_drug_across_dose,observed,0.059839636
same_line_drug_across_dose,observed,0.28169087
same_line_drug_across_dose,observed,0.24600154
same_line_drug_across_dose,observed,0.22060332
same_line_drug_across_dose,observed,0.73653525
same_line_drug_across_dose,observed,0.38261822
same_line_drug_across_dose,observed,0.15557241
same_line_drug_across_dose,observed,0.103907496
same_line_drug_across_dose,observed,0.13594416
same_line_drug_across_dose,observed,0.22751534
same_line_drug_across_dose,observed,0.18542299
same_line_drug_across_dose,observed,0.11565846
same_line_drug_across_dose,observed,0.07390257
same_line_drug_across_dose,observed,0.060124442
same_line_drug_across_dose,observed,0.019230863
same_line_drug_across_dose,observed,0.4628642
same_line_drug_across_dose,observed,0.546792
same_line_drug_across_dose,observed,-0.077146955
same_line_drug_across_dose,observed,0.09920225
same_line_drug_across_dose,observed,0.017580949
same_line_drug_across_dose,observed,0.1239127
same_line_drug_across_dose,observed,0.2722271
same_line_drug_across_dose,observed,0.0995424
same_line_drug_across_dose,observed,0.32421684
same_line_drug_across_dose,observed,0.53692967
same_line_drug_across_dose,observed,0.30077982
same_line_drug_across_dose,observed,0.09960338
same_line_drug_across_dose,observed,-0.16075474
same_line_drug_across_dose,observed,0.050388526
same_line_drug_across_dose,observed,0.04929427
same_line_drug_across_dose,observed,0.051732786
same_line_drug_across_dose,observed,0.10486531
same_line_drug_across_dose,observed,0.116444916
same_line_drug_across_dose,observed,0.47318384
same_line_drug_across_dose,observed,-0.06752761
same_line_drug_across_dose,observed,-0.026038146
same_line_drug_across_dose,observed,-0.0035032188
same_line_drug_across_dose,observed,0.30922636
same_line_drug_across_dose,observed,0.42721534
same_line_drug_across_dose,observed,0.45413038
same_line_drug_across_dose,observed,0.03216849
same_line_drug_across_dose,observed,0.0376825
same_line_drug_across_dose,observed,0.33518502
same_line_drug_across_dose,observed,0.103550516
same_line_drug_across_dose,observed,0.09435098
same_line_drug_across_dose,observed,0.83156115
same_line_drug_across_dose,observed,0.23363759
same_line_drug_across_dose,observed,0.2035816
same_line_drug_across_dose,observed,0.32887915
same_line_drug_across_dose,observed,0.3780486
same_line_drug_across_dose,observed,0.02755462
same_line_drug_across_dose,observed,0.122392245
same_line_drug_across_dose,observed,0.14320286
same_line_drug_across_dose,observed,-0.06291891
same_line_drug_across_dose,observed,0.001303035
same_line_drug_across_dose,observed,0.12506637
same_line_drug_across_dose,observed,0.07219128
same_line_drug_across_dose,observed,0.025685532
same_line_drug_across_dose,observed,0.06711235
same_line_drug_across_dose,observed,0.025308503
same_line_drug_across_dose,observed,0.10948717
same_line_drug_across_dose,observed,0.08404823
same_line_drug_across_dose,observed,-0.035150755
same_line_drug_across_dose,observed,0.11921586
same_line_drug_across_dose,observed,-0.072844885
same_line_drug_across_dose,observed,0.19510327
same_line_drug_across_dose,observed,0.009535636
same_line_drug_across_dose,observed,0.11149004
same_line_drug_across_dose,observed,0.1028363
same_line_drug_across_dose,observed,0.02455712
same_line_drug_across_dose,observed,0.08117248
same_line_drug_across_dose,observed,0.10814247
same_line_drug_across_dose,observed,0.31921846
same_line_drug_across_dose,observed,-0.046951488
same_line_drug_across_dose,observed,0.8332919
same_line_drug_across_dose,observed,0.14689726
same_line_drug_across_dose,observed,0.15258317
same_line_drug_across_dose,observed,0.32325664
same_line_drug_across_dose,observed,-0.023026574
same_line_drug_across_dose,observed,0.004938551
same_line_drug_across_dose,observed,0.093665585
same_line_drug_across_dose,observed,0.005722433
same_line_drug_across_dose,observed,0.15852621
same_line_drug_across_dose,observed,0.279139
same_line_drug_across_dose,observed,-0.08458925
same_line_drug_across_dose,observed,0.26444766
same_line_drug_across_dose,observed,0.24437502
same_line_drug_across_dose,observed,0.24720766
same_line_drug_across_dose,observed,0.05271947
same_line_drug_across_dose,observed,0.099785775
same_line_drug_across_dose,observed,0.50106436
same_line_drug_across_dose,observed,-0.008026797
same_line_drug_across_dose,observed,0.04992831
same_line_drug_across_dose,observed,0.0032800706
same_line_drug_across_dose,observed,0.12205278
same_line_drug_across_dose,observed,0.08719603
same_line_drug_across_dose,observed,-0.12789674
same_line_drug_across_dose,observed,0.05247408
same_line_drug_across_dose,observed,0.19850092
same_line_drug_across_dose,observed,0.22149476
same_line_drug_across_dose,observed,0.013497635
same_line_drug_across_dose,observed,0.14001334
same_line_drug_across_dose,observed,0.09055038
same_line_drug_across_dose,observed,0.09216063
same_line_drug_across_dose,observed,0.055787355
same_line_drug_across_dose,observed,0.4318662
same_line_drug_across_dose,observed,-0.02675619
same_line_drug_across_dose,observed,0.25104654
same_line_drug_across_dose,observed,0.07233874
same_line_drug_across_dose,observed,0.13313596
same_line_drug_across_dose,observed,-0.0024291822
same_line_drug_across_dose,observed,0.29684207
same_line_drug_across_dose,observed,0.18667944
same_line_drug_across_dose,observed,0.41179734
same_line_drug_across_dose,observed,-0.013393524
same_line_drug_across_dose,observed,0.18405743
same_line_drug_across_dose,observed,-0.0026861178
same_line_drug_across_dose,observed,0.02608764
same_line_drug_across_dose,observed,0.26643956
same_line_drug_across_dose,observed,0.24159756
same_line_drug_across_dose,observed,0.08862317
same_line_drug_across_dose,observed,0.0036843617
same_line_drug_across_dose,observed,-0.00073333987
same_line_drug_across_dose,observed,0.11521405
same_line_drug_across_dose,observed,0.13883786
same_line_drug_across_dose,observed,0.08182442
same_line_drug_across_dose,observed,0.13425317
same_line_drug_across_dose,observed,0.041581374
same_line_drug_across_dose,observed,0.13630597
same_line_drug_across_dose,observed,0.33449513
same_line_drug_across_dose,observed,0.05247408
same_line_drug_across_dose,observed,-0.053892076
same_line_drug_across_dose,observed,0.08659927
same_line_drug_across_dose,observed,0.07498603
same_line_drug_across_dose,observed,0.05767182
same_line_drug_across_dose,observed,0.26453185
same_line_drug_across_dose,observed,0.09190615
same_line_drug_across_dose,observed,0.4700095
same_line_drug_across_dose,observed,0.3151263
same_line_drug_across_dose,observed,0.23739676
same_line_drug_across_dose,observed,0.12009402
same_line_drug_across_dose,observed,0.33033434
same_line_drug_across_dose,observed,0.23945093
same_line_drug_across_dose,observed,0.08935036
same_line_drug_across_dose,observed,0.44723
same_line_drug_across_dose,observed,0.10316798
same_line_drug_across_dose,observed,0.24890265
same_line_drug_across_dose,observed,0.10070797
same_line_drug_across_dose,observed,0.16040833
same_line_drug_across_dose,observed,0.28567222
same_line_drug_across_dose,observed,0.0985866
same_line_drug_across_dose,observed,0.12264207
same_line_drug_across_dose,observed,0.068726175
same_line_drug_across_dose,observed,0.48931962
same_line_drug_across_dose,observed,0.5926977
same_line_drug_across_dose,observed,0.4628642
same_line_drug_across_dose,observed,0.5667338
same_line_drug_across_dose,observed,0.08539583
same_line_drug_across_dose,observed,0.6127853
same_line_drug_across_dose,observed,0.6427091
same_line_drug_across_dose,observed,-0.0047432953
same_line_drug_across_dose,observed,0.03380145
same_line_drug_across_dose,observed,0.015012324
same_line_drug_across_dose,observed,0.07942393
same_line_drug_across_dose,observed,0.07226113
same_line_drug_across_dose,observed,0.41306522
same_line_drug_across_dose,observed,0.11033133
same_line_drug_across_dose,observed,0.09599905
same_line_drug_across_dose,observed,0.12368896
same_line_drug_across_dose,observed,0.6151093
same_line_drug_across_dose,observed,0.053478356
same_line_drug_across_dose,observed,0.31861585
same_line_drug_across_dose,observed,0.35201418
same_line_drug_across_dose,observed,-0.14046559
same_line_drug_across_dose,observed,-0.13211197
same_line_drug_across_dose,observed,0.10293045
same_line_drug_across_dose,observed,0.059771538
same_line_drug_across_dose,observed,0.57934874
same_line_drug_across_dose,observed,-0.020022685
same_line_drug_across_dose,observed,0.06042322
same_line_drug_across_dose,observed,0.08549344
same_line_drug_across_dose,observed,0.87469506
same_line_drug_across_dose,observed,0.27432972
same_line_drug_across_dose,observed,0.31755894
same_line_drug_across_dose,observed,0.0063997563
same_line_drug_across_dose,observed,0.073417075
same_line_drug_across_dose,observed,0.05945375
same_line_drug_across_dose,observed,0.015359041
same_line_drug_across_dose,observed,0.23657215
same_line_drug_across_dose,observed,0.1331082
same_line_drug_across_dose,observed,0.10279695
same_line_drug_across_dose,observed,0.011690593
same_line_drug_across_dose,observed,0.071571074
same_line_drug_across_dose,observed,0.04180203
same_line_drug_across_dose,observed,0.07390257
same_line_drug_across_dose,observed,0.013336422
same_line_drug_across_dose,observed,0.17753492
same_line_drug_across_dose,observed,0.36503682
same_line_drug_across_dose,observed,0.20850244
same_line_drug_across_dose,observed,0.324642
same_line_drug_across_dose,observed,0.13608958
same_line_drug_across_dose,observed,0.6362383
same_line_drug_across_dose,observed,0.04648852
same_line_drug_across_dose,observed,0.20017362
same_line_drug_across_dose,observed,0.54166865
same_line_drug_across_dose,observed,-0.0068021403
same_line_drug_across_dose,observed,0.3805136
same_line_drug_across_dose,observed,0.1955024
same_line_drug_across_dose,observed,0.014159483
same_line_drug_across_dose,observed,0.15912606
same_line_drug_across_dose,observed,0.08480216
same_line_drug_across_dose,observed,0.29238954
same_line_drug_across_dose,observed,0.1414366
same_line_drug_across_dose,observed,0.42867547
same_line_drug_across_dose,observed,0.09452757
same_line_drug_across_dose,observed,0.27272207
same_line_drug_across_dose,observed,0.13808428
same_line_drug_across_dose,observed,-0.021514954
same_line_drug_across_dose,observed,0.20067982
same_line_drug_across_dose,observed,0.05108863
same_line_drug_across_dose,observed,0.028713329
same_line_drug_across_dose,observed,0.291922
same_line_drug_across_dose,observed,0.527292
same_line_drug_across_dose,observed,0.109950826
same_line_drug_across_dose,observed,0.04716604
same_line_drug_across_dose,observed,0.35499638
same_line_drug_across_dose,observed,0.23824061
same_line_drug_across_dose,observed,0.019375792
same_line_drug_across_dose,observed,0.04992831
same_line_drug_across_dose,observed,0.041107576
same_line_drug_across_dose,observed,0.31664342
same_line_drug_across_dose,observed,0.09574951
same_line_drug_across_dose,observed,0.014139456
same_line_drug_across_dose,observed,0.05219386
same_line_drug_across_dose,observed,0.020280875
same_line_drug_across_dose,observed,0.27428216
same_line_drug_across_dose,observed,0.036648676
same_line_drug_across_dose,observed,0.049282208
same_line_drug_across_dose,observed,0.024863463
same_line_drug_across_dose,observed,0.11195252
same_line_drug_across_dose,observed,0.33686128
same_line_drug_across_dose,observed,0.22500624
same_line_drug_across_dose,observed,0.09252572
same_line_drug_across_dose,observed,0.10900428
same_line_drug_across_dose,observed,0.0697397
same_line_drug_across_dose,observed,0.04013324
same_line_drug_across_dose,observed,0.024304759
same_line_drug_across_dose,observed,0.22876956
same_line_drug_across_dose,observed,0.12140174
same_line_drug_across_dose,observed,0.04291489
same_line_drug_across_dose,observed,-0.014711152
same_line_drug_across_dose,observed,0.028155874
same_line_drug_across_dose,observed,-0.029000748
same_line_drug_across_dose,observed,0.14673366
same_line_drug_across_dose,observed,0.051098853
same_line_drug_across_dose,observed,0.34523025
same_line_drug_across_dose,observed,-0.042523377
same_line_drug_across_dose,observed,-0.0031917244
same_line_drug_across_dose,observed,0.27994767
same_line_drug_across_dose,observed,0.3118613
same_line_drug_across_dose,observed,0.12849636
same_line_drug_across_dose,observed,-0.01758329
same_line_drug_across_dose,observed,0.1243764
same_line_drug_across_dose,observed,0.08609405
same_line_drug_across_dose,observed,0.07980223
same_line_drug_across_dose,observed,0.17397378
same_line_drug_across_dose,observed,0.66849995
same_line_drug_across_dose,observed,0.4674947
same_line_drug_across_dose,observed,0.10441068
same_line_drug_across_dose,observed,0.16156283
same_line_drug_across_dose,observed,0.69646764
same_line_drug_across_dose,observed,-0.03271827
same_line_drug_across_dose,observed,0.0986873
same_line_drug_across_dose,observed,0.06320332
same_line_drug_across_dose,observed,0.92911863
same_line_drug_across_dose,observed,0.025543023
same_line_drug_across_dose,observed,0.05179913
same_line_drug_across_dose,observed,0.26751748
same_line_drug_across_dose,observed,-0.0033930806
same_line_drug_across_dose,observed,0.4602769
same_line_drug_across_dose,observed,0.080382355
same_line_drug_across_dose,observed,0.0015661203
same_line_drug_across_dose,observed,0.00051405444
same_line_drug_across_dose,observed,0.035387922
same_line_drug_across_dose,observed,0.15527624
same_line_drug_across_dose,observed,0.018749535
same_line_drug_across_dose,observed,0.11033133
same_line_drug_across_dose,observed,0.38301715
same_line_drug_across_dose,observed,0.19413981
same_line_drug_across_dose,observed,0.03406424
same_line_drug_across_dose,observed,0.13059986
same_line_drug_across_dose,observed,0.025759922
same_line_drug_across_dose,observed,0.015706738
same_line_drug_across_dose,observed,0.012574094
same_line_drug_across_dose,observed,0.32068047
same_line_drug_across_dose,observed,0.47627375
same_line_drug_across_dose,observed,-0.01516339
same_line_drug_across_dose,observed,0.4349624
same_line_drug_across_dose,observed,0.18361828
same_line_drug_across_dose,observed,0.54874265
same_line_drug_across_dose,observed,0.12951389
same_line_drug_across_dose,observed,0.22109815
same_line_drug_across_dose,observed,0.18361
same_line_drug_across_dose,observed,0.35546622
same_line_drug_across_dose,observed,0.061039325
same_line_drug_across_dose,observed,0.07843437
same_line_drug_across_dose,observed,0.0682589
same_line_drug_across_dose,observed,0.2660162
same_line_drug_across_dose,observed,0.18019044
same_line_drug_across_dose,observed,0.25213978
same_line_drug_across_dose,observed,0.5716663
same_line_drug_across_dose,observed,0.02495039
same_line_drug_across_dose,observed,0.31651467
same_line_drug_across_dose,observed,0.30410892
same_line_drug_across_dose,observed,0.25172856
same_line_drug_across_dose,observed,0.13669625
same_line_drug_across_dose,observed,0.23492262
same_line_drug_across_dose,observed,0.29455936
same_line_drug_across_dose,observed,0.2345053
same_line_drug_across_dose,observed,-0.012983506
same_line_drug_across_dose,observed,0.15611453
same_line_drug_across_dose,observed,0.00024379286
same_line_drug_across_dose,observed,-0.058050223
same_line_drug_across_dose,observed,0.030895978
same_line_drug_across_dose,observed,0.19413863
same_line_drug_across_dose,observed,0.74778426
same_line_drug_across_dose,observed,0.3275301
same_line_drug_across_dose,observed,0.09499101
same_line_drug_across_dose,observed,0.2915421
same_line_drug_across_dose,observed,0.23085868
same_line_drug_across_dose,observed,0.1741587
same_line_drug_across_dose,observed,0.32995895
same_line_drug_across_dose,observed,0.08401103
same_line_drug_across_dose,observed,-0.119786575
same_line_drug_across_dose,observed,0.16991949
same_line_drug_across_dose,observed,0.096265025
same_line_drug_across_dose,observed,0.02595361
same_line_drug_across_dose,observed,0.12009402
same_line_drug_across_dose,observed,0.076026
same_line_drug_across_dose,observed,0.47204766
same_line_drug_across_dose,observed,0.04828352
same_line_drug_across_dose,observed,0.252006
same_line_drug_across_dose,observed,0.07415211
same_line_drug_across_dose,observed,0.20472308
same_line_drug_across_dose,observed,0.0974982
same_line_drug_across_dose,observed,0.12947327
same_line_drug_across_dose,observed,0.29455936
same_line_drug_across_dose,observed,0.18439014
same_line_drug_across_dose,observed,0.30902144
same_line_drug_across_dose,observed,0.19912238
same_line_drug_across_dose,observed,0.026609022
same_line_drug_across_dose,observed,0.014170118
same_line_drug_across_dose,observed,0.030314319
same_line_drug_across_dose,observed,-0.1225421
same_line_drug_across_dose,observed,0.030350594
same_line_drug_across_dose,observed,0.10288562
same_line_drug_across_dose,observed,0.17355996
same_line_drug_across_dose,observed,0.097266585
same_line_drug_across_dose,observed,0.17706697
same_line_drug_across_dose,observed,0.40175733
same_line_drug_across_dose,observed,0.2421305
same_line_drug_across_dose,observed,0.274374
same_line_drug_across_dose,observed,-0.10302903
same_line_drug_across_dose,observed,0.38323507
same_line_drug_across_dose,observed,0.4599885
same_line_drug_across_dose,observed,0.11640291
same_line_drug_across_dose,observed,0.026830442
same_line_drug_across_dose,observed,0.081004925
same_line_drug_across_dose,observed,-0.04664722
same_line_drug_across_dose,observed,0.21360853
same_line_drug_across_dose,observed,0.8297123
same_line_drug_across_dose,observed,0.320387
same_line_drug_across_dose,observed,0.043170415
same_line_drug_across_dose,observed,0.08125157
same_line_drug_across_dose,observed,0.27189198
same_line_drug_across_dose,observed,0.08539583
same_line_drug_across_dose,observed,0.074199535
same_line_drug_across_dose,observed,0.19461541
same_line_drug_across_dose,observed,0.20310009
same_line_drug_across_dose,observed,0.5010515
same_line_drug_across_dose,observed,-0.0085217105
same_line_drug_across_dose,observed,0.15482359
same_line_drug_across_dose,observed,0.09844494
same_line_drug_across_dose,observed,0.12112941
same_line_drug_across_dose,observed,0.24460195
same_line_drug_across_dose,observed,0.17730495
same_line_drug_across_dose,observed,0.027384335
same_line_drug_across_dose,observed,0.07151085
same_line_drug_across_dose,observed,0.48748064
same_line_drug_across_dose,observed,0.031510934
same_line_drug_across_dose,observed,0.03669754
same_line_drug_across_dose,observed,0.04828352
same_line_drug_across_dose,observed,0.52907467
same_line_drug_across_dose,observed,0.031363964
same_line_drug_across_dose,observed,0.079060555
same_line_drug_across_dose,observed,0.021903157
same_line_drug_across_dose,observed,0.1374734
same_line_drug_across_dose,observed,0.21173376
same_line_drug_across_dose,observed,-0.00026366368
same_line_drug_across_dose,observed,0.13259739
same_line_drug_across_dose,observed,0.24464421
same_line_drug_across_dose,observed,0.36071894
same_line_drug_across_dose,observed,0.22345352
same_line_drug_across_dose,observed,-0.12052879
same_line_drug_across_dose,observed,0.31921846
same_line_drug_across_dose,observed,0.061614722
same_line_drug_across_dose,observed,0.063503616
same_line_drug_across_dose,observed,0.11074292
same_line_drug_across_dose,observed,0.3607578
same_line_drug_across_dose,observed,0.25461265
same_line_drug_across_dose,observed,0.2639183
same_line_drug_across_dose,observed,0.19434415
same_line_drug_across_dose,observed,0.5581151
same_line_drug_across_dose,observed,0.08163009
same_line_drug_across_dose,observed,0.12849912
same_line_drug_across_dose,observed,0.5374647
same_line_drug_across_dose,observed,0.43691745
same_line_drug_across_dose,observed,0.09875657
same_line_drug_across_dose,observed,0.5246695
same_line_drug_across_dose,observed,0.16211437
same_line_drug_across_dose,observed,0.18921494
same_line_drug_across_dose,observed,0.25702912
same_line_drug_across_dose,observed,0.0040729023
same_line_drug_across_dose,observed,0.08163009
same_line_drug_across_dose,observed,-0.13402125
same_line_drug_across_dose,observed,0.2720849
same_line_drug_across_dose,observed,0.53324854
same_line_drug_across_dose,observed,0.054381564
same_line_drug_across_dose,observed,0.00505769
same_line_drug_across_dose,observed,0.4935054
same_line_drug_across_dose,observed,0.03285518
same_line_drug_across_dose,observed,0.26453185
same_line_drug_across_dose,observed,-0.011357594
same_line_drug_across_dose,observed,0.047585398
same_line_drug_across_dose,observed,0.6919225
same_line_drug_across_dose,observed,0.17770019
same_line_drug_across_dose,observed,0.106872335
same_line_drug_across_dose,observed,0.2543752
same_line_drug_across_dose,observed,0.41837934
same_line_drug_across_dose,observed,0.5936808
same_line_drug_across_dose,observed,0.018604929
same_line_drug_across_dose,observed,0.043807607
same_line_drug_across_dose,observed,-0.0085217105
same_line_drug_across_dose,observed,0.008801467
same_line_drug_across_dose,observed,0.07826175
same_line_drug_across_dose,observed,0.10814247
same_line_drug_across_dose,observed,0.068726175
same_line_drug_across_dose,observed,0.41361627
same_line_drug_across_dose,observed,0.051582735
same_line_drug_across_dose,observed,0.3776407
same_line_drug_across_dose,observed,0.26526
same_line_drug_across_dose,observed,0.15389207
same_line_drug_across_dose,observed,0.07499144
same_line_drug_across_dose,observed,0.404361
same_line_drug_across_dose,observed,0.33827245
same_line_drug_across_dose,observed,0.0051892083
same_line_drug_across_dose,observed,0.05734303
same_line_drug_across_dose,observed,-0.10909046
same_line_drug_across_dose,observed,0.23769853
same_line_drug_across_dose,observed,0.060465686
same_line_drug_across_dose,observed,0.23931207
same_line_drug_across_dose,observed,0.07267921
same_line_drug_across_dose,observed,0.53937566
same_line_drug_across_dose,observed,0.4602769
same_line_drug_across_dose,observed,0.31715164
same_line_drug_across_dose,observed,0.08758955
same_line_drug_across_dose,observed,0.11665834
same_line_drug_across_dose,observed,0.2575935
same_line_drug_across_dose,observed,0.45054254
same_line_drug_across_dose,observed,0.080075674
same_line_drug_across_dose,observed,0.13647601
same_line_drug_across_dose,observed,0.30006728
same_line_drug_across_dose,observed,0.29805744
same_line_drug_across_dose,observed,0.675988
same_line_drug_across_dose,observed,0.44293877
same_line_drug_across_dose,observed,0.2307968
same_line_drug_across_dose,observed,0.2734777
same_line_drug_across_dose,observed,0.04898138
same_line_drug_across_dose,observed,-0.0037285357
same_line_drug_across_dose,observed,0.021700213
same_line_drug_across_dose,observed,0.043170415
same_line_drug_across_dose,observed,0.3130327
same_line_drug_across_dose,observed,0.17508106
same_line_drug_across_dose,observed,0.15852621
same_line_drug_across_dose,observed,0.5314482
same_line_drug_across_dose,observed,0.040253866
same_line_drug_across_dose,observed,0.018072398
same_line_drug_across_dose,observed,0.16382903
same_line_drug_across_dose,observed,0.15281084
same_line_drug_across_dose,observed,0.11595408
same_line_drug_across_dose,observed,0.08569108
same_line_drug_across_dose,observed,0.014171344
same_line_drug_across_dose,observed,0.11232921
same_line_drug_across_dose,observed,0.10664089
same_line_drug_across_dose,observed,0.13126723
same_line_drug_across_dose,observed,0.51205456
same_line_drug_across_dose,observed,0.057580113
same_line_drug_across_dose,observed,0.39799443
same_line_drug_across_dose,observed,-0.029547114
same_line_drug_across_dose,observed,0.22890629
same_line_drug_across_dose,observed,-0.0072052116
same_line_drug_across_dose,observed,0.057734743
same_line_drug_across_dose,observed,0.11725325
same_line_drug_across_dose,observed,0.16640873
same_line_drug_across_dose,observed,0.3734501
same_line_drug_across_dose,observed,0.09942637
same_line_drug_across_dose,observed,0.34478155
same_line_drug_across_dose,observed,0.33694148
same_line_drug_across_dose,observed,0.36118937
same_line_drug_across_dose,observed,0.33039534
same_line_drug_across_dose,observed,0.021799877
same_line_drug_across_dose,observed,0.08388754
same_line_drug_across_dose,observed,0.14760274
same_line_drug_across_dose,observed,-0.007307075
same_line_drug_across_dose,observed,0.3627711
same_line_drug_across_dose,observed,0.27432972
same_line_drug_across_dose,observed,0.36998323
same_line_drug_across_dose,observed,0.35507828
same_line_drug_across_dose,observed,0.04241034
same_line_drug_across_dose,observed,0.029019607
same_line_drug_across_dose,observed,0.2370546
same_line_drug_across_dose,observed,0.08609405
same_line_drug_across_dose,observed,0.80334187
same_line_drug_across_dose,observed,0.79663795
same_line_drug_across_dose,observed,0.09609247
same_line_drug_across_dose,observed,0.024878616
same_line_drug_across_dose,observed,0.1927752
same_line_drug_across_dose,observed,0.14439186
same_line_drug_across_dose,observed,0.21110485
same_line_drug_across_dose,observed,0.10032741
same_line_drug_across_dose,observed,0.0869001
same_line_drug_across_dose,observed,0.06675215
same_line_drug_across_dose,observed,0.36436057
same_line_drug_across_dose,observed,0.61969286
same_line_drug_across_dose,observed,0.1406995
same_line_drug_across_dose,observed,0.13594416
same_line_drug_across_dose,observed,0.11191766
same_line_drug_across_dose,observed,-0.019076353
same_line_drug_across_dose,observed,0.06335615
same_line_drug_across_dose,observed,0.122923784
same_line_drug_across_dose,observed,0.19912702
same_line_drug_across_dose,observed,0.3000006
same_line_drug_across_dose,observed,0.35973635
same_line_drug_across_dose,observed,0.03294492
same_line_drug_across_dose,observed,0.053709798
same_line_drug_across_dose,observed,0.14560324
same_line_drug_across_dose,observed,0.5541852
same_line_drug_across_dose,observed,0.45078364
same_line_drug_across_dose,observed,0.014684244
same_line_drug_across_dose,observed,0.06162158
same_line_drug_across_dose,observed,0.06322309
same_line_drug_across_dose,observed,0.76222414
same_line_drug_across_dose,observed,-0.048506223
same_line_drug_across_dose,observed,0.06141598
same_line_drug_across_dose,observed,0.3175606
same_line_drug_across_dose,observed,-0.0014006312
same_line_drug_across_dose,observed,0.0031996293
same_line_drug_across_dose,observed,0.34950325
same_line_drug_across_dose,observed,0.12190171
same_line_drug_across_dose,observed,0.026332242
same_line_drug_across_dose,observed,-0.024388473
same_line_drug_across_dose,observed,0.26618597
same_line_drug_across_dose,observed,-0.019781489
same_line_drug_across_dose,observed,0.24075736
same_line_drug_across_dose,observed,0.20632565
same_line_drug_across_dose,observed,0.003659951
same_line_drug_across_dose,observed,0.29723087
same_line_drug_across_dose,observed,0.18904105
same_line_drug_across_dose,observed,0.01826847
same_line_drug_across_dose,observed,0.060909726
same_line_drug_across_dose,observed,0.33960158
same_line_drug_across_dose,observed,0.028574592
same_line_drug_across_dose,observed,0.26861706
same_line_drug_across_dose,observed,0.23317577
same_line_drug_across_dose,observed,0.09589308
same_line_drug_across_dose,observed,0.078299865
same_line_drug_across_dose,observed,0.21562698
same_line_drug_across_dose,observed,0.065254726
same_line_drug_across_dose,observed,0.4733173
same_line_drug_across_dose,observed,0.37606454
same_line_drug_across_dose,observed,0.2631347
same_line_drug_across_dose,observed,0.29137823
same_line_drug_across_dose,observed,0.30291986
same_line_drug_across_dose,observed,0.10576924
same_line_drug_across_dose,observed,0.106129535
same_line_drug_across_dose,observed,0.2469371
same_line_drug_across_dose,observed,0.021364277
same_line_drug_across_dose,observed,0.18542299
same_line_drug_across_dose,observed,0.50015676
same_line_drug_across_dose,observed,0.114810884
same_line_drug_across_dose,observed,0.08947796
same_line_drug_across_dose,observed,0.34708434
same_line_drug_across_dose,observed,-0.05045336
same_line_drug_across_dose,observed,0.1839389
same_line_drug_across_dose,observed,0.07964083
same_line_drug_across_dose,observed,0.075896725
same_line_drug_across_dose,observed,0.45587695
same_line_drug_across_dose,observed,0.06446497
same_line_drug_across_dose,observed,-0.10248923
same_line_drug_across_dose,observed,0.0068096877
same_line_drug_across_dose,observed,0.36407474
same_line_drug_across_dose,observed,0.28421986
same_line_drug_across_dose,observed,0.4785402
same_line_drug_across_dose,observed,0.086663395
same_line_drug_across_dose,observed,0.11955373
same_line_drug_across_dose,observed,-0.020839995
same_line_drug_across_dose,observed,0.24588743
same_line_drug_across_dose,observed,0.6259261
same_line_drug_across_dose,observed,0.114080235
same_line_drug_across_dose,observed,0.25591072
same_line_drug_across_dose,observed,0.06906023
same_line_drug_across_dose,observed,0.29168627
same_line_drug_across_dose,observed,-0.10422592
same_line_drug_across_dose,observed,0.084000364
same_line_drug_across_dose,observed,0.23583752
same_line_drug_across_dose,observed,0.07324689
same_line_drug_across_dose,observed,0.28456998
same_line_drug_across_dose,observed,0.10538224
same_line_drug_across_dose,observed,-0.012859993
same_line_drug_across_dose,observed,0.14228892
same_line_drug_across_dose,observed,0.15556805
same_line_drug_across_dose,observed,0.17773984
same_line_drug_across_dose,observed,0.087211244
same_line_drug_across_dose,observed,0.09997343
same_line_drug_across_dose,observed,0.24222682
same_line_drug_across_dose,observed,0.62217927
same_line_drug_across_dose,observed,0.38197723
same_line_drug_across_dose,observed,0.050053466
same_line_drug_across_dose,observed,0.19829248
same_line_drug_across_dose,observed,0.17343962
same_line_drug_across_dose,observed,0.43550304
same_line_drug_across_dose,observed,0.15199418
same_line_drug_across_dose,observed,-0.070367455
same_line_drug_across_dose,observed,0.6217156
same_line_drug_across_dose,observed,0.054598264
same_line_drug_across_dose,observed,0.50104856
same_line_drug_across_dose,observed,0.1349596
same_line_drug_across_dose,observed,0.21085975
same_line_drug_across_dose,observed,0.097561136
same_line_drug_across_dose,observed,0.022560865
same_line_drug_across_dose,observed,0.05700175
same_line_drug_across_dose,observed,0.29368308
same_line_drug_across_dose,observed,0.57193816
same_line_drug_across_dose,observed,0.25425032
same_line_drug_across_dose,observed,0.49822146
same_line_drug_across_dose,observed,0.0063946275
same_line_drug_across_dose,observed,0.10243364
same_line_drug_across_dose,observed,-0.010029062
same_line_drug_across_dose,observed,0.33913738
same_line_drug_across_dose,observed,0.21259055
same_line_drug_across_dose,observed,-0.0039016942
same_line_drug_across_dose,observed,0.49096096
same_line_drug_across_dose,observed,-0.003335953
same_line_drug_across_dose,observed,0.1744759
same_line_drug_across_dose,observed,0.30069253
same_line_drug_across_dose,observed,0.012759293
same_line_drug_across_dose,observed,0.1331082
same_line_drug_across_dose,observed,0.29719892
same_line_drug_across_dose,observed,0.04333931
same_line_drug_across_dose,observed,0.36407474
same_line_drug_across_dose,observed,-0.05977921
same_line_drug_across_dose,observed,0.12522972
same_line_drug_across_dose,observed,0.34950325
same_line_drug_across_dose,observed,0.119570196
same_line_drug_across_dose,observed,0.15844151
same_line_drug_across_dose,observed,0.86981624
same_line_drug_across_dose,observed,0.27832094
same_line_drug_across_dose,observed,0.105857916
same_line_drug_across_dose,observed,0.66553795
same_line_drug_across_dose,observed,-0.07377876
same_line_drug_across_dose,observed,0.18032847
same_line_drug_across_dose,observed,0.13921711
same_line_drug_across_dose,observed,0.06839764
same_line_drug_across_dose,observed,0.14233312
same_line_drug_across_dose,observed,0.00238968
same_line_drug_across_dose,observed,0.012130114
same_line_drug_across_dose,observed,-0.021924164
same_line_drug_across_dose,observed,0.12224976
same_line_drug_across_dose,observed,0.2981911
same_line_drug_across_dose,observed,0.25123787
same_line_drug_across_dose,observed,0.04061285
same_line_drug_across_dose,observed,0.2887197
same_line_drug_across_dose,observed,0.12815367
same_line_drug_across_dose,observed,0.2338228
same_line_drug_across_dose,observed,0.13862716
same_line_drug_across_dose,observed,0.26009494
same_line_drug_across_dose,observed,0.13782816
same_line_drug_across_dose,observed,0.06105313
same_line_drug_across_dose,observed,0.021075467
same_line_drug_across_dose,observed,0.47204766
same_line_drug_across_dose,observed,0.0869001
same_line_drug_across_dose,observed,0.2505272
same_line_drug_across_dose,observed,0.22885236
same_line_drug_across_dose,observed,0.014139456
same_line_drug_across_dose,observed,0.3805136
same_line_drug_across_dose,observed,0.26246455
same_line_drug_across_dose,observed,0.2998936
same_line_drug_across_dose,observed,0.05575341
same_line_drug_across_dose,observed,0.038737837
same_line_drug_across_dose,observed,0.1426818
same_line_drug_across_dose,observed,0.22027677
same_line_drug_across_dose,observed,-0.045021094
same_line_drug_across_dose,observed,-0.0011359254
same_line_drug_across_dose,observed,0.050509952
same_line_drug_across_dose,observed,0.14971013
same_line_drug_across_dose,observed,0.19836426
same_line_drug_across_dose,observed,0.21150748
same_line_drug_across_dose,observed,-0.022982165
same_line_drug_across_dose,observed,0.13517341
same_line_drug_across_dose,observed,0.03417042
same_line_drug_across_dose,observed,0.24797821
same_line_drug_across_dose,observed,-0.0018553755
same_line_drug_across_dose,observed,0.13552883
same_line_drug_across_dose,observed,0.19921932
same_line_drug_across_dose,observed,0.09024553
same_line_drug_across_dose,observed,0.22774419
same_line_drug_across_dose,observed,0.28200713
same_line_drug_across_dose,observed,0.16112672
same_line_drug_across_dose,observed,0.31276736
same_line_drug_across_dose,observed,-0.016882647
same_line_drug_across_dose,observed,0.05081299
same_line_drug_across_dose,observed,0.15452677
same_line_drug_across_dose,observed,-0.17754044
same_line_drug_across_dose,observed,0.16341259
same_line_drug_across_dose,observed,0.082877815
same_line_drug_across_dose,observed,-0.033037473
same_line_drug_across_dose,observed,0.48312393
same_line_drug_across_dose,observed,-0.0027979766
same_line_drug_across_dose,observed,0.6125055
same_line_drug_across_dose,observed,0.428824
same_line_drug_across_dose,observed,-0.07626644
same_line_drug_across_dose,observed,-0.07242642
same_line_drug_across_dose,observed,0.076778516
same_line_drug_across_dose,observed,0.21577132
same_line_drug_across_dose,observed,0.17703721
same_line_drug_across_dose,observed,0.024187421
same_line_drug_across_dose,observed,0.36675468
same_line_drug_across_dose,observed,0.06805849
same_line_drug_across_dose,observed,0.29631457
same_line_drug_across_dose,observed,0.13425317
same_line_drug_across_dose,observed,0.0176529
same_line_drug_across_dose,observed,0.04265837
same_line_drug_across_dose,observed,0.20120887
same_line_drug_across_dose,observed,0.19749124
same_line_drug_across_dose,observed,0.22254021
same_line_drug_across_dose,observed,0.03329456
same_line_drug_across_dose,observed,0.11869004
same_line_drug_across_dose,observed,0.066494055
same_line_drug_across_dose,observed,-0.004665642
same_line_drug_across_dose,observed,0.31157035
same_line_drug_across_dose,observed,-0.017798368
same_line_drug_across_dose,observed,0.065254726
same_line_drug_across_dose,observed,0.07927177
same_line_drug_across_dose,observed,0.115878046
same_line_drug_across_dose,observed,0.03518794
same_line_drug_across_dose,observed,0.12309572
same_line_drug_across_dose,observed,0.30111268
same_line_drug_across_dose,observed,0.1743326
same_line_drug_across_dose,observed,0.34523025
same_line_drug_across_dose,observed,0.1215486
same_line_drug_across_dose,observed,-0.14177935
same_line_drug_across_dose,observed,0.0064194347
same_line_drug_across_dose,observed,0.13872962
same_line_drug_across_dose,observed,0.009416063
same_line_drug_across_dose,observed,0.08936854
same_line_drug_across_dose,observed,0.08741351
same_line_drug_across_dose,observed,0.8414718
same_line_drug_across_dose,observed,0.25330776
same_line_drug_across_dose,observed,0.08032446
same_line_drug_across_dose,observed,0.43065014
same_line_drug_across_dose,observed,0.42286482
same_line_drug_across_dose,observed,0.10294843
same_line_drug_across_dose,observed,0.06465035
same_line_drug_across_dose,observed,0.10562393
same_line_drug_across_dose,observed,0.02142078
same_line_drug_across_dose,observed,0.07547545
same_line_drug_across_dose,observed,0.36969244
same_line_drug_across_dose,observed,0.13649213
same_line_drug_across_dose,observed,-0.023026574
same_line_drug_across_dose,observed,0.05848073
same_line_drug_across_dose,observed,0.02935366
same_line_drug_across_dose,observed,0.324642
same_line_drug_across_dose,observed,0.23166727
same_line_drug_across_dose,observed,0.5607673
same_line_drug_across_dose,observed,0.06988581
same_line_drug_across_dose,observed,-0.10422592
same_line_drug_across_dose,observed,-0.008749512
same_line_drug_across_dose,observed,0.1853553
same_line_drug_across_dose,observed,0.17202455
same_line_drug_across_dose,observed,0.26416937
same_line_drug_across_dose,observed,0.02242388
same_line_drug_across_dose,observed,0.25315416
same_line_drug_across_dose,observed,0.5361
same_line_drug_across_dose,observed,0.29843837
same_line_drug_across_dose,observed,0.6317282
same_line_drug_across_dose,observed,0.1657672
same_line_drug_across_dose,observed,0.16260383
same_line_drug_across_dose,observed,0.28396946
same_line_drug_across_dose,observed,0.03531781
same_line_drug_across_dose,observed,0.24446361
same_line_drug_across_dose,observed,0.49990526
same_line_drug_across_dose,observed,0.06459948
same_line_drug_across_dose,observed,0.2741813
same_line_drug_across_dose,observed,-0.047811575
same_line_drug_across_dose,observed,0.28277618
same_line_drug_across_dose,observed,0.15357034
same_line_drug_across_dose,observed,0.14460282
same_line_drug_across_dose,observed,-0.02276962
same_line_drug_across_dose,observed,0.19696954
same_line_drug_across_dose,observed,0.13272357
same_line_drug_across_dose,observed,0.061039325
same_line_drug_across_dose,observed,0.14328842
same_line_drug_across_dose,observed,0.22295235
same_line_drug_across_dose,observed,0.15679407
same_line_drug_across_dose,observed,0.7061728
same_line_drug_across_dose,observed,0.26373678
same_line_drug_across_dose,observed,0.24860105
same_line_drug_across_dose,observed,0.10198543
same_line_drug_across_dose,observed,0.21594582
same_line_drug_across_dose,observed,-0.042206082
same_line_drug_across_dose,observed,0.62727004
same_line_drug_across_dose,observed,0.12234343
same_line_drug_across_dose,observed,0.7357057
same_line_drug_across_dose,observed,0.121135704
same_line_drug_across_dose,observed,0.0019774318
same_line_drug_across_dose,observed,0.09075701
same_line_drug_across_dose,observed,0.41168904
same_line_drug_across_dose,observed,0.108563006
same_line_drug_across_dose,observed,0.579128
same_line_drug_across_dose,observed,0.1430695
same_line_drug_across_dose,observed,0.2191101
same_line_drug_across_dose,observed,0.35199288
same_line_drug_across_dose,observed,0.42632735
same_line_drug_across_dose,observed,0.04593032
same_line_drug_across_dose,observed,0.26184025
same_line_drug_across_dose,observed,0.0145072965
same_line_drug_across_dose,observed,0.26364788
same_line_drug_across_dose,observed,-0.0039935727
same_line_drug_across_dose,observed,0.00088313327
same_line_drug_across_dose,observed,0.19170581
same_line_drug_across_dose,observed,0.21620879
same_line_drug_across_dose,observed,0.8009375
same_line_drug_across_dose,observed,0.051098853
same_line_drug_across_dose,observed,-0.0165933
same_line_drug_across_dose,observed,0.372538
same_line_drug_across_dose,observed,0.28537852
same_line_drug_across_dose,observed,0.2624586
same_line_drug_across_dose,observed,0.33815658
same_line_drug_across_dose,observed,0.15523714
same_line_drug_across_dose,observed,0.062146615
same_line_drug_across_dose,observed,0.036005814
same_line_drug_across_dose,observed,0.24691781
same_line_drug_across_dose,observed,0.06738748
same_line_drug_across_dose,observed,0.3133087
same_line_drug_across_dose,observed,0.48810485
same_line_drug_across_dose,observed,0.27018854
same_line_drug_across_dose,observed,-0.023542967
same_line_drug_across_dose,observed,0.001542721
same_line_drug_across_dose,observed,0.25517046
same_line_drug_across_dose,observed,0.26546413
same_line_drug_across_dose,observed,0.22492556
same_line_drug_across_dose,observed,0.2020136
same_line_drug_across_dose,observed,0.3526984
same_line_drug_across_dose,observed,0.30008018
same_line_drug_across_dose,observed,0.35824403
same_line_drug_across_dose,observed,0.1919367
same_line_drug_across_dose,observed,0.22004071
same_line_drug_across_dose,observed,0.03198347
same_line_drug_across_dose,observed,0.49152553
same_line_drug_across_dose,observed,0.13842396
same_line_drug_across_dose,observed,0.50661224
same_line_drug_across_dose,observed,0.02691775
same_line_drug_across_dose,observed,0.252206
same_line_drug_across_dose,observed,0.04897796
same_line_drug_across_dose,observed,0.06375733
same_line_drug_across_dose,observed,0.50673103
same_line_drug_across_dose,observed,0.07847504
same_line_drug_across_dose,observed,0.25560966
same_line_drug_across_dose,observed,0.0075647896
same_line_drug_across_dose,observed,0.28720045
same_line_drug_across_dose,observed,0.08987446
same_line_drug_across_dose,observed,0.038627595
same_line_drug_across_dose,observed,0.08659927
same_line_drug_across_dose,observed,0.108494125
same_line_drug_across_dose,observed,0.1657672
same_line_drug_across_dose,observed,0.21965443
same_line_drug_across_dose,observed,0.09920225
same_line_drug_across_dose,observed,-0.05321977
same_line_drug_across_dose,observed,0.036517136
same_line_drug_across_dose,observed,0.1028271
same_line_drug_across_dose,observed,0.53147256
same_line_drug_across_dose,observed,0.5931397
same_line_drug_across_dose,observed,0.20864575
same_line_drug_across_dose,observed,-0.061048213
same_line_drug_across_dose,observed,0.10145346
same_line_drug_across_dose,observed,0.20845298
same_line_drug_across_dose,observed,0.038047474
same_line_drug_across_dose,observed,0.057580113
same_line_drug_across_dose,observed,0.11640291
same_line_drug_across_dose,observed,0.11503796
same_line_drug_across_dose,observed,0.05339611
same_line_drug_across_dose,observed,-0.025802556
same_line_drug_across_dose,observed,0.4539986
same_line_drug_across_dose,observed,0.015331474
same_line_drug_across_dose,observed,0.11375789
same_line_drug_across_dose,observed,-0.035150755
same_line_drug_across_dose,observed,-0.10248923
same_line_drug_across_dose,observed,0.008640704
same_line_drug_across_dose,observed,0.19921932
same_line_drug_across_dose,observed,0.21261725
same_line_drug_across_dose,observed,0.024516782
same_line_drug_across_dose,observed,0.19567122
same_line_drug_across_dose,observed,0.21014765
same_line_drug_across_dose,observed,0.3270348
same_line_drug_across_dose,observed,0.49172848
same_line_drug_across_dose,observed,0.106807984
same_line_drug_across_dose,observed,0.032112937
same_line_drug_across_dose,observed,0.03216849
same_line_drug_across_dose,observed,0.024075674
same_line_drug_across_dose,observed,0.4491833
same_line_drug_across_dose,observed,0.16602522
same_line_drug_across_dose,observed,0.45236656
same_line_drug_across_dose,observed,0.69646764
same_line_drug_across_dose,observed,0.09614377
same_line_drug_across_dose,observed,0.32555085
same_line_drug_across_dose,observed,-0.017626872
same_line_drug_across_dose,observed,0.1700095
same_line_drug_across_dose,observed,0.21322758
same_line_drug_across_dose,observed,0.28673735
same_line_drug_across_dose,observed,0.86721456
same_line_drug_across_dose,observed,0.29815394
same_line_drug_across_dose,observed,0.053873025
same_line_drug_across_dose,observed,0.19320643
same_line_drug_across_dose,observed,-0.033037473
same_line_drug_across_dose,observed,0.10866243
same_line_drug_across_dose,observed,0.076629706
same_line_drug_across_dose,observed,0.46262318
same_line_drug_across_dose,observed,0.57530355
same_line_drug_across_dose,observed,0.27745914
same_line_drug_across_dose,observed,-0.003835316
same_line_drug_across_dose,observed,0.050629675
same_line_drug_across_dose,observed,0.6612446
same_line_drug_across_dose,observed,0.29956526
same_line_drug_across_dose,observed,0.16040425
same_line_drug_across_dose,observed,0.21924776
same_line_drug_across_dose,observed,0.07233874
same_line_drug_across_dose,observed,0.23134875
same_line_drug_across_dose,observed,0.37879235
same_line_drug_across_dose,observed,0.47001866
same_line_drug_across_dose,observed,0.45040974
same_line_drug_across_dose,observed,-0.0007067114
same_line_drug_across_dose,observed,0.08662546
same_line_drug_across_dose,observed,0.34817952
same_line_drug_across_dose,observed,0.08577824
same_line_drug_across_dose,observed,0.08233878
same_line_drug_across_dose,observed,0.13129324
same_line_drug_across_dose,observed,0.44639146
same_line_drug_across_dose,observed,0.085212834
same_line_drug_across_dose,observed,0.12060178
same_line_drug_across_dose,observed,0.17542914
same_line_drug_across_dose,observed,0.14984716
same_line_drug_across_dose,observed,0.0638394
same_line_drug_across_dose,null,-0.028312316
same_line_drug_across_dose,null,0.04758226
same_line_drug_across_dose,null,0.008171369
same_line_drug_across_dose,null,-0.035798006
same_line_drug_across_dose,null,0.032074615
same_line_drug_across_dose,null,-0.052889884
same_line_drug_across_dose,null,0.017133089
same_line_drug_across_dose,null,0.045011807
same_line_drug_across_dose,null,-0.0032629052
same_line_drug_across_dose,null,-0.013441361
same_line_drug_across_dose,null,-0.011764614
same_line_drug_across_dose,null,-0.0015506243
same_line_drug_across_dose,null,0.03774096
same_line_drug_across_dose,null,0.010614813
same_line_drug_across_dose,null,-0.015108542
same_line_drug_across_dose,null,-0.03540155
same_line_drug_across_dose,null,-0.0065010344
same_line_drug_across_dose,null,0.000902497
same_line_drug_across_dose,null,-0.0076474845
same_line_drug_across_dose,null,0.030852882
same_line_drug_across_dose,null,-0.04811288
same_line_drug_across_dose,null,0.041218035
same_line_drug_across_dose,null,0.0043023904
same_line_drug_across_dose,null,0.0076362006
same_line_drug_across_dose,null,0.010482741
same_line_drug_across_dose,null,0.06924638
same_line_drug_across_dose,null,-0.055370837
same_line_drug_across_dose,null,0.028062876
same_line_drug_across_dose,null,0.018236775
same_line_drug_across_dose,null,0.031654265
same_line_drug_across_dose,null,-0.03940045
same_line_drug_across_dose,null,-0.023170492
same_line_drug_across_dose,null,-0.024024904
same_line_drug_across_dose,null,0.0007465272
same_line_drug_across_dose,null,-0.053352136
same_line_drug_across_dose,null,-0.04659774
same_line_drug_across_dose,null,0.006524721
same_line_drug_across_dose,null,0.015143544
same_line_drug_across_dose,null,0.01173707
same_line_drug_across_dose,null,0.008196692
same_line_drug_across_dose,null,-0.022467379
same_line_drug_across_dose,null,0.011686617
same_line_drug_across_dose,null,0.0056501124
same_line_drug_across_dose,null,-0.01773904
same_line_drug_across_dose,null,0.013709948
same_line_drug_across_dose,null,-0.028707726
same_line_drug_across_dose,null,0.031402078
same_line_drug_across_dose,null,-0.009149975
same_line_drug_across_dose,null,-0.014756657
same_line_drug_across_dose,null,-0.004041412
same_line_drug_across_dose,null,0.0059902035
same_line_drug_across_dose,null,-0.017988224
same_line_drug_across_dose,null,-0.026301306
same_line_drug_across_dose,null,-0.012127853
same_line_drug_across_dose,null,-0.026471663
same_line_drug_across_dose,null,0.032822166
same_line_drug_across_dose,null,0.040127702
same_line_drug_across_dose,null,0.023272844
same_line_drug_across_dose,null,-0.017355783
same_line_drug_across_dose,null,-0.020740481
same_line_drug_across_dose,null,0.007884289
same_line_drug_across_dose,null,-0.020795975
same_line_drug_across_dose,null,0.013660514
same_line_drug_across_dose,null,0.03224198
same_line_drug_across_dose,null,0.0057492754
same_line_drug_across_dose,null,0.03727811
same_line_drug_across_dose,null,0.0044421465
same_line_drug_across_dose,null,-0.011051067
same_line_drug_across_dose,null,-0.015297661
same_line_drug_across_dose,null,0.01445742
same_line_drug_across_dose,null,0.022028446
same_line_drug_across_dose,null,0.006180444
same_line_drug_across_dose,null,0.022232944
same_line_drug_across_dose,null,-0.011839715
same_line_drug_across_dose,null,-0.009290392
same_line_drug_across_dose,null,-0.037357457
same_line_drug_across_dose,null,-0.024735771
same_line_drug_across_dose,null,-0.018633367
same_line_drug_across_dose,null,0.008985951
same_line_drug_across_dose,null,-0.05558643
same_line_drug_across_dose,null,0.04134724
same_line_drug_across_dose,null,-0.039520252
same_line_drug_across_dose,null,0.06928512
same_line_drug_across_dose,null,-0.0009258471
same_line_drug_across_dose,null,-0.006466302
same_line_drug_across_dose,null,0.040237013
same_line_drug_across_dose,null,-0.03250106
same_line_drug_across_dose,null,0.0010276393
same_line_drug_across_dose,null,-0.025415696
same_line_drug_across_dose,null,-0.0082499795
same_line_drug_across_dose,null,0.0021086845
same_line_drug_across_dose,null,-0.031696647
same_line_drug_across_dose,null,0.01699942
same_line_drug_across_dose,null,-0.030631065
same_line_drug_across_dose,null,0.015921256
same_line_drug_across_dose,null,-0.002919931
same_line_drug_across_dose,null,0.028455129
same_line_drug_across_dose,null,0.008004603
same_line_drug_across_dose,null,0.048546154
same_line_drug_across_dose,null,0.017626446
same_line_drug_across_dose,null,0.025497032
same_line_drug_across_dose,null,-0.029681372
same_line_drug_across_dose,null,-0.027471723
same_line_drug_across_dose,null,0.026622104
same_line_drug_across_dose,null,0.0052336697
same_line_drug_across_dose,null,-0.011995872
same_line_drug_across_dose,null,-0.008013082
same_line_drug_across_dose,null,0.018870253
same_line_drug_across_dose,null,0.041370083
same_line_drug_across_dose,null,0.014387579
same_line_drug_across_dose,null,0.05675476
same_line_drug_across_dose,null,-0.042836703
same_line_drug_across_dose,null,-0.026902562
same_line_drug_across_dose,null,-0.010919896
same_line_drug_across_dose,null,0.013873969
same_line_drug_across_dose,null,0.005628134
same_line_drug_across_dose,null,-0.02711494
same_line_drug_across_dose,null,0.00027904238
same_line_drug_across_dose,null,0.007598301
same_line_drug_across_dose,null,0.004004188
same_line_drug_across_dose,null,-0.025365552
same_line_drug_across_dose,null,0.0038988227
same_line_drug_across_dose,null,-0.012700112
same_line_drug_across_dose,null,-0.02693011
same_line_drug_across_dose,null,-0.005418806
same_line_drug_across_dose,null,-0.01768197
same_line_drug_across_dose,null,0.026640171
same_line_drug_across_dose,null,0.016901923
same_line_drug_across_dose,null,0.03474786
same_line_drug_across_dose,null,0.015538027
same_line_drug_across_dose,null,0.019982012
same_line_drug_across_dose,null,-0.034590837
same_line_drug_across_dose,null,-0.012394821
same_line_drug_across_dose,null,-0.019373583
same_line_drug_across_dose,null,0.0069115097
same_line_drug_across_dose,null,-0.0020741618
same_line_drug_across_dose,null,-0.019349476
same_line_drug_across_dose,null,0.021741176
same_line_drug_across_dose,null,-0.034532446
same_line_drug_across_dose,null,-0.029787282
same_line_drug_across_dose,null,-0.013164705
same_line_drug_across_dose,null,-0.02408489
same_line_drug_across_dose,null,-0.017035391
same_line_drug_across_dose,null,-0.003389204
same_line_drug_across_dose,null,0.044945486
same_line_drug_across_dose,null,-0.036049467
same_line_drug_across_dose,null,-0.0049970564
same_line_drug_across_dose,null,0.007596882
same_line_drug_across_dose,null,-0.0029013683
same_line_drug_across_dose,null,0.0028436116
same_line_drug_across_dose,null,0.06876461
same_line_drug_across_dose,null,0.047545966
same_line_drug_across_dose,null,0.020022856
same_line_drug_across_dose,null,0.024831638
same_line_drug_across_dose,null,-0.03074486
same_line_drug_across_dose,null,-0.01207422
same_line_drug_across_dose,null,-0.018390087
same_line_drug_across_dose,null,0.009454382
same_line_drug_across_dose,null,0.005599581
same_line_drug_across_dose,null,-0.016258828
same_line_drug_across_dose,null,0.021609833
same_line_drug_across_dose,null,0.022376454
same_line_drug_across_dose,null,-0.013739684
same_line_drug_across_dose,null,-0.059494052
same_line_drug_across_dose,null,-0.02352367
same_line_drug_across_dose,null,0.050281577
same_line_drug_across_dose,null,-0.016466528
same_line_drug_across_dose,null,0.018810397
same_line_drug_across_dose,null,0.03843854
same_line_drug_across_dose,null,0.03566032
same_line_drug_across_dose,null,-0.011188507
same_line_drug_across_dose,null,-0.0020836848
same_line_drug_across_dose,null,0.02306831
same_line_drug_across_dose,null,0.0029719747
same_line_drug_across_dose,null,0.028341552
same_line_drug_across_dose,null,0.0054336884
same_line_drug_across_dose,null,-0.04069829
same_line_drug_across_dose,null,-0.009152684
same_line_drug_across_dose,null,-0.03918369
same_line_drug_across_dose,null,-0.03291486
same_line_drug_across_dose,null,-0.012365107
same_line_drug_across_dose,null,5.8393704e-05
same_line_drug_across_dose,null,0.019775163
same_line_drug_across_dose,null,-0.05735108
same_line_drug_across_dose,null,-0.0006167715
same_line_drug_across_dose,null,-0.017505324
same_line_drug_across_dose,null,-0.012298241
same_line_drug_across_dose,null,0.009877856
same_line_drug_across_dose,null,0.018608868
same_line_drug_across_dose,null,-0.005649616
same_line_drug_across_dose,null,0.0087296
same_line_drug_across_dose,null,0.070040524
same_line_drug_across_dose,null,-0.004104792
same_line_drug_across_dose,null,0.016148685
same_line_drug_across_dose,null,-0.009000099
same_line_drug_across_dose,null,0.008704656
same_line_drug_across_dose,null,0.010699131
same_line_drug_across_dose,null,0.00953275
same_line_drug_across_dose,null,-0.010555742
same_line_drug_across_dose,null,-0.005563971
same_line_drug_across_dose,null,0.009920342
same_line_drug_across_dose,null,-0.04596783
same_line_drug_across_dose,null,0.023102794
same_line_drug_across_dose,null,0.019575367
same_line_drug_across_dose,null,0.0033008563
same_line_drug_across_dose,null,0.041227948
same_line_drug_across_dose,null,0.015321037
same_line_drug_across_dose,null,-0.017484376
same_line_drug_across_dose,null,-0.043316312
same_line_drug_across_dose,null,-0.004722205
same_line_drug_across_dose,null,0.03995476
same_line_drug_across_dose,null,-0.01585215
same_line_drug_across_dose,null,0.014386823
same_line_drug_across_dose,null,0.04106837
same_line_drug_across_dose,null,0.01182779
same_line_drug_across_dose,null,0.016210767
same_line_drug_across_dose,null,0.0025955096
same_line_drug_across_dose,null,-0.00816622
same_line_drug_across_dose,null,-0.026620602
same_line_drug_across_dose,null,0.0074027777
same_line_drug_across_dose,null,-0.005141235
same_line_drug_across_dose,null,0.003016424
same_line_drug_across_dose,null,0.012843808
same_line_drug_across_dose,null,-0.018663878
same_line_drug_across_dose,null,0.13166155
same_line_drug_across_dose,null,0.0020963056
same_line_drug_across_dose,null,0.029707147
same_line_drug_across_dose,null,0.04654126
same_line_drug_across_dose,null,-0.012380974
same_line_drug_across_dose,null,-0.036263432
same_line_drug_across_dose,null,0.023667524
same_line_drug_across_dose,null,-0.013081497
same_line_drug_across_dose,null,-0.040086586
same_line_drug_across_dose,null,0.007972135
same_line_drug_across_dose,null,-0.01040156
same_line_drug_across_dose,null,-0.03965014
same_line_drug_across_dose,null,0.0028507914
same_line_drug_across_dose,null,-0.027402041
same_line_drug_across_dose,null,-0.012061191
same_line_drug_across_dose,null,0.01891713
same_line_drug_across_dose,null,0.022928277
same_line_drug_across_dose,null,-0.0090443585
same_line_drug_across_dose,null,-0.014362926
same_line_drug_across_dose,null,0.006279379
same_line_drug_across_dose,null,0.02591783
same_line_drug_across_dose,null,-0.014689088
same_line_drug_across_dose,null,-0.012847781
same_line_drug_across_dose,null,-0.0035326402
same_line_drug_across_dose,null,0.029265413
same_line_drug_across_dose,null,-0.022343732
same_line_drug_across_dose,null,0.010225175
same_line_drug_across_dose,null,-0.020792028
same_line_drug_across_dose,null,-0.0016579558
same_line_drug_across_dose,null,0.05571516
same_line_drug_across_dose,null,-0.009279769
same_line_drug_across_dose,null,0.011743558
same_line_drug_across_dose,null,-0.019936725
same_line_drug_across_dose,null,0.01981347
same_line_drug_across_dose,null,0.032770585
same_line_drug_across_dose,null,-0.010897105
same_line_drug_across_dose,null,0.01069271
same_line_drug_across_dose,null,-0.06502182
same_line_drug_across_dose,null,-0.005664442
same_line_drug_across_dose,null,-0.010535971
same_line_drug_across_dose,null,0.0015162606
same_line_drug_across_dose,null,-0.012713903
same_line_drug_across_dose,null,0.00286843
same_line_drug_across_dose,null,-0.012812018
same_line_drug_across_dose,null,0.0038993459
same_line_drug_across_dose,null,0.040524833
same_line_drug_across_dose,null,-0.02973196
same_line_drug_across_dose,null,0.014735394
same_line_drug_across_dose,null,-0.019072622
same_line_drug_across_dose,null,0.057762936
same_line_drug_across_dose,null,-0.17172772
same_line_drug_across_dose,null,0.033753425
same_line_drug_across_dose,null,0.022521567
same_line_drug_across_dose,null,0.01526012
same_line_drug_across_dose,null,0.04069281
same_line_drug_across_dose,null,0.03130226
same_line_drug_across_dose,null,-0.025083084
same_line_drug_across_dose,null,-0.042926893
same_line_drug_across_dose,null,0.0036982095
same_line_drug_across_dose,null,-0.009174246
same_line_drug_across_dose,null,-0.01955066
same_line_drug_across_dose,null,-0.020051843
same_line_drug_across_dose,null,-0.06433182
same_line_drug_across_dose,null,0.056008138
same_line_drug_across_dose,null,0.057550095
same_line_drug_across_dose,null,-0.0030473955
same_line_drug_across_dose,null,-0.17280784
same_line_drug_across_dose,null,-0.026814088
same_line_drug_across_dose,null,-0.021888945
same_line_drug_across_dose,null,0.016630711
same_line_drug_across_dose,null,-0.028546879
same_line_drug_across_dose,null,-0.020247204
same_line_drug_across_dose,null,0.00012958892
same_line_drug_across_dose,null,-0.019907799
same_line_drug_across_dose,null,0.036273528
same_line_drug_across_dose,null,0.00625752
same_line_drug_across_dose,null,-0.020655436
same_line_drug_across_dose,null,-0.025402524
same_line_drug_across_dose,null,-0.011657703
same_line_drug_across_dose,null,0.04145691
same_line_drug_across_dose,null,-0.021797715
same_line_drug_across_dose,null,0.013295116
same_line_drug_across_dose,null,0.047490608
same_line_drug_across_dose,null,0.0008857321
same_line_drug_across_dose,null,-0.019736096
same_line_drug_across_dose,null,-0.036568522
same_line_drug_across_dose,null,-0.071294345
same_line_drug_across_dose,null,0.011907263
same_line_drug_across_dose,null,-0.006830966
same_line_drug_across_dose,null,0.021356273
same_line_drug_across_dose,null,-0.015451273
same_line_drug_across_dose,null,0.0063700434
same_line_drug_across_dose,null,0.0033455289
same_line_drug_across_dose,null,0.013952354
same_line_drug_across_dose,null,-0.016516156
same_line_drug_across_dose,null,-0.018023733
same_line_drug_across_dose,null,-0.020538654
same_line_drug_across_dose,null,-0.023290485
same_line_drug_across_dose,null,0.07383404
same_line_drug_across_dose,null,0.009649559
same_line_drug_across_dose,null,0.02170258
same_line_drug_across_dose,null,-0.008561777
same_line_drug_across_dose,null,-0.028775958
same_line_drug_across_dose,null,-0.036686048
same_line_drug_across_dose,null,0.029338997
same_line_drug_across_dose,null,-0.00050992426
same_line_drug_across_dose,null,-0.036733404
same_line_drug_across_dose,null,0.08240334
same_line_drug_across_dose,null,-0.0117932195
same_line_drug_across_dose,null,0.05321954
same_line_drug_across_dose,null,0.021617316
same_line_drug_across_dose,null,-0.022180295
same_line_drug_across_dose,null,0.012323551
same_line_drug_across_dose,null,0.00745763
same_line_drug_across_dose,null,-0.0046549058
same_line_drug_across_dose,null,-0.009035059
same_line_drug_across_dose,null,0.0103472825
same_line_drug_across_dose,null,-0.01734896
same_line_drug_across_dose,null,-0.0057773665
same_line_drug_across_dose,null,-0.026385572
same_line_drug_across_dose,null,0.018874813
same_line_drug_across_dose,null,-0.0063092574
same_line_drug_across_dose,null,0.018334873
same_line_drug_across_dose,null,-0.0090639535
same_line_drug_across_dose,null,0.017563667
same_line_drug_across_dose,null,0.0022144732
same_line_drug_across_dose,null,-0.0023312087
same_line_drug_across_dose,null,-0.0060287504
same_line_drug_across_dose,null,-0.0069366186
same_line_drug_across_dose,null,0.015797507
same_line_drug_across_dose,null,0.019720599
same_line_drug_across_dose,null,0.0010303635
same_line_drug_across_dose,null,-0.018019361
same_line_drug_across_dose,null,-0.052882906
same_line_drug_across_dose,null,0.03033304
same_line_drug_across_dose,null,0.053747255
same_line_drug_across_dose,null,-0.0025179025
same_line_drug_across_dose,null,0.0013750318
same_line_drug_across_dose,null,0.0025884197
same_line_drug_across_dose,null,-0.04385027
same_line_drug_across_dose,null,-0.017875956
same_line_drug_across_dose,null,0.040663872
same_line_drug_across_dose,null,0.047643058
same_line_drug_across_dose,null,0.0023266806
same_line_drug_across_dose,null,-0.049234785
same_line_drug_across_dose,null,0.030073898
same_line_drug_across_dose,null,0.045557637
same_line_drug_across_dose,null,-0.041923378
same_line_drug_across_dose,null,0.027926065
same_line_drug_across_dose,null,-0.023689901
same_line_drug_across_dose,null,0.04544175
same_line_drug_across_dose,null,0.034451313
same_line_drug_across_dose,null,-0.047190145
same_line_drug_across_dose,null,-0.03315445
same_line_drug_across_dose,null,-0.0024463907
same_line_drug_across_dose,null,0.0065833814
same_line_drug_across_dose,null,0.06682777
same_line_drug_across_dose,null,-0.046222378
same_line_drug_across_dose,null,0.034792837
same_line_drug_across_dose,null,0.013997517
same_line_drug_across_dose,null,-0.023382375
same_line_drug_across_dose,null,0.031330243
same_line_drug_across_dose,null,-0.009549303
same_line_drug_across_dose,null,0.0061287526
same_line_drug_across_dose,null,0.03411042
same_line_drug_across_dose,null,-0.002672006
same_line_drug_across_dose,null,0.011201518
same_line_drug_across_dose,null,0.018814439
same_line_drug_across_dose,null,-0.003561795
same_line_drug_across_dose,null,-0.042494807
same_line_drug_across_dose,null,-0.04192986
same_line_drug_across_dose,null,-0.0018987703
same_line_drug_across_dose,null,-0.061557803
same_line_drug_across_dose,null,0.03207247
same_line_drug_across_dose,null,-0.022717558
same_line_drug_across_dose,null,-0.009246868
same_line_drug_across_dose,null,0.010665081
same_line_drug_across_dose,null,-0.023691276
same_line_drug_across_dose,null,0.030834857
same_line_drug_across_dose,null,-0.03001575
same_line_drug_across_dose,null,0.047101114
same_line_drug_across_dose,null,0.008797367
same_line_drug_across_dose,null,0.06450886
same_line_drug_across_dose,null,-0.0013459872
same_line_drug_across_dose,null,-0.010169154
same_line_drug_across_dose,null,0.0024230594
same_line_drug_across_dose,null,0.07766438
same_line_drug_across_dose,null,-0.022458304
same_line_drug_across_dose,null,0.017144604
same_line_drug_across_dose,null,0.01194562
same_line_drug_across_dose,null,0.060507536
same_line_drug_across_dose,null,0.02159578
same_line_drug_across_dose,null,0.018256126
same_line_drug_across_dose,null,-0.07814422
same_line_drug_across_dose,null,0.008422368
same_line_drug_across_dose,null,-0.018992253
same_line_drug_across_dose,null,-0.018833345
same_line_drug_across_dose,null,-0.029945675
same_line_drug_across_dose,null,0.0205718
same_line_drug_across_dose,null,-0.0021538376
same_line_drug_across_dose,null,0.009809703
same_line_drug_across_dose,null,0.006500155
same_line_drug_across_dose,null,-0.030169627
same_line_drug_across_dose,null,-0.0065315855
same_line_drug_across_dose,null,-0.0012744716
same_line_drug_across_dose,null,-0.035307776
same_line_drug_across_dose,null,0.024337914
same_line_drug_across_dose,null,0.038885143
same_line_drug_across_dose,null,-0.014987502
same_line_drug_across_dose,null,0.014271011
same_line_drug_across_dose,null,-0.01428277
same_line_drug_across_dose,null,-0.024626583
same_line_drug_across_dose,null,0.020002378
same_line_drug_across_dose,null,0.005043894
same_line_drug_across_dose,null,0.03595663
same_line_drug_across_dose,null,0.013538643
same_line_drug_across_dose,null,0.018462915
same_line_drug_across_dose,null,0.012431382
same_line_drug_across_dose,null,-0.010051736
same_line_drug_across_dose,null,-0.014583724
same_line_drug_across_dose,null,-0.046596415
same_line_drug_across_dose,null,-0.022155033
same_line_drug_across_dose,null,-0.040773682
same_line_drug_across_dose,null,0.0025499277
same_line_drug_across_dose,null,0.02032765
same_line_drug_across_dose,null,-0.03969008
same_line_drug_across_dose,null,0.015029244
same_line_drug_across_dose,null,-0.025464348
same_line_drug_across_dose,null,0.004034182
same_line_drug_across_dose,null,-0.03961608
same_line_drug_across_dose,null,0.027091922
same_line_drug_across_dose,null,-0.015686085
same_line_drug_across_dose,null,-0.018322546
same_line_drug_across_dose,null,-0.02469026
same_line_drug_across_dose,null,0.023306837
same_line_drug_across_dose,null,-0.053101826
same_line_drug_across_dose,null,0.015217457
same_line_drug_across_dose,null,-0.012557046
same_line_drug_across_dose,null,-0.042811863
same_line_drug_across_dose,null,-0.04510904
same_line_drug_across_dose,null,-0.011652082
same_line_drug_across_dose,null,-0.0011091977
same_line_drug_across_dose,null,-0.04156005
same_line_drug_across_dose,null,-0.012053019
same_line_drug_across_dose,null,0.013106888
same_line_drug_across_dose,null,-0.008830786
same_line_drug_across_dose,null,0.017019767
same_line_drug_across_dose,null,-0.011957719
same_line_drug_across_dose,null,-0.03129076
same_line_drug_across_dose,null,-0.030910276
same_line_drug_across_dose,null,-0.026227422
same_line_drug_across_dose,null,-0.02951284
same_line_drug_across_dose,null,0.032177135
same_line_drug_across_dose,null,-0.016038053
same_line_drug_across_dose,null,0.021255108
same_line_drug_across_dose,null,-0.0091051515
same_line_drug_across_dose,null,0.002256637
same_line_drug_across_dose,null,0.012916808
same_line_drug_across_dose,null,0.012883912
same_line_drug_across_dose,null,0.0067981095
same_line_drug_across_dose,null,0.019343061
same_line_drug_across_dose,null,-0.024141269
same_line_drug_across_dose,null,-0.004629531
same_line_drug_across_dose,null,0.0035070956
same_line_drug_across_dose,null,0.025341542
same_line_drug_across_dose,null,0.018612416
same_line_drug_across_dose,null,0.014931835
same_line_drug_across_dose,null,-0.0071724225
same_line_drug_across_dose,null,-0.0146122435
same_line_drug_across_dose,null,0.008635632
same_line_drug_across_dose,null,-0.019039402
same_line_drug_across_dose,null,0.0018877792
same_line_drug_across_dose,null,0.044948358
same_line_drug_across_dose,null,-0.025114601
same_line_drug_across_dose,null,-0.05099543
same_line_drug_across_dose,null,-0.004192488
same_line_drug_across_dose,null,-0.017609425
same_line_drug_across_dose,null,0.09522116
same_line_drug_across_dose,null,0.035764463
same_line_drug_across_dose,null,-0.018455567
same_line_drug_across_dose,null,0.021703271
same_line_drug_across_dose,null,-0.013012738
same_line_drug_across_dose,null,-0.0025128368
same_line_drug_across_dose,null,0.056552976
same_line_drug_across_dose,null,-0.0038018036
same_line_drug_across_dose,null,0.011868653
same_line_drug_across_dose,null,-0.04636873
same_line_drug_across_dose,null,-0.000614329
same_line_drug_across_dose,null,0.016301898
same_line_drug_across_dose,null,0.01443991
same_line_drug_across_dose,null,0.025349617
same_line_drug_across_dose,null,-0.029584209
same_line_drug_across_dose,null,-0.0012705807
same_line_drug_across_dose,null,0.018519616
same_line_drug_across_dose,null,-0.0018351467
same_line_drug_across_dose,null,-0.023793595
same_line_drug_across_dose,null,-0.03512627
same_line_drug_across_dose,null,-0.01223079
same_line_drug_across_dose,null,-0.01070775
same_line_drug_across_dose,null,-0.0026809694
same_line_drug_across_dose,null,0.009049817
same_line_drug_across_dose,null,-0.03401308
same_line_drug_across_dose,null,-0.030260751
same_line_drug_across_dose,null,-0.032086197
same_line_drug_across_dose,null,0.022155542
same_line_drug_across_dose,null,-0.030089082
same_line_drug_across_dose,null,-0.018265745
same_line_drug_across_dose,null,0.036097076
same_line_drug_across_dose,null,-0.039504208
same_line_drug_across_dose,null,-0.031849477
same_line_drug_across_dose,null,0.04511285
same_line_drug_across_dose,null,-0.0043798354
same_line_drug_across_dose,null,0.037308063
same_line_drug_across_dose,null,0.009872509
same_line_drug_across_dose,null,0.014986766
same_line_drug_across_dose,null,-0.038972683
same_line_drug_across_dose,null,0.020129755
same_line_drug_across_dose,null,0.0022337656
same_line_drug_across_dose,null,-0.03927704
same_line_drug_across_dose,null,-0.01668674
same_line_drug_across_dose,null,0.008762252
same_line_drug_across_dose,null,-0.03868039
same_line_drug_across_dose,null,-0.035501327
same_line_drug_across_dose,null,-0.08602159
same_line_drug_across_dose,null,0.020847727
same_line_drug_across_dose,null,-0.07860631
same_line_drug_across_dose,null,-0.036617372
same_line_drug_across_dose,null,0.025498318
same_line_drug_across_dose,null,0.10458154
same_line_drug_across_dose,null,0.025421869
same_line_drug_across_dose,null,0.0013091209
same_line_drug_across_dose,null,-0.03435586
same_line_drug_across_dose,null,0.0049928185
same_line_drug_across_dose,null,-0.058420632
same_line_drug_across_dose,null,0.036527347
same_line_drug_across_dose,null,0.0034513848
same_line_drug_across_dose,null,0.009589604
same_line_drug_across_dose,null,0.05162291
same_line_drug_across_dose,null,-0.0044660107
same_line_drug_across_dose,null,0.012389037
same_line_drug_across_dose,null,0.02167229
same_line_drug_across_dose,null,-0.011669596
same_line_drug_across_dose,null,-0.04596854
same_line_drug_across_dose,null,0.02225684
same_line_drug_across_dose,null,0.05460055
same_line_drug_across_dose,null,0.0054866765
same_line_drug_across_dose,null,-0.014388384
same_line_drug_across_dose,null,-0.03125738
same_line_drug_across_dose,null,0.025649313
same_line_drug_across_dose,null,0.02927468
same_line_drug_across_dose,null,-0.01353584
same_line_drug_across_dose,null,-0.0033446925
same_line_drug_across_dose,null,-0.0034624662
same_line_drug_across_dose,null,0.03762501
same_line_drug_across_dose,null,0.036298163
same_line_drug_across_dose,null,-0.012637303
same_line_drug_across_dose,null,-0.006034168
same_line_drug_across_dose,null,0.008400582
same_line_drug_across_dose,null,-0.015083302
same_line_drug_across_dose,null,-0.009389346
same_line_drug_across_dose,null,0.04176625
same_line_drug_across_dose,null,-0.025715154
same_line_drug_across_dose,null,0.004301349
same_line_drug_across_dose,null,-0.021992788
same_line_drug_across_dose,null,0.03037213
same_line_drug_across_dose,null,-0.008694768
same_line_drug_across_dose,null,0.034493346
same_line_drug_across_dose,null,-0.010203175
same_line_drug_across_dose,null,-0.04281339
same_line_drug_across_dose,null,0.01507729
same_line_drug_across_dose,null,-0.01592052
same_line_drug_across_dose,null,-0.037747268
same_line_drug_across_dose,null,-0.02061355
same_line_drug_across_dose,null,0.00023955035
same_line_drug_across_dose,null,-0.01328041
same_line_drug_across_dose,null,0.035725653
same_line_drug_across_dose,null,-0.0018717387
same_line_drug_across_dose,null,0.0138509795
same_line_drug_across_dose,null,-0.023274707
same_line_drug_across_dose,null,0.012916353
same_line_drug_across_dose,null,0.0044445563
same_line_drug_across_dose,null,0.011240166
same_line_drug_across_dose,null,0.0038901297
same_line_drug_across_dose,null,-0.01185938
same_line_drug_across_dose,null,-0.001598554
same_line_drug_across_dose,null,-0.0585849
same_line_drug_across_dose,null,-0.0046730284
same_line_drug_across_dose,null,0.030809866
same_line_drug_across_dose,null,-0.007578116
same_line_drug_across_dose,null,-0.02844087
same_line_drug_across_dose,null,-0.018362237
same_line_drug_across_dose,null,-0.017122662
same_line_drug_across_dose,null,-0.015054225
same_line_drug_across_dose,null,0.00090677786
same_line_drug_across_dose,null,0.035501495
same_line_drug_across_dose,null,0.001583468
same_line_drug_across_dose,null,-0.013997949
same_line_drug_across_dose,null,0.027631802
same_line_drug_across_dose,null,-0.06968365
same_line_drug_across_dose,null,-0.00043386722
same_line_drug_across_dose,null,0.0076611964
same_line_drug_across_dose,null,-0.053610865
same_line_drug_across_dose,null,-0.03284601
same_line_drug_across_dose,null,-0.021638341
same_line_drug_across_dose,null,0.0031921577
same_line_drug_across_dose,null,0.0019111978
same_line_drug_across_dose,null,-0.01827184
same_line_drug_across_dose,null,0.032337707
same_line_drug_across_dose,null,0.015403891
same_line_drug_across_dose,null,-0.010892319
same_line_drug_across_dose,null,0.031603035
same_line_drug_across_dose,null,-0.007171321
same_line_drug_across_dose,null,-0.030779129
same_line_drug_across_dose,null,-0.02800375
same_line_drug_across_dose,null,-0.00034087797
same_line_drug_across_dose,null,0.03950981
same_line_drug_across_dose,null,-0.012364897
same_line_drug_across_dose,null,-0.003359036
same_line_drug_across_dose,null,-0.0147284465
same_line_drug_across_dose,null,0.0018850656
same_line_drug_across_dose,null,-0.018637551
same_line_drug_across_dose,null,0.037727315
same_line_drug_across_dose,null,0.048902635
same_line_drug_across_dose,null,-0.011793251
same_line_drug_across_dose,null,0.02320829
same_line_drug_across_dose,null,-0.0036155595
same_line_drug_across_dose,null,0.019279122
same_line_drug_across_dose,null,0.02272279
same_line_drug_across_dose,null,-0.00045310985
same_line_drug_across_dose,null,-0.0029875112
same_line_drug_across_dose,null,-0.004940208
same_line_drug_across_dose,null,-0.06187724
same_line_drug_across_dose,null,-0.012355512
same_line_drug_across_dose,null,0.011393104
same_line_drug_across_dose,null,0.013684032
same_line_drug_across_dose,null,-0.050155018
same_line_drug_across_dose,null,-0.0044233873
same_line_drug_across_dose,null,0.008102631
same_line_drug_across_dose,null,0.014229765
same_line_drug_across_dose,null,-0.010367871
same_line_drug_across_dose,null,-0.0025007317
same_line_drug_across_dose,null,-0.02258302
same_line_drug_across_dose,null,0.0121413395
same_line_drug_across_dose,null,0.012094178
same_line_drug_across_dose,null,-0.020343171
same_line_drug_across_dose,null,-0.05017154
same_line_drug_across_dose,null,0.005080136
same_line_drug_across_dose,null,0.00388104
same_line_drug_across_dose,null,-0.010629399
same_line_drug_across_dose,null,-0.026063412
same_line_drug_across_dose,null,0.013933884
same_line_drug_across_dose,null,0.050800025
same_line_drug_across_dose,null,0.020649366
same_line_drug_across_dose,null,-0.037096456
same_line_drug_across_dose,null,-0.0017565455
same_line_drug_across_dose,null,0.04049842
same_line_drug_across_dose,null,0.010693617
same_line_drug_across_dose,null,0.053882033
same_line_drug_across_dose,null,0.020578634
same_line_drug_across_dose,null,0.007999384
same_line_drug_across_dose,null,0.012343694
same_line_drug_across_dose,null,-0.025238963
same_line_drug_across_dose,null,-0.01958157
same_line_drug_across_dose,null,0.019426303
same_line_drug_across_dose,null,0.0311019
same_line_drug_across_dose,null,-0.0013541286
same_line_drug_across_dose,null,0.020722413
same_line_drug_across_dose,null,0.032969445
same_line_drug_across_dose,null,-0.010237181
same_line_drug_across_dose,null,0.0022301152
same_line_drug_across_dose,null,0.005124221
same_line_drug_across_dose,null,0.031199045
same_line_drug_across_dose,null,-0.044383336
same_line_drug_across_dose,null,-9.2255505e-05
same_line_drug_across_dose,null,-0.048571754
same_line_drug_across_dose,null,0.027970495
same_line_drug_across_dose,null,-0.058528647
same_line_drug_across_dose,null,-0.012758905
same_line_drug_across_dose,null,0.008429547
same_line_drug_across_dose,null,-0.011064831
same_line_drug_across_dose,null,0.0042783064
same_line_drug_across_dose,null,-0.0056839115
same_line_drug_across_dose,null,0.021691099
same_line_drug_across_dose,null,-0.032813177
same_line_drug_across_dose,null,-0.020499717
same_line_drug_across_dose,null,-0.035583925
same_line_drug_across_dose,null,0.0047885836
same_line_drug_across_dose,null,-0.015408016
same_line_drug_across_dose,null,0.07816652
same_line_drug_across_dose,null,-0.02894883
same_line_drug_across_dose,null,-0.0054115956
same_line_drug_across_dose,null,-0.05497098
same_line_drug_across_dose,null,0.018652001
same_line_drug_across_dose,null,0.036073737
same_line_drug_across_dose,null,-0.0411199
same_line_drug_across_dose,null,0.027896406
same_line_drug_across_dose,null,0.16695915
same_line_drug_across_dose,null,-0.027805626
same_line_drug_across_dose,null,0.031355206
same_line_drug_across_dose,null,-0.009570063
same_line_drug_across_dose,null,-0.0063204016
same_line_drug_across_dose,null,0.03024916
same_line_drug_across_dose,null,-0.0013665077
same_line_drug_across_dose,null,0.04269321
same_line_drug_across_dose,null,-0.025672155
same_line_drug_across_dose,null,0.06019522
same_line_drug_across_dose,null,0.014398995
same_line_drug_across_dose,null,0.035811655
same_line_drug_across_dose,null,-0.030220319
same_line_drug_across_dose,null,-0.010613519
same_line_drug_across_dose,null,-0.00018611812
same_line_drug_across_dose,null,-0.0039569032
same_line_drug_across_dose,null,0.0063519543
same_line_drug_across_dose,null,-0.05971532
same_line_drug_across_dose,null,0.053261604
same_line_drug_across_dose,null,0.0029728373
same_line_drug_across_dose,null,0.032691527
same_line_drug_across_dose,null,-0.0071756835
same_line_drug_across_dose,null,0.026299316
same_line_drug_across_dose,null,0.017928967
same_line_drug_across_dose,null,-0.028697763
same_line_drug_across_dose,null,0.00030318863
same_line_drug_across_dose,null,-0.0010138913
same_line_drug_across_dose,null,0.026077023
same_line_drug_across_dose,null,0.35455078
same_line_drug_across_dose,null,-0.035437163
same_line_drug_across_dose,null,0.009541093
same_line_drug_across_dose,null,0.0041968147
same_line_drug_across_dose,null,0.012191389
same_line_drug_across_dose,null,0.004867685
same_line_drug_across_dose,null,-0.0015461636
same_line_drug_across_dose,null,-0.015043182
same_line_drug_across_dose,null,-0.040999312
same_line_drug_across_dose,null,0.025461022
same_line_drug_across_dose,null,-0.0050282595
same_line_drug_across_dose,null,-0.00065922935
same_line_drug_across_dose,null,0.038621698
same_line_drug_across_dose,null,0.030277539
same_line_drug_across_dose,null,-0.0047296523
same_line_drug_across_dose,null,-0.060251404
same_line_drug_across_dose,null,-0.033921976
same_line_drug_across_dose,null,-0.047823627
same_line_drug_across_dose,null,0.061649967
same_line_drug_across_dose,null,-0.033492014
same_line_drug_across_dose,null,0.018799083
same_line_drug_across_dose,null,0.020791445
same_line_drug_across_dose,null,-0.024510423
same_line_drug_across_dose,null,-0.03208664
same_line_drug_across_dose,null,0.024534842
same_line_drug_across_dose,null,-0.03358878
same_line_drug_across_dose,null,-0.01165056
same_line_drug_across_dose,null,0.014191177
same_line_drug_across_dose,null,-0.032427553
same_line_drug_across_dose,null,-0.033562638
same_line_drug_across_dose,null,0.0036456843
same_line_drug_across_dose,null,0.0392511
same_line_drug_across_dose,null,0.024038043
same_line_drug_across_dose,null,0.033692475
same_line_drug_across_dose,null,0.039597895
same_line_drug_across_dose,null,0.031175787
same_line_drug_across_dose,null,-0.039316583
same_line_drug_across_dose,null,0.037418563
same_line_drug_across_dose,null,-0.0008371861
same_line_drug_across_dose,null,-0.0097883055
same_line_drug_across_dose,null,0.024727274
same_line_drug_across_dose,null,0.021065876
same_line_drug_across_dose,null,-0.016154697
same_line_drug_across_dose,null,0.005318917
same_line_drug_across_dose,null,-0.02512316
same_line_drug_across_dose,null,0.008964946
same_line_drug_across_dose,null,0.0004120568
same_line_drug_across_dose,null,-0.020633884
same_line_drug_across_dose,null,0.010666816
same_line_drug_across_dose,null,-0.014057597
same_line_drug_across_dose,null,0.005844277
same_line_drug_across_dose,null,-0.019104505
same_line_drug_across_dose,null,0.003847668
same_line_drug_across_dose,null,-0.026478058
same_line_drug_across_dose,null,0.027449872
same_line_drug_across_dose,null,-0.040681813
same_line_drug_across_dose,null,0.01239348
same_line_drug_across_dose,null,0.056061562
same_line_drug_across_dose,null,-0.063991696
same_line_drug_across_dose,null,-0.031163175
same_line_drug_across_dose,null,-0.024930323
same_line_drug_across_dose,null,0.011440784
same_line_drug_across_dose,null,-0.0033961225
same_line_drug_across_dose,null,-0.029080743
same_line_drug_across_dose,null,-0.018748187
same_line_drug_across_dose,null,0.011927707
same_line_drug_across_dose,null,-0.029221095
same_line_drug_across_dose,null,-0.032264043
same_line_drug_across_dose,null,-0.019394478
same_line_drug_across_dose,null,-0.02113329
same_line_drug_across_dose,null,-0.013320651
same_line_drug_across_dose,null,-0.021323556
same_line_drug_across_dose,null,-0.039112836
same_line_drug_across_dose,null,0.022038613
same_line_drug_across_dose,null,0.06537045
same_line_drug_across_dose,null,0.01706947
same_line_drug_across_dose,null,-0.02349166
same_line_drug_across_dose,null,0.045837887
same_line_drug_across_dose,null,-0.043416146
same_line_drug_across_dose,null,0.009254853
same_line_drug_across_dose,null,0.031016767
same_line_drug_across_dose,null,-0.011978314
same_line_drug_across_dose,null,0.013992826
same_line_drug_across_dose,null,0.007243856
same_line_drug_across_dose,null,0.009077576
same_line_drug_across_dose,null,-0.03934791
same_line_drug_across_dose,null,-0.010024336
same_line_drug_across_dose,null,0.027983073
same_line_drug_across_dose,null,-0.034219857
same_line_drug_across_dose,null,0.008540046
same_line_drug_across_dose,null,-0.019903107
same_line_drug_across_dose,null,0.00430964
same_line_drug_across_dose,null,-0.030083071
same_line_drug_across_dose,null,0.03084491
same_line_drug_across_dose,null,0.036950476
same_line_drug_across_dose,null,0.005828917
same_line_drug_across_dose,null,-0.015466095
same_line_drug_across_dose,null,0.008996541
same_line_drug_across_dose,null,0.0016574312
same_line_drug_across_dose,null,0.009672429
same_line_drug_across_dose,null,-0.012936167
same_line_drug_across_dose,null,0.041844096
same_line_drug_across_dose,null,0.039135545
same_line_drug_across_dose,null,-0.017083699
same_line_drug_across_dose,null,0.016533956
same_line_drug_across_dose,null,-0.027229805
same_line_drug_across_dose,null,-0.032391284
same_line_drug_across_dose,null,0.010065173
same_line_drug_across_dose,null,0.03136397
same_line_drug_across_dose,null,0.039009977
same_line_drug_across_dose,null,0.010649363
same_line_drug_across_dose,null,0.001670737
same_line_drug_across_dose,null,0.0175908
same_line_drug_across_dose,null,-0.03854844
same_line_drug_across_dose,null,-0.025384616
same_line_drug_across_dose,null,-0.019756831
same_line_drug_across_dose,null,-0.015837811
same_line_drug_across_dose,null,0.00374853
same_line_drug_across_dose,null,0.016538229
same_line_drug_across_dose,null,0.031095367
same_line_drug_across_dose,null,0.022897696
same_line_drug_across_dose,null,0.014937431
same_line_drug_across_dose,null,-0.013002476
same_line_drug_across_dose,null,-0.018613445
same_line_drug_across_dose,null,-0.068211034
same_line_drug_across_dose,null,0.022854058
same_line_drug_across_dose,null,0.021426406
same_line_drug_across_dose,null,-0.005261042
same_line_drug_across_dose,null,-0.019168202
same_line_drug_across_dose,null,0.025028594
same_line_drug_across_dose,null,0.01680694
same_line_drug_across_dose,null,-0.016580958
same_line_drug_across_dose,null,0.030215768
same_line_drug_across_dose,null,0.0067483564
same_line_drug_across_dose,null,-0.018029924
same_line_drug_across_dose,null,-0.022734387
same_line_drug_across_dose,null,-0.014892218
same_line_drug_across_dose,null,-0.005419145
same_line_drug_across_dose,null,-0.0962852
same_line_drug_across_dose,null,-0.021742975
same_line_drug_across_dose,null,0.015239748
same_line_drug_across_dose,null,-0.06613474
same_line_drug_across_dose,null,-0.006147878
same_line_drug_across_dose,null,0.00522726
same_line_drug_across_dose,null,0.066369325
same_line_drug_across_dose,null,0.020467628
same_line_drug_across_dose,null,0.008116493
same_line_drug_across_dose,null,-0.051569153
same_line_drug_across_dose,null,0.0076222103
same_line_drug_across_dose,null,-0.07880838
same_line_drug_across_dose,null,0.012617682
same_line_drug_across_dose,null,0.014935679
same_line_drug_across_dose,null,0.029865399
same_line_drug_across_dose,null,0.06204207
same_line_drug_across_dose,null,0.01182407
same_line_drug_across_dose,null,-0.027096162
same_line_drug_across_dose,null,0.019352736
same_line_drug_across_dose,null,-0.017075744
same_line_drug_across_dose,null,0.03502229
same_line_drug_across_dose,null,-0.076480016
same_line_drug_across_dose,null,0.09542029
same_line_drug_across_dose,null,-0.01816825
same_line_drug_across_dose,null,0.08475141
same_line_drug_across_dose,null,0.00572872
same_line_drug_across_dose,null,-0.015766514
same_line_drug_across_dose,null,0.008900003
same_line_drug_across_dose,null,0.015091273
same_line_drug_across_dose,null,-0.006490156
same_line_drug_across_dose,null,0.02066927
same_line_drug_across_dose,null,-0.0224309
same_line_drug_across_dose,null,0.018059876
same_line_drug_across_dose,null,0.044732947
same_line_drug_across_dose,null,-0.020566596
same_line_drug_across_dose,null,0.0036814697
same_line_drug_across_dose,null,-0.0133141475
same_line_drug_across_dose,null,-0.0072931363
same_line_drug_across_dose,null,0.018002832
same_line_drug_across_dose,null,0.04208744
same_line_drug_across_dose,null,0.007230905
same_line_drug_across_dose,null,0.017944494
same_line_drug_across_dose,null,0.013791981
same_line_drug_across_dose,null,-0.029921591
same_line_drug_across_dose,null,-0.06554831
same_line_drug_across_dose,null,-0.013166068
same_line_drug_across_dose,null,0.011471115
same_line_drug_across_dose,null,-0.015255042
same_line_drug_across_dose,null,-0.032840513
same_line_drug_across_dose,null,0.03705904
same_line_drug_across_dose,null,-0.035690423
same_line_drug_across_dose,null,-0.029654821
same_line_drug_across_dose,null,-0.01594992
same_line_drug_across_dose,null,-0.0019546798
same_line_drug_across_dose,null,-0.04815347
same_line_drug_across_dose,null,-0.034867123
same_line_drug_across_dose,null,-0.0017025318
same_line_drug_across_dose,null,-0.0015138986
same_line_drug_across_dose,null,0.0012404653
same_line_drug_across_dose,null,-0.029149929
same_line_drug_across_dose,null,0.017526329
same_line_drug_across_dose,null,0.25791016
same_line_drug_across_dose,null,0.041456345
same_line_drug_across_dose,null,-0.016798316
same_line_drug_across_dose,null,0.0055417395
same_line_drug_across_dose,null,-0.012118329
same_line_drug_across_dose,null,-0.022887476
same_line_drug_across_dose,null,0.0038508156
same_line_drug_across_dose,null,-0.028603839
same_line_drug_across_dose,null,0.0071350266
same_line_drug_across_dose,null,0.022748316
same_line_drug_across_dose,null,0.023747558
same_line_drug_across_dose,null,-0.045333445
same_line_drug_across_dose,null,0.020535285
same_line_drug_across_dose,null,-0.021943659
same_line_drug_across_dose,null,0.005140862
same_line_drug_across_dose,null,0.007185774
same_line_drug_across_dose,null,-0.015333395
same_line_drug_across_dose,null,-0.045508392
same_line_drug_across_dose,null,-0.012642641
same_line_drug_across_dose,null,-0.016438885
same_line_drug_across_dose,null,-0.012344937
same_line_drug_across_dose,null,-0.043306567
same_line_drug_across_dose,null,0.00064452365
same_line_drug_across_dose,null,-0.014770437
same_line_drug_across_dose,null,0.00036507595
same_line_drug_across_dose,null,-0.024108736
same_line_drug_across_dose,null,0.022016937
same_line_drug_across_dose,null,0.019475777
same_line_drug_across_dose,null,0.029197397
same_line_drug_across_dose,null,0.033542093
same_line_drug_across_dose,null,0.010481517
same_line_drug_across_dose,null,-0.018534208
same_line_drug_across_dose,null,0.050648853
same_line_drug_across_dose,null,0.01844869
same_line_drug_across_dose,null,-0.021851348
same_line_drug_across_dose,null,-0.040223807
same_line_drug_across_dose,null,-0.004288556
same_line_drug_across_dose,null,-0.014966417
same_line_drug_across_dose,null,0.0063560507
same_line_drug_across_dose,null,0.009074486
same_line_drug_across_dose,null,-0.005829687
same_line_drug_across_dose,null,0.021038186
same_line_drug_across_dose,null,0.014238429
same_line_drug_across_dose,null,0.00064143375
same_line_drug_across_dose,null,0.01987263
same_line_drug_across_dose,null,-0.003430696
same_line_drug_across_dose,null,-0.005178269
same_line_drug_across_dose,null,-0.014237913
same_line_drug_across_dose,null,-0.041298196
same_line_drug_across_dose,null,-0.029541418
same_line_drug_across_dose,null,-0.027631644
same_line_drug_across_dose,null,0.030284831
same_line_drug_across_dose,null,-0.001916639
same_line_drug_across_dose,null,0.022495862
same_line_drug_across_dose,null,-0.0071600163
same_line_drug_across_dose,null,-0.06553409
same_line_drug_across_dose,null,0.018072452
same_line_drug_across_dose,null,0.036150027
same_line_drug_across_dose,null,-0.05269431
same_line_drug_across_dose,null,-0.017779484
same_line_drug_across_dose,null,0.062129505
same_line_drug_across_dose,null,0.009782706
same_line_drug_across_dose,null,0.04907376
same_line_drug_across_dose,null,-0.02566273
same_line_drug_across_dose,null,-0.09239844
same_line_drug_across_dose,null,-0.031190265
same_line_drug_across_dose,null,-0.022143126
same_line_drug_across_dose,null,-0.03198659
same_line_drug_across_dose,null,0.016330555
same_line_drug_across_dose,null,-0.041971304
same_line_drug_across_dose,null,-0.0014137882
same_line_drug_across_dose,null,0.0061424603
same_line_drug_across_dose,null,0.04020179
same_line_drug_across_dose,null,0.019057116
same_line_drug_across_dose,null,-0.055018496
same_line_drug_across_dose,null,-0.021246163
same_line_drug_across_dose,null,0.01672054
same_line_drug_across_dose,null,0.03353047
same_line_drug_across_dose,null,0.034116577
same_line_drug_across_dose,null,-0.05107636
same_line_drug_across_dose,null,0.04297127
same_line_drug_across_dose,null,0.011684303
same_line_drug_across_dose,null,-0.002284198
same_line_drug_across_dose,null,-0.026988797
same_line_drug_across_dose,null,0.02102722
same_line_drug_across_dose,null,0.0050634835
same_line_drug_across_dose,null,0.0013952394
same_line_drug_across_dose,null,0.0783878
same_line_drug_across_dose,null,0.007922812
same_line_drug_across_dose,null,-0.017053815
same_line_drug_across_dose,null,0.026815299
same_line_drug_across_dose,null,-0.02876018
same_line_drug_across_dose,null,-0.010443234
same_line_drug_across_dose,null,0.01459874
same_line_drug_across_dose,null,0.018495379
same_line_drug_across_dose,null,0.037162066
same_line_drug_across_dose,null,-0.024539456
same_line_drug_across_dose,null,-0.0176633
same_line_drug_across_dose,null,-0.006485796
same_line_drug_across_dose,null,-0.0302132
same_line_drug_across_dose,null,0.03394751
same_line_drug_across_dose,null,-0.01487095
same_line_drug_across_dose,null,-0.006927383
same_line_drug_across_dose,null,0.010572983
same_line_drug_across_dose,null,-0.011358601
same_line_drug_across_dose,null,0.04156347
same_line_drug_across_dose,null,0.0155601455
same_line_drug_across_dose,null,-0.027489558
same_line_drug_across_dose,null,0.0017726835
same_line_drug_across_dose,null,0.048256233
same_line_drug_across_dose,null,0.041750204
same_line_drug_across_dose,null,0.047236178
same_line_drug_across_dose,null,0.015143632
same_line_drug_across_dose,null,-0.03220165
same_line_drug_across_dose,null,-0.009264109
same_line_drug_across_dose,null,-0.030102173
same_line_drug_across_dose,null,0.03563717
same_line_drug_across_dose,null,-0.018496804
same_line_drug_across_dose,null,-0.019954573
same_line_drug_across_dose,null,0.023382591
same_line_drug_across_dose,null,0.019328171
same_line_drug_across_dose,null,0.034385625
same_line_drug_across_dose,null,0.0025879191
same_line_drug_across_dose,null,0.0044496157
same_line_drug_across_dose,null,0.020214673
same_line_drug_across_dose,null,-0.009409456
same_line_drug_across_dose,null,-0.05446458
same_line_drug_across_dose,null,-0.02353791
same_line_drug_across_dose,null,0.03236377
same_line_drug_across_dose,null,-0.031339534
same_line_drug_across_dose,null,-0.01359025
same_line_drug_across_dose,null,0.0070142024
same_line_drug_across_dose,null,0.054839883
same_line_drug_across_dose,null,-0.030298902
same_line_drug_across_dose,null,-0.0059743416
same_line_drug_across_dose,null,-0.013048255
same_line_drug_across_dose,null,0.010793247
same_line_drug_across_dose,null,0.0049384586
same_line_drug_across_dose,null,-0.028650066
same_line_drug_across_dose,null,-0.028539725
same_line_drug_across_dose,null,0.051661097
same_line_drug_across_dose,null,-0.011636413
same_line_drug_across_dose,null,0.008233066
same_line_drug_across_dose,null,-0.0006706604
same_line_drug_across_dose,null,-0.0006845207
same_line_drug_across_dose,null,-0.014616319
same_line_drug_across_dose,null,-0.014937257
same_line_drug_across_dose,null,-0.013351185
same_line_drug_across_dose,null,-0.013929863
same_line_drug_across_dose,null,-0.031818204
same_line_drug_across_dose,null,0.004437248
same_line_drug_across_dose,null,-0.02182275
same_line_drug_across_dose,null,0.028385863
same_line_drug_across_dose,null,-0.010869232
same_line_drug_across_dose,null,-0.10190348
same_line_drug_across_dose,null,-0.018153148
same_line_drug_across_dose,null,-0.033220463
same_line_drug_across_dose,null,-0.007848016
same_line_drug_across_dose,null,0.0426373
same_line_drug_across_dose,null,0.047376312
same_line_drug_across_dose,null,0.004427019
same_line_drug_across_dose,null,-0.07619192
same_line_drug_across_dose,null,-0.017686019
same_line_drug_across_dose,null,0.039797727
same_line_drug_across_dose,null,0.03335565
same_line_drug_across_dose,null,-0.037282072
same_line_drug_across_dose,null,0.026703155
same_line_drug_across_dose,null,0.20635448
same_line_drug_across_dose,null,0.030880202
same_line_drug_across_dose,null,-0.02357298
same_line_drug_across_dose,null,0.02744521
same_line_drug_across_dose,null,-0.03968668
same_line_drug_across_dose,null,-0.019655798
same_line_drug_across_dose,null,0.010197708
same_line_drug_across_dose,null,-0.019691477
same_line_drug_across_dose,null,-0.05507356
same_line_drug_across_dose,null,0.017160736
same_line_drug_across_dose,null,0.011344459
same_line_drug_across_dose,null,-0.036476575
same_line_drug_across_dose,null,-0.008234096
same_line_drug_across_dose,null,-0.004526131
same_line_drug_across_dose,null,0.008398033
same_line_drug_across_dose,null,-0.006168845
same_line_drug_across_dose,null,0.0038336704
same_line_drug_across_dose,null,-0.008397845
same_line_drug_across_dose,null,-0.010897175
same_line_drug_across_dose,null,0.02817276
same_line_drug_across_dose,null,-0.027502049
same_line_drug_across_dose,null,0.07264944
same_line_drug_across_dose,null,-0.0071607474
same_line_drug_across_dose,null,0.016486943
same_line_drug_across_dose,null,0.024996372
same_line_drug_across_dose,null,0.04070737
same_line_drug_across_dose,null,-0.01494639
same_line_drug_across_dose,null,0.016615948
same_line_drug_across_dose,null,0.037683774
same_line_drug_across_dose,null,-0.018987877
same_line_drug_across_dose,null,-0.027426435
same_line_drug_across_dose,null,0.0011261252
same_line_drug_across_dose,null,0.009178513
same_line_drug_across_dose,null,-0.016903963
same_line_drug_across_dose,null,0.04052367
same_line_drug_across_dose,null,-0.018115884
same_line_drug_across_dose,null,-0.017349757
same_line_drug_across_dose,null,-0.0066069993
same_line_drug_across_dose,null,-0.013846555
same_line_drug_across_dose,null,-0.035549257
same_line_drug_across_dose,null,0.023600364
same_line_drug_across_dose,null,-3.9731156e-05
same_line_drug_across_dose,null,-0.0031643976
same_line_drug_across_dose,null,0.00031673966
same_line_drug_across_dose,null,0.011901312
same_line_drug_across_dose,null,-0.10238524
same_line_drug_across_dose,null,0.01063889
same_line_drug_across_dose,null,-0.014076986
same_line_drug_across_dose,null,0.0013358901
same_line_drug_across_dose,null,-0.01359878
same_line_drug_across_dose,null,-0.032859728
same_line_drug_across_dose,null,-0.02577507
same_line_drug_across_dose,null,-0.03987515
same_line_drug_across_dose,null,0.009839792
same_line_drug_across_dose,null,-0.022872714
same_line_drug_across_dose,null,0.009985308
same_line_drug_across_dose,null,-0.023222502
same_line_drug_across_dose,null,-0.08733327
same_line_drug_across_dose,null,0.0039095078
same_line_drug_across_dose,null,0.022051575
same_line_drug_across_dose,null,-0.0005261165
same_line_drug_across_dose,null,0.0336813
same_line_drug_across_dose,null,0.024020685
same_line_drug_across_dose,null,0.029641677
same_line_drug_across_dose,null,0.00067799765
same_line_drug_across_dose,null,0.0061375266
same_line_drug_across_dose,null,0.016879277
same_line_drug_across_dose,null,-0.0061650495
same_line_drug_across_dose,null,0.00011931287
same_line_drug_across_dose,null,-0.023824612
same_line_drug_across_dose,null,-0.0281731
same_line_drug_across_dose,null,0.011500609
same_line_drug_across_dose,null,-0.016108163
same_line_drug_across_dose,null,-0.022865677
same_line_drug_across_dose,null,0.014966013
same_line_drug_across_dose,null,-0.030738201
same_line_drug_across_dose,null,0.0068571107
same_line_drug_across_dose,null,-0.013846684
same_line_drug_across_dose,null,-0.024689168
same_line_drug_across_dose,null,0.015140183
same_line_drug_across_dose,null,-0.017166303
same_line_drug_across_dose,null,-0.06645046
same_line_drug_across_dose,null,0.061032597
same_line_drug_across_dose,null,-0.014877582
same_line_drug_across_dose,null,0.0022347374
same_line_drug_across_dose,null,0.035169348
same_line_drug_across_dose,null,0.028326875
same_line_drug_across_dose,null,0.008048728
same_line_drug_across_dose,null,0.021518657
same_line_drug_across_dose,null,-0.10382504
same_line_drug_across_dose,null,-0.06421933
same_line_drug_across_dose,null,0.014952123
same_line_drug_across_dose,null,-0.015850622
same_line_drug_across_dose,null,0.028190063
same_line_drug_across_dose,null,-0.007795829
same_line_drug_across_dose,null,-0.0056453743
same_line_drug_across_dose,null,0.0021212995
same_line_drug_across_dose,null,-0.016507544
same_line_drug_across_dose,null,0.019396603
same_line_drug_across_dose,null,0.0105136875
same_line_drug_across_dose,null,0.027756635
same_line_drug_across_dose,null,0.021912629
same_line_drug_across_dose,null,0.0055095386
same_line_drug_across_dose,null,-0.05041916
same_line_drug_across_dose,null,-0.0122572165
same_line_drug_across_dose,null,-0.017176136
same_line_drug_across_dose,null,-0.029792078
same_line_drug_across_dose,null,0.023482999
same_line_drug_across_dose,null,0.015875919
same_line_drug_across_dose,null,0.008651106
same_line_drug_across_dose,null,0.012817423
same_line_drug_across_dose,null,0.0123722805
same_line_drug_across_dose,null,0.009780041
same_line_drug_across_dose,null,0.014230133
same_line_drug_across_dose,null,-0.029167462
same_line_drug_across_dose,null,-0.0027599873
same_line_drug_across_dose,null,0.013255119
same_line_drug_across_dose,null,0.007223353
same_line_drug_across_dose,null,-0.044891924
same_line_drug_across_dose,null,0.06533152
same_line_drug_across_dose,null,-0.038501292
same_line_drug_across_dose,null,-0.08767994
same_line_drug_across_dose,null,-0.0007261628
same_line_drug_across_dose,null,-0.008424905
same_line_drug_across_dose,null,-0.042064123
same_line_drug_across_dose,null,-0.028050197
same_line_drug_across_dose,null,-0.025713107
same_line_drug_across_dose,null,-0.02883514
same_line_drug_across_dose,null,0.007820311
same_line_drug_across_dose,null,-0.047128204
same_line_drug_across_dose,null,-0.009329591
same_line_drug_across_dose,null,-0.025606008
same_line_drug_across_dose,null,0.007767992
same_line_drug_across_dose,null,0.050063908
same_line_drug_across_dose,null,-0.01868398
same_line_drug_across_dose,null,-0.0018740705
same_line_drug_across_dose,null,0.0068342276
same_line_drug_across_dose,null,0.038507715
same_line_drug_across_dose,null,0.0021117127
same_line_drug_across_dose,null,0.045604248
same_line_drug_across_dose,null,-0.035166323
same_line_drug_across_dose,null,-0.03312338
same_line_drug_across_dose,null,-0.03183582
same_line_drug_across_dose,null,0.036869094
same_line_drug_across_dose,null,0.005345891
same_line_drug_across_dose,null,0.010240894
same_line_drug_across_dose,null,-0.069914535
same_line_drug_across_dose,null,-0.03245036
same_line_drug_across_dose,null,0.01749161
same_line_drug_across_dose,null,-0.018044097
same_line_drug_across_dose,null,0.0049550976
same_line_drug_across_dose,null,-0.048805762
same_line_drug_across_dose,null,-0.027731473
same_line_drug_across_dose,null,-0.029057998
same_line_drug_across_dose,null,-0.02680811
same_line_drug_across_dose,null,0.014543572
same_line_drug_across_dose,null,-0.020324044
same_line_drug_across_dose,null,-0.016950848
same_line_drug_across_dose,null,-0.047839373
same_line_drug_across_dose,null,0.038156744
same_line_drug_across_dose,null,-0.019248698
same_line_drug_across_dose,null,0.0028450112
same_line_drug_across_dose,null,-0.0233625
same_line_drug_across_dose,null,0.034789987
same_line_drug_across_dose,null,-0.0027354795
same_line_drug_across_dose,null,0.021865483
same_line_drug_across_dose,null,0.0169666
same_line_drug_across_dose,null,0.04401652
same_line_drug_across_dose,null,-0.017153913
same_line_drug_across_dose,null,0.007842882
same_line_drug_across_dose,null,-0.04695086
same_line_drug_across_dose,null,-0.0020096325
same_line_drug_across_dose,null,0.027522495
same_line_drug_across_dose,null,-0.01953524
same_line_drug_across_dose,null,-0.052088432
same_line_drug_across_dose,null,0.004785212
same_line_drug_across_dose,null,-0.0050370093
same_line_drug_across_dose,null,-0.035341192
same_line_drug_across_dose,null,-0.015470277
same_line_drug_across_dose,null,0.026689846
same_line_drug_across_dose,null,0.004769951
same_line_drug_across_dose,null,0.02384903
same_line_drug_across_dose,null,-0.053398095
same_line_drug_across_dose,null,0.028781042
same_line_drug_across_dose,null,0.018856253
same_line_drug_across_dose,null,-0.013310152
same_line_drug_across_dose,null,0.100518644
same_line_drug_across_dose,null,0.0004179543
same_line_drug_across_dose,null,-0.005834898
same_line_drug_across_dose,null,-0.0023116143
same_line_drug_across_dose,null,0.025315573
same_line_drug_across_dose,null,-0.018313779
same_line_drug_across_dose,null,0.021563902
same_line_drug_across_dose,null,0.02565204
same_line_drug_across_dose,null,-0.023949958
same_line_drug_across_dose,null,-0.02808464
same_line_drug_across_dose,null,-0.09784372
same_line_drug_across_dose,null,0.02653288
same_line_drug_across_dose,null,0.022501875
same_line_drug_across_dose,null,0.0040957457
same_line_drug_across_dose,null,-0.0074528293
same_line_drug_across_dose,null,-0.008118885
same_line_drug_across_dose,null,0.022943081
same_line_drug_across_dose,null,0.057105344
same_line_drug_across_dose,null,0.0023142893
same_line_drug_across_dose,null,0.07318497
same_line_drug_across_dose,null,-0.0067807846
same_line_drug_across_dose,null,-0.028201014
same_line_drug_across_dose,null,-0.013614799
same_line_drug_across_dose,null,0.0031153024
same_line_drug_across_dose,null,-0.026368657
same_line_drug_across_dose,null,-0.05047446
same_line_drug_across_dose,null,-0.04286263
same_line_drug_across_dose,null,-0.010411752
same_line_drug_across_dose,null,-0.0091300635
same_line_drug_across_dose,null,0.03731402
same_line_drug_across_dose,null,-0.01028748
same_line_drug_across_dose,null,-0.12838264
same_line_drug_across_dose,null,-0.012417932
same_line_drug_across_dose,null,0.0089762695
same_line_drug_across_dose,null,0.062625356
same_line_drug_across_dose,null,-0.008689955
same_line_drug_across_dose,null,0.0044653243
same_line_drug_across_dose,null,0.0053115464
same_line_drug_across_dose,null,-0.059047464
same_line_drug_across_dose,null,0.03598768
same_line_drug_across_dose,null,-0.005649309
same_line_drug_across_dose,null,0.027147852
same_line_drug_across_dose,null,-0.04957745
same_line_drug_across_dose,null,0.002260497
same_line_drug_across_dose,null,-0.040849168
same_line_drug_across_dose,null,-0.003974167
same_line_drug_across_dose,null,0.03287934
same_line_drug_across_dose,null,0.023159806
same_line_drug_across_dose,null,-0.04934391
same_line_drug_across_dose,null,-0.0042637126
same_line_drug_across_dose,null,0.038696848
same_line_drug_across_dose,null,0.025769306
same_line_drug_across_dose,null,-0.0065255547
same_line_drug_across_dose,null,-0.028421529
same_line_drug_across_dose,null,-0.029203758
same_line_drug_across_dose,null,-0.013470006
same_line_drug_across_dose,null,0.001087683
same_line_drug_across_dose,null,0.010922412
same_line_drug_across_dose,null,-0.017034348
same_line_drug_across_dose,null,-0.042526055
same_line_drug_across_dose,null,0.043760646
same_line_drug_across_dose,null,0.0016529195
same_line_drug_across_dose,null,0.02792413
same_line_drug_across_dose,null,-0.013165256
same_line_drug_across_dose,null,0.0041723005
same_line_drug_across_dose,null,-0.071113706
same_line_drug_across_dose,null,0.017302781
same_line_drug_across_dose,null,-0.00905242
same_line_drug_across_dose,null,0.0026286028
same_line_drug_across_dose,null,-0.0077976026
same_line_drug_across_dose,null,0.070388585
same_line_drug_across_dose,null,0.024945209
same_line_drug_across_dose,null,0.011656649
same_line_drug_across_dose,null,-0.008087558
same_line_drug_across_dose,null,0.044204503
same_line_drug_across_dose,null,0.011951777
same_line_drug_across_dose,null,-0.018032229
same_line_drug_across_dose,null,-0.036635157
same_line_drug_across_dose,null,-0.054399773
same_line_drug_across_dose,null,-0.028627528
same_line_drug_across_dose,null,-0.03737209
same_line_drug_across_dose,null,-0.00025212887
same_line_drug_across_dose,null,0.012952202
same_line_drug_across_dose,null,-0.00024100121
same_line_drug_across_dose,null,-0.021150311
same_line_drug_across_dose,null,-0.052920844
same_line_drug_across_dose,null,-0.025383035
same_line_drug_across_dose,null,-0.002989137
same_line_drug_across_dose,null,-0.009553996
same_line_drug_across_dose,null,0.0409553
same_line_drug_across_dose,null,0.025533492
same_line_drug_across_dose,null,-0.016145691
same_line_drug_across_dose,null,-0.0019186157
same_line_drug_across_dose,null,-0.055916168
same_line_drug_across_dose,null,0.0019867893
same_line_drug_across_dose,null,0.034797877
same_line_drug_across_dose,null,0.028152838
same_line_drug_across_dose,null,0.017471705
same_line_drug_across_dose,null,0.0074810064
same_line_drug_across_dose,null,0.00033322227
same_line_drug_across_dose,null,0.023433195
same_line_drug_across_dose,null,-0.067429565
same_line_drug_across_dose,null,-0.030910606
same_line_drug_across_dose,null,0.0043347985
same_line_drug_across_dose,null,0.028069573
same_line_drug_across_dose,null,0.0017204552
same_line_drug_across_dose,null,0.023103837
same_line_drug_across_dose,null,0.022499295
same_line_drug_across_dose,null,0.0011186549
same_line_drug_across_dose,null,0.016150607
same_line_drug_across_dose,null,-0.01302206
same_line_drug_across_dose,null,-0.024866307
same_line_drug_across_dose,null,0.023282345
same_line_drug_across_dose,null,-0.07801867
same_line_drug_across_dose,null,-0.021628352
same_line_drug_across_dose,null,0.011380097
same_line_drug_across_dose,null,-0.03640269
same_line_drug_across_dose,null,-0.025537005
same_line_drug_across_dose,null,0.0008503018
same_line_drug_across_dose,null,-0.0123132905
same_line_drug_across_dose,null,-0.008709889
same_line_drug_across_dose,null,0.01047573
same_line_drug_across_dose,null,-0.033214673
same_line_drug_across_dose,null,0.05690989
same_line_drug_across_dose,null,0.013012643
same_line_drug_across_dose,null,0.0050884606
same_line_drug_across_dose,null,-0.018101394
same_line_drug_across_dose,null,0.04405826
same_line_drug_across_dose,null,0.0041178055
same_line_drug_across_dose,null,-0.021812234
same_line_drug_across_dose,null,-0.051777
same_line_drug_across_dose,null,0.019343434
same_line_drug_across_dose,null,-0.051782362
same_line_drug_across_dose,null,0.020488491
same_line_drug_across_dose,null,-0.0141471485
same_line_drug_across_dose,null,0.0104151815
same_line_drug_across_dose,null,0.021983113
same_line_drug_across_dose,null,-0.043366272
same_line_drug_across_dose,null,-0.06157591
same_line_drug_across_dose,null,0.002723847
same_line_drug_across_dose,null,-0.024033332
same_line_drug_across_dose,null,-0.048953656
same_line_drug_across_dose,null,0.007880126
same_line_drug_across_dose,null,0.22059427
same_line_drug_across_dose,null,-0.00854842
same_line_drug_across_dose,null,-0.013819629
same_line_drug_across_dose,null,-0.034606483
same_line_drug_across_dose,null,0.014104027
same_line_drug_across_dose,null,0.0012495389
same_line_drug_across_dose,null,0.020567745
same_line_drug_across_dose,null,-0.025096895
same_line_drug_across_dose,null,0.005922775
same_line_drug_across_dose,null,-0.0115429135
same_line_drug_across_dose,null,0.025126928
same_line_drug_across_dose,null,-0.07947801
same_line_drug_across_dose,null,-0.001138246
same_line_drug_across_dose,null,-0.052568328
same_line_drug_across_dose,null,0.0115733845
same_line_drug_across_dose,null,0.05284068
same_line_drug_across_dose,null,-0.025453845
same_line_drug_across_dose,null,-0.042808987
same_line_drug_across_dose,null,0.017783308
same_line_drug_across_dose,null,-0.0073766797
same_line_drug_across_dose,null,-0.021010937
same_line_drug_across_dose,null,-0.026196532
same_line_drug_across_dose,null,0.026920542
same_line_drug_across_dose,null,0.0607306
same_line_drug_across_dose,null,-0.030872954
same_line_drug_across_dose,null,-0.03489976
same_line_drug_across_dose,null,-0.02591182
same_line_drug_across_dose,null,0.05772674
same_line_drug_across_dose,null,-0.038374327
same_line_drug_across_dose,null,-0.0053253914
same_line_drug_across_dose,null,0.0048347223
same_line_drug_across_dose,null,-1.0127936e-05
same_line_drug_across_dose,null,0.017372988
same_line_drug_across_dose,null,0.039115954
same_line_drug_across_dose,null,0.011670175
same_line_drug_across_dose,null,-0.046171814
same_line_drug_across_dose,null,-0.015216382
same_line_drug_across_dose,null,0.02662267
same_line_drug_across_dose,null,0.032264356
same_line_drug_across_dose,null,0.099330194
same_line_drug_across_dose,null,0.04853847
same_line_drug_across_dose,null,0.020250661
same_line_drug_across_dose,null,0.012677632
same_line_drug_across_dose,null,0.016917864
same_line_drug_across_dose,null,-0.0013919134
same_line_drug_across_dose,null,-0.022418708
same_line_drug_across_dose,null,0.040880963
same_line_drug_across_dose,null,-0.06137829
same_line_drug_across_dose,null,-0.03394208
same_line_drug_across_dose,null,0.031339753
same_line_drug_across_dose,null,0.037775118
same_line_drug_across_dose,null,0.030053064
same_line_drug_across_dose,null,-0.04019792
same_line_drug_across_dose,null,-0.06388206
same_line_drug_across_dose,null,0.005707233
same_line_drug_across_dose,null,0.01628706
same_line_drug_across_dose,null,0.01703844
same_line_drug_across_dose,null,-0.047481526
same_line_drug_across_dose,null,0.031500634
same_line_drug_across_dose,null,-0.03947553
same_line_drug_across_dose,null,0.004052168
same_line_drug_across_dose,null,-0.03908702
same_line_drug_across_dose,null,-0.017625244
same_line_drug_across_dose,null,-0.04973318
same_line_drug_across_dose,null,0.03492998
same_line_drug_across_dose,null,-0.016629124
same_line_drug_across_dose,null,-0.0011105329
same_line_drug_across_dose,null,0.018408304
same_line_drug_across_dose,null,0.07751513
same_line_drug_across_dose,null,0.044103518
same_line_drug_across_dose,null,-0.006642602
same_line_drug_across_dose,null,0.064971745
same_line_drug_across_dose,null,-0.0021960775
same_line_drug_across_dose,null,-0.0016816134
same_line_drug_across_dose,null,0.02804334
same_line_drug_across_dose,null,-0.04569911
same_line_drug_across_dose,null,-0.05549711
same_line_drug_across_dose,null,0.009581394
same_line_drug_across_dose,null,0.0010061933
same_line_drug_across_dose,null,-0.017357495
same_line_drug_across_dose,null,0.051368836
same_line_drug_across_dose,null,0.0072839106
same_line_drug_across_dose,null,-0.016265836
same_line_drug_across_dose,null,-0.07766724
same_line_drug_across_dose,null,-0.011653648
same_line_drug_across_dose,null,0.02920639
same_line_drug_across_dose,null,0.09999264
same_line_drug_across_dose,null,-0.01710531
same_line_drug_across_dose,null,0.015419961
same_line_drug_across_dose,null,0.019321155
same_line_drug_across_dose,null,0.0024220147
same_line_drug_across_dose,null,0.012292834
same_line_drug_across_dose,null,-0.05234857
same_line_drug_across_dose,null,-0.018422695
same_line_drug_across_dose,null,-0.0074786493
same_line_drug_across_dose,null,-0.019976985
same_line_drug_across_dose,null,-0.057231486
same_line_drug_across_dose,null,0.013330608
same_line_drug_across_dose,null,0.004163411
same_line_drug_across_dose,null,-0.03706696
same_line_drug_across_dose,null,-0.021174503
same_line_drug_across_dose,null,-0.0265059
same_line_drug_across_dose,null,-0.028323319
same_line_drug_across_dose,null,0.010790122
same_line_drug_across_dose,null,-0.05191092
same_line_drug_across_dose,null,-0.043266628
same_line_drug_across_dose,null,0.0022237676
same_line_drug_across_dose,null,0.0018409805
same_line_drug_across_dose,null,0.0143496385
same_line_drug_across_dose,null,-0.0144997
same_line_drug_across_dose,null,-0.06326899
same_line_drug_across_dose,null,-0.03273436
same_line_drug_across_dose,null,-0.023901992
same_line_drug_across_dose,null,0.011501064
same_line_drug_across_dose,null,0.10291407
same_line_drug_across_dose,null,-0.06938103
same_line_drug_across_dose,null,0.0018061047
same_line_drug_across_dose,null,0.012513155
same_line_drug_across_dose,null,0.027759265
same_line_drug_across_dose,null,0.14666851
same_line_drug_across_dose,null,-0.019929396
same_line_drug_across_dose,null,0.0034938091
same_line_drug_across_dose,null,0.026672373
same_line_drug_across_dose,null,0.04388925
same_line_drug_across_dose,null,0.040415686
same_line_drug_across_dose,null,0.04650982
same_line_drug_across_dose,null,0.009327471
same_line_drug_across_dose,null,0.009432609
same_line_drug_across_dose,null,0.014845365
same_line_drug_across_dose,null,0.039597496
same_line_drug_across_dose,null,0.025791194
same_line_drug_across_dose,null,0.025288861
same_line_drug_across_dose,null,0.0010084914
same_line_drug_across_dose,null,0.024729762
same_line_drug_across_dose,null,0.01619319
same_line_drug_across_dose,null,-0.02865673
same_line_drug_across_dose,null,-0.042802934
same_line_drug_across_dose,null,-0.0029637304
same_line_drug_across_dose,null,0.00957757
same_line_drug_across_dose,null,0.0029056922
same_line_drug_across_dose,null,-0.0016808336
same_line_drug_across_dose,null,-0.0399534
same_line_drug_across_dose,null,-0.009283692
same_line_drug_across_dose,null,-0.004334175
same_line_drug_across_dose,null,-0.050657805
same_line_drug_across_dose,null,0.021906404
same_line_drug_across_dose,null,0.030530764
same_line_drug_across_dose,null,-0.010165654
same_line_drug_across_dose,null,-0.012969305
same_line_drug_across_dose,null,-0.014452872
same_line_drug_across_dose,null,0.004940661
same_line_drug_across_dose,null,0.027091844
same_line_drug_across_dose,null,0.017262904
same_line_drug_across_dose,null,0.029260714
same_line_drug_across_dose,null,0.009676812
same_line_drug_across_dose,null,-0.019614525
same_line_drug_across_dose,null,0.030744242
same_line_drug_across_dose,null,0.02215241
same_line_drug_across_dose,null,0.032547187
same_line_drug_across_dose,null,0.027911726
same_line_drug_across_dose,null,0.022224981
same_line_drug_across_dose,null,-0.014771327
same_line_drug_across_dose,null,0.05444644
same_line_drug_across_dose,null,0.024930915
same_line_drug_across_dose,null,-0.055485096
same_line_drug_across_dose,null,-0.06321763
same_line_drug_across_dose,null,-0.022052856
same_line_drug_across_dose,null,-0.048285525
same_line_drug_across_dose,null,-0.057354394
same_line_drug_across_dose,null,-0.014890302
same_line_drug_across_dose,null,-0.00063502137
same_line_drug_across_dose,null,-0.046585094
same_line_drug_across_dose,null,0.0009869592
same_line_drug_across_dose,null,-0.045924935
same_line_drug_across_dose,null,-0.02939784
same_line_drug_across_dose,null,0.00023691329
same_line_drug_across_dose,null,-0.016590983
same_line_drug_across_dose,null,0.029328292
same_line_drug_across_dose,null,0.023675663
same_line_drug_across_dose,null,0.055506438
same_line_drug_across_dose,null,0.03716634
same_line_drug_across_dose,null,-0.04431963
same_line_drug_across_dose,null,0.006134313
same_line_drug_across_dose,null,-0.01852414
same_line_drug_across_dose,null,-0.021343874
same_line_drug_across_dose,null,-0.0035908557
same_line_drug_across_dose,null,-0.03780669
same_line_drug_across_dose,null,0.03823344
same_line_drug_across_dose,null,-0.019371614
same_line_drug_across_dose,null,0.0013732517
same_line_drug_across_dose,null,-0.012427192
same_line_drug_across_dose,null,0.003252949
same_line_drug_across_dose,null,-0.04731788
same_line_drug_across_dose,null,0.0118382815
same_line_drug_across_dose,null,0.022843687
same_line_drug_across_dose,null,0.0068548373
same_line_drug_across_dose,null,0.0004327962
same_line_drug_across_dose,null,0.028206512
same_line_drug_across_dose,null,-0.0093330685
same_line_drug_across_dose,null,-0.07205736
same_line_drug_across_dose,null,-0.021186544
same_line_drug_across_dose,null,0.022578107
same_line_drug_across_dose,null,0.04367485
same_line_drug_across_dose,null,0.021534234
same_line_drug_across_dose,null,0.03293647
same_line_drug_across_dose,null,0.033905633
same_line_drug_across_dose,null,0.023454798
same_line_drug_across_dose,null,-0.0909053
same_line_drug_across_dose,null,0.011151725
same_line_drug_across_dose,null,0.0024660428
same_line_drug_across_dose,null,-0.03405996
same_line_drug_across_dose,null,0.019259142
same_line_drug_across_dose,null,0.044815168
same_line_drug_across_dose,null,0.032224644
same_line_drug_across_dose,null,-0.0035658819
same_line_drug_across_dose,null,-0.03671887
same_line_drug_across_dose,null,-0.0142835025
same_line_drug_across_dose,null,0.026373748
same_line_drug_across_dose,null,0.07198417
same_line_drug_across_dose,null,0.02353106
same_line_drug_across_dose,null,0.01701574
same_line_drug_across_dose,null,-0.030836347
same_line_drug_across_dose,null,-0.0090368455
same_line_drug_across_dose,null,-0.02050453
same_line_drug_across_dose,null,0.0015885857
same_line_drug_across_dose,null,-0.01100588
same_line_drug_across_dose,null,-0.010233375
same_line_drug_across_dose,null,0.031286392
same_line_drug_across_dose,null,-0.005544805
same_line_drug_across_dose,null,0.019563429
same_line_drug_across_dose,null,0.013977558
same_line_drug_across_dose,null,0.0066329106
same_line_drug_across_dose,null,-0.016244274
same_line_drug_across_dose,null,-0.02955859
same_line_drug_across_dose,null,-0.0027840352
same_line_drug_across_dose,null,-0.0476139
same_line_drug_across_dose,null,-0.022831164
same_line_drug_across_dose,null,-0.041195933
same_line_drug_across_dose,null,-0.053502582
same_line_drug_across_dose,null,0.011691043
same_line_drug_across_dose,null,-0.013335401
same_line_drug_across_dose,null,0.024483163
same_line_drug_across_dose,null,-0.021805022
same_line_drug_across_dose,null,-0.017594887
same_line_drug_across_dose,null,-0.022194928
same_line_drug_across_dose,null,0.007455608
same_line_drug_across_dose,null,-0.0069146594
same_line_drug_across_dose,null,0.00912581
same_line_drug_across_dose,null,0.014364008
same_line_drug_across_dose,null,-0.008707479
same_line_drug_across_dose,null,-0.026482651
same_line_drug_across_dose,null,-0.01742241
same_line_drug_across_dose,null,0.010041583
same_line_drug_across_dose,null,-0.0019218279
same_line_drug_across_dose,null,0.006275477
same_line_drug_across_dose,null,0.009345393
same_line_drug_across_dose,null,2.1704742e-05
same_line_drug_across_dose,null,0.010612611
same_line_drug_across_dose,null,-0.023409504
same_line_drug_across_dose,null,0.021055201
same_line_drug_across_dose,null,0.0031941435
same_line_drug_across_dose,null,0.015881356
same_line_drug_across_dose,null,-0.002290862
same_line_drug_across_dose,null,-0.048802778
same_line_drug_across_dose,null,-0.00022679917
same_line_drug_across_dose,null,0.006911032
same_line_drug_across_dose,null,-0.020414922
same_line_drug_across_dose,null,-0.029492978
same_line_drug_across_dose,null,-0.026638294
same_line_drug_across_dose,null,-0.010357679
same_line_drug_across_dose,null,0.001804099
same_line_drug_across_dose,null,0.03560946
same_line_drug_across_dose,null,0.034936428
same_line_drug_across_dose,null,0.012293847
same_line_drug_across_dose,null,-0.002033473
same_line_drug_across_dose,null,0.012705204
same_line_drug_across_dose,null,0.017176174
same_line_drug_across_dose,null,-0.023575751
same_line_drug_across_dose,null,0.0578348
same_line_drug_across_dose,null,-0.023870407
same_line_drug_across_dose,null,0.04891862
same_line_drug_across_dose,null,-0.019983169
same_line_drug_across_dose,null,-0.016916756
same_line_drug_across_dose,null,0.06982963
same_line_drug_across_dose,null,-0.008660978
same_line_drug_across_dose,null,-0.032185208
same_line_drug_across_dose,null,-0.0034725447
same_line_drug_across_dose,null,0.011023911
same_line_drug_across_dose,null,0.007582194
same_line_drug_across_dose,null,0.049532317
same_line_drug_across_dose,null,-0.05252096
same_line_drug_across_dose,null,0.026114307
same_line_drug_across_dose,null,-0.017444616
same_line_drug_across_dose,null,0.042046495
same_line_drug_across_dose,null,0.007833957
same_line_drug_across_dose,null,0.0016586079
same_line_drug_across_dose,null,0.015642943
same_line_drug_across_dose,null,0.0010313586
same_line_drug_across_dose,null,0.030714637
same_line_drug_across_dose,null,0.048702013
same_line_drug_across_dose,null,-0.019720528
same_line_drug_across_dose,null,-0.010587951
same_line_drug_across_dose,null,0.025667252
same_line_drug_across_dose,null,-0.0022267383
same_line_drug_across_dose,null,0.014810479
same_line_drug_across_dose,null,0.0045843995
same_line_drug_across_dose,null,-0.0015342099
same_line_drug_across_dose,null,0.0044695213
same_line_drug_across_dose,null,-0.03795795
same_line_drug_across_dose,null,-0.012183736
same_line_drug_across_dose,null,-0.004724676
same_line_drug_across_dose,null,-0.019789206
same_line_drug_across_dose,null,-0.011631928
same_line_drug_across_dose,null,0.009040114
same_line_drug_across_dose,null,-0.012146994
same_line_drug_across_dose,null,-0.020519592
same_line_drug_across_dose,null,0.058703084
same_line_drug_across_dose,null,0.0119251795
same_line_drug_across_dose,null,0.005512655
same_line_drug_across_dose,null,-0.0064965356
same_line_drug_across_dose,null,-0.027185114
same_line_drug_across_dose,null,-0.018113451
same_line_drug_across_dose,null,0.042984966
same_line_drug_across_dose,null,-0.022387031
same_line_drug_across_dose,null,0.03879654
same_line_drug_across_dose,null,-0.0067639197
same_line_drug_across_dose,null,-0.018602788
same_line_drug_across_dose,null,0.013908919
same_line_drug_across_dose,null,-0.013229085
same_line_drug_across_dose,null,-0.02711579
same_line_drug_across_dose,null,-0.043622974
same_line_drug_across_dose,null,-0.012185073
same_line_drug_across_dose,null,0.0019361663
same_line_drug_across_dose,null,-0.003061268
same_line_drug_across_dose,null,-0.026837472
same_line_drug_across_dose,null,-0.024386147
same_line_drug_across_dose,null,-0.038711265
same_line_drug_across_dose,null,-0.0008120593
same_line_drug_across_dose,null,0.0072505753
same_line_drug_across_dose,null,-0.04274374
same_line_drug_across_dose,null,-0.039842207
same_line_drug_across_dose,null,-0.0021614477
same_line_drug_across_dose,null,-0.0066332147
same_line_drug_across_dose,null,-0.011848965
same_line_drug_across_dose,null,0.005499122
same_line_drug_across_dose,null,-0.02134523
same_line_drug_across_dose,null,0.025967918
same_line_drug_across_dose,null,0.034615416
same_line_drug_across_dose,null,-0.00062847557
same_line_drug_across_dose,null,0.05081766
same_line_drug_across_dose,null,0.012864728
same_line_drug_across_dose,null,-0.048461042
same_line_drug_across_dose,null,-0.039320115
same_line_drug_across_dose,null,0.033339188
same_line_drug_across_dose,null,-0.044255737
same_line_drug_across_dose,null,-0.021547822
same_line_drug_across_dose,null,-0.024068886
same_line_drug_across_dose,null,-0.03232663
same_line_drug_across_dose,null,0.021165477
same_line_drug_across_dose,null,-0.04728612
same_line_drug_across_dose,null,-0.026639374
same_line_drug_across_dose,null,0.05194823
same_line_drug_across_dose,null,-0.017642949
same_line_drug_across_dose,null,-0.020588685
same_line_drug_across_dose,null,-0.007405107
same_line_drug_across_dose,null,0.023062712
same_line_drug_across_dose,null,0.02153931
same_line_drug_across_dose,null,-0.00041964537
same_line_drug_across_dose,null,-0.046028014
same_line_drug_across_dose,null,0.072727114
same_line_drug_across_dose,null,0.024459422
same_line_drug_across_dose,null,0.05918699
same_line_drug_across_dose,null,-0.019964965
same_line_drug_across_dose,null,0.022091262
same_line_drug_across_dose,null,-0.0015759362
same_line_drug_across_dose,null,0.00846345
same_line_drug_across_dose,null,0.018143082
same_line_drug_across_dose,null,-0.045416135
same_line_drug_across_dose,null,0.0052443203
same_line_drug_across_dose,null,-0.014398577
same_line_drug_across_dose,null,0.022351146
same_line_drug_across_dose,null,-0.02361451
same_line_drug_across_dose,null,0.014541087
same_line_drug_across_dose,null,-0.027208954
same_line_drug_across_dose,null,-0.010885858
same_line_drug_across_dose,null,0.026052829
same_line_drug_across_dose,null,-0.0550442
same_line_drug_across_dose,null,0.02366543
same_line_drug_across_dose,null,-0.04887758
same_line_drug_across_dose,null,-0.068762615
same_line_drug_across_dose,null,0.040951367
same_line_drug_across_dose,null,-0.022044286
same_line_drug_across_dose,null,-0.041145038
same_line_drug_across_dose,null,-0.024825808
same_line_drug_across_dose,null,-0.017746577
same_line_drug_across_dose,null,0.024469351
same_line_drug_across_dose,null,-0.03720185
same_line_drug_across_dose,null,0.035236478
same_line_drug_across_dose,null,0.0062760655
same_line_drug_across_dose,null,-0.06928421
same_line_drug_across_dose,null,-0.023294363
same_line_drug_across_dose,null,-0.025819939
same_line_drug_across_dose,null,0.021075642
same_line_drug_across_dose,null,-0.0125974165
same_line_drug_across_dose,null,0.051691167
same_line_drug_across_dose,null,0.03627126
same_line_drug_across_dose,null,0.042458206
same_line_drug_across_dose,null,0.051690906
same_line_drug_across_dose,null,-0.020794015
same_line_drug_across_dose,null,-0.018002408
same_line_drug_across_dose,null,-0.015326802
same_line_drug_across_dose,null,-0.03682675
same_line_drug_across_dose,null,-0.0050247926
same_line_drug_across_dose,null,0.02112228
same_line_drug_across_dose,null,-0.018762898
same_line_drug_across_dose,null,0.028509047
same_line_drug_across_dose,null,0.26198778
same_line_drug_across_dose,null,-0.027354162
same_line_drug_across_dose,null,0.02438065
same_line_drug_across_dose,null,-0.0037090157
same_line_drug_across_dose,null,-0.011056591
same_line_drug_across_dose,null,0.024039898
same_line_drug_across_dose,null,0.012616902
same_line_drug_across_dose,null,0.015978778
same_line_drug_across_dose,null,-0.012940974
same_line_drug_across_dose,null,0.009918207
same_line_drug_across_dose,null,0.015617919
same_line_drug_across_dose,null,0.00037495044
same_line_drug_across_dose,null,-0.0054401546
same_line_drug_across_dose,null,0.005260076
same_line_drug_across_dose,null,-0.01762876
same_line_drug_across_dose,null,0.055789586
same_line_drug_across_dose,null,-0.005650697
same_line_drug_across_dose,null,0.012652434
same_line_drug_across_dose,null,0.03046336
same_line_drug_across_dose,null,0.0907536
same_line_drug_across_dose,null,0.035103224
same_line_drug_across_dose,null,-0.008121492
same_line_drug_across_dose,null,-0.002212002
same_line_drug_across_dose,null,0.0011278306
same_line_drug_across_dose,null,0.016711196
same_line_drug_across_dose,null,-0.04271476
same_line_drug_across_dose,null,0.016441168
same_line_drug_across_dose,null,0.02137125
same_line_drug_across_dose,null,0.013975111
same_line_drug_across_dose,null,-0.0064097564
same_line_drug_across_dose,null,0.0011558075
same_line_drug_across_dose,null,-0.016961696
same_line_drug_across_dose,null,-0.00028629092
same_line_drug_across_dose,null,-0.0063591735
same_line_drug_across_dose,null,-0.0036894954
same_line_drug_across_dose,null,-0.004971217
same_line_drug_across_dose,null,-0.01844992
same_line_drug_across_dose,null,0.018539729
same_line_drug_across_dose,null,0.043491673
same_line_drug_across_dose,null,0.026706945
same_line_drug_across_dose,null,-0.015175594
same_line_drug_across_dose,null,-0.03978528
same_line_drug_across_dose,null,-0.0022010033
same_line_drug_across_dose,null,-0.016236845
same_line_drug_across_dose,null,0.022404471
same_line_drug_across_dose,null,-0.009023034
same_line_drug_across_dose,null,0.01530731
same_line_drug_across_dose,null,-0.050137423
same_line_drug_across_dose,null,-0.035830405
same_line_drug_across_dose,null,-0.015679529
same_line_drug_across_dose,null,-0.013859818
same_line_drug_across_dose,null,-0.018312689
same_line_drug_across_dose,null,-0.003461739
same_line_drug_across_dose,null,-0.011435057
same_line_drug_across_dose,null,0.02538214
same_line_drug_across_dose,null,0.0061880876
same_line_drug_across_dose,null,-0.03903444
same_line_drug_across_dose,null,0.029842887
same_line_drug_across_dose,null,-0.0021565356
same_line_drug_across_dose,null,0.02003695
same_line_drug_across_dose,null,-0.008501724
same_line_drug_across_dose,null,-0.010047789
same_line_drug_across_dose,null,-0.0043095155
same_line_drug_across_dose,null,0.036409754
same_line_drug_across_dose,null,0.025390873
same_line_drug_across_dose,null,-0.0141799925
same_line_drug_across_dose,null,0.019804457
same_line_drug_across_dose,null,-0.00982048
same_line_drug_across_dose,null,-0.029036997
same_line_drug_across_dose,null,-0.012814482
same_line_drug_across_dose,null,-0.11821944
same_line_drug_across_dose,null,-0.026617387
same_line_drug_across_dose,null,-0.0149594005
same_line_drug_across_dose,null,-0.011078585
same_line_drug_across_dose,null,-0.02528249
same_line_drug_across_dose,null,-0.03607921
same_line_drug_across_dose,null,0.03635838
same_line_drug_across_dose,null,-0.046220705
same_line_drug_across_dose,null,0.025015863
same_line_drug_across_dose,null,-0.04846368
same_line_drug_across_dose,null,0.015535315
same_line_drug_across_dose,null,0.03888184
same_line_drug_across_dose,null,0.045646474
same_line_drug_across_dose,null,0.021477088
same_line_drug_across_dose,null,0.0037224952
same_line_drug_across_dose,null,-0.014540508
same_line_drug_across_dose,null,0.0140873585
same_line_drug_across_dose,null,-0.0074482406
same_line_drug_across_dose,null,0.05019671
same_line_drug_across_dose,null,0.03545927
same_line_drug_across_dose,null,-0.059394352
same_line_drug_across_dose,null,-0.03390871
same_line_drug_across_dose,null,0.009191713
same_line_drug_across_dose,null,0.0043211365
same_line_drug_across_dose,null,0.034306675
same_line_drug_across_dose,null,-0.016200116
same_line_drug_across_dose,null,0.026334438
same_line_drug_across_dose,null,0.022928853
same_line_drug_across_dose,null,0.0362356
same_line_drug_across_dose,null,0.024128113
same_line_drug_across_dose,null,-0.039670046
same_line_drug_across_dose,null,0.011381403
same_line_drug_across_dose,null,-0.051945295
same_line_drug_across_dose,null,0.0074891807
same_line_drug_across_dose,null,-0.0076142214
same_line_drug_across_dose,null,0.012959881
same_line_drug_across_dose,null,-0.048037957
same_line_drug_across_dose,null,-0.023796158
same_line_drug_across_dose,null,0.022969557
same_line_drug_across_dose,null,-0.0027177965
same_line_drug_across_dose,null,0.018906737
same_line_drug_across_dose,null,-0.019068751
same_line_drug_across_dose,null,0.017603694
same_line_drug_across_dose,null,0.003793582
same_line_drug_across_dose,null,-0.0033131659
same_line_drug_across_dose,null,0.030363897
same_line_drug_across_dose,null,0.008134045
same_line_drug_across_dose,null,0.0013052635
same_line_drug_across_dose,null,0.017766893
same_line_drug_across_dose,null,0.0175674
same_line_drug_across_dose,null,-0.009031461
same_line_drug_across_dose,null,0.0072090332
same_line_drug_across_dose,null,0.0310385
same_line_drug_across_dose,null,-0.033119433
same_line_drug_across_dose,null,-0.032684334
same_line_drug_across_dose,null,-0.032946825
same_line_drug_across_dose,null,-0.043187633
same_line_drug_across_dose,null,0.032923557
same_line_drug_across_dose,null,0.0017199361
same_line_drug_across_dose,null,-0.025237687
same_line_drug_across_dose,null,0.0077436725
same_line_drug_across_dose,null,-0.058531336
same_line_drug_across_dose,null,-0.025456935
same_line_drug_across_dose,null,-0.030382814
same_line_drug_across_dose,null,-0.04026939
same_line_drug_across_dose,null,0.0850902
same_line_drug_across_dose,null,-0.0045677437
same_line_drug_across_dose,null,0.0006240489
same_line_drug_across_dose,null,0.059673294
same_line_drug_across_dose,null,-0.006141993
same_line_drug_across_dose,null,-0.036027133
same_line_drug_across_dose,null,0.018174257
same_line_drug_across_dose,null,-0.01528718
same_line_drug_across_dose,null,-0.0025613008
same_line_drug_across_dose,null,0.018357078
same_line_drug_across_dose,null,0.03216421
same_line_drug_across_dose,null,0.026521074
same_line_drug_across_dose,null,0.03304803
same_line_drug_across_dose,null,-0.006984804
same_line_drug_across_dose,null,-0.029914437
same_line_drug_across_dose,null,0.015626846
same_line_drug_across_dose,null,-0.02983719
same_line_drug_across_dose,null,-0.004965014
same_line_drug_across_dose,null,-0.016049117
same_line_drug_across_dose,null,-0.008561689
same_line_drug_across_dose,null,0.010782197
same_line_drug_across_dose,null,-0.012467927
same_line_drug_across_dose,null,-0.0124154175
same_line_drug_across_dose,null,-0.017076535
same_line_drug_across_dose,null,-0.012639638
same_line_drug_across_dose,null,-0.03112828
same_line_drug_across_dose,null,-0.010331606
same_line_drug_across_dose,null,0.04217614
same_line_drug_across_dose,null,0.07280636
same_line_drug_across_dose,null,0.018227097
same_line_drug_across_dose,null,0.02677384
same_line_drug_across_dose,null,-0.025062945
same_line_drug_across_dose,null,-0.015825924
same_line_drug_across_dose,null,0.019288909
same_line_drug_across_dose,null,-0.03379714
same_line_drug_across_dose,null,0.034927573
same_line_drug_across_dose,null,0.0348992
same_line_drug_across_dose,null,-0.023874115
same_line_drug_across_dose,null,0.03418405
same_line_drug_across_dose,null,0.00522956
same_line_drug_across_dose,null,-0.015880218
same_line_drug_across_dose,null,-4.362817e-05
same_line_drug_across_dose,null,-0.00086776266
same_line_drug_across_dose,null,-0.009857799
same_line_drug_across_dose,null,0.07401993
same_line_drug_across_dose,null,0.00018597279
same_line_drug_across_dose,null,0.02680422
same_line_drug_across_dose,null,0.0024057757
same_line_drug_across_dose,null,0.0005797981
same_line_drug_across_dose,null,0.028167406
same_line_drug_across_dose,null,0.032651495
same_line_drug_across_dose,null,-0.051628
same_line_drug_across_dose,null,-0.009764318
same_line_drug_across_dose,null,-0.008401305
same_line_drug_across_dose,null,0.04604794
same_line_drug_across_dose,null,0.020026311
same_line_drug_across_dose,null,-0.012775894
same_line_drug_across_dose,null,-0.003439842
same_line_drug_across_dose,null,0.0135159725
same_line_drug_across_dose,null,0.015589294
same_line_drug_across_dose,null,-0.00035946583
same_line_drug_across_dose,null,-0.027111849
same_line_drug_across_dose,null,0.019344538
same_line_drug_across_dose,null,-0.013351847
same_line_drug_across_dose,null,0.05415388
same_line_drug_across_dose,null,0.046176646
same_line_drug_across_dose,null,-0.0018307418
same_line_drug_across_dose,null,0.042947
same_line_drug_across_dose,null,-0.029760301
same_line_drug_across_dose,null,-0.039025553
same_line_drug_across_dose,null,0.00047661318
same_line_drug_across_dose,null,0.03537701
same_line_drug_across_dose,null,-0.012766504
same_line_drug_across_dose,null,0.018154552
same_line_drug_across_dose,null,0.00047452346
same_line_drug_across_dose,null,-0.06743008
same_line_drug_across_dose,null,-0.05102428
same_line_drug_across_dose,null,-0.006633223
same_line_drug_across_dose,null,0.011539218
same_line_drug_across_dose,null,-0.033197913
same_line_drug_across_dose,null,-0.012587551
same_line_drug_across_dose,null,0.010927949
same_line_drug_across_dose,null,0.011601918
same_line_drug_across_dose,null,-0.023896892
same_line_drug_across_dose,null,0.014812995
same_line_drug_across_dose,null,-0.017042184
same_line_drug_across_dose,null,0.068421654
same_line_drug_across_dose,null,-0.03873627
same_line_drug_across_dose,null,-0.0072786473
same_line_drug_across_dose,null,-0.0074359667
same_line_drug_across_dose,null,-0.035638325
same_line_drug_across_dose,null,0.020097347
same_line_drug_across_dose,null,0.026550155
same_line_drug_across_dose,null,-0.017877944
same_line_drug_across_dose,null,0.0009285923
same_line_drug_across_dose,null,-0.021590821
same_line_drug_across_dose,null,-0.014571537
same_line_drug_across_dose,null,-0.014014061
same_line_drug_across_dose,null,-0.018010406
same_line_drug_across_dose,null,-0.0132029
same_line_drug_across_dose,null,0.015107378
same_line_drug_across_dose,null,0.001913533
same_line_drug_across_dose,null,0.016869863
same_line_drug_across_dose,null,0.00655265
same_line_drug_across_dose,null,-0.000952468
same_line_drug_across_dose,null,0.00095932605
same_line_drug_across_dose,null,0.02180327
same_line_drug_across_dose,null,-0.0017662112
same_line_drug_across_dose,null,-0.023903877
same_line_drug_across_dose,null,-0.007545806
same_line_drug_across_dose,null,-0.0695562
same_line_drug_across_dose,null,-0.012275348
same_line_drug_across_dose,null,0.0013727959
same_line_drug_across_dose,null,0.019880373
same_line_drug_across_dose,null,-0.0023083896
same_line_drug_across_dose,null,0.0010250608
same_line_drug_across_dose,null,0.07632276
same_line_drug_across_dose,null,0.015758751
same_line_drug_across_dose,null,-0.0075102304
same_line_drug_across_dose,null,-0.02051688
same_line_drug_across_dose,null,0.07522455
same_line_drug_across_dose,null,0.029104253
same_line_drug_across_dose,null,0.01003739
same_line_drug_across_dose,null,0.022114305
same_line_drug_across_dose,null,-0.008040719
same_line_drug_across_dose,null,0.007689495
same_line_drug_across_dose,null,0.03578124
same_line_drug_across_dose,null,0.0049072807
same_line_drug_across_dose,null,0.008276716
same_line_drug_across_dose,null,-0.011852757
same_line_drug_across_dose,null,0.031711377
same_line_drug_across_dose,null,-0.010204166
same_line_drug_across_dose,null,-0.04185612
same_line_drug_across_dose,null,0.020317614
same_line_drug_across_dose,null,-0.00752358
same_line_drug_across_dose,null,-0.06726139
same_line_drug_across_dose,null,-0.019375626
same_line_drug_across_dose,null,-0.032240845
same_line_drug_across_dose,null,0.053751778
same_line_drug_across_dose,null,0.015392368
same_line_drug_across_dose,null,-0.0032069548
same_line_drug_across_dose,null,-0.032455437
same_line_drug_across_dose,null,0.00067117315
same_line_drug_across_dose,null,0.0015802395
same_line_drug_across_dose,null,-0.0029690135
same_line_drug_across_dose,null,0.022356052
same_line_drug_across_dose,null,0.008917551
same_line_drug_across_dose,null,0.03388964
same_line_drug_across_dose,null,0.03872613
same_line_drug_across_dose,null,-0.03788548
same_line_drug_across_dose,null,0.01870568
same_line_drug_across_dose,null,-0.013430134
same_line_drug_across_dose,null,-0.080550924
same_line_drug_across_dose,null,0.0105685545
same_line_drug_across_dose,null,0.027041757
same_line_drug_across_dose,null,-0.020285862
same_line_drug_across_dose,null,-0.047978643
same_line_drug_across_dose,null,-0.0019714471
same_line_drug_across_dose,null,-0.0050885365
same_line_drug_across_dose,null,0.00071484403
same_line_drug_across_dose,null,-0.021264737
same_line_drug_across_dose,null,-0.014538919
same_line_drug_across_dose,null,-0.03531407
same_line_drug_across_dose,null,0.023275176
same_line_drug_across_dose,null,-0.045452006
same_line_drug_across_dose,null,-0.0072268094
same_line_drug_across_dose,null,-0.022874532
same_line_drug_across_dose,null,-0.028139077
same_line_drug_across_dose,null,0.0146653075
same_line_drug_across_dose,null,0.03388238
same_line_drug_across_dose,null,-0.025094518
same_line_drug_across_dose,null,-0.0057497364
same_line_drug_across_dose,null,-0.06989443
same_line_drug_across_dose,null,0.0027571514
same_line_drug_across_dose,null,-0.0025715292
same_line_drug_across_dose,null,0.016463248
same_line_drug_across_dose,null,0.030377483
same_line_drug_across_dose,null,-0.01397763
same_line_drug_across_dose,null,0.0027285626
same_line_drug_across_dose,null,0.039627016
same_line_drug_across_dose,null,0.0068394416
same_line_drug_across_dose,null,0.04052933
same_line_drug_across_dose,null,0.002893641
same_line_drug_across_dose,null,-0.016539842
same_line_drug_across_dose,null,-0.0028047785
same_line_drug_across_dose,null,0.022542464
same_line_drug_across_dose,null,-0.019055013
same_line_drug_across_dose,null,-0.0010351937
same_line_drug_across_dose,null,0.008824497
same_line_drug_across_dose,null,-0.056576505
same_line_drug_across_dose,null,0.01197311
same_line_drug_across_dose,null,0.017768523
same_line_drug_across_dose,null,-0.013273276
same_line_drug_across_dose,null,0.0447686
same_line_drug_across_dose,null,-0.03628777
same_line_drug_across_dose,null,0.040450815
same_line_drug_across_dose,null,0.03725368
same_line_drug_across_dose,null,-0.0055251964
same_line_drug_across_dose,null,0.020111231
same_line_drug_across_dose,null,0.0020068546
same_line_drug_across_dose,null,0.034272946
same_line_drug_across_dose,null,-0.010859097
same_line_drug_across_dose,null,0.008129468
same_line_drug_across_dose,null,0.030486804
same_line_drug_across_dose,null,-0.031068888
same_line_drug_across_dose,null,-0.0018172018
same_line_drug_across_dose,null,0.07901612
same_line_drug_across_dose,null,0.012585864
same_line_drug_across_dose,null,-0.017432846
same_line_drug_across_dose,null,-0.00348019
same_line_drug_across_dose,null,-0.02234369
same_line_drug_across_dose,null,0.019938692
same_line_drug_across_dose,null,0.009145443
same_line_drug_across_dose,null,0.028595489
same_line_drug_across_dose,null,-0.007671941
same_line_drug_across_dose,null,-0.021590821
same_line_drug_across_dose,null,-0.0112451175
same_line_drug_across_dose,null,0.018947383
same_line_drug_across_dose,null,-0.044432502
same_line_drug_across_dose,null,-0.016287131
same_line_drug_across_dose,null,-0.00585575
same_line_drug_across_dose,null,-0.06482791
same_line_drug_across_dose,null,0.00052846683
same_line_drug_across_dose,null,-0.0073784287
same_line_drug_across_dose,null,-0.0074104546
same_line_drug_across_dose,null,-0.0017353942
same_line_drug_across_dose,null,-0.0059457077
same_line_drug_across_dose,null,-0.03261488
same_line_drug_across_dose,null,-0.02400974
same_line_drug_across_dose,null,0.04359193
same_line_drug_across_dose,null,0.07554607
same_line_drug_across_dose,null,-0.06841267
same_line_drug_across_dose,null,0.0021713972
same_line_drug_across_dose,null,-0.04179057
same_line_drug_across_dose,null,-0.02747145
same_line_drug_across_dose,null,-0.026676225
same_line_drug_across_dose,null,0.024203155
same_line_drug_across_dose,null,0.0037696527
same_line_drug_across_dose,null,-0.032314494
same_line_drug_across_dose,null,0.039559934
same_line_drug_across_dose,null,-0.008038812
same_line_drug_across_dose,null,0.007822386
same_line_drug_across_dose,null,0.009852444
same_line_drug_across_dose,null,-0.0010025911
same_line_drug_across_dose,null,-0.0489247
same_line_drug_across_dose,null,-0.031638056
same_line_drug_across_dose,null,-0.005064884
same_line_drug_across_dose,null,-0.0042720013
same_line_drug_across_dose,null,-0.020188248
same_line_drug_across_dose,null,-0.027185746
same_line_drug_across_dose,null,-0.012785521
same_line_drug_across_dose,null,-0.0023629076
same_line_drug_across_dose,null,0.00815542
same_line_drug_across_dose,null,-0.054246332
same_line_drug_across_dose,null,0.010869221
same_line_drug_across_dose,null,0.051541694
same_line_drug_across_dose,null,-0.036341697
same_line_drug_across_dose,null,-0.013678456
same_line_drug_across_dose,null,-0.024997672
same_line_drug_across_dose,null,0.026456246
same_line_drug_across_dose,null,-0.03145995
same_line_drug_across_dose,null,0.033409152
same_line_drug_across_dose,null,0.06414696
same_line_drug_across_dose,null,0.039959457
same_line_drug_across_dose,null,-0.101625875
same_line_drug_across_dose,null,0.0047512627
same_line_drug_across_dose,null,-0.0057051354
same_line_drug_across_dose,null,-0.032250658
same_line_drug_across_dose,null,-0.055160373
same_line_drug_across_dose,null,0.0046842867
same_line_drug_across_dose,null,-0.004348698
same_line_drug_across_dose,null,-0.01555347
same_line_drug_across_dose,null,0.019909248
same_line_drug_across_dose,null,-0.008865596
same_line_drug_across_dose,null,0.009665651
same_line_drug_across_dose,null,-0.06497281
same_line_drug_across_dose,null,0.044327457
same_line_drug_across_dose,null,0.013216586
same_line_drug_across_dose,null,0.008723378
same_line_drug_across_dose,null,0.5724937
same_line_drug_across_dose,null,0.0070285825
same_line_drug_across_dose,null,0.026340764
same_line_drug_across_dose,null,0.051747102
same_line_drug_across_dose,null,-0.03749774
same_line_drug_across_dose,null,-0.041001566
same_line_drug_across_dose,null,-0.025962116
same_line_drug_across_dose,null,-0.031964015
same_line_drug_across_dose,null,0.025938204
same_line_drug_across_dose,null,0.012895479
same_line_drug_across_dose,null,-0.03110582
same_line_drug_across_dose,null,0.053205166
same_line_drug_across_dose,null,0.017149825
same_line_drug_across_dose,null,-0.015008939
same_line_drug_across_dose,null,0.02717491
same_line_drug_across_dose,null,0.031894572
same_line_drug_across_dose,null,-0.042127024
same_line_drug_across_dose,null,-0.01777468
same_line_drug_across_dose,null,-0.03735104
same_line_drug_across_dose,null,0.017055614
same_line_drug_across_dose,null,-0.0030984543
same_line_drug_across_dose,null,0.0016074316
same_line_drug_across_dose,null,-0.011395537
same_line_drug_across_dose,null,-0.0008048716
same_line_drug_across_dose,null,0.017331358
same_line_drug_across_dose,null,0.032635406
same_line_drug_across_dose,null,0.017726442
same_line_drug_across_dose,null,-0.005710873
same_line_drug_across_dose,null,-0.003200898
same_line_drug_across_dose,null,0.019847926
same_line_drug_across_dose,null,-0.021878486
same_line_drug_across_dose,null,-0.051864635
same_line_drug_across_dose,null,-0.023491768
same_line_drug_across_dose,null,0.013554981
same_line_drug_across_dose,null,-0.0031945705
same_line_drug_across_dose,null,-0.07075021
same_line_drug_across_dose,null,-0.013948792
same_line_drug_across_dose,null,-0.044122845
same_line_drug_across_dose,null,-0.005274173
same_line_drug_across_dose,null,0.026298607
same_line_drug_across_dose,null,0.025347786
same_line_drug_across_dose,null,0.004877698
same_line_drug_across_dose,null,0.03142338
same_line_drug_across_dose,null,0.0105461255
same_line_drug_across_dose,null,-0.0046209763
same_line_drug_across_dose,null,0.01040446
same_line_drug_across_dose,null,0.026680607
same_line_drug_across_dose,null,-0.03205773
same_line_drug_across_dose,null,-0.008655919
same_line_drug_across_dose,null,0.011978254
same_line_drug_across_dose,null,-0.030629488
same_line_drug_across_dose,null,0.02068939
same_line_drug_across_dose,null,-0.01834806
same_line_drug_across_dose,null,0.013588418
same_line_drug_across_dose,null,0.0011164992
same_line_drug_across_dose,null,0.046837818
same_line_drug_across_dose,null,-0.015510183
same_line_drug_across_dose,null,0.029737739
same_line_drug_across_dose,null,0.022003654
same_line_drug_across_dose,null,0.0030222165
same_line_drug_across_dose,null,-0.02574254
same_line_drug_across_dose,null,0.0009470753
same_line_drug_across_dose,null,-0.01520626
same_line_drug_across_dose,null,0.014186939
same_line_drug_across_dose,null,-0.0072957743
same_line_drug_across_dose,null,0.025837824
same_line_drug_across_dose,null,0.061604854
same_line_drug_across_dose,null,0.038147457
same_line_drug_across_dose,null,0.03797372
same_line_drug_across_dose,null,0.002954979
same_line_drug_across_dose,null,-0.028438333
same_line_drug_across_dose,null,-0.008229576
same_line_drug_across_dose,null,-0.027012097
same_line_drug_across_dose,null,-0.058138113
same_line_drug_across_dose,null,-0.06833215
same_line_drug_across_dose,null,-0.019087413
same_line_drug_across_dose,null,0.09502415
same_line_drug_across_dose,null,0.008573234
same_line_drug_across_dose,null,0.009272059
same_line_drug_across_dose,null,-0.026219908
same_line_drug_across_dose,null,0.011298029
same_line_drug_across_dose,null,-0.0105895335
same_line_drug_across_dose,null,-0.007759589
same_line_drug_across_dose,null,-0.015767915
same_line_drug_across_dose,null,0.024376811
same_line_drug_across_dose,null,0.0065599913
same_line_drug_across_dose,null,0.016931968
same_line_drug_across_dose,null,0.028843228
same_line_drug_across_dose,null,-0.037800305
same_line_drug_across_dose,null,-0.025893401
same_line_drug_across_dose,null,-0.033515256
same_line_drug_across_dose,null,-0.017230917
same_line_drug_across_dose,null,0.13959722
same_line_drug_across_dose,null,0.020917919
same_line_drug_across_dose,null,0.0067699268
same_line_drug_across_dose,null,0.027175289
same_line_drug_across_dose,null,0.058539372
same_line_drug_across_dose,null,-0.0376774
same_line_drug_across_dose,null,0.00717581
same_line_drug_across_dose,null,-0.04957124
same_line_drug_across_dose,null,-0.044532154
same_line_drug_across_dose,null,0.013356628
same_line_drug_across_dose,null,0.033503823
same_line_drug_across_dose,null,-0.05498718
same_line_drug_across_dose,null,0.012254778
same_line_drug_across_dose,null,-0.03498761
same_line_drug_across_dose,null,-0.027464114
same_line_drug_across_dose,null,0.017297873
same_line_drug_across_dose,null,-0.001044002
same_line_drug_across_dose,null,0.05859928
same_line_drug_across_dose,null,0.043976475
same_line_drug_across_dose,null,0.0031458994
same_line_drug_across_dose,null,-0.006160126
same_line_drug_across_dose,null,-0.04900831
same_line_drug_across_dose,null,-0.027634861
same_line_drug_across_dose,null,0.037512466
same_line_drug_across_dose,null,-0.041669775
same_line_drug_across_dose,null,-0.035994727
same_line_drug_across_dose,null,0.03592233
same_line_drug_across_dose,null,-0.0025815011
same_line_drug_across_dose,null,0.012257587
same_line_drug_across_dose,null,-0.022599591
same_line_drug_across_dose,null,-0.05006711
same_line_drug_across_dose,null,0.024819266
same_line_drug_across_dose,null,-0.025516901
same_line_drug_across_dose,null,0.0014706713
same_line_drug_across_dose,null,0.048728973
same_line_drug_across_dose,null,0.014903713
same_line_drug_across_dose,null,-0.025354534
same_line_drug_across_dose,null,0.003970695
same_line_drug_across_dose,null,-0.00021977216
same_line_drug_across_dose,null,0.007962184
same_line_drug_across_dose,null,-0.0067737373
same_line_drug_across_dose,null,-0.0027888222
same_line_drug_across_dose,null,-0.02809752
same_line_drug_across_dose,null,0.0391768
same_line_drug_across_dose,null,0.0017152926
same_line_drug_across_dose,null,0.005325476
same_line_drug_across_dose,null,0.011652599
same_line_drug_across_dose,null,0.016296344
same_line_drug_across_dose,null,-0.00977897
same_line_drug_across_dose,null,0.018518584
same_line_drug_across_dose,null,-0.008072003
same_line_drug_across_dose,null,-0.05855523
same_line_drug_across_dose,null,-0.025813285
same_line_drug_across_dose,null,-0.02928601
same_line_drug_across_dose,null,0.05302585
same_line_drug_across_dose,null,0.013091538
same_line_drug_across_dose,null,0.005208194
same_line_drug_across_dose,null,0.00077035185
same_line_drug_across_dose,null,0.027216585
same_line_drug_across_dose,null,0.0037406906
same_line_drug_across_dose,null,-0.037338596
same_line_drug_across_dose,null,-0.0011231276
same_line_drug_across_dose,null,-0.002717204
same_line_drug_across_dose,null,-0.029643664
same_line_drug_across_dose,null,-0.00029539177
same_line_drug_across_dose,null,0.002606718
same_line_drug_across_dose,null,-0.018836422
same_line_drug_across_dose,null,-0.028373893
same_line_drug_across_dose,null,-0.04946912
same_line_drug_across_dose,null,0.010293447
same_line_drug_across_dose,null,0.029162241
same_line_drug_across_dose,null,0.005170555
same_line_drug_across_dose,null,-0.020273438
same_line_drug_across_dose,null,0.05407331
same_line_drug_across_dose,null,-0.03405131
same_line_drug_across_dose,null,-0.019757748
same_line_drug_across_dose,null,0.0011616088
same_line_drug_across_dose,null,0.024016378
same_line_drug_across_dose,null,-0.037553094
same_line_drug_across_dose,null,0.00395464
same_line_drug_across_dose,null,0.013645255
same_line_drug_across_dose,null,0.021957656
same_line_drug_across_dose,null,0.032883566
same_line_drug_across_dose,null,0.020177688
same_line_drug_across_dose,null,0.0012190945
same_line_drug_across_dose,null,0.02468824
same_line_drug_across_dose,null,0.036371663
same_line_drug_across_dose,null,-0.03442157
same_line_drug_across_dose,null,-0.008108862
same_line_drug_across_dose,null,-0.009156319
same_line_drug_across_dose,null,0.19040656
same_line_drug_across_dose,null,0.0009246998
same_line_drug_across_dose,null,0.006731268
same_line_drug_across_dose,null,-0.023923634
same_line_drug_across_dose,null,0.039764136
same_line_drug_across_dose,null,0.02780915
same_line_drug_across_dose,null,0.050916217
same_line_drug_across_dose,null,0.0162334
same_line_drug_across_dose,null,-0.00611514
same_line_drug_across_dose,null,0.02926058
same_line_drug_across_dose,null,-0.020808594
same_line_drug_across_dose,null,0.033684444
same_line_drug_across_dose,null,0.009306281
same_line_drug_across_dose,null,0.0116094155
same_line_drug_across_dose,null,0.046488002
same_line_drug_across_dose,null,-0.015298566
same_line_drug_across_dose,null,0.01878292
same_line_drug_across_dose,null,-0.004593812
same_line_drug_across_dose,null,-0.0104321
same_line_drug_across_dose,null,-0.018571503
same_line_drug_across_dose,null,0.01764171
same_line_drug_across_dose,null,0.05055578
same_line_drug_across_dose,null,-0.0053174347
same_line_drug_across_dose,null,-0.034339666
same_line_drug_across_dose,null,0.0241933
same_line_drug_across_dose,null,-0.01503606
same_line_drug_across_dose,null,-0.0077424645
same_line_drug_across_dose,null,0.052249208
same_line_drug_across_dose,null,0.056945466
same_line_drug_across_dose,null,0.028234819
same_line_drug_across_dose,null,-0.03369739
same_line_drug_across_dose,null,-0.030862637
same_line_drug_across_dose,null,0.04097042
same_line_drug_across_dose,null,0.0007360144
same_line_drug_across_dose,null,0.03219332
same_line_drug_across_dose,null,-0.069000505
same_line_drug_across_dose,null,0.0011792639
same_line_drug_across_dose,null,0.029099952
same_line_drug_across_dose,null,0.013554974
same_line_drug_across_dose,null,-2.3305043e-05
same_line_drug_across_dose,null,0.0018930408
same_line_drug_across_dose,null,-0.03312474
same_line_drug_across_dose,null,-0.00080937945
same_line_drug_across_dose,null,0.015957553
same_line_drug_across_dose,null,-0.022721298
same_line_drug_across_dose,null,0.021814233
same_line_drug_across_dose,null,-0.02880262
same_line_drug_across_dose,null,-0.022798428
same_line_drug_across_dose,null,0.020689502
same_line_drug_across_dose,null,0.005969993
same_line_drug_across_dose,null,0.024231218
same_line_drug_across_dose,null,0.003713864
same_line_drug_across_dose,null,0.04785387
same_line_drug_across_dose,null,-0.0007900296
same_line_drug_across_dose,null,0.03663377
same_line_drug_across_dose,null,-0.010148055
same_line_drug_across_dose,null,-0.0015191454
same_line_drug_across_dose,null,-0.01808425
same_line_drug_across_dose,null,-0.026922425
same_line_drug_across_dose,null,0.00042154544
same_line_drug_across_dose,null,0.011858615
same_line_drug_across_dose,null,-0.0034133813
same_line_drug_across_dose,null,0.05964486
same_line_drug_across_dose,null,0.0063811126
same_line_drug_across_dose,null,-0.032282673
same_line_drug_across_dose,null,-0.010815522
same_line_drug_across_dose,null,-0.018190514
same_line_drug_across_dose,null,0.01424326
same_line_drug_across_dose,null,0.007619862
same_line_drug_across_dose,null,0.027173558
same_line_drug_across_dose,null,0.031475335
same_line_drug_across_dose,null,0.044011846
same_line_drug_across_dose,null,0.00072007265
same_line_drug_across_dose,null,0.057670426
same_line_drug_across_dose,null,-0.0008787951
same_line_drug_across_dose,null,0.012294469
same_line_drug_across_dose,null,-0.05437695
same_line_drug_across_dose,null,-0.04475536
same_line_drug_across_dose,null,0.028217375
same_line_drug_across_dose,null,0.048810728
same_line_drug_across_dose,null,-0.026520692
same_line_drug_across_dose,null,-0.012646601
same_line_drug_across_dose,null,0.04233349
same_line_drug_across_dose,null,-0.0017184924
same_line_drug_across_dose,null,-0.027729949
same_line_drug_across_dose,null,-0.0065702656
same_line_drug_across_dose,null,-0.0058352784
same_line_drug_across_dose,null,-0.015881734
same_line_drug_across_dose,null,0.007244911
same_line_drug_across_dose,null,0.0069602514
same_line_drug_across_dose,null,-0.08649916
same_line_drug_across_dose,null,-0.0178536
same_line_drug_across_dose,null,0.011071196
same_line_drug_across_dose,null,-0.006233605
same_line_drug_across_dose,null,-0.006929088
same_line_drug_across_dose,null,0.057507306
same_line_drug_across_dose,null,-0.05730674
same_line_drug_across_dose,null,-0.009097587
same_line_drug_across_dose,null,0.0068977913
same_line_drug_across_dose,null,0.052611
same_line_drug_across_dose,null,0.013271923
same_line_drug_across_dose,null,0.0022870551
same_line_drug_across_dose,null,0.045135435
same_line_drug_across_dose,null,-0.013425828
same_line_drug_across_dose,null,-0.020426774
same_line_drug_across_dose,null,-0.039336074
same_line_drug_across_dose,null,0.013393083
same_line_drug_across_dose,null,-0.021667577
same_line_drug_across_dose,null,0.040927585
same_line_drug_across_dose,null,-0.0017963778
same_line_drug_across_dose,null,0.003957073
same_line_drug_across_dose,null,-0.02578046
same_line_drug_across_dose,null,-0.006010798
same_line_drug_across_dose,null,-0.03812927
same_line_drug_across_dose,null,0.078378975
same_line_drug_across_dose,null,0.008529729
same_line_drug_across_dose,null,0.006421066
same_line_drug_across_dose,null,-0.021736454
same_line_drug_across_dose,null,-0.006485035
same_line_drug_across_dose,null,0.0075115478
same_line_drug_across_dose,null,-0.018698396
same_line_drug_across_dose,null,-0.014630489
same_line_drug_across_dose,null,0.016916363
same_line_drug_across_dose,null,0.009911759
same_line_drug_across_dose,null,-0.022520615
same_line_drug_across_dose,null,-0.014708376
same_line_drug_across_dose,null,0.023457881
same_line_drug_across_dose,null,0.031010842
same_line_drug_across_dose,null,-0.008152981
same_line_drug_across_dose,null,0.044027317
same_line_drug_across_dose,null,-0.04190676
same_line_drug_across_dose,null,-0.024303723
same_line_drug_across_dose,null,-0.034659427
same_line_drug_across_dose,null,-0.032408785
same_line_drug_across_dose,null,-0.0034841772
same_line_drug_across_dose,null,-0.031350855
same_line_drug_across_dose,null,0.027501518
same_line_drug_across_dose,null,0.046836775
same_line_drug_across_dose,null,0.008379059
same_line_drug_across_dose,null,-0.0071181296
same_line_drug_across_dose,null,-0.015640672
same_line_drug_across_dose,null,0.053111766
same_line_drug_across_dose,null,0.005778099
same_line_drug_across_dose,null,-0.0024128798
same_line_drug_across_dose,null,8.624144e-05
same_line_drug_across_dose,null,0.018538207
same_line_drug_across_dose,null,0.0008978673
same_line_drug_across_dose,null,-0.037951816
same_line_drug_across_dose,null,0.030355422
same_line_drug_across_dose,null,0.016891966
same_line_drug_across_dose,null,-0.021751113
same_line_drug_across_dose,null,-0.015608023
same_line_drug_across_dose,null,0.034869518
same_line_drug_across_dose,null,-0.0011153985
same_line_drug_across_dose,null,0.049362577
same_line_drug_across_dose,null,0.05328365
same_line_drug_across_dose,null,-0.007629179
same_line_drug_across_dose,null,0.004169169
same_line_drug_across_dose,null,0.02391869
same_line_drug_across_dose,null,-0.05610246
same_line_drug_across_dose,null,0.008631742
same_line_drug_across_dose,null,-0.043058876
same_line_drug_across_dose,null,-0.025482848
same_line_drug_across_dose,null,0.026161648
same_line_drug_across_dose,null,3.709035e-05
same_line_drug_across_dose,null,0.011503252
same_line_drug_across_dose,null,0.025023658
same_line_drug_across_dose,null,-0.0044549773
same_line_drug_across_dose,null,0.004937103
same_line_drug_across_dose,null,-0.030633047
same_line_drug_across_dose,null,-0.0062425165
same_line_drug_across_dose,null,0.034894444
same_line_drug_across_dose,null,0.023457915
same_line_drug_across_dose,null,-0.021997306
same_line_drug_across_dose,null,0.0100611895
same_line_drug_across_dose,null,0.03830938
same_line_drug_across_dose,null,-0.07495873
same_line_drug_across_dose,null,0.015710194
same_line_drug_across_dose,null,-0.02074332
same_line_drug_across_dose,null,-0.020548599
same_line_drug_across_dose,null,-0.04992389
same_line_drug_across_dose,null,0.0077014277
same_line_drug_across_dose,null,0.03223425
same_line_drug_across_dose,null,0.04450409
same_line_drug_across_dose,null,-0.0070728036
same_line_drug_across_dose,null,0.027981471
same_line_drug_across_dose,null,0.006954015
same_line_drug_across_dose,null,0.025522372
same_line_drug_across_dose,null,-0.006015651
same_line_drug_across_dose,null,-0.043505054
same_line_drug_across_dose,null,0.01619306
same_line_drug_across_dose,null,0.04209247
same_line_drug_across_dose,null,0.00013625761
same_line_drug_across_dose,null,-0.04257231
same_line_drug_across_dose,null,0.0022304438
same_line_drug_across_dose,null,0.05893934
same_line_drug_across_dose,null,0.022874923
same_line_drug_across_dose,null,-0.008659653
same_line_drug_across_dose,null,0.036417928
same_line_drug_across_dose,null,-0.046859566
same_line_drug_across_dose,null,-0.055353604
same_line_drug_across_dose,null,0.018876288
same_line_drug_across_dose,null,-0.010438767
same_line_drug_across_dose,null,-0.014461107
same_line_drug_across_dose,null,-0.003839419
same_line_drug_across_dose,null,0.039622594
same_line_drug_across_dose,null,0.04437224
same_line_drug_across_dose,null,0.11573686
same_line_drug_across_dose,null,0.0004595995
same_line_drug_across_dose,null,-0.025699459
same_line_drug_across_dose,null,-0.02771075
same_line_drug_across_dose,null,0.048462592
same_line_drug_across_dose,null,-0.026243778
same_line_drug_across_dose,null,0.0100915395
same_line_drug_across_dose,null,-0.02678845
same_line_drug_across_dose,null,0.071435645
same_line_drug_across_dose,null,-0.028955497
same_line_drug_across_dose,null,-0.0110777905
same_line_drug_across_dose,null,0.015625099
same_line_drug_across_dose,null,0.087821394
same_line_drug_across_dose,null,0.0006800997
same_line_drug_across_dose,null,0.0053724865
same_line_drug_across_dose,null,0.0068521043
same_line_drug_across_dose,null,0.02601503
same_line_drug_across_dose,null,-0.00507606
same_line_drug_across_dose,null,-0.022237765
same_line_drug_across_dose,null,-0.0021916453
same_line_drug_across_dose,null,-0.002064319
same_line_drug_across_dose,null,-0.018800411
same_line_drug_across_dose,null,-0.00060241844
same_line_drug_across_dose,null,0.022959432
same_line_drug_across_dose,null,-0.03013033
same_line_drug_across_dose,null,-0.0067958385
same_line_drug_across_dose,null,0.0818831
same_line_drug_across_dose,null,-0.001330568
same_line_drug_across_dose,null,0.024686664
same_line_drug_across_dose,null,0.0017184439
same_line_drug_across_dose,null,-0.04451496
same_line_drug_across_dose,null,0.0056466386
same_line_drug_across_dose,null,0.0037707223
same_line_drug_across_dose,null,0.017646318
same_line_drug_across_dose,null,0.0066058394
same_line_drug_across_dose,null,0.098818816
same_line_drug_across_dose,null,0.024266945
same_line_drug_across_dose,null,0.023721427
same_line_drug_across_dose,null,-0.05085255
same_line_drug_across_dose,null,0.0010359163
same_line_drug_across_dose,null,0.016604539
same_line_drug_across_dose,null,-0.050626338
same_line_drug_across_dose,null,-0.019223863
same_line_drug_across_dose,null,-0.0005323476
same_line_drug_across_dose,null,0.0053563076
same_line_drug_across_dose,null,-0.033703104
same_line_drug_across_dose,null,-0.02594957
same_line_drug_across_dose,null,0.042215694
same_line_drug_across_dose,null,0.045204256
same_line_drug_across_dose,null,-0.04300868
same_line_drug_across_dose,null,0.009530651
same_line_drug_across_dose,null,0.023753444
same_line_drug_across_dose,null,0.02726399
same_line_drug_across_dose,null,-0.012235757
same_line_drug_across_dose,null,-0.024328813
same_line_drug_across_dose,null,0.022780348
same_line_drug_across_dose,null,0.012319626
same_line_drug_across_dose,null,0.029098209
same_line_drug_across_dose,null,0.013194678
same_line_drug_across_dose,null,-0.023850923
same_line_drug_across_dose,null,-0.05168821
same_line_drug_across_dose,null,-0.03191678
same_line_drug_across_dose,null,-0.0009872975
same_line_drug_across_dose,null,0.008117831
same_line_drug_across_dose,null,0.015805913
same_line_drug_across_dose,null,0.028544065
same_line_drug_across_dose,null,0.039748345
same_line_drug_across_dose,null,0.028890368
same_line_drug_across_dose,null,-0.013354007
same_line_drug_across_dose,null,0.0052070613
same_line_drug_across_dose,null,0.03627096
same_line_drug_across_dose,null,0.00020521393
same_line_drug_across_dose,null,-0.032801453
same_line_drug_across_dose,null,0.029175596
same_line_drug_across_dose,null,0.014443937
same_line_drug_across_dose,null,-0.08484119
same_line_drug_across_dose,null,0.006588308
same_line_drug_across_dose,null,0.022776643
same_line_drug_across_dose,null,-0.004494602
same_line_drug_across_dose,null,-0.015661541
same_line_drug_across_dose,null,-0.011977831
same_line_drug_across_dose,null,-0.04563255
same_line_drug_across_dose,null,0.022178989
same_line_drug_across_dose,null,0.038375456
same_line_drug_across_dose,null,0.050963454
same_line_drug_across_dose,null,0.0038578715
same_line_drug_across_dose,null,-0.005711033
same_line_drug_across_dose,null,-0.0012426687
same_line_drug_across_dose,null,-0.023019059
same_line_drug_across_dose,null,-0.012414401
same_line_drug_across_dose,null,0.011706269
same_line_drug_across_dose,null,0.0072219297
same_line_drug_across_dose,null,-0.027344933
same_line_drug_across_dose,null,-0.0050236075
same_line_drug_across_dose,null,0.02649465
same_line_drug_across_dose,null,0.025108289
same_line_drug_across_dose,null,0.026854455
same_line_drug_across_dose,null,0.069821626
same_line_drug_across_dose,null,-0.017353622
same_line_drug_across_dose,null,0.04378889
same_line_drug_across_dose,null,0.0031116763
same_line_drug_across_dose,null,0.0013774786
same_line_drug_across_dose,null,-0.0007947854
same_line_drug_across_dose,null,0.012919547
same_line_drug_across_dose,null,0.0029046736
same_line_drug_across_dose,null,-0.02968542
same_line_drug_across_dose,null,0.0041220575
same_line_drug_across_dose,null,0.026024548
same_line_drug_across_dose,null,0.0049052574
same_line_drug_across_dose,null,0.02264131
same_line_drug_across_dose,null,-0.045580775
same_line_drug_across_dose,null,-0.05761757
same_line_drug_across_dose,null,0.03164051
same_line_drug_across_dose,null,-0.020446435
same_line_drug_across_dose,null,0.027810315
same_line_drug_across_dose,null,-0.0003217347
same_line_drug_across_dose,null,0.028796155
same_line_drug_across_dose,null,0.014470136
same_line_drug_across_dose,null,-0.009358814
same_line_drug_across_dose,null,0.08491469
same_line_drug_across_dose,null,-0.021466136
same_line_drug_across_dose,null,-0.044504438
same_line_drug_across_dose,null,-0.035190716
same_line_drug_across_dose,null,0.03245112
same_line_drug_across_dose,null,0.02424041
same_line_drug_across_dose,null,-0.019265827
same_line_drug_across_dose,null,0.03153086
same_line_drug_across_dose,null,0.029518642
same_line_drug_across_dose,null,-0.03408787
same_line_drug_across_dose,null,-0.018955566
same_line_drug_across_dose,null,0.01509719
same_line_drug_across_dose,null,-0.042682394
same_line_drug_across_dose,null,0.016687658
same_line_drug_across_dose,null,-0.005331719
same_line_drug_across_dose,null,-0.027435983
same_line_drug_across_dose,null,-0.023379335
same_line_drug_across_dose,null,-0.02892793
same_line_drug_across_dose,null,0.043614842
same_line_drug_across_dose,null,0.007627563
same_line_drug_across_dose,null,-0.030834481
same_line_drug_across_dose,null,-0.018119385
same_line_drug_across_dose,null,0.0001618002
same_line_drug_across_dose,null,-0.004702754
same_line_drug_across_dose,null,0.051091034
same_line_drug_across_dose,null,-0.06783572
same_line_drug_across_dose,null,-0.013072572
same_line_drug_across_dose,null,0.017406907
same_line_drug_across_dose,null,0.044944815
same_line_drug_across_dose,null,0.01114123
same_line_drug_across_dose,null,0.051237725
same_line_drug_across_dose,null,0.009133622
same_line_drug_across_dose,null,0.012068326
same_line_drug_across_dose,null,0.01595616
same_line_drug_across_dose,null,-0.022459354
same_line_drug_across_dose,null,-0.097803295
same_line_drug_across_dose,null,-0.028993921
same_line_drug_across_dose,null,-0.015643986
same_line_drug_across_dose,null,-0.019195808
same_line_drug_across_dose,null,0.00078195543
same_line_drug_across_dose,null,0.025935896
same_line_drug_across_dose,null,0.0382236
same_line_drug_across_dose,null,0.0021673741
same_line_drug_across_dose,null,0.00932801
same_line_drug_across_dose,null,0.0066972817
same_line_drug_across_dose,null,-0.006088427
same_line_drug_across_dose,null,0.024666239
same_line_drug_across_dose,null,0.026108224
same_line_drug_across_dose,null,-0.08118698
same_line_drug_across_dose,null,0.020395573
same_line_drug_across_dose,null,-0.020937337
same_line_drug_across_dose,null,-0.009037836
same_line_drug_across_dose,null,-0.008518644
same_line_drug_across_dose,null,0.073152825
same_line_drug_across_dose,null,-0.06389337
same_line_drug_across_dose,null,0.041067682
same_line_drug_across_dose,null,0.02674482
same_line_drug_across_dose,null,-0.029728036
same_line_drug_across_dose,null,0.003412791
same_line_drug_across_dose,null,0.044151973
same_line_drug_across_dose,null,-0.014710651
same_line_drug_across_dose,null,-0.035720672
same_line_drug_across_dose,null,0.012819219
same_line_drug_across_dose,null,-0.0013739706
same_line_drug_across_dose,null,-0.029760156
same_line_drug_across_dose,null,-0.017303934
same_line_drug_across_dose,null,0.01728088
same_line_drug_across_dose,null,-0.0045460695
same_line_drug_across_dose,null,0.057361487
same_line_drug_across_dose,null,0.0027155234
same_line_drug_across_dose,null,0.032008383
same_line_drug_across_dose,null,0.023189092
same_line_drug_across_dose,null,-0.027126279
same_line_drug_across_dose,null,0.011935285
same_line_drug_across_dose,null,-0.011286887
same_line_drug_across_dose,null,0.0006431948
same_line_drug_across_dose,null,-0.071175665
same_line_drug_across_dose,null,0.00023510597
same_line_drug_across_dose,null,0.0061167153
same_line_drug_across_dose,null,0.023722932
same_line_drug_across_dose,null,-0.041007835
same_line_drug_across_dose,null,-0.016024645
same_line_drug_across_dose,null,-0.09951339
same_line_drug_across_dose,null,0.05241558
same_line_drug_across_dose,null,-0.08484277
same_line_drug_across_dose,null,0.0021608116
same_line_drug_across_dose,null,0.06628952
same_line_drug_across_dose,null,0.023210518
same_line_drug_across_dose,null,0.04708904
same_line_drug_across_dose,null,0.016855782
same_line_drug_across_dose,null,-0.0144895585
same_line_drug_across_dose,null,-0.052630782
same_line_drug_across_dose,null,0.0006526718
same_line_drug_across_dose,null,0.03542171
same_line_drug_across_dose,null,-0.029432137
same_line_drug_across_dose,null,-0.032565307
same_line_drug_across_dose,null,0.02011467
same_line_drug_across_dose,null,-0.083474636
same_line_drug_across_dose,null,-0.05025201
same_line_drug_across_dose,null,0.020399239
same_line_drug_across_dose,null,0.0011748862
same_line_drug_across_dose,null,-0.030382484
same_line_drug_across_dose,null,0.034239378
same_line_drug_across_dose,null,-0.02957645
same_line_drug_across_dose,null,-0.016378855
same_line_drug_across_dose,null,-0.027752941
same_line_drug_across_dose,null,0.015769403
same_line_drug_across_dose,null,0.033072885
same_line_drug_across_dose,null,0.016582789
same_line_drug_across_dose,null,0.010730368
same_line_drug_across_dose,null,-0.028289204
same_line_drug_across_dose,null,0.06398199
same_line_drug_across_dose,null,0.00015482449
same_line_drug_across_dose,null,-0.052683607
same_line_drug_across_dose,null,-0.017709352
same_line_drug_across_dose,null,0.009069045
same_line_drug_across_dose,null,0.013227328
same_line_drug_across_dose,null,0.0077599864
same_line_drug_across_dose,null,0.01509872
same_line_drug_across_dose,null,0.017732264
same_line_drug_across_dose,null,0.015095115
same_line_drug_across_dose,null,-0.0004863501
same_line_drug_across_dose,null,0.04100109
same_line_drug_across_dose,null,-0.009214441
same_line_drug_across_dose,null,0.00894475
same_line_drug_across_dose,null,0.020145912
same_line_drug_across_dose,null,0.033915233
same_line_drug_across_dose,null,0.035224423
same_line_drug_across_dose,null,0.0041659656
same_line_drug_across_dose,null,0.0017581495
same_line_drug_across_dose,null,-0.04893183
same_line_drug_across_dose,null,0.065330595
same_line_drug_across_dose,null,-0.012303648
same_line_drug_across_dose,null,-0.00041352367
same_line_drug_across_dose,null,0.025527863
same_line_drug_across_dose,null,0.01813313
same_line_drug_across_dose,null,0.033804234
same_line_drug_across_dose,null,0.03390898
same_line_drug_across_dose,null,0.019260418
same_line_drug_across_dose,null,0.0016747836
same_line_drug_across_dose,null,-0.0024392006
same_line_drug_across_dose,null,0.012748127
same_line_drug_across_dose,null,0.048802976
same_line_drug_across_dose,null,0.005361861
same_line_drug_across_dose,null,0.025098147
same_line_drug_across_dose,null,-0.015801612
same_line_drug_across_dose,null,-0.006814567
same_line_drug_across_dose,null,-0.0034231315
same_line_drug_across_dose,null,0.00055628084
same_line_drug_across_dose,null,0.023954738
same_line_drug_across_dose,null,-0.041730303
same_line_drug_across_dose,null,0.036479414
same_line_drug_across_dose,null,-0.011641169
same_line_drug_across_dose,null,-0.012673406
same_line_drug_across_dose,null,0.023908662
same_line_drug_across_dose,null,0.04594462
same_line_drug_across_dose,null,-0.042441197
same_line_drug_across_dose,null,-0.009227894
same_line_drug_across_dose,null,0.01971244
same_line_drug_across_dose,null,0.01419357
same_line_drug_across_dose,null,0.0078494605
same_line_drug_across_dose,null,0.03758718
same_line_drug_across_dose,null,0.0483436
same_line_drug_across_dose,null,-0.03878882
same_line_drug_across_dose,null,-0.004829574
same_line_drug_across_dose,null,-0.012821859
same_line_drug_across_dose,null,0.01629708
same_line_drug_across_dose,null,0.021586122
same_line_drug_across_dose,null,0.022126365
same_line_drug_across_dose,null,-0.016192097
same_line_drug_across_dose,null,-0.0051269266
same_line_drug_across_dose,null,-0.009157858
same_line_drug_across_dose,null,0.002915259
same_line_drug_across_dose,null,0.023267362
same_line_drug_across_dose,null,0.014312948
same_line_drug_across_dose,null,-0.022983769
same_line_drug_across_dose,null,-0.016365621
same_line_drug_across_dose,null,-0.008445272
same_line_drug_across_dose,null,-0.05598
same_line_drug_across_dose,null,-0.006427634
same_line_drug_across_dose,null,-0.0058442717
same_line_drug_across_dose,null,0.002183528
same_line_drug_across_dose,null,0.027484259
same_line_drug_across_dose,null,0.019422041
same_line_drug_across_dose,null,-0.017606005
same_line_drug_across_dose,null,0.027695637
same_line_drug_across_dose,null,0.045735795
same_line_drug_across_dose,null,0.0057642874
same_line_drug_across_dose,null,-0.045156594
same_line_drug_across_dose,null,-0.042565275
same_line_drug_across_dose,null,0.037357785
same_line_drug_across_dose,null,0.02952015
same_line_drug_across_dose,null,-0.0037015157
same_line_drug_across_dose,null,0.014997026
same_line_drug_across_dose,null,0.005965315
same_line_drug_across_dose,null,0.034746125
same_line_drug_across_dose,null,-0.003637687
same_line_drug_across_dose,null,-0.0115439985
same_line_drug_across_dose,null,0.018421745
same_line_drug_across_dose,null,0.018381411
same_line_drug_across_dose,null,-0.02130325
same_line_drug_across_dose,null,-0.054749496
same_line_drug_across_dose,null,-0.060514953
same_line_drug_across_dose,null,0.014126743
same_line_drug_across_dose,null,-0.02939405
same_line_drug_across_dose,null,-0.05774361
same_line_drug_across_dose,null,0.0059772306
same_line_drug_across_dose,null,-0.059234258
same_line_drug_across_dose,null,-0.03924031
same_line_drug_across_dose,null,0.018592648
same_line_drug_across_dose,null,-0.01791379
same_line_drug_across_dose,null,0.007549364
same_line_drug_across_dose,null,0.033198602
same_line_drug_across_dose,null,-0.012938933
same_line_drug_across_dose,null,-0.03212892
same_line_drug_across_dose,null,0.006877455
same_line_drug_across_dose,null,0.009710643
same_line_drug_across_dose,null,-0.014705677
same_line_drug_across_dose,null,-0.028539171
same_line_drug_across_dose,null,-0.028189518
same_line_drug_across_dose,null,-0.024719596
same_line_drug_across_dose,null,0.028335987
same_line_drug_across_dose,null,-0.0038564133
same_line_drug_across_dose,null,-0.021424811
same_line_drug_across_dose,null,0.012349676
same_line_drug_across_dose,null,-0.026750777
same_line_drug_across_dose,null,-0.0055176066
same_line_drug_across_dose,null,-0.02619593
same_line_drug_across_dose,null,0.006870596
same_line_drug_across_dose,null,0.0391115
same_line_drug_across_dose,null,-0.04031661
same_line_drug_across_dose,null,0.012498718
same_line_drug_across_dose,null,-0.008243368
same_line_drug_across_dose,null,-0.031293757
same_line_drug_across_dose,null,-0.027795335
same_line_drug_across_dose,null,-0.0042954725
same_line_drug_across_dose,null,0.022848196
same_line_drug_across_dose,null,-0.01412417
same_line_drug_across_dose,null,0.016159747
same_line_drug_across_dose,null,-0.061174963
same_line_drug_across_dose,null,0.010708448
same_line_drug_across_dose,null,-0.018181162
same_line_drug_across_dose,null,-0.003830476
same_line_drug_across_dose,null,-0.0026290058
same_line_drug_across_dose,null,0.0076785167
same_line_drug_across_dose,null,-0.102262914
same_line_drug_across_dose,null,-0.05923233
same_line_drug_across_dose,null,-0.022498524
same_line_drug_across_dose,null,-0.00087761774
same_line_drug_across_dose,null,0.000729855
same_line_drug_across_dose,null,-0.05847151
same_line_drug_across_dose,null,-0.032766145
same_line_drug_across_dose,null,0.00013488227
same_line_drug_across_dose,null,-0.0060620685
same_line_drug_across_dose,null,0.016369173
same_line_drug_across_dose,null,-0.033755433
same_line_drug_across_dose,null,-0.020631075
same_line_drug_across_dose,null,0.029603451
same_line_drug_across_dose,null,-0.020381061
same_line_drug_across_dose,null,0.016130252
same_line_drug_across_dose,null,-0.009602977
same_line_drug_across_dose,null,-0.016305547
same_line_drug_across_dose,null,-0.0015592229
same_line_drug_across_dose,null,-0.035848815
same_line_drug_across_dose,null,0.02053546
same_line_drug_across_dose,null,0.012330608
same_line_drug_across_dose,null,-0.01917134
same_line_drug_across_dose,null,-0.005746053
same_line_drug_across_dose,null,0.037779287
same_line_drug_across_dose,null,0.008657106
same_line_drug_across_dose,null,-0.04897366
same_line_drug_across_dose,null,0.007433837
same_line_drug_across_dose,null,-0.019843515
same_line_drug_across_dose,null,0.0009009186
same_line_drug_across_dose,null,-0.04440592
same_line_drug_across_dose,null,-0.021702355
same_line_drug_across_dose,null,0.0122821275
same_line_drug_across_dose,null,0.0443349
same_line_drug_across_dose,null,0.030790508
same_line_drug_across_dose,null,-0.028273074
same_line_drug_across_dose,null,0.020899506
same_line_drug_across_dose,null,-0.007957114
same_line_drug_across_dose,null,-0.012289582
same_line_drug_across_dose,null,-0.017305568
same_line_drug_across_dose,null,0.053661957
same_line_drug_across_dose,null,0.009266552
same_line_drug_across_dose,null,-0.016358003
same_line_drug_across_dose,null,-0.061833534
same_line_drug_across_dose,null,0.040661853
same_line_drug_across_dose,null,-0.020838303
same_line_drug_across_dose,null,0.022207363
same_line_drug_across_dose,null,-0.013150535
same_line_drug_across_dose,null,0.001137393
same_line_drug_across_dose,null,0.028686054
same_line_drug_across_dose,null,-0.020436706
same_line_drug_across_dose,null,-0.0073309136
same_line_drug_across_dose,null,-0.009646187
same_line_drug_across_dose,null,-0.013781145
same_line_drug_across_dose,null,-0.015455856
same_line_drug_across_dose,null,-0.007218212
same_line_drug_across_dose,null,-0.03627281
same_line_drug_across_dose,null,-0.050436486
same_line_drug_across_dose,null,-0.055886358
same_line_drug_across_dose,null,0.007032806
same_line_drug_across_dose,null,0.0015940686
same_line_drug_across_dose,null,-0.0019054915
same_line_drug_across_dose,null,0.026993271
same_line_drug_across_dose,null,0.040912867
same_line_drug_across_dose,null,0.007795315
same_line_drug_across_dose,null,0.17541945
same_line_drug_across_dose,null,0.009768761
same_line_drug_across_dose,null,0.0009420277
same_line_drug_across_dose,null,0.07368953
same_line_drug_across_dose,null,-0.0051546087
same_line_drug_across_dose,null,-0.006224882
same_line_drug_across_dose,null,-0.008092949
same_line_drug_across_dose,null,0.03393634
same_line_drug_across_dose,null,0.0069716414
same_line_drug_across_dose,null,-0.023046229
same_line_drug_across_dose,null,-0.023933047
same_line_drug_across_dose,null,0.012592999
same_line_drug_across_dose,null,0.011786624
same_line_drug_across_dose,null,-0.0013535306
same_line_drug_across_dose,null,-0.018160753
same_line_drug_across_dose,null,-0.055361018
same_line_drug_across_dose,null,-0.02275972
same_line_drug_across_dose,null,0.00204156
same_line_drug_across_dose,null,0.018444687
same_line_drug_across_dose,null,0.0047594924
same_line_drug_across_dose,null,0.023817694
same_line_drug_across_dose,null,0.0066118697
same_line_drug_across_dose,null,0.0194896
same_line_drug_across_dose,null,-0.012497396
same_line_drug_across_dose,null,0.0075162654
same_line_drug_across_dose,null,0.020887531
same_line_drug_across_dose,null,-0.0101417275
same_line_drug_across_dose,null,0.029278863
same_line_drug_across_dose,null,-0.06057582
same_line_drug_across_dose,null,0.034673434
same_line_drug_across_dose,null,-0.011749447
same_line_drug_across_dose,null,-0.00307782
same_line_drug_across_dose,null,0.002744348
same_line_drug_across_dose,null,-0.025112806
same_line_drug_across_dose,null,-0.008264664
same_line_drug_across_dose,null,0.005338643
same_line_drug_across_dose,null,-0.015004303
same_line_drug_across_dose,null,0.0058282414
same_line_drug_across_dose,null,-0.031701513
same_line_drug_across_dose,null,0.015625091
same_line_drug_across_dose,null,-0.056024026
same_line_drug_across_dose,null,0.0054234276
same_line_drug_across_dose,null,-0.034004293
same_line_drug_across_dose,null,0.0098179495
same_line_drug_across_dose,null,0.01443338
same_line_drug_across_dose,null,0.0015575523
same_line_drug_across_dose,null,-0.020611396
same_line_drug_across_dose,null,0.018315194
same_line_drug_across_dose,null,-0.01909486
same_line_drug_across_dose,null,0.027376443
same_line_drug_across_dose,null,-0.0076691355
same_line_drug_across_dose,null,0.019548971
same_line_drug_across_dose,null,-0.010105234
same_line_drug_across_dose,null,0.015047754
same_line_drug_across_dose,null,-0.008745085
same_line_drug_across_dose,null,0.0047595105
same_line_drug_across_dose,null,-0.024895314
same_line_drug_across_dose,null,0.005041395
same_line_drug_across_dose,null,0.022779075
same_line_drug_across_dose,null,0.0015660841
same_line_drug_across_dose,null,0.0024054493
same_line_drug_across_dose,null,0.0015758995
same_line_drug_across_dose,null,0.040269706
same_line_drug_across_dose,null,-0.010591063
same_line_drug_across_dose,null,0.020024719
same_line_drug_across_dose,null,-0.03957701
same_line_drug_across_dose,null,0.0019265538
same_line_drug_across_dose,null,0.031459574
same_line_drug_across_dose,null,-0.03336593
same_line_drug_across_dose,null,0.0003220244
same_line_drug_across_dose,null,0.015565161
same_line_drug_across_dose,null,-0.020527182
same_line_drug_across_dose,null,-0.036444895
same_line_drug_across_dose,null,0.019620027
same_line_drug_across_dose,null,-0.02783589
same_line_drug_across_dose,null,0.02885693
same_line_drug_across_dose,null,0.011247284
same_line_drug_across_dose,null,0.028199932
same_line_drug_across_dose,null,-0.009965166
same_line_drug_across_dose,null,0.027043898
same_line_drug_across_dose,null,-0.0070901285
same_line_drug_across_dose,null,-0.022617264
same_line_drug_across_dose,null,0.01720617
same_line_drug_across_dose,null,0.0028561126
same_line_drug_across_dose,null,-0.009041877
same_line_drug_across_dose,null,-0.07710703
same_line_drug_across_dose,null,-0.015297106
same_line_drug_across_dose,null,-0.014127221
same_line_drug_across_dose,null,0.015779125
same_line_drug_across_dose,null,0.0036360612
same_line_drug_across_dose,null,0.033171467
same_line_drug_across_dose,null,0.04623321
same_line_drug_across_dose,null,0.016906003
same_line_drug_across_dose,null,0.0020679126
same_line_drug_across_dose,null,0.0057974514
same_line_drug_across_dose,null,0.027067121
same_line_drug_across_dose,null,0.00064337003
same_line_drug_across_dose,null,0.122275
same_line_drug_across_dose,null,0.033066086
same_line_drug_across_dose,null,0.034565493
same_line_drug_across_dose,null,-0.01307769
same_line_drug_across_dose,null,-0.0071910173
same_line_drug_across_dose,null,0.0288748
same_line_drug_across_dose,null,0.0076458007
same_line_drug_across_dose,null,0.007056278
same_line_drug_across_dose,null,-0.044546932
same_line_drug_across_dose,null,-0.0142074665
same_line_drug_across_dose,null,-0.039280493
same_line_drug_across_dose,null,0.021104176
same_line_drug_across_dose,null,-0.08508354
same_line_drug_across_dose,null,-0.02959866
same_line_drug_across_dose,null,-0.000906613
same_line_drug_across_dose,null,0.010647008
same_line_drug_across_dose,null,-0.01941544
same_line_drug_across_dose,null,-0.022515954
same_line_drug_across_dose,null,0.005675665
same_line_drug_across_dose,null,0.007289806
same_line_drug_across_dose,null,0.019553559
same_line_drug_across_dose,null,-0.02292514
same_line_drug_across_dose,null,-0.043066997
same_line_drug_across_dose,null,-0.03470998
same_line_drug_across_dose,null,-0.016425498
same_line_drug_across_dose,null,0.035083283
same_line_drug_across_dose,null,-0.016323933
same_line_drug_across_dose,null,-0.017357208
same_line_drug_across_dose,null,0.03173273
same_line_drug_across_dose,null,-0.0011377305
same_line_drug_across_dose,null,-0.006615951
same_line_drug_across_dose,null,0.003168495
same_line_drug_across_dose,null,0.03458546
same_line_drug_across_dose,null,-0.00030294596
same_line_drug_across_dose,null,0.013581056
same_line_drug_across_dose,null,-0.023551032
same_line_drug_across_dose,null,-0.016268408
same_line_drug_across_dose,null,0.003667514
same_line_drug_across_dose,null,-0.022298586
same_line_drug_across_dose,null,0.0083217295
same_line_drug_across_dose,null,0.018372502
same_line_drug_across_dose,null,0.0347992
same_line_drug_across_dose,null,-0.0020114747
same_line_drug_across_dose,null,0.04077621
same_line_drug_across_dose,null,-0.015768947
same_line_drug_across_dose,null,-0.012657252
same_line_drug_across_dose,null,0.0005794722
same_line_drug_across_dose,null,-0.013930015
same_line_drug_across_dose,null,-0.0503866
same_line_drug_across_dose,null,0.046920657
same_line_drug_across_dose,null,-0.027038572
same_line_drug_across_dose,null,0.033241775
same_line_drug_across_dose,null,0.0023642648
same_line_drug_across_dose,null,-0.002977545
same_line_drug_across_dose,null,0.024642505
same_line_drug_across_dose,null,-0.005887059
same_line_drug_across_dose,null,-0.021991754
same_line_drug_across_dose,null,-0.015353381
same_line_drug_across_dose,null,-0.025574578
same_line_drug_across_dose,null,0.0694383
same_line_drug_across_dose,null,0.007526047
same_line_drug_across_dose,null,0.025386814
same_line_drug_across_dose,null,-0.03836988
same_line_drug_across_dose,null,0.01168335
same_line_drug_across_dose,null,0.0022062636
same_line_drug_across_dose,null,0.03360681
same_line_drug_across_dose,null,0.031344395
same_line_drug_across_dose,null,-0.026907858
same_line_drug_across_dose,null,-0.03395424
same_line_drug_across_dose,null,-0.061992265
same_line_drug_across_dose,null,0.05019465
same_line_drug_across_dose,null,0.0036530276
same_line_drug_across_dose,null,0.044382665
same_line_drug_across_dose,null,-0.041610863
same_line_drug_across_dose,null,-0.010162566
same_line_drug_across_dose,null,0.03701136
same_line_drug_across_dose,null,-0.041366573
same_line_drug_across_dose,null,0.20956078
same_line_drug_across_dose,null,0.021211816
same_line_drug_across_dose,null,0.014267351
same_line_drug_across_dose,null,0.009853994
same_line_drug_across_dose,null,-0.024088101
same_line_drug_across_dose,null,-0.043671872
same_line_drug_across_dose,null,0.037332963
same_line_drug_across_dose,null,-0.012623984
same_line_drug_across_dose,null,-0.009630191
same_line_drug_across_dose,null,-0.002598314
same_line_drug_across_dose,null,-0.011776446
same_line_drug_across_dose,null,0.034960378
same_line_drug_across_dose,null,-0.01078761
same_line_drug_across_dose,null,-0.03223451
same_line_drug_across_dose,null,0.012052285
same_line_drug_across_dose,null,-0.0008043663
same_line_drug_across_dose,null,0.023208883
same_line_drug_across_dose,null,-0.0201596
same_line_drug_across_dose,null,0.034948666
same_line_drug_across_dose,null,-0.010166532
same_line_drug_across_dose,null,0.04011089
same_line_drug_across_dose,null,-0.061556894
same_line_drug_across_dose,null,0.02338747
same_line_drug_across_dose,null,0.022287006
same_line_drug_across_dose,null,-0.009852351
same_line_drug_across_dose,null,-0.0029793072
same_line_drug_across_dose,null,0.01947281
same_line_drug_across_dose,null,-0.030068722
same_line_drug_across_dose,null,-0.03781884
same_line_drug_across_dose,null,-0.0070272684
same_line_drug_across_dose,null,-0.0014862721
same_line_drug_across_dose,null,-0.03937346
same_line_drug_across_dose,null,0.02007355
same_line_drug_across_dose,null,-0.0004375111
same_line_drug_across_dose,null,0.02893096
same_line_drug_across_dose,null,-0.024001447
same_line_drug_across_dose,null,-0.008716447
same_line_drug_across_dose,null,-0.052625526
same_line_drug_across_dose,null,0.034065053
same_line_drug_across_dose,null,0.0007538788
same_line_drug_across_dose,null,0.035835836
same_line_drug_across_dose,null,0.017789053
same_line_drug_across_dose,null,-0.008124415
same_line_drug_across_dose,null,-0.02235408
same_line_drug_across_dose,null,-0.033060532
same_line_drug_across_dose,null,-0.023015251
same_line_drug_across_dose,null,-0.0044045444
same_line_drug_across_dose,null,-0.004305806
same_line_drug_across_dose,null,0.039614987
same_line_drug_across_dose,null,0.012831897
same_line_drug_across_dose,null,-0.0080682775
same_line_drug_across_dose,null,0.027568638
same_line_drug_across_dose,null,0.022508029
same_line_drug_across_dose,null,-0.015955407
same_line_drug_across_dose,null,-0.020065675
same_line_drug_across_dose,null,0.030827569
same_line_drug_across_dose,null,0.017068721
same_line_drug_across_dose,null,-0.02092951
same_line_drug_across_dose,null,-0.0042838017
same_line_drug_across_dose,null,-0.00015710467
same_line_drug_across_dose,null,-0.02528132
same_line_drug_across_dose,null,0.0072690323
same_line_drug_across_dose,null,0.04150926
same_line_drug_across_dose,null,0.021290638
same_line_drug_across_dose,null,0.069188826
same_line_drug_across_dose,null,-0.0027552985
same_line_drug_across_dose,null,0.027686773
same_line_drug_across_dose,null,6.518648e-05
same_line_drug_across_dose,null,0.0015260804
same_line_drug_across_dose,null,0.0051976205
same_line_drug_across_dose,null,-0.001838795
same_line_drug_across_dose,null,0.004446356
same_line_drug_across_dose,null,-0.040137928
same_line_drug_across_dose,null,0.047363028
same_line_drug_across_dose,null,-0.04797919
same_line_drug_across_dose,null,0.014030733
same_line_drug_across_dose,null,-0.023385037
same_line_drug_across_dose,null,-0.03245785
same_line_drug_across_dose,null,0.0038727443
same_line_drug_across_dose,null,0.0018499129
same_line_drug_across_dose,null,-0.0037296717
same_line_drug_across_dose,null,-0.0047536553
same_line_drug_across_dose,null,-0.007684368
same_line_drug_across_dose,null,-0.044452757
same_line_drug_across_dose,null,0.011396286
same_line_drug_across_dose,null,-0.03809171
same_line_drug_across_dose,null,-0.003261129
same_line_drug_across_dose,null,-0.03526977
same_line_drug_across_dose,null,-0.02855958
same_line_drug_across_dose,null,-0.034246724
same_line_drug_across_dose,null,0.026583955
same_line_drug_across_dose,null,0.012431684
same_line_drug_across_dose,null,-0.0028703122
same_line_drug_across_dose,null,0.0020730004
same_line_drug_across_dose,null,0.0015008264
same_line_drug_across_dose,null,0.02062492
same_line_drug_across_dose,null,-0.029922556
same_line_drug_across_dose,null,0.018062906
same_line_drug_across_dose,null,-0.048891813
same_line_drug_across_dose,null,-0.014759129
same_line_drug_across_dose,null,-0.014899502
same_line_drug_across_dose,null,-0.04296813
same_line_drug_across_dose,null,-0.03726875
same_line_drug_across_dose,null,0.023004184
same_line_drug_across_dose,null,-0.05103116
same_line_drug_across_dose,null,-0.017403701
same_line_drug_across_dose,null,0.050591905
same_line_drug_across_dose,null,-0.07127992
same_line_drug_across_dose,null,-0.029914297
same_line_drug_across_dose,null,0.029733801
same_line_drug_across_dose,null,-0.012755675
same_line_drug_across_dose,null,0.02709302
same_line_drug_across_dose,null,-0.0070971106
same_line_drug_across_dose,null,-0.0094242785
same_line_drug_across_dose,null,0.024779394
same_line_drug_across_dose,null,0.0276315
same_line_drug_across_dose,null,0.007017393
same_line_drug_across_dose,null,-0.0219476
same_line_drug_across_dose,null,-0.011158615
same_line_drug_across_dose,null,-0.008242851
same_line_drug_across_dose,null,-0.042179707
same_line_drug_across_dose,null,-0.04752255
same_line_drug_across_dose,null,-0.012048008
same_line_drug_across_dose,null,-0.041596707
same_line_drug_across_dose,null,-0.0018825377
same_line_drug_across_dose,null,0.015483458
same_line_drug_across_dose,null,-0.03011221
same_line_drug_across_dose,null,0.008056308
same_line_drug_across_dose,null,0.023896731
same_line_drug_across_dose,null,-0.033230364
same_line_drug_across_dose,null,0.025086723
same_line_drug_across_dose,null,-0.044179045
same_line_drug_across_dose,null,-0.117962465
same_line_drug_across_dose,null,0.0035539418
same_line_drug_across_dose,null,-0.022791801
same_line_drug_across_dose,null,0.036839288
same_line_drug_across_dose,null,-0.004858026
same_line_drug_across_dose,null,0.054070108
same_line_drug_across_dose,null,-0.016935686
same_line_drug_across_dose,null,0.01916607
same_line_drug_across_dose,null,-0.009176345
same_line_drug_across_dose,null,-0.0061675305
same_line_drug_across_dose,null,0.010471263
same_line_drug_across_dose,null,0.0517538
same_line_drug_across_dose,null,0.03331322
same_line_drug_across_dose,null,-0.021148877
same_line_drug_across_dose,null,-0.0013195169
same_line_drug_across_dose,null,0.013167761
same_line_drug_across_dose,null,0.027110275
same_line_drug_across_dose,null,0.0120756645
same_line_drug_across_dose,null,-0.027401667
same_line_drug_across_dose,null,-0.0045439233
same_line_drug_across_dose,null,-0.038011044
same_line_drug_across_dose,null,-0.017357139
same_line_drug_across_dose,null,0.013104604
same_line_drug_across_dose,null,0.0023333374
same_line_drug_across_dose,null,-0.06071625
same_line_drug_across_dose,null,0.048834864
same_line_drug_across_dose,null,0.0075224843
same_line_drug_across_dose,null,0.03338356
same_line_drug_across_dose,null,0.065194555
same_line_drug_across_dose,null,-0.031544473
same_line_drug_across_dose,null,-0.014625607
same_line_drug_across_dose,null,-0.0034180048
same_line_drug_across_dose,null,0.010025666
same_line_drug_across_dose,null,0.0020845544
same_line_drug_across_dose,null,0.019705644
same_line_drug_across_dose,null,0.010891127
same_line_drug_across_dose,null,0.013943646
same_line_drug_across_dose,null,-0.00120366
same_line_drug_across_dose,null,0.012036537
same_line_drug_across_dose,null,-0.027741646
same_line_drug_across_dose,null,0.04683496
same_line_drug_across_dose,null,0.043615613
same_line_drug_across_dose,null,0.0034233665
same_line_drug_across_dose,null,-0.010511457
same_line_drug_across_dose,null,0.057167668
same_line_drug_across_dose,null,0.013119502
same_line_drug_across_dose,null,0.048396666
same_line_drug_across_dose,null,-0.004885395
same_line_drug_across_dose,null,-0.022520484
same_line_drug_across_dose,null,0.014931913
same_line_drug_across_dose,null,-0.023530778
same_line_drug_across_dose,null,-0.015155393
same_line_drug_across_dose,null,0.011846883
same_line_drug_across_dose,null,0.013105924
same_line_drug_across_dose,null,0.018383408
same_line_drug_across_dose,null,0.01254329
same_line_drug_across_dose,null,-0.006420458
same_line_drug_across_dose,null,-0.00474199
same_line_drug_across_dose,null,0.19236442
same_line_drug_across_dose,null,0.027293788
same_line_drug_across_dose,null,-0.05223855
same_line_drug_across_dose,null,-0.008528823
same_line_drug_across_dose,null,0.0016482822
same_line_drug_across_dose,null,-0.010115788
same_line_drug_across_dose,null,-0.009958588
same_line_drug_across_dose,null,0.059844855
same_line_drug_across_dose,null,-0.048412446
same_line_drug_across_dose,null,-0.016145162
same_line_drug_across_dose,null,0.011568037
same_line_drug_across_dose,null,-0.061998267
same_line_drug_across_dose,null,-0.014164537
same_line_drug_across_dose,null,-0.07730062
same_line_drug_across_dose,null,0.006533597
same_line_drug_across_dose,null,0.040814072
same_line_drug_across_dose,null,0.08677501
same_line_drug_across_dose,null,0.01806442
same_line_drug_across_dose,null,-0.07384731
same_line_drug_across_dose,null,-0.0023175857
same_line_drug_across_dose,null,0.04121705
same_line_drug_across_dose,null,0.0011814743
same_line_drug_across_dose,null,0.046836838
same_line_drug_across_dose,null,-0.03499282
same_line_drug_across_dose,null,-0.022193134
same_line_drug_across_dose,null,-0.025799347
same_line_drug_across_dose,null,0.010095677
same_line_drug_across_dose,null,0.031308357
same_line_drug_across_dose,null,-0.03460528
same_line_drug_across_dose,null,0.034844544
same_line_drug_across_dose,null,-0.009980566
same_line_drug_across_dose,null,0.04451945
same_line_drug_across_dose,null,-0.042443935
same_line_drug_across_dose,null,0.0037764728
same_line_drug_across_dose,null,0.003356843
same_line_drug_across_dose,null,-0.03087563
same_line_drug_across_dose,null,-0.011989367
same_line_drug_across_dose,null,0.007483747
same_line_drug_across_dose,null,0.029430175
same_line_drug_across_dose,null,0.011462879
same_line_drug_across_dose,null,-0.050379977
same_line_drug_across_dose,null,-0.01087914
same_line_drug_across_dose,null,0.008393502
same_line_drug_across_dose,null,0.02684964
same_line_drug_across_dose,null,-0.037790094
same_line_drug_across_dose,null,0.043304842
same_line_drug_across_dose,null,0.027489081
same_line_drug_across_dose,null,-0.0005141677
same_line_drug_across_dose,null,0.011871326
same_line_drug_across_dose,null,-0.060796157
same_line_drug_across_dose,null,-0.025638308
same_line_drug_across_dose,null,-0.0009890562
same_line_drug_across_dose,null,0.0244008
same_line_drug_across_dose,null,-0.043527536
same_line_drug_across_dose,null,0.03407507
same_line_drug_across_dose,null,-0.016867649
same_line_drug_across_dose,null,-0.008616817
same_line_drug_across_dose,null,0.020732753
same_line_drug_across_dose,null,0.003594147
same_line_drug_across_dose,null,0.0059548584
same_line_drug_across_dose,null,0.041266765
same_line_drug_across_dose,null,-0.030953186
same_line_drug_across_dose,null,0.024263598
same_line_drug_across_dose,null,0.014663374
same_line_drug_across_dose,null,0.04532812
same_line_drug_across_dose,null,-0.029318197
same_line_drug_across_dose,null,0.027125334
same_line_drug_across_dose,null,-0.011598766
same_line_drug_across_dose,null,-0.016327314
same_line_drug_across_dose,null,0.0035983855
same_line_drug_across_dose,null,-0.02277212
same_line_drug_across_dose,null,0.0013041605
same_line_drug_across_dose,null,0.010368581
same_line_drug_across_dose,null,-0.003875135
same_line_drug_across_dose,null,-0.04270643
same_line_drug_across_dose,null,-0.024356034
same_line_drug_across_dose,null,0.007260228
same_line_drug_across_dose,null,0.022570958
same_line_drug_across_dose,null,-0.011199385
same_line_drug_across_dose,null,-0.0017919469
same_line_drug_across_dose,null,-0.0495626
same_line_drug_across_dose,null,0.008480727
same_line_drug_across_dose,null,-0.008629376
same_line_drug_across_dose,null,-0.011700586
same_line_drug_across_dose,null,-0.01862842
same_line_drug_across_dose,null,0.041002236
same_line_drug_across_dose,null,-0.015388708
same_line_drug_across_dose,null,-0.019887334
same_line_drug_across_dose,null,-0.05069246
same_line_drug_across_dose,null,0.010751369
same_line_drug_across_dose,null,0.02391672
same_line_drug_across_dose,null,0.050487705
same_line_drug_across_dose,null,-0.007092892
same_line_drug_across_dose,null,0.026529856
same_line_drug_across_dose,null,-0.0031643708
same_line_drug_across_dose,null,-0.06763346
same_line_drug_across_dose,null,-0.029887993
same_line_drug_across_dose,null,-0.011148411
same_line_drug_across_dose,null,-0.030169629
same_line_drug_across_dose,null,-0.010450189
same_line_drug_across_dose,null,0.013153001
same_line_drug_across_dose,null,-0.0009668969
same_line_drug_across_dose,null,0.002182562
same_line_drug_across_dose,null,0.047734145
same_line_drug_across_dose,null,0.019818723
same_line_drug_across_dose,null,-0.013302757
same_line_drug_across_dose,null,-0.0033769985
same_line_drug_across_dose,null,0.016199162
same_line_drug_across_dose,null,-0.031465475
same_line_drug_across_dose,null,-0.029183486
same_line_drug_across_dose,null,0.01823445
same_line_drug_across_dose,null,-0.011558593
same_line_drug_across_dose,null,0.030943882
same_line_drug_across_dose,null,-0.052848116
same_line_drug_across_dose,null,-0.038533658
same_line_drug_across_dose,null,-0.0063306675
same_line_drug_across_dose,null,-0.017272308
same_line_drug_across_dose,null,0.006461086
same_line_drug_across_dose,null,-0.026674004
same_line_drug_across_dose,null,-0.014637967
same_line_drug_across_dose,null,0.0033549925
same_line_drug_across_dose,null,-0.01685889
same_line_drug_across_dose,null,0.008607359
same_line_drug_across_dose,null,-0.017109638
same_line_drug_across_dose,null,0.013866772
same_line_drug_across_dose,null,0.0008612035
same_line_drug_across_dose,null,-0.006628963
same_line_drug_across_dose,null,-0.012540406
same_line_drug_across_dose,null,0.024090992
same_line_drug_across_dose,null,0.008260396
same_line_drug_across_dose,null,-0.056935616
same_line_drug_across_dose,null,0.0038066185
same_line_drug_across_dose,null,-0.017986516
same_line_drug_across_dose,null,-0.015449801
same_line_drug_across_dose,null,0.027531888
same_line_drug_across_dose,null,-0.012352159
same_line_drug_across_dose,null,-0.028557384
same_line_drug_across_dose,null,-0.013935435
same_line_drug_across_dose,null,0.20456573
same_line_drug_across_dose,null,0.06703689
same_line_drug_across_dose,null,-0.006285153
same_line_drug_across_dose,null,-0.0028234972
same_line_drug_across_dose,null,-0.06674186
same_line_drug_across_dose,null,-0.012432197
same_line_drug_across_dose,null,-0.049909938
same_line_drug_across_dose,null,-0.029478427
same_line_drug_across_dose,null,0.010816929
same_line_drug_across_dose,null,-0.056491893
same_line_drug_across_dose,null,0.007760399
same_line_drug_across_dose,null,0.01726036
same_line_drug_across_dose,null,0.04568571
same_line_drug_across_dose,null,0.007495703
same_line_drug_across_dose,null,-0.06651034
same_line_drug_across_dose,null,0.02674724
same_line_drug_across_dose,null,0.030485088
same_line_drug_across_dose,null,-0.011633759
same_line_drug_across_dose,null,-0.005565003
same_line_drug_across_dose,null,0.020547075
same_line_drug_across_dose,null,-0.053513892
same_line_drug_across_dose,null,-0.00068760716
same_line_drug_across_dose,null,-0.03172891
same_line_drug_across_dose,null,-0.038875636
same_line_drug_across_dose,null,0.028608605
same_line_drug_across_dose,null,0.066341236
same_line_drug_across_dose,null,0.006147682
same_line_drug_across_dose,null,0.01555685
same_line_drug_across_dose,null,-0.014403941
same_line_drug_across_dose,null,0.026181996
same_line_drug_across_dose,null,-0.061816875
same_line_drug_across_dose,null,0.00256388
same_line_drug_across_dose,null,-0.029323567
same_line_drug_across_dose,null,-0.022756675
same_line_drug_across_dose,null,-0.024812156
same_line_drug_across_dose,null,0.010870513
same_line_drug_across_dose,null,0.011461968
same_line_drug_across_dose,null,0.023322
same_line_drug_across_dose,null,-0.0087596895
same_line_drug_across_dose,null,0.028668558
same_line_drug_across_dose,null,0.043351375
same_line_drug_across_dose,null,-0.043886617
same_line_drug_across_dose,null,-0.020680822
same_line_drug_across_dose,null,0.0057691303
same_line_drug_across_dose,null,-0.015949834
same_line_drug_across_dose,null,0.009299973
same_line_drug_across_dose,null,0.028885186
same_line_drug_across_dose,null,-0.022144306
same_line_drug_across_dose,null,0.018921405
same_line_drug_across_dose,null,0.0067110127
same_line_drug_across_dose,null,0.042974126
same_line_drug_across_dose,null,0.030419545
same_line_drug_across_dose,null,-0.013517122
same_line_drug_across_dose,null,-0.028324386
same_line_drug_across_dose,null,-0.0070109298
same_line_drug_across_dose,null,-0.016229782
same_line_drug_across_dose,null,0.034843326
same_line_drug_across_dose,null,0.010066732
same_line_drug_across_dose,null,-0.009702687
same_line_drug_across_dose,null,0.0050428896
same_line_drug_across_dose,null,-0.111345634
same_line_drug_across_dose,null,-0.012307617
same_line_drug_across_dose,null,0.044056244
same_line_drug_across_dose,null,0.031042377
same_line_drug_across_dose,null,0.00034579984
same_line_drug_across_dose,null,0.0036519333
same_line_drug_across_dose,null,0.0065436373
same_line_drug_across_dose,null,0.023261076
same_line_drug_across_dose,null,-0.028049514
same_line_drug_across_dose,null,-0.001363125
same_line_drug_across_dose,null,-0.025283465
same_line_drug_across_dose,null,-0.010401984
same_line_drug_across_dose,null,0.0038223756
same_line_drug_across_dose,null,-0.014097453
same_line_drug_across_dose,null,0.041506406
same_line_drug_across_dose,null,-0.016712796
same_line_drug_across_dose,null,-0.0075447904
same_line_drug_across_dose,null,-0.008525494
same_line_drug_across_dose,null,-8.165344e-05
same_line_drug_across_dose,null,-0.0013448718
same_line_drug_across_dose,null,-0.025610026
same_line_drug_across_dose,null,0.014221016
same_line_drug_across_dose,null,-0.0633907
same_line_drug_across_dose,null,-0.0291006
same_line_drug_across_dose,null,-0.005151242
same_line_drug_across_dose,null,-2.8240307e-05
same_line_drug_across_dose,null,0.025891028
same_line_drug_across_dose,null,-0.0029835752
same_line_drug_across_dose,null,0.014190137
same_line_drug_across_dose,null,-0.018679518
same_line_drug_across_dose,null,-0.0087340195
same_line_drug_across_dose,null,-0.008186948
same_line_drug_across_dose,null,0.0291198
same_line_drug_across_dose,null,-0.0028462796
same_line_drug_across_dose,null,-0.02125025
same_line_drug_across_dose,null,-0.051204856
same_line_drug_across_dose,null,-0.014401582
same_line_drug_across_dose,null,0.007223734
same_line_drug_across_dose,null,-0.07325237
same_line_drug_across_dose,null,0.008609406
same_line_drug_across_dose,null,-0.026538245
same_line_drug_across_dose,null,-0.015572713
same_line_drug_across_dose,null,-0.05051887
same_line_drug_across_dose,null,0.019972991
same_line_drug_across_dose,null,0.027305728
same_line_drug_across_dose,null,0.020478763
same_line_drug_across_dose,null,0.007589483
same_line_drug_across_dose,null,-0.06457743
same_line_drug_across_dose,null,-0.010020398
same_line_drug_across_dose,null,-0.048938796
same_line_drug_across_dose,null,-0.025390428
same_line_drug_across_dose,null,0.0077261967
same_line_drug_across_dose,null,0.014675098
same_line_drug_across_dose,null,0.026808655
same_line_drug_across_dose,null,-0.041832983
same_line_drug_across_dose,null,-0.0029937427
same_line_drug_across_dose,null,0.02651861
same_line_drug_across_dose,null,0.019428723
same_line_drug_across_dose,null,-0.006246833
same_line_drug_across_dose,null,-0.0077333422
same_line_drug_across_dose,null,-0.007847614
same_line_drug_across_dose,null,0.04666496
same_line_drug_across_dose,null,-0.037755944
same_line_drug_across_dose,null,-0.0018695977
same_line_drug_across_dose,null,-0.044109184
same_line_drug_across_dose,null,-0.0115539385
same_line_drug_across_dose,null,0.0023464009
same_line_drug_across_dose,null,0.042890646
same_line_drug_across_dose,null,-0.013013128
same_line_drug_across_dose,null,-0.07336136
same_line_drug_across_dose,null,0.006181277
same_line_drug_across_dose,null,-0.021066707
same_line_drug_across_dose,null,0.017170345
same_line_drug_across_dose,null,-0.0034000045
same_line_drug_across_dose,null,0.03203342
same_line_drug_across_dose,null,0.026848912
same_line_drug_across_dose,null,-0.0055551073
same_line_drug_across_dose,null,-0.016211625
same_line_drug_across_dose,null,-0.015528113
same_line_drug_across_dose,null,0.032051697
same_line_drug_across_dose,null,-0.012311658
same_line_drug_across_dose,null,-0.040475886
same_line_drug_across_dose,null,0.015215538
same_line_drug_across_dose,null,-0.008147569
same_line_drug_across_dose,null,0.01662967
same_line_drug_across_dose,null,-0.086194865
same_line_drug_across_dose,null,0.016544558
same_line_drug_across_dose,null,0.018380314
same_line_drug_across_dose,null,0.008520041
same_line_drug_across_dose,null,-0.0050914437
same_line_drug_across_dose,null,-0.015630554
same_line_drug_across_dose,null,-0.022288471
same_line_drug_across_dose,null,0.02041326
same_line_drug_across_dose,null,0.0058427365
same_line_drug_across_dose,null,-0.02508445
same_line_drug_across_dose,null,-0.0074841813
same_line_drug_across_dose,null,-0.117779575
same_line_drug_across_dose,null,-0.035032377
same_line_drug_across_dose,null,0.029285375
same_line_drug_across_dose,null,0.021883039
same_line_drug_across_dose,null,0.073223546
same_line_drug_across_dose,null,0.002683031
same_line_drug_across_dose,null,-0.0004676831
same_line_drug_across_dose,null,-0.040421616
same_line_drug_across_dose,null,0.018555112
same_line_drug_across_dose,null,0.039003097
same_line_drug_across_dose,null,0.0116605135
same_line_drug_across_dose,null,-0.028155949
same_line_drug_across_dose,null,0.0006871164
same_line_drug_across_dose,null,-0.0048856125
same_line_drug_across_dose,null,0.00036260753
same_line_drug_across_dose,null,0.0410183
same_line_drug_across_dose,null,0.028432956
same_line_drug_across_dose,null,-0.017179104
same_line_drug_across_dose,null,0.028918838
same_line_drug_across_dose,null,0.012335735
same_line_drug_across_dose,null,0.036919624
same_line_drug_across_dose,null,0.01754393
same_line_drug_across_dose,null,0.028072318
same_line_drug_across_dose,null,0.04056462
same_line_drug_across_dose,null,-0.0020835716
same_line_drug_across_dose,null,0.00047054476
same_line_drug_across_dose,null,0.03606057
same_line_drug_across_dose,null,-0.014040183
same_line_drug_across_dose,null,0.0022188383
same_line_drug_across_dose,null,0.05994141
same_line_drug_across_dose,null,-0.0401006
same_line_drug_across_dose,null,0.045998544
same_line_drug_across_dose,null,0.044595424
same_line_drug_across_dose,null,0.018348534
same_line_drug_across_dose,null,0.018120743
same_line_drug_across_dose,null,0.016643317
same_line_drug_across_dose,null,-0.037413202
same_line_drug_across_dose,null,-0.010631788
same_line_drug_across_dose,null,0.04595813
same_line_drug_across_dose,null,-0.01199088
same_line_drug_across_dose,null,0.013317983
same_line_drug_across_dose,null,-0.026871996
same_line_drug_across_dose,null,-0.07387841
same_line_drug_across_dose,null,0.016737131
same_line_drug_across_dose,null,-0.011871029
same_line_drug_across_dose,null,0.034974404
same_line_drug_across_dose,null,0.03583947
same_line_drug_across_dose,null,-0.020458734
same_line_drug_across_dose,null,-0.020937312
same_line_drug_across_dose,null,0.039909918
same_line_drug_across_dose,null,-0.026832018
same_line_drug_across_dose,null,0.02506915
same_line_drug_across_dose,null,0.005479927
same_line_drug_across_dose,null,0.021805156
same_line_drug_across_dose,null,-0.022661354
same_line_drug_across_dose,null,-0.061655406
same_line_drug_across_dose,null,0.001182177
same_line_drug_across_dose,null,0.028727798
same_line_drug_across_dose,null,0.025742201
same_line_drug_across_dose,null,-0.017085792
same_line_drug_across_dose,null,0.051326934
same_line_drug_across_dose,null,-0.024136947
same_line_drug_across_dose,null,-0.045710847
same_line_drug_across_dose,null,0.018294083
same_line_drug_across_dose,null,0.0034117585
same_line_drug_across_dose,null,-0.0029541538
same_line_drug_across_dose,null,0.038988125
same_line_drug_across_dose,null,-0.06766631
same_line_drug_across_dose,null,-0.06209903
same_line_drug_across_dose,null,0.024104455
same_line_drug_across_dose,null,0.0070562805
same_line_drug_across_dose,null,-0.024430905
same_line_drug_across_dose,null,-0.00956273
same_line_drug_across_dose,null,-0.0006620558
same_line_drug_across_dose,null,0.023431493
same_line_drug_across_dose,null,-0.013657408
same_line_drug_across_dose,null,-0.014056417
same_line_drug_across_dose,null,-0.01977982
same_line_drug_across_dose,null,-0.004355481
same_line_drug_across_dose,null,0.032105047
same_line_drug_across_dose,null,-0.014249448
same_line_drug_across_dose,null,-0.02098039
same_line_drug_across_dose,null,-0.014069671
same_line_drug_across_dose,null,0.045987267
same_line_drug_across_dose,null,-0.048209433
same_line_drug_across_dose,null,-0.0055600465
same_line_drug_across_dose,null,0.008044377
same_line_drug_across_dose,null,0.0064846617
same_line_drug_across_dose,null,-0.014325817
same_line_drug_across_dose,null,-0.022350235
same_line_drug_across_dose,null,-0.032014564
same_line_drug_across_dose,null,0.020399682
same_line_drug_across_dose,null,0.008676163
same_line_drug_across_dose,null,-0.026263544
same_line_drug_across_dose,null,0.019380862
same_line_drug_across_dose,null,-0.03374273
same_line_drug_across_dose,null,0.031351835
same_line_drug_across_dose,null,0.015162395
same_line_drug_across_dose,null,-0.014295218
same_line_drug_across_dose,null,0.015857855
same_line_drug_across_dose,null,-0.038447678
same_line_drug_across_dose,null,-0.036883265
same_line_drug_across_dose,null,-0.03513558
same_line_drug_across_dose,null,-0.01634941
same_line_drug_across_dose,null,0.014385335
same_line_drug_across_dose,null,0.0032918772
same_line_drug_across_dose,null,0.029700223
same_line_drug_across_dose,null,-0.015278506
same_line_drug_across_dose,null,0.012131658
same_line_drug_across_dose,null,-0.001242834
same_line_drug_across_dose,null,-0.02413293
same_line_drug_across_dose,null,0.016441284
same_line_drug_across_dose,null,-0.05103305
same_line_drug_across_dose,null,-0.011053187
same_line_drug_across_dose,null,-0.009804732
same_line_drug_across_dose,null,0.04891831
same_line_drug_across_dose,null,0.3546691
same_line_drug_across_dose,null,0.040904816
same_line_drug_across_dose,null,0.026140008
same_line_drug_across_dose,null,-0.027118789
same_line_drug_across_dose,null,0.033883445
same_line_drug_across_dose,null,0.04081186
same_line_drug_across_dose,null,0.00465483
same_line_drug_across_dose,null,-0.0170645
same_line_drug_across_dose,null,0.034979258
same_line_drug_across_dose,null,-0.012259473
same_line_drug_across_dose,null,-0.043031037
same_line_drug_across_dose,null,-0.024641015
same_line_drug_across_dose,null,0.019810166
same_line_drug_across_dose,null,0.018791879
same_line_drug_across_dose,null,-0.06916344
same_line_drug_across_dose,null,-0.0549108
same_line_drug_across_dose,null,0.013958937
same_line_drug_across_dose,null,0.009455431
same_line_drug_across_dose,null,-0.022683533
same_line_drug_across_dose,null,-0.016780827
same_line_drug_across_dose,null,-0.071138114
same_line_drug_across_dose,null,-0.0057127955
same_line_drug_across_dose,null,0.029904291
same_line_drug_across_dose,null,0.000759391
same_line_drug_across_dose,null,-0.024073364
same_line_drug_across_dose,null,-0.026121883
same_line_drug_across_dose,null,0.02429463
same_line_drug_across_dose,null,-0.03960557
same_line_drug_across_dose,null,-0.069853246
same_line_drug_across_dose,null,0.058750946
same_line_drug_across_dose,null,-0.021627747
same_line_drug_across_dose,null,-0.023056367
same_line_drug_across_dose,null,0.042337924
same_line_drug_across_dose,null,-0.00045163895
same_line_drug_across_dose,null,-0.045540802
same_line_drug_across_dose,null,0.007964408
same_line_drug_across_dose,null,0.04014866
same_line_drug_across_dose,null,0.021077879
same_line_drug_across_dose,null,0.0170605
same_line_drug_across_dose,null,-0.013933805
same_line_drug_across_dose,null,-0.010644098
same_line_drug_across_dose,null,0.023817655
same_line_drug_across_dose,null,-0.0046257842
same_line_drug_across_dose,null,0.01509466
same_line_drug_across_dose,null,0.051870197
same_line_drug_across_dose,null,-0.01931459
same_line_drug_across_dose,null,-0.026007157
same_line_drug_across_dose,null,-0.0007029915
same_line_drug_across_dose,null,0.026840633
same_line_drug_across_dose,null,0.0039632064
same_line_drug_across_dose,null,0.015036586
same_line_drug_across_dose,null,0.0155402
same_line_drug_across_dose,null,0.008990393
same_line_drug_across_dose,null,0.024379263
same_line_drug_across_dose,null,-0.0420551
same_line_drug_across_dose,null,0.033677958
same_line_drug_across_dose,null,-0.042594813
same_line_drug_across_dose,null,0.027114978
same_line_drug_across_dose,null,-0.008221469
same_line_drug_across_dose,null,-0.04136279
same_line_drug_across_dose,null,-0.0029112594
same_line_drug_across_dose,null,-0.037686296
same_line_drug_across_dose,null,-0.046391137
same_line_drug_across_dose,null,0.019431459
same_line_drug_across_dose,null,0.0011423308
same_line_drug_across_dose,null,-0.022393215
same_line_drug_across_dose,null,0.09708411
same_line_drug_across_dose,null,0.0011066305
same_line_drug_across_dose,null,0.04727597
same_line_drug_across_dose,null,0.016348906
same_line_drug_across_dose,null,-0.010012767
same_line_drug_across_dose,null,-0.009218626
same_line_drug_across_dose,null,0.006396952
same_line_drug_across_dose,null,-0.036053613
same_line_drug_across_dose,null,-0.024441719
same_line_drug_across_dose,null,0.036246352
same_line_drug_across_dose,null,-0.016092068
same_line_drug_across_dose,null,0.01100395
same_line_drug_across_dose,null,-0.032379825
same_line_drug_across_dose,null,-0.038255963
same_line_drug_across_dose,null,0.060303688
same_line_drug_across_dose,null,0.03123695
same_line_drug_across_dose,null,0.01678078
same_line_drug_across_dose,null,-0.008079534
same_line_drug_across_dose,null,-0.012057829
same_line_drug_across_dose,null,-0.023545291
same_line_drug_across_dose,null,0.016538527
same_line_drug_across_dose,null,0.010208691
same_line_drug_across_dose,null,-0.02870139
same_line_drug_across_dose,null,0.0020883468
same_line_drug_across_dose,null,0.0011122591
same_line_drug_across_dose,null,-0.005842847
same_line_drug_across_dose,null,-0.05655768
same_line_drug_across_dose,null,0.02422099
same_line_drug_across_dose,null,-0.04999359
same_line_drug_across_dose,null,-0.0026017043
same_line_drug_across_dose,null,-0.008158068
same_line_drug_across_dose,null,0.036127515
same_line_drug_across_dose,null,-0.010713988
same_line_drug_across_dose,null,0.020222435
same_line_drug_across_dose,null,0.03715998
same_line_drug_across_dose,null,0.042736076
same_line_drug_across_dose,null,0.022268917
same_line_drug_across_dose,null,0.034834735
same_line_drug_across_dose,null,-0.01185408
same_line_drug_across_dose,null,0.009491335
same_line_drug_across_dose,null,-0.024666436
same_line_drug_across_dose,null,0.042336024
same_line_drug_across_dose,null,-0.00955243
same_line_drug_across_dose,null,0.01718521
same_line_drug_across_dose,null,-0.002647022
same_line_drug_across_dose,null,0.06683365
same_line_drug_across_dose,null,-0.043316256
same_line_drug_across_dose,null,0.0010591587
same_line_drug_across_dose,null,0.03991474
same_line_drug_across_dose,null,0.07911309
same_line_drug_across_dose,null,0.014208217
same_line_drug_across_dose,null,-0.008143496
same_line_drug_across_dose,null,0.02783895
same_line_drug_across_dose,null,0.055019908
same_line_drug_across_dose,null,-0.005298571
same_line_drug_across_dose,null,0.030517455
same_line_drug_across_dose,null,0.0027815218
same_line_drug_across_dose,null,0.029691368
same_line_drug_across_dose,null,-0.029236598
same_line_drug_across_dose,null,-0.02850235
same_line_drug_across_dose,null,-0.012727451
same_line_drug_across_dose,null,0.009827455
same_line_drug_across_dose,null,0.057833336
same_line_drug_across_dose,null,-0.007988284
same_line_drug_across_dose,null,-0.012870886
same_line_drug_across_dose,null,-0.0035112903
same_line_drug_across_dose,null,-0.003937083
same_line_drug_across_dose,null,0.031724337
same_line_drug_across_dose,null,-0.024093399
same_line_drug_across_dose,null,-0.04979446
