compound,n_contexts,n_pairs,share,se_empirical,se_predicted
(+)-3-(1-propyl-piperidin-3-yl)-phenol,3,48,0.05370722098807025,0.014361453249160654,0.12000056805137077
"(+/-)-7-hydroxy-2-(N,N-di-n-propylamino)tetralin",3,48,0.07747187086909774,0.0063745300125977915,0.12000056805137077
"1,2,3,4,5,6-hexabromocyclohexane",9,66,0.06886003384598723,0.012310478986534978,0.10233682828652971
"1,2,3,4-tetrahydroisoquinoline",3,48,0.08571893857100378,0.007166232660206859,0.12000056805137077
"1,2-dichlorobenzene",13,209,0.04904501097901218,0.006538058998782929,0.05750833282526153
1-benzylimidazole,9,141,0.07299349298974075,0.015664049782330505,0.07001552735422285
1-methylisoquinoline,3,48,0.057228171520912245,0.00753863654599175,0.12000056805137077
1-monopalmitin,9,56,0.027121890931159333,0.011083081832227287,0.11109893788608294
1-phenylbiguanide,8,45,0.20657822978905058,0.06724856751476835,0.12393605375957034
10-DEBC,53,436,0.062476992004071155,0.00546282073257947,0.03981627945974733
10-hydroxycamptothecin,9,66,0.05833972703412968,0.00983475331616225,0.10233682828652971
10H-phenothiazin-10-yl)(p-tolyl)methanone,8,193,0.03685983608233423,0.00416344342975546,0.059844641003395496
15-delta-prostaglandin-j2,57,3722,0.07543537140626491,0.002377991005854338,0.013627485737858618
"16,16-dimethylprostaglandin-e2",51,403,0.06285326394656243,0.015426284455451123,0.041414402260071405
17-beta-estradiol,8,588,0.07824524704343759,0.004344751514536466,0.034285876586105934
17-hydroxyprogesterone-caproate,9,153,0.04602028892581884,0.007571727320116829,0.06721376220575295
1B Parent,3,40,0.08946671463105282,0.00816462816270285,0.13145403607033904
1B-NR,3,48,0.07102055181440385,0.007869578971931144,0.12000056805137077
"2',5'-dideoxyadenosine",51,406,0.05270920590847842,0.012881671853258645,0.0412611096837349
2-(4-methoxybenzylthio)-6-methylpyrimidin-4-ol,9,137,0.044830128101202744,0.005731017500727868,0.07103029804693967
2-(biphenyl-4-ylsulfonamido)pentanedioic-acid,8,199,0.04004417113721917,0.00413773186225806,0.058935555638583256
2-aminobenzenesulfonamide,2,25,0.12466154833792294,0.012950804015237042,0.1662776646416806
2-aminopurine,14,171,0.0685065845288418,0.010333512060340957,0.06357785410009052
2-aminotetralin,3,42,0.07049705889532763,0.015497379216027387,0.12828600339042298
2-fluoropalmitic-acid,51,397,0.04553805675404306,0.0055252761765142025,0.041726183842446
"3,3'-diindolylmethane",15,508,0.041465229737132056,0.004514598066351112,0.036886892022576216
"3,6-dimethoxyflavone",9,57,0.04855059177999203,0.007491661426040082,0.11012007353755805
3-amino-benzamide,51,3742,0.014865381198806699,0.001199940392932166,0.013591019293742694
3-matida,9,66,0.03503163367205254,0.010208662666887152,0.10233682828652971
3-methyl-GABA,9,66,0.05058929137070296,0.011359750891878576,0.10233682828652971
"4,5,6,7-tetrabromobenzotriazole",13,163,0.030265642408295743,0.005433143531218139,0.06511935921509471
4-(2-amino-ethyl)-benzenesulfonamide,9,152,0.04223101442004049,0.005321258094767697,0.06743449765119443
4-carboxy-3-hydroxyphenylglycine-(RS),9,66,0.04847469418646161,0.0112879670430528,0.10233682828652971
4-hydroxy-2-nonenal,9,60,0.11484634108919232,0.01812927641039279,0.1073317710005818
4-hydroxyretinoic-acid,15,237,0.08469253604114238,0.009879461714224927,0.054004474887538886
4-iodo-6-phenylpyrimidine,51,395,0.022411478034013062,0.004849281897396316,0.041831686372022954
5'-guanidinonaltrindole,8,167,0.047831178510480875,0.013411411584092864,0.06433475997562621
5-FP,7,104,0.040683693093319914,0.004851695596677864,0.0815243323733237
5-aminolevulinic-acid,8,138,0.13143862987391686,0.009748230284643488,0.07077247397277182
5-hydroxytryptophan,3,48,0.0873636025893727,0.013989102851532442,0.12000056805137077
5-iodotubercidin,14,111,0.16760918679010528,0.010815059683026942,0.07891188745485186
5-methoxy-alpha-methyltryptamine,3,48,0.08433981989128721,0.00683957811187528,0.12000056805137077
5-methoxytryptamine,13,330,0.021585180541938597,0.0038601557059993593,0.04576642093008075
5-methylhydantoin,9,66,0.04109654681151433,0.009739933004811043,0.10233682828652971
5-nonyloxytryptamine,9,111,0.12977273249688873,0.008030907663354214,0.07891188745485186
6-aminochrysene,13,178,0.02802198344158695,0.006044892340493049,0.062315189410583144
6-benzylaminopurine,8,282,0.033449174451467764,0.005895955061422657,0.04950845418052319
6-hydroxytropinone,9,57,0.02367933268674937,0.011140897397347228,0.11012007353755805
6-nitrodopamine,3,48,0.06964615849343667,0.008628279831711334,0.12000056805137077
6-nitronorepinephrine,3,48,0.0870670034843926,0.008875286018001409,0.12000056805137077
"7,4'-dihydroxyflavone",9,66,0.053704916369873186,0.008441682952877519,0.10233682828652971
"7,8-dihydro-L-biopterin",14,168,0.04269220495876424,0.006157195993898429,0.06414300169521149
7-hydroxy-PIPAT,15,284,0.04551781824315877,0.006706518248671267,0.04933382064101379
7-nitroindazole,51,976,0.022891946706586168,0.003267564862532398,0.0266120917290615
7b-cis,51,406,0.12014762120717018,0.007473289632535914,0.0412611096837349
"9-methyl-5H-6-thia-4,5-diaza-chrysene-6,6-dioxide",51,406,0.02685815438541446,0.0034975307447493815,0.0412611096837349
A-23187,7,202,0.21557891379451458,0.007378336853371348,0.05849627829268667
A-443644,19,1909,0.10340691182036364,0.003875265214798578,0.01902834234635588
ABC-294640,3,45,0.08530605930077093,0.01707407325333062,0.12393605375957034
ABT-737,55,1868,0.03506924752942383,0.0018884648038443922,0.019236031723583392
ABT-751,51,396,0.10044645223519309,0.006787205941777747,0.04177883519946965
AC-55649,51,400,0.029020919807343205,0.011054814048633923,0.04156941616042015
AF-DX-116,7,104,0.08505892988842456,0.011238553830999852,0.0815243323733237
AG-14361,51,5363,0.04499091048215706,0.0012935724059190742,0.01135272249420577
AG-370,13,156,0.07105874431846523,0.0077305098101302615,0.06656433864523432
AG-490,13,1215,0.03397888152919779,0.0032658228141710906,0.023851504666795958
AG-494,13,204,0.062243368547374237,0.007030246080531517,0.05820882555410844
AG-592,13,194,0.16668540011758068,0.01447364901138503,0.05969020296269939
AG-957,13,269,0.11440571246169397,0.00859145457160755,0.05069064071049454
AG-99,8,164,0.03762734027167158,0.004135539752011283,0.06492052101285829
AGK-2,54,598,0.025728896685049893,0.0036292476899198803,0.033997996792435606
AICA-ribonucleotide,51,405,0.02245938467489113,0.0036533126907324037,0.04131201791985678
AKT-inhibitor-1-2,54,2840,0.04664455772052599,0.00138776029159742,0.015600723890383158
AKT-inhibitor-IV,48,3598,0.06371123485115451,0.002005780091190309,0.01386032267798942
ALW-II-38-3,18,2728,0.030473803888457655,0.001807664089524082,0.015917752128758025
ALW-II-49-7,18,2701,0.02971750273301778,0.0015601712735572155,0.015997113585989067
ALX-5407,8,172,0.03233449972090104,0.0061873218513866434,0.06339276534025146
AM-251,13,622,0.026101263811506275,0.0030919858320614005,0.0333356346893279
AM-281,8,164,0.03973541913116249,0.004690456062831888,0.06492052101285829
AM-404,13,614,0.03963603264859825,0.004088586320258837,0.03355210212415859
AM-580,58,6765,0.048407818407617625,0.00130263376160039,0.010108111412585231
AM-630,13,142,0.034443547619203006,0.010905705582070203,0.06976855823420344
AM-92016,13,154,0.04346977165963304,0.00556943492216071,0.06699518028638862
AMG-9810,13,301,0.1119360275356961,0.017980032878985266,0.047920426288851486
AMN-082,13,151,0.037117694408584125,0.007226286819838494,0.06765742221841048
APEC,3,42,0.08563531898312517,0.017646750871101236,0.12828600339042298
APHA-compound-8,14,167,0.08681510077176068,0.007999224957665162,0.06433475997562621
APO-866,51,403,0.028111514851792724,0.002883113043861602,0.041414402260071405
AQ-RA741,13,204,0.07054057351027147,0.02434760221497343,0.05820882555410844
AR-A014418,16,507,0.06793761231543557,0.00498365140508938,0.03692325170811408
AR-C133057XX,51,398,0.018905156496828824,0.0035556566028957857,0.04167373104503928
ARC-239,8,172,0.0357311883436224,0.0034020119922561045,0.06339276534025146
ARG-A1-2,9,129,0.0756560475418283,0.00977670278531987,0.0731996602677379
ARG-A1-22,9,131,0.08894011362060417,0.015376960729464038,0.07263873506478
ARG-CSC-18,9,150,0.0232344017653138,0.004850698584895297,0.06788257233228963
ARG-CSC-22,9,162,0.030519549103212782,0.004567048847656062,0.06532003568221943
ARG-CSC-26,9,162,0.03687821145065822,0.008144442466218442,0.06532003568221943
ARG-CSC-81,9,162,0.0371676368248512,0.004790191683902102,0.06532003568221943
ARG-CSC-91,50,392,0.04236550491753456,0.014037977723792417,0.04199145150999821
ARG-CSC2-23,13,175,0.023217404682252887,0.0060250531239328,0.06284704988949782
ARG-CSC2-40,8,147,0.03998348167441217,0.007758195274365424,0.06857175317221187
ARG-TC-41,8,734,0.024767198092163403,0.00304992277463978,0.030687102971505148
ARP-101,56,1738,0.10090914240551749,0.005817029195013454,0.019942474000389284
AS-601245,18,2530,0.0793367844945146,0.0032525679343610244,0.016528888879050522
AS-604850,14,168,0.02953743581099605,0.004862426345728727,0.06414300169521149
AS-605240,59,3042,0.08079746851835118,0.0024328156817411874,0.015073854388204484
AS-703026,14,163,0.08938553024140243,0.008967983380308839,0.06511935921509471
ASN-05257430,51,1153,0.010993418304660876,0.0018788396010093373,0.024484388781164892
AT-7519,18,2154,0.08677532047806427,0.005134693746712124,0.01791352569864531
AT-9283,8,806,0.11450563584798569,0.004666255365396624,0.02928440467688397
AT-CSC-07,8,133,0.0735429006516805,0.008250964449008079,0.07209051035999475
AT-CSC-18,8,124,0.10640759638353306,0.012649889984519096,0.07466087544568958
AT-SUMO-1,14,169,0.0756837801207793,0.008173412912190814,0.06395294793910793
AT1-SHH-09,10,24140,0.0027435582800429278,0.0011152551588460412,0.005351004148799295
AT1-SHH-29,10,22698,0.0032883011852976977,0.0010586361032337795,0.005518361216022184
AT7867,6,1264,0.03690488636601658,0.00262943625838113,0.023384623585323724
ATPA,8,172,0.035864225054076965,0.004334316057995214,0.06339276534025146
AVA,8,852,0.04007974488251898,0.002937834617819399,0.028482894627242027
AY-9944,13,148,0.054430503863279404,0.009845492622587305,0.06833969919648027
AZ-10417808,13,152,0.08021929126751953,0.01028488220829982,0.06743449765119443
AZ-628,19,2664,0.0542181182733359,0.003076117937464001,0.016107821575360018
AZD-1152HQPA,3,2296,0.018820542239783532,0.0010691642180671345,0.01735073907149815
AZD-1480,6,1229,0.025650544045105743,0.0032734390745772866,0.023715264847602446
AZD-5438,6,1181,0.05725932912562956,0.006003095081844878,0.024192400958879434
AZD-6482,19,3369,0.029352603206997802,0.0014405134580623012,0.014323640588803178
AZD-7545,51,393,0.040234750020710024,0.0048888775690548525,0.04193799324324463
AZD-7762,18,2634,0.07325478036403536,0.002251922400184392,0.01619929205272865
AZD-8055,56,2964,0.09449226596863236,0.0018876004627126747,0.015270906599905027
AZD-8330,6,1264,0.08640669764083442,0.0029527528551692582,0.023384623585323724
Ac-Leu-Leu-Nle-CHO,3,45,0.20938422435949958,0.016453144153894622,0.12393605375957034
Ala-Ala-Phe-CMK,8,172,0.05124651572693291,0.005486452241913949,0.06339276534025146
BADGE,15,350,0.03971050980042117,0.017191360287750614,0.04443957515443317
BAPTA-AM,13,203,0.06289500476102404,0.008097802907288417,0.05835202091330174
BAS-00535043,13,178,0.0873434416931956,0.005081281646969178,0.062315189410583144
BAS-00594560,13,172,0.03293502895248626,0.004976333276992995,0.06339276534025146
BAS-02859604,13,175,0.03358786943015732,0.009761148527475545,0.06284704988949782
BAS-09104376,13,167,0.02649084054865296,0.006199757895343006,0.06433475997562621
BAX-channel-blocker,51,4340,0.03442441391717637,0.0024225634213894454,0.012619991308936077
BAY-11-7082,50,909,0.06455463896552563,0.007304086661907205,0.02757541003662279
BAY-36-7620,15,255,0.030241172094402413,0.004537314848655942,0.052063556331765334
BAY-59-3074,13,148,0.03427956487176105,0.004745621909821604,0.06833969919648027
BAY-K-8644-(S)-(-),51,384,0.02627819264534521,0.0032523215200439635,0.042426607707681016
BAY-K8644,3,45,0.04790575623130627,0.015055520986055495,0.12393605375957034
BCI-hydrochloride,13,592,0.10628248874062156,0.007092348049210756,0.03416984959824013
BCL2-inhibitor,13,630,0.04928656145769223,0.003384953750566305,0.033123303645507765
BD-1008,13,206,0.0470463067232842,0.005339552788432649,0.05792556924758443
BD-1047,13,162,0.036182988413180746,0.006830064014132862,0.06532003568221943
BD-1063,13,138,0.0683952890290827,0.009886456006977531,0.07077247397277182
BE-2254,13,218,0.059497232423710626,0.004916068676176386,0.05630872241521197
BG-1001,3,48,0.13066911589983884,0.006812352194265509,0.12000056805137077
BG-1002,3,48,0.1077107159583889,0.005770862570514618,0.12000056805137077
BG-1003,3,42,0.23564941370781645,0.009323986469371694,0.12828600339042298
BG-1004,3,48,0.18635465446542368,0.008756698678638092,0.12000056805137077
BG-1005,3,36,0.28430701403739606,0.014742577355971814,0.13856472053473384
BG-1006,3,45,0.28071491189108844,0.015238703322340133,0.12393605375957034
BG-1007,3,45,0.2914422091317754,0.011755088924025608,0.12393605375957034
BG-1008,3,45,0.24790614567054328,0.010510665674277357,0.12393605375957034
BG-1009,3,45,0.10220485512131651,0.011675456138076612,0.12393605375957034
BG-1010,3,45,0.16736818045825072,0.018158265357735667,0.12393605375957034
BG-1011,3,45,0.11583099848446117,0.012036184241000678,0.12393605375957034
BG-1012,3,45,0.057534088952049235,0.008602462735710368,0.12393605375957034
BG-1013,3,45,0.09209032668911743,0.013658264075971916,0.12393605375957034
BG-1014,3,45,0.09125106551982458,0.012403636007856746,0.12393605375957034
BG-1015,3,45,0.07544655027371962,0.019205689977192967,0.12393605375957034
BG-1016,3,45,0.1293295858499352,0.012832683597106945,0.12393605375957034
BG-1017,3,45,0.0651786744297719,0.013160618010933973,0.12393605375957034
BG-1018,3,40,0.10709931768866306,0.021766343165024515,0.13145403607033904
BG-1019,3,45,0.10353121655065872,0.009920016523368966,0.12393605375957034
BG-1020,3,45,0.08278448533917121,0.011971575401607645,0.12393605375957034
BG-1021,3,45,0.0782239444239019,0.008546272459778735,0.12393605375957034
BG-1022,3,45,0.09251520097451404,0.007467125909904241,0.12393605375957034
BG-1023,3,45,0.09101973895235432,0.012449218612396047,0.12393605375957034
BG-1024,3,36,0.1811976184574408,0.010426668694338843,0.13856472053473384
BG-1025,3,40,0.25899971114673914,0.014304338165606672,0.13145403607033904
BG-1026,3,40,0.24262803510459158,0.013418040677434667,0.13145403607033904
BG-1027,3,45,0.2956825622861252,0.01142730283384651,0.12393605375957034
BG-1028,3,45,0.2973275197763971,0.01577476174632831,0.12393605375957034
BG-1029,3,45,0.25896775156485236,0.011934296139876194,0.12393605375957034
BG-1030,3,45,0.26753241997115945,0.010358965876446543,0.12393605375957034
BG-1031,3,40,0.12163346466445052,0.02668738943193648,0.13145403607033904
BG-1032,3,45,0.12064075841958703,0.009550390304510926,0.12393605375957034
BG-FA-0953,13,158,0.10284575468963633,0.00811594674139791,0.06614170365070911
BG-STK33-03,2,2916,0.028998895682375292,0.0012980933948029646,0.015396080059414872
BG-STK33-55,2,2916,0.030022269295682455,0.0013729063349419727,0.015396080059414872
BG-STK33-59,2,2817,0.028862738441023557,0.0014965848037896906,0.015664282146579635
BH3I-1,13,764,0.017359796458842558,0.0030713317753459546,0.030078573890512425
BI-2536,56,4054,0.09760402434709842,0.00175763298258606,0.013057560549751596
BI-78D3,14,159,0.057997587479003306,0.008997503771944285,0.0659333828067973
BIBR-1532,51,406,0.09884575702778625,0.004587971433330682,0.0412611096837349
BIBU-1361,8,172,0.08941752282265378,0.006850992631220896,0.06339276534025146
BIBX-1382,13,292,0.07044295431529257,0.006880383369811275,0.04865332155688944
BIIB-021,13,162,0.11098490831267889,0.009412048598332888,0.06532003568221943
BIX-01294,14,289,0.1259029189968629,0.01105666972293873,0.04890519548284724
BIX-01338,13,178,0.03399154516066852,0.009270004701810504,0.062315189410583144
BIX-02188,9,591,0.037248467644830356,0.0034011896336310836,0.034198745882134264
BIX-02189,7,1350,0.03360661117245973,0.002376908103013184,0.022627524110763207
BJM-AF-64,9,568,0.034080921696089665,0.0044748875157832576,0.03488427911710172
BJM-CSC-15,9,1390,0.12639547989451505,0.0038460590297836514,0.022299571631322634
BJM-HSC2-10,8,138,0.0430701798982779,0.006041699910289006,0.07077247397277182
BL-050,15,241,0.028520261245342515,0.004264712927790543,0.053554429750696846
BL-074,14,171,0.0623103523307023,0.02442185967064848,0.06357785410009052
BL-077,15,246,0.06928441374669331,0.00879387404777189,0.05300738343904539
BL003-049-HDAC3,11,11932,0.030039187830614354,0.000683363737101489,0.007611097724981742
BML-190,13,204,0.03812783793703295,0.007124204631422597,0.05820882555410844
BML-210,3,45,0.15582502442881888,0.013739023283072818,0.12393605375957034
BML-257,11,121,0.042854915091778516,0.005145401207960116,0.07558075665530938
BML-259,49,395,0.05209764427562974,0.004912842580338967,0.041831686372022954
BML-266,3,45,0.10284732187968551,0.006616386008548975,0.12393605375957034
BML-278,3,45,0.08532141053937635,0.013705564993470674,0.12393605375957034
BML-284,3,45,0.1510191652544882,0.013065937076901075,0.12393605375957034
BML-286,3,45,0.07013298142141622,0.017079572226023562,0.12393605375957034
BMS-182874,8,172,0.045964211749393975,0.004388544548028797,0.06339276534025146
BMS-191011,55,1028,0.020148941891732438,0.004128034394066127,0.025930289365584742
BMS-299897,50,390,0.04829483448549182,0.006865510504566692,0.04209898421234144
BMS-345541,19,2721,0.06496760490190415,0.0032933648394179436,0.015938213851446798
BMS-387032,6,764,0.1358714395157014,0.007675482044976623,0.030078573890512425
BMS-509744,6,1280,0.03745938744030025,0.0037439054789588934,0.02323801007991944
BMS-536924,51,3799,0.04805747186047668,0.002035512324546799,0.013488674472607595
BMS-641988,51,404,0.022101518660989104,0.0034019445363590445,0.04136311505493418
BMS-754807,51,395,0.08923447699720236,0.005574584902446916,0.041831686372022954
BMS-777607,6,1249,0.029944996131478177,0.003867072560808132,0.023524624578153387
BMY-14802,13,216,0.04163255611568362,0.005524455650360963,0.05656881027690802
BMY-45778,8,172,0.06512394687077931,0.0057007350099680405,0.06339276534025146
BMY-7378,13,145,0.04384527200180303,0.00671958859519188,0.06904304224563809
BNTX,8,143,0.1936841275259694,0.014781269862884062,0.06952418424962198
BO2-inhibits-RAD51,51,393,0.08032558883615463,0.0062506153275160145,0.04193799324324463
BOX-5,3,45,0.07797072923337159,0.008088654478710721,0.12393605375957034
BP-554,13,152,0.07444526158733508,0.012869968719196531,0.06743449765119443
BP-897,13,254,0.022408626964714184,0.004711726576481733,0.05216594297211921
BRD-A00474148,9,132,0.046270621320424685,0.007106459244896117,0.07236306524652845
BRD-A00626522,8,133,0.046527207667962936,0.009444875079034545,0.07209051035999475
BRD-A00763758,3,48,0.09949075724858021,0.02236623294526416,0.12000056805137077
BRD-A01960364,13,178,0.049294598270788026,0.007753556740005448,0.062315189410583144
BRD-A01973626,9,141,0.029822627763762377,0.004365973886201522,0.07001552735422285
BRD-A01999384,8,133,0.05226031427728548,0.006716435746106674,0.07209051035999475
BRD-A02241946,8,204,0.02541913376367329,0.004044169137122044,0.05820882555410844
BRD-A02747686,8,204,0.030715714244840812,0.004792533891345806,0.05820882555410844
BRD-A02836799,2,213,0.11831071429940472,0.004230861805414318,0.056965789254484055
BRD-A03436432,8,133,0.04127829931265026,0.008108711046548691,0.07209051035999475
BRD-A03772856,4,1328,0.024273740644861597,0.002441843646236273,0.022814181015259963
BRD-A03946276,14,171,0.03649950175905773,0.008615739100010808,0.06357785410009052
BRD-A04172077,13,175,0.08930941469778035,0.010033619074943417,0.06284704988949782
BRD-A04332542,3,48,0.08827989348694183,0.020139406527644822,0.12000056805137077
BRD-A04392722,8,124,0.04994021410375587,0.00727636350561696,0.07466087544568958
BRD-A05565054,9,124,0.04416751127392043,0.007142611470564127,0.07466087544568958
BRD-A05680309,8,204,0.07982503129807202,0.006306615773223345,0.05820882555410844
BRD-A05729358,3,42,0.07448909031518182,0.006745253153498749,0.12828600339042298
BRD-A05831822,8,129,0.048917627052208035,0.007639408424498484,0.0731996602677379
BRD-A06131576,13,171,0.035576196832258794,0.010023915132498293,0.06357785410009052
BRD-A06276885,13,204,0.09364213235669033,0.006653221499918006,0.05820882555410844
BRD-A06641369,8,204,0.032159547701048556,0.0041032714579100045,0.05820882555410844
BRD-A06664848,8,191,0.057095230527015144,0.005507136032810371,0.06015714778102485
BRD-A06779035,3,48,0.078957380160706,0.006202698436770626,0.12000056805137077
BRD-A06909528,13,157,0.05982487540794638,0.02441598614035218,0.06635201166521548
BRD-A07614565,13,160,0.04793672666464092,0.005379487448856611,0.06572701803516952
BRD-A08610364,8,114,0.05350527690470706,0.0053295348482857545,0.07786665074316859
BRD-A08658758,8,864,0.02414573153134531,0.002073363463028996,0.02828440513845401
BRD-A08662020,8,133,0.0526381721978294,0.007672268463615048,0.07209051035999475
BRD-A09053961,3,48,0.08913750263301584,0.007968313508301456,0.12000056805137077
BRD-A09164687,13,152,0.05109006359182456,0.009129194543848985,0.06743449765119443
BRD-A09719808,8,171,0.1486094869791555,0.011258332045450709,0.06357785410009052
BRD-A09984573,13,169,0.04620605051876219,0.007952839541719083,0.06395294793910793
BRD-A10330754,13,159,0.05269502395940904,0.007189566644176434,0.0659333828067973
BRD-A11087911,9,131,0.09299611870552497,0.005835728279286183,0.07263873506478
BRD-A11095214,9,131,0.029970202740321892,0.009163688056031818,0.07263873506478
BRD-A11512624,7,117,0.06414662590896883,0.0137053201204658,0.07686187767051089
BRD-A11731846,3,180,0.07090313920218472,0.005411219699273893,0.06196802687978517
BRD-A11929187,9,127,0.0416045248551563,0.004614282121228675,0.07377378404515243
BRD-A11968133,8,133,0.04234051757424246,0.009086307756916198,0.07209051035999475
BRD-A12083771,51,1152,0.0193734480600436,0.006128755636016511,0.024495013380832285
BRD-A12426960,3,48,0.06963336881085498,0.007701293669916091,0.12000056805137077
BRD-A12633378,8,133,0.0544889204991412,0.00897184857148778,0.07209051035999475
BRD-A12643502,13,168,0.053062573537833925,0.014413851623598557,0.06414300169521149
BRD-A13020530,3,151,0.14999680609405208,0.01663225388176439,0.06765742221841048
BRD-A13346522,14,635,0.015304369682645062,0.004274471732803601,0.03299263921647005
BRD-A13367427,13,178,0.025347281236883637,0.006804835030028883,0.062315189410583144
BRD-A13461302,14,168,0.02489859944053638,0.006170582581096235,0.06414300169521149
BRD-A13914662,14,163,0.058950063849881794,0.009754793580664892,0.06511935921509471
BRD-A13964793,13,161,0.046406918145156247,0.006717814990333113,0.06552257891462192
BRD-A14014306,3,180,0.1562470773129339,0.010548057471102606,0.06196802687978517
BRD-A14178283,13,142,0.10245046009630433,0.019780093134879755,0.06976855823420344
BRD-A14795281,3,48,0.09880847551424651,0.016974452183254767,0.12000056805137077
BRD-A15113563,3,180,0.06253260046710722,0.017517059138065193,0.06196802687978517
BRD-A16581344,13,172,0.04641008125811405,0.008580310973438435,0.06339276534025146
BRD-A16820783,9,116,0.08442650133607808,0.008422371322776361,0.07719246791731824
BRD-A17081056,3,48,0.08915117395318432,0.0077363647854453476,0.12000056805137077
BRD-A17664363,9,139,0.042049848810706135,0.008766382309994374,0.07051743720105612
BRD-A17718497,14,588,0.031170688938456644,0.003824315116892417,0.034285876586105934
BRD-A17757596,8,124,0.04299512378075998,0.003939559667756578,0.07466087544568958
BRD-A18279961,8,133,0.0377197062608049,0.005985623974776872,0.07209051035999475
BRD-A18411371,9,111,0.17392993232027432,0.01014669724761636,0.07891188745485186
BRD-A18725729,9,101,0.16791324911555572,0.010490148739638574,0.08272623010986836
BRD-A19928752,9,141,0.04578967745427856,0.007124930810813016,0.07001552735422285
BRD-A20488704,13,164,0.037468606878976456,0.012547344721695344,0.06492052101285829
BRD-A21406558,8,131,0.030188537400551187,0.006441740378560719,0.07263873506478
BRD-A21481508,8,196,0.030137997074279256,0.005839387305614095,0.05938488022917164
BRD-A21812217,9,141,0.05339808560112556,0.007488750108052869,0.07001552735422285
BRD-A22272113,13,174,0.02675207517675904,0.0066337672904062985,0.06302738612786353
BRD-A22514244,9,144,0.034109073843851145,0.0044191654251576635,0.06928236026736692
BRD-A24021119,8,187,0.1190339936269103,0.011270249517293825,0.060797135450359925
BRD-A24054354,50,371,0.03918125524388256,0.0041626065001774785,0.043163531076664076
BRD-A24225650,9,141,0.040589389729259115,0.004666561774479153,0.07001552735422285
BRD-A24951056,3,42,0.07635448508587982,0.01876880400221085,0.12828600339042298
BRD-A25170757,9,138,0.06138489248469795,0.005086479987282781,0.07077247397277182
BRD-A25416824,13,165,0.13414126428188763,0.03591684343996573,0.06472349318059607
BRD-A25829966,8,204,0.047004528293891734,0.006756227999132459,0.05820882555410844
BRD-A26333730,3,48,0.08273184881930608,0.006960501652553193,0.12000056805137077
BRD-A26347577,3,48,0.060918071382897974,0.009219844260459565,0.12000056805137077
BRD-A26595446,14,664,0.03390969622846389,0.005188353499760431,0.03226412420621543
BRD-A26962727,14,640,0.031215707145147858,0.0034627300801919254,0.03286350901758476
BRD-A27640568,13,178,0.12217921598173442,0.009975099228221367,0.062315189410583144
BRD-A27924917,3,48,0.07442763278281266,0.0076197539388848275,0.12000056805137077
BRD-A28412351,8,204,0.021860989448523774,0.003846476894504744,0.05820882555410844
BRD-A28422330,8,187,0.03671999933672773,0.004553478095354842,0.060797135450359925
BRD-A29119732,3,37,0.11219556474242684,0.009548300564485718,0.13667939839296053
BRD-A29342309,3,42,0.06342429820903701,0.01618667871428903,0.12828600339042298
BRD-A29721261,9,131,0.044437243227678704,0.0043720810284433986,0.07263873506478
BRD-A30083233,13,169,0.06741820451461043,0.01361089735586454,0.06395294793910793
BRD-A30395175,9,66,0.05040708325761177,0.010582015236760571,0.10233682828652971
BRD-A30455275,13,176,0.031337499642879754,0.004576394009679458,0.06266825279920447
BRD-A30612536,8,129,0.0438407465673801,0.0036248613643316435,0.0731996602677379
BRD-A30856524,9,64,0.033341533476655576,0.005797982447257913,0.10392354040105038
BRD-A31180007,3,42,0.09348548716664404,0.013576983311983721,0.12828600339042298
BRD-A31429689,9,162,0.02518962588962008,0.006589444931009417,0.06532003568221943
BRD-A31946439,8,131,0.1436238675568024,0.013625880895447768,0.07263873506478
BRD-A32214171,13,165,0.05419230945360808,0.00913927339731614,0.06472349318059607
BRD-A32241587,13,165,0.04817269961774585,0.007642642039152627,0.06472349318059607
BRD-A32440707,9,63,0.03139863803307099,0.011659363092920434,0.10474508314916303
BRD-A32449311,9,141,0.05014538606772835,0.007858339691687859,0.07001552735422285
BRD-A32582647,3,45,0.07126055975841396,0.008667090305599827,0.12393605375957034
BRD-A32917072,8,124,0.03563384884296271,0.006221969622978636,0.07466087544568958
BRD-A34421300,8,133,0.05393784361303425,0.004641470091075997,0.07209051035999475
BRD-A35072120,3,48,0.09207618385148315,0.01095355076711096,0.12000056805137077
BRD-A35141262,8,191,0.032555851993509306,0.004557398016294832,0.06015714778102485
BRD-A35153197,3,48,0.07282037427482933,0.005015413093383893,0.12000056805137077
BRD-A35207501,4,1211,0.017976725652230817,0.003297557781805513,0.023890863612159998
BRD-A35825362,3,48,0.12058145793938524,0.006709367876309909,0.12000056805137077
BRD-A36059655,14,164,0.063112806593422,0.0096660203215202,0.06492052101285829
BRD-A36165599,13,169,0.029305967102427194,0.006971426247539969,0.06395294793910793
BRD-A36275421,34,3586,0.08707004993408039,0.0023991936644495535,0.013883494033276511
BRD-A36411721,3,180,0.1425026232377092,0.014090174192139836,0.06196802687978517
BRD-A36884011,13,167,0.04454471807729373,0.021470528406072976,0.06433475997562621
BRD-A37656721,14,629,0.02605443418348513,0.003411128729901948,0.03314962331882665
BRD-A37735495,9,105,0.1541200338302429,0.011509142608195664,0.08113519252676392
BRD-A38425832,8,131,0.05751319856173811,0.009144359418942254,0.07263873506478
BRD-A38793261,8,133,0.04920479839739811,0.006806100854926407,0.07209051035999475
BRD-A38936397,8,133,0.03634853056300947,0.008671319833763892,0.07209051035999475
BRD-A39121618,13,166,0.04765864492097876,0.005685306184319127,0.06452824841243086
BRD-A39599596,9,111,0.044136818689472064,0.008714332227106571,0.07891188745485186
BRD-A39986918,3,48,0.08771060157935537,0.012344460583027501,0.12000056805137077
BRD-A40163033,3,48,0.10116380904243318,0.015392164486932307,0.12000056805137077
BRD-A40431293,8,57,0.30683315826191987,0.025070703571476564,0.11012007353755805
BRD-A40560522,9,141,0.033745927724300726,0.005403073598001343,0.07001552735422285
BRD-A41114263,13,162,0.046113437979885416,0.006459288193785841,0.06532003568221943
BRD-A41630653,8,204,0.02736383482753797,0.0048538922983596975,0.05820882555410844
BRD-A41649729,3,180,0.07602580559119484,0.011360464846366847,0.06196802687978517
BRD-A41986761,3,48,0.04409269528217348,0.009956618982889333,0.12000056805137077
BRD-A41997916,13,161,0.05484457232217075,0.01189773577386868,0.06552257891462192
BRD-A42187224,3,48,0.1103140362271809,0.016556025239994415,0.12000056805137077
BRD-A42610307,3,42,0.10261943738656751,0.008897618861403217,0.12828600339042298
BRD-A42737819,9,131,0.05184070196185011,0.006348268041368131,0.07263873506478
BRD-A42969626,9,128,0.034307305079005944,0.0070637233816705225,0.07348504014249686
BRD-A42994615,3,45,0.08669687463783103,0.010786501575736648,0.12393605375957034
BRD-A43087975,13,169,0.024343324192353546,0.005841010311091803,0.06395294793910793
BRD-A43126523,8,196,0.10145727833077642,0.008877009832086901,0.05938488022917164
BRD-A43155244,12,153,0.16598372740009656,0.009312507736785193,0.06721376220575295
BRD-A43188678,13,166,0.022855239146929194,0.008810104224135924,0.06452824841243086
BRD-A43640821,9,131,0.062457291710386005,0.01079521305602351,0.07263873506478
BRD-A43805296,8,124,0.08835687962581294,0.016648924749940626,0.07466087544568958
BRD-A43885598,9,141,0.03290007665973599,0.005909182433446983,0.07001552735422285
BRD-A44244100,3,180,0.09802914590218784,0.016050421629083007,0.06196802687978517
BRD-A44862234,8,194,0.03393267893678206,0.005300731497316983,0.05969020296269939
BRD-A45206415,9,131,0.04072685883046823,0.00471457633940539,0.07263873506478
BRD-A45657137,9,141,0.03111381998902241,0.004917460074204493,0.07001552735422285
BRD-A46802340,3,180,0.10845376925497496,0.02038826994347745,0.06196802687978517
BRD-A47714657,8,204,0.02980155364955309,0.008305291870672889,0.05820882555410844
BRD-A47816767,8,204,0.1153715023941361,0.0107264143281997,0.05820882555410844
BRD-A47832959,10,566,0.05105897947713803,0.003321738169408568,0.03494585776894321
BRD-A48052484,8,204,0.04160900978631151,0.005456078940425761,0.05820882555410844
BRD-A49581300,13,160,0.05481216193791342,0.014567460108724884,0.06572701803516952
BRD-A49848186,8,145,0.20306481008854727,0.011347540555556264,0.06904304224563809
BRD-A50388635,13,174,0.05754650024818002,0.005966799889155376,0.06302738612786353
BRD-A51666293,8,204,0.024559742942426247,0.004087760555895045,0.05820882555410844
BRD-A51929314,13,214,0.025357483363491976,0.005915294421081162,0.056832535763789646
BRD-A52530852,3,48,0.0911583004425354,0.006661086678024625,0.12000056805137077
BRD-A52647795,3,48,0.07152153877305138,0.006309499449127791,0.12000056805137077
BRD-A52771319,9,60,0.033446281483119934,0.014507634828314075,0.1073317710005818
BRD-A53107311,8,199,0.040174135167324806,0.005107396205753509,0.058935555638583256
BRD-A54077041,9,153,0.031105958423769894,0.003971492093061296,0.06721376220575295
BRD-A54194844,8,198,0.05491343628112257,0.007977183121391923,0.059084195359240435
BRD-A54632525,9,139,0.07783366213502199,0.009909262259903137,0.07051743720105612
BRD-A55317422,3,48,0.09058247146056013,0.009726843792656176,0.12000056805137077
BRD-A55554369,8,204,0.04011653513982165,0.004865581826320904,0.05820882555410844
BRD-A55565369,13,162,0.03183152071993578,0.007002460255434766,0.06532003568221943
BRD-A55609290,9,138,0.0563069383801321,0.005491786274579068,0.07077247397277182
BRD-A56800788,13,166,0.048115001965293565,0.014811400674563244,0.06452824841243086
BRD-A56831909,8,193,0.04458643290542204,0.00473634311849823,0.059844641003395496
BRD-A57107094,14,606,0.043770403878337964,0.006520971381728489,0.033772842018873914
BRD-A57300602,13,169,0.03682799231171507,0.009738784013322404,0.06395294793910793
BRD-A58482795,9,162,0.058155142004628416,0.020007272036429408,0.06532003568221943
BRD-A58924247,8,113,0.15892242752407312,0.010363033938708442,0.07821043453725916
BRD-A59145032,14,168,0.08541555145831825,0.009580991683311956,0.06414300169521149
BRD-A59728941,3,180,0.23583558047788386,0.011019719671363,0.06196802687978517
BRD-A60386802,13,168,0.04093407367066038,0.014045495127298215,0.06414300169521149
BRD-A60784279,9,120,0.05402748665839449,0.005470910576877787,0.07589502311127302
BRD-A61189834,9,125,0.044458292236432016,0.005532712145298898,0.07436163225574222
BRD-A61599461,8,133,0.04332316361998764,0.0085865165970301,0.07209051035999475
BRD-A61825514,9,141,0.06748812288992746,0.008385859069607279,0.07001552735422285
BRD-A62200266,11,99,0.043145638829574964,0.009647176340566397,0.0835576703989393
BRD-A62496920,8,133,0.02281076843648009,0.0040685924627952745,0.07209051035999475
BRD-A62647958,9,141,0.03324689650662751,0.00498344453173074,0.07001552735422285
BRD-A63949900,8,124,0.0669069981935449,0.007834769893054651,0.07466087544568958
BRD-A64850503,8,196,0.04786659177298459,0.006959820888781184,0.05938488022917164
BRD-A65140285,3,48,0.06810988367688121,0.008887055873410864,0.12000056805137077
BRD-A65142661,3,180,0.0661877173241953,0.007544949500378928,0.06196802687978517
BRD-A65516924,9,141,0.043268795991794014,0.0069707101398650256,0.07001552735422285
BRD-A66604020,8,131,0.05017117571404646,0.005907194069112915,0.07263873506478
BRD-A66846505,8,133,0.043238219274393065,0.009936166484494508,0.07209051035999475
BRD-A66861218,13,288,0.04215648860956547,0.004986893153492901,0.04899002676166457
BRD-A67306036,13,178,0.03449168336011893,0.004580558341792428,0.062315189410583144
BRD-A68061604,9,156,0.06506661941292638,0.007146939942714365,0.06656433864523432
BRD-A68065211,8,86,0.19567146918282916,0.014439060238586314,0.08965090850051868
BRD-A68274214,13,169,0.03427513254520684,0.008170565648192388,0.06395294793910793
BRD-A68721828,14,167,0.03802675827376028,0.004479903232114236,0.06433475997562621
BRD-A68802837,3,48,0.06474487753166094,0.0064244439995974146,0.12000056805137077
BRD-A68820570,8,204,0.061936252871684604,0.00588975389799783,0.05820882555410844
BRD-A68890828,8,180,0.045608379502159915,0.007492169827795513,0.06196802687978517
BRD-A69421747,9,131,0.041320389960338065,0.0055910704005344095,0.07263873506478
BRD-A69429454,9,141,0.035234814893375384,0.008868704132955268,0.07001552735422285
BRD-A69454249,3,48,0.09091629898602505,0.01049215876869751,0.12000056805137077
BRD-A69470004,8,199,0.037817954104038855,0.0030589420347581654,0.058935555638583256
BRD-A70311631,9,143,0.04055619317384588,0.00630052829593395,0.06952418424962198
BRD-A70541707,3,33,0.17652507740541803,0.016436045515467564,0.1447261304930569
BRD-A70591769,13,169,0.051968844104836466,0.014623692528803755,0.06395294793910793
BRD-A70879086,13,165,0.040818650809303275,0.005940160899758969,0.06472349318059607
BRD-A71339955,9,162,0.033847528592130735,0.0038452850159789633,0.06532003568221943
BRD-A71707563,9,160,0.03748676091338928,0.005673657540680649,0.06572701803516952
BRD-A72069525,8,204,0.04499014341677969,0.005162149001861053,0.05820882555410844
BRD-A72498772,4,578,0.02232364122487172,0.0065803477589912555,0.034581195361174995
BRD-A72796238,4,1328,0.032805039208769544,0.003844140287932658,0.022814181015259963
BRD-A72837804,13,178,0.08179388811149525,0.014983105677406983,0.062315189410583144
BRD-A73513677,4,1328,0.03743130707701517,0.0020604544583428088,0.022814181015259963
BRD-A73558769,4,1297,0.028392452611270016,0.0021291929100191154,0.0230852154733723
BRD-A73594579,3,170,0.07832617517316919,0.010852746788196465,0.06376457360373668
BRD-A73747855,9,141,0.02924803630748219,0.005298350502987245,0.07001552735422285
BRD-A73847809,13,175,0.04141500375752687,0.006636710906869424,0.06284704988949782
BRD-A73929928,7,89,0.09548735058729645,0.007150038992675246,0.08812698600629496
BRD-A74134989,8,199,0.05746599107837062,0.0172564089949806,0.058935555638583256
BRD-A74382794,4,1328,0.03538433672303499,0.002423922692543175,0.022814181015259963
BRD-A74608937,9,141,0.04245087090989392,0.00529782462424026,0.07001552735422285
BRD-A74699940,13,169,0.028911630930648163,0.00461779017070418,0.06395294793910793
BRD-A74767450,3,48,0.07952754338365439,0.008571564407296884,0.12000056805137077
BRD-A74983348,8,204,0.03595872049001538,0.006857519159207947,0.05820882555410844
BRD-A75106577,9,141,0.033042499022812595,0.006548130260166787,0.07001552735422285
BRD-A75301702,9,120,0.07927843025458046,0.00767312207443316,0.07589502311127302
BRD-A75471153,13,159,0.025618118988859923,0.004986869312717236,0.0659333828067973
BRD-A75558199,8,131,0.03283405113035775,0.006720732404618735,0.07263873506478
BRD-A75769921,3,42,0.08775004102238163,0.010013540403503461,0.12828600339042298
BRD-A76641868,8,204,0.03604272879849421,0.003833860061835046,0.05820882555410844
BRD-A76732176,13,170,0.034466366797961695,0.005331781128935411,0.06376457360373668
BRD-A77098556,3,48,0.10053318230745498,0.01119054786811074,0.12000056805137077
BRD-A77577770,14,145,0.07849967683338539,0.009218475611967238,0.06904304224563809
BRD-A77704559,13,152,0.047561954892488156,0.004977869282014102,0.06743449765119443
BRD-A77864279,3,37,0.11155915558235854,0.011331448811795847,0.13667939839296053
BRD-A78236793,3,42,0.10058483140366266,0.010692404619599924,0.12828600339042298
BRD-A79058669,3,48,0.0844351409975487,0.006558320026114796,0.12000056805137077
BRD-A80536908,8,204,0.02971117295142904,0.0045658937518059444,0.05820882555410844
BRD-A81045722,8,124,0.027088551172070735,0.0061846258355367474,0.07466087544568958
BRD-A81282034,9,162,0.08907780407413149,0.014125275039108737,0.06532003568221943
BRD-A81372523,9,129,0.03231716767647607,0.0052103814577240835,0.0731996602677379
BRD-A81377415,8,129,0.03646524206439778,0.006778489042817205,0.0731996602677379
BRD-A81389811,8,120,0.033950785205675106,0.00957401511854829,0.07589502311127302
BRD-A81416315,8,133,0.02960110980985109,0.007461133595628885,0.07209051035999475
BRD-A81472640,3,48,0.060506013777221763,0.00656152965155543,0.12000056805137077
BRD-A81530502,13,166,0.0868504458005098,0.00834210603062466,0.06452824841243086
BRD-A81936046,51,380,0.02231752574273758,0.003906617841829016,0.04264932108940984
BRD-A82197375,9,131,0.039292621122352524,0.008292515697102985,0.07263873506478
BRD-A82323890,3,48,0.0863730724102288,0.007073201184637087,0.12000056805137077
BRD-A82628254,13,167,0.04551938491663771,0.005074323695976137,0.06433475997562621
BRD-A82913781,14,640,0.02778873847798451,0.0033317404016899184,0.03286350901758476
BRD-A82976242,9,132,0.03123570898959428,0.005036612385002977,0.07236306524652845
BRD-A83255679,51,962,0.02326351274454194,0.003070861496572982,0.02680503536583954
BRD-A83402799,13,652,0.01996689683069784,0.003241720457566449,0.032559679607547354
BRD-A83706824,9,118,0.04314850472786029,0.003615418208823067,0.07653549879627033
BRD-A83802330,8,204,0.04616643284358423,0.005264013086482009,0.05820882555410844
BRD-A83993876,8,122,0.09200000044554887,0.012299977490391694,0.07527036209271129
BRD-A84098870,8,204,0.028483299121601385,0.003605585416494118,0.05820882555410844
BRD-A84102390,13,161,0.09186848151465496,0.026948547860170393,0.06552257891462192
BRD-A84238007,3,180,0.035678640424381465,0.016240406238514825,0.06196802687978517
BRD-A84280790,8,189,0.027227369293093162,0.0046189904311408,0.06047460195245902
BRD-A84423900,3,48,0.08434086122114326,0.008751248030153418,0.12000056805137077
BRD-A84445767,8,131,0.04519459430022439,0.006750704869664937,0.07263873506478
BRD-A84524947,9,138,0.05280526465458954,0.005387431628035472,0.07077247397277182
BRD-A84909344,8,204,0.045922022485066584,0.004818384665186656,0.05820882555410844
BRD-A85712510,9,131,0.04695651901549486,0.007712097448703819,0.07263873506478
BRD-A85891951,9,124,0.03692010614940347,0.007532642845425725,0.07466087544568958
BRD-A86146706,3,34,0.1497373589030663,0.016022152437956853,0.14258192113424395
BRD-A86792397,9,131,0.04716090620229837,0.00543949092554561,0.07263873506478
BRD-A87384553,2,212,0.0815690544217831,0.003124098380106077,0.057099984468130596
BRD-A87455648,9,160,0.037252649251715036,0.006724745513475594,0.06572701803516952
BRD-A88029023,13,178,0.03576465667975985,0.004585367984419726,0.062315189410583144
BRD-A88504692,13,178,0.03242569302358905,0.005741478797555013,0.062315189410583144
BRD-A88878656,9,162,0.03058030794733759,0.005052865987899278,0.06532003568221943
BRD-A89049230,9,137,0.04698935292448257,0.004692522472934783,0.07103029804693967
BRD-A89067742,14,168,0.05433823012022236,0.008147761043783945,0.06414300169521149
BRD-A89208012,13,195,0.054832970548778434,0.010591915149662774,0.05953695443522408
BRD-A89333723,13,165,0.03694526597628615,0.0075808720280678,0.06472349318059607
BRD-A89494828,9,131,0.035907760634600105,0.0063445416243164245,0.07263873506478
BRD-A89907244,14,168,0.05500188931438002,0.004933231651032658,0.06414300169521149
BRD-A90643929,13,154,0.056751975632811466,0.0054800538855721975,0.06699518028638862
BRD-A92334183,3,48,0.1187443942403305,0.014338320609962993,0.12000056805137077
BRD-A93015352,13,166,0.043675235559738894,0.00767694383864264,0.06452824841243086
BRD-A93048969,7,104,0.04338502359529013,0.007775329745993558,0.0815243323733237
BRD-A93426597,8,204,0.04484039051692483,0.006100237903534581,0.05820882555410844
BRD-A93507363,9,131,0.046051582077407255,0.006174345323784628,0.07263873506478
BRD-A93942655,8,192,0.16102814742778468,0.014095288255737321,0.060000284025685385
BRD-A93975555,8,130,0.07434571746748544,0.0068418495016344975,0.07291757960281542
BRD-A94297859,9,141,0.03506835109062112,0.005090373846408106,0.07001552735422285
BRD-A94381689,13,154,0.07958417460886459,0.039484173703140765,0.06699518028638862
BRD-A94546435,3,180,0.07149358100017353,0.0044388575205748185,0.06196802687978517
BRD-A94567954,9,141,0.035943405034550464,0.006965122713780356,0.07001552735422285
BRD-A94570195,9,127,0.0581635299488079,0.004353127151876743,0.07377378404515243
BRD-A94675310,8,172,0.026291551034282646,0.003634691148817466,0.06339276534025146
BRD-A95504714,4,1249,0.03190080864821881,0.002227754652917453,0.023524624578153387
BRD-A95795120,9,139,0.042160671378410196,0.004539168929190093,0.07051743720105612
BRD-A95820578,13,163,0.059644814750569784,0.0071874284780458295,0.06511935921509471
BRD-A95937159,14,595,0.021370496946796554,0.0038548743857140027,0.03408359826270172
BRD-A95944315,13,152,0.04048853923507065,0.009441752366053158,0.06743449765119443
BRD-A96006241,9,141,0.04500414227286329,0.0053750451666624765,0.07001552735422285
BRD-A96272097,13,157,0.056278487690266124,0.010621887792236261,0.06635201166521548
BRD-A96746500,8,133,0.051168552627836476,0.006047547809449145,0.07209051035999475
BRD-A96749488,8,133,0.0375083909452132,0.005919544000353372,0.07209051035999475
BRD-A97035593,8,191,0.0602100053964333,0.006853841914825754,0.06015714778102485
BRD-A98050686,8,199,0.05271552420917251,0.012670298521005442,0.058935555638583256
BRD-A98200599,8,204,0.02903556950160507,0.003986084301829,0.05820882555410844
BRD-A98248982,51,2233,0.014267077188295786,0.002669357467050317,0.01759379628439939
BRD-A98444709,9,118,0.08221917272601141,0.006891253787678013,0.07653549879627033
BRD-A98777808,9,64,0.052869528207697275,0.011792712433056692,0.10392354040105038
BRD-A98888159,13,176,0.022490092989487512,0.004737681994225764,0.06266825279920447
BRD-A99218607,9,131,0.021154412677675958,0.0069593320931976245,0.07263873506478
BRD-A99518825,14,639,0.020384145361530145,0.003659862230797231,0.032889213760675856
BRD-A99879977,2,57,0.13573747385499677,0.005221476993311537,0.11012007353755805
BRD-A99911370,8,204,0.05377520641432316,0.004484655190100848,0.05820882555410844
BRD-K00007652,9,557,0.06363023855370728,0.0048961088121545135,0.03522705382665018
BRD-K00028814,9,138,0.05772275379147512,0.006932310372256424,0.07077247397277182
BRD-K00069117,6,200,0.06238857762207214,0.013769026629127261,0.05878803211399748
BRD-K00124439,3,20,0.12255240279381124,0.005716226720688772,0.1859040806393555
BRD-K00141503,7,64,0.04146097602993504,0.014883036080121507,0.10392354040105038
BRD-K00144236,2,25,0.25243823689949973,0.01461927922220131,0.1662776646416806
BRD-K00177096,2,25,0.13773342331064997,0.01002311827770726,0.1662776646416806
BRD-K00179355,6,25,0.12681062201072008,0.01627161289594329,0.1662776646416806
BRD-K00185670,6,28,0.1123150167966032,0.015268367392597583,0.15711762472374455
BRD-K00188019,6,26,0.10797096660752412,0.01893290527394767,0.1630486647466474
BRD-K00203625,8,204,0.01828701650647343,0.0038718745597405625,0.05820882555410844
BRD-K00248354,2,30,0.12312216427161894,0.016858621597709393,0.15179004622254605
BRD-K00256256,9,141,0.051470751457178006,0.013469215817082238,0.07001552735422285
BRD-K00256608,8,29,0.11088723986918902,0.015493793240003155,0.15438493583463647
BRD-K00289828,9,162,0.025072713233705746,0.004907467419893745,0.06532003568221943
BRD-K00313977,9,120,0.11059820815226683,0.009138743608073813,0.07589502311127302
BRD-K00362189,2,30,0.14318031180095211,0.0072469838415196415,0.15179004622254605
BRD-K00366212,8,133,0.03383132818956853,0.006312253374487444,0.07209051035999475
BRD-K00381581,8,34,0.11682005351286574,0.02625409787436219,0.14258192113424395
BRD-K00390580,13,167,0.03651727515839458,0.004626149924850593,0.06433475997562621
BRD-K00409771,7,64,0.04893509624792921,0.010457912634247472,0.10392354040105038
BRD-K00412766,2,57,0.14770463446971005,0.0061759435020830806,0.11012007353755805
BRD-K00429057,9,162,0.05056343487908157,0.007594637127469609,0.06532003568221943
BRD-K00430421,9,131,0.030966324569423,0.005798796894351078,0.07263873506478
BRD-K00442147,9,125,0.033387628861923736,0.0057755111335720455,0.07436163225574222
BRD-K00449983,4,21,0.10080311769365383,0.009017139107277498,0.18142380585737705
BRD-K00458136,6,28,0.10642989231084654,0.019262563013883904,0.15711762472374455
BRD-K00472408,4,21,0.08106487912877101,0.00831570181484012,0.18142380585737705
BRD-K00486725,13,166,0.06431471557572663,0.015922549533997642,0.06452824841243086
BRD-K00505809,2,49,0.14820414922409744,0.011842644294074134,0.11876976045834328
BRD-K00518397,6,72,0.047787937567244775,0.008534801128691075,0.09798005352332914
BRD-K00540336,7,69,0.09950744100280115,0.011559357727021156,0.1000873925349908
BRD-K00541156,9,141,0.027281431015231453,0.007943480519827972,0.07001552735422285
BRD-K00541818,4,21,0.15282091489226277,0.009686903823368148,0.18142380585737705
BRD-K00547540,6,26,0.07825610980621313,0.009309073758698624,0.1630486647466474
BRD-K00551481,13,159,0.04492821870520639,0.008698369032947552,0.0659333828067973
BRD-K00555438,8,133,0.043039211477369416,0.0035312210112215655,0.07209051035999475
BRD-K00600835,2,20,0.13819314213547113,0.009965903133524766,0.1859040806393555
BRD-K00637033,8,127,0.03739480686197842,0.004694558849486953,0.07377378404515243
BRD-K00640357,10,24531,0.006969126824640901,0.0012613999786364304,0.005308187981377776
BRD-K00645031,2,25,0.17704594577647828,0.016173693733718537,0.1662776646416806
BRD-K00664012,8,139,0.03537738307807524,0.006470938658405752,0.07051743720105612
BRD-K00799745,2,70,0.1206660961811562,0.00555953029374174,0.09936991093652328
BRD-K00816125,2,25,0.17546761107922978,0.016637492775748674,0.1662776646416806
BRD-K00816165,13,172,0.05428807509801498,0.007062044131671476,0.06339276534025146
BRD-K00819343,6,104,0.06153632769433737,0.010340454041907856,0.0815243323733237
BRD-K00835201,8,66,0.03676578612172981,0.006205400001033937,0.10233682828652971
BRD-K00859168,13,178,0.036677233503420545,0.005168091725325433,0.062315189410583144
BRD-K00859238,7,60,0.04117860948958462,0.005842107881335277,0.1073317710005818
BRD-K00863322,8,204,0.034554649589457705,0.004931613227855734,0.05820882555410844
BRD-K00878439,3,48,0.09173290798039209,0.007485592151213693,0.12000056805137077
BRD-K00910650,8,124,0.10293286543862984,0.00726712497214678,0.07466087544568958
BRD-K00925050,8,182,0.06506555118275821,0.008576746995672225,0.06162660264582474
BRD-K00944562,13,170,0.042200212669740805,0.004462738087909818,0.06376457360373668
BRD-K00954209,13,164,0.038940484320398844,0.005810376210644303,0.06492052101285829
BRD-K01006500,8,36,0.06557660302713021,0.021737792590809248,0.13856472053473384
BRD-K01011412,3,20,0.0633745880064691,0.01458076092496308,0.1859040806393555
BRD-K01048110,8,66,0.04836336286318643,0.006797143833751762,0.10233682828652971
BRD-K01055635,6,30,0.072328685524591,0.007462778236769842,0.15179004622254605
BRD-K01089529,9,138,0.04108479551639565,0.006764142841770996,0.07077247397277182
BRD-K01093405,2,25,0.15084385318502483,0.01840763487073399,0.1662776646416806
BRD-K01121114,51,4385,0.033274457552247304,0.0017815552585686738,0.012555069516895003
BRD-K01229043,9,160,0.047930315262965366,0.011089238944973443,0.06572701803516952
BRD-K01265221,9,141,0.03708813172191419,0.006194120422225221,0.07001552735422285
BRD-K01333970,8,133,0.04062532154521202,0.006267124084987399,0.07209051035999475
BRD-K01404579,6,26,0.09821877907961066,0.02094405470048114,0.1630486647466474
BRD-K01425431,4,66,0.07798468776405093,0.00888606541382009,0.10233682828652971
BRD-K01427177,2,25,0.13033441709711843,0.011181496582883352,0.1662776646416806
BRD-K01448700,2,57,0.15326957823935222,0.008772610629596883,0.11012007353755805
BRD-K01477275,7,69,0.04720743669242922,0.005791911357598135,0.1000873925349908
BRD-K01478916,4,20,0.11814012226840917,0.01879360638943765,0.1859040806393555
BRD-K01490356,4,21,0.09748017405735467,0.006471486884177071,0.18142380585737705
BRD-K01497355,8,186,0.03051632973513579,0.0045434476978683845,0.06096034953047636
BRD-K01528688,2,30,0.12909712227766873,0.009742597138184676,0.15179004622254605
BRD-K01568615,4,21,0.11303871506852543,0.008938703218138914,0.18142380585737705
BRD-K01570637,3,20,0.12637121445038607,0.010121928709389499,0.1859040806393555
BRD-K01573538,8,29,0.0969891749732515,0.009721521767983502,0.15438493583463647
BRD-K01575212,2,30,0.19661306653450236,0.022252546634642666,0.15179004622254605
BRD-K01578344,8,198,0.04493531576103177,0.00372179874107815,0.059084195359240435
BRD-K01591707,2,25,0.14885642755562037,0.00865025601932704,0.1662776646416806
BRD-K01594737,3,20,0.11248106832255901,0.00988781766527226,0.1859040806393555
BRD-K01602319,8,199,0.03341056171835921,0.005952662225263184,0.058935555638583256
BRD-K01608965,8,97,0.08569921588760075,0.007709749057699132,0.08441469457065218
BRD-K01614657,13,163,0.17096850460360433,0.01665424894781102,0.06511935921509471
BRD-K01615174,2,25,0.14417707608159042,0.017472716299606294,0.1662776646416806
BRD-K01621458,8,9052,0.02132621814889224,0.0007760966179771713,0.008738394512830925
BRD-K01678149,2,25,0.15553091599012733,0.011645896433145238,0.1662776646416806
BRD-K01737880,8,14806,0.013774610080718308,0.0005942135126573304,0.006832585076528067
BRD-K01763173,2,30,0.15422064586651985,0.014410359090734291,0.15179004622254605
BRD-K01800709,14,157,0.053800961360569034,0.007450736202391878,0.06635201166521548
BRD-K01806521,9,131,0.036005264961453454,0.005646342652368854,0.07263873506478
BRD-K01834163,9,131,0.06367591952470424,0.008650254092259385,0.07263873506478
BRD-K01877724,8,61,0.041034581654212095,0.011263136820800946,0.106448366916246
BRD-K01896723,7,71,0.16526551514020618,0.014528038409949274,0.09866764128202758
BRD-K01971712,6,28,0.073048066006544,0.01082867842543141,0.15711762472374455
BRD-K01981286,8,89,0.04977466408651881,0.008559399432714268,0.08812698600629496
BRD-K02008913,6,28,0.07287382810881843,0.00836441756467259,0.15711762472374455
BRD-K02025760,2,30,0.1771388078514152,0.013672157776005155,0.15179004622254605
BRD-K02043218,2,25,0.1051235416134549,0.01599659657863028,0.1662776646416806
BRD-K02055666,6,30,0.09032276169044018,0.01801247962338183,0.15179004622254605
BRD-K02109522,6,26,0.10458003084503427,0.02109767267185903,0.1630486647466474
BRD-K02117849,8,47,0.05870840431093146,0.008610931762459055,0.12127045069624252
BRD-K02159117,4,21,0.11891460207553488,0.011108987313110765,0.18142380585737705
BRD-K02170312,2,30,0.15521954196425886,0.008880232953671829,0.15179004622254605
BRD-K02174945,9,128,0.03334566705581293,0.005674785418240245,0.07348504014249686
BRD-K02175743,9,131,0.03898360616753018,0.004324339042732547,0.07263873506478
BRD-K02216544,8,111,0.11869159058908947,0.009772334047885202,0.07891188745485186
BRD-K02223034,13,178,0.038197449724070985,0.0054755772826446695,0.062315189410583144
BRD-K02269790,3,180,0.05881778522703943,0.007897099523509924,0.06196802687978517
BRD-K02290471,2,25,0.15608566696546516,0.009471613137351164,0.1662776646416806
BRD-K02313433,8,129,0.04921638466628671,0.006982378783600522,0.0731996602677379
BRD-K02375958,2,30,0.19817669769215723,0.01041691991615954,0.15179004622254605
BRD-K02381115,8,133,0.0477896728952994,0.004266857369614203,0.07209051035999475
BRD-K02409808,8,47,0.04978346392440797,0.010416734625969285,0.12127045069624252
BRD-K02418197,6,28,0.0906945676524004,0.017469939434450663,0.15711762472374455
BRD-K02437976,8,124,0.04010036043616943,0.005058168916415644,0.07466087544568958
BRD-K02446652,3,20,0.15821070978462023,0.009838165873333202,0.1859040806393555
BRD-K02448874,2,42,0.13036884405514834,0.007559518337544675,0.12828600339042298
BRD-K02460212,6,30,0.06023218952544369,0.009558298573631146,0.15179004622254605
BRD-K02490064,6,307,0.11062864132753221,0.003122031641707619,0.04744983787011221
BRD-K02502363,9,150,0.019730111358940504,0.006211964484759079,0.06788257233228963
BRD-K02515288,6,26,0.059977641884309096,0.00974178740017867,0.1630486647466474
BRD-K02549628,2,25,0.16348460775027865,0.009394757935371388,0.1662776646416806
BRD-K02558072,8,147,0.08919240660022772,0.012550550163015033,0.06857175317221187
BRD-K02562327,8,603,0.09436562406569224,0.003910947439303593,0.0338567498302303
BRD-K02575886,2,30,0.20642144476583837,0.020293279554965564,0.15179004622254605
BRD-K02593152,6,80,0.05750003639547043,0.00695755891711127,0.09295204031967776
BRD-K02598395,9,153,0.04380202053099568,0.004878827180308474,0.06721376220575295
BRD-K02641134,9,131,0.02248840786544101,0.004797111183057882,0.07263873506478
BRD-K02654447,2,30,0.19444763534233933,0.020268756740513736,0.15179004622254605
BRD-K02665621,8,64,0.044059878790122416,0.008807318722276648,0.10392354040105038
BRD-K02694971,3,20,0.10861219140835388,0.006266234040324475,0.1859040806393555
BRD-K02701279,13,178,0.04926384246485072,0.019671272338426332,0.062315189410583144
BRD-K02735834,9,131,0.04051388338889105,0.004720290062941452,0.07263873506478
BRD-K02772785,5,23,0.09098509860072931,0.008226467227952419,0.17335644906769404
BRD-K02785641,4,21,0.12022988823071966,0.011071234387268676,0.18142380585737705
BRD-K02882069,8,34,0.11056696389018553,0.017660230011105324,0.14258192113424395
BRD-K02917242,6,28,0.06781547083418714,0.0102758194684676,0.15711762472374455
BRD-K02920722,9,152,0.0623560289549359,0.020465558048519152,0.06743449765119443
BRD-K02952507,8,57,0.08968059111460842,0.012044933573034556,0.11012007353755805
BRD-K02964016,2,30,0.1503760677331592,0.008478788258739435,0.15179004622254605
BRD-K02969269,9,149,0.035719278995571514,0.005461815255935578,0.06810998527191248
BRD-K02986291,9,141,0.02923453063667749,0.005205395968827643,0.07001552735422285
BRD-K03006541,7,60,0.07246885662675995,0.011468441039202934,0.1073317710005818
BRD-K03013810,8,29,0.12258052244362046,0.027281426467812397,0.15438493583463647
BRD-K03034193,3,20,0.09646063113704596,0.010299655284792212,0.1859040806393555
BRD-K03050720,8,77,0.028327334915710448,0.006133800925879224,0.09474549257464139
BRD-K03113036,8,193,0.06149091165416607,0.009549961564612656,0.059844641003395496
BRD-K03122949,13,161,0.068251972017508,0.005475539726357801,0.06552257891462192
BRD-K03130528,3,20,0.13231949159504827,0.008810400043969399,0.1859040806393555
BRD-K03176945,12,122,0.0671620808150112,0.01641983437437474,0.07527036209271129
BRD-K03194608,2,49,0.11269634844578706,0.00772384633945567,0.11876976045834328
BRD-K03235359,6,30,0.06576995357242495,0.008897080994595115,0.15179004622254605
BRD-K03257659,8,33,0.06372205180894681,0.00847084444817298,0.1447261304930569
BRD-K03258328,3,20,0.1815048614019229,0.012260061119621477,0.1859040806393555
BRD-K03261284,6,28,0.11113754066431354,0.023558622780957546,0.15711762472374455
BRD-K03262953,6,30,0.09906586856163785,0.02502152320827658,0.15179004622254605
BRD-K03339442,9,120,0.04134871650125964,0.005540121283430088,0.07589502311127302
BRD-K03354784,8,64,0.06320755170682735,0.006839600076002637,0.10392354040105038
BRD-K03358980,9,153,0.063397276664131,0.009335116869480062,0.06721376220575295
BRD-K03371390,8,204,0.03419896313808607,0.0064590531351404,0.05820882555410844
BRD-K03416270,4,21,0.09781552251725137,0.009572551026234086,0.18142380585737705
BRD-K03439359,4,1328,0.030135325846089942,0.0023941542327591465,0.022814181015259963
BRD-K03448064,6,30,0.06777183822547021,0.009096831061841604,0.15179004622254605
BRD-K03463440,6,28,0.0891125923425104,0.0171092625056661,0.15711762472374455
BRD-K03464662,2,30,0.14669936792844,0.006832571866448997,0.15179004622254605
BRD-K03476588,2,25,0.09302617152387757,0.017699711688701665,0.1662776646416806
BRD-K03522229,4,173,0.10051107231335484,0.0032502955795927495,0.06320928372433764
BRD-K03552198,8,196,0.03357333363513241,0.0036461556178479285,0.05938488022917164
BRD-K03568952,6,23,0.10012380042770029,0.016688902880232906,0.17335644906769404
BRD-K03589483,2,25,0.17462690761964453,0.013286590862162764,0.1662776646416806
BRD-K03601405,8,115,0.032016078861271134,0.007969202946532179,0.07752736089066879
BRD-K03608458,3,45,0.10906969987861492,0.016007343891569537,0.12393605375957034
BRD-K03641022,7,55,0.08351411287591123,0.019264013882590938,0.11210437863213016
BRD-K03651937,9,162,0.0769193699910052,0.015309876015280848,0.06532003568221943
BRD-K03652504,9,202,0.0877120847745293,0.012575950671916492,0.05849627829268667
BRD-K03669312,6,30,0.07561264396907842,0.01091304053103591,0.15179004622254605
BRD-K03704870,9,132,0.047029412379889536,0.007078292207379129,0.07236306524652845
BRD-K03817886,3,82,0.134731022409017,0.007707172375390604,0.0918114812927117
BRD-K03829970,9,124,0.15693608253445795,0.009258685007527412,0.07466087544568958
BRD-K03857568,14,598,0.03797409692054838,0.004246497377862424,0.033997996792435606
BRD-K03883227,2,30,0.26890712092643243,0.012933686111459813,0.15179004622254605
BRD-K03954795,8,204,0.046175144722528566,0.007366719848347815,0.05820882555410844
BRD-K03957451,8,51,0.03781328775144406,0.013560888898302922,0.11641765110821688
BRD-K03969729,3,20,0.13434881696294373,0.012532882727163108,0.1859040806393555
BRD-K04025047,8,53,0.04806212738983471,0.008013591778594868,0.11419996893626119
BRD-K04046003,2,30,0.12640318598091582,0.008657577054298315,0.15179004622254605
BRD-K04136539,9,141,0.040252079252166874,0.007191058707071998,0.07001552735422285
BRD-K04156788,13,708,0.023369529915099045,0.00398843778560384,0.031245486543376413
BRD-K04188046,14,651,0.015438348886583055,0.002608551089563177,0.03258467744586118
BRD-K04229162,6,30,0.07323738973969338,0.019384782204718964,0.15179004622254605
BRD-K04237106,4,21,0.10195142342867872,0.011178095194978001,0.18142380585737705
BRD-K04238564,8,132,0.03355058925981913,0.006428814643755421,0.07236306524652845
BRD-K04279026,8,133,0.050439329777345186,0.006365218448021992,0.07209051035999475
BRD-K04289865,2,30,0.1672905353657744,0.008063011716682118,0.15179004622254605
BRD-K04326190,6,30,0.06668024658832322,0.00827998686486413,0.15179004622254605
BRD-K04361415,2,43,0.19404263412467496,0.01150049128844269,0.1267855306805029
BRD-K04362735,4,66,0.0848719013344975,0.006683981658313943,0.10233682828652971
BRD-K04363266,9,141,0.04051297224425483,0.004079806107859695,0.07001552735422285
BRD-K04380254,8,66,0.04139600679177208,0.010393562355823163,0.10233682828652971
BRD-K04476933,2,30,0.1680209210957844,0.008399697857967745,0.15179004622254605
BRD-K04516579,9,131,0.032525135643870724,0.004318569364584532,0.07263873506478
BRD-K04534322,12,154,0.11469202090666139,0.01623755527948185,0.06699518028638862
BRD-K04562016,4,230,0.11534915317798108,0.003912202070755972,0.054820122613288634
BRD-K04574057,6,30,0.07734482488741058,0.011879346851396043,0.15179004622254605
BRD-K04588345,3,20,0.1454389035138283,0.01398540035730927,0.1859040806393555
BRD-K04617562,2,25,0.15778632353974018,0.0069474787735249325,0.1662776646416806
BRD-K04632192,3,88,0.07163046455947276,0.008730258658441365,0.08862629303886066
BRD-K04676863,9,131,0.05840496082326833,0.006229001623081774,0.07263873506478
BRD-K04695623,9,153,0.0476231148745719,0.0074692805983112886,0.06721376220575295
BRD-K04701379,6,26,0.08029042597786393,0.00867907254370673,0.1630486647466474
BRD-K04722205,3,40,0.11520075258807115,0.009130964011505269,0.13145403607033904
BRD-K04733502,8,130,0.04020844963596408,0.006629912866483497,0.07291757960281542
BRD-K04745699,6,30,0.08539307006136154,0.006511075891108262,0.15179004622254605
BRD-K04753511,4,21,0.09730400973277963,0.012403590198209724,0.18142380585737705
BRD-K04759195,4,21,0.12944254687895665,0.03049837045463615,0.18142380585737705
BRD-K04779531,8,204,0.054781011600368426,0.007278970052877311,0.05820882555410844
BRD-K04930762,8,124,0.03696237694955194,0.006259134847640109,0.07466087544568958
BRD-K04986062,4,1312,0.039727932999075045,0.002201142723353992,0.022952870323177926
BRD-K05002121,8,133,0.02525404368356239,0.00532131498442283,0.07209051035999475
BRD-K05150608,6,23,0.057099950063481016,0.009261851248800688,0.17335644906769404
BRD-K05153001,8,204,0.16491699750710442,0.011482504766599988,0.05820882555410844
BRD-K05197617,9,152,0.0491758406462498,0.005599108336161358,0.06743449765119443
BRD-K05204496,2,30,0.14189815844785647,0.010869615601539642,0.15179004622254605
BRD-K05211263,6,104,0.0935133913428007,0.013964955217168864,0.0815243323733237
BRD-K05225561,2,30,0.12270896893305278,0.006565250746208235,0.15179004622254605
BRD-K05232104,6,28,0.07986206596878277,0.019919346633809624,0.15711762472374455
BRD-K05273600,3,20,0.12127269478964621,0.012083931307108825,0.1859040806393555
BRD-K05278519,2,25,0.22415539224723655,0.013752960990927045,0.1662776646416806
BRD-K05322955,2,25,0.1556838542252811,0.016836235247051176,0.1662776646416806
BRD-K05326558,8,184,0.0882116555794989,0.009028211959468213,0.0612907603490934
BRD-K05331696,9,141,0.10413735555793777,0.009044416648483931,0.07001552735422285
BRD-K05351800,6,28,0.08275902448068634,0.0074310951711526185,0.15711762472374455
BRD-K05353139,8,89,0.047157510105188455,0.009373334450228662,0.08812698600629496
BRD-K05356589,4,21,0.13381843396852933,0.007439376822860203,0.18142380585737705
BRD-K05359840,8,133,0.037158319490881636,0.009217817694442146,0.07209051035999475
BRD-K05378136,2,57,0.08701464701334792,0.00679332622774141,0.11012007353755805
BRD-K05402890,51,1159,0.07639861268478172,0.004782357594962352,0.024420930215413403
BRD-K05442673,8,39,0.07190246141727394,0.012526874792162367,0.13312867729046865
BRD-K05452595,13,169,0.03444054523046256,0.006082981277963493,0.06395294793910793
BRD-K05456756,4,1264,0.03519958284133639,0.0029214642764694458,0.023384623585323724
BRD-K05469482,2,25,0.18905570968467822,0.01143605018177401,0.1662776646416806
BRD-K05520923,13,169,0.054999837192358805,0.006181267524490879,0.06395294793910793
BRD-K05542495,13,169,0.04636817699194386,0.01568149349162673,0.06395294793910793
BRD-K05543055,6,28,0.07539553302675249,0.01708221925171455,0.15711762472374455
BRD-K05549170,8,133,0.06887988972828069,0.007941222848805931,0.07209051035999475
BRD-K05562558,13,178,0.05091270845046161,0.008298556562962705,0.062315189410583144
BRD-K05593511,14,171,0.043567681021851,0.007279293025058366,0.06357785410009052
BRD-K05647501,6,28,0.1006473173097794,0.01968401802428949,0.15711762472374455
BRD-K05649647,51,3683,0.05888351659974983,0.0015047003773239376,0.013699447776865374
BRD-K05672354,13,169,0.038841120665096505,0.005102425756413828,0.06395294793910793
BRD-K05677905,8,59,0.03468352434887273,0.00785447177007063,0.10823754040067521
BRD-K05678583,2,25,0.16581984101439579,0.022974051248124114,0.1662776646416806
BRD-K05684908,9,195,0.037468924099568736,0.007957575069278881,0.05953695443522408
BRD-K05702937,2,25,0.13540363612810277,0.008631303411307816,0.1662776646416806
BRD-K05713002,4,21,0.12579855408230517,0.014057966140623065,0.18142380585737705
BRD-K05733208,4,21,0.10591008320173363,0.013138064219554805,0.18142380585737705
BRD-K05775306,13,178,0.021449563238218578,0.006221103605018405,0.062315189410583144
BRD-K05778745,7,44,0.06617957514608293,0.013802432097241277,0.12533650559840895
BRD-K05791917,4,21,0.09004326049905712,0.009368258721420289,0.18142380585737705
BRD-K05856102,6,30,0.10156938674104517,0.025042368775678985,0.15179004622254605
BRD-K05861053,8,124,0.036652647121996174,0.006018497106811407,0.07466087544568958
BRD-K05885800,2,25,0.14201612829523746,0.014219880904497115,0.1662776646416806
BRD-K05912972,6,67,0.14214713055119435,0.007767430672459353,0.10157024949069089
BRD-K05931533,3,20,0.1745987767067951,0.007881373809147175,0.1859040806393555
BRD-K05961870,4,21,0.08736519442017457,0.005949029413950563,0.18142380585737705
BRD-K05978741,7,64,0.04956187202999245,0.007309523915512085,0.10392354040105038
BRD-K05979026,8,133,0.09822263820626086,0.010299362349332347,0.07209051035999475
BRD-K05984448,8,53,0.037147203253165194,0.009430971242628669,0.11419996893626119
BRD-K06009608,8,147,0.1285049799502537,0.012202919709229263,0.06857175317221187
BRD-K06020002,13,785,0.03200152040197062,0.007121765111304143,0.02967352170545617
BRD-K06039860,6,65,0.07296535165421686,0.010448751350520213,0.10312103000972132
BRD-K06064877,6,28,0.08536368360863815,0.021948890347853266,0.15711762472374455
BRD-K06071925,13,156,0.042653825673915444,0.005598880995419302,0.06656433864523432
BRD-K06083657,6,30,0.08141310415482168,0.010115407832171868,0.15179004622254605
BRD-K06161868,6,28,0.06170165745163644,0.007105096457984612,0.15711762472374455
BRD-K06170455,3,44,0.056223971913237074,0.005179910182905067,0.12533650559840895
BRD-K06186994,9,139,0.034770116539021914,0.006145732621889965,0.07051743720105612
BRD-K06188347,8,57,0.0431768068438612,0.009263839334830805,0.11012007353755805
BRD-K06202986,3,20,0.1274742084417676,0.011204271555186314,0.1859040806393555
BRD-K06206016,8,131,0.028684347525438525,0.006372956208601919,0.07263873506478
BRD-K06209536,3,42,0.08432098190941607,0.010069726971420665,0.12828600339042298
BRD-K06217810,9,141,0.07600258292510441,0.005223122160826687,0.07001552735422285
BRD-K06296238,2,21,0.17289051028317767,0.03420573603602658,0.18142380585737705
BRD-K06311439,13,160,0.029911562637424227,0.009303998011269701,0.06572701803516952
BRD-K06370852,4,21,0.10930207871166793,0.008277610770195485,0.18142380585737705
BRD-K06405410,9,139,0.0851198640824577,0.0073739798401525215,0.07051743720105612
BRD-K06432527,2,20,0.18891519343482205,0.014607467430834702,0.1859040806393555
BRD-K06432680,9,141,0.053354099861997385,0.005964557917447701,0.07001552735422285
BRD-K06436323,8,133,0.05360695105229495,0.008958136350956332,0.07209051035999475
BRD-K06470746,6,30,0.07168003441233095,0.010569802303741339,0.15179004622254605
BRD-K06476055,13,165,0.02798689903962322,0.0067587580980947816,0.06472349318059607
BRD-K06555716,9,129,0.04199598296792465,0.006486437017526455,0.0731996602677379
BRD-K06574200,2,6160,0.039600692340300045,0.0010477991890761025,0.010592868097929987
BRD-K06589444,8,62,0.04888136927658665,0.007502549851787059,0.1055864226339426
BRD-K06589837,3,20,0.12903250352984227,0.008918483115926922,0.1859040806393555
BRD-K06592610,9,153,0.04938807661663233,0.0064064606672075254,0.06721376220575295
BRD-K06619089,6,30,0.07479263057882746,0.011093877017892077,0.15179004622254605
BRD-K06623064,13,158,0.031143390802753256,0.004903358614001546,0.06614170365070911
BRD-K06652922,13,170,0.025112556302173874,0.005894431727276507,0.06376457360373668
BRD-K06716139,3,20,0.10646038467062305,0.008746127623743175,0.1859040806393555
BRD-K06718821,8,59,0.0626599044736662,0.010282051428160856,0.10823754040067521
BRD-K06748700,8,204,0.03859952722884877,0.006575871579131476,0.05820882555410844
BRD-K06765193,14,1235,0.06022748810931363,0.0036095758686267875,0.02365758677716844
BRD-K06780475,6,30,0.04698577248302486,0.009928103380432426,0.15179004622254605
BRD-K06800040,13,170,0.040810653955543105,0.0077355720351965414,0.06376457360373668
BRD-K06816133,7,69,0.06553741655303397,0.007393880180958285,0.1000873925349908
BRD-K06891569,6,30,0.06784768865232271,0.007687388577375258,0.15179004622254605
BRD-K06898795,7,69,0.05524452187925975,0.007990610601387862,0.1000873925349908
BRD-K06935006,4,21,0.11185059749249238,0.00870769117970008,0.18142380585737705
BRD-K06956503,8,196,0.05134079598346215,0.005661672512367659,0.05938488022917164
BRD-K07004447,3,20,0.15258421726252427,0.011523588219603809,0.1859040806393555
BRD-K07005393,9,318,0.11063623623963394,0.0072486038016691574,0.04662194208925489
BRD-K07023879,13,170,0.13057949555326548,0.014536006693504711,0.06376457360373668
BRD-K07061353,14,165,0.10811281943434833,0.009573094645883415,0.06472349318059607
BRD-K07079548,13,208,0.05770467432576688,0.006395949281608683,0.05764640825288317
BRD-K07100440,6,30,0.087437633698325,0.013426119716051715,0.15179004622254605
BRD-K07101857,8,204,0.04101921667035488,0.005603529636045365,0.05820882555410844
BRD-K07107626,3,20,0.10136155407942626,0.007776951341576365,0.1859040806393555
BRD-K07161233,13,160,0.03811867882092523,0.005020969083763497,0.06572701803516952
BRD-K07164057,6,28,0.06662114700871603,0.008992479565747592,0.15711762472374455
BRD-K07223205,3,48,0.10072230059389217,0.006592253026451016,0.12000056805137077
BRD-K07244661,8,49,0.07459441650104906,0.022078780983149235,0.11876976045834328
BRD-K07259155,8,133,0.1399039703407701,0.007951422576391986,0.07209051035999475
BRD-K07269289,6,28,0.0753101892123591,0.007204091462401133,0.15711762472374455
BRD-K07276035,2,213,0.204565579133924,0.004287619878911463,0.056965789254484055
BRD-K07298554,2,20,0.16855022843318157,0.016833660235142756,0.1859040806393555
BRD-K07339740,9,210,0.09329478339258909,0.005496460864921773,0.057371244828550855
BRD-K07381195,8,32,0.08206142689175856,0.020407429077508338,0.14697008028499373
BRD-K07395346,13,151,0.06530879429714526,0.01277372837667094,0.06765742221841048
BRD-K07398339,9,132,0.03915831217125316,0.006157234266265245,0.07236306524652845
BRD-K07452532,9,183,0.03288857539926507,0.004670650161044356,0.061457993293890685
BRD-K07458582,3,20,0.16350873585490194,0.009681825704542202,0.1859040806393555
BRD-K07508147,2,21,0.16301039764826836,0.04636065231715296,0.18142380585737705
BRD-K07515761,8,133,0.027206029701635912,0.004964423232848538,0.07209051035999475
BRD-K07516181,8,57,0.09669744881302827,0.022298421246862044,0.11012007353755805
BRD-K07521754,8,131,0.04702641867767727,0.0073434822002450455,0.07263873506478
BRD-K07530279,8,716,0.02385629044473735,0.0025280555235674003,0.031070440423507456
BRD-K07531476,2,25,0.2340716299141649,0.025777890667668394,0.1662776646416806
BRD-K07577534,2,20,0.15966847985677077,0.01377809557020653,0.1859040806393555
BRD-K07642375,2,30,0.17321373163554576,0.0073688299723788835,0.15179004622254605
BRD-K07653295,3,48,0.09125075334676522,0.011644138215287739,0.12000056805137077
BRD-K07666543,8,89,0.02951771386437322,0.006538962572173929,0.08812698600629496
BRD-K07668032,8,204,0.06314863720772851,0.005759857085484737,0.05820882555410844
BRD-K07734969,2,20,0.11053183438228922,0.021093203689019957,0.1859040806393555
BRD-K07790824,8,147,0.05428047482206523,0.007150368510682809,0.06857175317221187
BRD-K07796595,4,21,0.09805243206693554,0.01008570436757776,0.18142380585737705
BRD-K07799833,3,20,0.08194405461725314,0.01216725726287495,0.1859040806393555
BRD-K07850148,13,178,0.046222148120916136,0.00770496745706207,0.062315189410583144
BRD-K07872006,9,131,0.03326072181847637,0.004984688124206004,0.07263873506478
BRD-K07877311,14,135,0.08463872559317327,0.013561057641001432,0.07155451400038787
BRD-K07881060,6,25,0.08626568583818012,0.01406586317690884,0.1662776646416806
BRD-K07907451,8,66,0.0550289881162434,0.010723488786229893,0.10233682828652971
BRD-K07921357,2,30,0.1743128105369498,0.01863979982758731,0.15179004622254605
BRD-K07922534,2,20,0.1695175945328794,0.013374540317504607,0.1859040806393555
BRD-K08014780,6,28,0.07898189764259561,0.010698971381062078,0.15711762472374455
BRD-K08039986,2,57,0.13945188940404854,0.005264882936587321,0.11012007353755805
BRD-K08043379,5,75,0.0848096568871391,0.008678460575881383,0.09600045444109662
BRD-K08061170,6,28,0.09624672969431308,0.011805436022098456,0.15711762472374455
BRD-K08123737,3,20,0.12592355541460895,0.008956652545411127,0.1859040806393555
BRD-K08130208,2,21,0.1459033226795508,0.006525817461954021,0.18142380585737705
BRD-K08146255,2,51,0.12223880806864444,0.006679632037313635,0.11641765110821688
BRD-K08174547,9,141,0.03318121657970776,0.005307205681657702,0.07001552735422285
BRD-K08198779,2,51,0.1308646876499227,0.009093869848896919,0.11641765110821688
BRD-K08221563,6,28,0.11057400268525941,0.00955204370029191,0.15711762472374455
BRD-K08251038,8,84,0.044142866206689474,0.007213826994508885,0.09071190292868853
BRD-K08293924,8,75,0.0557836520378334,0.008302182571610594,0.09600045444109662
BRD-K08307026,13,178,0.15034640087050166,0.011831951953911946,0.062315189410583144
BRD-K08311783,8,147,0.025230714742446553,0.004434365682657813,0.06857175317221187
BRD-K08317416,8,146,0.09179504722966347,0.006237912062799991,0.0688061872002523
BRD-K08318631,2,30,0.17773388325028888,0.009290644044357955,0.15179004622254605
BRD-K08325710,9,131,0.0439100938685564,0.006484341594845588,0.07263873506478
BRD-K08339178,8,147,0.037400084328025426,0.005011660052832654,0.06857175317221187
BRD-K08340668,3,20,0.10514335575373744,0.008953979600044487,0.1859040806393555
BRD-K08373870,4,20,0.1280560122159713,0.008388933431731044,0.1859040806393555
BRD-K08438429,13,566,0.04272869134588744,0.005593517383880162,0.03494585776894321
BRD-K08443710,7,38,0.047491456255267794,0.011267649105955568,0.13486899530238886
BRD-K08446710,6,30,0.10057259278617821,0.015619772445635827,0.15179004622254605
BRD-K08447949,8,133,0.042526611892500094,0.006634988363276822,0.07209051035999475
BRD-K08448573,9,151,0.12376057281775964,0.008427028890992862,0.06765742221841048
BRD-K08451418,51,385,0.027128775733469748,0.003681173297689828,0.04237147239171995
BRD-K08461556,2,30,0.11644310442752315,0.018369929032657602,0.15179004622254605
BRD-K08463963,9,131,0.08304691693508744,0.01135323974604289,0.07263873506478
BRD-K08607084,2,25,0.18167419522509157,0.008850258703669607,0.1662776646416806
BRD-K08614872,2,30,0.14569839667418316,0.015737067236731683,0.15179004622254605
BRD-K08616215,6,30,0.07662885281728407,0.01269290560504413,0.15179004622254605
BRD-K08630646,13,176,0.016007228187106478,0.006306659567648531,0.06266825279920447
BRD-K08640787,8,124,0.06027618033588445,0.008183853336575885,0.07466087544568958
BRD-K08656311,2,30,0.19184279570277846,0.013793254925458591,0.15179004622254605
BRD-K08663380,5,9303,0.026633507506578374,0.0007301596074840623,0.008619705144377987
BRD-K08725721,2,30,0.17236902605680154,0.007995432591824347,0.15179004622254605
BRD-K08777248,9,155,0.025305003889668852,0.006136694447479796,0.06677871710248273
BRD-K08781018,2,25,0.12690601846472688,0.011548064806061183,0.1662776646416806
BRD-K08799912,9,141,0.04412173834394102,0.0073258753233343505,0.07001552735422285
BRD-K08799950,13,147,0.0547236590676312,0.014654116767314698,0.06857175317221187
BRD-K08829932,8,133,0.045969758680471345,0.010029206069067757,0.07209051035999475
BRD-K08831772,3,20,0.13537934365358892,0.011602985723805598,0.1859040806393555
BRD-K08857385,8,204,0.03683898676685315,0.004067622260161239,0.05820882555410844
BRD-K08878345,8,204,0.048979581055335765,0.005319994467758619,0.05820882555410844
BRD-K08887444,9,150,0.03551229452441505,0.006728670292128815,0.06788257233228963
BRD-K08982647,7,29,0.1303972384501882,0.03156112673561298,0.15438493583463647
BRD-K08995965,9,162,0.05535325628834108,0.018456740697758454,0.06532003568221943
BRD-K09019812,6,102,0.07589857117271837,0.007574748222560804,0.08231971054842975
BRD-K09031632,6,110,0.06102221873342648,0.0067624473667542715,0.07926976633148354
BRD-K09054764,6,112,0.08330183865034205,0.007500560486829076,0.07855881236187227
BRD-K09059649,8,34,0.0895218110808114,0.029151634458623975,0.14258192113424395
BRD-K09068728,8,49,0.049560418684355345,0.013739581918513342,0.11876976045834328
BRD-K09069264,8,40,0.0648629530216142,0.01322168740382818,0.13145403607033904
BRD-K09110452,2,25,0.11405974935341327,0.030995503926541032,0.1662776646416806
BRD-K09186736,8,130,0.060553678367520104,0.0063096400206366495,0.07291757960281542
BRD-K09191212,14,653,0.019473803548146613,0.0026806266925928114,0.03253473921353326
BRD-K09203309,6,28,0.10627436916070701,0.020115650223711406,0.15711762472374455
BRD-K09231502,8,57,0.07329665012700154,0.011753603549404685,0.11012007353755805
BRD-K09292709,6,30,0.059269668424061735,0.013992603460390347,0.15179004622254605
BRD-K09295900,7,104,0.156654862327359,0.033129175253451874,0.0815243323733237
BRD-K09299610,8,133,0.04904930598156313,0.009158870924595539,0.07209051035999475
BRD-K09329774,8,47,0.08167979052695072,0.009588282317812235,0.12127045069624252
BRD-K09388341,6,30,0.06107675975116214,0.011469256256372353,0.15179004622254605
BRD-K09424864,8,43,0.042304635514391974,0.013477411113469215,0.1267855306805029
BRD-K09458434,6,28,0.07075320776872554,0.0095762236577368,0.15711762472374455
BRD-K09459434,8,66,0.043663909374473585,0.005995827121881158,0.10233682828652971
BRD-K09460252,13,160,0.03637919090878377,0.0053010143388575815,0.06572701803516952
BRD-K09517037,6,26,0.08317205095024945,0.016464677364872976,0.1630486647466474
BRD-K09526594,8,43,0.0774790794589277,0.010855538419672158,0.1267855306805029
BRD-K09542523,6,25,0.07220374849482389,0.0052965255278829915,0.1662776646416806
BRD-K09613355,2,25,0.2008320072496775,0.014424994092332914,0.1662776646416806
BRD-K09640010,8,41,0.06101824688076129,0.01658529687712807,0.12984104202571659
BRD-K09661167,13,170,0.10340744669644851,0.007116175762081142,0.06376457360373668
BRD-K09701578,8,194,0.08913058174988604,0.010946541253783255,0.05969020296269939
BRD-K09703570,2,30,0.18191479025598922,0.006995465961551206,0.15179004622254605
BRD-K09716788,9,131,0.04208476131737097,0.007001130427548597,0.07263873506478
BRD-K09824708,8,82,0.03905571055253977,0.006924610014891116,0.0918114812927117
BRD-K09887211,3,48,0.04781644573446001,0.013676049573878765,0.12000056805137077
BRD-K09902564,9,131,0.029542866826496265,0.006050619200623485,0.07263873506478
BRD-K09922072,9,141,0.04491342572049831,0.0067207339952009,0.07001552735422285
BRD-K09957764,7,44,0.05080354217216357,0.008191850304759185,0.12533650559840895
BRD-K09964242,2,30,0.14613073496245538,0.014426851282007632,0.15179004622254605
BRD-K09977233,13,178,0.050263254925315325,0.017284313577358053,0.062315189410583144
BRD-K09996575,2,30,0.12010448928189833,0.010626122488824677,0.15179004622254605
BRD-K09997269,13,178,0.02805976503740884,0.009262863172699731,0.062315189410583144
BRD-K10008415,6,76,0.10201949609603726,0.01556900491412548,0.09536678115013579
BRD-K10010115,13,169,0.06760231271811445,0.008507407197220903,0.06395294793910793
BRD-K10057859,8,193,0.04311849317188553,0.008729599373277986,0.059844641003395496
BRD-K10087454,8,82,0.040241535402328193,0.010058476255289713,0.0918114812927117
BRD-K10114046,9,131,0.06042465986311555,0.004801314401377676,0.07263873506478
BRD-K10143126,9,162,0.03754196994779925,0.0067316171654367395,0.06532003568221943
BRD-K10170503,6,28,0.07489984873696862,0.013194451914916049,0.15711762472374455
BRD-K10211010,8,89,0.0849971203487169,0.011669760653041754,0.08812698600629496
BRD-K10283649,3,48,0.11481733793741143,0.014104493428325041,0.12000056805137077
BRD-K10355322,8,204,0.024472706854088064,0.005074902984997817,0.05820882555410844
BRD-K10361096,8,131,0.132274605444486,0.006956780318919372,0.07263873506478
BRD-K10405667,9,150,0.031163671615685267,0.00502360804789474,0.06788257233228963
BRD-K10421834,8,27,0.0817987697777229,0.010264070297642617,0.16000075740182768
BRD-K10436544,8,8829,0.027457346246782758,0.001215015904493612,0.008848062102166073
BRD-K10449938,4,21,0.10873246179570899,0.012181248876899415,0.18142380585737705
BRD-K10484463,13,133,0.1531648138169963,0.020456453371106235,0.07209051035999475
BRD-K10542638,2,49,0.10692677454808787,0.0055025139678514965,0.11876976045834328
BRD-K10554164,13,176,0.07442738773716864,0.013505457617586595,0.06266825279920447
BRD-K10558099,4,21,0.10809355581689246,0.036099155710713995,0.18142380585737705
BRD-K10609180,13,172,0.029585665808809558,0.004858525711159115,0.06339276534025146
BRD-K10649245,9,162,0.05962840101715089,0.005965074316318941,0.06532003568221943
BRD-K10731645,2,213,0.14685698300873987,0.003257675533928002,0.056965789254484055
BRD-K10779199,2,25,0.19241533333647437,0.01655526389165701,0.1662776646416806
BRD-K10799838,2,57,0.13415145030726686,0.007899855225419595,0.11012007353755805
BRD-K10806285,9,129,0.03641158813295423,0.004702620304034385,0.0731996602677379
BRD-K10833576,9,162,0.037340238919980964,0.01346368981231942,0.06532003568221943
BRD-K10846167,8,43,0.16461579522414319,0.01629648900773219,0.1267855306805029
BRD-K10846668,2,25,0.19118535266934764,0.02251662313392406,0.1662776646416806
BRD-K10855750,9,131,0.043478901015889485,0.0047168523429379355,0.07263873506478
BRD-K10879245,2,25,0.15304167970406907,0.010912579135765599,0.1662776646416806
BRD-K10906552,14,127,0.0857626692887933,0.014747271483425231,0.07377378404515243
BRD-K10939925,3,48,0.07415388122552531,0.006991502653728605,0.12000056805137077
BRD-K11068374,4,21,0.13264248458119385,0.011384711057546262,0.18142380585737705
BRD-K11072542,9,585,0.06283115487580862,0.004795969393655854,0.03437367666990711
BRD-K11088254,8,34,0.12973229868705835,0.020079355273827326,0.14258192113424395
BRD-K11147885,14,164,0.04387161201819279,0.005904398081865594,0.06492052101285829
BRD-K11169037,8,82,0.061446409590554765,0.014827164857763387,0.0918114812927117
BRD-K11181277,13,133,0.02426004327857083,0.007426739542718228,0.07209051035999475
BRD-K11187612,8,204,0.03950118845991474,0.006766456128114969,0.05820882555410844
BRD-K11224669,9,318,0.025017037328720404,0.003388482926865012,0.04662194208925489
BRD-K11238413,4,21,0.07808086340266346,0.007066481556074719,0.18142380585737705
BRD-K11260407,8,204,0.03924371601333196,0.005650898092735372,0.05820882555410844
BRD-K11309655,3,20,0.1897305621362686,0.014865793142107066,0.1859040806393555
BRD-K11359987,8,89,0.04511519630338437,0.01095793331421833,0.08812698600629496
BRD-K11362964,13,170,0.06677209926946685,0.013477506386687998,0.06376457360373668
BRD-K11366122,6,28,0.0590111896113521,0.01245373489130451,0.15711762472374455
BRD-K11401713,3,20,0.11528567569560799,0.011120301857159964,0.1859040806393555
BRD-K11483659,6,28,0.0846050816410437,0.013581004329299404,0.15711762472374455
BRD-K11533227,8,11854,0.02754468806804762,0.0005289163769598008,0.007636097397410318
BRD-K11604106,6,30,0.059097290637662725,0.02523363316325928,0.15179004622254605
BRD-K11611839,9,131,0.03442043704508074,0.007400519808117401,0.07263873506478
BRD-K11612251,2,30,0.18020622834765226,0.015334300513594766,0.15179004622254605
BRD-K11624501,2,25,0.20762076623948636,0.009539994437447172,0.1662776646416806
BRD-K11628545,6,72,0.03608885462891367,0.016655634429079007,0.09798005352332914
BRD-K11671649,8,199,0.037175333049770935,0.0038529888475096106,0.058935555638583256
BRD-K11746559,6,27,0.11763529648017133,0.027629917061927377,0.16000075740182768
BRD-K11757396,9,131,0.036265948206586934,0.004936520082228335,0.07263873506478
BRD-K11759662,8,147,0.04185333941561317,0.007109650292873312,0.06857175317221187
BRD-K11778076,9,128,0.04208583183401315,0.006082961370165089,0.07348504014249686
BRD-K11778372,13,169,0.034004817941039114,0.006148009441982349,0.06395294793910793
BRD-K11795542,13,148,0.11805935688244998,0.01284866598780923,0.06833969919648027
BRD-K11826883,2,25,0.13805988972815883,0.006456773096647494,0.1662776646416806
BRD-K11841836,13,161,0.034185332291039504,0.005246766715193703,0.06552257891462192
BRD-K11883928,13,174,0.037708745243355164,0.008125359030664454,0.06302738612786353
BRD-K11928012,8,115,0.07208453993673122,0.008787696061525971,0.07752736089066879
BRD-K11957311,2,25,0.17398444443988037,0.007835251407522083,0.1662776646416806
BRD-K11977286,8,59,0.05604254665330352,0.010096175086068238,0.10823754040067521
BRD-K11981252,13,178,0.02410401938142989,0.004817853442198606,0.062315189410583144
BRD-K11987803,13,173,0.025637419850637482,0.008777036569191703,0.06320928372433764
BRD-K12092185,2,65,0.15249152097281235,0.006718674225759049,0.10312103000972132
BRD-K12105018,14,169,0.04542058438574633,0.010134401748914756,0.06395294793910793
BRD-K12117859,6,25,0.12897353895222008,0.01622923756801795,0.1662776646416806
BRD-K12124649,7,60,0.03730015298048132,0.00824183363441772,0.1073317710005818
BRD-K12132598,2,30,0.1410481044670892,0.012707703310227475,0.15179004622254605
BRD-K12168891,14,659,0.016971536447827788,0.004629586522485662,0.03238629095984098
BRD-K12182524,9,162,0.0480435650082703,0.01556837248631661,0.06532003568221943
BRD-K12189280,6,28,0.07647236376894428,0.016558946721184655,0.15711762472374455
BRD-K12216461,3,20,0.0908132649366473,0.013540073704347212,0.1859040806393555
BRD-K12238169,13,789,0.02321669066836668,0.0043620577218641396,0.029598208077146297
BRD-K12266212,2,57,0.1656392718881629,0.005614859628991442,0.11012007353755805
BRD-K12285126,2,30,0.16219285762650718,0.01430165692734231,0.15179004622254605
BRD-K12345237,6,104,0.07695124104507949,0.004584041143184684,0.0815243323733237
BRD-K12360898,2,25,0.16941184222059433,0.00726543399565228,0.1662776646416806
BRD-K12365616,6,30,0.062401822015065604,0.01116530290578411,0.15179004622254605
BRD-K12388484,6,30,0.09229215131861368,0.011357141403376998,0.15179004622254605
BRD-K12393722,9,131,0.08217095266469172,0.009651496011805155,0.07263873506478
BRD-K12395425,3,20,0.12308110661744051,0.011683617464189023,0.1859040806393555
BRD-K12401458,8,122,0.050767924621318176,0.0078216188883389,0.07527036209271129
BRD-K12402761,6,24,0.13432524200198553,0.03028258333297968,0.16970643083072406
BRD-K12411600,6,30,0.06942770775947066,0.014255592424844784,0.15179004622254605
BRD-K12411950,8,66,0.05895973397044909,0.008930612358186582,0.10233682828652971
BRD-K12482929,3,42,0.08109518570629383,0.00491087957551169,0.12828600339042298
BRD-K12484704,6,28,0.05742514844818043,0.009388731065660925,0.15711762472374455
BRD-K12484748,2,30,0.10086827056441108,0.012925203309134397,0.15179004622254605
BRD-K12540328,8,204,0.030276022022517918,0.006110216722376901,0.05820882555410844
BRD-K12575545,6,28,0.06745562482526012,0.01101691080117983,0.15711762472374455
BRD-K12579869,8,133,0.07121838425731948,0.007571020820096033,0.07209051035999475
BRD-K12598223,2,57,0.10238204553318506,0.008460913616318115,0.11012007353755805
BRD-K12621773,14,635,0.020856494943385265,0.003219242147412893,0.03299263921647005
BRD-K12623437,9,138,0.033672652086380254,0.004876134480131341,0.07077247397277182
BRD-K12655851,6,80,0.08036002161528537,0.007388415924372744,0.09295204031967776
BRD-K12676148,4,230,0.07128607071380408,0.00302927143127914,0.054820122613288634
BRD-K12683703,8,62,0.04789410898836216,0.006260823807026915,0.1055864226339426
BRD-K12690157,8,133,0.05356203307505948,0.008665818583841816,0.07209051035999475
BRD-K12707296,8,204,0.03521493966795764,0.004701865939463354,0.05820882555410844
BRD-K12744202,6,28,0.17344878397275645,0.052314745191281584,0.15711762472374455
BRD-K12744550,4,230,0.08556981434366595,0.004907805282752622,0.054820122613288634
BRD-K12814321,8,133,0.038749422421554935,0.005431306657021399,0.07209051035999475
BRD-K12837223,2,30,0.1301094251412768,0.007968193086554732,0.15179004622254605
BRD-K12878711,2,20,0.17554874007984517,0.009799504787704279,0.1859040806393555
BRD-K12916986,7,64,0.034984844685999904,0.003961304574442453,0.10392354040105038
BRD-K13046565,8,193,0.032274329052078804,0.004061614355518021,0.059844641003395496
BRD-K13060097,8,43,0.03474667665914669,0.008141478530618048,0.1267855306805029
BRD-K13077924,4,1320,0.025385819814530516,0.002989666237766626,0.022883210465040375
BRD-K13079805,4,21,0.10900475991052998,0.012414698367383424,0.18142380585737705
BRD-K13118793,4,21,0.08256531037233991,0.005322603009771402,0.18142380585737705
BRD-K13146765,8,204,0.033259289748119286,0.0052803977202859065,0.05820882555410844
BRD-K13175698,2,49,0.14144858782253564,0.006835249620039044,0.11876976045834328
BRD-K13195996,3,48,0.1118112761050949,0.009033220885839972,0.12000056805137077
BRD-K13217265,2,25,0.19301825146305004,0.018450080772427293,0.1662776646416806
BRD-K13226037,2,25,0.13847533289000372,0.022416700984650883,0.1662776646416806
BRD-K13277629,9,141,0.052160532814769484,0.006869105754320011,0.07001552735422285
BRD-K13299110,4,21,0.11344299840138354,0.00925175134297184,0.18142380585737705
BRD-K13308287,6,28,0.07896325027612021,0.016965320600792557,0.15711762472374455
BRD-K13318664,8,129,0.04854531357598984,0.0071961149864320844,0.0731996602677379
BRD-K13346599,6,28,0.07762064941696367,0.011981883150739262,0.15711762472374455
BRD-K13369161,2,20,0.1120226556749535,0.01022630599462661,0.1859040806393555
BRD-K13468108,2,30,0.23133045382954176,0.03788806889413217,0.15179004622254605
BRD-K13528168,2,27,0.1546176461008724,0.013796240517213799,0.16000075740182768
BRD-K13559922,8,84,0.027001928444694415,0.00955821512983247,0.09071190292868853
BRD-K13580623,9,129,0.030451291380030488,0.005211206555761089,0.0731996602677379
BRD-K13604076,9,141,0.042595297790552406,0.006594588365816168,0.07001552735422285
BRD-K13648806,2,57,0.11869286129718128,0.006170863777962928,0.11012007353755805
BRD-K13665914,8,196,0.054265836789050496,0.005657305178726308,0.05938488022917164
BRD-K13679108,2,30,0.19543746694901956,0.017386948508739675,0.15179004622254605
BRD-K13693445,6,30,0.07559163498257093,0.007910902847407307,0.15179004622254605
BRD-K13757679,6,30,0.07216891218985796,0.01288369408678194,0.15179004622254605
BRD-K13794505,13,166,0.03474220528827652,0.005707717447585373,0.06452824841243086
BRD-K13842623,8,204,0.049686214468608804,0.008145170203512062,0.05820882555410844
BRD-K13868095,5,60,0.08315834519102606,0.00553835918231063,0.1073317710005818
BRD-K13872703,9,64,0.04410470896236036,0.012456954682720735,0.10392354040105038
BRD-K13883913,6,30,0.09707674498982766,0.016176702295440427,0.15179004622254605
BRD-K13943990,2,30,0.18959653344253766,0.007803214952712705,0.15179004622254605
BRD-K13944250,3,20,0.11028677877943342,0.01238048646542713,0.1859040806393555
BRD-K13960193,2,30,0.2613020634539931,0.014639558317409753,0.15179004622254605
BRD-K14002526,4,21,0.09123833924875653,0.013475225467010235,0.18142380585737705
BRD-K14023438,3,20,0.10703960046362301,0.01253789981961645,0.1859040806393555
BRD-K14023656,2,57,0.1300463227318654,0.006033994639655633,0.11012007353755805
BRD-K14027855,9,131,0.12659356338342137,0.00976518319121018,0.07263873506478
BRD-K14048378,8,198,0.042171835881079874,0.005082398097955738,0.059084195359240435
BRD-K14086402,4,52,0.09281273324012787,0.0055994817971363265,0.11529281650576634
BRD-K14095788,7,69,0.06646264923438357,0.010125263373263286,0.1000873925349908
BRD-K14171663,9,131,0.030494011608777325,0.005750673080786461,0.07263873506478
BRD-K14187559,2,25,0.14216557798768112,0.009729130839565774,0.1662776646416806
BRD-K14206468,6,30,0.06366571357045907,0.006596780957714702,0.15179004622254605
BRD-K14236372,8,133,0.03291221533303788,0.004895689057317108,0.07209051035999475
BRD-K14270862,9,131,0.03504842439365525,0.02221290973560743,0.07263873506478
BRD-K14302652,6,28,0.08890851485838563,0.008797687624583555,0.15711762472374455
BRD-K14316227,13,178,0.038859524245855905,0.004880297676506787,0.062315189410583144
BRD-K14328427,13,169,0.03314523758014909,0.005591065204073473,0.06395294793910793
BRD-K14340219,9,153,0.03253734882114377,0.005967375887961014,0.06721376220575295
BRD-K14352739,7,44,0.0639539106191548,0.015118052087087724,0.12533650559840895
BRD-K14355517,8,124,0.09127585138389457,0.008965335403398843,0.07466087544568958
BRD-K14363876,6,84,0.0632054749223456,0.00919816651396958,0.09071190292868853
BRD-K14383710,2,30,0.14811317838413218,0.02501752798244791,0.15179004622254605
BRD-K14395638,13,167,0.03838991230613843,0.00507630826472712,0.06433475997562621
BRD-K14415573,8,57,0.05477663641513502,0.013683079981420723,0.11012007353755805
BRD-K14433433,6,25,0.08803117121815753,0.014250110810946098,0.1662776646416806
BRD-K14471942,8,47,0.06721062007773676,0.010612540729738726,0.12127045069624252
BRD-K14475668,7,63,0.05292877187820456,0.010609454626983025,0.10474508314916303
BRD-K14535500,4,21,0.10309496506947545,0.010295770701727916,0.18142380585737705
BRD-K14593092,2,25,0.2276629086566081,0.009297707231738093,0.1662776646416806
BRD-K14609189,8,131,0.05737564606922692,0.007235254730774391,0.07263873506478
BRD-K14611588,4,230,0.0682853157285787,0.005683375940709381,0.054820122613288634
BRD-K14628187,2,49,0.14941536240328426,0.008241500201899343,0.11876976045834328
BRD-K14636731,9,162,0.0360186783433306,0.00675411317764734,0.06532003568221943
BRD-K14704318,13,176,0.09500798311616107,0.020397503727323015,0.06266825279920447
BRD-K14711204,8,133,0.06442568834419793,0.019151676039268692,0.07209051035999475
BRD-K14721042,8,147,0.026229222161786723,0.005062401911611428,0.06857175317221187
BRD-K14721343,2,25,0.17274508231754362,0.017974232605717372,0.1662776646416806
BRD-K14749055,7,126,0.08334446284585577,0.012403612472409772,0.07406595859072196
BRD-K14758616,6,30,0.07048735996611138,0.008235506580894447,0.15179004622254605
BRD-K14781269,2,30,0.1523766702963776,0.021675851153974503,0.15179004622254605
BRD-K14788918,9,131,0.10651637968164895,0.010434069277684076,0.07263873506478
BRD-K14790374,13,178,0.022355609372263663,0.0063579693064261455,0.062315189410583144
BRD-K14833463,9,277,0.022868590583394546,0.003244325241337885,0.04995328301159384
BRD-K14842454,13,155,0.03795449181908535,0.006248120695257741,0.06677871710248273
BRD-K14844937,13,144,0.037892330413824185,0.007058717743649424,0.06928236026736692
BRD-K14886982,6,28,0.09021754566163645,0.017132306243442016,0.15711762472374455
BRD-K14914284,8,133,0.03171280359609512,0.005070448005118074,0.07209051035999475
BRD-K14939371,9,131,0.07134913095093146,0.0048879316969276014,0.07263873506478
BRD-K14974894,3,20,0.13150600312027666,0.011014760114981065,0.1859040806393555
BRD-K14975149,9,120,0.03664347474692749,0.004861073869454626,0.07589502311127302
BRD-K14989056,6,236,0.0656273336903576,0.004101667382902545,0.054118770200337604
BRD-K15030062,8,66,0.035875957905214334,0.007542319168364385,0.10233682828652971
BRD-K15050703,8,89,0.06821537959438984,0.009934101758446678,0.08812698600629496
BRD-K15054362,9,141,0.03355936427631514,0.004130588539947242,0.07001552735422285
BRD-K15107389,13,153,0.045655176813113464,0.004860927439602517,0.06721376220575295
BRD-K15108654,3,20,0.1481056590357032,0.009914621636684042,0.1859040806393555
BRD-K15179096,6,28,0.08726525378625838,0.006646137233932016,0.15711762472374455
BRD-K15181602,3,48,0.08411853489054041,0.008129984826726968,0.12000056805137077
BRD-K15206810,8,129,0.04284310322651029,0.005054270125261903,0.0731996602677379
BRD-K15230829,4,239,0.09269305381351926,0.003324725059170791,0.05377804003328176
BRD-K15233676,6,28,0.07459012098522506,0.01297993838038148,0.15711762472374455
BRD-K15234288,2,25,0.1580793859363309,0.012192880307783637,0.1662776646416806
BRD-K15241725,3,48,0.08074689438776451,0.008944690482482476,0.12000056805137077
BRD-K15250199,13,178,0.034328387686459405,0.009510434441355818,0.062315189410583144
BRD-K15277331,7,40,0.05699867549501521,0.010848641734224548,0.13145403607033904
BRD-K15284276,2,30,0.15483985334270278,0.017115898795546123,0.15179004622254605
BRD-K15293421,8,133,0.03648784298505228,0.00866106285485816,0.07209051035999475
BRD-K15328325,6,26,0.11726161354457901,0.012619891454416434,0.1630486647466474
BRD-K15377376,4,85,0.06551738571092587,0.004626221674510047,0.09017672478934188
BRD-K15428056,9,181,0.03236821527204464,0.004183829784324092,0.06179660738990531
BRD-K15440898,9,141,0.027798329614885046,0.006120037698874793,0.07001552735422285
BRD-K15453459,4,21,0.12564955045405707,0.015568511452556394,0.18142380585737705
BRD-K15464148,3,20,0.11557806783512165,0.006268585770100233,0.1859040806393555
BRD-K15467014,8,196,0.039249227116002476,0.0047479479945234234,0.05938488022917164
BRD-K15475572,13,164,0.042877346394827986,0.006299448124993232,0.06492052101285829
BRD-K15524596,7,64,0.05236239105614841,0.0073822276110550086,0.10392354040105038
BRD-K15525241,2,30,0.1333162382942943,0.010878839807929709,0.15179004622254605
BRD-K15525634,3,20,0.14748343158240115,0.008380338462437414,0.1859040806393555
BRD-K15559773,2,30,0.14346858678713953,0.009992097999144519,0.15179004622254605
BRD-K15600521,3,20,0.14007572391911632,0.006906753485869954,0.1859040806393555
BRD-K15626512,3,20,0.12515638819845548,0.012825985045396823,0.1859040806393555
BRD-K15638296,2,25,0.14732062664148826,0.00901856531562117,0.1662776646416806
BRD-K15640888,8,204,0.04905450153590084,0.005435771884543806,0.05820882555410844
BRD-K15672523,13,157,0.06055615329796246,0.015908421701422832,0.06635201166521548
BRD-K15752270,6,30,0.05250118334364563,0.011635551823061453,0.15179004622254605
BRD-K15790516,6,104,0.07651143389982465,0.008982305835397742,0.0815243323733237
BRD-K15804688,6,30,0.07057944595901504,0.00659702580125467,0.15179004622254605
BRD-K15825608,2,20,0.16426456684542665,0.01796326019034373,0.1859040806393555
BRD-K15885023,9,120,0.03145155987557658,0.006861951462787171,0.07589502311127302
BRD-K15888437,9,132,0.03669579078140049,0.005049941132656241,0.07236306524652845
BRD-K15892609,8,53,0.05028399441295126,0.007466906164175985,0.11419996893626119
BRD-K15916856,8,147,0.07382571549138345,0.01090369723840321,0.06857175317221187
BRD-K15918270,7,69,0.038447801304587886,0.008896729076837558,0.1000873925349908
BRD-K15923759,8,144,0.0324257368874783,0.013140388898577961,0.06928236026736692
BRD-K15935695,8,64,0.05967227393096079,0.012496274626401484,0.10392354040105038
BRD-K15960830,3,57,0.22251562258628307,0.003920351744486878,0.11012007353755805
BRD-K15973523,8,39,0.08439998663608055,0.027740904558369382,0.13312867729046865
BRD-K15987804,2,30,0.11827758259348403,0.008784777106894674,0.15179004622254605
BRD-K16026651,2,30,0.17444413802297826,0.00667879874522711,0.15179004622254605
BRD-K16034108,8,39,0.07927654952355975,0.015291275049986985,0.13312867729046865
BRD-K16046246,9,147,0.03530008940479814,0.01056736456398197,0.06857175317221187
BRD-K16051505,13,178,0.03623462415582562,0.003787994962427278,0.062315189410583144
BRD-K16057611,13,166,0.05102035553542985,0.008487522513391431,0.06452824841243086
BRD-K16128171,2,57,0.16525134088233956,0.009272308817226493,0.11012007353755805
BRD-K16180117,13,152,0.04284564848819771,0.010307723568775025,0.06743449765119443
BRD-K16227029,2,30,0.24346377603332003,0.02185610961038793,0.15179004622254605
BRD-K16257790,6,102,0.0704547272508045,0.008986674742403224,0.08231971054842975
BRD-K16290432,13,169,0.04091830747873309,0.005332893970609168,0.06395294793910793
BRD-K16300438,4,1328,0.01984723560096198,0.002552004408748767,0.022814181015259963
BRD-K16309743,13,161,0.04940313707926207,0.01682188062774511,0.06552257891462192
BRD-K16323731,6,30,0.06543311475067946,0.0068697588211194685,0.15179004622254605
BRD-K16329066,4,74,0.127991942944559,0.009734955476062873,0.0966469294521601
BRD-K16331350,4,21,0.13676202890080585,0.007994056072909171,0.18142380585737705
BRD-K16331660,14,167,0.04378782588030809,0.008099789708243406,0.06433475997562621
BRD-K16346331,13,178,0.03802823863916859,0.010535055872424894,0.062315189410583144
BRD-K16348047,4,21,0.0887790872313913,0.008464812775808296,0.18142380585737705
BRD-K16358524,8,133,0.041539920064355966,0.004039884253889361,0.07209051035999475
BRD-K16360094,2,30,0.15391464775011618,0.00841796921384034,0.15179004622254605
BRD-K16410418,11,965,0.07035925567434435,0.0032221241962070977,0.026763337074532708
BRD-K16413530,3,20,0.13241707423396584,0.011477766529321677,0.1859040806393555
BRD-K16464815,6,99,0.14082814765368665,0.014421395264275425,0.0835576703989393
BRD-K16472144,8,185,0.06259127197544583,0.010699906713341433,0.06112488518608705
BRD-K16479870,2,30,0.12299898249180692,0.019491252600136563,0.15179004622254605
BRD-K16533918,3,20,0.12052749567688005,0.009591262212361536,0.1859040806393555
BRD-K16535949,8,166,0.03154842173544548,0.005464884733937781,0.06452824841243086
BRD-K16541732,13,169,0.05191495450859489,0.006354882760483631,0.06395294793910793
BRD-K16563572,2,25,0.23863674052169884,0.025485216988125777,0.1662776646416806
BRD-K16604360,13,279,0.04124250750220877,0.0039293196678964176,0.04977391696379306
BRD-K16618170,8,124,0.038100371066397326,0.008075584137995691,0.07466087544568958
BRD-K16625384,8,66,0.0493384185356055,0.00886293506146849,0.10233682828652971
BRD-K16667431,3,20,0.11480141841262871,0.007897769991999808,0.1859040806393555
BRD-K16714380,8,41,0.1901970431441007,0.03575489435027371,0.12984104202571659
BRD-K16717061,2,25,0.1699791134974508,0.013173433004538444,0.1662776646416806
BRD-K16752617,8,47,0.07665006644462045,0.017654125356039014,0.12127045069624252
BRD-K16769902,7,64,0.023801635485037994,0.009524756789674911,0.10392354040105038
BRD-K16778485,4,21,0.13296248569393612,0.010510222335988141,0.18142380585737705
BRD-K16782389,8,44,0.07239445391528905,0.01882497679095406,0.12533650559840895
BRD-K16811158,6,28,0.12983037221054586,0.020602452103755175,0.15711762472374455
BRD-K16826857,2,20,0.256993423913269,0.022851703258239035,0.1859040806393555
BRD-K16827616,7,41,0.15807470571310267,0.014412803373791909,0.12984104202571659
BRD-K16925374,13,166,0.026417371505099554,0.007659966040326473,0.06452824841243086
BRD-K16934333,8,34,0.09882760560573332,0.015125673157780418,0.14258192113424395
BRD-K16940042,8,124,0.05548428054939201,0.006101512303383998,0.07466087544568958
BRD-K16947188,8,204,0.03795414407076172,0.004649541282822278,0.05820882555410844
BRD-K16956545,11,1349,0.03219488242180937,0.0018666723647144602,0.02263590933399369
BRD-K17025677,10,583,0.039037184816660776,0.003338656823308684,0.03443258618471095
BRD-K17083260,2,25,0.13989782545224558,0.008175851742277293,0.1662776646416806
BRD-K17086338,8,133,0.047880365755133096,0.007758508299944896,0.07209051035999475
BRD-K17103381,2,30,0.15835125135097455,0.015355829436095968,0.15179004622254605
BRD-K17135741,3,20,0.23094704378084166,0.009616481116880278,0.1859040806393555
BRD-K17139610,8,43,0.07193818384164695,0.009679902510099533,0.1267855306805029
BRD-K17203693,8,175,0.029058790204210524,0.007003730188601908,0.06284704988949782
BRD-K17401882,6,26,0.10126919962696267,0.017032463911573415,0.1630486647466474
BRD-K17449871,2,30,0.1732463250688169,0.009391633586095323,0.15179004622254605
BRD-K17489199,2,30,0.18113287018834223,0.017506862656192255,0.15179004622254605
BRD-K17507122,4,21,0.1499064398313486,0.0267592731202687,0.18142380585737705
BRD-K17525686,4,21,0.09697617710076299,0.009353118597925035,0.18142380585737705
BRD-K17530818,2,30,0.13628380827565895,0.007509753522236593,0.15179004622254605
BRD-K17554130,8,47,0.04615262509778926,0.008167696405000983,0.12127045069624252
BRD-K17628612,13,176,0.023653565698453095,0.004448570532895855,0.06266825279920447
BRD-K17693482,13,148,0.03399944877900207,0.005447551368046145,0.06833969919648027
BRD-K17698750,2,25,0.1167732395826496,0.011138182255389454,0.1662776646416806
BRD-K17712828,5,60,0.08923386266789195,0.008341209334292448,0.1073317710005818
BRD-K17712926,2,25,0.17974604181685105,0.010342693940765788,0.1662776646416806
BRD-K17739445,9,131,0.05730905051163054,0.0062992468966505035,0.07263873506478
BRD-K17745445,3,20,0.15888074219415693,0.010112571145602853,0.1859040806393555
BRD-K17750548,6,28,0.10304261325360772,0.017378348325769715,0.15711762472374455
BRD-K17754811,9,131,0.039951819974430036,0.006394030351881714,0.07263873506478
BRD-K17773477,9,162,0.05315639595327907,0.018499697250503724,0.06532003568221943
BRD-K17808354,2,57,0.13219715372876392,0.006469220876708441,0.11012007353755805
BRD-K17817744,8,82,0.0412199433031491,0.008814965415903746,0.0918114812927117
BRD-K17830172,9,141,0.029097645632647585,0.003934642269984929,0.07001552735422285
BRD-K17874705,7,101,0.0790038643193983,0.008510761754392703,0.08272623010986836
BRD-K17890048,7,45,0.06474269386638605,0.009897043631805585,0.12393605375957034
BRD-K17969842,9,120,0.02479715375240392,0.004248416766069974,0.07589502311127302
BRD-K18059480,9,158,0.05253333582184125,0.015804175809992944,0.06614170365070911
BRD-K18074178,13,176,0.023761636642140635,0.006441828112283755,0.06266825279920447
BRD-K18096819,9,151,0.0363844160771971,0.004569601186697893,0.06765742221841048
BRD-K18102341,4,21,0.1271501753397501,0.011847843235232797,0.18142380585737705
BRD-K18163752,13,169,0.1383691368533239,0.008849240965902725,0.06395294793910793
BRD-K18183699,2,30,0.15778290129131103,0.01784911700106429,0.15179004622254605
BRD-K18238232,6,28,0.0528618901145659,0.012942468978845278,0.15711762472374455
BRD-K18246949,4,21,0.09825441980731467,0.015892010031998714,0.18142380585737705
BRD-K18249495,9,162,0.03527410944124993,0.005536785996976282,0.06532003568221943
BRD-K18300217,7,69,0.05833924907630058,0.007885029070182072,0.1000873925349908
BRD-K18359792,4,222,0.11296608944922441,0.006045399074474227,0.0557991307355554
BRD-K18364651,13,293,0.032142816860035714,0.004044482994067648,0.04857022444831813
BRD-K18377730,2,25,0.16175833756695213,0.00801124535034202,0.1662776646416806
BRD-K18396390,8,84,0.04836965113491543,0.00912332010882933,0.09071190292868853
BRD-K18400716,6,28,0.08129240217051549,0.014100389139643786,0.15711762472374455
BRD-K18415753,6,23,0.11885997376297276,0.020232183165887697,0.17335644906769404
BRD-K18440865,4,21,0.11074655806868934,0.00908059928531013,0.18142380585737705
BRD-K18495986,8,116,0.03359755599192078,0.004228323589388869,0.07719246791731824
BRD-K18542345,8,79,0.035805936263518565,0.005538730495888547,0.0935384943412949
BRD-K18573821,3,48,0.052805625149530716,0.009346699937220732,0.12000056805137077
BRD-K18595892,8,199,0.06782511686498734,0.005988346318044098,0.058935555638583256
BRD-K18639483,6,30,0.07447932619694465,0.015013005173001031,0.15179004622254605
BRD-K18641148,8,66,0.027992584221065372,0.005359804113320671,0.10233682828652971
BRD-K18710049,4,190,0.07393912968611992,0.011814858091308292,0.06031524831064826
BRD-K18711687,8,124,0.07619798416310719,0.011025273711773326,0.07466087544568958
BRD-K18722736,3,24,0.2394183111423248,0.014741229897691374,0.16970643083072406
BRD-K18724229,9,131,0.14418049022959625,0.01130388675589353,0.07263873506478
BRD-K18726304,9,128,0.08950512934460425,0.010391399124576983,0.07348504014249686
BRD-K18739469,13,147,0.020111397883330048,0.0058586257375659425,0.06857175317221187
BRD-K18746324,3,240,0.13911294812310834,0.0035879303866082155,0.0536658855002909
BRD-K18747403,7,64,0.03452555880062293,0.007172274768818813,0.10392354040105038
BRD-K18749194,9,141,0.034929001172247114,0.0044341972537050725,0.07001552735422285
BRD-K18761689,8,198,0.06194334774190558,0.016251601506847575,0.059084195359240435
BRD-K18814832,9,141,0.028827323273448398,0.004983985557238311,0.07001552735422285
BRD-K18814836,7,64,0.021883668228718022,0.007004945116572883,0.10392354040105038
BRD-K18832733,2,25,0.1393037240924107,0.011433822733069136,0.1662776646416806
BRD-K18861610,9,127,0.07419087563615807,0.006959458163617911,0.07377378404515243
BRD-K18865856,9,124,0.02726717138209833,0.004519130975696222,0.07466087544568958
BRD-K18876264,2,30,0.16834416271997404,0.008532348043167697,0.15179004622254605
BRD-K18891555,2,25,0.1848527727866886,0.013504844077531495,0.1662776646416806
BRD-K18953385,8,199,0.04434742475721292,0.007055314868840766,0.058935555638583256
BRD-K18970629,9,138,0.02229982117505976,0.005888334003450649,0.07077247397277182
BRD-K18972207,7,55,0.06507973077839926,0.017796683047946894,0.11210437863213016
BRD-K18982118,4,21,0.12831076472452724,0.011391122456247661,0.18142380585737705
BRD-K19004531,5,295,0.14312194993230964,0.0033158738200090893,0.04840529961065791
BRD-K19011062,8,60,0.07458545054036445,0.015973293415828052,0.1073317710005818
BRD-K19027210,9,141,0.0295077332442082,0.005350973304596867,0.07001552735422285
BRD-K19033174,2,25,0.17184140065178832,0.01210587917991161,0.1662776646416806
BRD-K19042873,3,30,0.17119752564494806,0.017618155841429575,0.15179004622254605
BRD-K19056367,9,138,0.04379309417847456,0.006009770011676225,0.07077247397277182
BRD-K19059335,8,131,0.05846903449426788,0.01050087776030772,0.07263873506478
BRD-K19106401,4,21,0.1066623960047976,0.007338517496081529,0.18142380585737705
BRD-K19112099,2,57,0.11012633830659192,0.006057696790318571,0.11012007353755805
BRD-K19117583,8,198,0.03963435342182484,0.005561011528618078,0.059084195359240435
BRD-K19134488,8,120,0.06241796739522506,0.008838064438745614,0.07589502311127302
BRD-K19166598,13,156,0.09411243581688396,0.010757904419643461,0.06656433864523432
BRD-K19167425,4,21,0.09586371400123524,0.008665277017421176,0.18142380585737705
BRD-K19181733,13,169,0.05569466561167358,0.009683367678632272,0.06395294793910793
BRD-K19189705,8,138,0.03520867093395712,0.004809890814768165,0.07077247397277182
BRD-K19194092,3,20,0.15307294769788377,0.013072295886619179,0.1859040806393555
BRD-K19196783,9,153,0.03099769913101371,0.00633541781869172,0.06721376220575295
BRD-K19198293,8,66,0.09908882114663307,0.012409101526871066,0.10233682828652971
BRD-K19290969,8,188,0.031106311554634117,0.004212545338200302,0.06063522534812126
BRD-K19362120,3,240,0.29775001115938843,0.0028804642569221443,0.0536658855002909
BRD-K19390271,8,57,0.045035664295049474,0.007386926053313348,0.11012007353755805
BRD-K19410523,8,124,0.061557660613896475,0.0054248707187276,0.07466087544568958
BRD-K19431609,2,21,0.1547623884534753,0.012566043731336558,0.18142380585737705
BRD-K19433082,8,204,0.041017250574062664,0.007787750934167132,0.05820882555410844
BRD-K19436903,7,64,0.03974214365821126,0.006600078704430397,0.10392354040105038
BRD-K19499941,14,561,0.09653983883213191,0.004774277626744476,0.03510124251822345
BRD-K19516543,3,20,0.1926142432664079,0.012623805285488945,0.1859040806393555
BRD-K19549666,6,26,0.09173250148635839,0.017013394294330443,0.1630486647466474
BRD-K19593010,9,143,0.03734309288803053,0.006751195193949314,0.06952418424962198
BRD-K19596098,3,95,0.09425214855209531,0.005138492714198812,0.08529864217881968
BRD-K19601332,2,25,0.11633028620828709,0.0086869744890395,0.1662776646416806
BRD-K19607523,2,25,0.1724966479898942,0.012001944637266457,0.1662776646416806
BRD-K19624190,13,176,0.09064330738329206,0.013721484937373069,0.06266825279920447
BRD-K19642661,6,106,0.05727558932427091,0.008837299063518442,0.08075157244612337
BRD-K19653414,3,48,0.07158625202992422,0.009523723624659636,0.12000056805137077
BRD-K19677752,8,40,0.09125173634031757,0.017687136808492328,0.13145403607033904
BRD-K19689423,6,26,0.09743373932772265,0.010941804171750339,0.1630486647466474
BRD-K19724398,9,113,0.1826085959972447,0.011685829923198584,0.07821043453725916
BRD-K19735876,8,131,0.04217727020136019,0.004714770451812407,0.07263873506478
BRD-K19818442,6,27,0.10485126999368197,0.015339214935166325,0.16000075740182768
BRD-K19826688,8,29505,0.015330057970459034,0.00038944963007899597,0.004840119798800846
BRD-K19833084,3,20,0.12559104277518687,0.013584747670913258,0.1859040806393555
BRD-K19838409,2,30,0.10788066607734677,0.011587725290889871,0.15179004622254605
BRD-K19870323,2,30,0.15303330953492578,0.01521386498476047,0.15179004622254605
BRD-K19875179,13,169,0.02923683865153636,0.005425609891311738,0.06395294793910793
BRD-K19876534,11,1111,0.05730379671139744,0.004356218774264113,0.024942896872275883
BRD-K19888970,7,64,0.04290914278874257,0.006671515249929671,0.10392354040105038
BRD-K19914944,6,240,0.07860973489153363,0.008551651911434534,0.0536658855002909
BRD-K19919069,2,30,0.1645548640372053,0.009235186028623112,0.15179004622254605
BRD-K19922318,51,405,0.011380743839012738,0.0040391202461054435,0.04131201791985678
BRD-K19969523,4,21,0.1086563125109125,0.006531015890943311,0.18142380585737705
BRD-K19969618,2,25,0.16995107731115694,0.010501412051942235,0.1662776646416806
BRD-K19971276,6,28,0.09507883630903428,0.013862547829758091,0.15711762472374455
BRD-K19973744,9,131,0.033992981079629524,0.010916838983994674,0.07263873506478
BRD-K19985802,9,141,0.04296144722000756,0.006814131870144522,0.07001552735422285
BRD-K20032655,13,639,0.027156027152028216,0.003643215286327764,0.032889213760675856
BRD-K20099363,8,64,0.06346766846373299,0.009318252960360337,0.10392354040105038
BRD-K20109053,7,59,0.13065240055710042,0.01372614217412127,0.10823754040067521
BRD-K20112532,9,162,0.03824254176308452,0.006076646854224629,0.06532003568221943
BRD-K20123385,9,162,0.04902904572037296,0.006161866080586078,0.06532003568221943
BRD-K20126873,8,66,0.03817866207368345,0.00474483144853096,0.10233682828652971
BRD-K20138758,3,88,0.10574655094900781,0.005783099441971369,0.08862629303886066
BRD-K20151898,3,48,0.09646105115142134,0.016478646805014527,0.12000056805137077
BRD-K20168484,7,104,0.0745699124184001,0.010683256350729359,0.0815243323733237
BRD-K20178228,9,162,0.07019850288476355,0.01402477547803522,0.06532003568221943
BRD-K20197338,8,84,0.07505404171626179,0.008541088964047221,0.09071190292868853
BRD-K20278954,2,25,0.12254764628554653,0.008738277822919489,0.1662776646416806
BRD-K20310932,8,47,0.05915708922494372,0.006824293659351023,0.12127045069624252
BRD-K20332840,8,29,0.09579599696978969,0.021142962443694083,0.15438493583463647
BRD-K20352452,8,61,0.041855970782411975,0.009501711643781857,0.106448366916246
BRD-K20382089,2,30,0.16139504785525896,0.008267760115301448,0.15179004622254605
BRD-K20401833,9,131,0.048761934244019596,0.00614424321573171,0.07263873506478
BRD-K20433775,6,28,0.06876462353469505,0.010369998882096505,0.15711762472374455
BRD-K20490522,7,69,0.04392713491745266,0.007414686463607522,0.1000873925349908
BRD-K20492338,8,124,0.06140848429518801,0.007631081750434754,0.07466087544568958
BRD-K20501513,6,28,0.12217195119215478,0.02710989383004664,0.15711762472374455
BRD-K20531360,6,28,0.0679977755980915,0.010496842480985655,0.15711762472374455
BRD-K20578716,2,30,0.1586173379337437,0.008925715577062213,0.15179004622254605
BRD-K20616644,2,30,0.17530476566310207,0.007731586798199337,0.15179004622254605
BRD-K20718732,8,147,0.03343475436451559,0.009329695011579164,0.06857175317221187
BRD-K20725229,3,20,0.10993513763642374,0.01274330428263912,0.1859040806393555
BRD-K20766305,2,30,0.08049647730884549,0.016085616804508235,0.15179004622254605
BRD-K20827004,3,20,0.09976278918103244,0.009205687854167147,0.1859040806393555
BRD-K20827972,8,34,0.14691942039474254,0.020983339097810343,0.14258192113424395
BRD-K20834925,4,21,0.09439047518339053,0.00794482955490401,0.18142380585737705
BRD-K20859359,9,153,0.031602757996368296,0.003980302340819105,0.06721376220575295
BRD-K20876879,6,30,0.08614188692950012,0.01151507766406305,0.15179004622254605
BRD-K20914082,9,120,0.03308994287851515,0.005769737636013065,0.07589502311127302
BRD-K20923001,8,121,0.038568833279304576,0.0044026708641397416,0.07558075665530938
BRD-K20985754,3,48,0.08198784527242355,0.011877582597295483,0.12000056805137077
BRD-K21001652,8,852,0.03022560742970893,0.002681273331503545,0.028482894627242027
BRD-K21005091,14,631,0.028308990371580727,0.005253150849380267,0.0330970465635806
BRD-K21009077,9,141,0.04249467183520095,0.005065180557159894,0.07001552735422285
BRD-K21017376,2,25,0.17212695224168736,0.008916035052501332,0.1662776646416806
BRD-K21037590,8,43,0.056832900431491966,0.008275060056335411,0.1267855306805029
BRD-K21064560,13,148,0.10778288787476889,0.011895887942961604,0.06833969919648027
BRD-K21107294,4,21,0.09265195010580599,0.005001611356064209,0.18142380585737705
BRD-K21109208,3,60,0.1402288383914456,0.007497228666108715,0.1073317710005818
BRD-K21110399,2,30,0.12625857247075223,0.010317328267096939,0.15179004622254605
BRD-K21154786,4,59,0.08354532573869854,0.005259008412063137,0.10823754040067521
BRD-K21165668,13,178,0.04873012006426207,0.005153691581032856,0.062315189410583144
BRD-K21170640,8,204,0.02960986032659305,0.005592741591925226,0.05820882555410844
BRD-K21237738,8,198,0.036311307125085325,0.004628423401695538,0.059084195359240435
BRD-K21325303,2,57,0.10457802713683502,0.006919124263997576,0.11012007353755805
BRD-K21374126,7,44,0.06017803640251165,0.0073102106386434265,0.12533650559840895
BRD-K21387011,8,590,0.05547049059417447,0.002324441334074705,0.03422771560006276
BRD-K21400342,3,20,0.12292724688636124,0.014898416402847333,0.1859040806393555
BRD-K21401822,8,133,0.045848128576304346,0.00498967524279409,0.07209051035999475
BRD-K21482967,9,131,0.03232833494374714,0.004139357517409241,0.07263873506478
BRD-K21498052,7,60,0.04255940765939345,0.007187190662524954,0.1073317710005818
BRD-K21569926,2,213,0.10935815521435502,0.004008865787323644,0.056965789254484055
BRD-K21590495,3,20,0.07394130608348523,0.010668793958104814,0.1859040806393555
BRD-K21614065,51,980,0.022007614098350742,0.003295239461931501,0.026557725805622216
BRD-K21640605,8,196,0.0347133877498424,0.0056091668730045095,0.05938488022917164
BRD-K21658057,6,28,0.08731199858485991,0.019959332584259755,0.15711762472374455
BRD-K21672423,13,163,0.0716474540946757,0.007794880761324351,0.06511935921509471
BRD-K21691498,2,30,0.1350605670853876,0.006164721460112231,0.15179004622254605
BRD-K21773564,9,81,0.09099488383490126,0.007432998365409807,0.09237648035648922
BRD-K21786893,9,153,0.043434112287481196,0.006194905219591809,0.06721376220575295
BRD-K21788104,14,659,0.0294404891694384,0.0029486364317444684,0.03238629095984098
BRD-K21822525,9,141,0.027960057557694446,0.005263789104434507,0.07001552735422285
BRD-K21868159,4,74,0.08707078356310069,0.006313949533514463,0.0966469294521601
BRD-K21913257,8,57,0.0678492810316031,0.010230445017809795,0.11012007353755805
BRD-K21918725,4,1328,0.027155392215108314,0.0025966702944181207,0.022814181015259963
BRD-K22006123,8,204,0.04378701696356655,0.005480130375209597,0.05820882555410844
BRD-K22033393,8,184,0.04311044732689139,0.00491924500487719,0.0612907603490934
BRD-K22052171,8,89,0.048238809991899986,0.0063630231749429705,0.08812698600629496
BRD-K22080587,8,84,0.03774256959366943,0.009333795529223001,0.09071190292868853
BRD-K22129929,14,652,0.02239898575374118,0.002541655635180563,0.032559679607547354
BRD-K22174526,4,21,0.12028757208817623,0.017264842319304526,0.18142380585737705
BRD-K22210218,8,196,0.048044844778944835,0.005529504980724382,0.05938488022917164
BRD-K22215695,8,204,0.0318089916532649,0.005303498322487377,0.05820882555410844
BRD-K22261046,8,82,0.051126438210504034,0.008300007373489855,0.0918114812927117
BRD-K22280018,2,25,0.12856336580562233,0.018562688501476778,0.1662776646416806
BRD-K22321414,8,864,0.031624452600465806,0.002844824553238215,0.02828440513845401
BRD-K22322324,13,169,0.04730675026034517,0.007683340076999203,0.06395294793910793
BRD-K22330909,4,74,0.0996938955011835,0.005080109521291208,0.0966469294521601
BRD-K22384978,13,169,0.04387879186147035,0.013749098082268903,0.06395294793910793
BRD-K22420960,2,30,0.15524159744197688,0.013611182932218992,0.15179004622254605
BRD-K22449070,9,129,0.031016233037673913,0.007458338611675663,0.0731996602677379
BRD-K22450189,6,28,0.09736834196520767,0.015317752853132851,0.15711762472374455
BRD-K22458275,2,30,0.13781818171679652,0.013584833980716126,0.15179004622254605
BRD-K22546959,8,204,0.04818413196810677,0.004584570883596194,0.05820882555410844
BRD-K22587354,8,840,0.02136047862149282,0.002067910714251372,0.028685622414275427
BRD-K22630935,14,171,0.04612142257178553,0.012239062084341362,0.06357785410009052
BRD-K22787051,6,30,0.0970701266079416,0.010339997810575517,0.15179004622254605
BRD-K22828548,6,28,0.14423534318340833,0.02216731746447452,0.15711762472374455
BRD-K22828860,13,178,0.030796967027806245,0.004777693102914104,0.062315189410583144
BRD-K22831754,8,196,0.04064615899622012,0.004247276977017461,0.05938488022917164
BRD-K22836524,2,213,0.18587276814683973,0.004076782212398385,0.056965789254484055
BRD-K22912836,8,84,0.04565366889955079,0.00905734309641672,0.09071190292868853
BRD-K22937431,6,26,0.09217746426147792,0.008260613593677501,0.1630486647466474
BRD-K22951866,6,26,0.16748341627206015,0.021700484823074496,0.1630486647466474
BRD-K22988559,8,186,0.03347834073048747,0.005087385341023764,0.06096034953047636
BRD-K23021002,2,30,0.16994022913644485,0.020216659906626685,0.15179004622254605
BRD-K23027438,13,546,0.022488801292930065,0.0038168270003399118,0.03558013562680902
BRD-K23050218,8,89,0.04905246240604787,0.009723292086166868,0.08812698600629496
BRD-K23103632,9,160,0.0432969687593843,0.00699229170059487,0.06572701803516952
BRD-K23117210,6,28,0.12829435562474295,0.03783591022134333,0.15711762472374455
BRD-K23149109,9,113,0.07465934306348414,0.00751571295936295,0.07821043453725916
BRD-K23165181,8,133,0.13893827308473944,0.012108499992353274,0.07209051035999475
BRD-K23208702,5,58,0.08128577785467561,0.009856618188255964,0.10916663504172149
BRD-K23217072,9,141,0.0524355473671889,0.007126941105967401,0.07001552735422285
BRD-K23263381,6,28,0.11891608438102967,0.032974386437974755,0.15711762472374455
BRD-K23282736,9,143,0.0659429951935148,0.008334512243374457,0.06952418424962198
BRD-K23287115,6,28,0.13308712567160672,0.022285495272503685,0.15711762472374455
BRD-K23313025,13,178,0.014849581218991612,0.006056257350152286,0.062315189410583144
BRD-K23319301,7,59,0.11230094555339167,0.007382640533427106,0.10823754040067521
BRD-K23342641,8,204,0.026725479084557007,0.004290064605326486,0.05820882555410844
BRD-K23384658,2,30,0.13304380460648457,0.010912337405765605,0.15179004622254605
BRD-K23412959,8,113,0.12103942756859318,0.0077877003180366,0.07821043453725916
BRD-K23438281,2,25,0.164413369196258,0.010046522007579833,0.1662776646416806
BRD-K23488072,7,60,0.04996644250549186,0.006896864465908643,0.1073317710005818
BRD-K23543378,2,57,0.12710231998662883,0.007132533849572216,0.11012007353755805
BRD-K23564937,8,53,0.07245449732123949,0.00787709258758267,0.11419996893626119
BRD-K23582869,11,2823,0.03774387439204373,0.0014081993668479792,0.015647626871113207
BRD-K23589333,8,53,0.03908424587591272,0.00986452550470424,0.11419996893626119
BRD-K23618054,6,26,0.06732586874010625,0.007416752765784085,0.1630486647466474
BRD-K23628492,3,48,0.0537126603321537,0.00499168087574161,0.12000056805137077
BRD-K23644387,9,60,0.062377019377192616,0.010810444030255094,0.1073317710005818
BRD-K23657553,13,169,0.11941696514119145,0.029154357125366345,0.06395294793910793
BRD-K23673040,8,204,0.0719627786143875,0.012947097920816518,0.05820882555410844
BRD-K23774426,9,139,0.03234115316780241,0.0057441590355442485,0.07051743720105612
BRD-K23786503,2,30,0.1857474256173176,0.013060421148456606,0.15179004622254605
BRD-K23794511,8,47,0.08497444842397883,0.011376455604759014,0.12127045069624252
BRD-K23841751,14,163,0.09636771611750557,0.012740845683026294,0.06511935921509471
BRD-K23872111,8,34,0.1464152579123733,0.03580113158930481,0.14258192113424395
BRD-K23896287,8,129,0.041536001906515345,0.0055766373514539135,0.0731996602677379
BRD-K23931216,9,150,0.04336424526416791,0.0062474849823829885,0.06788257233228963
BRD-K23935793,8,204,0.04796731692905296,0.005483131286576429,0.05820882555410844
BRD-K23958338,8,51,0.056765020530900975,0.015674621867380063,0.11641765110821688
BRD-K23961390,6,108,0.08911646083037113,0.012090543036768164,0.08000037870091384
BRD-K23978082,9,162,0.058711358350962826,0.00828405500988286,0.06532003568221943
BRD-K23980805,9,725,0.024292353185408188,0.00310553412814833,0.030876987166927296
BRD-K23985857,8,166,0.03251363341458339,0.006551641213697404,0.06452824841243086
BRD-K23986500,3,48,0.10798248772576959,0.006457674709122012,0.12000056805137077
BRD-K24014699,13,169,0.0415448511740788,0.0065049417445027825,0.06395294793910793
BRD-K24031526,13,178,0.04258860562005493,0.008431811011328484,0.062315189410583144
BRD-K24045217,3,95,0.07549009487107657,0.00417263233968082,0.08529864217881968
BRD-K24051260,9,124,0.06241709090849811,0.007794854548221415,0.07466087544568958
BRD-K24053449,9,152,0.03356990945629446,0.005538036665782491,0.06743449765119443
BRD-K24062021,3,20,0.1353202254501623,0.009807095637713615,0.1859040806393555
BRD-K24102129,14,154,0.0300062465107152,0.008648150947363797,0.06699518028638862
BRD-K24106654,8,60,0.036220838646340105,0.011533139462544317,0.1073317710005818
BRD-K24127443,9,131,0.05180287629559168,0.01297013124941688,0.07263873506478
BRD-K24156250,8,103,0.17948436802570825,0.010021094805662817,0.08191912563811578
BRD-K24214483,9,160,0.05469510679495686,0.005622797964759492,0.06572701803516952
BRD-K24217168,2,30,0.2000041757921042,0.015545630134693985,0.15179004622254605
BRD-K24272049,3,20,0.16837807682626862,0.010205072820888134,0.1859040806393555
BRD-K24304282,3,48,0.07897701561588229,0.010857725397588728,0.12000056805137077
BRD-K24307074,3,42,0.09509845050653647,0.009478491265521144,0.12828600339042298
BRD-K24319052,2,25,0.16761073225881415,0.009303669163217114,0.1662776646416806
BRD-K24346336,13,147,0.06674962965619868,0.010707725529525664,0.06857175317221187
BRD-K24426149,14,766,0.037102271935460174,0.003074825242051076,0.03003928115800912
BRD-K24461445,9,127,0.038616033489111586,0.008483592111023168,0.07377378404515243
BRD-K24468827,8,196,0.03027351734199432,0.0035591617766746733,0.05938488022917164
BRD-K24565544,6,25,0.1058330799309598,0.009271532301221842,0.1662776646416806
BRD-K24598397,8,204,0.04421424468208932,0.004970752704719256,0.05820882555410844
BRD-K24632213,8,193,0.06139031678291053,0.004828168573542538,0.059844641003395496
BRD-K24656059,8,34,0.1153943356575403,0.01864152948524149,0.14258192113424395
BRD-K24665987,8,204,0.03493483603888298,0.0045239320032934155,0.05820882555410844
BRD-K24677486,8,196,0.030699789759896987,0.004883406654171029,0.05938488022917164
BRD-K24686773,9,127,0.05390501075704726,0.01158009402129451,0.07377378404515243
BRD-K24698610,7,68,0.04877709951139135,0.006501860942484524,0.10082064330862942
BRD-K24705176,9,120,0.036416795260001,0.006050187979053546,0.07589502311127302
BRD-K24717178,6,30,0.05480516722102826,0.012824138264388617,0.15179004622254605
BRD-K24722667,2,30,0.12732893756821767,0.012637764691521267,0.15179004622254605
BRD-K24754728,9,162,0.055985477364261196,0.015328875779815994,0.06532003568221943
BRD-K24769439,6,30,0.047025658197410634,0.009402838413206709,0.15179004622254605
BRD-K24776959,6,28,0.05667837333535812,0.013505703220711842,0.15711762472374455
BRD-K24798550,8,66,0.07202126511977593,0.014559584391034263,0.10233682828652971
BRD-K24855340,6,30,0.04413195602193447,0.007043366194856007,0.15179004622254605
BRD-K24861700,9,162,0.03457836315489645,0.006059434533517232,0.06532003568221943
BRD-K24890551,8,53,0.11906455130945331,0.021099982363686418,0.11419996893626119
BRD-K24894325,9,160,0.03364551177574613,0.004444072923687132,0.06572701803516952
BRD-K24925364,8,204,0.033673674153985984,0.005130933981294348,0.05820882555410844
BRD-K24932095,6,30,0.06865075939759133,0.008212164800960904,0.15179004622254605
BRD-K24946412,2,30,0.13892592330691986,0.009329754733402541,0.15179004622254605
BRD-K25006240,3,20,0.11260247951673441,0.011168015709742634,0.1859040806393555
BRD-K25018652,3,20,0.16510014119078967,0.010340198687391496,0.1859040806393555
BRD-K25029498,2,25,0.17174502146134482,0.016582015700120988,0.1662776646416806
BRD-K25050358,8,41,0.08907018256628961,0.029459119356234045,0.12984104202571659
BRD-K25070860,13,314,0.025434280780668315,0.0064459538028702945,0.046917957393842774
BRD-K25094947,9,120,0.03072743097935082,0.0070060316237493085,0.07589502311127302
BRD-K25144184,9,144,0.05157332896320527,0.005820174058678113,0.06928236026736692
BRD-K25150581,8,204,0.04312549113859251,0.005113848574405715,0.05820882555410844
BRD-K25159388,6,30,0.07132631761198244,0.010081121461048607,0.15179004622254605
BRD-K25164076,8,55,0.05606745386351689,0.007262065134721548,0.11210437863213016
BRD-K25214457,2,25,0.16897673416998468,0.00950689015724086,0.1662776646416806
BRD-K25228014,4,65,0.09461372135063999,0.007224327428662401,0.10312103000972132
BRD-K25351202,6,28,0.10339756445187856,0.01602777404969913,0.15711762472374455
BRD-K25362512,3,20,0.12326470121874972,0.011173593180534624,0.1859040806393555
BRD-K25373946,8,185,0.06119654373147001,0.00899417898222523,0.06112488518608705
BRD-K25375605,13,178,0.04775498658142131,0.025889582692775772,0.062315189410583144
BRD-K25379780,8,64,0.06730419248128898,0.011088846480206808,0.10392354040105038
BRD-K25388406,2,25,0.1756683833000869,0.011507473285974346,0.1662776646416806
BRD-K25427024,8,47,0.05208843404815278,0.005975550268475329,0.12127045069624252
BRD-K25436320,8,48,0.071222452613786,0.008713419660853533,0.12000056805137077
BRD-K25460880,9,131,0.04006580941418058,0.004581145390221221,0.07263873506478
BRD-K25496062,2,30,0.12612022352261537,0.009869042323978568,0.15179004622254605
BRD-K25522720,8,204,0.03365843255491545,0.003198739620504001,0.05820882555410844
BRD-K25536815,8,115,0.06189182555724499,0.007641343311650036,0.07752736089066879
BRD-K25604127,6,28,0.06683139068041775,0.012421192095590741,0.15711762472374455
BRD-K25608435,9,160,0.020236274019180364,0.005231515056517399,0.06572701803516952
BRD-K25682970,4,65,0.0914936782240807,0.008534502377197061,0.10312103000972132
BRD-K25701726,3,48,0.08056323920563233,0.016789967860473987,0.12000056805137077
BRD-K25719068,9,162,0.04275540918476118,0.0069962128599275804,0.06532003568221943
BRD-K25731886,12,138,0.09709501428905692,0.03237099633395993,0.07077247397277182
BRD-K25774147,14,651,0.024401440799299044,0.004868956022149875,0.03258467744586118
BRD-K25775504,6,80,0.07378766945219062,0.007774436594657657,0.09295204031967776
BRD-K25784575,9,131,0.031054793232690617,0.005989240296342132,0.07263873506478
BRD-K25828886,7,60,0.0387672346951932,0.010499884545933764,0.1073317710005818
BRD-K25835021,9,141,0.044977317582266925,0.004658675737003256,0.07001552735422285
BRD-K25870200,6,28,0.10682113910406936,0.029078885436624746,0.15711762472374455
BRD-K25884242,13,155,0.027223359483312577,0.006354559573447027,0.06677871710248273
BRD-K25902954,6,28,0.09411149434476485,0.012469301387076694,0.15711762472374455
BRD-K25979535,14,153,0.032831785663785876,0.007780409541033938,0.06721376220575295
BRD-K25990552,8,66,0.07760848013294237,0.012693054361153757,0.10233682828652971
BRD-K25997353,6,25,0.15460006017312958,0.02215255198589997,0.1662776646416806
BRD-K26048285,13,166,0.04143878943348461,0.004893363843845002,0.06452824841243086
BRD-K26119753,2,213,0.15943035413104603,0.005106872740776047,0.056965789254484055
BRD-K26160061,8,124,0.03500835363716512,0.005515665009407815,0.07466087544568958
BRD-K26211296,9,114,0.03308268232563824,0.007659213189453926,0.07786665074316859
BRD-K26214610,2,57,0.13543641071617277,0.0059025725179090455,0.11012007353755805
BRD-K26233379,8,131,0.038614844956683235,0.007073717557373916,0.07263873506478
BRD-K26257340,14,648,0.023871278657703675,0.004514259171227683,0.032660017841109716
BRD-K26277326,4,21,0.1351280988831927,0.023551696900082675,0.18142380585737705
BRD-K26304855,9,104,0.17457269002112935,0.015426632100914855,0.0815243323733237
BRD-K26359746,7,51,0.025817686502283114,0.014199065080806234,0.11641765110821688
BRD-K26367064,13,153,0.04589270971645849,0.00571151101687141,0.06721376220575295
BRD-K26391060,2,25,0.13078702400770767,0.012197998545443664,0.1662776646416806
BRD-K26457096,2,57,0.16842038179605381,0.009359283975523845,0.11012007353755805
BRD-K26484692,8,94,0.053239283829033944,0.010611792576894903,0.08575115804486196
BRD-K26508045,2,30,0.1315802903814192,0.01533968363505536,0.15179004622254605
BRD-K26510616,8,9118,0.021917865620959633,0.0007968311858418251,0.008706710947661747
BRD-K26553253,2,25,0.15707949091810017,0.012365241127845011,0.1662776646416806
BRD-K26583430,6,30,0.06532139428763295,0.012193356755846787,0.15179004622254605
BRD-K26626929,8,41,0.08089528525503979,0.010031233283554831,0.12984104202571659
BRD-K26631510,6,30,0.057913566148372085,0.010784883592718916,0.15179004622254605
BRD-K26684619,4,1328,0.02913052482850506,0.0019350884541037075,0.022814181015259963
BRD-K26767475,8,204,0.11011256209514268,0.010737848642153769,0.05820882555410844
BRD-K26778237,2,20,0.09967726934732253,0.01241764896044939,0.1859040806393555
BRD-K26815099,8,133,0.032772130065858836,0.004775756527365857,0.07209051035999475
BRD-K26822808,9,158,0.03388966452676003,0.004720489881408189,0.06614170365070911
BRD-K26831771,8,133,0.043185307712189654,0.00879234236366373,0.07209051035999475
BRD-K26899819,2,30,0.13109071454415422,0.008897679792508034,0.15179004622254605
BRD-K26903971,3,20,0.14872467980956533,0.010879015466115362,0.1859040806393555
BRD-K26906367,8,133,0.04059772205768253,0.0053287134553462534,0.07209051035999475
BRD-K26909795,3,60,0.17770973219716765,0.008006574928234433,0.1073317710005818
BRD-K26947839,9,138,0.03716749504380407,0.006412731614935997,0.07077247397277182
BRD-K26968982,2,30,0.153619651909633,0.0108244781978308,0.15179004622254605
BRD-K27005217,3,20,0.16685981874495334,0.011991658314032792,0.1859040806393555
BRD-K27064849,2,25,0.14204642375933368,0.005802836947265656,0.1662776646416806
BRD-K27074404,8,204,0.030943910767085556,0.0025719704802678847,0.05820882555410844
BRD-K27096101,2,49,0.1266651585350171,0.00506075471177729,0.11876976045834328
BRD-K27151060,9,162,0.05452675009487421,0.015514952200027299,0.06532003568221943
BRD-K27161555,6,28,0.07982452728057061,0.008560862492485853,0.15711762472374455
BRD-K27169919,9,139,0.07792817730680426,0.008226125041212035,0.07051743720105612
BRD-K27170250,13,172,0.054411586916693226,0.011225941038042682,0.06339276534025146
BRD-K27198330,6,28,0.07141882751949473,0.008223025096462808,0.15711762472374455
BRD-K27237442,3,48,0.11172896939586587,0.010917549838592428,0.12000056805137077
BRD-K27290412,9,105,0.012484828803077816,0.0070104910639776415,0.08113519252676392
BRD-K27305388,7,104,0.061374690345025525,0.016530605957649745,0.0815243323733237
BRD-K27332342,3,45,0.10943635130566158,0.012849882879141107,0.12393605375957034
BRD-K27411973,8,75,0.05837271661144611,0.022138557861706317,0.09600045444109662
BRD-K27429081,6,28,0.06813546438764607,0.010886565000062139,0.15711762472374455
BRD-K27440500,8,204,0.034038339894660076,0.005408555812624043,0.05820882555410844
BRD-K27452198,8,43,0.06509488445575774,0.018469415424541856,0.1267855306805029
BRD-K27484191,8,204,0.06568176633670406,0.007912697890118659,0.05820882555410844
BRD-K27520107,8,204,0.0302155932470377,0.004416852293110559,0.05820882555410844
BRD-K27530838,4,74,0.08624349435487978,0.005233419551524169,0.0966469294521601
BRD-K27539181,9,131,0.03029168107431298,0.006038481483458944,0.07263873506478
BRD-K27586026,3,20,0.12257133106704309,0.005085522487303163,0.1859040806393555
BRD-K27597389,8,77,0.04571506511726098,0.009033825275549315,0.09474549257464139
BRD-K27622376,8,66,0.046979262983859627,0.011115559806314748,0.10233682828652971
BRD-K27630390,13,165,0.03898416869088659,0.0057015491889140825,0.06472349318059607
BRD-K27630941,8,189,0.05159455997185888,0.004450713729004317,0.06047460195245902
BRD-K27638907,2,57,0.13121300712286318,0.006701051910293412,0.11012007353755805
BRD-K27671514,6,85,0.08176041910402809,0.0038534229443897196,0.09017672478934188
BRD-K27720649,8,47,0.07220166412746087,0.01698143313263107,0.12127045069624252
BRD-K27803479,3,48,0.13475506581456237,0.013978852066315783,0.12000056805137077
BRD-K27855499,8,147,0.025663725017362412,0.005370265485844145,0.06857175317221187
BRD-K27865298,8,64,0.0685701172612774,0.014314097479252334,0.10392354040105038
BRD-K27881911,13,165,0.016636657203902058,0.00453217045673378,0.06472349318059607
BRD-K27887926,4,21,0.14056400052212467,0.00866729737287867,0.18142380585737705
BRD-K27915767,6,30,0.05855518371252057,0.012611162097575476,0.15179004622254605
BRD-K27961885,2,25,0.10875677456674489,0.010955018718551039,0.1662776646416806
BRD-K27986637,9,156,0.024543512901895343,0.0071175067608513455,0.06656433864523432
BRD-K28004127,2,30,0.14588162746646438,0.007632719979266099,0.15179004622254605
BRD-K28013436,2,30,0.15793196838409948,0.013741406597464438,0.15179004622254605
BRD-K28035139,3,20,0.18088820228773575,0.009131837478053757,0.1859040806393555
BRD-K28036193,2,25,0.21681227772967823,0.007368968787706072,0.1662776646416806
BRD-K28040935,8,133,0.05693208011516973,0.01051756383383372,0.07209051035999475
BRD-K28080909,2,25,0.19550065149764323,0.017420024405733012,0.1662776646416806
BRD-K28083085,8,89,0.0449419490966003,0.009016441027634913,0.08812698600629496
BRD-K28100108,51,386,0.0320751878456251,0.004171338934904784,0.04231655147117546
BRD-K28112517,51,1146,0.01333168574681476,0.0014961987116669344,0.024559052740785365
BRD-K28138218,7,64,0.03985668506933406,0.011894378951780629,0.10392354040105038
BRD-K28154645,8,54,0.05648118434394571,0.009453695642196235,0.11313762055381604
BRD-K28162668,4,74,0.09126585113457406,0.006277911843533464,0.0966469294521601
BRD-K28180706,8,133,0.05399636130318805,0.007788524735790673,0.07209051035999475
BRD-K28184645,2,30,0.1425004073777136,0.009309858642631055,0.15179004622254605
BRD-K28215800,9,131,0.031072312492903188,0.00528411441910609,0.07263873506478
BRD-K28250273,3,20,0.13532232186883458,0.011940989054284003,0.1859040806393555
BRD-K28282432,6,22,0.1430117145753212,0.018289323922280873,0.17725258607772132
BRD-K28284219,9,141,0.03456458881115253,0.004942535620784586,0.07001552735422285
BRD-K28293491,13,166,0.02404919618411324,0.0055774037472546036,0.06452824841243086
BRD-K28305693,4,21,0.08059854816818872,0.011148481148232766,0.18142380585737705
BRD-K28308851,3,48,0.09414187033922823,0.009851766642963094,0.12000056805137077
BRD-K28317853,2,25,0.1258286071497011,0.011743997266313125,0.1662776646416806
BRD-K28362289,8,124,0.032922551695714286,0.004502488804618199,0.07466087544568958
BRD-K28366444,8,196,0.039222371363882146,0.005537493245618777,0.05938488022917164
BRD-K28366633,9,127,0.14318135973603932,0.009418260970357013,0.07377378404515243
BRD-K28377013,9,162,0.052323469937651766,0.005572217389983281,0.06532003568221943
BRD-K28431278,8,180,0.05416646139307829,0.006533733609961075,0.06196802687978517
BRD-K28437309,4,21,0.08430588601752104,0.007325838317545827,0.18142380585737705
BRD-K28452084,8,204,0.03268074481787752,0.00485409115101023,0.05820882555410844
BRD-K28460793,6,28,0.06732957845017287,0.008702136675475178,0.15711762472374455
BRD-K28472299,8,115,0.03850534000953786,0.011452246286196035,0.07752736089066879
BRD-K28484895,6,24,0.0995334206916379,0.009683909557809794,0.16970643083072406
BRD-K28497936,6,24,0.12264224243384822,0.013843667762668174,0.16970643083072406
BRD-K28513938,4,21,0.1350778484583923,0.010746322967435622,0.18142380585737705
BRD-K28530075,3,20,0.1281412974229441,0.010517155011936534,0.1859040806393555
BRD-K28568387,3,20,0.12743311454598352,0.0067678485801764415,0.1859040806393555
BRD-K28615450,2,25,0.14676498497190457,0.017964975609668525,0.1662776646416806
BRD-K28636199,8,84,0.03413550960713014,0.0069710487195142725,0.09071190292868853
BRD-K28649955,8,212,0.03607842001579738,0.008810431421480176,0.057099984468130596
BRD-K28680267,13,162,0.032517718574526726,0.005082206919821179,0.06532003568221943
BRD-K28743085,6,28,0.06470192884791727,0.009879999629697513,0.15711762472374455
BRD-K28772322,6,49,0.04846875651348976,0.02120761759507387,0.11876976045834328
BRD-K28774715,13,652,0.02160035991834566,0.003420628983731283,0.032559679607547354
BRD-K28782753,2,57,0.09758716913288944,0.006713364942836872,0.11012007353755805
BRD-K28789065,13,169,0.04425496775398991,0.0039173383535220565,0.06395294793910793
BRD-K28800414,9,162,0.02040155385940882,0.004495064892950533,0.06532003568221943
BRD-K28841686,8,57,0.044929798472528,0.0057126383777405506,0.11012007353755805
BRD-K28883735,6,30,0.1152624197166864,0.023891632345275134,0.15179004622254605
BRD-K28884887,3,20,0.13234802660439682,0.007955491105155855,0.1859040806393555
BRD-K28892486,9,141,0.03492097363908927,0.007166172091509432,0.07001552735422285
BRD-K28916077,9,86,0.1708606612638745,0.01264100634927176,0.08965090850051868
BRD-K28934562,7,59,0.11573214502242826,0.009933245393723861,0.10823754040067521
BRD-K28995283,2,30,0.18873827638486573,0.01444557741909286,0.15179004622254605
BRD-K29003210,13,163,0.12087188689769954,0.010796868091751451,0.06511935921509471
BRD-K29033329,2,25,0.1573424538462344,0.007953614327479952,0.1662776646416806
BRD-K29054201,4,21,0.11127014639604789,0.006934800157115748,0.18142380585737705
BRD-K29097491,2,25,0.14983466345530694,0.009078136744310142,0.1662776646416806
BRD-K29102147,3,20,0.1562306212726809,0.012322464865184185,0.1859040806393555
BRD-K29138830,9,150,0.03613057497960645,0.006656050037477976,0.06788257233228963
BRD-K29140223,8,199,0.05385437892210325,0.004463316205366068,0.058935555638583256
BRD-K29143341,2,30,0.11029207884911608,0.008982638741576914,0.15179004622254605
BRD-K29160485,9,141,0.03994101590903189,0.004530777091191737,0.07001552735422285
BRD-K29162128,6,28,0.10732077215849652,0.021565145188437003,0.15711762472374455
BRD-K29181432,3,20,0.17951406206579018,0.015093972577863716,0.1859040806393555
BRD-K29251608,8,66,0.10638881918547713,0.006041093554147976,0.10233682828652971
BRD-K29253390,6,30,0.08905545379301821,0.02276435420475445,0.15179004622254605
BRD-K29256470,6,28,0.15491610181485474,0.02873735178316001,0.15711762472374455
BRD-K29286627,6,30,0.08357314344143599,0.011386997059815922,0.15179004622254605
BRD-K29309835,2,57,0.15816985206902898,0.008211446667101566,0.11012007353755805
BRD-K29326853,6,30,0.08277657391637282,0.006173670409360357,0.15179004622254605
BRD-K29345712,13,174,0.03201320477423341,0.006641052678011408,0.06302738612786353
BRD-K29396015,2,30,0.1626168539884447,0.014099267472636543,0.15179004622254605
BRD-K29407738,2,25,0.09583722947296512,0.035002355005582235,0.1662776646416806
BRD-K29423519,8,48,0.14106598702375175,0.01643998388351988,0.12000056805137077
BRD-K29451642,6,112,0.07328636606564823,0.0060537913317292935,0.07855881236187227
BRD-K29499344,3,20,0.11860950011930292,0.010103233673342328,0.1859040806393555
BRD-K29500995,9,131,0.04892634186198031,0.006121485083211357,0.07263873506478
BRD-K29506255,8,129,0.10415008260081407,0.009623145408803156,0.0731996602677379
BRD-K29547084,4,21,0.12969204581283486,0.007331313787074924,0.18142380585737705
BRD-K29611469,3,20,0.054691599117740894,0.013293278652782953,0.1859040806393555
BRD-K29622226,13,164,0.053867702299974084,0.007391161819069817,0.06492052101285829
BRD-K29715937,13,726,0.013821747378575609,0.0022624585134950457,0.030855714696495284
BRD-K29736077,4,21,0.10244578834412342,0.008075087460511108,0.18142380585737705
BRD-K29746329,3,20,0.11927166630901045,0.007837528816746956,0.1859040806393555
BRD-K29767311,8,204,0.04197296656712445,0.004792105748496617,0.05820882555410844
BRD-K29824954,2,81,0.13705410273553686,0.005028680769425315,0.09237648035648922
BRD-K29953802,6,30,0.0865094096482198,0.016309703653975455,0.15179004622254605
BRD-K30064966,51,396,0.02086238659827463,0.003490874500507204,0.04177883519946965
BRD-K30066603,8,66,0.053129132890119626,0.006114522791901372,0.10233682828652971
BRD-K30126976,8,89,0.07246820168492127,0.014946139867426794,0.08812698600629496
BRD-K30160673,2,21,0.1637670956922974,0.016956234419637943,0.18142380585737705
BRD-K30180607,2,100,0.09331732517170098,0.009517333053607765,0.0831388323208403
BRD-K30194621,13,173,0.027579355673755506,0.006849813506996297,0.06320928372433764
BRD-K30214283,4,21,0.10766813541302013,0.006484329741353837,0.18142380585737705
BRD-K30229575,7,59,0.06475042337301323,0.02310334210614722,0.10823754040067521
BRD-K30267135,7,69,0.03777327616246636,0.007267282725205548,0.1000873925349908
BRD-K30309936,6,112,0.0703215791440469,0.006132463146791216,0.07855881236187227
BRD-K30315899,2,25,0.1704683484933274,0.00642643390300574,0.1662776646416806
BRD-K30342454,2,25,0.107962079790973,0.04137769573095939,0.1662776646416806
BRD-K30351863,8,133,0.12112747993615816,0.010452553414750296,0.07209051035999475
BRD-K30381304,13,178,0.09176144031108427,0.008791846466219189,0.062315189410583144
BRD-K30381384,8,204,0.024309849802363434,0.00427294646217952,0.05820882555410844
BRD-K30393343,6,330,0.15668672123497293,0.006489140254627053,0.04576642093008075
BRD-K30434763,8,133,0.039124343170568024,0.006464213343645669,0.07209051035999475
BRD-K30443205,8,133,0.05861711530568878,0.010921798840158597,0.07209051035999475
BRD-K30459086,9,162,0.04503774144448296,0.007013262769097125,0.06532003568221943
BRD-K30463976,9,141,0.04249288138426045,0.006187028068486663,0.07001552735422285
BRD-K30468800,9,265,0.030144484257496156,0.003154065582295953,0.05107177871396887
BRD-K30509186,2,30,0.1457654463369155,0.011764767284676014,0.15179004622254605
BRD-K30511626,13,160,0.02674703856893221,0.005865840334049136,0.06572701803516952
BRD-K30523950,9,162,0.030992375709359414,0.004829673065099404,0.06532003568221943
BRD-K30536692,9,141,0.04274586648018434,0.007741334276467738,0.07001552735422285
BRD-K30553817,3,22,0.23005173172410884,0.014503518827534303,0.17725258607772132
BRD-K30563708,8,48,0.06858769781025328,0.00853666357941525,0.12000056805137077
BRD-K30628839,3,20,0.07983490801654979,0.00991785553242734,0.1859040806393555
BRD-K30633722,8,89,0.04091800762481803,0.006194265682678698,0.08812698600629496
BRD-K30640165,13,178,0.04584307879059246,0.026726441391737424,0.062315189410583144
BRD-K30645599,8,463,0.04859916825347548,0.003433673358152021,0.038637892075435505
BRD-K30647638,8,204,0.045994343166700084,0.005708730338167767,0.05820882555410844
BRD-K30684242,6,30,0.07273198792208445,0.007880163648283872,0.15179004622254605
BRD-K30695296,4,21,0.11204611118447055,0.0074883111620711144,0.18142380585737705
BRD-K30697829,6,30,0.0682750469443383,0.02201676676808025,0.15179004622254605
BRD-K30704475,14,165,0.0421325226354711,0.004704063878881323,0.06472349318059607
BRD-K30715099,13,169,0.03670784632933937,0.005043952683011751,0.06395294793910793
BRD-K30724479,3,20,0.119072560685846,0.009278578601778055,0.1859040806393555
BRD-K30779094,9,131,0.038953887478088575,0.004233726521613996,0.07263873506478
BRD-K30781400,9,122,0.04846609092385791,0.0050839012014037305,0.07527036209271129
BRD-K30795336,2,30,0.1300825586353385,0.0132337247342389,0.15179004622254605
BRD-K30802967,9,150,0.047184720132080034,0.014757559876321331,0.06788257233228963
BRD-K30804015,9,138,0.04971506108040713,0.007556532554932843,0.07077247397277182
BRD-K30836161,8,129,0.09319032538088659,0.011360057782203373,0.0731996602677379
BRD-K30837577,8,94,0.059775776935736706,0.009687680708563289,0.08575115804486196
BRD-K30883461,2,25,0.15366815752661728,0.010908516476024385,0.1662776646416806
BRD-K30934140,3,20,0.24658828108404282,0.02608566366622408,0.1859040806393555
BRD-K30934336,7,39,0.05724943713665576,0.009698229366950636,0.13312867729046865
BRD-K30934390,6,76,0.10607431107965705,0.020647619219945533,0.09536678115013579
BRD-K30935394,2,25,0.14879231059027892,0.012510213521596331,0.1662776646416806
BRD-K30940328,6,24,0.11174548858208974,0.014300765278972461,0.16970643083072406
BRD-K30954716,3,20,0.14630868090493707,0.007071973099388298,0.1859040806393555
BRD-K30958640,13,178,0.01737724312057295,0.004530135780042487,0.062315189410583144
BRD-K31000214,3,20,0.12735096025898168,0.015015148761578494,0.1859040806393555
BRD-K31030218,3,180,0.055502504356632176,0.004579437340570716,0.06196802687978517
BRD-K31060354,4,20,0.10736493371077264,0.012797551926777664,0.1859040806393555
BRD-K31103241,4,21,0.12594287393670944,0.010450326241398092,0.18142380585737705
BRD-K31112909,8,34,0.0720323244893006,0.01667747443707476,0.14258192113424395
BRD-K31126514,3,20,0.17624150441343164,0.01434925459602841,0.1859040806393555
BRD-K31168993,3,48,0.07483777619330552,0.011358041637507078,0.12000056805137077
BRD-K31175437,8,89,0.037540633826877584,0.009680414979253444,0.08812698600629496
BRD-K31220088,3,20,0.1422511188118117,0.012791692591563042,0.1859040806393555
BRD-K31260488,9,153,0.025983664234449356,0.004639846540963893,0.06721376220575295
BRD-K31286015,8,129,0.03054637540211123,0.0052408175009811065,0.0731996602677379
BRD-K31290914,8,57,0.025592944708616432,0.005792738988698618,0.11012007353755805
BRD-K31295191,8,57,0.04968926305887836,0.007980902856766812,0.11012007353755805
BRD-K31302860,8,82,0.03296545791763181,0.008686943007603629,0.0918114812927117
BRD-K31315646,6,330,0.13463568732699202,0.003546679223427565,0.04576642093008075
BRD-K31329249,6,21,0.06697074412121341,0.01235442662148318,0.18142380585737705
BRD-K31344914,3,48,0.06251956740805174,0.012175903327697867,0.12000056805137077
BRD-K31380618,8,84,0.0824110840237556,0.009170431169102825,0.09071190292868853
BRD-K31412180,9,141,0.045122767419638866,0.0073835055656759204,0.07001552735422285
BRD-K31415071,6,28,0.08981199854922889,0.013082363158945873,0.15711762472374455
BRD-K31427141,3,60,0.19375361156310386,0.008700590436666834,0.1073317710005818
BRD-K31441680,2,25,0.12435861868312127,0.005889296544548926,0.1662776646416806
BRD-K31449336,4,21,0.11099350732998202,0.011981424706445358,0.18142380585737705
BRD-K31453413,9,129,0.05678604853776772,0.0077430262799957,0.0731996602677379
BRD-K31485493,6,28,0.11906323655604582,0.03156469821151822,0.15711762472374455
BRD-K31553917,14,659,0.025154801769646993,0.0030644741629693045,0.03238629095984098
BRD-K31566137,6,30,0.08769415075864102,0.011755151532966367,0.15179004622254605
BRD-K31600199,9,138,0.04501108686885179,0.0072355375547466586,0.07077247397277182
BRD-K31618614,5,29,0.08617971562842058,0.011834265136164803,0.15438493583463647
BRD-K31688005,9,162,0.04309396555937395,0.007675723620030264,0.06532003568221943
BRD-K31695944,2,25,0.18606510688453853,0.01219014263535195,0.1662776646416806
BRD-K31697605,6,104,0.07651574916686878,0.00809016724670816,0.0815243323733237
BRD-K31706415,9,150,0.11109788562877895,0.008587059591521132,0.06788257233228963
BRD-K31754360,13,169,0.02903990260860244,0.004860771781703019,0.06395294793910793
BRD-K31800869,2,57,0.1402342934600366,0.006366984263417969,0.11012007353755805
BRD-K31822300,6,28,0.09565844726865172,0.015513706868751281,0.15711762472374455
BRD-K31828306,8,133,0.03762098580934351,0.0044457262450698426,0.07209051035999475
BRD-K31829694,8,64,0.08872465663246025,0.018846792040015315,0.10392354040105038
BRD-K31841256,14,169,0.06497682644533523,0.006009087995506726,0.06395294793910793
BRD-K31844452,4,22,0.07361771550013783,0.012862849270054908,0.17725258607772132
BRD-K31851742,13,178,0.08029661211331322,0.018706868194079167,0.062315189410583144
BRD-K31856043,9,162,0.07673782349348005,0.0056037957531293306,0.06532003568221943
BRD-K31887147,9,124,0.051911246963775554,0.005880129679845719,0.07466087544568958
BRD-K31931379,8,53,0.051865516759790294,0.005213647508781326,0.11419996893626119
BRD-K31931684,2,30,0.19200322569340716,0.011004492421325573,0.15179004622254605
BRD-K31949858,7,69,0.03998133926374413,0.005566159447717238,0.1000873925349908
BRD-K31970894,3,20,0.16188029310240612,0.010899660198436915,0.1859040806393555
BRD-K31975688,8,43,0.07385865462812928,0.013990467698366085,0.1267855306805029
BRD-K31998493,6,28,0.12156159971971782,0.030955593340759164,0.15711762472374455
BRD-K31999759,6,27,0.12740025510809133,0.0123138441784896,0.16000075740182768
BRD-K32053286,4,73,0.09233141628808501,0.007503552124790832,0.09730664311377887
BRD-K32101742,9,143,0.03787113142871798,0.005655107907355263,0.06952418424962198
BRD-K32111336,14,164,0.031827146686631634,0.005570261288840532,0.06492052101285829
BRD-K32112425,9,522,0.023908787917724626,0.003077160165210275,0.0363888783472405
BRD-K32132269,8,204,0.03296187472668738,0.007928526130271634,0.05820882555410844
BRD-K32188552,9,64,0.06873090794558435,0.00980418296270738,0.10392354040105038
BRD-K32238524,9,162,0.0470673618573198,0.005987611840325707,0.06532003568221943
BRD-K32297746,2,30,0.1436525926709773,0.01738752150686286,0.15179004622254605
BRD-K32301393,7,44,0.0916397016528152,0.03457327073842633,0.12533650559840895
BRD-K32307229,5,7645,0.041878792979104164,0.0009002571360779287,0.009508569292442468
BRD-K32310489,4,21,0.1257362042005446,0.032026037867532796,0.18142380585737705
BRD-K32320888,6,28,0.1049988480322547,0.019385164728340173,0.15711762472374455
BRD-K32321439,13,169,0.029671484099848572,0.005771784650867855,0.06395294793910793
BRD-K32330804,6,24,0.08776864516973541,0.01828135528038986,0.16970643083072406
BRD-K32389477,8,71,0.07872493757063581,0.012370365913889105,0.09866764128202758
BRD-K32444480,6,104,0.0807189252201433,0.012242033132067832,0.0815243323733237
BRD-K32485462,13,178,0.08106810815694124,0.005158553633888048,0.062315189410583144
BRD-K32568627,9,152,0.03810363301776826,0.004388759921087218,0.06743449765119443
BRD-K32580836,8,199,0.033148012082225814,0.004032132807352759,0.058935555638583256
BRD-K32581454,9,471,0.05959094301071504,0.0028676438797331206,0.038308351796185344
BRD-K32582686,8,147,0.0670980543516111,0.008647598342847996,0.06857175317221187
BRD-K32585359,2,25,0.1606053505466883,0.013876272724378943,0.1662776646416806
BRD-K32593492,2,30,0.13700507412427698,0.010060085803243891,0.15179004622254605
BRD-K32598858,9,66,0.06645229060752354,0.01114970651699843,0.10233682828652971
BRD-K32602441,5,196,0.06715559682557752,0.01392380690587377,0.05938488022917164
BRD-K32605311,2,30,0.0891636690447883,0.018296744836830737,0.15179004622254605
BRD-K32628102,2,30,0.1780145438491516,0.021666569963586603,0.15179004622254605
BRD-K32636001,8,129,0.15222992097193128,0.013924832266832105,0.0731996602677379
BRD-K32644160,13,622,0.023771231137742623,0.0032899497164005443,0.0333356346893279
BRD-K32656671,9,139,0.04800456790750897,0.00817066940807521,0.07051743720105612
BRD-K32761691,2,30,0.14896561444595455,0.011622136344362093,0.15179004622254605
BRD-K32782699,8,32,0.07805775137109604,0.01480968133408866,0.14697008028499373
BRD-K32827536,8,124,0.06214557316476866,0.00583522353868307,0.07466087544568958
BRD-K32853132,4,74,0.061411002929975346,0.0060486023835209235,0.0966469294521601
BRD-K32862555,8,204,0.08886734269588786,0.009085243581517272,0.05820882555410844
BRD-K32885145,8,75,0.06782420616224161,0.011048874930789189,0.09600045444109662
BRD-K32896438,13,605,0.0934619261611298,0.005517590974178117,0.03380074193442828
BRD-K32897268,6,30,0.0525585606425868,0.010624447323474567,0.15179004622254605
BRD-K32927008,14,171,0.053994975219788285,0.011369176796658595,0.06357785410009052
BRD-K32931486,6,30,0.05607211407979052,0.014755569547925439,0.15179004622254605
BRD-K32944375,8,112,0.129844403270354,0.007457831164140622,0.07855881236187227
BRD-K32949592,13,178,0.026618814087328066,0.005230136875391752,0.062315189410583144
BRD-K32986110,3,20,0.07822132384819687,0.013419134513547206,0.1859040806393555
BRD-K33005877,6,28,0.08511506544085706,0.006161814820695528,0.15711762472374455
BRD-K33013391,4,21,0.10555866511714794,0.011474280992022507,0.18142380585737705
BRD-K33045404,9,162,0.08204986995571946,0.011076209136134144,0.06532003568221943
BRD-K33116223,9,148,0.05314325499739083,0.00830091310378272,0.06833969919648027
BRD-K33159591,8,133,0.035375456949952,0.006253794516264469,0.07209051035999475
BRD-K33164466,13,160,0.04052246030605299,0.007719534985550269,0.06572701803516952
BRD-K33182644,9,131,0.03587519543614247,0.006683796195316828,0.07263873506478
BRD-K33217566,3,20,0.1153793515692477,0.006934250748854613,0.1859040806393555
BRD-K33218708,2,25,0.16462880728320628,0.010773100429171774,0.1662776646416806
BRD-K33297438,8,124,0.03560471378872612,0.007060105542664432,0.07466087544568958
BRD-K33305493,8,185,0.0489808119029321,0.005051575329355711,0.06112488518608705
BRD-K33318635,7,64,0.0289879701682729,0.011426508505525143,0.10392354040105038
BRD-K33348232,2,70,0.13299710864640832,0.007458808899559205,0.09936991093652328
BRD-K33392208,13,178,0.030745773178492322,0.0047454185139058,0.062315189410583144
BRD-K33445737,3,30,0.215905134912197,0.023651294247127704,0.15179004622254605
BRD-K33449128,5,299,0.09875764597203857,0.003824467508530459,0.048080428157379416
BRD-K33452357,7,44,0.09072598027067909,0.035520623326370106,0.12533650559840895
BRD-K33459729,9,131,0.03723213341071993,0.00454989128498123,0.07263873506478
BRD-K33528640,2,57,0.1128642079851341,0.007044967112281052,0.11012007353755805
BRD-K33586157,14,169,0.05369262349409445,0.015578114921682897,0.06395294793910793
BRD-K33591392,8,64,0.058855313674231684,0.008162492319308948,0.10392354040105038
BRD-K33606495,13,169,0.02944110089717913,0.008175987672939542,0.06395294793910793
BRD-K33619512,9,152,0.03608488166353466,0.005169488528220711,0.06743449765119443
BRD-K33676730,13,176,0.033275792732610214,0.005599023813664991,0.06266825279920447
BRD-K33680967,8,133,0.053721546577360745,0.007365342477365811,0.07209051035999475
BRD-K33713995,3,20,0.13182614644126803,0.013759791838091966,0.1859040806393555
BRD-K33720394,8,133,0.1261259879798711,0.01239695810380559,0.07209051035999475
BRD-K33720404,9,160,0.10745047337787982,0.008190992034421946,0.06572701803516952
BRD-K33743361,8,193,0.05061380218962662,0.008091186568539244,0.059844641003395496
BRD-K33761091,8,53,0.07683479910128524,0.011313308946261369,0.11419996893626119
BRD-K33762302,9,153,0.026357061081262144,0.0042162975650148525,0.06721376220575295
BRD-K33776933,6,30,0.0788204661663969,0.016072278256602086,0.15179004622254605
BRD-K33926001,14,167,0.05578502859617481,0.01136344312903831,0.06433475997562621
BRD-K33928422,7,69,0.017020469771371897,0.007372703863959948,0.1000873925349908
BRD-K33932270,2,30,0.11078219149677768,0.01084608950781077,0.15179004622254605
BRD-K33943862,3,48,0.1019285259665468,0.008268536902013785,0.12000056805137077
BRD-K33979365,6,26,0.08166188108383438,0.01173244337150562,0.1630486647466474
BRD-K34079378,3,180,0.06695756747477392,0.010171243240351072,0.06196802687978517
BRD-K34092011,9,162,0.059633681439151834,0.0074617850992672145,0.06532003568221943
BRD-K34095629,2,25,0.15867314848010616,0.015826583894308386,0.1662776646416806
BRD-K34160774,8,64,0.062333284139781266,0.006039460792844694,0.10392354040105038
BRD-K34174785,2,21,0.054042649787242665,0.036243848335111066,0.18142380585737705
BRD-K34182570,2,25,0.16345966256518152,0.01565219672540816,0.1662776646416806
BRD-K34230554,8,66,0.044369797895814245,0.006222453860890342,0.10233682828652971
BRD-K34294489,8,133,0.04628972619428793,0.008551932166638944,0.07209051035999475
BRD-K34332553,8,147,0.044238114694174636,0.0064934754999409405,0.06857175317221187
BRD-K34351329,2,30,0.17380278138705887,0.011487824000569942,0.15179004622254605
BRD-K34382714,3,20,0.17348977190530243,0.013189764769819859,0.1859040806393555
BRD-K34387287,14,146,0.038525954107941754,0.009541860889564543,0.0688061872002523
BRD-K34388789,8,122,0.04148901294154491,0.007703641825106396,0.07527036209271129
BRD-K34404012,8,38,0.07138999417920419,0.00963467592011718,0.13486899530238886
BRD-K34407242,2,30,0.1211910595286873,0.018166467714350487,0.15179004622254605
BRD-K34412705,9,151,0.04027620320904309,0.004365136596081387,0.06765742221841048
BRD-K34462187,2,22,0.26495365501504947,0.008093883513560354,0.17725258607772132
BRD-K34495954,9,131,0.03024369500859512,0.005852761400781395,0.07263873506478
BRD-K34544769,2,20,0.17054054469706917,0.01137386473198475,0.1859040806393555
BRD-K34545522,6,79,0.06278647139931298,0.004966518941623523,0.0935384943412949
BRD-K34545919,2,30,0.16936598849259957,0.016595636158020895,0.15179004622254605
BRD-K34547533,6,93,0.07893278386053575,0.01112284726483265,0.086210953073004
BRD-K34596778,9,139,0.03733775755596222,0.005414950836912823,0.07051743720105612
BRD-K34711351,9,128,0.058367262202874186,0.006365446302715824,0.07348504014249686
BRD-K34798063,6,26,0.09291974978651157,0.013266822124917362,0.1630486647466474
BRD-K34810022,2,57,0.1380217200713442,0.006375775903682314,0.11012007353755805
BRD-K34836852,2,30,0.19218574009411843,0.016309521493340997,0.15179004622254605
BRD-K34960081,2,20,0.16738264169735134,0.026026004037269623,0.1859040806393555
BRD-K34968258,9,132,0.048799894731452825,0.007767234216826743,0.07236306524652845
BRD-K34974324,9,347,0.03084660070589067,0.004107653045535394,0.04463126364366352
BRD-K34981405,6,25,0.08001244987498447,0.009812541835009486,0.1662776646416806
BRD-K35004659,13,157,0.10457206407554898,0.007834927352575044,0.06635201166521548
BRD-K35024477,9,275,0.025219160560697305,0.002490214464752778,0.050134602239363585
BRD-K35035132,8,133,0.05170936828026139,0.011928656075233739,0.07209051035999475
BRD-K35046132,8,131,0.05452581187871194,0.006369018890870348,0.07263873506478
BRD-K35060373,6,30,0.09583332826600928,0.00812424251464689,0.15179004622254605
BRD-K35090513,6,104,0.06761463213620461,0.0056955290987223345,0.0815243323733237
BRD-K35095050,2,30,0.1762924185856688,0.014087023969352184,0.15179004622254605
BRD-K35100517,8,204,0.03122711344933329,0.003986712787617259,0.05820882555410844
BRD-K35133769,9,131,0.06365996427176833,0.0105607578730665,0.07263873506478
BRD-K35158088,6,30,0.10288904002700809,0.0171181345433388,0.15179004622254605
BRD-K35188965,8,48,0.07827647711552374,0.011632815941731624,0.12000056805137077
BRD-K35191571,9,131,0.04789210237386273,0.0062762135397872905,0.07263873506478
BRD-K35193330,2,30,0.17179361779471242,0.014452338882480069,0.15179004622254605
BRD-K35210537,2,30,0.17877939192534292,0.01746899268120287,0.15179004622254605
BRD-K35224528,3,20,0.17810531658949239,0.02059387211023937,0.1859040806393555
BRD-K35247118,2,25,0.16095725132706498,0.012608268127525498,0.1662776646416806
BRD-K35254025,9,141,0.033339239358473216,0.006179231174348919,0.07001552735422285
BRD-K35371149,6,30,0.07534305734707136,0.01921660442380493,0.15179004622254605
BRD-K35389996,8,204,0.035207180853841946,0.0039355823077408736,0.05820882555410844
BRD-K35413818,8,124,0.05148215453062951,0.015177577027014243,0.07466087544568958
BRD-K35418438,6,28,0.06993517380472718,0.01972956468885669,0.15711762472374455
BRD-K35429092,9,153,0.04678014177608081,0.007265237153569068,0.06721376220575295
BRD-K35443780,2,25,0.13412358142747455,0.008145994033250671,0.1662776646416806
BRD-K35462725,2,30,0.1275346698819269,0.0083025372379597,0.15179004622254605
BRD-K35510956,6,28,0.06447007807595326,0.007919041504374036,0.15711762472374455
BRD-K35514965,9,131,0.04090399812951606,0.013869340316502757,0.07263873506478
BRD-K35522276,5,60,0.06748616481956109,0.010013644704620041,0.1073317710005818
BRD-K35535652,4,21,0.14980062866291732,0.017825194018207653,0.18142380585737705
BRD-K35558120,6,28,0.0677927599338011,0.010852567701513646,0.15711762472374455
BRD-K35568648,13,175,0.03661619928251419,0.005855567283215979,0.06284704988949782
BRD-K35571012,4,21,0.11415311058678253,0.00981822596581271,0.18142380585737705
BRD-K35577141,2,30,0.10910394829544702,0.0164724497922013,0.15179004622254605
BRD-K35616093,2,20,0.12853701019013758,0.014726660121228254,0.1859040806393555
BRD-K35638681,13,135,0.07614193158813684,0.00802281250000807,0.07155451400038787
BRD-K35691352,4,21,0.10068015031430215,0.010099896164761821,0.18142380585737705
BRD-K35701136,2,25,0.19268205874379768,0.009611270598705155,0.1662776646416806
BRD-K35702939,3,20,0.1291756420352937,0.016422599673684347,0.1859040806393555
BRD-K35716340,48,253,0.062481821892529175,0.017812425359762584,0.05226893604962703
BRD-K35737468,8,131,0.040955871289989475,0.008441961951378467,0.07263873506478
BRD-K35745977,2,213,0.1403249839122096,0.003038609223035251,0.056965789254484055
BRD-K35790918,8,204,0.021939850098445082,0.004260487000105341,0.05820882555410844
BRD-K35801592,3,20,0.15016263385075176,0.013109473913564698,0.1859040806393555
BRD-K35832492,8,8971,0.01847764575762799,0.0007993252054526675,0.00877775575502602
BRD-K35858371,9,129,0.042758581757649204,0.006201663457032622,0.0731996602677379
BRD-K35860134,11,1275,0.042407858636315236,0.0036381825536884655,0.023283530221643374
BRD-K35920785,8,204,0.032926265280482425,0.004501657591540223,0.05820882555410844
BRD-K35961280,13,142,0.0504198212947628,0.012737976633162415,0.06976855823420344
BRD-K36008374,3,60,0.11785229892039899,0.006143053335811538,0.1073317710005818
BRD-K36022244,9,160,0.04865303044399843,0.005215289970048383,0.06572701803516952
BRD-K36031023,13,176,0.03335563887827568,0.005158249439470904,0.06266825279920447
BRD-K36038115,9,123,0.044891974893688354,0.007751543486044534,0.07496376056540899
BRD-K36065557,3,20,0.1140152130599755,0.011886837762482262,0.1859040806393555
BRD-K36070105,4,21,0.14488627232771706,0.00746137236560763,0.18142380585737705
BRD-K36087356,13,789,0.030895289338696428,0.0023249883428896933,0.029598208077146297
BRD-K36091499,2,30,0.21137017213378426,0.00977558162179014,0.15179004622254605
BRD-K36111658,3,180,0.11038803156163969,0.014146834306805016,0.06196802687978517
BRD-K36111767,8,133,0.033974217935699894,0.005480788476303219,0.07209051035999475
BRD-K36130407,6,26,0.0731627771455438,0.0066525010163520195,0.1630486647466474
BRD-K36134449,3,40,0.06550365065692851,0.004439760228994181,0.13145403607033904
BRD-K36165258,6,26,0.07553820693850755,0.011544413758326167,0.1630486647466474
BRD-K36192494,2,25,0.21567537184501445,0.009134698462560679,0.1662776646416806
BRD-K36200934,3,20,0.12026003591743809,0.010044760772032443,0.1859040806393555
BRD-K36206486,6,28,0.1120141286428457,0.02339157480377912,0.15711762472374455
BRD-K36226647,6,80,0.06288586056182416,0.00514112382686191,0.09295204031967776
BRD-K36232729,7,33,0.06144477399179441,0.016518852412816372,0.1447261304930569
BRD-K36269259,3,37,0.13246179889832443,0.013483479698733593,0.13667939839296053
BRD-K36284700,6,28,0.11570955683288958,0.026460366274253598,0.15711762472374455
BRD-K36287933,8,204,0.025539252659492258,0.004427173346955677,0.05820882555410844
BRD-K36313546,8,64,0.04367703123411546,0.007304735287950886,0.10392354040105038
BRD-K36317223,9,143,0.053775777923213024,0.015683405980874955,0.06952418424962198
BRD-K36333904,8,34,0.12160198770937686,0.020770577395992366,0.14258192113424395
BRD-K36354764,9,127,0.08889624114595819,0.009622771629295156,0.07377378404515243
BRD-K36462169,8,34,0.11019969488650483,0.01901842888714152,0.14258192113424395
BRD-K36471847,4,21,0.14921298754564827,0.02035587627195891,0.18142380585737705
BRD-K36489877,3,84,0.08775423242791272,0.007652983682532899,0.09071190292868853
BRD-K36490574,9,162,0.04125796454322045,0.005959087342766464,0.06532003568221943
BRD-K36591038,13,652,0.02948854714577073,0.004204829334767091,0.032559679607547354
BRD-K36596997,6,28,0.06680116061996161,0.005091055912752013,0.15711762472374455
BRD-K36633782,2,25,0.1492013565223515,0.008656931504564197,0.1662776646416806
BRD-K36651625,3,42,0.11902899119698525,0.012210802504939963,0.12828600339042298
BRD-K36654803,6,26,0.12241936759443474,0.011499795786636879,0.1630486647466474
BRD-K36656125,4,21,0.08949545147845572,0.01289607665563182,0.18142380585737705
BRD-K36665199,8,124,0.038138381599268925,0.005587529224757586,0.07466087544568958
BRD-K36721554,4,21,0.10267898614128368,0.008514532549538916,0.18142380585737705
BRD-K36741877,4,21,0.0902377720204206,0.007302745929374633,0.18142380585737705
BRD-K36754064,9,158,0.04716061861712017,0.00748446048075605,0.06614170365070911
BRD-K36767861,13,178,0.036356414785661206,0.005521949351468172,0.062315189410583144
BRD-K36772364,9,141,0.06730980211984605,0.008982977045284887,0.07001552735422285
BRD-K36796217,8,57,0.06419113757890557,0.01412243568305433,0.11012007353755805
BRD-K36817836,9,131,0.03609288052844846,0.004626879860560554,0.07263873506478
BRD-K36835942,4,21,0.09731601867709551,0.01635225506050468,0.18142380585737705
BRD-K36864553,8,79,0.07508484194149816,0.014617246469382934,0.0935384943412949
BRD-K36895979,9,318,0.03881945128007609,0.003147197815251287,0.04662194208925489
BRD-K36928794,8,64,0.0525465821300172,0.007992053228651708,0.10392354040105038
BRD-K36984542,7,59,0.05023639976790428,0.010086442367204726,0.10823754040067521
BRD-K37014875,4,21,0.14508643336196014,0.009741298460562256,0.18142380585737705
BRD-K37021324,9,141,0.048219294658410274,0.007148354653535049,0.07001552735422285
BRD-K37043259,9,152,0.09614999756558093,0.01027163327213846,0.06743449765119443
BRD-K37060179,8,22,0.06503280155667913,0.015106561832190325,0.17725258607772132
BRD-K37061750,8,198,0.06755008964428806,0.005752859877137482,0.059084195359240435
BRD-K37073485,2,20,0.22041291041424868,0.012613031702722346,0.1859040806393555
BRD-K37088230,8,57,0.02967753971170699,0.007455610414109519,0.11012007353755805
BRD-K37124285,9,127,0.02830916317633385,0.005240356931653197,0.07377378404515243
BRD-K37127624,9,580,0.02685944908476491,0.0025857198306925315,0.034521521122819046
BRD-K37141476,9,131,0.03791656986915207,0.005654848395485063,0.07263873506478
BRD-K37149438,2,25,0.19394721675276344,0.01594362493448022,0.1662776646416806
BRD-K37150847,9,628,0.03427530345852471,0.007235488012515373,0.03317600583260774
BRD-K37160541,14,151,0.02313281307868361,0.012054291139327851,0.06765742221841048
BRD-K37184875,7,64,0.05415525852066388,0.00997694530521746,0.10392354040105038
BRD-K37185609,2,57,0.0894180684970804,0.009279515816810874,0.11012007353755805
BRD-K37197256,3,20,0.0772976389627444,0.00959233538943399,0.1859040806393555
BRD-K37225211,3,20,0.14045937557343502,0.009294840784322288,0.1859040806393555
BRD-K37226311,2,25,0.18996473089253094,0.014562464047412925,0.1662776646416806
BRD-K37268490,2,213,0.18475793347781508,0.0044788540962621744,0.056965789254484055
BRD-K37299375,4,241,0.09655397402143623,0.005349176297199741,0.053554429750696846
BRD-K37303684,8,47,0.03567903212205773,0.00955705000689814,0.12127045069624252
BRD-K37316675,3,20,0.08698561297305069,0.01330017079216432,0.1859040806393555
BRD-K37317589,2,57,0.13913667694768295,0.0052840689226140766,0.11012007353755805
BRD-K37322457,6,28,0.07194128813868485,0.01076779621119677,0.15711762472374455
BRD-K37323001,9,138,0.028386419736557908,0.004451796184131405,0.07077247397277182
BRD-K37340147,6,28,0.07505132564262083,0.012500459327638753,0.15711762472374455
BRD-K37340241,13,142,0.06948033441407338,0.011086882114290287,0.06976855823420344
BRD-K37357652,3,20,0.13296646295799971,0.008774537908655853,0.1859040806393555
BRD-K37365015,3,48,0.16160543020315074,0.010035661521801131,0.12000056805137077
BRD-K37372998,8,204,0.034240517729048604,0.0036394662896267914,0.05820882555410844
BRD-K37393297,9,141,0.06650251827950988,0.012396447365566093,0.07001552735422285
BRD-K37405154,4,21,0.12682171372139125,0.012018078231988026,0.18142380585737705
BRD-K37413063,8,196,0.043824437112461395,0.005043530471842914,0.05938488022917164
BRD-K37434447,4,21,0.11219475182960605,0.011385794087416967,0.18142380585737705
BRD-K37461197,3,20,0.17240462836905388,0.012504767405314133,0.1859040806393555
BRD-K37477851,4,74,0.07925310909657651,0.0070758233613389425,0.0966469294521601
BRD-K37495811,6,28,0.08693974579880165,0.01292212664290702,0.15711762472374455
BRD-K37498076,8,131,0.04645916882705411,0.005518553414896576,0.07263873506478
BRD-K37530005,3,20,0.10905107401091836,0.008222236032511605,0.1859040806393555
BRD-K37549600,9,153,0.04087759989109876,0.004803119363534088,0.06721376220575295
BRD-K37612077,3,20,0.1670962387382016,0.023687788120682934,0.1859040806393555
BRD-K37618507,13,178,0.034462325661364396,0.009273328350402803,0.062315189410583144
BRD-K37631226,6,28,0.12279174365680022,0.013014351958724796,0.15711762472374455
BRD-K37638153,5,82,0.06703635067522311,0.007466905915794483,0.0918114812927117
BRD-K37650321,7,60,0.036040685671346565,0.013911801303103223,0.1073317710005818
BRD-K37669227,8,602,0.03376115861328051,0.003951441562532828,0.03388485838619699
BRD-K37724988,9,108,0.06869371895565907,0.015522719839762843,0.08000037870091384
BRD-K37727696,13,170,0.020564419237858077,0.004111952998812706,0.06376457360373668
BRD-K37728465,2,36,0.13740933348458256,0.02478440259112724,0.13856472053473384
BRD-K37762845,13,162,0.02601986695038181,0.006354044517877144,0.06532003568221943
BRD-K37765157,2,25,0.1848207447173345,0.009909238182408775,0.1662776646416806
BRD-K37766746,4,21,0.12024030813777684,0.014541669308661968,0.18142380585737705
BRD-K37849751,6,30,0.06677815181364419,0.008229064128060732,0.15179004622254605
BRD-K37852224,13,172,0.03986857861113913,0.006261668174030832,0.06339276534025146
BRD-K37879473,3,20,0.1278128528939755,0.02483139150924403,0.1859040806393555
BRD-K37879871,8,54,0.03556941337526292,0.0067422993337943405,0.11313762055381604
BRD-K37883585,13,151,0.0396112992143839,0.009389104473218054,0.06765742221841048
BRD-K37932103,13,162,0.038103407668181294,0.004306894473145964,0.06532003568221943
BRD-K37940862,8,187,0.11499255273584218,0.013921425989330822,0.060797135450359925
BRD-K37957394,3,20,0.14721958836871749,0.02506074654903463,0.1859040806393555
BRD-K37957530,3,20,0.12292913415010831,0.015398859926412352,0.1859040806393555
BRD-K37984227,9,141,0.04591020480569113,0.007552352687244135,0.07001552735422285
BRD-K38012662,13,787,0.01817939435497448,0.0029380910254844764,0.02963579311841784
BRD-K38024133,8,66,0.02686426117120362,0.004143303590936943,0.10233682828652971
BRD-K38024502,7,59,0.02825225613086791,0.008425830680412237,0.10823754040067521
BRD-K38044934,2,6075,0.03795130741009024,0.0007896487677607496,0.010666717160121846
BRD-K38061943,8,133,0.048982653608331636,0.006961142269030322,0.07209051035999475
BRD-K38103660,6,28,0.09836158289227079,0.014725563162816922,0.15711762472374455
BRD-K38126560,6,30,0.12659757235167546,0.027569553271757478,0.15179004622254605
BRD-K38144109,8,147,0.037214278357111726,0.006706615529036297,0.06857175317221187
BRD-K38181288,2,25,0.2188973724266544,0.012658417221783028,0.1662776646416806
BRD-K38186418,4,21,0.13854477771917142,0.01057479957771931,0.18142380585737705
BRD-K38205437,13,158,0.028643148886049474,0.007727457021946118,0.06614170365070911
BRD-K38294617,8,66,0.05214904773243515,0.011403096522129074,0.10233682828652971
BRD-K38313084,6,28,0.11997192147483729,0.022547559107747035,0.15711762472374455
BRD-K38369496,4,74,0.0638859618983383,0.006646056620766875,0.0966469294521601
BRD-K38385428,3,20,0.13132703699852116,0.009583429562894126,0.1859040806393555
BRD-K38455110,13,152,0.015960473788260807,0.007107753248153787,0.06743449765119443
BRD-K38459107,6,26,0.1365585433053273,0.013333113839322465,0.1630486647466474
BRD-K38465286,2,30,0.13345360088610328,0.012970039457881905,0.15179004622254605
BRD-K38519699,13,175,0.030020387726617196,0.004728101621015925,0.06284704988949782
BRD-K38594532,9,183,0.03852104881899168,0.005369483764466968,0.061457993293890685
BRD-K38596918,3,180,0.07258512960984669,0.007527567463950266,0.06196802687978517
BRD-K38599483,9,162,0.04227065516006573,0.007200732061434231,0.06532003568221943
BRD-K38622866,8,57,0.07370485213344663,0.011359129777055832,0.11012007353755805
BRD-K38625260,9,131,0.09346838142467441,0.009230982072756033,0.07263873506478
BRD-K38632726,2,213,0.11869558728731588,0.003459307162557497,0.056965789254484055
BRD-K38634661,9,117,0.06614915921835361,0.006374074206053451,0.07686187767051089
BRD-K38643780,6,30,0.05692911183625119,0.014934412910295599,0.15179004622254605
BRD-K38672372,6,30,0.07449987283110614,0.009813318046711357,0.15179004622254605
BRD-K38690464,13,178,0.020529596990951225,0.006631606063879022,0.062315189410583144
BRD-K38698447,9,162,0.030359654198042495,0.008302151125005668,0.06532003568221943
BRD-K38700430,8,82,0.04171442399679829,0.004895507374862511,0.0918114812927117
BRD-K38720323,3,48,0.07640482934700807,0.005962101994924222,0.12000056805137077
BRD-K38797319,6,30,0.07841804140474937,0.011133408876919089,0.15179004622254605
BRD-K38803221,2,30,0.12493553793249901,0.012118802288540956,0.15179004622254605
BRD-K38805748,2,25,0.17008883538625832,0.010328564123483241,0.1662776646416806
BRD-K38841486,2,30,0.1271306781650768,0.022529745626370567,0.15179004622254605
BRD-K38851002,2,57,0.11540291886892637,0.006552728628482457,0.11012007353755805
BRD-K38885465,5,52,0.1646713242740695,0.0079349549255665,0.11529281650576634
BRD-K38934024,6,24,0.14943438216448796,0.0156623263268887,0.16970643083072406
BRD-K39001644,2,49,0.11171477435711591,0.007191118279388534,0.11876976045834328
BRD-K39010473,9,141,0.03646294295744077,0.004697601238638112,0.07001552735422285
BRD-K39092862,7,77,0.12803201104815132,0.03866067356492384,0.09474549257464139
BRD-K39096267,3,45,0.1410697086392398,0.009602591935199667,0.12393605375957034
BRD-K39144410,2,30,0.1395770891798303,0.010889080011511863,0.15179004622254605
BRD-K39151515,7,44,0.07335020848213315,0.042609726183027025,0.12533650559840895
BRD-K39172790,3,42,0.12281030706739239,0.014579620226176246,0.12828600339042298
BRD-K39187410,13,160,0.045305724456684536,0.005977480873732114,0.06572701803516952
BRD-K39208132,8,204,0.028920485082299212,0.003249456411153932,0.05820882555410844
BRD-K39211770,2,30,0.19770755087758105,0.023042514993329606,0.15179004622254605
BRD-K39284479,8,27,0.052022528092912426,0.010289045348456769,0.16000075740182768
BRD-K39289507,9,162,0.03406446881887781,0.006660625955635207,0.06532003568221943
BRD-K39318886,8,124,0.047171529896980174,0.005727133542500984,0.07466087544568958
BRD-K39345836,8,193,0.0920661844824405,0.0058676656151456395,0.059844641003395496
BRD-K39376673,3,80,0.08588033859107909,0.00501530571488968,0.09295204031967776
BRD-K39405368,6,106,0.06216039579607914,0.006342583295894702,0.08075157244612337
BRD-K39431601,2,20,0.1457241234124354,0.012625265633908624,0.1859040806393555
BRD-K39481055,6,28,0.06590070015372469,0.00864648358064478,0.15711762472374455
BRD-K39504007,8,48,0.08744866826644139,0.007184322582241457,0.12000056805137077
BRD-K39507473,4,21,0.1063377977574689,0.00968279999923855,0.18142380585737705
BRD-K39507792,8,133,0.059680193158720626,0.01043810399686059,0.07209051035999475
BRD-K39522184,8,193,0.03717006677232968,0.008130676250832665,0.059844641003395496
BRD-K39529907,4,73,0.09199850141548406,0.0104452783183623,0.09730664311377887
BRD-K39597586,8,147,0.07425424001847579,0.007635640932156869,0.06857175317221187
BRD-K39647256,7,45,0.06313345422688346,0.011089056871401055,0.12393605375957034
BRD-K39658422,4,74,0.09627251319704853,0.010354374557785685,0.0966469294521601
BRD-K39687892,13,175,0.046127055541644736,0.006050111985804825,0.06284704988949782
BRD-K39732687,9,143,0.027078715012972432,0.005278664265807402,0.06952418424962198
BRD-K39757396,9,128,0.056945154267447506,0.006435516429340822,0.07348504014249686
BRD-K39799535,8,47,0.06065769451117254,0.014952216099445513,0.12127045069624252
BRD-K39829853,9,131,0.07902488569981525,0.021156639735289848,0.07263873506478
BRD-K39866321,9,131,0.04058558296521794,0.005965740538815512,0.07263873506478
BRD-K39894071,3,20,0.11509253785364508,0.011040253850311358,0.1859040806393555
BRD-K39921295,9,162,0.028522405044086242,0.006821533762280684,0.06532003568221943
BRD-K39947788,2,25,0.18010227032835713,0.01566545023404578,0.1662776646416806
BRD-K40064462,8,53,0.08280911311761449,0.018261594363678902,0.11419996893626119
BRD-K40073746,4,21,0.17617724712770053,0.03091140039456718,0.18142380585737705
BRD-K40087974,13,785,0.026093627726546,0.003081174611068997,0.02967352170545617
BRD-K40094191,14,656,0.025390898168316463,0.0026417047829598236,0.032460260506429146
BRD-K40123546,3,20,0.08948536678622102,0.00782847493722212,0.1859040806393555
BRD-K40138205,7,65,0.056493881400611644,0.00970856160177301,0.10312103000972132
BRD-K40151202,9,1323,0.015167648453686941,0.0018892534057078298,0.022857251057403955
BRD-K40160468,6,26,0.08890734776462487,0.01258300185862077,0.1630486647466474
BRD-K40167599,3,48,0.10656871295051534,0.011116697893789737,0.12000056805137077
BRD-K40175949,8,131,0.04742803367505822,0.005092570719309788,0.07263873506478
BRD-K40185230,8,61,0.03427555089614922,0.009951397011998783,0.106448366916246
BRD-K40224283,8,199,0.04959947796355984,0.007890738717476036,0.058935555638583256
BRD-K40225343,8,42,0.062315977729349895,0.00942732960693675,0.12828600339042298
BRD-K40249559,6,26,0.08211698565585893,0.012174281232691578,0.1630486647466474
BRD-K40258090,4,74,0.09343001888662272,0.00916758860089817,0.0966469294521601
BRD-K40274786,7,44,0.06087918541480753,0.010376356503791942,0.12533650559840895
BRD-K40276799,8,43,0.06531053409488248,0.013035016788228338,0.1267855306805029
BRD-K40300908,14,155,0.07934954762001889,0.01864012385055466,0.06677871710248273
BRD-K40324831,2,30,0.14984526915320182,0.016244146330131194,0.15179004622254605
BRD-K40329609,8,106,0.15490676152963725,0.009824643263225262,0.08075157244612337
BRD-K40365006,3,95,0.1011030353876895,0.005850806338621133,0.08529864217881968
BRD-K40378749,8,133,0.02741668214202883,0.005417473461588451,0.07209051035999475
BRD-K40397365,2,213,0.12258698838179354,0.004407566103921488,0.056965789254484055
BRD-K40441731,8,124,0.04392762713314381,0.008721037197989584,0.07466087544568958
BRD-K40461288,2,30,0.14668284928722747,0.010309095521262569,0.15179004622254605
BRD-K40471863,7,64,0.028780553027886305,0.007527012817070149,0.10392354040105038
BRD-K40480443,9,131,0.0392897022055541,0.004560710716775095,0.07263873506478
BRD-K40506152,8,47,0.04615528146256363,0.006955781019405141,0.12127045069624252
BRD-K40555995,4,21,0.12939975796874684,0.0076493311413777096,0.18142380585737705
BRD-K40566034,9,158,0.05094368384095726,0.005903005874847358,0.06614170365070911
BRD-K40576182,2,20,0.12251760502375396,0.02805536993523707,0.1859040806393555
BRD-K40577058,8,204,0.03852067284891293,0.009524908581606777,0.05820882555410844
BRD-K40597368,6,26,0.09363255267707901,0.015347395268757546,0.1630486647466474
BRD-K40606280,2,30,0.12294399164684895,0.010031765829607882,0.15179004622254605
BRD-K40655550,2,25,0.1489923452781916,0.008986027950388829,0.1662776646416806
BRD-K40690989,2,25,0.10440918867586335,0.019319307460372394,0.1662776646416806
BRD-K40724613,2,30,0.14749603508276474,0.021719618526611608,0.15179004622254605
BRD-K40758391,51,5052,0.015129396869007349,0.0012103465645836942,0.011696939662145536
BRD-K40769424,6,78,0.03511340354951363,0.006508825547806598,0.09413619048248592
BRD-K40846327,9,162,0.03007768669136841,0.005231021110212031,0.06532003568221943
BRD-K40941329,2,57,0.13409155476567708,0.008409787833576637,0.11012007353755805
BRD-K40941388,9,141,0.040505964893551835,0.007968006946049436,0.07001552735422285
BRD-K40949493,9,162,0.06130529147352115,0.006672421095822081,0.06532003568221943
BRD-K40955748,9,102,0.06003698600900679,0.00830894502088484,0.08231971054842975
BRD-K40963620,7,64,0.04630692045218668,0.008249204692248354,0.10392354040105038
BRD-K40973428,4,46,0.05600373899902619,0.004703179116072364,0.1225815206981868
BRD-K41006959,8,133,0.06421615991425483,0.011886278283478281,0.07209051035999475
BRD-K41049123,3,30,0.15635263231705757,0.011536293462602602,0.15179004622254605
BRD-K41059137,8,133,0.05329131089166398,0.014012944088627919,0.07209051035999475
BRD-K41069217,6,26,0.10704078332923098,0.011360148257211874,0.1630486647466474
BRD-K41087962,51,406,0.03142035796395427,0.004004396485331779,0.0412611096837349
BRD-K41115759,7,64,0.028770268163395514,0.007326349962775212,0.10392354040105038
BRD-K41120089,6,30,0.08042670193563689,0.013592889086364336,0.15179004622254605
BRD-K41129365,8,61,0.04856363870692284,0.0068173388961096275,0.106448366916246
BRD-K41172353,3,170,0.21488711275735195,0.011610057000685984,0.06376457360373668
BRD-K41185612,8,129,0.08717210872286554,0.018355368083596058,0.0731996602677379
BRD-K41220170,13,175,0.06237004847910064,0.012635242393448293,0.06284704988949782
BRD-K41240505,9,131,0.05338440566171305,0.008554197743011194,0.07263873506478
BRD-K41284916,9,141,0.026457642039465885,0.004843017459670023,0.07001552735422285
BRD-K41303952,13,165,0.04232375349417273,0.00850583827464963,0.06472349318059607
BRD-K41328253,2,30,0.12170912389815379,0.012448879891206742,0.15179004622254605
BRD-K41335306,7,69,0.08937446598662349,0.010894401498165382,0.1000873925349908
BRD-K41342615,2,213,0.13504827333579503,0.0037997025571924526,0.056965789254484055
BRD-K41344641,3,20,0.16954682888075565,0.009157397800271073,0.1859040806393555
BRD-K41377239,2,20,0.13895309147078774,0.010494382869172349,0.1859040806393555
BRD-K41390249,2,25,0.1543032423026851,0.014739023256954397,0.1662776646416806
BRD-K41429297,13,167,0.047759131731912235,0.0053252384791001445,0.06433475997562621
BRD-K41430135,6,28,0.09893168556056536,0.010722223917273566,0.15711762472374455
BRD-K41431262,8,122,0.044460010562138934,0.006665783044182443,0.07527036209271129
BRD-K41513229,6,99,0.07886995904491766,0.009583964334295644,0.0835576703989393
BRD-K41526317,6,26,0.11268848436547241,0.024166980876301637,0.1630486647466474
BRD-K41539131,3,20,0.08465484232166522,0.011527885626821058,0.1859040806393555
BRD-K41547297,3,20,0.12901736585793674,0.01180079548891588,0.1859040806393555
BRD-K41557448,9,66,0.06083383038073242,0.00921662053913009,0.10233682828652971
BRD-K41571462,8,48,0.07278168064827657,0.010599463663226356,0.12000056805137077
BRD-K41593073,2,25,0.10679799945917637,0.014434857847646337,0.1662776646416806
BRD-K41652832,8,43,0.03828139658974337,0.010904612050082514,0.1267855306805029
BRD-K41652870,13,178,0.08073071002399144,0.005661454467180552,0.062315189410583144
BRD-K41666683,9,131,0.031285218295988626,0.005745493349883717,0.07263873506478
BRD-K41668190,14,171,0.04136196092627033,0.0070045911781871925,0.06357785410009052
BRD-K41670583,8,204,0.03017585753718494,0.004520669489195559,0.05820882555410844
BRD-K41700431,8,41,0.10634981156233424,0.01262178769104145,0.12984104202571659
BRD-K41721791,4,21,0.10491252747480943,0.0063755521617940665,0.18142380585737705
BRD-K41757249,13,154,0.02263770365646774,0.005195611023668946,0.06699518028638862
BRD-K41763142,4,21,0.13036351688185072,0.011159012626241624,0.18142380585737705
BRD-K41775742,8,147,0.11254916212744953,0.028903496700039624,0.06857175317221187
BRD-K41790758,4,1328,0.024337768968579775,0.0028153232367780193,0.022814181015259963
BRD-K41797142,8,204,0.03379319124727294,0.005188179871566087,0.05820882555410844
BRD-K41824522,3,48,0.04946484758137151,0.01014520971239481,0.12000056805137077
BRD-K41845021,9,141,0.05205091366870008,0.007003157330477625,0.07001552735422285
BRD-K41862560,8,77,0.01902621746656044,0.009163840755125002,0.09474549257464139
BRD-K41871066,8,89,0.033585659542912205,0.007758260203016272,0.08812698600629496
BRD-K41878610,11,303,0.05944147416102963,0.011100831603423948,0.04776201122297543
BRD-K41880142,8,41,0.04851018174945147,0.013517467260915374,0.12984104202571659
BRD-K41889859,8,82,0.02508429407151872,0.0046600696158268715,0.0918114812927117
BRD-K41908462,2,25,0.11992961887390016,0.009028245921657754,0.1662776646416806
BRD-K41924482,13,174,0.04029830662980795,0.009858353232180386,0.06302738612786353
BRD-K41925105,13,143,0.09921367691795913,0.006534009677564408,0.06952418424962198
BRD-K41931739,13,169,0.04143678544771437,0.009011605411277273,0.06395294793910793
BRD-K42006110,6,84,0.0508765129305694,0.008498901931578434,0.09071190292868853
BRD-K42006476,9,162,0.029964584666988592,0.00464054807488813,0.06532003568221943
BRD-K42021584,8,129,0.064352751250889,0.007129743153069418,0.0731996602677379
BRD-K42091312,13,166,0.022764221872503307,0.004278148461946093,0.06452824841243086
BRD-K42100231,6,80,0.07284146287163103,0.008752320528163509,0.09295204031967776
BRD-K42107428,8,41,0.07224488276194206,0.020886587342356534,0.12984104202571659
BRD-K42136113,2,213,0.17180491512971388,0.0036260659550201614,0.056965789254484055
BRD-K42140123,4,85,0.08924938136221253,0.005214875976770585,0.09017672478934188
BRD-K42142217,6,28,0.08373726619714175,0.007949997595113811,0.15711762472374455
BRD-K42161310,8,61,0.04874240273946456,0.010357846657447581,0.106448366916246
BRD-K42197878,8,48,0.11386696622947134,0.008898461597145944,0.12000056805137077
BRD-K42303783,6,28,0.09866606770226988,0.015554278888664504,0.15711762472374455
BRD-K42357106,2,81,0.13311419375582445,0.007034567024188817,0.09237648035648922
BRD-K42400758,2,25,0.1363481435023937,0.013389684537037696,0.1662776646416806
BRD-K42419294,14,167,0.043573856567447763,0.004702312795501033,0.06433475997562621
BRD-K42427050,6,28,0.11126286139016009,0.011102024138091011,0.15711762472374455
BRD-K42454450,8,77,0.034930003665351844,0.007427026561784671,0.09474549257464139
BRD-K42455570,8,133,0.09211575436861813,0.006985938676690891,0.07209051035999475
BRD-K42471691,9,131,0.04220767527207891,0.009278763188957678,0.07263873506478
BRD-K42486494,2,25,0.15826881051290584,0.010461724352637088,0.1662776646416806
BRD-K42489623,9,129,0.09460147855680384,0.01061104703001141,0.0731996602677379
BRD-K42499654,9,120,0.08648962149248769,0.007103111693501944,0.07589502311127302
BRD-K42541148,14,163,0.054037125325420834,0.015535091930513719,0.06511935921509471
BRD-K42543304,8,138,0.042787090310401045,0.007663238825822173,0.07077247397277182
BRD-K42543764,7,69,0.03368127912442322,0.007879887422758572,0.1000873925349908
BRD-K42568865,13,169,0.044716716614141415,0.005380483317462442,0.06395294793910793
BRD-K42576592,2,30,0.215325954672424,0.012471941647587187,0.15179004622254605
BRD-K42589221,6,65,0.06992465407775886,0.007736983829146384,0.10312103000972132
BRD-K42595694,4,21,0.10863272240915009,0.006676976463069635,0.18142380585737705
BRD-K42609935,6,72,0.08913822549644285,0.011380885979641597,0.09798005352332914
BRD-K42620042,8,29,0.0876940295449588,0.018866473987906023,0.15438493583463647
BRD-K42629487,8,129,0.0421226001610562,0.005294308957431411,0.0731996602677379
BRD-K42644990,13,140,0.1362039707828597,0.021745566081999124,0.0702651378691189
BRD-K42654448,4,21,0.07703554107521444,0.007099192470253537,0.18142380585737705
BRD-K42677417,6,294,0.09389994892422349,0.004586476327626469,0.04848755166592116
BRD-K42678365,2,49,0.15783143147622208,0.005724689980592212,0.11876976045834328
BRD-K42681396,9,131,0.04452014274022127,0.019392446302723576,0.07263873506478
BRD-K42687792,13,149,0.049734232864893584,0.006390564586459552,0.06810998527191248
BRD-K42694358,8,82,0.039836986444093246,0.009179960506755245,0.0918114812927117
BRD-K42702351,8,57,0.06379514447919495,0.00943170960276124,0.11012007353755805
BRD-K42704273,4,21,0.11096595934388269,0.006137315018899413,0.18142380585737705
BRD-K42731451,2,30,0.08293575343722163,0.009341135673400803,0.15179004622254605
BRD-K42733037,4,21,0.10087398111277499,0.015358526950313015,0.18142380585737705
BRD-K42743267,8,47,0.04806470580779041,0.007270530136815413,0.12127045069624252
BRD-K42823101,3,48,0.13782491107191758,0.018616797550050156,0.12000056805137077
BRD-K42841443,9,141,0.037646148551284425,0.005888365208243141,0.07001552735422285
BRD-K42841961,6,28,0.0714541901982217,0.005989881215101386,0.15711762472374455
BRD-K42867405,8,204,0.039031239277291886,0.004872833827627039,0.05820882555410844
BRD-K42951169,2,25,0.1358915107278668,0.010815986992668388,0.1662776646416806
BRD-K42986817,6,30,0.13508713454972657,0.029257115085847683,0.15179004622254605
BRD-K43009525,8,133,0.02731564757566254,0.00656521199549021,0.07209051035999475
BRD-K43014159,3,48,0.10098877336494483,0.016981975205966632,0.12000056805137077
BRD-K43031910,6,24,0.08537822406039247,0.011347344917578692,0.16970643083072406
BRD-K43069600,13,768,0.022255509298783113,0.0026018401273939958,0.030000142012842693
BRD-K43131268,9,141,0.02936223740059757,0.00464502848210854,0.07001552735422285
BRD-K43149678,8,131,0.039181059815661626,0.005221743891557852,0.07263873506478
BRD-K43194109,3,60,0.22248254867151374,0.011166136651959039,0.1073317710005818
BRD-K43209476,3,20,0.2049729489133123,0.02004191659671303,0.1859040806393555
BRD-K43226598,9,156,0.07401440849814424,0.005125482905603263,0.06656433864523432
BRD-K43253317,8,84,0.039524641154420934,0.010177915304411212,0.09071190292868853
BRD-K43256821,13,169,0.030031433858952013,0.006401819311479167,0.06395294793910793
BRD-K43267173,9,131,0.03794386541897355,0.004986339866857142,0.07263873506478
BRD-K43286821,2,25,0.13965733468506722,0.01656093624466009,0.1662776646416806
BRD-K43349989,3,20,0.09680617675976001,0.011362241245483923,0.1859040806393555
BRD-K43357772,8,48,0.06333380952949105,0.012030795614518084,0.12000056805137077
BRD-K43421680,6,30,0.057890106324809364,0.013827661609725171,0.15179004622254605
BRD-K43453714,6,28,0.07236872441466567,0.013428119185778898,0.15711762472374455
BRD-K43460092,4,21,0.10181356839879419,0.024273675493733975,0.18142380585737705
BRD-K43498025,2,57,0.11254494792266335,0.008574630456002388,0.11012007353755805
BRD-K43519318,4,21,0.11781631830315188,0.013060492482146057,0.18142380585737705
BRD-K43540029,7,69,0.08022447706475337,0.016020688635292338,0.1000873925349908
BRD-K43568193,8,57,0.045984152620034885,0.00822025503185149,0.11012007353755805
BRD-K43570134,6,30,0.09548831373683492,0.005038474417443706,0.15179004622254605
BRD-K43580610,3,20,0.14592758551414767,0.009057561247483664,0.1859040806393555
BRD-K43581698,13,169,0.03014996891176344,0.005362010060487611,0.06395294793910793
BRD-K43621195,3,20,0.12425935749191934,0.008883416265928958,0.1859040806393555
BRD-K43631199,3,48,0.14125273521252169,0.012077585840187486,0.12000056805137077
BRD-K43649826,6,30,0.08195168560048702,0.007480789522752073,0.15179004622254605
BRD-K43680293,2,25,0.15183999419194258,0.009611588887055425,0.1662776646416806
BRD-K43683841,4,39,0.04910732766846514,0.021831263065213616,0.13312867729046865
BRD-K43703651,6,28,0.06952381212201368,0.007529301508831636,0.15711762472374455
BRD-K43776433,8,43,0.08133666738047485,0.016172930279412856,0.1267855306805029
BRD-K43782840,6,77,0.11597663138212885,0.007012359045349905,0.09474549257464139
BRD-K43782924,9,141,0.05900320313602502,0.005486581127395898,0.07001552735422285
BRD-K43806450,9,162,0.029948477270568534,0.004030111503664607,0.06532003568221943
BRD-K43807558,3,37,0.12116007899753665,0.015581805040464265,0.13667939839296053
BRD-K43814749,2,49,0.15466903245966981,0.005746933674668743,0.11876976045834328
BRD-K43830653,3,20,0.15587509562743024,0.010863570713093735,0.1859040806393555
BRD-K43838150,6,93,0.08960700900393896,0.010790911862849488,0.086210953073004
BRD-K43842808,8,57,0.04766126477544738,0.0065734824331107975,0.11012007353755805
BRD-K43880650,8,72,0.03276548044036284,0.007659527362471255,0.09798005352332914
BRD-K43913647,9,141,0.0464743802074415,0.00640729359321359,0.07001552735422285
BRD-K44036769,6,28,0.07198357440912127,0.011734994152741323,0.15711762472374455
BRD-K44070326,2,60,0.09553805294103647,0.010343999107063257,0.1073317710005818
BRD-K44079161,2,25,0.17852316186664383,0.013603481164891754,0.1662776646416806
BRD-K44161636,2,30,0.15036951032415272,0.010640186234019487,0.15179004622254605
BRD-K44235509,4,21,0.11303711759294001,0.007960449636668894,0.18142380585737705
BRD-K44242139,7,59,0.10352728775472883,0.007906011769669348,0.10823754040067521
BRD-K44261129,8,56,0.040425121412056245,0.007264429741014548,0.11109893788608294
BRD-K44289311,4,74,0.09576208526182604,0.0068023506780997625,0.0966469294521601
BRD-K44366801,8,124,0.15100250890429565,0.014134029460675246,0.07466087544568958
BRD-K44366812,7,44,0.044477051479649546,0.008888600463256563,0.12533650559840895
BRD-K44401329,2,30,0.13490801687654141,0.011910488662895713,0.15179004622254605
BRD-K44410738,8,53,0.08388077777519291,0.012068332522277004,0.11419996893626119
BRD-K44417704,8,133,0.06591819286533597,0.005793893877369543,0.07209051035999475
BRD-K44420259,6,30,0.04782889905805131,0.015211953369514922,0.15179004622254605
BRD-K44421914,6,84,0.08762452677151032,0.010696767649236901,0.09071190292868853
BRD-K44465671,6,26,0.07848782599681642,0.00938509075487329,0.1630486647466474
BRD-K44484254,9,131,0.043362773001594516,0.004742262637456865,0.07263873506478
BRD-K44494044,13,158,0.05075679248018841,0.008914991431275386,0.06614170365070911
BRD-K44510578,9,162,0.0383435751555393,0.004696081444277392,0.06532003568221943
BRD-K44540157,13,166,0.03177769974948158,0.005983272564154913,0.06452824841243086
BRD-K44559054,2,25,0.19122531379073318,0.014616466318929598,0.1662776646416806
BRD-K44562105,2,30,0.16805626457354753,0.021299311591920875,0.15179004622254605
BRD-K44575778,9,131,0.03234231162692612,0.005688562791250029,0.07263873506478
BRD-K44575839,6,28,0.0832950003042106,0.007863366423614548,0.15711762472374455
BRD-K44586044,8,52,0.05437363468830259,0.007906802152364582,0.11529281650576634
BRD-K44635753,8,47,0.06904935093030727,0.007084551665636594,0.12127045069624252
BRD-K44652183,9,141,0.04186750483480413,0.006233518523889199,0.07001552735422285
BRD-K44660322,2,25,0.13481005572981428,0.011730406118379331,0.1662776646416806
BRD-K44696931,9,160,0.02858063182448823,0.0055634761707622216,0.06572701803516952
BRD-K44699604,6,28,0.06913908700065523,0.0070259230547972075,0.15711762472374455
BRD-K44732214,7,64,0.09485380969151713,0.014129038957648634,0.10392354040105038
BRD-K44756290,6,30,0.06360147134294751,0.011956842168604959,0.15179004622254605
BRD-K44781077,9,162,0.024270712745247496,0.005589470813148878,0.06532003568221943
BRD-K44787412,8,53,0.03178717584755706,0.006920889489587496,0.11419996893626119
BRD-K44812652,13,159,0.03481970584331557,0.01484281474144714,0.0659333828067973
BRD-K44816676,6,28,0.06390557828453453,0.011967229183293819,0.15711762472374455
BRD-K44828732,6,78,0.06371907093647128,0.005334503037306432,0.09413619048248592
BRD-K44878494,8,196,0.0249832142597842,0.004543374158473108,0.05938488022917164
BRD-K44890999,13,178,0.03371007232265796,0.005257123190632373,0.062315189410583144
BRD-K44893543,13,178,0.01679867274983337,0.005725626632152257,0.062315189410583144
BRD-K44916273,3,240,0.22094144692768286,0.0035690068543531993,0.0536658855002909
BRD-K44925462,6,28,0.04375864061080589,0.01668922843157832,0.15711762472374455
BRD-K44931544,8,120,0.04986555413171512,0.006206864400305176,0.07589502311127302
BRD-K44968548,2,21,0.2275134873746021,0.016810246488892438,0.18142380585737705
BRD-K44978960,9,582,0.02152892876832368,0.003056684974970189,0.03446215474849789
BRD-K44993940,4,21,0.09429084356596015,0.013612165540547588,0.18142380585737705
BRD-K45031696,8,196,0.03689982507977077,0.004084135933624994,0.05938488022917164
BRD-K45033698,3,20,0.23831672747986304,0.009722047254272987,0.1859040806393555
BRD-K45044657,13,165,0.06894922914903043,0.007098753522700338,0.06472349318059607
BRD-K45114207,14,167,0.05358045200864403,0.007874635855254919,0.06433475997562621
BRD-K45114520,4,51,0.13603515775816066,0.03655088474450798,0.11641765110821688
BRD-K45151011,3,20,0.15815929821801256,0.010547810697804949,0.1859040806393555
BRD-K45156967,2,30,0.11762245447334528,0.009125698502012522,0.15179004622254605
BRD-K45205755,9,121,0.05782973749453739,0.00924347814833762,0.07558075665530938
BRD-K45216862,8,133,0.036569402123213295,0.005212829894373175,0.07209051035999475
BRD-K45222065,6,28,0.09545087422617213,0.024225684453783827,0.15711762472374455
BRD-K45230579,8,49,0.05584063524983754,0.006154826379961188,0.11876976045834328
BRD-K45232279,9,162,0.03601351310789827,0.00557667719221129,0.06532003568221943
BRD-K45256078,9,132,0.034695918368819384,0.00680336027336349,0.07236306524652845
BRD-K45278408,8,133,0.04440425094304019,0.007810689261134964,0.07209051035999475
BRD-K45295352,3,20,0.08569845056262627,0.011627513763525322,0.1859040806393555
BRD-K45307260,2,51,0.1491208083545424,0.006258461555889768,0.11641765110821688
BRD-K45308677,8,204,0.03361384436218115,0.003608469117522335,0.05820882555410844
BRD-K45319854,3,20,0.11479385801944303,0.005135218037084008,0.1859040806393555
BRD-K45322187,6,80,0.08297115138376841,0.013451235638725767,0.09295204031967776
BRD-K45336346,4,21,0.09043292382838194,0.009004313031228615,0.18142380585737705
BRD-K45340761,4,21,0.09790322715435365,0.007875872307824992,0.18142380585737705
BRD-K45355657,8,204,0.045099219628887424,0.006046411396323117,0.05820882555410844
BRD-K45375659,6,30,0.07611094257376175,0.011613313862835614,0.15179004622254605
BRD-K45383235,2,30,0.120674790416293,0.009693825029649866,0.15179004622254605
BRD-K45386827,2,25,0.1261492854986488,0.013023569097602774,0.1662776646416806
BRD-K45409613,4,21,0.1077958990685737,0.014050283242213404,0.18142380585737705
BRD-K45437867,9,66,0.04992960644813939,0.00850416970276506,0.10233682828652971
BRD-K45443730,8,196,0.037864872953627456,0.009774900777116577,0.05938488022917164
BRD-K45466167,8,25,0.11193641273600013,0.022228382363651288,0.1662776646416806
BRD-K45505681,8,133,0.0425675239990837,0.0042601063222008064,0.07209051035999475
BRD-K45534781,2,213,0.18257738727896478,0.007127980547473691,0.056965789254484055
BRD-K45542213,8,138,0.04518815432507359,0.009770949794158136,0.07077247397277182
BRD-K45582470,9,162,0.050834515349299926,0.020240994246422804,0.06532003568221943
BRD-K45627302,7,64,0.1331378186190815,0.020365564678941343,0.10392354040105038
BRD-K45675241,8,186,0.027289429744194012,0.0037699520303036663,0.06096034953047636
BRD-K45690206,6,26,0.1011430025878877,0.02188352775061694,0.1630486647466474
BRD-K45695271,6,28,0.07079649263991122,0.007227448138782609,0.15711762472374455
BRD-K45735142,9,195,0.03627033638311351,0.005573299290232917,0.05953695443522408
BRD-K45763312,9,136,0.03952458507584882,0.006155656155057704,0.07129096056712197
BRD-K45842176,13,175,0.05723115153410569,0.006053329354891136,0.06284704988949782
BRD-K45845523,3,48,0.1405919440788223,0.013295710046306728,0.12000056805137077
BRD-K45845536,2,30,0.12568829996108724,0.01235709167968034,0.15179004622254605
BRD-K45850755,4,21,0.13738689061451206,0.011005688477317572,0.18142380585737705
BRD-K45853100,6,200,0.08422095183568759,0.012267790295255451,0.05878803211399748
BRD-K45883686,4,21,0.10797832904899958,0.010355392504501607,0.18142380585737705
BRD-K45895591,9,150,0.045975174402094955,0.004727708434200436,0.06788257233228963
BRD-K45929778,4,21,0.1333552442082107,0.035643904699115735,0.18142380585737705
BRD-K45932120,3,20,0.14178845667871753,0.009939546438774484,0.1859040806393555
BRD-K46017542,8,124,0.025139895806729377,0.005792059144169453,0.07466087544568958
BRD-K46047563,8,180,0.04506966572838172,0.00497098247700492,0.06196802687978517
BRD-K46088987,6,200,0.11697453040769773,0.009708686394319778,0.05878803211399748
BRD-K46123637,4,190,0.04137824931781224,0.005099295095628353,0.06031524831064826
BRD-K46170844,8,191,0.05324975725781852,0.005109429641825261,0.06015714778102485
BRD-K46171503,13,141,0.05416510976300248,0.009807583851118077,0.07001552735422285
BRD-K46232974,8,34,0.14419909925293825,0.038579063197979685,0.14258192113424395
BRD-K46255814,9,160,0.043384571230906104,0.01335950279317313,0.06572701803516952
BRD-K46267071,3,20,0.2326349412551381,0.014757700661783807,0.1859040806393555
BRD-K46268437,2,49,0.10977258615186078,0.006039243619547823,0.11876976045834328
BRD-K46285453,8,204,0.019679826888940717,0.004618019456693687,0.05820882555410844
BRD-K46295497,8,69,0.023531486398046513,0.009073222538876156,0.1000873925349908
BRD-K46343228,4,21,0.12288798825297807,0.009303086652278695,0.18142380585737705
BRD-K46352899,6,26,0.07532373153399434,0.013122937136443327,0.1630486647466474
BRD-K46373671,9,162,0.088448449036265,0.006651635864605138,0.06532003568221943
BRD-K46381939,3,218,0.14606377287603692,0.003314686216598012,0.05630872241521197
BRD-K46445327,9,162,0.0464916582134241,0.0076744449253291856,0.06532003568221943
BRD-K46448313,6,26,0.15109641505064977,0.027856693713609392,0.1630486647466474
BRD-K46499837,8,147,0.05983316475979657,0.007013460378040012,0.06857175317221187
BRD-K46505016,9,162,0.02838491637610245,0.0037875658085163868,0.06532003568221943
BRD-K46532897,9,160,0.03378075193026248,0.004449580652442417,0.06572701803516952
BRD-K46532981,2,193,0.09964024784414362,0.004867335006270145,0.059844641003395496
BRD-K46555627,9,162,0.050424571499529974,0.010023634181759195,0.06532003568221943
BRD-K46555875,8,133,0.01904735837536375,0.005346096099788312,0.07209051035999475
BRD-K46558254,13,167,0.04750512685006894,0.01055563771993676,0.06433475997562621
BRD-K46574442,3,20,0.2515950549769283,0.014377034046082319,0.1859040806393555
BRD-K46594703,9,153,0.03481976291787385,0.0043919070961831825,0.06721376220575295
BRD-K46597784,4,21,0.11393371623336303,0.008022140275205496,0.18142380585737705
BRD-K46610687,6,28,0.09396255404712245,0.020690730718120973,0.15711762472374455
BRD-K46625537,2,30,0.12333364515658547,0.014740842495021451,0.15179004622254605
BRD-K46629170,6,26,0.08293389979920669,0.011170610960336967,0.1630486647466474
BRD-K46645809,9,141,0.030800447614315857,0.003967889019979428,0.07001552735422285
BRD-K46674611,2,30,0.12143001517658683,0.00976547726258835,0.15179004622254605
BRD-K46681113,9,131,0.07398038277487823,0.013004711048708453,0.07263873506478
BRD-K46692335,9,153,0.03384196354228989,0.007754662805274326,0.06721376220575295
BRD-K46707636,8,47,0.04305695205745232,0.006367893458312526,0.12127045069624252
BRD-K46766834,3,20,0.1463520421852357,0.011493582084959183,0.1859040806393555
BRD-K46791751,2,6638,0.04515854709184962,0.0008056855297742282,0.010204348835484992
BRD-K46836114,9,66,0.047696041741577065,0.009854783566409352,0.10233682828652971
BRD-K46869836,9,118,0.044365292147627376,0.009017634649233282,0.07653549879627033
BRD-K46961308,13,145,0.0264236998699148,0.006789764042514832,0.06904304224563809
BRD-K47071092,8,64,0.05245518206948178,0.006988353335241405,0.10392354040105038
BRD-K47077178,2,30,0.11679651236724986,0.011025867240731008,0.15179004622254605
BRD-K47081163,6,28,0.08268333029925931,0.009491103900428786,0.15711762472374455
BRD-K47084999,4,1012,0.02766865376783858,0.0027578100773902104,0.026134468024813513
BRD-K47105324,6,26,0.15276481073980488,0.02669292290290811,0.1630486647466474
BRD-K47121420,4,63,0.06418840389533885,0.007894938850811536,0.10474508314916303
BRD-K47147974,9,116,0.0397754777029381,0.006329535346701353,0.07719246791731824
BRD-K47163377,6,25,0.09585748129137688,0.011179608668685413,0.1662776646416806
BRD-K47170156,2,25,0.17165459465738336,0.00954390669806507,0.1662776646416806
BRD-K47228813,6,30,0.06589213473948452,0.009009294158238422,0.15179004622254605
BRD-K47261397,6,26,0.12798848702034493,0.016348991589867114,0.1630486647466474
BRD-K47324077,8,131,0.024942426126638884,0.006335426569858479,0.07263873506478
BRD-K47342144,4,74,0.08958115145469488,0.006824100779710112,0.0966469294521601
BRD-K47396627,6,248,0.14183180413342955,0.0027043391246803416,0.0527932113169713
BRD-K47407883,3,59,0.14303225804657896,0.008897165959998222,0.10823754040067521
BRD-K47419679,2,30,0.19644093325389614,0.018530193828434963,0.15179004622254605
BRD-K47436535,2,25,0.1780557788214127,0.009990324930509949,0.1662776646416806
BRD-K47448802,9,141,0.018787306780256648,0.005064410326693145,0.07001552735422285
BRD-K47490989,9,131,0.02657541245622939,0.005189899060791372,0.07263873506478
BRD-K47512679,7,64,0.042857603853556143,0.01163752511072378,0.10392354040105038
BRD-K47533800,2,30,0.1323444743119163,0.009736221591221119,0.15179004622254605
BRD-K47533918,8,194,0.0643054814584963,0.006403072776007379,0.05969020296269939
BRD-K47535255,3,45,0.14142979159441388,0.010929638286423394,0.12393605375957034
BRD-K47551852,8,196,0.046059119694900466,0.00410941793398797,0.05938488022917164
BRD-K47558670,2,25,0.1542579483561939,0.012238286127783072,0.1662776646416806
BRD-K47574438,6,30,0.05936731955660005,0.007468669656945506,0.15179004622254605
BRD-K47586560,6,104,0.06500812412644975,0.005724853130297907,0.0815243323733237
BRD-K47636932,6,27,0.09915755858511018,0.015215565939896302,0.16000075740182768
BRD-K47690943,9,158,0.02817852034621968,0.005814923989136907,0.06614170365070911
BRD-K47692589,2,57,0.12337804924614093,0.010065296546554758,0.11012007353755805
BRD-K47695085,8,133,0.04472615210166009,0.008154586569281247,0.07209051035999475
BRD-K47703442,13,174,0.035353174545027295,0.0066792195512763945,0.06302738612786353
BRD-K47709646,13,163,0.04006690319898651,0.007241699984958142,0.06511935921509471
BRD-K47724214,2,30,0.13312415117683452,0.015967395473537684,0.15179004622254605
BRD-K47731572,13,154,0.04244410696915772,0.007992235606660118,0.06699518028638862
BRD-K47752932,6,30,0.06738684462790745,0.00992615924443833,0.15179004622254605
BRD-K47764688,13,169,0.057408947603167754,0.009848005479803527,0.06395294793910793
BRD-K47771675,7,69,0.04797336821425373,0.00723437966757789,0.1000873925349908
BRD-K47786739,9,303,0.04438477702913626,0.009524483474560244,0.04776201122297543
BRD-K47802551,9,162,0.04172695677306386,0.006696864897180442,0.06532003568221943
BRD-K47804338,3,48,0.07300405073748453,0.007935597245130292,0.12000056805137077
BRD-K47808476,9,149,0.030302668902704624,0.0051046187460564415,0.06810998527191248
BRD-K47825575,13,178,0.030797784615366246,0.0072749128961536015,0.062315189410583144
BRD-K47906330,2,30,0.1323460662882833,0.009107142567018809,0.15179004622254605
BRD-K47917680,9,131,0.04221041487200647,0.004328970939559703,0.07263873506478
BRD-K47977047,6,240,0.07130831845154721,0.004560275126169582,0.0536658855002909
BRD-K47992037,2,25,0.17626772871936944,0.009851439344245736,0.1662776646416806
BRD-K48016779,13,158,0.02664191157349709,0.004198059337963637,0.06614170365070911
BRD-K48030215,3,20,0.15158421369733863,0.007155348316397844,0.1859040806393555
BRD-K48031880,2,25,0.14400702030376897,0.01131563177454233,0.1662776646416806
BRD-K48035058,6,30,0.09599315811685982,0.027936255588075602,0.15179004622254605
BRD-K48036219,9,152,0.034929002536178776,0.007153935773042641,0.06743449765119443
BRD-K48105325,2,30,0.14806119678945984,0.014773615413535633,0.15179004622254605
BRD-K48199208,8,198,0.03913639790517135,0.004404833426828067,0.059084195359240435
BRD-K48199580,2,30,0.16110941262713846,0.008298064646070512,0.15179004622254605
BRD-K48204702,13,161,0.06420103874874286,0.020595437423213746,0.06552257891462192
BRD-K48222931,8,39,0.09076161903431941,0.028621314554913353,0.13312867729046865
BRD-K48296029,8,47,0.09192182422504054,0.01655746168430698,0.12127045069624252
BRD-K48306168,6,28,0.07092580204184433,0.016000401822485414,0.15711762472374455
BRD-K48311056,8,172,0.036355172779876405,0.004971094830813363,0.06339276534025146
BRD-K48332509,2,30,0.18495002647345613,0.009826202363125036,0.15179004622254605
BRD-K48360530,6,30,0.062040311072665354,0.014592883693141765,0.15179004622254605
BRD-K48388979,9,156,0.0436262069599358,0.005474397156925871,0.06656433864523432
BRD-K48454318,2,25,0.14805287929086938,0.011872998990745134,0.1662776646416806
BRD-K48457318,5,44,0.07893836283560945,0.007579834180077289,0.12533650559840895
BRD-K48465004,6,26,0.1356300661765082,0.009538832401725759,0.1630486647466474
BRD-K48475203,2,57,0.14803067800921607,0.008033132180203332,0.11012007353755805
BRD-K48492265,3,20,0.09893483031323334,0.009309786915044796,0.1859040806393555
BRD-K48505466,2,25,0.13655587868268587,0.01360312404555241,0.1662776646416806
BRD-K48508383,2,25,0.16157295014961245,0.015407596650484074,0.1662776646416806
BRD-K48527688,8,34,0.050681457841462545,0.011692074029634774,0.14258192113424395
BRD-K48576794,14,644,0.045573832548084205,0.004528998988160708,0.03276128945731096
BRD-K48593692,3,20,0.13406194777924935,0.0075923115678617455,0.1859040806393555
BRD-K48598367,8,56,0.07701776803279874,0.007869682426911564,0.11109893788608294
BRD-K48619543,2,21,0.2521805748980981,0.020715101690815956,0.18142380585737705
BRD-K48624606,6,30,0.06742358950681476,0.0073622859920466615,0.15179004622254605
BRD-K48654774,8,133,0.07565970364800605,0.007569985545996839,0.07209051035999475
BRD-K48673964,8,66,0.033866843631428944,0.0100122219769599,0.10233682828652971
BRD-K48716658,13,151,0.04638799365808071,0.007181211781397566,0.06765742221841048
BRD-K48719132,4,21,0.13277015497340625,0.01313494957999478,0.18142380585737705
BRD-K48723823,2,30,0.15587228428841488,0.018157148936902498,0.15179004622254605
BRD-K48724570,8,47,0.04267578903382217,0.01267079552235084,0.12127045069624252
BRD-K48774739,4,66,0.08676251813421704,0.009693015091380689,0.10233682828652971
BRD-K48803730,9,148,0.07200085423201281,0.005794225450147832,0.06833969919648027
BRD-K48823327,13,178,0.03725702917692314,0.005896045102384673,0.062315189410583144
BRD-K48835133,2,30,0.17338864034296333,0.007286506376895975,0.15179004622254605
BRD-K48844671,8,133,0.04462556424791947,0.006691311811101879,0.07209051035999475
BRD-K48864121,3,20,0.18987030580867373,0.010090448020696113,0.1859040806393555
BRD-K48924007,13,175,0.03487033563173764,0.005944555411202776,0.06284704988949782
BRD-K48950795,13,161,0.1050017666940867,0.007682600199018396,0.06552257891462192
BRD-K48969316,9,139,0.035234269663283385,0.005047732880653656,0.07051743720105612
BRD-K48974000,8,204,0.03165673420933462,0.0035222678185277607,0.05820882555410844
BRD-K49010888,11,2919,0.05559595251027745,0.0031444924884527522,0.015388166370863548
BRD-K49061529,13,134,0.06472587635348881,0.012620119501425142,0.07182101218167701
BRD-K49070267,6,30,0.06882238308645071,0.016155262501910263,0.15179004622254605
BRD-K49094915,9,131,0.07304156820765935,0.011707196516864953,0.07263873506478
BRD-K49098390,2,30,0.11447873804548883,0.021244373011233133,0.15179004622254605
BRD-K49111930,8,154,0.059694944884903955,0.007888850403338962,0.06699518028638862
BRD-K49283955,6,28,0.08447467516350216,0.008523955292945175,0.15711762472374455
BRD-K49333142,4,74,0.10014100702539368,0.006789729067115158,0.0966469294521601
BRD-K49403449,14,647,0.020162663215723155,0.004160681090629154,0.03268524767711723
BRD-K49417484,8,45,0.08370965884907022,0.013954383575133268,0.12393605375957034
BRD-K49441594,5,87,0.09446247998604629,0.00628667828596927,0.08913418426295049
BRD-K49477212,9,131,0.04480319649339699,0.004592147379458101,0.07263873506478
BRD-K49477330,7,69,0.10241889725842954,0.013900767302536787,0.1000873925349908
BRD-K49480198,4,21,0.07418910705741642,0.007578346937417625,0.18142380585737705
BRD-K49553303,9,158,0.03384140349799615,0.009661054330211714,0.06614170365070911
BRD-K49562544,8,196,0.03202747266813074,0.004124484278133896,0.05938488022917164
BRD-K49612115,3,37,0.1254471721329122,0.011190277190139312,0.13667939839296053
BRD-K49630153,8,193,0.09027479960671418,0.007878883769224337,0.059844641003395496
BRD-K49669601,8,155,0.04707991327323214,0.006453645520405927,0.06677871710248273
BRD-K49685495,4,21,0.09532915752062084,0.008204905724117785,0.18142380585737705
BRD-K49687221,8,59,0.039494600315581364,0.008695263992481673,0.10823754040067521
BRD-K49712247,8,133,0.06604519685255346,0.007132752606799685,0.07209051035999475
BRD-K49749421,8,194,0.04191127837519805,0.018031006949937024,0.05969020296269939
BRD-K49751344,6,76,0.055900223763611465,0.005517079993078951,0.09536678115013579
BRD-K49791723,8,133,0.04981486256820353,0.006506072803771527,0.07209051035999475
BRD-K49797414,2,25,0.16281253086847208,0.011847156260321604,0.1662776646416806
BRD-K49807497,13,178,0.022764657321556157,0.004991051681978869,0.062315189410583144
BRD-K49814456,8,199,0.047457495740581716,0.008521278780832468,0.058935555638583256
BRD-K49861754,13,165,0.04282697854765596,0.005511700132952027,0.06472349318059607
BRD-K49870009,4,73,0.07489510782563506,0.0070603191564793276,0.09730664311377887
BRD-K49889622,3,48,0.12193598504189274,0.006318480258599575,0.12000056805137077
BRD-K49923618,6,26,0.10339781748049248,0.013535675425211668,0.1630486647466474
BRD-K49934959,2,25,0.19036261341962052,0.02643986436529158,0.1662776646416806
BRD-K49967178,8,204,0.04753586825082877,0.006087409427707974,0.05820882555410844
BRD-K49988555,2,25,0.16799164187853158,0.010885838097023953,0.1662776646416806
BRD-K49998237,6,27,0.0848154207322698,0.011673746569464315,0.16000075740182768
BRD-K50012739,2,25,0.1571406577715071,0.0174769754129456,0.1662776646416806
BRD-K50014464,3,20,0.12150938197391614,0.010031303950520392,0.1859040806393555
BRD-K50058777,6,23,0.08193048614404744,0.007207405830008983,0.17335644906769404
BRD-K50079182,2,20,0.11489287129423344,0.01779421225934557,0.1859040806393555
BRD-K50131741,8,53,0.051069673795090725,0.007848656120456854,0.11419996893626119
BRD-K50160200,2,193,0.10698442876143098,0.0031022283379821955,0.059844641003395496
BRD-K50177987,9,153,0.0685001129296762,0.015954461785954558,0.06721376220575295
BRD-K50186544,6,30,0.09314830830910377,0.010415962625549826,0.15179004622254605
BRD-K50194167,4,21,0.1262670786993913,0.012653936595196282,0.18142380585737705
BRD-K50204028,9,574,0.06554963636288963,0.0028099411826270717,0.0347014781429963
BRD-K50218580,8,131,0.03646911954640084,0.00838981247487088,0.07263873506478
BRD-K50277523,8,89,0.0493162184119024,0.007585644933113218,0.08812698600629496
BRD-K50280607,9,275,0.03570786669381027,0.007362990296582059,0.050134602239363585
BRD-K50314382,3,20,0.16799873062787066,0.014087245723235454,0.1859040806393555
BRD-K50358328,4,21,0.10932864810624747,0.011867710062165448,0.18142380585737705
BRD-K50360938,13,169,0.025563855573453993,0.005025548360237317,0.06395294793910793
BRD-K50366616,6,30,0.08246597749821895,0.014980961689610023,0.15179004622254605
BRD-K50368246,13,174,0.029572332383135558,0.004905119753468501,0.06302738612786353
BRD-K50388960,7,64,0.04385411331899302,0.007551640126445578,0.10392354040105038
BRD-K50521229,9,162,0.020251948722375707,0.005646180079295168,0.06532003568221943
BRD-K50532160,9,141,0.04411369530512099,0.009971527663558567,0.07001552735422285
BRD-K50576452,4,21,0.14102483269920585,0.009274354690148989,0.18142380585737705
BRD-K50634134,9,156,0.0391373788779517,0.005395216000521497,0.06656433864523432
BRD-K50659736,13,172,0.028677098223952136,0.0051112682460138946,0.06339276534025146
BRD-K50716931,6,30,0.10171989368761193,0.014088961246506004,0.15179004622254605
BRD-K50739913,3,20,0.12380494096774651,0.006468803139163431,0.1859040806393555
BRD-K50746423,8,108,0.04624450912791533,0.008048229225968132,0.08000037870091384
BRD-K50748030,7,45,0.07387735612447782,0.01673003709361456,0.12393605375957034
BRD-K50776152,51,5631,0.018837144523162007,0.001279912616251073,0.011079270273511448
BRD-K50791983,3,20,0.11040828613668047,0.011654439518457788,0.1859040806393555
BRD-K50799972,4,21,0.08768789061395238,0.013616086041094592,0.18142380585737705
BRD-K50846154,6,23,0.07044375559519919,0.018485595698022533,0.17335644906769404
BRD-K50868745,8,84,0.04513304383796517,0.007484750605950263,0.09071190292868853
BRD-K50907285,9,116,0.0418957873720141,0.005349246476843444,0.07719246791731824
BRD-K50916779,2,25,0.14512831564449055,0.01402539835785995,0.1662776646416806
BRD-K50985433,8,131,0.03590278293296729,0.005875108646472055,0.07263873506478
BRD-K50986888,3,20,0.18232182439897507,0.01194259330159176,0.1859040806393555
BRD-K51031805,2,65,0.115937291529555,0.019733773153509923,0.10312103000972132
BRD-K51034923,8,34,0.12057277734631856,0.024529984732380335,0.14258192113424395
BRD-K51041684,4,241,0.11962074269986099,0.0036797355010023372,0.053554429750696846
BRD-K51047687,2,30,0.15698661266804428,0.007920935041031951,0.15179004622254605
BRD-K51083659,9,158,0.047587139896871695,0.014924508851794483,0.06614170365070911
BRD-K51088127,4,21,0.13913699968903365,0.01000020869198736,0.18142380585737705
BRD-K51126483,9,131,0.038476361251712395,0.007079025236974873,0.07263873506478
BRD-K51140856,9,138,0.045596316134751284,0.0049775877301968625,0.07077247397277182
BRD-K51155404,9,141,0.06398611357082507,0.005102916075772907,0.07001552735422285
BRD-K51164721,8,66,0.04901414377126944,0.006965517067624771,0.10233682828652971
BRD-K51166678,4,74,0.09497626443023907,0.00756361203318966,0.0966469294521601
BRD-K51189903,9,140,0.05466680727421264,0.0065065046945186385,0.0702651378691189
BRD-K51256476,6,30,0.07654752574229426,0.010515575524076386,0.15179004622254605
BRD-K51257364,6,28,0.07854610671812487,0.010745905876213385,0.15711762472374455
BRD-K51267267,8,147,0.040918916681614695,0.0081162736896588,0.06857175317221187
BRD-K51320264,9,648,0.019968951292678425,0.002602588834152878,0.032660017841109716
BRD-K51329831,7,64,0.06112568180436812,0.009235368132151143,0.10392354040105038
BRD-K51361049,4,21,0.11137558440444004,0.01252901939373963,0.18142380585737705
BRD-K51377689,9,131,0.07889044380235138,0.006732574809832332,0.07263873506478
BRD-K51388814,6,84,0.05329023619891626,0.007576852183319604,0.09071190292868853
BRD-K51454562,9,153,0.05560283702794823,0.0064062095478689745,0.06721376220575295
BRD-K51457407,6,30,0.07002463624135032,0.004496917999037786,0.15179004622254605
BRD-K51490254,5,7725,0.04805032990462761,0.0008301279182544702,0.009459205847788983
BRD-K51511759,2,25,0.15046454176649116,0.007789868266855685,0.1662776646416806
BRD-K51530321,5,23,0.11717098910937204,0.017288808029453862,0.17335644906769404
BRD-K51556300,11,2996,0.04719344773978396,0.0024227057720588555,0.015189134089262698
BRD-K51557114,8,155,0.03076468692229378,0.005191766755339208,0.06677871710248273
BRD-K51595563,8,61,0.072321959975999,0.01752722315775028,0.106448366916246
BRD-K51608872,13,754,0.03334878380165905,0.00772655090817709,0.03027737693944544
BRD-K51626376,2,25,0.10240929047897994,0.01295965540261763,0.1662776646416806
BRD-K51633576,8,66,0.048277763114726945,0.00990498878894837,0.10233682828652971
BRD-K51643619,2,30,0.16165741384963092,0.013259961149406724,0.15179004622254605
BRD-K51644197,3,180,0.1123693529023222,0.013380032797699124,0.06196802687978517
BRD-K51674646,3,180,0.1633612967738798,0.015119971098909897,0.06196802687978517
BRD-K51683034,13,157,0.06847749235389428,0.008040545036527296,0.06635201166521548
BRD-K51696048,13,156,0.04034809520786396,0.007535365740083393,0.06656433864523432
BRD-K51731619,13,169,0.03474106680923387,0.006048791207403807,0.06395294793910793
BRD-K51745483,8,204,0.04349423753067321,0.0048921900523843445,0.05820882555410844
BRD-K51759637,6,28,0.0960586881067646,0.009549561985584277,0.15711762472374455
BRD-K51762600,3,82,0.1047782130077574,0.005549136760660705,0.0918114812927117
BRD-K51774655,9,129,0.04787860885819105,0.005444340580585138,0.0731996602677379
BRD-K51791390,13,174,0.05363927047818889,0.006184077097702584,0.06302738612786353
BRD-K51800846,3,20,0.10471954349197385,0.010574203641650853,0.1859040806393555
BRD-K51810646,8,44,0.10969173237946897,0.04085319697712683,0.12533650559840895
BRD-K51846078,2,30,0.13188383545823523,0.007608239885721902,0.15179004622254605
BRD-K51849212,3,88,0.10197636328988892,0.007189117251190932,0.08862629303886066
BRD-K51895259,3,20,0.21231185933924196,0.012043091772200759,0.1859040806393555
BRD-K51896917,9,141,0.027062444936545058,0.005339001848073127,0.07001552735422285
BRD-K51911655,4,73,0.06182105795770138,0.005309755295429911,0.09730664311377887
BRD-K51916742,2,57,0.10504204322443418,0.007028285019046419,0.11012007353755805
BRD-K51934037,2,25,0.15967048429328096,0.011077127230254674,0.1662776646416806
BRD-K51954117,2,30,0.1513006236280542,0.006223711413587967,0.15179004622254605
BRD-K51973945,8,194,0.03597637143805274,0.0071772067870507624,0.05969020296269939
BRD-K51993206,3,60,0.12263117135035712,0.005980262292387368,0.1073317710005818
BRD-K51998148,14,152,0.05068507509655058,0.00807025228913697,0.06743449765119443
BRD-K52006320,7,29,0.0752166583986716,0.014317984286699387,0.15438493583463647
BRD-K52047117,2,30,0.12232752436493798,0.011949134845462497,0.15179004622254605
BRD-K52047316,3,44,0.05845871648782014,0.0053446767411379735,0.12533650559840895
BRD-K52099002,13,169,0.02879509039557163,0.00827694433026844,0.06395294793910793
BRD-K52111234,8,147,0.027605091651989242,0.010313339758950761,0.06857175317221187
BRD-K52160314,8,864,0.026865048692399578,0.002200951514977209,0.02828440513845401
BRD-K52163391,8,133,0.08016646432922438,0.0065453838680431566,0.07209051035999475
BRD-K52207968,6,28,0.05974020473010432,0.011788487900696639,0.15711762472374455
BRD-K52221985,3,20,0.15148186591512783,0.015332339561197004,0.1859040806393555
BRD-K52225919,8,59,0.058350492341693996,0.009187924135099954,0.10823754040067521
BRD-K52321331,9,131,0.15156403726469342,0.011128772841139436,0.07263873506478
BRD-K52341396,9,131,0.018090133456574974,0.008362756002495187,0.07263873506478
BRD-K52403701,3,20,0.17161607841535595,0.00731305152657631,0.1859040806393555
BRD-K52435112,2,25,0.19176565151733407,0.01649815787266523,0.1662776646416806
BRD-K52446745,9,120,0.05677310724755071,0.007330916108820436,0.07589502311127302
BRD-K52453128,3,42,0.07780150023019988,0.010585621949872196,0.12828600339042298
BRD-K52497027,2,57,0.15844203565518258,0.009064048246363076,0.11012007353755805
BRD-K52524742,9,131,0.0343279159426742,0.009725490007412898,0.07263873506478
BRD-K52542879,2,30,0.1667202640853913,0.01558179920646904,0.15179004622254605
BRD-K52640952,13,156,0.04505145170550206,0.006238359505864105,0.06656433864523432
BRD-K52651393,3,20,0.08399181396417926,0.012790428280986166,0.1859040806393555
BRD-K52662613,6,30,0.07507892942734576,0.013734451031436876,0.15179004622254605
BRD-K52675185,6,104,0.08022579406649552,0.00770466163907491,0.0815243323733237
BRD-K52678950,13,162,0.04058715663192794,0.010643550804140733,0.06532003568221943
BRD-K52682771,3,20,0.1352333054484286,0.011979709370201447,0.1859040806393555
BRD-K52695588,8,133,0.05982437638368182,0.007423652491035216,0.07209051035999475
BRD-K52785744,6,200,0.12903757613367337,0.014819287471539476,0.05878803211399748
BRD-K52801121,9,144,0.025181499875805962,0.0050409516393908815,0.06928236026736692
BRD-K52831896,13,178,0.046496839785550755,0.006176533102355019,0.062315189410583144
BRD-K52856667,6,76,0.07926549590329574,0.010411777643614763,0.09536678115013579
BRD-K52904470,51,4836,0.029626566825096675,0.0010196236704180677,0.011955308146589835
BRD-K52908798,2,30,0.15567571876283273,0.008957819102304572,0.15179004622254605
BRD-K52914903,13,169,0.04179590822289013,0.012007208580912615,0.06395294793910793
BRD-K52955163,2,25,0.1604709559431046,0.009300901140694203,0.1662776646416806
BRD-K52971552,4,21,0.11326313333138874,0.007633923424491736,0.18142380585737705
BRD-K53011428,8,734,0.02215824805524795,0.0026342809131178592,0.030687102971505148
BRD-K53022123,6,28,0.07214005468671876,0.0096720023353565,0.15711762472374455
BRD-K53032901,8,133,0.03761824049566205,0.008572861047249868,0.07209051035999475
BRD-K53142391,8,204,0.027093069706147725,0.004452389786206318,0.05820882555410844
BRD-K53187535,6,28,0.10627723011476992,0.024350504505793,0.15711762472374455
BRD-K53214709,13,169,0.02693273916248056,0.00428819091311838,0.06395294793910793
BRD-K53249762,3,42,0.08902990115380942,0.014745881296718832,0.12828600339042298
BRD-K53293903,2,25,0.1822192332421397,0.013281377718043282,0.1662776646416806
BRD-K53315742,6,26,0.15084597351930126,0.023737793016821288,0.1630486647466474
BRD-K53321531,2,30,0.13248854479610508,0.011230145832877222,0.15179004622254605
BRD-K53325797,4,1166,0.029561207573649165,0.0035499077415490077,0.024347515184999342
BRD-K53327986,13,156,0.0397796254912329,0.007009995912045546,0.06656433864523432
BRD-K53331454,13,157,0.03631301615781216,0.004665402283153774,0.06635201166521548
BRD-K53335770,9,141,0.039597871420158796,0.004979464514395859,0.07001552735422285
BRD-K53407305,8,69,0.0712454233902956,0.013602709703302152,0.1000873925349908
BRD-K53423944,9,141,0.20054316408933717,0.01626279726189003,0.07001552735422285
BRD-K53445087,9,137,0.0338987467762653,0.003622717367374889,0.07103029804693967
BRD-K53461563,9,131,0.09063208483161396,0.005843308185118523,0.07263873506478
BRD-K53472085,13,170,0.04011614644832653,0.0044199314549544,0.06376457360373668
BRD-K53475565,8,156,0.040463522823199434,0.004965801162622166,0.06656433864523432
BRD-K53501402,9,159,0.05385205152515896,0.013683272277556393,0.0659333828067973
BRD-K53566850,8,196,0.03807090127314786,0.007155952722924963,0.05938488022917164
BRD-K53582057,2,51,0.1410410211695387,0.011188680322864004,0.11641765110821688
BRD-K53592093,13,166,0.05324287719159424,0.012322221115316369,0.06452824841243086
BRD-K53610452,9,162,0.07047565702384241,0.006685467494298229,0.06532003568221943
BRD-K53638321,9,162,0.04160823278467588,0.005589861797556387,0.06532003568221943
BRD-K53642448,2,25,0.18475473290216382,0.009824549662114103,0.1662776646416806
BRD-K53653395,8,204,0.04229633912898641,0.006850205373218568,0.05820882555410844
BRD-K53669914,2,57,0.09169933464346335,0.01487883184998261,0.11012007353755805
BRD-K53674232,4,21,0.12354632821579803,0.007980036889601166,0.18142380585737705
BRD-K53739837,2,57,0.12134568354113379,0.006029430845650936,0.11012007353755805
BRD-K53780220,8,56,0.1481369298088115,0.010699757011266246,0.11109893788608294
BRD-K53790075,6,28,0.07315999157786722,0.024993407387963164,0.15711762472374455
BRD-K53808186,8,57,0.037930363160520765,0.00864842836764449,0.11012007353755805
BRD-K53816294,13,161,0.03859213914943176,0.00657852118658868,0.06552257891462192
BRD-K53833301,8,204,0.03541522270811452,0.006142625141695101,0.05820882555410844
BRD-K53867540,3,20,0.1291478622414998,0.01122098955299358,0.1859040806393555
BRD-K53923090,2,180,0.1865690617561198,0.005026510302152061,0.06196802687978517
BRD-K53923665,9,153,0.02378078148754577,0.0055200442937937706,0.06721376220575295
BRD-K53932786,9,118,0.14324885372459814,0.009146654944011541,0.07653549879627033
BRD-K53949821,6,64,0.13091846510077496,0.0064703013305115855,0.10392354040105038
BRD-K53986871,2,25,0.14340312394390486,0.018686090794851243,0.1662776646416806
BRD-K53987746,8,199,0.040430328437902875,0.004688059269961876,0.058935555638583256
BRD-K54010839,6,28,0.06308964849963855,0.008330947037377169,0.15711762472374455
BRD-K54018158,8,204,0.03740800654631772,0.003661371166706304,0.05820882555410844
BRD-K54046891,3,20,0.11137725520257885,0.008027611222716844,0.1859040806393555
BRD-K54051742,8,64,0.04745035345761512,0.00783453083961538,0.10392354040105038
BRD-K54070802,8,133,0.0372808502955245,0.0056254696611904255,0.07209051035999475
BRD-K54127914,4,230,0.09486276043101881,0.004353097808514965,0.054820122613288634
BRD-K54159704,13,152,0.03059529681883438,0.004823576556142412,0.06743449765119443
BRD-K54168141,9,141,0.055402195252804834,0.0054539728889844855,0.07001552735422285
BRD-K54179080,6,30,0.04842480428197652,0.007217558459552768,0.15179004622254605
BRD-K54247306,8,47,0.0923223012067353,0.019984490651551515,0.12127045069624252
BRD-K54263226,6,28,0.10171519460519046,0.007686664609594239,0.15711762472374455
BRD-K54285697,9,162,0.04021814819132526,0.006217515603907614,0.06532003568221943
BRD-K54294645,8,156,0.041562502617864185,0.004438306177495362,0.06656433864523432
BRD-K54302962,2,30,0.14993852297751184,0.019202990935475017,0.15179004622254605
BRD-K54331210,13,158,0.048723390819993134,0.008231425409640884,0.06614170365070911
BRD-K54335715,7,64,0.04517141337511415,0.010034639508580506,0.10392354040105038
BRD-K54343811,8,8457,0.0241571373539207,0.001279662306599348,0.009040568793820177
BRD-K54375254,3,20,0.19204358414508624,0.01038219358640417,0.1859040806393555
BRD-K54405293,13,148,0.031699853137529085,0.004128026025808831,0.06833969919648027
BRD-K54410116,4,21,0.08735574901704284,0.005416946068136186,0.18142380585737705
BRD-K54432046,4,21,0.10233635180792439,0.008214328603018205,0.18142380585737705
BRD-K54470384,8,124,0.03017690912397139,0.005451006799333635,0.07466087544568958
BRD-K54472228,3,48,0.10547605649885307,0.008081194788118178,0.12000056805137077
BRD-K54546524,6,28,0.05968392795431756,0.010426621951089185,0.15711762472374455
BRD-K54573313,13,169,0.011332875355403775,0.006521744816290657,0.06395294793910793
BRD-K54577741,2,30,0.1794651632358191,0.008458313363598587,0.15179004622254605
BRD-K54636101,8,64,0.09162092937199452,0.018694954124688908,0.10392354040105038
BRD-K54652275,8,53,0.06531837312339403,0.01103154069592387,0.11419996893626119
BRD-K54657957,9,131,0.037748913236558455,0.008663491111917884,0.07263873506478
BRD-K54674054,9,160,0.03854851696349323,0.005572768182739574,0.06572701803516952
BRD-K54674709,8,204,0.02699853110919149,0.00405689384173646,0.05820882555410844
BRD-K54687541,8,133,0.15514519006285185,0.013419398406500051,0.07209051035999475
BRD-K54730162,6,28,0.13285451517952765,0.016863934946311044,0.15711762472374455
BRD-K54805796,5,82,0.058874999554241976,0.00583872942863606,0.0918114812927117
BRD-K54822214,13,178,0.04572536088397124,0.00573843486117368,0.062315189410583144
BRD-K54839171,4,21,0.1560314263505558,0.009914865841764216,0.18142380585737705
BRD-K54906270,13,269,0.052122133665831405,0.01179909643467426,0.05069064071049454
BRD-K54925167,8,66,0.04197295692044609,0.010025220519141205,0.10233682828652971
BRD-K55010869,6,28,0.08703198270808118,0.016047911354529223,0.15711762472374455
BRD-K55034844,9,131,0.048622789280577346,0.010871847676813142,0.07263873506478
BRD-K55038865,4,21,0.1354604857666342,0.007737290918039614,0.18142380585737705
BRD-K55055802,7,104,0.08236589917983109,0.02175491842867614,0.0815243323733237
BRD-K55071917,13,169,0.04419009202567914,0.008174453476398115,0.06395294793910793
BRD-K55073475,6,28,0.12026815598130362,0.021687892076102937,0.15711762472374455
BRD-K55077180,8,66,0.05910814554959157,0.008791424178377286,0.10233682828652971
BRD-K55082668,8,194,0.09195076648347207,0.004950196171839437,0.05969020296269939
BRD-K55100062,4,21,0.0691847587398105,0.009846511601398513,0.18142380585737705
BRD-K55116708,9,153,0.10655858774483462,0.009051632862062333,0.06721376220575295
BRD-K55127335,9,131,0.05384393969795568,0.005332457735637425,0.07263873506478
BRD-K55137639,2,25,0.14165813311360054,0.011669500994350289,0.1662776646416806
BRD-K55149044,11,233,0.03988375109937744,0.005657182738516791,0.05446605999011398
BRD-K55155550,7,33,0.056909235174432804,0.01843311672626707,0.1447261304930569
BRD-K55179756,8,147,0.051568613809434026,0.009023135849226979,0.06857175317221187
BRD-K55185663,6,26,0.1476497286515126,0.04194689719451412,0.1630486647466474
BRD-K55186349,8,133,0.03271793002884925,0.005061461967581779,0.07209051035999475
BRD-K55194575,8,59,0.03340462732977586,0.008675314577722531,0.10823754040067521
BRD-K55210983,6,28,0.1907392980922106,0.028454473831549098,0.15711762472374455
BRD-K55216615,9,131,0.046869229157467975,0.005512946260151665,0.07263873506478
BRD-K55260239,7,60,0.05783490419523241,0.009737498793653114,0.1073317710005818
BRD-K55290744,2,57,0.1072261058864285,0.005614407555255542,0.11012007353755805
BRD-K55332332,3,48,0.07607970299426611,0.021602958123612487,0.12000056805137077
BRD-K55341184,2,57,0.13835192362695659,0.0055551008302545625,0.11012007353755805
BRD-K55385841,2,20,0.1504026584861693,0.018156897710107676,0.1859040806393555
BRD-K55426263,6,80,0.05458673843360589,0.006912830946744794,0.09295204031967776
BRD-K55487965,8,133,0.07811335934968802,0.005915533616470182,0.07209051035999475
BRD-K55502647,8,204,0.027323638023199735,0.004970322196872754,0.05820882555410844
BRD-K55533488,8,864,0.028657610874172085,0.0024101165992829153,0.02828440513845401
BRD-K55536701,13,168,0.042078394223987965,0.005344587242854199,0.06414300169521149
BRD-K55557659,9,131,0.027989684600634713,0.003995287929468776,0.07263873506478
BRD-K55561254,6,25,0.10307584078474527,0.02525819830900325,0.1662776646416806
BRD-K55596430,6,30,0.08918090108907197,0.020061075708483304,0.15179004622254605
BRD-K55612480,13,169,0.09338295794261169,0.01590922394310551,0.06395294793910793
BRD-K55630727,14,657,0.01846513223643724,0.00425921708446727,0.032435547704592955
BRD-K55699053,6,28,0.10411635146020017,0.012685487426762754,0.15711762472374455
BRD-K55715339,13,169,0.03325658915397837,0.006265535537856035,0.06395294793910793
BRD-K55722623,9,120,0.11468528183515259,0.007931540584612448,0.07589502311127302
BRD-K55749829,4,80,0.10477732574133315,0.007765349332650976,0.09295204031967776
BRD-K55816391,4,74,0.08279305332360995,0.00940722234983297,0.0966469294521601
BRD-K55827386,9,162,0.06941616105364894,0.015844552770179997,0.06532003568221943
BRD-K55844427,9,131,0.08231832457402205,0.006662661254499386,0.07263873506478
BRD-K55851396,8,193,0.11273540288998635,0.005030589411847321,0.059844641003395496
BRD-K55854370,3,20,0.1561638220792815,0.00962585470525459,0.1859040806393555
BRD-K55875111,6,30,0.06827923484175973,0.011150661543862192,0.15179004622254605
BRD-K55878534,7,64,0.05004103605518614,0.008311331408820205,0.10392354040105038
BRD-K55896440,4,241,0.10705722140080674,0.004281182935056458,0.053554429750696846
BRD-K55896799,10,23297,0.010417132183717032,0.0009528357145130636,0.005446956672746286
BRD-K55966666,9,138,0.05431767791184159,0.004790346260616271,0.07077247397277182
BRD-K55972177,9,131,0.031174786977333106,0.009448319693680308,0.07263873506478
BRD-K55996963,13,167,0.034295102825120306,0.005462904135046989,0.06433475997562621
BRD-K55996983,4,230,0.12821157930242413,0.005289823354824616,0.054820122613288634
BRD-K56024573,9,139,0.05914438782827944,0.005293659421201169,0.07051743720105612
BRD-K56116682,2,25,0.16867174659638948,0.00816278042342259,0.1662776646416806
BRD-K56130969,8,53,0.062030816286839506,0.011548443029401827,0.11419996893626119
BRD-K56196992,13,146,0.14195783822398184,0.013503844967755021,0.0688061872002523
BRD-K56206243,6,28,0.0949337803180134,0.01523091168864465,0.15711762472374455
BRD-K56208365,8,82,0.023260331371691416,0.006134411777499464,0.0918114812927117
BRD-K56219428,2,25,0.13639675516842667,0.015562167785364152,0.1662776646416806
BRD-K56243496,2,30,0.1476549235559746,0.020310690341429637,0.15179004622254605
BRD-K56269643,2,25,0.1721689085593322,0.01275850960058904,0.1662776646416806
BRD-K56307118,9,131,0.04391905663308159,0.008268906574045201,0.07263873506478
BRD-K56392985,13,169,0.015269559724430656,0.006275631122146036,0.06395294793910793
BRD-K56411643,34,1645,0.10917183045220484,0.003071724054147534,0.02049844747575483
BRD-K56446541,8,204,0.03610405621259129,0.007440432528763202,0.05820882555410844
BRD-K56450018,7,63,0.050267059114811996,0.004794846018780698,0.10474508314916303
BRD-K56473018,6,58,0.06889254764281276,0.0050259802245352534,0.10916663504172149
BRD-K56477805,51,1129,0.021258776693616782,0.0021332765509625914,0.024743261762108837
BRD-K56478238,9,138,0.023908001147358894,0.005571933493258136,0.07077247397277182
BRD-K56489029,8,124,0.049900751369333834,0.008201104823062159,0.07466087544568958
BRD-K56518176,13,174,0.03523011853489126,0.010052366836063663,0.06302738612786353
BRD-K56555032,8,147,0.05627153049094492,0.005147814283987301,0.06857175317221187
BRD-K56583519,5,82,0.07417383711318257,0.013312174867724784,0.0918114812927117
BRD-K56584267,2,25,0.19945250432938838,0.01167197853317522,0.1662776646416806
BRD-K56593336,9,131,0.12749132747981287,0.009282793928894232,0.07263873506478
BRD-K56596360,13,170,0.027044474045312645,0.004849449528480755,0.06376457360373668
BRD-K56621049,2,30,0.1257273334099817,0.01708305147700608,0.15179004622254605
BRD-K56621596,3,48,0.062361374045110725,0.007510148519535288,0.12000056805137077
BRD-K56622826,3,48,0.12428822053288245,0.012898007249493547,0.12000056805137077
BRD-K56646986,6,26,0.07229357414033509,0.010095020567967657,0.1630486647466474
BRD-K56647759,2,51,0.21431217103865327,0.012295475240679775,0.11641765110821688
BRD-K56658166,8,196,0.035026254232613956,0.004746559474271206,0.05938488022917164
BRD-K56664261,2,30,0.12626015629446294,0.013745643035192328,0.15179004622254605
BRD-K56697208,8,185,0.036745414772450406,0.004958241824085788,0.06112488518608705
BRD-K56764633,6,30,0.06736608511340854,0.007038196567670867,0.15179004622254605
BRD-K56847293,2,25,0.1447547788458383,0.01016454197101502,0.1662776646416806
BRD-K56855930,9,139,0.048161329101011625,0.012689721817692538,0.07051743720105612
BRD-K56899980,6,28,0.09338898637748155,0.011889193102080711,0.15711762472374455
BRD-K56904155,6,23,0.11903166163186353,0.03812471929419485,0.17335644906769404
BRD-K56977905,9,139,0.03385802027647311,0.005387932024223982,0.07051743720105612
BRD-K56983253,9,132,0.04018279817857941,0.006062993189710878,0.07236306524652845
BRD-K56994829,3,48,0.09214992990159634,0.01164460943151685,0.12000056805137077
BRD-K57016430,8,204,0.034239222486114614,0.004781284701563128,0.05820882555410844
BRD-K57019930,13,156,0.037637935657549144,0.006706459074679588,0.06656433864523432
BRD-K57037351,9,134,0.06250575107467804,0.00584680565773785,0.07182101218167701
BRD-K57044355,8,133,0.03391715233279729,0.006758446969643151,0.07209051035999475
BRD-K57064803,11,1275,0.041262909535106224,0.002940766196420977,0.023283530221643374
BRD-K57073585,8,82,0.03280828124642611,0.010964115662602279,0.0918114812927117
BRD-K57104759,8,147,0.048680490155683716,0.007318165238218252,0.06857175317221187
BRD-K57127959,2,25,0.19109170053233185,0.020941871973369604,0.1662776646416806
BRD-K57166447,8,47,0.05421724982460855,0.009309882995879945,0.12127045069624252
BRD-K57180092,2,25,0.19478807601917542,0.014108978430693218,0.1662776646416806
BRD-K57204377,6,28,0.07598929904079217,0.01258724513627458,0.15711762472374455
BRD-K57206606,4,21,0.12616199721701238,0.007840073827374354,0.18142380585737705
BRD-K57238941,8,133,0.0816254189930304,0.00496417676328953,0.07209051035999475
BRD-K57293132,9,158,0.028088456011295643,0.006072137170977107,0.06614170365070911
BRD-K57309821,9,162,0.08439942558392113,0.009183698578376032,0.06532003568221943
BRD-K57328348,2,25,0.1519725460624697,0.01695504198189806,0.1662776646416806
BRD-K57353465,8,133,0.03762488265071555,0.009340061343481898,0.07209051035999475
BRD-K57420195,7,64,0.0455000941049168,0.007572547376915151,0.10392354040105038
BRD-K57443339,9,145,0.0317846659159365,0.004562173474737988,0.06904304224563809
BRD-K57457519,9,138,0.05876159544501077,0.006690008228195823,0.07077247397277182
BRD-K57480017,8,198,0.05003248881840775,0.006125967654261934,0.059084195359240435
BRD-K57562268,9,120,0.03207775128871619,0.006099475704304514,0.07589502311127302
BRD-K57592392,8,133,0.05244163230098828,0.012455897634431763,0.07209051035999475
BRD-K57611352,3,20,0.1667524409221,0.011140451039776515,0.1859040806393555
BRD-K57638192,8,43,0.08392420854880711,0.015474960878199759,0.1267855306805029
BRD-K57678861,9,160,0.043969748481628795,0.005523857778735552,0.06572701803516952
BRD-K57698173,2,57,0.12789478402453988,0.006535896899530936,0.11012007353755805
BRD-K57732441,9,159,0.03896224350386927,0.005894335142753104,0.0659333828067973
BRD-K57786095,9,143,0.0353989267884726,0.007116028008465366,0.06952418424962198
BRD-K57836103,9,152,0.04135296339032252,0.0067859472597372565,0.06743449765119443
BRD-K57930080,8,194,0.04539807220261902,0.005264183764031754,0.05969020296269939
BRD-K57954781,7,102,0.08534681326781213,0.012013084714068964,0.08231971054842975
BRD-K57962577,8,60,0.0435823594745616,0.010126985932125727,0.1073317710005818
BRD-K57975631,9,129,0.03733121116131748,0.006474908686588198,0.0731996602677379
BRD-K58033375,6,28,0.0724665306356868,0.009443802814805101,0.15711762472374455
BRD-K58033748,8,133,0.0521283596845223,0.006469117944320273,0.07209051035999475
BRD-K58070753,13,168,0.030362104484288707,0.006005540027731039,0.06414300169521149
BRD-K58141791,13,169,0.03412312646782604,0.003779713429384591,0.06395294793910793
BRD-K58191509,9,160,0.06073972082127058,0.004944962312627406,0.06572701803516952
BRD-K58214070,8,117,0.15085011791113506,0.009181228825659058,0.07686187767051089
BRD-K58223721,9,66,0.03378456718740488,0.011786177059810846,0.10233682828652971
BRD-K58247702,8,133,0.07590270887570512,0.007907294536871069,0.07209051035999475
BRD-K58279162,13,175,0.04689553574580177,0.00883099027805508,0.06284704988949782
BRD-K58288048,9,162,0.11219197918817932,0.011778780421120063,0.06532003568221943
BRD-K58300809,6,28,0.09379730665176718,0.01683622788792808,0.15711762472374455
BRD-K58307544,3,20,0.10333415330089628,0.009004882377997922,0.1859040806393555
BRD-K58318000,8,199,0.043732464956749664,0.005399862570081971,0.058935555638583256
BRD-K58347372,13,164,0.07913225563492349,0.008752478410191047,0.06492052101285829
BRD-K58381953,6,25,0.08067540318031965,0.008067885638263777,0.1662776646416806
BRD-K58415436,6,104,0.0725309501164949,0.00889834287257307,0.0815243323733237
BRD-K58475709,6,30,0.06100321275010187,0.005635423879242708,0.15179004622254605
BRD-K58479490,9,608,0.0606145535331254,0.0031020917096093903,0.033717248825597214
BRD-K58519325,9,138,0.031639413158495285,0.004691648989640752,0.07077247397277182
BRD-K58547240,13,139,0.06413732641990252,0.007989812576453254,0.07051743720105612
BRD-K58547375,10,22945,0.0055807139733815864,0.0009801440615012826,0.00548857862017799
BRD-K58560613,6,24,0.04478266030706119,0.013774141015602143,0.16970643083072406
BRD-K58611676,2,30,0.14234771048995873,0.011413126445346602,0.15179004622254605
BRD-K58618158,9,131,0.053235723230881986,0.006057453346525876,0.07263873506478
BRD-K58628167,13,158,0.02796462101549725,0.005869909642393013,0.06614170365070911
BRD-K58660339,3,20,0.12494997169027443,0.011664078635413433,0.1859040806393555
BRD-K58674774,9,129,0.06228773377281677,0.007796580400047307,0.0731996602677379
BRD-K58679021,8,204,0.06012114475271128,0.010130111462301281,0.05820882555410844
BRD-K58698715,13,754,0.022639411834613078,0.0027603774799885663,0.03027737693944544
BRD-K58761147,3,20,0.23849854331856582,0.013449028301202417,0.1859040806393555
BRD-K58784778,13,224,0.029049886259401064,0.004569548168698692,0.05554946894304147
BRD-K58808184,8,66,0.06338307261680376,0.007760938422632647,0.10233682828652971
BRD-K58846134,8,122,0.046071885145823194,0.0040554369901773454,0.07527036209271129
BRD-K58853583,8,133,0.09215394547271873,0.00734911386126445,0.07209051035999475
BRD-K58856256,6,28,0.1146470990982335,0.025369690650301892,0.15711762472374455
BRD-K58900438,13,160,0.04693109817991085,0.005989582356545052,0.06572701803516952
BRD-K58912123,2,30,0.1591090259133248,0.0143022413416913,0.15179004622254605
BRD-K58935841,9,131,0.050426951714765446,0.012051917260505378,0.07263873506478
BRD-K58969952,2,182,0.14528928772401214,0.0038441868295543166,0.06162660264582474
BRD-K58972465,13,171,0.05346871377760228,0.0059667000461832214,0.06357785410009052
BRD-K58982513,9,131,0.04772692313781686,0.00549584322797833,0.07263873506478
BRD-K58999044,4,21,0.07887963868517404,0.01437386136242228,0.18142380585737705
BRD-K58999277,8,130,0.049411203932054414,0.004180270820698185,0.07291757960281542
BRD-K59015387,4,21,0.12822693639330598,0.03041267505551655,0.18142380585737705
BRD-K59019422,51,2583,0.016002454695176044,0.0017616311178339466,0.01635843367473963
BRD-K59024967,8,204,0.02925258147161146,0.0034839554349020176,0.05820882555410844
BRD-K59036917,51,991,0.03750810176758969,0.00907217318372859,0.02640992046672631
BRD-K59139557,9,127,0.030160464119680166,0.007359528347012221,0.07377378404515243
BRD-K59201357,2,25,0.1453541654487876,0.008589613600057486,0.1662776646416806
BRD-K59222562,8,133,0.045085896161872474,0.005571606579725983,0.07209051035999475
BRD-K59253994,7,64,0.06422630574414595,0.01466578658616492,0.10392354040105038
BRD-K59340545,6,30,0.11807464553265987,0.025469673603569387,0.15179004622254605
BRD-K59341874,7,64,0.04748624849994012,0.00944861983605413,0.10392354040105038
BRD-K59446585,6,28,0.0948524351538645,0.015390589929107874,0.15711762472374455
BRD-K59460069,13,158,0.07697540511865565,0.008767135919495909,0.06614170365070911
BRD-K59470558,51,937,0.01723378260640567,0.0030696478393643116,0.027160272638242236
BRD-K59472190,8,32,0.1769826480486137,0.019805449192646582,0.14697008028499373
BRD-K59488055,13,170,0.04808434654583475,0.0070806784190458345,0.06376457360373668
BRD-K59556282,13,167,0.05515168459900799,0.006753029008767088,0.06433475997562621
BRD-K59562667,2,25,0.15612394371932356,0.013280987619073958,0.1662776646416806
BRD-K59563627,9,594,0.04598876077354052,0.002920187259056204,0.0341122760955099
BRD-K59605310,3,20,0.1318330277732736,0.009521024904478434,0.1859040806393555
BRD-K59633395,9,66,0.048902436672142204,0.011361783389142826,0.10233682828652971
BRD-K59705555,9,121,0.053565232075348836,0.006839493493515795,0.07558075665530938
BRD-K59733592,2,57,0.1173985888317985,0.00884583359033059,0.11012007353755805
BRD-K59754458,9,131,0.06436341347862934,0.004995066183871053,0.07263873506478
BRD-K59761766,8,199,0.028880507734662834,0.003718080315998448,0.058935555638583256
BRD-K59794046,9,139,0.04684230486198667,0.01010715993532588,0.07051743720105612
BRD-K59805090,8,48,0.08785148168886647,0.013212095583943735,0.12000056805137077
BRD-K59840856,9,141,0.03721472020881827,0.005642217843223408,0.07001552735422285
BRD-K59887251,2,25,0.2108303855681217,0.012890391772559557,0.1662776646416806
BRD-K59915259,3,42,0.1136464401223874,0.010997621613087715,0.12828600339042298
BRD-K59939374,14,163,0.028585279410802137,0.006401854760481361,0.06511935921509471
BRD-K59946561,15,225,0.05020949064314641,0.015335060725698336,0.055425888213893534
BRD-K59980915,13,161,0.033056055170087195,0.0041945998317658795,0.06552257891462192
BRD-K60067222,9,162,0.09384334844182447,0.008378640964868074,0.06532003568221943
BRD-K60070073,9,162,0.09005705935194397,0.012951984578776011,0.06532003568221943
BRD-K60073229,4,21,0.14375474704889202,0.011112608896311785,0.18142380585737705
BRD-K60093216,9,162,0.037595828526214396,0.00544760422116127,0.06532003568221943
BRD-K60132930,3,20,0.1245064013337752,0.007917502959683576,0.1859040806393555
BRD-K60151881,3,20,0.11279199745069178,0.010067201743581916,0.1859040806393555
BRD-K60202068,8,204,0.040134783491450166,0.0035149440847211735,0.05820882555410844
BRD-K60212338,8,77,0.04797321224096531,0.007744065577068753,0.09474549257464139
BRD-K60218284,2,57,0.15296529889987923,0.005523107771353171,0.11012007353755805
BRD-K60218670,9,131,0.03910085551174432,0.006477609748293637,0.07263873506478
BRD-K60228169,9,132,0.033989807511440116,0.006294039044746562,0.07236306524652845
BRD-K60242118,4,21,0.09098645276088271,0.010958411433907198,0.18142380585737705
BRD-K60260474,2,57,0.11462588928492379,0.007187363229600167,0.11012007353755805
BRD-K60297835,9,162,0.06410933285184223,0.006138464350900929,0.06532003568221943
BRD-K60298771,6,184,0.06634214941207926,0.007455816229625978,0.0612907603490934
BRD-K60341033,4,230,0.09306723997026226,0.006419042939761959,0.054820122613288634
BRD-K60362139,6,30,0.09742019379168614,0.023223423981822186,0.15179004622254605
BRD-K60379529,13,162,0.06399015711086165,0.009745167643710428,0.06532003568221943
BRD-K60391168,8,59,0.07702402440181916,0.014761321417991085,0.10823754040067521
BRD-K60393413,2,49,0.09880161470693091,0.009612646600568549,0.11876976045834328
BRD-K60477597,4,21,0.09675339610414539,0.010537937356788882,0.18142380585737705
BRD-K60487596,5,70,0.08856919822074663,0.009529057980055376,0.09936991093652328
BRD-K60539617,3,20,0.12805966932970186,0.012949323592194379,0.1859040806393555
BRD-K60558875,4,21,0.09364381618325007,0.0070412767550004545,0.18142380585737705
BRD-K60571253,8,204,0.04181592803497059,0.007788942606733614,0.05820882555410844
BRD-K60631585,2,57,0.13708515335517082,0.005751794829848527,0.11012007353755805
BRD-K60636255,8,84,0.044392855225480754,0.006434229388623363,0.09071190292868853
BRD-K60637442,8,94,0.030997286633789315,0.006404217584408277,0.08575115804486196
BRD-K60685007,13,158,0.0358956368991544,0.006282900442844449,0.06614170365070911
BRD-K60703528,3,20,0.12151534934632187,0.010640324001053185,0.1859040806393555
BRD-K60729220,9,124,0.04685640887521834,0.007415461139611883,0.07466087544568958
BRD-K60751982,2,20,0.17537610998755498,0.007451391680217735,0.1859040806393555
BRD-K60756411,6,26,0.08680873752250522,0.010353425867732262,0.1630486647466474
BRD-K60757524,9,160,0.045404328904420393,0.014337292324827222,0.06572701803516952
BRD-K60783789,2,25,0.19951926214773508,0.018826727878461746,0.1662776646416806
BRD-K60784115,3,20,0.12855700450185287,0.009297073739804354,0.1859040806393555
BRD-K60796852,7,51,0.05937296162334825,0.011755432921032432,0.11641765110821688
BRD-K60833663,2,57,0.14180527460962,0.005642105041094915,0.11012007353755805
BRD-K60836534,8,64,0.05371159998518021,0.011339490177723545,0.10392354040105038
BRD-K60870698,8,166,0.20260541856684292,0.012486940877071046,0.06452824841243086
BRD-K60879194,4,20,0.13160286909911492,0.012654059512724124,0.1859040806393555
BRD-K60895275,8,147,0.11484697012431962,0.011047994504933135,0.06857175317221187
BRD-K60932973,14,420,0.039173761966853904,0.0063177945018346345,0.04056759626338196
BRD-K60965159,9,141,0.03939822243083509,0.006294225936252128,0.07001552735422285
BRD-K60993486,3,20,0.1216517298730046,0.008620464098785318,0.1859040806393555
BRD-K60994920,6,30,0.04786731419288386,0.011488048257364146,0.15179004622254605
BRD-K60996261,8,147,0.03125194114185283,0.005626920334561297,0.06857175317221187
BRD-K61001510,8,73,0.0693375962725537,0.013623910287064613,0.09730664311377887
BRD-K61050052,2,30,0.1118250828420442,0.010278609388236016,0.15179004622254605
BRD-K61051532,4,21,0.10976103815736202,0.014901179925054417,0.18142380585737705
BRD-K61053657,52,952,0.019676163612646957,0.0022818074853271715,0.026945450341073856
BRD-K61082257,3,20,0.11814123748112196,0.007850281966285597,0.1859040806393555
BRD-K61102114,2,30,0.20834704093170167,0.008300010567837073,0.15179004622254605
BRD-K61102260,7,69,0.06267304597622855,0.0070094409179675835,0.1000873925349908
BRD-K61105081,9,153,0.08486637769840201,0.007427987794612068,0.06721376220575295
BRD-K61106942,9,141,0.022324273592642795,0.004527124358646195,0.07001552735422285
BRD-K61175124,13,166,0.04295009960679679,0.004154849884814081,0.06452824841243086
BRD-K61192129,14,171,0.03073246187012737,0.0053319033756440305,0.06357785410009052
BRD-K61237522,8,193,0.03287526774867405,0.006348223220498694,0.059844641003395496
BRD-K61260019,3,48,0.08574228746352253,0.009692752657441276,0.12000056805137077
BRD-K61260096,6,30,0.06813405498830818,0.010390532095146562,0.15179004622254605
BRD-K61284851,6,30,0.07276338917566447,0.012160277826399012,0.15179004622254605
BRD-K61359235,13,134,0.03935649130609973,0.008518829784013913,0.07182101218167701
BRD-K61373678,2,30,0.13928273053173437,0.00889207727320927,0.15179004622254605
BRD-K61413806,8,147,0.05460971087108895,0.004605463897461106,0.06857175317221187
BRD-K61431779,4,61,0.11351691429275797,0.007397535636598079,0.106448366916246
BRD-K61442593,3,95,0.10735207049339299,0.00807221625297397,0.08529864217881968
BRD-K61463582,15,244,0.04878647857883425,0.006121751603479229,0.053224183458123
BRD-K61529775,13,175,0.031497901548546946,0.00557457607752298,0.06284704988949782
BRD-K61612515,2,30,0.12353536852216744,0.013502068276311409,0.15179004622254605
BRD-K61627029,13,737,0.02530795225875711,0.00483889608942681,0.030624582493037122
BRD-K61679744,8,198,0.03555842947317656,0.004680151557570916,0.059084195359240435
BRD-K61717269,13,178,0.14530838632663556,0.011155929406587571,0.062315189410583144
BRD-K61718261,8,124,0.09662405366752068,0.0065703599636515,0.07466087544568958
BRD-K61753121,7,64,0.050881634102753405,0.016426994888768705,0.10392354040105038
BRD-K61776140,13,176,0.0774754926450614,0.0064237190494873895,0.06266825279920447
BRD-K61776649,6,80,0.07897218825892606,0.004988444689143606,0.09295204031967776
BRD-K61788733,6,30,0.05454090531522591,0.007580634443313938,0.15179004622254605
BRD-K61894884,11,30305,0.015810093333037605,0.0003349882109310652,0.004775807095062429
BRD-K61921568,9,131,0.031907303701679525,0.005307542301807622,0.07263873506478
BRD-K61952473,6,28,0.1062826226893911,0.021922730177204534,0.15711762472374455
BRD-K62019457,6,250,0.052272253603559,0.005122311743828101,0.052581614428135616
BRD-K62019540,9,162,0.04763866081624592,0.008803981645478623,0.06532003568221943
BRD-K62056344,8,193,0.10727047265792962,0.013057213697121022,0.059844641003395496
BRD-K62083683,2,25,0.12089420701965832,0.035667344767646665,0.1662776646416806
BRD-K62169556,13,178,0.05951124023149058,0.005985904149756703,0.062315189410583144
BRD-K62189562,4,21,0.11489712401550722,0.008945528990888227,0.18142380585737705
BRD-K62242359,8,66,0.08205081520475344,0.02168770960417907,0.10233682828652971
BRD-K62283710,8,32,0.1575379533457529,0.026730564699426043,0.14697008028499373
BRD-K62300190,8,143,0.04893188405948236,0.005588126173288618,0.06952418424962198
BRD-K62320150,4,21,0.14077388719693315,0.009073564646374366,0.18142380585737705
BRD-K62346407,2,57,0.11501952780464257,0.00755752576940714,0.11012007353755805
BRD-K62368279,4,74,0.09439580863347835,0.005677919711789494,0.0966469294521601
BRD-K62412498,9,124,0.0318514071169315,0.005878192288181474,0.07466087544568958
BRD-K62459624,14,608,0.15212281505407746,0.007679385722285478,0.033717248825597214
BRD-K62466453,8,133,0.08094202081537594,0.005530980613217136,0.07209051035999475
BRD-K62473229,8,452,0.054025400676081685,0.0028940020526033185,0.03910521726862958
BRD-K62578746,8,124,0.03811522544252213,0.005027853339489944,0.07466087544568958
BRD-K62659735,9,160,0.02753039409431794,0.004741628670359477,0.06572701803516952
BRD-K62716919,8,199,0.02856729062714407,0.005483345466212552,0.058935555638583256
BRD-K62719675,9,153,0.03505629172256309,0.0062166824741928944,0.06721376220575295
BRD-K62732905,3,20,0.10683821525032815,0.006936717801189582,0.1859040806393555
BRD-K62732912,4,21,0.10671595639599603,0.010727808131201428,0.18142380585737705
BRD-K62748479,13,170,0.0354028177681487,0.008164059516750978,0.06376457360373668
BRD-K62768020,13,161,0.030916491995621846,0.004939761969016264,0.06552257891462192
BRD-K62818989,9,592,0.061597828968403406,0.0027633074379914352,0.03416984959824013
BRD-K62854197,2,30,0.1550849085630075,0.010117163247042338,0.15179004622254605
BRD-K62865272,2,49,0.09477880354096191,0.005635703021413856,0.11876976045834328
BRD-K62876373,2,25,0.17861998681053418,0.031314378788119095,0.1662776646416806
BRD-K62902879,8,204,0.027665454246013483,0.006082714515421079,0.05820882555410844
BRD-K62917576,4,21,0.11475865658427108,0.010675769335486118,0.18142380585737705
BRD-K62919978,7,59,0.03814364693818834,0.00947094936156709,0.10823754040067521
BRD-K62957477,3,20,0.14269089493374879,0.011109302995628694,0.1859040806393555
BRD-K62970326,12,119,0.09698287209718869,0.009677161669994088,0.07621324263319477
BRD-K62995317,6,28,0.08883390515088592,0.01614175141783051,0.15711762472374455
BRD-K63000292,8,94,0.04026107625423555,0.007988277566150833,0.08575115804486196
BRD-K63017287,2,25,0.12622142187099494,0.019937169803984363,0.1662776646416806
BRD-K63030439,3,20,0.1532983974931887,0.013595049893186118,0.1859040806393555
BRD-K63072081,6,30,0.07561331656977874,0.008799336828463046,0.15179004622254605
BRD-K63096635,6,28,0.07401908464457237,0.010977425860754226,0.15711762472374455
BRD-K63116520,3,48,0.085936395542396,0.009838887052527416,0.12000056805137077
BRD-K63129749,9,141,0.03129960288796243,0.004698863138977072,0.07001552735422285
BRD-K63157263,9,141,0.02478358783277946,0.0069466283604920544,0.07001552735422285
BRD-K63157607,2,25,0.1820972864500297,0.014399420642328808,0.1662776646416806
BRD-K63158888,7,65,0.06614649396023703,0.00820299346036524,0.10312103000972132
BRD-K63164430,8,53,0.07216826096570991,0.00984807799417291,0.11419996893626119
BRD-K63175663,14,640,0.025044580821712015,0.0033352891394491475,0.03286350901758476
BRD-K63178889,8,133,0.03808321160160137,0.006902166787492438,0.07209051035999475
BRD-K63181962,8,204,0.047950537731834386,0.006679071101605872,0.05820882555410844
BRD-K63220166,13,166,0.03642397973408234,0.005159218272861886,0.06452824841243086
BRD-K63239300,9,120,0.05328204042848995,0.00785642775438259,0.07589502311127302
BRD-K63245238,13,175,0.022472057068247404,0.004150271977542985,0.06284704988949782
BRD-K63261117,2,57,0.23755720616975434,0.007783649095850225,0.11012007353755805
BRD-K63279176,8,29,0.09851619341548169,0.02230358870815737,0.15438493583463647
BRD-K63301075,3,20,0.07764112341226126,0.008397084010811559,0.1859040806393555
BRD-K63308290,8,133,0.07968612448720964,0.008213595878919872,0.07209051035999475
BRD-K63325940,4,74,0.0967808661742784,0.0050292716620948886,0.0966469294521601
BRD-K63350243,14,728,0.02020326894201672,0.0034457508853081007,0.03081330132291237
BRD-K63368502,9,162,0.05877988196266112,0.021134934524224675,0.06532003568221943
BRD-K63374765,4,21,0.10167985172704595,0.007332046562189199,0.18142380585737705
BRD-K63375110,2,30,0.1384512538326332,0.010499477089646965,0.15179004622254605
BRD-K63383460,8,89,0.05029553980757228,0.005776589138589602,0.08812698600629496
BRD-K63388446,8,61,0.04951973040270516,0.008392617459480195,0.106448366916246
BRD-K63399564,9,152,0.050598810578292706,0.01603642553167804,0.06743449765119443
BRD-K63423329,7,69,0.10021037726046125,0.012191538401845878,0.1000873925349908
BRD-K63425657,13,160,0.04896416612667467,0.0062245006312145424,0.06572701803516952
BRD-K63455741,7,44,0.04778660704945219,0.009218584582151192,0.12533650559840895
BRD-K63494246,8,39,0.07486975627493196,0.01083256811754361,0.13312867729046865
BRD-K63513868,4,1328,0.033115667362078695,0.0030113631734230268,0.022814181015259963
BRD-K63521250,4,21,0.10003909758455092,0.009038816513280286,0.18142380585737705
BRD-K63521663,4,21,0.12860221223266793,0.009748582565618995,0.18142380585737705
BRD-K63549648,13,156,0.031220251658428958,0.004454238988379464,0.06656433864523432
BRD-K63550534,8,204,0.02195508160819649,0.005253442036382619,0.05820882555410844
BRD-K63569039,8,204,0.06111135938990166,0.00592985010738991,0.05820882555410844
BRD-K63587518,13,158,0.04215608682787086,0.012319059246020544,0.06614170365070911
BRD-K63607326,4,21,0.12531718902605213,0.02982002257407437,0.18142380585737705
BRD-K63662683,2,57,0.13828258147565242,0.0071571360395253115,0.11012007353755805
BRD-K63671514,8,47,0.07235406122743898,0.012155520229998803,0.12127045069624252
BRD-K63712590,8,133,0.03596347783759854,0.007133102328536487,0.07209051035999475
BRD-K63724542,3,20,0.18690042743246832,0.009085141824459846,0.1859040806393555
BRD-K63770300,8,193,0.08890565288107338,0.007324058990162659,0.059844641003395496
BRD-K63801873,9,157,0.037405467333886167,0.00905890119788774,0.06635201166521548
BRD-K63809549,4,61,0.12642896693835748,0.00497104985863696,0.106448366916246
BRD-K63813530,8,34,0.08879139779679825,0.022669720002735917,0.14258192113424395
BRD-K63818532,6,30,0.07758892453206435,0.007112995656893787,0.15179004622254605
BRD-K63827443,8,53,0.05180395722540453,0.005706079599578741,0.11419996893626119
BRD-K63828515,8,80,0.055713719252825734,0.012529287562272166,0.09295204031967776
BRD-K63874400,2,213,0.15903701922947824,0.003436600820083714,0.056965789254484055
BRD-K63880531,6,28,0.0949270795349456,0.025485058533345453,0.15711762472374455
BRD-K63903580,8,41,0.14545429133303092,0.02119735724769868,0.12984104202571659
BRD-K63915987,3,48,0.1297466744719657,0.010342146824970123,0.12000056805137077
BRD-K63923428,7,59,0.041557864329072165,0.010453068207795724,0.10823754040067521
BRD-K63933178,6,30,0.05494845564706223,0.01806719534040765,0.15179004622254605
BRD-K63938928,13,216,0.043387685058122405,0.004580103369437106,0.05656881027690802
BRD-K63944563,3,60,0.12600946270039745,0.007428233229527481,0.1073317710005818
BRD-K63954456,13,159,0.04048918890872612,0.00542436487516089,0.0659333828067973
BRD-K63979920,9,152,0.0671792912850491,0.012995779270310035,0.06743449765119443
BRD-K64024097,14,34780,0.01246328697222037,0.00041625200826986487,0.004457990428989184
BRD-K64034190,4,241,0.12034614811565922,0.0036875042777915774,0.053554429750696846
BRD-K64058329,14,621,0.032749437053199014,0.004686505223309329,0.03336246417833027
BRD-K64062072,7,69,0.04297059218560219,0.006383760201232229,0.1000873925349908
BRD-K64099269,9,481,0.025908864058060838,0.00643195422769546,0.037908044554260736
BRD-K64106162,8,864,0.032228031823614035,0.0025992750765507053,0.02828440513845401
BRD-K64136010,6,30,0.07737434007916143,0.010336284454578107,0.15179004622254605
BRD-K64190282,3,20,0.14305264544286558,0.01079316964975194,0.1859040806393555
BRD-K64256554,2,57,0.10744660894193661,0.0067724936070692205,0.11012007353755805
BRD-K64272762,8,89,0.05523369717227898,0.016563838604663775,0.08812698600629496
BRD-K64285892,6,24,0.08350266546057049,0.012885258368956674,0.16970643083072406
BRD-K64304398,9,162,0.04664398221842714,0.0075539248582179655,0.06532003568221943
BRD-K64305210,3,20,0.14598708440764932,0.0068237057563126525,0.1859040806393555
BRD-K64314806,9,128,0.045279905031043975,0.008923584258070301,0.07348504014249686
BRD-K64366758,9,162,0.05276041153891404,0.007643983997457931,0.06532003568221943
BRD-K64418359,6,30,0.08525557004279517,0.007942473287437099,0.15179004622254605
BRD-K64513711,3,20,0.12638919790197184,0.007809776755453871,0.1859040806393555
BRD-K64523453,8,48,0.06757395760922927,0.008707243153412453,0.12000056805137077
BRD-K64525051,13,147,0.04665284978989256,0.007545206595831762,0.06857175317221187
BRD-K64551861,2,57,0.12062189545051452,0.00918273935151068,0.11012007353755805
BRD-K64582453,3,20,0.07885612808311265,0.013681746715312922,0.1859040806393555
BRD-K64609558,6,72,0.07631246150541535,0.00778408810273978,0.09798005352332914
BRD-K64618192,2,30,0.11894496968569591,0.009502367593382485,0.15179004622254605
BRD-K64622657,6,28,0.07719069840304785,0.00810383563713626,0.15711762472374455
BRD-K64641861,3,20,0.13046388103601111,0.012879255420731092,0.1859040806393555
BRD-K64643280,2,21,0.0919494491426296,0.017169245580381846,0.18142380585737705
BRD-K64693729,2,30,0.16756574124703558,0.007041836573751963,0.15179004622254605
BRD-K64738596,8,133,0.0398855455039414,0.008781669724435013,0.07209051035999475
BRD-K64754843,9,153,0.06389680620018343,0.018739818814256917,0.06721376220575295
BRD-K64780785,8,120,0.0790817457391286,0.016872494615205725,0.07589502311127302
BRD-K64801282,4,21,0.07489441793615104,0.014926620381243788,0.18142380585737705
BRD-K64864583,8,47,0.05465178768597994,0.009031029849022395,0.12127045069624252
BRD-K64873832,6,30,0.059557290728782554,0.008278079718983592,0.15179004622254605
BRD-K64877338,4,1328,0.03613116374552731,0.0028681993946690475,0.022814181015259963
BRD-K64881093,9,139,0.033668941502684555,0.0046368378001233005,0.07051743720105612
BRD-K64885524,13,161,0.0306159649909943,0.004834093060422724,0.06552257891462192
BRD-K64920356,4,21,0.1267014083765577,0.008757723983282442,0.18142380585737705
BRD-K64970062,51,397,0.020634703454063055,0.0051870718922003905,0.041726183842446
BRD-K64979116,9,141,0.029159518857170053,0.006076956749035662,0.07001552735422285
BRD-K64985742,13,174,0.03493313664092299,0.005922541489171232,0.06302738612786353
BRD-K65000194,3,44,0.08648870167392594,0.00898493637006834,0.12533650559840895
BRD-K65012833,6,30,0.08672709088733174,0.008580423155341485,0.15179004622254605
BRD-K65037509,6,104,0.07597594281898418,0.009079013238298031,0.0815243323733237
BRD-K65050353,13,178,0.035186524160604554,0.005703065627911322,0.062315189410583144
BRD-K65065275,4,21,0.1460351727555108,0.009877792376240795,0.18142380585737705
BRD-K65081680,2,30,0.14473480566888983,0.007155665912111024,0.15179004622254605
BRD-K65085267,7,40,0.09193068138762726,0.009275430944682691,0.13145403607033904
BRD-K65093687,9,162,0.06059915772070677,0.014735683125689411,0.06532003568221943
BRD-K65124508,6,28,0.1277134235645628,0.031928020335935475,0.15711762472374455
BRD-K65134192,2,25,0.11009102712597532,0.009900319626686244,0.1662776646416806
BRD-K65148580,8,89,0.05025205682602789,0.008942915594744527,0.08812698600629496
BRD-K65148867,9,131,0.04523473773019359,0.006441204820385992,0.07263873506478
BRD-K65213718,3,48,0.11369753819264344,0.008389924696252242,0.12000056805137077
BRD-K65240553,6,30,0.06501338949003149,0.009815157000879806,0.15179004622254605
BRD-K65242613,9,131,0.06440455267773262,0.007487163650889425,0.07263873506478
BRD-K65243627,2,30,0.16170578875518607,0.00766755218871263,0.15179004622254605
BRD-K65258912,14,644,0.02423179975222382,0.002988088932342174,0.03276128945731096
BRD-K65283978,8,124,0.05015248179431964,0.005291488280281145,0.07466087544568958
BRD-K65290386,2,30,0.11721067926015126,0.010184696876327165,0.15179004622254605
BRD-K65315692,2,30,0.2100833665773034,0.013934858005292039,0.15179004622254605
BRD-K65342895,13,165,0.03606609494730092,0.00428807990236503,0.06472349318059607
BRD-K65373229,8,64,0.04068982602361504,0.008971462203435891,0.10392354040105038
BRD-K65404805,9,337,0.022293897340200194,0.0047334317459702836,0.04528860777246514
BRD-K65411918,15,246,0.029672690737396496,0.004739727249412162,0.05300738343904539
BRD-K65426421,7,36,0.047004253085353526,0.011333855643562723,0.13856472053473384
BRD-K65455015,8,147,0.06427505139574047,0.014154103653513573,0.06857175317221187
BRD-K65464785,2,57,0.1114239223478657,0.008362136151315865,0.11012007353755805
BRD-K65481562,3,20,0.10336021942661157,0.00847271304465838,0.1859040806393555
BRD-K65482654,6,30,0.0703245799729696,0.007820913355284119,0.15179004622254605
BRD-K65494396,2,30,0.17334817078698622,0.019587540003320105,0.15179004622254605
BRD-K65506786,3,20,0.17440844354135243,0.007473162584107524,0.1859040806393555
BRD-K65526065,7,60,0.03971898482244979,0.010739017251639947,0.1073317710005818
BRD-K65567503,2,193,0.11722971905236354,0.006698408425448494,0.059844641003395496
BRD-K65572849,2,25,0.14510779475671057,0.010813924962235905,0.1662776646416806
BRD-K65657366,8,48,0.07454731891229276,0.014503813749262176,0.12000056805137077
BRD-K65742362,9,141,0.045554882060126985,0.008043645317421882,0.07001552735422285
BRD-K65774694,9,141,0.047901556793062613,0.009985416369761796,0.07001552735422285
BRD-K65809558,2,30,0.15237774023668868,0.017814908115390438,0.15179004622254605
BRD-K65862059,4,21,0.0912360835753133,0.006468666293102864,0.18142380585737705
BRD-K65904652,9,162,0.06606200978014823,0.00984539049447916,0.06532003568221943
BRD-K65955264,9,127,0.11478587942245948,0.012741348264223218,0.07377378404515243
BRD-K65959597,2,25,0.17479713852580106,0.011969583262041296,0.1662776646416806
BRD-K65968843,3,60,0.16944690451033054,0.005270643063652416,0.1073317710005818
BRD-K65968856,8,41,0.06394981877917212,0.014159973483586294,0.12984104202571659
BRD-K65971331,4,1312,0.03524797301613294,0.00247584689539607,0.022952870323177926
BRD-K65981456,3,42,0.09872814141659207,0.0068723667351247054,0.12828600339042298
BRD-K65983740,9,158,0.07081128211041231,0.007311503207370853,0.06614170365070911
BRD-K65988431,6,30,0.05620061155759761,0.011379249442727196,0.15179004622254605
BRD-K65997856,4,190,0.07305925380704394,0.01047745186230516,0.06031524831064826
BRD-K66037923,8,112,0.11154578720910448,0.006022231937081865,0.07855881236187227
BRD-K66084396,3,20,0.11114145141722057,0.010426315743213652,0.1859040806393555
BRD-K66224104,13,173,0.027694058380557596,0.0071366966174105815,0.06320928372433764
BRD-K66261897,2,21,0.21102586272341145,0.012125741740055191,0.18142380585737705
BRD-K66356233,6,28,0.09860581671761512,0.01082071951199146,0.15711762472374455
BRD-K66359319,9,83,0.09644398760802159,0.02433343556869185,0.09125672406103985
BRD-K66381707,13,174,0.049804196526695856,0.010725993609624241,0.06302738612786353
BRD-K66383562,8,193,0.10123061007166582,0.006389867955203439,0.059844641003395496
BRD-K66426634,13,166,0.02589056644394246,0.005743220270724007,0.06452824841243086
BRD-K66438357,8,187,0.02903320418890709,0.0052889620246166094,0.060797135450359925
BRD-K66446284,2,25,0.14945448657548074,0.010512388739763857,0.1662776646416806
BRD-K66448556,9,127,0.04201864329189546,0.006300598394256448,0.07377378404515243
BRD-K66521855,4,21,0.11676230754050282,0.014919484172962797,0.18142380585737705
BRD-K66555411,9,141,0.037247553846565216,0.007508918054627383,0.07001552735422285
BRD-K66586010,6,28,0.13749258451093288,0.029113693465625725,0.15711762472374455
BRD-K66598898,8,138,0.0440908697826403,0.005162640034986502,0.07077247397277182
BRD-K66634822,8,532,0.04846481203667828,0.005733403086530173,0.036045255179997376
BRD-K66642908,3,20,0.12040578223245334,0.006843183049585239,0.1859040806393555
BRD-K66658536,7,64,0.039025013976275835,0.009796387290576958,0.10392354040105038
BRD-K66686673,8,133,0.04786239668341778,0.004245886078658025,0.07209051035999475
BRD-K66729212,3,20,0.15395959213245575,0.008008521075904485,0.1859040806393555
BRD-K66732164,2,57,0.19666126006031076,0.007831763173971601,0.11012007353755805
BRD-K66775134,8,53,0.050284176164488006,0.010187507578891471,0.11419996893626119
BRD-K66812281,6,28,0.07639947359173431,0.009740703893104715,0.15711762472374455
BRD-K66814954,3,20,0.10699616634534662,0.010048751110365017,0.1859040806393555
BRD-K66857873,4,21,0.17271807449284438,0.01365099275934649,0.18142380585737705
BRD-K66866270,13,149,0.025952428559304422,0.007221460801312326,0.06810998527191248
BRD-K66884694,8,124,0.15003001234476862,0.007978722974567094,0.07466087544568958
BRD-K66888355,6,28,0.08081920849465307,0.009933598606251001,0.15711762472374455
BRD-K66902379,14,171,0.03411186387639347,0.0062860947956067375,0.06357785410009052
BRD-K66908362,9,131,0.047267724996950554,0.013664999664016887,0.07263873506478
BRD-K66909449,9,131,0.04992916419178904,0.007751703769775582,0.07263873506478
BRD-K66947316,2,30,0.11618427820302268,0.009303154473574096,0.15179004622254605
BRD-K67010098,13,169,0.031422724725702914,0.006495337518990222,0.06395294793910793
BRD-K67090983,9,162,0.0736505884280501,0.007882113320818803,0.06532003568221943
BRD-K67118123,8,193,0.06527369925896398,0.004599035223927566,0.059844641003395496
BRD-K67236726,3,60,0.141812001022411,0.006112020861010847,0.1073317710005818
BRD-K67236950,8,64,0.12755257750493854,0.009147274682445894,0.10392354040105038
BRD-K67258146,14,151,0.04400279239204376,0.005594714341068708,0.06765742221841048
BRD-K67306351,8,204,0.022456051186852073,0.004071893720093431,0.05820882555410844
BRD-K67414432,9,162,0.03671029343856046,0.006454286979364614,0.06532003568221943
BRD-K67470788,14,136,0.12078722511589043,0.023274817391961796,0.07129096056712197
BRD-K67484450,6,28,0.07874527909387112,0.015586863411322033,0.15711762472374455
BRD-K67484673,9,628,0.046384346244155765,0.004435886788566138,0.03317600583260774
BRD-K67498554,7,60,0.036912570730149044,0.00777759766720444,0.1073317710005818
BRD-K67514995,8,52,0.08074543460450521,0.008488405561161854,0.11529281650576634
BRD-K67519589,9,141,0.03211394198593214,0.00846862948449823,0.07001552735422285
BRD-K67526586,2,213,0.17090687083975334,0.0035623287935020063,0.056965789254484055
BRD-K67550673,8,131,0.03787671993776915,0.004452527585257846,0.07263873506478
BRD-K67559633,2,30,0.14659254601332547,0.008036407798752929,0.15179004622254605
BRD-K67575276,2,30,0.1845019371410308,0.013937529826678084,0.15179004622254605
BRD-K67582595,3,48,0.08589232996942053,0.008599628146379802,0.12000056805137077
BRD-K67619794,8,133,0.0430224294162423,0.006406090459106702,0.07209051035999475
BRD-K67655178,6,30,0.0939459370549942,0.010261805045672815,0.15179004622254605
BRD-K67678077,8,129,0.04386987338071236,0.0067209513629605784,0.0731996602677379
BRD-K67742177,9,120,0.058378498398390925,0.018034486539231037,0.07589502311127302
BRD-K67769696,3,20,0.15901330338082478,0.007284276696204183,0.1859040806393555
BRD-K67774729,11,1301,0.04696705498754371,0.0035476974939849973,0.023049699736228
BRD-K67778494,51,906,0.021724518801340728,0.0023220428083244567,0.027621026957857862
BRD-K67787765,8,77,0.04515519584290086,0.009901166899926497,0.09474549257464139
BRD-K67794838,2,25,0.16128714616042397,0.009546258463366021,0.1662776646416806
BRD-K67798612,9,162,0.04530653022131968,0.00493282223384393,0.06532003568221943
BRD-K67808578,14,726,0.04075080548717779,0.004528951915039889,0.030855714696495284
BRD-K67863009,3,20,0.15057737252385803,0.008711248388267635,0.1859040806393555
BRD-K67868064,2,25,0.1205088385823245,0.027198432393199783,0.1662776646416806
BRD-K67925802,2,25,0.15739643026516478,0.013550366827741543,0.1662776646416806
BRD-K67941506,8,198,0.04222800840618094,0.006380884019845581,0.059084195359240435
BRD-K68007270,9,234,0.07508613346497298,0.005983385206805273,0.05434955491554913
BRD-K68020183,9,131,0.014442490948927104,0.005485590699903781,0.07263873506478
BRD-K68038686,9,162,0.06289484023502018,0.008439493256283409,0.06532003568221943
BRD-K68085828,4,21,0.12034448143610388,0.008178633235634824,0.18142380585737705
BRD-K68097207,8,82,0.034721555963152344,0.009022060061704383,0.0918114812927117
BRD-K68102868,8,204,0.03010385106165399,0.003333039095549135,0.05820882555410844
BRD-K68148111,6,30,0.061615631703726526,0.010421718234215678,0.15179004622254605
BRD-K68158690,9,141,0.027549656392276037,0.007311137455269731,0.07001552735422285
BRD-K68190084,7,59,0.0556980654174193,0.01152422011353727,0.10823754040067521
BRD-K68191033,13,161,0.024865091973373964,0.0062787236349285055,0.06552257891462192
BRD-K68211814,6,236,0.0778988126787242,0.005794299203856071,0.054118770200337604
BRD-K68223173,6,80,0.07044187581316025,0.00930890437945863,0.09295204031967776
BRD-K68253248,8,84,0.05438025591997531,0.00903195322366273,0.09071190292868853
BRD-K68278258,6,28,0.08747740275224569,0.0185874549800969,0.15711762472374455
BRD-K68313733,14,596,0.09775697207558622,0.00570464297263726,0.03405499263595624
BRD-K68315360,2,25,0.16602089076042284,0.014670549531051022,0.1662776646416806
BRD-K68319707,8,84,0.0565523633040171,0.006667915444473047,0.09071190292868853
BRD-K68326515,8,84,0.027550869326253506,0.007862233033514476,0.09071190292868853
BRD-K68455755,6,28,0.09794308943191382,0.010982371314315145,0.15711762472374455
BRD-K68495126,8,204,0.04132862156633212,0.005039373704706433,0.05820882555410844
BRD-K68504618,8,34,0.14252166603270774,0.023270423406311132,0.14258192113424395
BRD-K68541237,2,25,0.14965113730389618,0.013359380254280897,0.1662776646416806
BRD-K68548958,51,396,0.19601588843448056,0.012341729660186538,0.04177883519946965
BRD-K68554461,3,20,0.1464734803528453,0.006448473892613374,0.1859040806393555
BRD-K68588778,13,178,0.07224024385934089,0.005824998672622559,0.062315189410583144
BRD-K68594214,8,133,0.03393540861220631,0.004401660161683915,0.07209051035999475
BRD-K68614469,6,28,0.06754656082542829,0.016680686382216342,0.15711762472374455
BRD-K68630394,6,28,0.09052497062568642,0.01683317249893216,0.15711762472374455
BRD-K68682056,8,48,0.03793118151693789,0.009845981255273166,0.12000056805137077
BRD-K68689263,2,25,0.15553783430261986,0.008459256440199259,0.1662776646416806
BRD-K68690198,9,162,0.030190137364285316,0.005126244903506623,0.06532003568221943
BRD-K68735643,3,20,0.10510442317455157,0.0131663347172393,0.1859040806393555
BRD-K68774060,4,21,0.11283556829398217,0.014547717335141654,0.18142380585737705
BRD-K68782403,6,26,0.10302685141504316,0.009472936965592172,0.1630486647466474
BRD-K68783079,8,124,0.0280501243016208,0.01032456883493996,0.07466087544568958
BRD-K68796015,4,21,0.17450740635425846,0.013432499797840143,0.18142380585737705
BRD-K68826049,9,131,0.0293004374275261,0.004956972229789552,0.07263873506478
BRD-K68833544,8,133,0.059445244670278695,0.00862115539891611,0.07209051035999475
BRD-K68849294,4,21,0.12896474787828582,0.006248013007514972,0.18142380585737705
BRD-K68863575,8,133,0.03829371921164858,0.004575202649823154,0.07209051035999475
BRD-K68866125,3,180,0.1542238514976959,0.005027092689804895,0.06196802687978517
BRD-K68907515,4,21,0.14779833988980587,0.027532519259763653,0.18142380585737705
BRD-K68937023,2,30,0.15065917895670858,0.008252723598896838,0.15179004622254605
BRD-K68971353,2,213,0.1725864356956748,0.0050294473612944035,0.056965789254484055
BRD-K69003436,13,158,0.06467510367158183,0.01454761698693143,0.06614170365070911
BRD-K69021489,9,162,0.02658279075477185,0.005218072817030296,0.06532003568221943
BRD-K69040870,8,87,0.07234996144445369,0.014522600972109487,0.08913418426295049
BRD-K69073546,4,21,0.12414787100473774,0.010203701180021686,0.18142380585737705
BRD-K69075782,7,44,0.04621161945585631,0.007087352622446758,0.12533650559840895
BRD-K69096174,4,186,0.06860886488468347,0.01930533576368091,0.06096034953047636
BRD-K69159985,9,162,0.07243435969876662,0.018338046922159738,0.06532003568221943
BRD-K69174517,4,21,0.0995429865126603,0.011560061178382075,0.18142380585737705
BRD-K69206710,6,25,0.12411251818384177,0.01563653042999721,0.1662776646416806
BRD-K69218883,8,66,0.043107923425481684,0.005915781960954576,0.10233682828652971
BRD-K69231968,9,141,0.03350775354810765,0.011708522395578702,0.07001552735422285
BRD-K69236395,2,213,0.1267545004816072,0.004054837255871774,0.056965789254484055
BRD-K69286267,2,20,0.17207131041546267,0.014105952458936581,0.1859040806393555
BRD-K69295800,8,61,0.035185547656540604,0.007926914536509691,0.106448366916246
BRD-K69304050,8,196,0.03509270566401532,0.005084661418403345,0.05938488022917164
BRD-K69347381,9,311,0.028622213256627022,0.003453508921393572,0.047143706687962535
BRD-K69372544,2,57,0.1198123111398514,0.00653005945397225,0.11012007353755805
BRD-K69396629,8,133,0.04134531453226465,0.004451030304179536,0.07209051035999475
BRD-K69406317,12,169,0.05121407039608435,0.006916643149050598,0.06395294793910793
BRD-K69422440,8,133,0.03458070340917738,0.005367113727752772,0.07209051035999475
BRD-K69496360,13,167,0.04893281268288168,0.015568715484528343,0.06433475997562621
BRD-K69500068,7,69,0.061159844166041366,0.03127734963827329,0.1000873925349908
BRD-K69501658,13,159,0.04561273124951902,0.008523788195383599,0.0659333828067973
BRD-K69516039,14,618,0.04444940930587308,0.008430194187430996,0.03344334299805518
BRD-K69548259,8,53,0.029826590254208134,0.008529193154548463,0.11419996893626119
BRD-K69569876,13,589,0.02675973682018175,0.00397268879681599,0.03425675906358296
BRD-K69586787,4,21,0.12746184974475433,0.005571834722201447,0.18142380585737705
BRD-K69603398,8,147,0.04108329809088207,0.007115953312604105,0.06857175317221187
BRD-K69649444,4,21,0.11177253894205033,0.01041434952445927,0.18142380585737705
BRD-K69661816,3,20,0.16553185521884647,0.010568091945123963,0.1859040806393555
BRD-K69664985,3,20,0.2291465850537909,0.017591599074597425,0.1859040806393555
BRD-K69676861,9,138,0.039539046571942266,0.005804318341484753,0.07077247397277182
BRD-K69695287,9,127,0.04224593268329363,0.0038184724126307215,0.07377378404515243
BRD-K69705756,8,64,0.06608026070695669,0.011419174309290434,0.10392354040105038
BRD-K69735552,3,20,0.1227288873018262,0.022906726373765958,0.1859040806393555
BRD-K69760878,8,53,0.06533688240824725,0.01197145310973485,0.11419996893626119
BRD-K69791739,8,61,0.03199854448541431,0.008300327572489686,0.106448366916246
BRD-K69795440,9,141,0.03299626613499616,0.004866765863229665,0.07001552735422285
BRD-K69827766,2,65,0.16797796643991159,0.007294577573528087,0.10312103000972132
BRD-K69834151,8,124,0.04076625314639154,0.003672551132784449,0.07466087544568958
BRD-K69888333,13,167,0.05079122220971186,0.006086762554182001,0.06433475997562621
BRD-K69894866,7,44,0.1662679922076411,0.03202844030270053,0.12533650559840895
BRD-K69936404,2,30,0.13618046912439805,0.010292432579675378,0.15179004622254605
BRD-K69936629,3,20,0.16582388039447668,0.008369313282790686,0.1859040806393555
BRD-K70052069,2,25,0.1758252171822434,0.006638082086507596,0.1662776646416806
BRD-K70052774,8,204,0.027970840521255768,0.0035347235635476153,0.05820882555410844
BRD-K70068608,2,25,0.1754365479292235,0.015177049999440553,0.1662776646416806
BRD-K70074151,8,59,0.06303917007834134,0.011380387619004033,0.10823754040067521
BRD-K70086257,13,161,0.02807210935109572,0.004497523624872814,0.06552257891462192
BRD-K70153099,2,30,0.14476188102633333,0.009441594119793771,0.15179004622254605
BRD-K70161581,14,138,0.14806650636560284,0.015511174859221018,0.07077247397277182
BRD-K70165037,4,74,0.09887650854363507,0.008352132958369797,0.0966469294521601
BRD-K70179603,4,21,0.11952836017364722,0.010135557045058394,0.18142380585737705
BRD-K70200040,8,53,0.07225474909032539,0.015413306299955873,0.11419996893626119
BRD-K70229243,8,199,0.033873500125229,0.004613611201583071,0.058935555638583256
BRD-K70337365,2,25,0.1350278380932534,0.010865994386213532,0.1662776646416806
BRD-K70345064,8,36,0.053647138869048205,0.018935785187322564,0.13856472053473384
BRD-K70369221,13,158,0.01605796279870726,0.005934198646833493,0.06614170365070911
BRD-K70397964,2,21,0.1489977087582825,0.02443798182769456,0.18142380585737705
BRD-K70399291,3,60,0.21532515950543168,0.007147247513499801,0.1073317710005818
BRD-K70415218,8,193,0.030410413413633916,0.004275236242794963,0.059844641003395496
BRD-K70435062,4,21,0.10416788506206004,0.005740496140507387,0.18142380585737705
BRD-K70469022,4,21,0.15243633300469533,0.019884685393586714,0.18142380585737705
BRD-K70470333,3,20,0.1443684067829263,0.009415803539377997,0.1859040806393555
BRD-K70489510,2,30,0.2707411860045884,0.014307986611137481,0.15179004622254605
BRD-K70492429,2,30,0.12298263322836746,0.007272460023194316,0.15179004622254605
BRD-K70495648,6,28,0.10421958320838985,0.015299549984354226,0.15711762472374455
BRD-K70503895,8,188,0.05195903375817403,0.011598903368863324,0.06063522534812126
BRD-K70508482,9,162,0.03647332632472666,0.0074098740584843,0.06532003568221943
BRD-K70524666,13,168,0.036218137044933485,0.0076479829064882605,0.06414300169521149
BRD-K70559158,2,25,0.1263250155580943,0.021843661695615173,0.1662776646416806
BRD-K70590207,6,28,0.11954160698435004,0.01747897697567201,0.15711762472374455
BRD-K70595737,6,26,0.06519034809776643,0.007544171228398925,0.1630486647466474
BRD-K70638773,3,95,0.11896764808047675,0.0069404702421121435,0.08529864217881968
BRD-K70646792,9,132,0.05495559949953575,0.007722089385022394,0.07236306524652845
BRD-K70647219,6,28,0.08378826840401368,0.019183197930600897,0.15711762472374455
BRD-K70669970,7,60,0.024091357851771782,0.009922271720484502,0.1073317710005818
BRD-K70693222,9,638,0.02639392690402684,0.0035577244398816515,0.03291497891445945
BRD-K70697816,7,64,0.03143048604710788,0.01273991336933622,0.10392354040105038
BRD-K70711508,8,89,0.04059064887948989,0.008679949093778911,0.08812698600629496
BRD-K70714754,9,162,0.05773587808902323,0.006518723493117379,0.06532003568221943
BRD-K70751730,9,141,0.029656091221003923,0.008400470772590287,0.07001552735422285
BRD-K70771662,14,659,0.0453066690314619,0.004180582642702326,0.03238629095984098
BRD-K70804088,2,30,0.13900619769703543,0.007681273389254177,0.15179004622254605
BRD-K70810261,6,30,0.05214626462683268,0.007427094417753935,0.15179004622254605
BRD-K70821391,6,30,0.08670932329774295,0.009843354522769623,0.15179004622254605
BRD-K70821460,9,66,0.04403017804065982,0.008985949232121187,0.10233682828652971
BRD-K70831943,9,132,0.06853064650142177,0.007778046702533512,0.07236306524652845
BRD-K70836798,6,23,0.07223915410301353,0.00662225969817754,0.17335644906769404
BRD-K70839030,2,57,0.14169625611014797,0.007476623772376717,0.11012007353755805
BRD-K70852733,6,30,0.0794181167691921,0.008512658216981944,0.15179004622254605
BRD-K70875408,8,53,0.05717569136125446,0.011499023877111008,0.11419996893626119
BRD-K70880645,2,213,0.21877230290842045,0.0037717001848914817,0.056965789254484055
BRD-K70891562,13,174,0.08923746251039547,0.008173880007477903,0.06302738612786353
BRD-K70900504,7,64,0.04137696887131715,0.009296483817997726,0.10392354040105038
BRD-K70917163,8,108,0.1019584010822577,0.01406300516081131,0.08000037870091384
BRD-K70918484,8,64,0.05185218175219456,0.007295740687799049,0.10392354040105038
BRD-K70918941,8,124,0.04306370399467303,0.009731734739199268,0.07466087544568958
BRD-K70923866,2,57,0.1086082317794286,0.006365502078691155,0.11012007353755805
BRD-K70947604,13,178,0.023396567279243673,0.006819214009552432,0.062315189410583144
BRD-K70960308,13,178,0.042640400735104056,0.0066009835264081605,0.062315189410583144
BRD-K70974948,13,166,0.02835220958406825,0.0047524212704675665,0.06452824841243086
BRD-K70977695,9,138,0.05603391717899977,0.0067130537684234265,0.07077247397277182
BRD-K70980943,3,36,0.10119369212372765,0.007756245798936463,0.13856472053473384
BRD-K70983703,8,47,0.08375329831237967,0.013983679242018123,0.12127045069624252
BRD-K71006572,2,30,0.12883488032527957,0.008263787549335044,0.15179004622254605
BRD-K71029018,9,141,0.029497225104359766,0.0051105218088548995,0.07001552735422285
BRD-K71138616,9,153,0.04260405801332006,0.00891338537041125,0.06721376220575295
BRD-K71138839,3,20,0.045139758355866866,0.02014905184698964,0.1859040806393555
BRD-K71140693,9,131,0.02932597888323811,0.006440998109299885,0.07263873506478
BRD-K71142328,9,580,0.02744571573507409,0.00708392563883589,0.034521521122819046
BRD-K71151012,8,64,0.05705818451903552,0.013913618328962938,0.10392354040105038
BRD-K71169984,8,133,0.03158187713183883,0.010869186015685503,0.07209051035999475
BRD-K71172276,8,199,0.040001339050478396,0.007661551524942991,0.058935555638583256
BRD-K71182391,8,131,0.048129762064773485,0.009099834833699626,0.07263873506478
BRD-K71188711,2,30,0.31292659099940695,0.015561831577253014,0.15179004622254605
BRD-K71195237,8,34,0.08322084331478137,0.022430146225591797,0.14258192113424395
BRD-K71225733,3,20,0.10560245225050423,0.01366483166026773,0.1859040806393555
BRD-K71265179,8,199,0.07143521019529198,0.00881550943027215,0.058935555638583256
BRD-K71292008,13,168,0.022982814808667325,0.004854791439346768,0.06414300169521149
BRD-K71303366,9,594,0.06582421374479801,0.00384044988209432,0.0341122760955099
BRD-K71339761,3,42,0.1305418481882054,0.013250568743944502,0.12828600339042298
BRD-K71379723,2,25,0.21467625912780142,0.01265338054759183,0.1662776646416806
BRD-K71380401,9,149,0.026619607619474663,0.004040755808061488,0.06810998527191248
BRD-K71382703,8,133,0.05414960125477157,0.005044903636739228,0.07209051035999475
BRD-K71387353,8,64,0.07324571783689625,0.008518093634290805,0.10392354040105038
BRD-K71404640,6,28,0.08367523574748754,0.011184137857632264,0.15711762472374455
BRD-K71424888,4,230,0.08685128594366076,0.010152639864527052,0.054820122613288634
BRD-K71427192,13,169,0.04371260547059109,0.006953790828848858,0.06395294793910793
BRD-K71448503,2,30,0.14381972106552768,0.009622995804837135,0.15179004622254605
BRD-K71452159,6,72,0.05401796648925113,0.00861539203564913,0.09798005352332914
BRD-K71477834,3,20,0.10909377373610975,0.009565696240702371,0.1859040806393555
BRD-K71489689,9,131,0.04557710402168191,0.005947813200637202,0.07263873506478
BRD-K71498541,8,66,0.03774543049490995,0.009041289967795548,0.10233682828652971
BRD-K71504944,6,30,0.09462055841873525,0.0187276308344639,0.15179004622254605
BRD-K71523760,9,141,0.04050009281609592,0.004521990487384448,0.07001552735422285
BRD-K71540055,9,120,0.03057363488072617,0.005446240739621696,0.07589502311127302
BRD-K71552321,4,241,0.11816925482574048,0.006042886080500696,0.053554429750696846
BRD-K71574320,13,164,0.02844539232984513,0.006727627142927867,0.06492052101285829
BRD-K71599932,9,153,0.03455106718728645,0.0037296290137787936,0.06721376220575295
BRD-K71614913,2,25,0.1570475858863422,0.009244617791128049,0.1662776646416806
BRD-K71631401,4,21,0.16510264800608454,0.009383127719892458,0.18142380585737705
BRD-K71670746,13,165,0.06207110932537708,0.007920605557523445,0.06472349318059607
BRD-K71701252,3,180,0.10432917678566327,0.007384360746267676,0.06196802687978517
BRD-K71726959,55,1034,0.03883239105217953,0.0034056333874573053,0.02585494696120664
BRD-K71742078,8,53,0.08211820786367625,0.01583894016020988,0.11419996893626119
BRD-K71746288,9,160,0.05279143837517882,0.007323776141557828,0.06572701803516952
BRD-K71746704,8,204,0.0265390345343521,0.004527723385572015,0.05820882555410844
BRD-K71777270,3,20,0.08031296219393856,0.017513622374291,0.1859040806393555
BRD-K71795383,4,21,0.12398348348946499,0.010150948302105813,0.18142380585737705
BRD-K71805031,3,20,0.10819188109721178,0.009330140919992885,0.1859040806393555
BRD-K71835137,8,199,0.06364969974491351,0.0036103418030227013,0.058935555638583256
BRD-K71879957,9,141,0.036748911585268516,0.007333485916553429,0.07001552735422285
BRD-K71894218,2,25,0.1591819569212866,0.013577315890802046,0.1662776646416806
BRD-K71915010,9,162,0.03803893455296744,0.00686074861574927,0.06532003568221943
BRD-K71917235,9,131,0.0380679946687845,0.0063753752378147245,0.07263873506478
BRD-K71932341,6,26,0.10711422440242925,0.027416571560466285,0.1630486647466474
BRD-K71935468,13,164,0.1250640650054165,0.006658116472005806,0.06492052101285829
BRD-K71935941,6,21,0.1264831047987423,0.017321332811728492,0.18142380585737705
BRD-K71970656,8,131,0.07100872358162774,0.0141684955812318,0.07263873506478
BRD-K72014243,4,21,0.12038841157168956,0.00873189539959225,0.18142380585737705
BRD-K72015216,3,48,0.06126471099685916,0.010408845823016594,0.12000056805137077
BRD-K72042177,6,28,0.09279284724864299,0.01317157692765433,0.15711762472374455
BRD-K72055444,2,25,0.18123897952180526,0.009152737480910144,0.1662776646416806
BRD-K72147201,2,20,0.15484518505175424,0.013563977532208445,0.1859040806393555
BRD-K72219469,2,30,0.12335682002760502,0.006994207427459208,0.15179004622254605
BRD-K72267874,8,53,0.0862859237384386,0.025272502027684784,0.11419996893626119
BRD-K72307842,8,191,0.04305497219598486,0.01189865591081734,0.06015714778102485
BRD-K72343629,7,64,0.05101273803211814,0.011015578198690574,0.10392354040105038
BRD-K72345505,2,57,0.13025824460749658,0.007445095888053361,0.11012007353755805
BRD-K72354054,8,42,0.10191539735813349,0.029934932898143363,0.12828600339042298
BRD-K72381041,13,167,0.04695922824447475,0.007414904454380598,0.06433475997562621
BRD-K72382350,5,5808,0.029561110067558936,0.0007875506239445469,0.010909142550124616
BRD-K72425572,2,21,0.22278276920566428,0.019081755831798487,0.18142380585737705
BRD-K72429558,13,170,0.028620852318480338,0.006608508330822132,0.06376457360373668
BRD-K72451865,13,152,0.11241596426508707,0.008288423455279907,0.06743449765119443
BRD-K72462751,13,130,0.06651311925544597,0.007423374645164519,0.07291757960281542
BRD-K72490684,3,44,0.06612439996878876,0.0063937041757973385,0.12533650559840895
BRD-K72502177,6,30,0.07552181996407883,0.018302100725162522,0.15179004622254605
BRD-K72504866,8,199,0.03049108259654852,0.0032528884996155757,0.058935555638583256
BRD-K72505034,13,169,0.042684461546589766,0.014670042581921417,0.06395294793910793
BRD-K72615639,13,178,0.13368864846044656,0.011177411493608434,0.062315189410583144
BRD-K72620090,8,53,0.03939255759093834,0.008642016664745806,0.11419996893626119
BRD-K72676786,8,204,0.037243034244802416,0.004468652813379748,0.05820882555410844
BRD-K72694250,4,21,0.12536512192214164,0.009755215626316201,0.18142380585737705
BRD-K72732164,8,147,0.04611017957578154,0.007862342967324734,0.06857175317221187
BRD-K72760455,4,21,0.10154146872975957,0.01209831655436006,0.18142380585737705
BRD-K72766058,2,76,0.1788069573982361,0.009029911110082844,0.09536678115013579
BRD-K72787121,8,204,0.044762549047044325,0.006009403785668145,0.05820882555410844
BRD-K72817452,9,124,0.0573378626592111,0.024206354075765924,0.07466087544568958
BRD-K72837898,2,25,0.16562544565417484,0.01589915706633309,0.1662776646416806
BRD-K72864428,8,183,0.028411558665206955,0.004135642867682244,0.061457993293890685
BRD-K72883421,8,196,0.03639876865330209,0.003706073977843492,0.05938488022917164
BRD-K72913684,6,28,0.06457333799723244,0.00974330213952513,0.15711762472374455
BRD-K72913953,6,101,0.09178662180924708,0.014106139161152177,0.08272623010986836
BRD-K72972600,3,20,0.17648478972073914,0.02046049248624977,0.1859040806393555
BRD-K73004613,8,204,0.029782670924713452,0.003320647618485557,0.05820882555410844
BRD-K73008154,7,69,0.1171171831663628,0.022372807908316254,0.1000873925349908
BRD-K73080020,2,20,0.14591478175888822,0.011057493401203418,0.1859040806393555
BRD-K73082558,8,131,0.040393577713554535,0.007406971935576623,0.07263873506478
BRD-K73099734,8,196,0.032238227694926895,0.00482569835888694,0.05938488022917164
BRD-K73104592,4,21,0.13561871452141153,0.011727838400378917,0.18142380585737705
BRD-K73118655,8,34,0.10640066974887394,0.018748760700271455,0.14258192113424395
BRD-K73125384,9,136,0.051790321809249196,0.006749818006258172,0.07129096056712197
BRD-K73143528,8,196,0.033421598576986594,0.003404650728252993,0.05938488022917164
BRD-K73155123,13,169,0.06384558870545466,0.00978832627161045,0.06395294793910793
BRD-K73224765,2,49,0.1269498472263712,0.01152423153630182,0.11876976045834328
BRD-K73238422,13,173,0.0413509351433215,0.009379599027096812,0.06320928372433764
BRD-K73261812,51,400,0.09716289337932682,0.006353426334339159,0.04156941616042015
BRD-K73276569,7,42,0.04498043370548833,0.011836317143404084,0.12828600339042298
BRD-K73285375,9,129,0.045062661416368686,0.003967432520256147,0.0731996602677379
BRD-K73297432,6,25,0.09635397326152058,0.011798959805872089,0.1662776646416806
BRD-K73304092,8,204,0.05806940603408929,0.006448556681792815,0.05820882555410844
BRD-K73315009,9,131,0.03107166160866417,0.006093340379479413,0.07263873506478
BRD-K73334721,9,141,0.035925122281865667,0.00641183997440854,0.07001552735422285
BRD-K73365449,2,30,0.1517801942836835,0.011590097228902415,0.15179004622254605
BRD-K73388776,6,28,0.08584958407171107,0.013963654749519997,0.15711762472374455
BRD-K73400194,8,48,0.1103615487219127,0.01800692665191793,0.12000056805137077
BRD-K73418978,13,165,0.027810758596888564,0.007899373756917941,0.06472349318059607
BRD-K73427206,8,34,0.11902561912948906,0.01968768350313583,0.14258192113424395
BRD-K73434976,6,28,0.1051970161525823,0.01928310441991225,0.15711762472374455
BRD-K73439593,2,30,0.2533502403093463,0.03533946538466638,0.15179004622254605
BRD-K73453061,2,30,0.13409518833274447,0.008727789715636178,0.15179004622254605
BRD-K73459720,6,26,0.12203171612968142,0.027884583928703154,0.1630486647466474
BRD-K73481389,9,131,0.03146766436255406,0.008635279705599958,0.07263873506478
BRD-K73517272,8,80,0.06428585471905465,0.016877359639092114,0.09295204031967776
BRD-K73567619,9,131,0.05742121694694932,0.007290498214505656,0.07263873506478
BRD-K73575094,4,21,0.11472170914507819,0.018973538597017427,0.18142380585737705
BRD-K73592400,6,28,0.09128339921646539,0.015077669447172282,0.15711762472374455
BRD-K73601942,2,30,0.20285360917314899,0.013711286069411101,0.15179004622254605
BRD-K73610817,8,193,0.15457928906565999,0.011361550654632069,0.059844641003395496
BRD-K73664775,2,30,0.12594013774916213,0.011129349705278995,0.15179004622254605
BRD-K73674426,6,28,0.08784239263868744,0.014771305058699264,0.15711762472374455
BRD-K73700643,13,162,0.027142317895428904,0.005175664615606483,0.06532003568221943
BRD-K73707305,13,169,0.04027839918729986,0.004910295850801114,0.06395294793910793
BRD-K73709114,8,204,0.05111537235043368,0.006264596112183283,0.05820882555410844
BRD-K73716473,4,21,0.1276270260108781,0.011672298174202395,0.18142380585737705
BRD-K73769216,3,20,0.11337567782299689,0.01346966329284938,0.1859040806393555
BRD-K73788182,2,30,0.1756107688523035,0.00854026420134507,0.15179004622254605
BRD-K73819439,8,129,0.05013073876268098,0.0061717908863174985,0.0731996602677379
BRD-K73837493,4,21,0.10556206784709544,0.006435766262247634,0.18142380585737705
BRD-K73876582,8,45,0.07531641729186984,0.008669307501099403,0.12393605375957034
BRD-K73888531,13,176,0.03489930183822036,0.0038873493545340944,0.06266825279920447
BRD-K73939795,6,28,0.09706872538718711,0.015013928866842816,0.15711762472374455
BRD-K73945663,9,151,0.054476947740447576,0.008295720253009871,0.06765742221841048
BRD-K73951926,9,141,0.05299355633879513,0.0065250818346889745,0.07001552735422285
BRD-K73952419,2,30,0.10687684349271179,0.010016740274961694,0.15179004622254605
BRD-K74020160,2,20,0.15152033260966455,0.011549549642284565,0.1859040806393555
BRD-K74029109,8,204,0.03458562043350296,0.0046159022196662815,0.05820882555410844
BRD-K74042299,2,25,0.13849428676173506,0.010538081499261963,0.1662776646416806
BRD-K74043769,8,34,0.08754773677153746,0.022192729903236657,0.14258192113424395
BRD-K74046820,8,82,0.042317433525425364,0.006218146548082771,0.0918114812927117
BRD-K74085580,7,69,0.03711114103022123,0.006973114345266476,0.1000873925349908
BRD-K74094800,4,21,0.15885965997927431,0.012487511566581814,0.18142380585737705
BRD-K74109131,14,167,0.021459488984391442,0.007030872830686703,0.06433475997562621
BRD-K74121411,6,26,0.08824813545521133,0.012499713803764922,0.1630486647466474
BRD-K74126469,9,131,0.04020487941814246,0.006991186311424059,0.07263873506478
BRD-K74155249,9,81,0.08000154871852004,0.019857197488519652,0.09237648035648922
BRD-K74163137,9,160,0.03781011677767832,0.007041585840551921,0.06572701803516952
BRD-K74176882,4,1288,0.03473401726647323,0.004042913409469002,0.02316572993567993
BRD-K74189021,9,129,0.03365581081249504,0.004086423633957057,0.0731996602677379
BRD-K74200139,2,30,0.13132045714173649,0.009267655263636224,0.15179004622254605
BRD-K74228917,3,180,0.08500947667337408,0.008203312554702908,0.06196802687978517
BRD-K74245085,6,28,0.0843854734349362,0.007212484481513547,0.15711762472374455
BRD-K74260000,3,20,0.21689461164820345,0.01960901714517853,0.1859040806393555
BRD-K74271701,9,273,0.03294620210408418,0.00388407049600453,0.05031791035450746
BRD-K74292317,8,194,0.03309560275868657,0.006450334426290111,0.05969020296269939
BRD-K74316684,7,44,0.1940862497343044,0.02768450923083839,0.12533650559840895
BRD-K74318028,8,43,0.07507050413865575,0.015339163100194581,0.1267855306805029
BRD-K74329753,6,26,0.11973998642718066,0.022634653622006486,0.1630486647466474
BRD-K74341727,6,28,0.07613964319798205,0.006713824979212952,0.15711762472374455
BRD-K74348865,8,116,0.07111881577138857,0.008233238189398999,0.07719246791731824
BRD-K74407269,6,28,0.12553690412943314,0.01883842041987281,0.15711762472374455
BRD-K74436011,7,64,0.0379762960633585,0.008089789815935963,0.10392354040105038
BRD-K74446951,8,82,0.017210448010959882,0.006173048349197294,0.0918114812927117
BRD-K74447990,9,131,0.05910181004472577,0.005784232738370818,0.07263873506478
BRD-K74461819,7,69,0.10531593924829406,0.012650116909075304,0.1000873925349908
BRD-K74486276,9,143,0.0951854291829853,0.007037684114298509,0.06952418424962198
BRD-K74507776,8,147,0.03882815634740915,0.004204045268228023,0.06857175317221187
BRD-K74534237,9,64,0.04241372130673655,0.009867788242772917,0.10392354040105038
BRD-K74548617,6,189,0.0502939665119502,0.010637293633019011,0.06047460195245902
BRD-K74553461,6,26,0.07848787374723179,0.009275178162074946,0.1630486647466474
BRD-K74561903,9,131,0.05991061663282661,0.007386062232619518,0.07263873506478
BRD-K74566474,2,25,0.1615683459106032,0.015900965198723672,0.1662776646416806
BRD-K74569352,2,25,0.23285583402055637,0.008472643586797555,0.1662776646416806
BRD-K74596421,9,120,0.0114179935843403,0.00798089383265127,0.07589502311127302
BRD-K74606027,13,167,0.05225538801644974,0.005678288568874823,0.06433475997562621
BRD-K74623475,13,165,0.06911779127946276,0.0061194843931885855,0.06472349318059607
BRD-K74656908,3,20,0.202732371877969,0.008381108736018978,0.1859040806393555
BRD-K74667984,2,30,0.11610062191078487,0.02000655792419285,0.15179004622254605
BRD-K74690444,9,131,0.06817730781313278,0.007704486374398256,0.07263873506478
BRD-K74711637,13,178,0.04463928085319466,0.006147425242863497,0.062315189410583144
BRD-K74728819,4,230,0.10513992783317291,0.003420869827595035,0.054820122613288634
BRD-K74757268,2,20,0.13718054062796242,0.02017052855105431,0.1859040806393555
BRD-K74767048,8,145,0.05306930547819841,0.007334970542468655,0.06904304224563809
BRD-K74773935,3,48,0.07763527294024822,0.006923764828280424,0.12000056805137077
BRD-K74777906,8,116,0.05143535060129928,0.010506018855804567,0.07719246791731824
BRD-K74840245,9,127,0.06843333292461072,0.015313813038417263,0.07377378404515243
BRD-K74894470,6,30,0.09988849759224465,0.015339509344504542,0.15179004622254605
BRD-K74923162,2,57,0.12443164297671988,0.009002779197758494,0.11012007353755805
BRD-K74931283,13,149,0.03673625433430401,0.007885824298733603,0.06810998527191248
BRD-K74949371,13,167,0.03493761764512743,0.006266135520125436,0.06433475997562621
BRD-K74951051,8,64,0.04957020878240977,0.0060492119952964074,0.10392354040105038
BRD-K74965436,3,95,0.10706709442023973,0.006879862615731192,0.08529864217881968
BRD-K74980345,9,141,0.048886830542210026,0.006303563027579803,0.07001552735422285
BRD-K74989018,9,127,0.042265502721593684,0.006414456853714606,0.07377378404515243
BRD-K74998149,2,30,0.2027435783252431,0.017470164246148757,0.15179004622254605
BRD-K75023015,2,20,0.1593471047464302,0.012735945162929935,0.1859040806393555
BRD-K75035820,8,137,0.030649811713073103,0.014621802025791511,0.07103029804693967
BRD-K75040614,9,137,0.04009997175606677,0.004615226605308527,0.07103029804693967
BRD-K75051049,2,25,0.19257825721065133,0.02037311225607973,0.1662776646416806
BRD-K75065443,2,213,0.16866428423141253,0.003230183132465858,0.056965789254484055
BRD-K75081836,14,163,0.16766081574164438,0.009432364701863713,0.06511935921509471
BRD-K75128590,13,153,0.06602183516396254,0.013108107399338695,0.06721376220575295
BRD-K75234292,2,57,0.15727201238227365,0.008276810014583682,0.11012007353755805
BRD-K75264577,7,44,0.09723317871178586,0.04566815508486395,0.12533650559840895
BRD-K75296800,9,162,0.03905614632979473,0.007513421612803448,0.06532003568221943
BRD-K75302809,9,95,0.04544818949393406,0.0062296083899527925,0.08529864217881968
BRD-K75304533,9,131,0.02804763262700481,0.007576274540427583,0.07263873506478
BRD-K75308990,8,138,0.06459854907277233,0.006843007551643224,0.07077247397277182
BRD-K75315865,8,185,0.05323195544222372,0.009866925383211744,0.06112488518608705
BRD-K75329208,13,174,0.031403629277942186,0.006793185225493812,0.06302738612786353
BRD-K75413841,6,28,0.08222407963292218,0.009912803857880919,0.15711762472374455
BRD-K75416754,6,30,0.08093551565201956,0.012221064956525871,0.15179004622254605
BRD-K75418381,13,167,0.02778910822961473,0.005488223625845317,0.06433475997562621
BRD-K75418563,4,195,0.07459882804532965,0.011741115443046946,0.05953695443522408
BRD-K75430629,8,138,0.05719138262273984,0.00672597367863141,0.07077247397277182
BRD-K75449859,4,74,0.09066654564050433,0.008419842273624457,0.0966469294521601
BRD-K75455321,6,28,0.087714447258685,0.010481978461627748,0.15711762472374455
BRD-K75458636,13,178,0.0244455956092033,0.0065088585804112704,0.062315189410583144
BRD-K75477256,9,131,0.053622325823220435,0.0048142488820535675,0.07263873506478
BRD-K75514176,7,69,0.03290358133771159,0.007048383732259617,0.1000873925349908
BRD-K75627148,11,1206,0.03695779312961376,0.002258614864737591,0.023940337393892334
BRD-K75633187,6,30,0.08083760634197891,0.010669701323274942,0.15179004622254605
BRD-K75641083,9,141,0.032451040016326434,0.006205842089295559,0.07001552735422285
BRD-K75644678,8,196,0.031081669633958427,0.0037128102811819696,0.05938488022917164
BRD-K75725875,2,213,0.16367772069680175,0.005620906338985182,0.056965789254484055
BRD-K75781834,6,28,0.09149174358606814,0.01217974329903857,0.15711762472374455
BRD-K75784474,8,133,0.0589203888387571,0.012869064568565753,0.07209051035999475
BRD-K75813018,8,444,0.06258963226849552,0.004414301906545238,0.03945594372742593
BRD-K75828577,2,25,0.15766972096653237,0.010241598582998558,0.1662776646416806
BRD-K75843415,8,54,0.04660633236706114,0.00942888216974239,0.11313762055381604
BRD-K75845944,8,64,0.05619826661114626,0.007569302380400946,0.10392354040105038
BRD-K75856618,2,30,0.13671326658548544,0.01030338909173452,0.15179004622254605
BRD-K75887136,6,26,0.10220773802717108,0.018449548328820283,0.1630486647466474
BRD-K75903201,13,766,0.018043736786717286,0.0029863498985999593,0.03003928115800912
BRD-K75907833,4,21,0.07728746353589015,0.015373533242997048,0.18142380585737705
BRD-K75940587,8,133,0.050277961245310795,0.004111750444942064,0.07209051035999475
BRD-K75964506,4,230,0.11756576483111825,0.004069497848886533,0.054820122613288634
BRD-K75969390,2,25,0.18244769218518608,0.02078245726185189,0.1662776646416806
BRD-K75971499,3,42,0.18486965857620283,0.01142457771299832,0.12828600339042298
BRD-K75999307,8,124,0.12113362087331565,0.006881230409612806,0.07466087544568958
BRD-K76005262,3,20,0.11138589122446056,0.01782537291286452,0.1859040806393555
BRD-K76021727,8,122,0.04473595491564956,0.007635748587711645,0.07527036209271129
BRD-K76052538,13,178,0.03871826381275885,0.012117513507682351,0.062315189410583144
BRD-K76073118,9,160,0.03738554761770314,0.006628075971157092,0.06572701803516952
BRD-K76079827,8,124,0.047098391486792845,0.009121453685207403,0.07466087544568958
BRD-K76103428,6,104,0.06453162580711413,0.006644425269608331,0.0815243323733237
BRD-K76108747,3,48,0.09659588581993954,0.007009216035981405,0.12000056805137077
BRD-K76132250,8,147,0.030322058860669965,0.00732484050572367,0.06857175317221187
BRD-K76138094,6,28,0.06699429595158321,0.008408316492517396,0.15711762472374455
BRD-K76150323,8,57,0.04683646649294005,0.011077127812479767,0.11012007353755805
BRD-K76188144,50,396,0.01578463621091676,0.004990376684731994,0.04177883519946965
BRD-K76211160,8,204,0.029788511311143327,0.004733926786330818,0.05820882555410844
BRD-K76236182,13,169,0.07446595772227424,0.008562122769036064,0.06395294793910793
BRD-K76243603,4,21,0.11913806912353159,0.007190203626477859,0.18142380585737705
BRD-K76263948,6,80,0.056543681699310004,0.008700133487737583,0.09295204031967776
BRD-K76264608,7,64,0.02453715617012899,0.007062531246254006,0.10392354040105038
BRD-K76269942,5,49,0.14513850902631775,0.015242738532320948,0.11876976045834328
BRD-K76293260,13,218,0.028795931616458142,0.004919267014907885,0.05630872241521197
BRD-K76318793,6,102,0.07854561818496618,0.007959183482920875,0.08231971054842975
BRD-K76352008,6,28,0.09858322934891611,0.01062464089753753,0.15711762472374455
BRD-K76352755,6,30,0.08267000405543605,0.005852366075898684,0.15179004622254605
BRD-K76357752,9,580,0.017701438758848085,0.0026656991232614905,0.034521521122819046
BRD-K76363932,9,131,0.03786230536088883,0.007529242358633723,0.07263873506478
BRD-K76369294,6,30,0.06764406739540768,0.006142683124191848,0.15179004622254605
BRD-K76390333,4,74,0.11428799375289367,0.009184459981325156,0.0966469294521601
BRD-K76418961,8,66,0.08720867113147285,0.009286117662967972,0.10233682828652971
BRD-K76425766,8,204,0.03936013315481597,0.005493480602154739,0.05820882555410844
BRD-K76425827,13,178,0.029926378955037473,0.007303192963301152,0.062315189410583144
BRD-K76438898,6,93,0.08328152105184994,0.012825570673512567,0.086210953073004
BRD-K76439996,4,61,0.12903287786632725,0.008738784691171465,0.106448366916246
BRD-K76528265,2,57,0.11053674355356656,0.0072426244814727215,0.11012007353755805
BRD-K76595177,9,131,0.030631450020750264,0.006636266317975642,0.07263873506478
BRD-K76612204,9,124,0.04378617649311255,0.004460425826941122,0.07466087544568958
BRD-K76636716,8,64,0.054874505248719944,0.013092204280885002,0.10392354040105038
BRD-K76691125,9,145,0.032710574849176416,0.0069277253154422696,0.06904304224563809
BRD-K76758536,2,25,0.15710584525862017,0.018224495388127312,0.1662776646416806
BRD-K76772814,8,122,0.05018423480098074,0.006997815401777846,0.07527036209271129
BRD-K76784707,4,21,0.12991042258716373,0.021140682145537097,0.18142380585737705
BRD-K76846644,9,141,0.037680663706418066,0.005734177030770767,0.07001552735422285
BRD-K76850979,6,28,0.0657729439453271,0.010573633022738015,0.15711762472374455
BRD-K76856691,8,57,0.17938108700649472,0.06452724151605363,0.11012007353755805
BRD-K76876037,8,47,0.06136591093103984,0.009957974734357661,0.12127045069624252
BRD-K76882924,13,173,0.018708074089153055,0.006733458993287135,0.06320928372433764
BRD-K76896292,9,131,0.05731828153388348,0.015627391797666482,0.07263873506478
BRD-K76915833,6,91,0.15001163644828486,0.01651985530880805,0.08715317726470301
BRD-K76926998,13,176,0.034344192247765214,0.005410165590295274,0.06266825279920447
BRD-K76933066,8,204,0.05415718043542622,0.005476612226846327,0.05820882555410844
BRD-K76935234,9,131,0.029515121726857135,0.0036010760799529344,0.07263873506478
BRD-K76938712,13,169,0.06495970631080619,0.007015944871548065,0.06395294793910793
BRD-K76941385,3,48,0.060468326454377545,0.012420535569794645,0.12000056805137077
BRD-K76951091,9,131,0.030880070206517788,0.005343946018148441,0.07263873506478
BRD-K76970388,2,25,0.09431097764426817,0.012271186078113816,0.1662776646416806
BRD-K76999748,9,302,0.04429684708548264,0.009572308464825005,0.047841022048239444
BRD-K77006185,6,28,0.0964480809060093,0.014102163759468553,0.15711762472374455
BRD-K77014406,14,659,0.025561282795264,0.003918632794164246,0.03238629095984098
BRD-K77032321,8,129,0.05286678190726146,0.013919915103672787,0.0731996602677379
BRD-K77051246,2,25,0.11414858190565476,0.010957757275671968,0.1662776646416806
BRD-K77144489,2,25,0.25924001729656737,0.027564942775088856,0.1662776646416806
BRD-K77191339,2,57,0.10197879044883676,0.006437279256333001,0.11012007353755805
BRD-K77229182,3,20,0.07108950841942546,0.009507325585429532,0.1859040806393555
BRD-K77239206,9,120,0.028755564938333922,0.008423997403447446,0.07589502311127302
BRD-K77264230,2,60,0.16688613989927903,0.016749447089885253,0.1073317710005818
BRD-K77287734,6,30,0.07565351591434953,0.00962830911416224,0.15179004622254605
BRD-K77316712,4,21,0.11951818911579992,0.011290888884194617,0.18142380585737705
BRD-K77326001,6,28,0.11813855447523167,0.021422431341366042,0.15711762472374455
BRD-K77328005,4,21,0.10867966361157616,0.009817244246416069,0.18142380585737705
BRD-K77402297,8,34,0.08694956744104619,0.013526132704948818,0.14258192113424395
BRD-K77432048,50,5777,0.023558685695578153,0.001472037994289594,0.010938373201858993
BRD-K77480336,9,162,0.10704820508264934,0.009878960520728904,0.06532003568221943
BRD-K77508012,3,180,0.08612099397309793,0.013294744520005846,0.06196802687978517
BRD-K77547509,8,106,0.14514004666052036,0.01044352747150537,0.08075157244612337
BRD-K77547920,9,131,0.16842443378439698,0.009713360454635703,0.07263873506478
BRD-K77596469,4,21,0.10692075831140592,0.011894964718695153,0.18142380585737705
BRD-K77629773,8,34,0.08947752865577513,0.020339258796041836,0.14258192113424395
BRD-K77634909,3,142,0.15035443671664747,0.009534420908175998,0.06976855823420344
BRD-K77644833,8,144,0.05191625765255575,0.005187021948449717,0.06928236026736692
BRD-K77663706,5,196,0.10119922564828178,0.003711913331809455,0.05938488022917164
BRD-K77681376,7,55,0.17997140530954872,0.021002893630981286,0.11210437863213016
BRD-K77690805,9,725,0.024303555557649473,0.0023495912569463737,0.030876987166927296
BRD-K77741497,6,28,0.08347777140970898,0.011517936486812007,0.15711762472374455
BRD-K77750380,8,89,0.05005396501129099,0.0058487858155555576,0.08812698600629496
BRD-K77760488,2,30,0.20482440950706512,0.016225601389279948,0.15179004622254605
BRD-K77762110,9,129,0.011971641435226483,0.010420242265327298,0.0731996602677379
BRD-K77774562,6,30,0.1053301912568863,0.015940092244584595,0.15179004622254605
BRD-K77786391,6,28,0.10719235367264118,0.016493047210113673,0.15711762472374455
BRD-K77790153,4,230,0.08098167459258304,0.003744359963433178,0.054820122613288634
BRD-K77793090,8,41,0.08471815923697228,0.014851334002698011,0.12984104202571659
BRD-K77811363,4,21,0.11613005955743005,0.01019531074225894,0.18142380585737705
BRD-K77831863,8,47,0.08336032957168028,0.016730624600278448,0.12127045069624252
BRD-K77888550,8,34,0.09735633608018682,0.016745425897258283,0.14258192113424395
BRD-K77909743,6,30,0.08559983020239757,0.012096297413371508,0.15179004622254605
BRD-K77922066,6,26,0.09233209003873745,0.01113728498923746,0.1630486647466474
BRD-K77939573,6,27,0.1010280345720536,0.00964718037532676,0.16000075740182768
BRD-K77987635,13,622,0.0466276943006382,0.003760198153967282,0.0333356346893279
BRD-K78013650,2,30,0.16295768659189222,0.02094923825132003,0.15179004622254605
BRD-K78014537,2,213,0.09742190840828988,0.005371951806869666,0.056965789254484055
BRD-K78018080,7,59,0.04039787238418803,0.006242712232443267,0.10823754040067521
BRD-K78056905,8,196,0.046136165797011255,0.00497706640534944,0.05938488022917164
BRD-K78062244,14,541,0.10738166854749867,0.005537349607583141,0.035744175849337916
BRD-K78075916,3,121,0.14643343282317955,0.006998866089048147,0.07558075665530938
BRD-K78094112,3,20,0.08739308015765082,0.01201823725242686,0.1859040806393555
BRD-K78097639,4,21,0.10317169480018999,0.006572265644436516,0.18142380585737705
BRD-K78133682,8,56,0.19636926825093767,0.034389372981998,0.11109893788608294
BRD-K78167523,9,131,0.01848162654049093,0.00793181462064978,0.07263873506478
BRD-K78189262,9,141,0.035818133288967186,0.006742385276742859,0.07001552735422285
BRD-K78206606,9,120,0.050545640294847524,0.009867960586713898,0.07589502311127302
BRD-K78223772,9,131,0.037481303834723666,0.0064331706809041865,0.07263873506478
BRD-K78235165,2,57,0.12495116749483991,0.008135164628536485,0.11012007353755805
BRD-K78316354,6,30,0.07839379651154332,0.009201772770618653,0.15179004622254605
BRD-K78385490,9,138,0.16322624667830998,0.01643156081785333,0.07077247397277182
BRD-K78386932,4,21,0.1073526095224215,0.009726699688785792,0.18142380585737705
BRD-K78388870,9,141,0.030286159023041975,0.004702442073139557,0.07001552735422285
BRD-K78420710,4,21,0.13219307643650405,0.014003573909233012,0.18142380585737705
BRD-K78432605,2,30,0.13516106722972965,0.011389050484475732,0.15179004622254605
BRD-K78438907,2,30,0.15187770607074996,0.013410767243754621,0.15179004622254605
BRD-K78481586,8,203,0.04303065203674843,0.006573646006060818,0.05835202091330174
BRD-K78487432,6,28,0.07236732959804851,0.0069342482096455245,0.15711762472374455
BRD-K78496556,2,25,0.21136105351871698,0.017458974704673114,0.1662776646416806
BRD-K78518750,2,21,0.18680072906428255,0.01299862765360612,0.18142380585737705
BRD-K78524708,9,162,0.03158270103538297,0.006060294665992698,0.06532003568221943
BRD-K78528600,8,47,0.07554276809335947,0.009775751431605324,0.12127045069624252
BRD-K78544941,6,26,0.1142513504874767,0.01919087665706771,0.1630486647466474
BRD-K78559095,13,178,0.061099821985511546,0.008786155900527153,0.062315189410583144
BRD-K78596368,13,169,0.03617996582073326,0.005424470376220185,0.06395294793910793
BRD-K78603557,13,170,0.035918034627799626,0.008266863768508909,0.06376457360373668
BRD-K78655498,3,20,0.15643476999197445,0.01143615984564458,0.1859040806393555
BRD-K78687850,8,66,0.03872216231289426,0.007302694146714923,0.10233682828652971
BRD-K78701355,13,171,0.039938952916746935,0.006967648649538778,0.06357785410009052
BRD-K78716413,51,829,0.049234456444477284,0.004378861242726982,0.02887530999143844
BRD-K78777980,2,30,0.14146462085117598,0.006268072703755856,0.15179004622254605
BRD-K78778188,2,30,0.15748240020535167,0.00943590366684609,0.15179004622254605
BRD-K78797196,8,196,0.0445041216352609,0.006460707271811214,0.05938488022917164
BRD-K78843060,7,155,0.09707844314191051,0.01169414388840806,0.06677871710248273
BRD-K78844995,13,200,0.053540669328992,0.00492333310449598,0.05878803211399748
BRD-K78883024,8,199,0.037662425400147546,0.003993493197129847,0.058935555638583256
BRD-K78914942,6,30,0.07167233873224403,0.010032408164980132,0.15179004622254605
BRD-K78915806,2,57,0.10745539975036221,0.006484177655371188,0.11012007353755805
BRD-K78918239,4,21,0.1285891969392022,0.03011224271238085,0.18142380585737705
BRD-K78944321,2,30,0.1631647854662448,0.012495299585294363,0.15179004622254605
BRD-K78984681,8,124,0.052431719198474565,0.005089729238196718,0.07466087544568958
BRD-K79052598,3,48,0.03019767470373514,0.012952780510064963,0.12000056805137077
BRD-K79064338,6,30,0.04894519885943454,0.009266247025393429,0.15179004622254605
BRD-K79102010,8,61,0.04513330291090977,0.009212281198330464,0.106448366916246
BRD-K79112806,8,72,0.041325699161408956,0.011851090548807952,0.09798005352332914
BRD-K79131428,9,162,0.06419682644423905,0.01639853842817065,0.06532003568221943
BRD-K79199685,6,30,0.07808970702288796,0.008803080334951334,0.15179004622254605
BRD-K79222491,9,97,0.16004022962123948,0.017133133537671107,0.08441469457065218
BRD-K79235952,8,204,0.04093043916814236,0.006961886015709821,0.05820882555410844
BRD-K79251086,9,131,0.030405235945520907,0.005067203416117755,0.07263873506478
BRD-K79260617,6,25,0.05558752752594234,0.009845549683453147,0.1662776646416806
BRD-K79333016,4,21,0.14187844755689247,0.008993318944576329,0.18142380585737705
BRD-K79342257,8,204,0.0219417294673688,0.0036168108688138926,0.05820882555410844
BRD-K79381128,9,131,0.03859339501837175,0.005483020148043899,0.07263873506478
BRD-K79390395,8,140,0.1106299054440588,0.013356173379041766,0.0702651378691189
BRD-K79414420,8,133,0.03290862739744421,0.004684789672239631,0.07209051035999475
BRD-K79459005,9,162,0.037287901551527794,0.013534386139607009,0.06532003568221943
BRD-K79489641,6,112,0.06096896945663488,0.0034375048968878393,0.07855881236187227
BRD-K79491139,9,141,0.037286328703270914,0.006339657030297817,0.07001552735422285
BRD-K79511609,7,94,0.15973785919516184,0.020340147663688222,0.08575115804486196
BRD-K79532217,8,48,0.06668695380485336,0.009615948749175601,0.12000056805137077
BRD-K79554012,8,133,0.09347018283664463,0.00758555674829985,0.07209051035999475
BRD-K79615119,6,30,0.07324479374763197,0.010408070031864253,0.15179004622254605
BRD-K79619196,13,172,0.05577863428380315,0.007401536379619528,0.06339276534025146
BRD-K79657514,8,284,0.04493643313420555,0.005533552791667742,0.04933382064101379
BRD-K79732306,6,76,0.184707722988416,0.02878887846550744,0.09536678115013579
BRD-K79758054,8,56,0.07249404087156665,0.011154293191842317,0.11109893788608294
BRD-K79768170,6,26,0.07746050593339307,0.007153104467479878,0.1630486647466474
BRD-K79779816,13,158,0.031992610632805674,0.005667795598977686,0.06614170365070911
BRD-K79781870,4,21,0.08152742269979157,0.010957234572325761,0.18142380585737705
BRD-K79793338,8,41,0.0817258846275858,0.015061713114278744,0.12984104202571659
BRD-K79793579,7,65,0.04715619363452304,0.009762701219393051,0.10312103000972132
BRD-K79797751,6,104,0.06368920556030393,0.0063535989023187954,0.0815243323733237
BRD-K79841204,4,21,0.09893559720830065,0.004916320114045209,0.18142380585737705
BRD-K79854633,4,230,0.07777977831411832,0.005839717703202688,0.054820122613288634
BRD-K79857601,8,204,0.02362864629490637,0.0038290317008529704,0.05820882555410844
BRD-K79947405,8,68,0.06311750529847013,0.013438627070351195,0.10082064330862942
BRD-K79947616,3,20,0.16599674767610514,0.011043781111979263,0.1859040806393555
BRD-K80044001,3,20,0.12895202490806087,0.010521384396897565,0.1859040806393555
BRD-K80045183,8,194,0.10338799374972159,0.0054953983805914215,0.05969020296269939
BRD-K80058284,8,85,0.04090933446063227,0.009371207044745845,0.09017672478934188
BRD-K80062189,3,48,0.19153544811159107,0.00828718403912505,0.12000056805137077
BRD-K80065513,3,20,0.10315418646380466,0.01052445583534048,0.1859040806393555
BRD-K80070306,8,199,0.04207035805268701,0.004044219317769247,0.058935555638583256
BRD-K80092909,6,28,0.1068185199754834,0.026515900964328872,0.15711762472374455
BRD-K80094086,9,132,0.0639894833567137,0.007337676009829149,0.07236306524652845
BRD-K80126354,8,204,0.03800224710127956,0.004902471566439702,0.05820882555410844
BRD-K80138901,8,77,0.04852731210296338,0.0113879706614423,0.09474549257464139
BRD-K80169513,8,84,0.06618702008169676,0.008281831293090798,0.09071190292868853
BRD-K80171496,8,43,0.04824224819322948,0.006660566976367879,0.1267855306805029
BRD-K80223377,6,30,0.09862831099331405,0.014498328254659442,0.15179004622254605
BRD-K80230516,2,30,0.23583947599427316,0.012664195939736108,0.15179004622254605
BRD-K80278608,6,30,0.07470888614208232,0.00721762505339905,0.15179004622254605
BRD-K80346834,13,166,0.0912324943965585,0.005706228003233838,0.06452824841243086
BRD-K80368509,4,1328,0.03587187877180618,0.0022529579233727275,0.022814181015259963
BRD-K80398603,6,28,0.08334214805430487,0.00686540843473278,0.15711762472374455
BRD-K80400482,8,48,0.06309902278659153,0.01290560535174995,0.12000056805137077
BRD-K80439608,8,79,0.04589530292923635,0.009668687824575712,0.0935384943412949
BRD-K80496944,6,28,0.057961010255761385,0.008184325740741627,0.15711762472374455
BRD-K80553643,8,82,0.043128043927206185,0.010439588584689815,0.0918114812927117
BRD-K80579245,7,44,0.0438609203113346,0.0071232659395195404,0.12533650559840895
BRD-K80598371,2,25,0.1588828137518645,0.010789846305615287,0.1662776646416806
BRD-K80602561,9,162,0.058766266560193806,0.01694217478907465,0.06532003568221943
BRD-K80622828,6,26,0.0703205931836627,0.009579494545138267,0.1630486647466474
BRD-K80648041,3,20,0.0830951586247092,0.013612538217688725,0.1859040806393555
BRD-K80666761,8,57,0.032083718036355076,0.0070451899626405535,0.11012007353755805
BRD-K80686274,6,28,0.05660228435851421,0.01600207716164153,0.15711762472374455
BRD-K80718156,8,147,0.035199350561727065,0.006131192642088198,0.06857175317221187
BRD-K80723690,3,48,0.07184135877125389,0.011660063757404693,0.12000056805137077
BRD-K80732408,3,20,0.1275537109245334,0.00692681563141918,0.1859040806393555
BRD-K80779790,7,69,0.05293994382150531,0.005193401751252383,0.1000873925349908
BRD-K80786583,13,123,0.17052371439978195,0.013602554770195726,0.07496376056540899
BRD-K80822897,8,122,0.07785328916014002,0.008609911294129574,0.07527036209271129
BRD-K80832690,2,30,0.13486619024063703,0.010764752190351681,0.15179004622254605
BRD-K80848452,6,21,0.11322064759855233,0.007285265570999613,0.18142380585737705
BRD-K80881992,4,21,0.08474364837197723,0.006545137193365087,0.18142380585737705
BRD-K80954162,6,28,0.08459102647901888,0.011876528904905162,0.15711762472374455
BRD-K80962769,9,128,0.03731640370824521,0.004193180705813473,0.07348504014249686
BRD-K80999199,3,20,0.128781011612067,0.008532883916627921,0.1859040806393555
BRD-K81119027,2,49,0.12972366902217153,0.004932293163689464,0.11876976045834328
BRD-K81156227,5,87,0.06465139825181339,0.009996034523730797,0.08913418426295049
BRD-K81164606,6,200,0.11700660453383963,0.007927247915667937,0.05878803211399748
BRD-K81210389,7,40,0.050087388213284456,0.007381252158784594,0.13145403607033904
BRD-K81214387,8,122,0.038904277066056245,0.004125069783648582,0.07527036209271129
BRD-K81218586,8,61,0.044402421204647956,0.010109651975126166,0.106448366916246
BRD-K81249055,2,57,0.19021578223356744,0.006992833409949313,0.11012007353755805
BRD-K81249836,9,149,0.049380908573062814,0.005543062906549337,0.06810998527191248
BRD-K81261525,2,25,0.1193217771043235,0.0145423658649257,0.1662776646416806
BRD-K81300454,9,141,0.04996486468664725,0.006056536725185789,0.07001552735422285
BRD-K81311598,4,74,0.09821903224811267,0.006491841940705941,0.0966469294521601
BRD-K81313552,13,176,0.03544905359945284,0.012434916296080128,0.06266825279920447
BRD-K81314178,14,155,0.031502015670851764,0.005773055048678127,0.06677871710248273
BRD-K81332148,2,25,0.18515732364052134,0.02587954292862357,0.1662776646416806
BRD-K81397638,9,127,0.04623622808199263,0.006511322446182787,0.07377378404515243
BRD-K81408913,7,59,0.05420018779278262,0.008283008015870872,0.10823754040067521
BRD-K81417919,6,28,0.0968970309630978,0.01962975229782037,0.15711762472374455
BRD-K81438250,4,21,0.1083628071925477,0.0072916590355765025,0.18142380585737705
BRD-K81441552,13,174,0.05458741766988653,0.006927535687286076,0.06302738612786353
BRD-K81461172,6,28,0.1405975265128561,0.02753285139399574,0.15711762472374455
BRD-K81496150,6,104,0.07746054980068214,0.0066475578785321525,0.0815243323733237
BRD-K81514393,8,138,0.05821262521131292,0.010423083847845897,0.07077247397277182
BRD-K81524996,2,193,0.12051534492726466,0.00433907499193822,0.059844641003395496
BRD-K81527737,8,64,0.040632279726359716,0.008301988182374433,0.10392354040105038
BRD-K81538844,9,137,0.0285916173056426,0.008461275646374247,0.07103029804693967
BRD-K81609421,13,156,0.0569934582883483,0.010371537077380947,0.06656433864523432
BRD-K81646882,6,112,0.09265975292429887,0.008306402216605988,0.07855881236187227
BRD-K81647657,54,450,0.03292472597960936,0.0053621288259304905,0.03919202140933166
BRD-K81654062,2,25,0.14322363621396733,0.009928484046904208,0.1662776646416806
BRD-K81658138,4,21,0.07689490869316778,0.013858718490739755,0.18142380585737705
BRD-K81658952,8,43,0.10453784547759144,0.020418276676021866,0.1267855306805029
BRD-K81732150,2,30,0.17430841464243318,0.019520709772456308,0.15179004622254605
BRD-K81751891,8,204,0.0320776959783365,0.004932586626230014,0.05820882555410844
BRD-K81795824,13,178,0.16285779145166102,0.011594248700580182,0.062315189410583144
BRD-K81807412,13,282,0.03642567576422457,0.006226868219506915,0.04950845418052319
BRD-K81813927,13,175,0.042078952085398046,0.007531364589673914,0.06284704988949782
BRD-K81814927,9,76,0.20408925699560188,0.014482629221069424,0.09536678115013579
BRD-K81826010,8,194,0.1025098808739882,0.010832288917836996,0.05969020296269939
BRD-K81858524,2,20,0.2045980015248025,0.02883640299233906,0.1859040806393555
BRD-K81927853,9,162,0.04678742788300378,0.004541573972631921,0.06532003568221943
BRD-K81933000,9,141,0.04525290155065026,0.004906082390422158,0.07001552735422285
BRD-K81940726,4,21,0.15144703926891345,0.011792107429918725,0.18142380585737705
BRD-K82005490,4,21,0.12995356970870023,0.010849730845919692,0.18142380585737705
BRD-K82014438,3,20,0.136607538474935,0.00985391206694528,0.1859040806393555
BRD-K82024442,9,141,0.038663871476347686,0.009620587072690492,0.07001552735422285
BRD-K82034465,9,132,0.04470686321723244,0.006956688903054018,0.07236306524652845
BRD-K82071478,8,47,0.07406729916906396,0.011616479379558592,0.12127045069624252
BRD-K82092559,9,1773,0.016753608668027137,0.0017743707956179708,0.01974465514099782
BRD-K82096551,8,53,0.04241369050024663,0.006590440276098471,0.11419996893626119
BRD-K82137294,9,158,0.04048871904467724,0.005794516537669351,0.06614170365070911
BRD-K82140622,8,204,0.033376832010280785,0.004522860858945869,0.05820882555410844
BRD-K82185908,8,124,0.0464622443358374,0.007053049495218513,0.07466087544568958
BRD-K82196068,9,162,0.03423294093057447,0.004896418615733836,0.06532003568221943
BRD-K82206012,15,246,0.11142770756057178,0.021669978892666305,0.05300738343904539
BRD-K82226238,2,25,0.1966911862354741,0.015350130875122995,0.1662776646416806
BRD-K82230692,9,634,0.019906188972134333,0.003093732049531426,0.0330186483960841
BRD-K82234732,6,28,0.07138533896067341,0.010973022615942525,0.15711762472374455
BRD-K82263627,2,25,0.13763783157183962,0.008684650239946605,0.1662776646416806
BRD-K82326223,3,48,0.08460842695648878,0.0102607819332966,0.12000056805137077
BRD-K82367827,2,60,0.11873558035783889,0.015791524986431122,0.1073317710005818
BRD-K82384352,9,141,0.04561282980982945,0.004820040784098757,0.07001552735422285
BRD-K82462389,8,48,0.07324304937307395,0.022833926104456528,0.12000056805137077
BRD-K82469533,7,69,0.04755027303340029,0.00912482913113139,0.1000873925349908
BRD-K82492171,13,147,0.03140443404650045,0.007795319198979007,0.06857175317221187
BRD-K82524003,9,961,0.019110827666430522,0.0027007880630782414,0.026818978168013
BRD-K82544341,2,49,0.10544121809598157,0.008105101177380268,0.11876976045834328
BRD-K82580504,9,118,0.05554494881985714,0.007073453248788473,0.07653549879627033
BRD-K82594686,9,145,0.0777221935896157,0.009727110975220438,0.06904304224563809
BRD-K82669795,6,30,0.08023941805856591,0.012115545109296268,0.15179004622254605
BRD-K82685933,12,150,0.11054667232209574,0.008578182215150673,0.06788257233228963
BRD-K82727027,6,30,0.07050514237313926,0.007129480140566901,0.15179004622254605
BRD-K82732294,9,119,0.17867887393978535,0.011259024380505541,0.07621324263319477
BRD-K82747512,9,129,0.018169011500124788,0.004765484862500936,0.0731996602677379
BRD-K82750814,2,207,0.2194965543125263,0.01339397691235471,0.05778548302256468
BRD-K82768082,8,133,0.03931452984941738,0.005315288626902401,0.07209051035999475
BRD-K82837433,13,168,0.08270405224708575,0.008331343451024025,0.06414300169521149
BRD-K82927587,7,69,0.04958904920051668,0.01062192379373259,0.1000873925349908
BRD-K82971429,13,169,0.07636710452883931,0.004770187254275932,0.06395294793910793
BRD-K82987299,3,153,0.13065603092038702,0.015481639293099392,0.06721376220575295
BRD-K83007718,2,30,0.1758441062116618,0.011456397320257607,0.15179004622254605
BRD-K83068825,3,48,0.09265189304423176,0.013088623513309507,0.12000056805137077
BRD-K83072410,8,53,0.06453972472993089,0.009532256834423984,0.11419996893626119
BRD-K83132555,6,30,0.08731429809951713,0.010469152310831282,0.15179004622254605
BRD-K83151319,8,133,0.07205652550007163,0.0062167895724363,0.07209051035999475
BRD-K83155387,2,25,0.21610037894001957,0.01249793622238781,0.1662776646416806
BRD-K83161876,3,48,0.10104800774300235,0.019305482598803072,0.12000056805137077
BRD-K83194053,8,194,0.08217453303049793,0.005051529534372001,0.05969020296269939
BRD-K83213280,8,204,0.0630372129436697,0.005685988360843278,0.05820882555410844
BRD-K83216866,4,58,0.07276497205282609,0.007664492083775323,0.10916663504172149
BRD-K83316435,2,30,0.13943819046828648,0.01322632663524479,0.15179004622254605
BRD-K83355732,13,175,0.06032274515120748,0.006357541771180546,0.06284704988949782
BRD-K83385358,5,50,0.116754857170962,0.004346664876853317,0.11757606422799496
BRD-K83390709,6,30,0.0831909676864485,0.01222812863283944,0.15179004622254605
BRD-K83431831,2,30,0.12072979203249784,0.010840296172186624,0.15179004622254605
BRD-K83473338,3,20,0.12924785620325507,0.011105115129445694,0.1859040806393555
BRD-K83493571,8,864,0.05768832867788852,0.0044260252395980654,0.02828440513845401
BRD-K83498497,2,30,0.1779482050658221,0.016540638642802526,0.15179004622254605
BRD-K83509924,9,160,0.05580811583515112,0.005849404129146009,0.06572701803516952
BRD-K83541009,6,26,0.11260100856778835,0.014710533471526056,0.1630486647466474
BRD-K83548510,8,84,0.028656088583432,0.006507977753653687,0.09071190292868853
BRD-K83589469,8,204,0.03002396586642472,0.0037286240259281787,0.05820882555410844
BRD-K83601549,2,30,0.1650672605351803,0.010731328484454808,0.15179004622254605
BRD-K83620635,13,574,0.03469635774215158,0.006283317797091517,0.0347014781429963
BRD-K83631404,8,22,0.12920110670856508,0.028203412072130465,0.17725258607772132
BRD-K83670234,9,131,0.19198199394706345,0.013466608894851717,0.07263873506478
BRD-K83675132,4,21,0.11287760129355352,0.014202548151575145,0.18142380585737705
BRD-K83691318,14,163,0.06365888721778085,0.013529846635898802,0.06511935921509471
BRD-K83694683,11,1288,0.07833943057093859,0.004031604916031381,0.02316572993567993
BRD-K83727172,4,46,0.07711969299519515,0.009865488406570908,0.1225815206981868
BRD-K83780283,9,141,0.03111648455582051,0.004277489796922556,0.07001552735422285
BRD-K83816656,9,162,0.06874982958008735,0.006160210432840485,0.06532003568221943
BRD-K83826027,6,23,0.08039479301677185,0.01158430844919258,0.17335644906769404
BRD-K83836748,3,48,0.1483831181408554,0.010440424885959355,0.12000056805137077
BRD-K83859302,6,28,0.06952932834876512,0.009017150148814384,0.15711762472374455
BRD-K83860226,2,57,0.11343136421975072,0.006678543768856335,0.11012007353755805
BRD-K83929831,9,162,0.05144022209055885,0.007440488473052119,0.06532003568221943
BRD-K83941994,2,25,0.13531355245690713,0.011842519410269012,0.1662776646416806
BRD-K83982653,2,57,0.15005254884501232,0.011032519028450267,0.11012007353755805
BRD-K83998179,13,176,0.04188162137915345,0.005397147884598322,0.06266825279920447
BRD-K84023371,2,4696,0.03799682310418668,0.0010452992374806191,0.01213220881057345
BRD-K84024786,8,34,0.10025077453860891,0.02093112428679806,0.14258192113424395
BRD-K84039354,6,228,0.07981814412976007,0.004685380195319456,0.055060036768779026
BRD-K84091085,9,141,0.02834887195459303,0.005456894398092597,0.07001552735422285
BRD-K84102257,9,162,0.023875588758287058,0.004674241397553253,0.06532003568221943
BRD-K84106030,9,152,0.06129546047184316,0.0070626088836972314,0.06743449765119443
BRD-K84114569,13,169,0.03398762115999841,0.005861370160278368,0.06395294793910793
BRD-K84203638,8,729,0.1710753292563265,0.0057679982198402336,0.030792160118829744
BRD-K84218095,6,30,0.10233497572255909,0.02439912452982737,0.15179004622254605
BRD-K84238725,4,21,0.09943514832744572,0.03034717299765653,0.18142380585737705
BRD-K84245233,8,174,0.10277036216868206,0.0058298979375083415,0.06302738612786353
BRD-K84252391,3,48,0.1059285068622494,0.007307206056993076,0.12000056805137077
BRD-K84301121,8,133,0.0343532504858949,0.005562191544937636,0.07209051035999475
BRD-K84389640,3,180,0.10459172394994243,0.014130036888247356,0.06196802687978517
BRD-K84421793,13,204,0.09179323520894746,0.006014415512236315,0.05820882555410844
BRD-K84447176,2,65,0.1521517819299938,0.008927880670146071,0.10312103000972132
BRD-K84450674,9,303,0.0830980545224153,0.005711367499329171,0.04776201122297543
BRD-K84455184,6,28,0.0892899905075625,0.012399931338907547,0.15711762472374455
BRD-K84528570,8,82,0.043603692579539804,0.00872478319558001,0.0918114812927117
BRD-K84536720,6,28,0.15627727909370823,0.05120016277206003,0.15711762472374455
BRD-K84559549,2,30,0.15800797248947485,0.01227407305757672,0.15179004622254605
BRD-K84567604,4,21,0.11895426843176242,0.007542090108420327,0.18142380585737705
BRD-K84571636,13,152,0.03343364643888393,0.00585404843099402,0.06743449765119443
BRD-K84586204,4,21,0.15977149154556694,0.01917882205676311,0.18142380585737705
BRD-K84636160,6,30,0.0632123265176401,0.009483089441641487,0.15179004622254605
BRD-K84651951,8,34,0.08899804182083916,0.015263163929934005,0.14258192113424395
BRD-K84677391,13,137,0.03591099454868427,0.00532420872619788,0.07103029804693967
BRD-K84679731,2,213,0.16097863234218465,0.004053717901869641,0.056965789254484055
BRD-K84724939,2,25,0.15646945942304438,0.013510418723895194,0.1662776646416806
BRD-K84762162,9,131,0.04269371125583616,0.006207677658184404,0.07263873506478
BRD-K84770158,9,117,0.03459668675294556,0.004893853942379985,0.07686187767051089
BRD-K84770507,6,28,0.12417489634626358,0.02456896704930131,0.15711762472374455
BRD-K84797952,7,48,0.04554634385215446,0.008523766130005621,0.12000056805137077
BRD-K84803513,13,169,0.03258840971676971,0.004805520270223715,0.06395294793910793
BRD-K84807441,2,20,0.15290034411222897,0.00901873173722979,0.1859040806393555
BRD-K84855052,13,776,0.014672084375736924,0.003849119126091021,0.029845101481349695
BRD-K84855138,8,199,0.020827574056360345,0.005367464658854962,0.058935555638583256
BRD-K84864079,8,133,0.03594996086078146,0.0037749314493798693,0.07209051035999475
BRD-K84874839,9,151,0.054622573703394614,0.015179272926474004,0.06765742221841048
BRD-K84881516,8,133,0.04512397894035686,0.005963343333461368,0.07209051035999475
BRD-K84890987,2,30,0.14601395256031657,0.009095461637029033,0.15179004622254605
BRD-K84924563,51,383,0.041420112146007874,0.004755267497454986,0.04248195881759507
BRD-K84935204,4,21,0.09211643996026868,0.01035441862891165,0.18142380585737705
BRD-K84951011,2,25,0.11927980009552545,0.010464708786127836,0.1662776646416806
BRD-K84959002,2,30,0.17359567318274846,0.013978942081002862,0.15179004622254605
BRD-K84963986,2,49,0.1204003039837402,0.0066906961148821015,0.11876976045834328
BRD-K85051645,9,704,0.020792958759233177,0.002868311095304509,0.03133412639960224
BRD-K85102293,2,288,0.13928423737063145,0.007217906233166047,0.04899002676166457
BRD-K85119394,2,25,0.14077225730034648,0.009237225802198858,0.1662776646416806
BRD-K85123403,13,170,0.05816451507495316,0.00858901770063131,0.06376457360373668
BRD-K85123694,4,21,0.15810136725746549,0.007643071980942441,0.18142380585737705
BRD-K85134515,4,21,0.14428932671595954,0.014688142757183326,0.18142380585737705
BRD-K85147876,9,118,0.03351251204412212,0.00472935527310511,0.07653549879627033
BRD-K85174275,7,64,0.0728131612330465,0.028418597689309058,0.10392354040105038
BRD-K85194284,8,47,0.05931121468471271,0.009013957099821175,0.12127045069624252
BRD-K85197047,8,34,0.1037910553171198,0.022987761419518436,0.14258192113424395
BRD-K85205404,8,57,0.030566486050894015,0.007047173427190333,0.11012007353755805
BRD-K85211514,2,30,0.21706445089694484,0.012513205259700757,0.15179004622254605
BRD-K85236313,7,64,0.038894856966226625,0.007500464396817845,0.10392354040105038
BRD-K85237725,9,120,0.01658167889402849,0.00845969279476294,0.07589502311127302
BRD-K85266146,13,136,0.0645474820718252,0.010432647007092783,0.07129096056712197
BRD-K85275009,8,121,0.04598979538242175,0.008739925862348825,0.07558075665530938
BRD-K85297660,4,21,0.13306981919808208,0.009920719121291671,0.18142380585737705
BRD-K85322309,6,28,0.1017536697622788,0.009940186361464431,0.15711762472374455
BRD-K85413794,2,7243,0.032529251636413056,0.0008093576819163548,0.009768877822008148
BRD-K85426712,4,21,0.11136910800980979,0.0086492509284218,0.18142380585737705
BRD-K85549762,8,57,0.032527008986410574,0.007632525319134809,0.11012007353755805
BRD-K85569074,6,28,0.07571829925331348,0.00951454283341118,0.15711762472374455
BRD-K85580279,9,131,0.03673451028530994,0.005287239231131754,0.07263873506478
BRD-K85592362,8,129,0.046876379946759625,0.009022588408432062,0.0731996602677379
BRD-K85593835,8,47,0.08066157470644812,0.008481927604925278,0.12127045069624252
BRD-K85630885,3,20,0.10407008801579083,0.014482904164696378,0.1859040806393555
BRD-K85632805,3,20,0.10614588599303514,0.009008736316165044,0.1859040806393555
BRD-K85650383,8,64,0.04054443655987968,0.005336522680744552,0.10392354040105038
BRD-K85660637,8,147,0.08646521183432665,0.00654311067842452,0.06857175317221187
BRD-K85670329,8,126,0.052906169507489935,0.00862202016672513,0.07406595859072196
BRD-K85694079,13,164,0.04565565952357045,0.005740021789871884,0.06492052101285829
BRD-K85751793,2,20,0.16045343468431758,0.010472855903381578,0.1859040806393555
BRD-K85806228,8,34,0.05863751300013332,0.015248084263251265,0.14258192113424395
BRD-K85818861,9,150,0.10204799132467118,0.012055497569966747,0.06788257233228963
BRD-K85822033,4,1288,0.033500524999287656,0.002669147192701333,0.02316572993567993
BRD-K85853281,9,93,0.17314258266878702,0.015779012226233857,0.086210953073004
BRD-K85937960,8,131,0.04170315469798264,0.0045507831605209005,0.07263873506478
BRD-K85955502,6,30,0.06684366656958543,0.009775148122763184,0.15179004622254605
BRD-K85976669,3,20,0.12494693271778468,0.008557473725477332,0.1859040806393555
BRD-K86011921,2,30,0.1312511994248237,0.010430002575977334,0.15179004622254605
BRD-K86027709,9,153,0.0986242637593363,0.007106997653427297,0.06721376220575295
BRD-K86043715,6,26,0.09229206179740279,0.01772466746977082,0.1630486647466474
BRD-K86048057,7,56,0.037749978532435474,0.015777904281856856,0.11109893788608294
BRD-K86108784,9,131,0.04203246036394897,0.004166147510951869,0.07263873506478
BRD-K86110682,13,176,0.025774243800137393,0.006968524219789104,0.06266825279920447
BRD-K86149906,7,64,0.04192495493792426,0.006070637865653169,0.10392354040105038
BRD-K86182839,2,30,0.13038217874307892,0.014506108531925403,0.15179004622254605
BRD-K86191692,6,111,0.07764239448372642,0.006347625487182895,0.07891188745485186
BRD-K86217247,9,127,0.041696982043977295,0.0055723262354547744,0.07377378404515243
BRD-K86217343,2,30,0.22900335705871974,0.015910764025818726,0.15179004622254605
BRD-K86231656,9,141,0.051170517561668745,0.006105916129077189,0.07001552735422285
BRD-K86265745,2,21,0.17983922171902786,0.013696579324304773,0.18142380585737705
BRD-K86269644,13,169,0.045841252529337316,0.0051824206393797,0.06395294793910793
BRD-K86273012,8,122,0.027987470542628897,0.007736765339255634,0.07527036209271129
BRD-K86326967,5,82,0.09965097488726196,0.005884217750043553,0.0918114812927117
BRD-K86336638,8,194,0.026184280989095803,0.007120429040388235,0.05969020296269939
BRD-K86354270,3,20,0.20299373550469307,0.012693547703237655,0.1859040806393555
BRD-K86456986,8,199,0.03207276574144703,0.011141191283191996,0.058935555638583256
BRD-K86492010,9,141,0.04881615608366097,0.00734911497689759,0.07001552735422285
BRD-K86522396,8,29,0.09582928438206295,0.0195546983265568,0.15438493583463647
BRD-K86535717,4,21,0.09119077037395854,0.007345781383240884,0.18142380585737705
BRD-K86565213,9,136,0.029849580735259673,0.004294219794080095,0.07129096056712197
BRD-K86570333,3,45,0.09360065926937887,0.0074113720465661375,0.12393605375957034
BRD-K86574132,53,600,0.11587668073271465,0.006452940651153199,0.033941286166144814
BRD-K86606617,2,30,0.13107708827707518,0.007110405270963202,0.15179004622254605
BRD-K86618560,8,47,0.0710702540193613,0.013065873226873893,0.12127045069624252
BRD-K86631041,13,613,0.02568570049581218,0.0038095265746133124,0.03357945810271376
BRD-K86638751,2,20,0.15645353416858304,0.012892499397293405,0.1859040806393555
BRD-K86652643,9,141,0.04305907456518495,0.005618591457568491,0.07001552735422285
BRD-K86671899,8,53,0.09489486614398279,0.011605675997750765,0.11419996893626119
BRD-K86682249,51,1146,0.023308406621235497,0.004372748315672305,0.024559052740785365
BRD-K86693415,13,768,0.020339462034547444,0.005422915182505384,0.030000142012842693
BRD-K86780816,6,30,0.06976943630822148,0.015724296125189316,0.15179004622254605
BRD-K86786416,8,64,0.06401192547106759,0.009832902006014799,0.10392354040105038
BRD-K86838317,3,20,0.17801765442434014,0.01111681101338668,0.1859040806393555
BRD-K86845397,3,88,0.120423966508897,0.004880123805065615,0.08862629303886066
BRD-K86846944,9,131,0.032098707491990675,0.005086874744330589,0.07263873506478
BRD-K86899078,9,136,0.08965443863932424,0.011676233582152546,0.07129096056712197
BRD-K86901264,13,167,0.044821772025189215,0.0070976724142229036,0.06433475997562621
BRD-K86905031,9,131,0.04383975107558188,0.006929208165962395,0.07263873506478
BRD-K86947329,2,30,0.1109678739819272,0.012438512840168591,0.15179004622254605
BRD-K86948282,2,25,0.16298004278990566,0.014991078483622177,0.1662776646416806
BRD-K86961442,3,20,0.1381960574712243,0.014585834908941267,0.1859040806393555
BRD-K86992982,8,131,0.04139653819176443,0.015122180763873254,0.07263873506478
BRD-K87040771,9,162,0.05632626999606223,0.015799636795218577,0.06532003568221943
BRD-K87113270,9,152,0.021779801503541862,0.006293910940609564,0.06743449765119443
BRD-K87125912,7,65,0.12542071816566605,0.021435133386542394,0.10312103000972132
BRD-K87166736,3,45,0.10853462983211838,0.01322198471517045,0.12393605375957034
BRD-K87167564,4,21,0.1572604280067067,0.02024553428616032,0.18142380585737705
BRD-K87182158,4,21,0.07607152266355852,0.01221978603634085,0.18142380585737705
BRD-K87252271,8,57,0.05586664088143243,0.008251259209440908,0.11012007353755805
BRD-K87268239,2,213,0.172831120324496,0.003289731634604642,0.056965789254484055
BRD-K87304961,3,20,0.10730286260459639,0.009479662837098292,0.1859040806393555
BRD-K87313043,7,64,0.05580894698704802,0.008768936632538587,0.10392354040105038
BRD-K87338781,8,116,0.05007219284317168,0.008643972640671588,0.07719246791731824
BRD-K87340398,8,34,0.12431371219565361,0.018830162098408824,0.14258192113424395
BRD-K87367419,2,25,0.13152422888579438,0.008361935186338673,0.1662776646416806
BRD-K87371039,9,124,0.03938087315193207,0.003696877876948466,0.07466087544568958
BRD-K87387614,9,153,0.06521606652673953,0.007642229162213865,0.06721376220575295
BRD-K87403606,8,133,0.0373202467509863,0.010481069199982975,0.07209051035999475
BRD-K87426499,13,160,0.04004681317557057,0.013427028687769137,0.06572701803516952
BRD-K87426959,6,112,0.08595865438076827,0.01123167864852702,0.07855881236187227
BRD-K87432599,13,169,0.030729172353325212,0.005256120066154309,0.06395294793910793
BRD-K87467896,2,213,0.16628834870008755,0.0035534095738367047,0.056965789254484055
BRD-K87520488,6,26,0.11649360214849244,0.019828453124817576,0.1630486647466474
BRD-K87536251,8,64,0.06538227330742766,0.0070306635544239845,0.10392354040105038
BRD-K87621813,4,21,0.09301374620965426,0.007742062541090545,0.18142380585737705
BRD-K87634799,2,57,0.14300211324467868,0.006620379826284427,0.11012007353755805
BRD-K87657228,8,179,0.05166219035874922,0.013236697883913566,0.06214088084701491
BRD-K87726525,8,133,0.1179320202781983,0.006865381181820246,0.07209051035999475
BRD-K87730440,14,171,0.02139741314406782,0.0046765072892360005,0.06357785410009052
BRD-K87779281,8,136,0.050438555882837764,0.007501663909045888,0.07129096056712197
BRD-K87790979,7,69,0.04815124704040125,0.007006848148559744,0.1000873925349908
BRD-K87838816,6,23,0.0992611493062914,0.009987999692587228,0.17335644906769404
BRD-K87838848,8,34,0.06057478985866353,0.016124274478628305,0.14258192113424395
BRD-K87888439,2,57,0.1304238055302687,0.01096937558801867,0.11012007353755805
BRD-K87920375,8,64,0.07116133703841443,0.018891212232412084,0.10392354040105038
BRD-K87927861,2,49,0.12534744489379313,0.005427338797273293,0.11876976045834328
BRD-K87964538,8,193,0.04854152825392193,0.006033062950451616,0.059844641003395496
BRD-K88008216,9,158,0.03984642792535237,0.0061154327587925675,0.06614170365070911
BRD-K88013557,9,132,0.03886515794667717,0.005878534218632163,0.07236306524652845
BRD-K88059273,9,143,0.033780460325797186,0.005691246681295415,0.06952418424962198
BRD-K88069074,6,28,0.10332193558536328,0.024325378556021272,0.15711762472374455
BRD-K88114920,8,34,0.20977941638246786,0.043065478043617274,0.14258192113424395
BRD-K88176535,4,21,0.10082247487252002,0.011243239191445348,0.18142380585737705
BRD-K88198340,8,196,0.1404881857492391,0.01575126962259339,0.05938488022917164
BRD-K88217904,9,160,0.042731158529837894,0.006993101542542902,0.06572701803516952
BRD-K88269385,9,141,0.03649950471651536,0.008162120158162513,0.07001552735422285
BRD-K88278225,8,218,0.12194131494268562,0.03190741605711552,0.05630872241521197
BRD-K88279116,8,53,0.07133355880159159,0.01216604850721849,0.11419996893626119
BRD-K88306467,4,21,0.08889511320083542,0.013755719978572535,0.18142380585737705
BRD-K88329126,8,59,0.09649229170403543,0.011972582009179401,0.10823754040067521
BRD-K88334823,3,20,0.13809319561873162,0.016022762014504328,0.1859040806393555
BRD-K88373420,7,64,0.033306554183535945,0.009436975178095252,0.10392354040105038
BRD-K88426506,2,213,0.11311171492488185,0.0037810364098010466,0.056965789254484055
BRD-K88511582,9,141,0.05027825749156514,0.00596387295170318,0.07001552735422285
BRD-K88522059,6,28,0.07918962257616739,0.011621261825709495,0.15711762472374455
BRD-K88542532,13,149,0.055992378651924676,0.011435354004299356,0.06810998527191248
BRD-K88556033,13,160,0.03292642064687655,0.006766372367005502,0.06572701803516952
BRD-K88569143,14,128,0.08974604254251897,0.021604216142382802,0.07348504014249686
BRD-K88575585,3,42,0.08678846923866211,0.011787175955108314,0.12828600339042298
BRD-K88617912,6,28,0.09090764205669433,0.022655041600529297,0.15711762472374455
BRD-K88622704,8,133,0.05935496708717583,0.004728517910235776,0.07209051035999475
BRD-K88668773,8,120,0.030595077176914034,0.010247872089843865,0.07589502311127302
BRD-K88668992,9,141,0.04000026161576649,0.005586454910538627,0.07001552735422285
BRD-K88707333,8,124,0.11943372297561664,0.008176826296156205,0.07466087544568958
BRD-K88708949,13,169,0.04227681468565998,0.008204641049990125,0.06395294793910793
BRD-K88710727,13,141,0.031286652080312026,0.005675814567603288,0.07001552735422285
BRD-K88714443,14,155,0.029089785719844136,0.0067529349513469695,0.06677871710248273
BRD-K88722443,2,25,0.1713437610559696,0.0095480564244062,0.1662776646416806
BRD-K88735704,14,160,0.0317474104019947,0.008465821167716795,0.06572701803516952
BRD-K88761633,8,133,0.07767294807702362,0.006726323017695863,0.07209051035999475
BRD-K88784410,9,131,0.046640635871067926,0.003238536829523517,0.07263873506478
BRD-K88817140,2,30,0.12088336262208982,0.010934280423039094,0.15179004622254605
BRD-K88821227,6,30,0.08647988161436763,0.014152671741190169,0.15179004622254605
BRD-K88822846,8,61,0.04720701795519087,0.011356861804618678,0.106448366916246
BRD-K88844437,2,25,0.1930189900546182,0.009437766545295117,0.1662776646416806
BRD-K88856990,3,20,0.16075778520234998,0.006539180183664122,0.1859040806393555
BRD-K88899439,4,21,0.10210190409154402,0.019201827313267833,0.18142380585737705
BRD-K88899793,7,64,0.03362778502114399,0.007778976651816674,0.10392354040105038
BRD-K88937432,4,21,0.08120273745879564,0.0054858075102914424,0.18142380585737705
BRD-K88964386,13,178,0.02715633035521465,0.005318295266173059,0.062315189410583144
BRD-K89000102,2,25,0.18607759321190548,0.016541716880343556,0.1662776646416806
BRD-K89005359,9,162,0.03600919560534345,0.004640910872685165,0.06532003568221943
BRD-K89009594,8,194,0.05431484866023446,0.00584994435071175,0.05969020296269939
BRD-K89010697,6,30,0.08277331400265332,0.009511107952297324,0.15179004622254605
BRD-K89020690,3,237,0.23936461360207015,0.002409879025546432,0.054004474887538886
BRD-K89059493,8,124,0.0816025514218508,0.016722649379040357,0.07466087544568958
BRD-K89079417,3,20,0.13300501760780717,0.01891267007244107,0.1859040806393555
BRD-K89097220,8,852,0.03982157445365854,0.0022690798570857698,0.028482894627242027
BRD-K89141537,3,20,0.11410568992052458,0.010492850945025018,0.1859040806393555
BRD-K89144439,6,84,0.048301848861471805,0.005828805413859752,0.09071190292868853
BRD-K89156937,13,178,0.03282817393371349,0.004524388558028168,0.062315189410583144
BRD-K89161054,2,25,0.16440999376641907,0.013003188814221345,0.1662776646416806
BRD-K89185880,6,102,0.0854121622371095,0.00772496739636434,0.08231971054842975
BRD-K89190195,8,204,0.038457485682227996,0.004102784487754023,0.05820882555410844
BRD-K89194506,2,25,0.14798229828193984,0.010536793539208639,0.1662776646416806
BRD-K89205986,3,180,0.06553614383520767,0.004562816723281763,0.06196802687978517
BRD-K89209981,8,127,0.05162430615277526,0.007618371805634313,0.07377378404515243
BRD-K89222451,4,21,0.10977827641659896,0.006510414304096753,0.18142380585737705
BRD-K89224880,9,131,0.12275496877933714,0.006621139548714665,0.07263873506478
BRD-K89288521,6,26,0.09967646989063325,0.010911711609635388,0.1630486647466474
BRD-K89306950,9,141,0.027404197676102637,0.006956026485172731,0.07001552735422285
BRD-K89329876,51,391,0.06084496632047182,0.005650545071807526,0.0420451147287124
BRD-K89348354,3,20,0.1502683342210133,0.009958071550128976,0.1859040806393555
BRD-K89383912,8,183,0.03791405781825663,0.005955476884216522,0.061457993293890685
BRD-K89401337,2,30,0.16431313574578738,0.00892191528058697,0.15179004622254605
BRD-K89412978,9,131,0.03753244151412051,0.004933963409831037,0.07263873506478
BRD-K89451433,9,162,0.09088072874137952,0.004851494638158183,0.06532003568221943
BRD-K89486464,9,141,0.038931831094162185,0.004522316692841309,0.07001552735422285
BRD-K89546934,9,131,0.0526519005876064,0.011811051220145537,0.07263873506478
BRD-K89558221,13,156,0.04996454949992022,0.013953221967749514,0.06656433864523432
BRD-K89563433,8,133,0.041903128336146,0.00549561847802142,0.07209051035999475
BRD-K89606138,4,21,0.10153683613725932,0.012328501094259554,0.18142380585737705
BRD-K89676402,4,21,0.09918831117635453,0.006024335747649708,0.18142380585737705
BRD-K89692698,51,1139,0.04548732403125325,0.004843214194190115,0.024634403945320998
BRD-K89696951,9,153,0.03327448702215807,0.00872378553640832,0.06721376220575295
BRD-K89748981,8,133,0.0429281511964928,0.007482096856507188,0.07209051035999475
BRD-K89784888,13,128,0.09213663818939069,0.015682599874403704,0.07348504014249686
BRD-K89786160,9,127,0.03065536654487256,0.007272873668967292,0.07377378404515243
BRD-K89808696,6,236,0.06703904456389435,0.0035734527095489235,0.054118770200337604
BRD-K89814851,13,178,0.02078622497811602,0.005518736927812942,0.062315189410583144
BRD-K89824424,7,69,0.06813504093594326,0.0077818467802707745,0.1000873925349908
BRD-K89832926,9,138,0.036714107648461246,0.008457939049698104,0.07077247397277182
BRD-K89833083,2,70,0.1282703902613452,0.008240217834486332,0.09936991093652328
BRD-K89843224,13,158,0.04649439407554833,0.0046797878410491526,0.06614170365070911
BRD-K89860739,3,20,0.13044511225252756,0.010148677641560773,0.1859040806393555
BRD-K89885223,6,30,0.0656458938098096,0.011696248202710969,0.15179004622254605
BRD-K89895693,3,20,0.1931033728084349,0.020252384521844854,0.1859040806393555
BRD-K89912164,3,45,0.14172142985582645,0.02871996343879053,0.12393605375957034
BRD-K89958315,6,21,0.0673997775946075,0.01161561437839718,0.18142380585737705
BRD-K89961851,8,270,0.09710590299934835,0.005271251501630199,0.05059668207418202
BRD-K89966732,2,30,0.17776227118459378,0.011606950397276525,0.15179004622254605
BRD-K89994146,8,47,0.03482394372725354,0.00870538930640311,0.12127045069624252
BRD-K90041947,9,141,0.04700358130345354,0.00747740441166165,0.07001552735422285
BRD-K90064059,3,20,0.153517988323176,0.012006220716855396,0.1859040806393555
BRD-K90070572,2,25,0.12101244621858197,0.009669894363419002,0.1662776646416806
BRD-K90090262,13,176,0.025220508217618627,0.0068330333686927305,0.06266825279920447
BRD-K90135241,2,30,0.16287562397853025,0.01809348477719696,0.15179004622254605
BRD-K90143908,8,66,0.03507647823341854,0.007409182679064086,0.10233682828652971
BRD-K90184854,2,30,0.1468561450492541,0.016308697083403635,0.15179004622254605
BRD-K90234489,2,25,0.16757937124826772,0.008177208328209534,0.1662776646416806
BRD-K90259550,3,20,0.11666800083514818,0.005613218436507303,0.1859040806393555
BRD-K90281509,8,79,0.04010221590562753,0.009730958804000557,0.0935384943412949
BRD-K90310644,2,25,0.12901750617567054,0.008493527966629473,0.1662776646416806
BRD-K90417362,9,160,0.04318950580638736,0.00784966026561142,0.06572701803516952
BRD-K90424352,7,37,0.05382542552702378,0.014625796416966912,0.13667939839296053
BRD-K90430314,13,122,0.04747600934272937,0.008748805248073928,0.07527036209271129
BRD-K90431990,6,24,0.0785998459934765,0.009382132048851695,0.16970643083072406
BRD-K90446118,13,178,0.03684438518943776,0.006423758552106445,0.062315189410583144
BRD-K90446130,8,124,0.053487753620421394,0.012044195099735784,0.07466087544568958
BRD-K90544334,6,70,0.03839016755112104,0.008729885319880715,0.09936991093652328
BRD-K90608600,2,25,0.12048225067763982,0.014471931747999904,0.1662776646416806
BRD-K90610876,9,66,0.06540043043528358,0.01079538778793015,0.10233682828652971
BRD-K90619727,2,25,0.10390359161392182,0.03262885302544502,0.1662776646416806
BRD-K90667125,8,133,0.06177094098055288,0.02215464603026613,0.07209051035999475
BRD-K90692502,8,131,0.04103146883414888,0.008689777352429718,0.07263873506478
BRD-K90697054,13,165,0.048467801610126635,0.00581305269714339,0.06472349318059607
BRD-K90700939,9,162,0.044701532354845586,0.005783719841787832,0.06532003568221943
BRD-K90705745,9,126,0.0395559356145638,0.004291454553726938,0.07406595859072196
BRD-K90734091,8,82,0.03851726666835334,0.008512096440047755,0.0918114812927117
BRD-K90734182,2,30,0.16944891448648733,0.014171993356904977,0.15179004622254605
BRD-K90735586,51,849,0.018655184386812206,0.002739390507293345,0.028533173385928742
BRD-K90736214,8,133,0.038492441880966524,0.007659965229045557,0.07209051035999475
BRD-K90805324,3,20,0.2072820846578674,0.01248026120277082,0.1859040806393555
BRD-K90826279,51,1154,0.029437928638821984,0.002564784740560333,0.024473777994629246
BRD-K90849765,13,161,0.04433601440650286,0.004580128019333161,0.06552257891462192
BRD-K90871122,6,28,0.05407665217491297,0.011741925542829755,0.15711762472374455
BRD-K90912239,8,126,0.04631200707120291,0.008637882703760202,0.07406595859072196
BRD-K90970920,9,162,0.03225142324877537,0.006425702436814544,0.06532003568221943
BRD-K90987254,6,25,0.1006659796710752,0.03620982675981536,0.1662776646416806
BRD-K90996982,9,131,0.04996039885661009,0.007524570884948601,0.07263873506478
BRD-K90999434,51,398,0.05486568952038439,0.006046835645685696,0.04167373104503928
BRD-K91016007,6,104,0.07629164911242725,0.0048210532789292725,0.0815243323733237
BRD-K91028164,9,131,0.028180072621481023,0.0038473870976288493,0.07263873506478
BRD-K91047982,14,167,0.052248173581723116,0.006593038885059524,0.06433475997562621
BRD-K91063002,8,66,0.04061115018996022,0.00582532721850158,0.10233682828652971
BRD-K91134378,9,129,0.04088216199389193,0.0052900875117647735,0.0731996602677379
BRD-K91143067,6,30,0.06633772510983395,0.007913994000439977,0.15179004622254605
BRD-K91156247,6,30,0.07041046160905268,0.007351302130637865,0.15179004622254605
BRD-K91184774,9,141,0.04325975182103049,0.006156720187514639,0.07001552735422285
BRD-K91250867,2,25,0.14273075778774846,0.008704194579312702,0.1662776646416806
BRD-K91257617,6,28,0.09894650924078868,0.012996539709621698,0.15711762472374455
BRD-K91264756,9,141,0.03348464486657199,0.006220060511590164,0.07001552735422285
BRD-K91273791,9,138,0.038199920529301504,0.007128035999415855,0.07077247397277182
BRD-K91338578,10,24426,0.001605442400806171,0.0011497356231021582,0.005319584895356753
BRD-K91355947,13,160,0.06522220309220446,0.01725253920127809,0.06572701803516952
BRD-K91390083,6,26,0.08038995839443566,0.00853313474903128,0.1630486647466474
BRD-K91395443,2,30,0.12474279349703771,0.011194898299358503,0.15179004622254605
BRD-K91424547,3,82,0.13301367974774317,0.008238029455603955,0.0918114812927117
BRD-K91449330,8,133,0.04410227518257548,0.006246684249516707,0.07209051035999475
BRD-K91454871,2,49,0.10780241548313883,0.006118399509984415,0.11876976045834328
BRD-K91461129,7,64,0.03381197615822126,0.008988599608904788,0.10392354040105038
BRD-K91485395,13,173,0.02924384687194985,0.004745067467552241,0.06320928372433764
BRD-K91487294,6,30,0.11616903727298293,0.031118182887275612,0.15179004622254605
BRD-K91501298,2,25,0.1260398766909302,0.011965100027607097,0.1662776646416806
BRD-K91517665,9,162,0.04780389282009631,0.008058117199076844,0.06532003568221943
BRD-K91600270,8,133,0.03192387153974331,0.006328132457932334,0.07209051035999475
BRD-K91614993,3,48,0.11818520994962256,0.009838269907943543,0.12000056805137077
BRD-K91617567,2,30,0.2210074916071267,0.022894256651604376,0.15179004622254605
BRD-K91663486,7,69,0.1156061432172738,0.016917236589683433,0.1000873925349908
BRD-K91671201,13,178,0.02658817104101431,0.009982744349246842,0.062315189410583144
BRD-K91677732,9,162,0.02631009302859956,0.005780608370496138,0.06532003568221943
BRD-K91686310,6,21,0.08812942113606964,0.025776201754254116,0.18142380585737705
BRD-K91691979,8,204,0.026376737671603513,0.0035899382670650693,0.05820882555410844
BRD-K91701366,7,52,0.12212833729479222,0.047045134053161713,0.11529281650576634
BRD-K91729331,6,26,0.06617522414499508,0.01066930223554841,0.1630486647466474
BRD-K91730835,8,47,0.03712625417762449,0.00879303695514203,0.12127045069624252
BRD-K91735860,2,30,0.1609214695287651,0.014719450893049251,0.15179004622254605
BRD-K91745259,8,34,0.10754466968232654,0.027015078175107596,0.14258192113424395
BRD-K91755384,8,80,0.01668513006084424,0.011678341763717627,0.09295204031967776
BRD-K91771673,6,28,0.07852516204538428,0.0073160669114211395,0.15711762472374455
BRD-K91781484,11,135,0.05340933977795163,0.01178588258185434,0.07155451400038787
BRD-K91818252,8,196,0.026294763085480437,0.003904157988287698,0.05938488022917164
BRD-K91834385,8,25,0.1106703572941866,0.01743982873826592,0.1662776646416806
BRD-K91836367,9,148,0.06518810929342492,0.015270240948599701,0.06833969919648027
BRD-K91844626,3,48,0.11307719962346861,0.011443241652391266,0.12000056805137077
BRD-K91913968,8,131,0.09333353573656634,0.012485906164552217,0.07263873506478
BRD-K91946056,7,69,0.04832449966139191,0.011006377409684576,0.1000873925349908
BRD-K91987625,13,169,0.024793099235953953,0.005565546968468608,0.06395294793910793
BRD-K92000256,6,28,0.08465267793004777,0.009281857342527301,0.15711762472374455
BRD-K92014112,4,21,0.10225136678975688,0.007877734215199368,0.18142380585737705
BRD-K92020737,8,118,0.04838915786992396,0.007379328910970019,0.07653549879627033
BRD-K92033419,9,138,0.04376456753018528,0.005961785838952586,0.07077247397277182
BRD-K92038420,7,44,0.04793151772201376,0.007641579949812725,0.12533650559840895
BRD-K92043077,2,20,0.11820937650036965,0.016546306095863095,0.1859040806393555
BRD-K92107474,9,141,0.05206061847248425,0.007498327042646911,0.07001552735422285
BRD-K92137277,4,21,0.11611289550074044,0.010203165329437353,0.18142380585737705
BRD-K92158425,8,58,0.18744391199073257,0.014701197684977726,0.10916663504172149
BRD-K92159000,3,48,0.09241513673476644,0.004407592428107109,0.12000056805137077
BRD-K92202821,8,124,0.06547903316404226,0.008447002273926594,0.07466087544568958
BRD-K92232855,8,61,0.06491342281688421,0.012530225121325603,0.106448366916246
BRD-K92317137,51,4792,0.12336938116787056,0.003063238642141493,0.012010069369920412
BRD-K92326486,3,42,0.07890793546542094,0.007836995374190135,0.12828600339042298
BRD-K92327934,2,25,0.1444747570051685,0.008158623963407788,0.1662776646416806
BRD-K92364610,6,23,0.06802877622756788,0.011868123470132377,0.17335644906769404
BRD-K92370559,2,30,0.18002033506192266,0.011890024163659366,0.15179004622254605
BRD-K92419424,8,204,0.045066533651631525,0.007361040280712661,0.05820882555410844
BRD-K92431661,2,25,0.13368987513525663,0.013981933013574985,0.1662776646416806
BRD-K92434623,2,30,0.20548825507313842,0.026239892436314576,0.15179004622254605
BRD-K92458042,8,204,0.03656516972335431,0.004404818182705214,0.05820882555410844
BRD-K92470030,8,190,0.04222858102405478,0.004377954524627646,0.06031524831064826
BRD-K92489476,13,169,0.04492637995664107,0.004737666611584006,0.06395294793910793
BRD-K92523103,4,21,0.09386748615581295,0.013579080528348055,0.18142380585737705
BRD-K92543914,7,36,0.08632861028235722,0.01418855035059035,0.13856472053473384
BRD-K92656786,8,89,0.03651438450175452,0.006231488946220283,0.08812698600629496
BRD-K92659561,2,30,0.16302474527209584,0.007970915428864819,0.15179004622254605
BRD-K92666980,2,25,0.14214038018918262,0.009854623723746195,0.1662776646416806
BRD-K92685052,4,21,0.0851356616624664,0.006839965191352876,0.18142380585737705
BRD-K92740670,6,27,0.0963204718161625,0.017072291277552994,0.16000075740182768
BRD-K92742972,8,124,0.06694680615486927,0.017238900033959545,0.07466087544568958
BRD-K92754162,9,141,0.038600759986099215,0.006041835961610269,0.07001552735422285
BRD-K92773691,4,21,0.1576859393602223,0.015169159090105076,0.18142380585737705
BRD-K92795064,6,30,0.07212178371509576,0.008370999412073157,0.15179004622254605
BRD-K92847204,4,61,0.12327504233369745,0.00811847637589226,0.106448366916246
BRD-K92863101,13,178,0.029284387195572793,0.007157441192999144,0.062315189410583144
BRD-K92932331,9,141,0.037859053800608534,0.006737382368276896,0.07001552735422285
BRD-K92953840,8,43,0.06547254341966745,0.011127899200217768,0.1267855306805029
BRD-K92959281,2,25,0.17689772260653727,0.009391240241747598,0.1662776646416806
BRD-K92980438,51,405,0.028680584876011907,0.006461550393659765,0.04131201791985678
BRD-K92981876,9,131,0.04786151176993251,0.004834134684862394,0.07263873506478
BRD-K92993117,7,64,0.03805240088882132,0.005471604884927916,0.10392354040105038
BRD-K93054014,3,20,0.09996963326927283,0.008681128918398787,0.1859040806393555
BRD-K93112400,4,21,0.16532131216516943,0.008406459117095075,0.18142380585737705
BRD-K93116089,8,40,0.07362638212138359,0.018717967115852496,0.13145403607033904
BRD-K93127801,9,162,0.035922190772669796,0.005446467738388917,0.06532003568221943
BRD-K93155496,9,131,0.02952593418351246,0.013312242613503588,0.07263873506478
BRD-K93156709,2,25,0.1381419571066305,0.02032850040613932,0.1662776646416806
BRD-K93158953,8,177,0.0415317803774967,0.004407730053764976,0.062490973086752825
BRD-K93210686,4,21,0.09132624636072353,0.011225688077758006,0.18142380585737705
BRD-K93215584,13,152,0.05276098976280838,0.007581978639540246,0.06743449765119443
BRD-K93229693,9,141,0.054634554713912306,0.008867238076958495,0.07001552735422285
BRD-K93285993,9,162,0.021803349397570792,0.005053333637910687,0.06532003568221943
BRD-K93291593,2,25,0.1624228237895837,0.008631023878086187,0.1662776646416806
BRD-K93296644,13,169,0.041086466741794954,0.004844550178973228,0.06395294793910793
BRD-K93302072,9,162,0.03443214880719375,0.005515736375697672,0.06532003568221943
BRD-K93331292,9,141,0.03530641620808094,0.005791712080326748,0.07001552735422285
BRD-K93340102,2,30,0.16079126310511413,0.005349248288704748,0.15179004622254605
BRD-K93367411,10,34405,0.00048334033725951834,0.0005430767112447536,0.004482219694151324
BRD-K93410778,4,21,0.1180989307767028,0.013976979920554824,0.18142380585737705
BRD-K93410934,2,30,0.11801476989940177,0.015757794763515676,0.15179004622254605
BRD-K93443135,8,199,0.05374160091107664,0.016668752278648207,0.058935555638583256
BRD-K93473872,2,25,0.15798226069259738,0.007533844602762876,0.1662776646416806
BRD-K93541117,13,159,0.045550325147372214,0.005508871304739139,0.0659333828067973
BRD-K93578426,13,140,0.07812302432575413,0.006928503374367223,0.0702651378691189
BRD-K93602295,4,21,0.11461707231872711,0.0076486910854048915,0.18142380585737705
BRD-K93605482,9,162,0.038281145918601725,0.006030554374905335,0.06532003568221943
BRD-K93610587,8,48,0.06271748550254465,0.007461952327047874,0.12000056805137077
BRD-K93623501,8,120,0.06547453306583208,0.008237245213905292,0.07589502311127302
BRD-K93623754,8,196,0.036050241313335264,0.0039260006766213724,0.05938488022917164
BRD-K93760529,13,161,0.02326344237530667,0.006510905001898303,0.06552257891462192
BRD-K93763482,8,34,0.06722134413090114,0.016559030715642443,0.14258192113424395
BRD-K93852877,6,28,0.0818856882639569,0.012430672649690026,0.15711762472374455
BRD-K93859331,3,48,0.10266905039833381,0.009831820807330683,0.12000056805137077
BRD-K93875449,8,204,0.024239450774801514,0.003962639436078384,0.05820882555410844
BRD-K93880770,6,30,0.0735000812516401,0.009056634761480721,0.15179004622254605
BRD-K93896332,3,20,0.11763671891112415,0.012219438767432866,0.1859040806393555
BRD-K93899689,13,160,0.022772626677537638,0.006415799770858535,0.06572701803516952
BRD-K93975822,8,196,0.04338964074518021,0.005321944389191076,0.05938488022917164
BRD-K94029810,6,30,0.07283093332131423,0.010741706014614332,0.15179004622254605
BRD-K94034047,2,21,0.22744136291269723,0.011386927154366193,0.18142380585737705
BRD-K94035551,8,196,0.035297365850603064,0.005155411674039566,0.05938488022917164
BRD-K94067270,3,20,0.12764006526503355,0.00864337680683488,0.1859040806393555
BRD-K94158209,3,48,0.11284562835611664,0.01201150001562301,0.12000056805137077
BRD-K94169505,4,222,0.0764214836642182,0.005771440330564464,0.0557991307355554
BRD-K94193354,8,77,0.03980303434435508,0.009824768415946688,0.09474549257464139
BRD-K94217081,4,20,0.16642398052698362,0.01774327751684064,0.1859040806393555
BRD-K94222931,6,25,0.07448355235478892,0.011403839384456835,0.1662776646416806
BRD-K94287906,8,167,0.02266156063891045,0.005601051268337082,0.06433475997562621
BRD-K94296811,9,138,0.04195678830456015,0.006888974212839506,0.07077247397277182
BRD-K94304934,8,133,0.036550356564832256,0.005900084733541075,0.07209051035999475
BRD-K94352392,13,167,0.0196799957223888,0.004969612159599045,0.06433475997562621
BRD-K94381355,9,131,0.042342797538007015,0.0044681438575377526,0.07263873506478
BRD-K94390040,9,121,0.06965490828809327,0.005981105589818678,0.07558075665530938
BRD-K94412749,2,30,0.18460438722757083,0.013696522527432975,0.15179004622254605
BRD-K94493764,13,169,0.11793506111509057,0.013763704058181123,0.06395294793910793
BRD-K94501123,6,104,0.1087741597022996,0.011190266107877721,0.0815243323733237
BRD-K94544211,9,302,0.05819860168921559,0.006615397900798825,0.047841022048239444
BRD-K94572506,13,178,0.032031602166474264,0.004003172489062769,0.062315189410583144
BRD-K94575695,6,28,0.08389445987580978,0.010996019105451837,0.15711762472374455
BRD-K94580036,9,141,0.027707482050623324,0.005034290192349245,0.07001552735422285
BRD-K94585132,6,79,0.06218103973902291,0.00692711215078357,0.0935384943412949
BRD-K94616516,8,66,0.028888650407657618,0.00854330829799854,0.10233682828652971
BRD-K94655951,3,20,0.10174728058134432,0.014717597676089775,0.1859040806393555
BRD-K94719962,2,57,0.15344672587655378,0.008348576660415231,0.11012007353755805
BRD-K94725447,2,25,0.18950914585788417,0.013975640197311966,0.1662776646416806
BRD-K94740841,7,64,0.03693601584144241,0.009565634271682798,0.10392354040105038
BRD-K94766884,2,65,0.11085828166794812,0.010311854381137868,0.10312103000972132
BRD-K94781393,3,20,0.21246068338535964,0.01701219906975569,0.1859040806393555
BRD-K94809766,6,24,0.06047379857858632,0.008085753095684057,0.16970643083072406
BRD-K94818765,3,180,0.02788608078858034,0.007177860080387087,0.06196802687978517
BRD-K94987138,9,162,0.05139477729605227,0.006621447914167256,0.06532003568221943
BRD-K94991378,13,163,0.09506919669559516,0.0069446960405825505,0.06511935921509471
BRD-K95033227,8,57,0.06353095404980931,0.008224918403979842,0.11012007353755805
BRD-K95037415,8,118,0.12141169003404928,0.007974197657098513,0.07653549879627033
BRD-K95041551,8,34,0.09166407693616241,0.02061772024789452,0.14258192113424395
BRD-K95042038,3,20,0.12638315382783744,0.008180039146254233,0.1859040806393555
BRD-K95047050,7,50,0.060468454563092695,0.012344606720173219,0.11757606422799496
BRD-K95080525,8,199,0.056146091700137485,0.005444152121747072,0.058935555638583256
BRD-K95080859,13,176,0.02083849456236524,0.004950895992754945,0.06266825279920447
BRD-K95090559,2,30,0.12462599464894082,0.013108008238085419,0.15179004622254605
BRD-K95117060,8,120,0.05256491473558483,0.010111304623691243,0.07589502311127302
BRD-K95138506,9,131,0.12026890527562564,0.0122281790978308,0.07263873506478
BRD-K95149906,4,1288,0.02939195922757475,0.0034568505729349504,0.02316572993567993
BRD-K95154332,6,28,0.0945403535809163,0.013098585783930422,0.15711762472374455
BRD-K95168667,8,113,0.037408168014525275,0.005552895200671095,0.07821043453725916
BRD-K95195947,2,25,0.17254530218258135,0.010168663921032873,0.1662776646416806
BRD-K95196255,8,204,0.17164147355373346,0.011981746648742254,0.05820882555410844
BRD-K95253417,13,178,0.04699230634964627,0.018601970324597154,0.062315189410583144
BRD-K95285735,7,40,0.08170395415368055,0.017748198556399114,0.13145403607033904
BRD-K95286134,8,133,0.05417023651667039,0.010439707079409244,0.07209051035999475
BRD-K95337198,8,112,0.049615799894050225,0.010343451784963698,0.07855881236187227
BRD-K95349679,13,178,0.03361362709558362,0.006044498033931261,0.062315189410583144
BRD-K95352812,8,190,0.10992778874510666,0.012362595258270265,0.06031524831064826
BRD-K95361366,6,44,0.08327535283865135,0.009098539427125856,0.12533650559840895
BRD-K95367721,8,64,0.054929057913460616,0.007744188175012345,0.10392354040105038
BRD-K95392673,6,28,0.100303729800044,0.010445684782243354,0.15711762472374455
BRD-K95411194,6,102,0.07539308294822941,0.005639315399378316,0.08231971054842975
BRD-K95419055,6,112,0.061153676112695426,0.008045113064094594,0.07855881236187227
BRD-K95425654,3,57,0.19574777525123543,0.004788750662133563,0.11012007353755805
BRD-K95482240,9,162,0.05436845438708097,0.012749714390264536,0.06532003568221943
BRD-K95487462,8,84,0.03383393048828186,0.005408463907852553,0.09071190292868853
BRD-K95495709,8,133,0.05652383270819081,0.006257832320008676,0.07209051035999475
BRD-K95526045,3,20,0.09035618836465197,0.009865516591708567,0.1859040806393555
BRD-K95547711,9,132,0.05897252168008175,0.006923956327530981,0.07236306524652845
BRD-K95551268,6,110,0.09507119553845081,0.00827660923378875,0.07926976633148354
BRD-K95561591,9,129,0.017041259192317085,0.008448368619895601,0.0731996602677379
BRD-K95567178,6,30,0.07884333772668035,0.01877983709319125,0.15179004622254605
BRD-K95570609,6,80,0.05037900046150194,0.007063953054205439,0.09295204031967776
BRD-K95582125,7,64,0.03745061213422306,0.008596646369056354,0.10392354040105038
BRD-K95606637,51,403,0.021738723121738524,0.003026728052330374,0.041414402260071405
BRD-K95631838,4,21,0.12400488472207309,0.033977818895955164,0.18142380585737705
BRD-K95666496,4,21,0.08495520469470506,0.014365046310297898,0.18142380585737705
BRD-K95673125,9,158,0.036116133296608524,0.0046759370833485405,0.06614170365070911
BRD-K95760042,14,734,0.03598126242674605,0.004517268210546561,0.030687102971505148
BRD-K95767742,3,48,0.09360793915489866,0.014331280685682058,0.12000056805137077
BRD-K95779464,4,21,0.17222482286926183,0.009619565943634232,0.18142380585737705
BRD-K95786143,9,131,0.03833583477031864,0.007376947013114327,0.07263873506478
BRD-K95786246,8,36,0.08186931475839122,0.013135448903541179,0.13856472053473384
BRD-K95789946,8,204,0.03607384789154583,0.002968436065805237,0.05820882555410844
BRD-K95823739,2,57,0.12168920496659529,0.008066270090312942,0.11012007353755805
BRD-K95838867,2,30,0.1377730524947099,0.012507286490517881,0.15179004622254605
BRD-K95842463,9,162,0.03629124281300274,0.007326568453775984,0.06532003568221943
BRD-K95847244,3,48,0.09030973942847142,0.01092380571561617,0.12000056805137077
BRD-K95858622,8,133,0.13542299255331094,0.01476347903205251,0.07209051035999475
BRD-K95895342,13,159,0.03492954635216884,0.006855112716589744,0.0659333828067973
BRD-K95976153,13,176,0.04106438400760283,0.003463235051698162,0.06266825279920447
BRD-K95985487,2,2712,0.041928150192771775,0.0025286836131325854,0.01596463809813596
BRD-K96006237,4,21,0.09490415537552292,0.0063590595510390245,0.18142380585737705
BRD-K96041907,7,44,0.23947915243245635,0.02400481234028139,0.12533650559840895
BRD-K96043519,3,48,0.09027561087341057,0.007301152343837409,0.12000056805137077
BRD-K96072942,8,124,0.062425213368372985,0.009112113100960927,0.07466087544568958
BRD-K96083840,9,131,0.053116942062952255,0.007110076490847046,0.07263873506478
BRD-K96147838,9,131,0.04224869863796714,0.004886326251819102,0.07263873506478
BRD-K96157570,8,82,0.029775834912236974,0.004876531301570264,0.0918114812927117
BRD-K96167523,13,169,0.0327375049966591,0.004942456195680195,0.06395294793910793
BRD-K96194181,9,138,0.03911039325044236,0.011384818284633955,0.07077247397277182
BRD-K96194602,2,21,0.16028045080504588,0.038438734379898476,0.18142380585737705
BRD-K96213252,9,141,0.023283426841593985,0.005262409461349274,0.07001552735422285
BRD-K96285502,2,213,0.15929667959682256,0.004017835515937903,0.056965789254484055
BRD-K96309168,6,28,0.08170622934547753,0.014219912605762457,0.15711762472374455
BRD-K96326565,13,178,0.028734253979056067,0.0041963358249933625,0.062315189410583144
BRD-K96343378,2,25,0.16439340616904666,0.01608793610631698,0.1662776646416806
BRD-K96352593,8,204,0.03897935359893241,0.0058005440561635585,0.05820882555410844
BRD-K96396151,8,156,0.05893596085196088,0.0064552329384162995,0.06656433864523432
BRD-K96403486,13,178,0.016800511915399496,0.0053120811236872685,0.062315189410583144
BRD-K96420933,2,30,0.22518247268885289,0.013708593030626506,0.15179004622254605
BRD-K96433222,13,144,0.060331858195437495,0.008734581922270971,0.06928236026736692
BRD-K96451524,4,21,0.08057493226918033,0.006297564732870502,0.18142380585737705
BRD-K96456313,9,128,0.05025238084041211,0.006117965972654258,0.07348504014249686
BRD-K96477379,8,82,0.05633392428652666,0.014339544030249054,0.0918114812927117
BRD-K96482472,3,20,0.10476962379283629,0.017590945094867284,0.1859040806393555
BRD-K96534186,4,21,0.10190708120524425,0.013142489229839082,0.18142380585737705
BRD-K96539190,8,84,0.04100964633935963,0.009861369507354058,0.09071190292868853
BRD-K96543798,5,56,0.0619966194355286,0.007724552519279488,0.11109893788608294
BRD-K96551169,8,64,0.07054468622005809,0.009472294332260961,0.10392354040105038
BRD-K96552587,7,64,0.04679306177673253,0.011456837781796113,0.10392354040105038
BRD-K96555842,6,30,0.054128448964693716,0.005005493440709207,0.15179004622254605
BRD-K96586144,4,21,0.11462260403376705,0.008531732098800137,0.18142380585737705
BRD-K96621343,9,129,0.05190683764392496,0.020734674955837962,0.0731996602677379
BRD-K96625837,6,21,0.05425004690536463,0.012259745974391242,0.18142380585737705
BRD-K96635690,3,20,0.14686232347846334,0.015501518381122119,0.1859040806393555
BRD-K96640402,6,30,0.09394654931594337,0.012007180687919183,0.15179004622254605
BRD-K96659448,2,70,0.1958763453113888,0.010787952927088836,0.09936991093652328
BRD-K96697180,7,59,0.06156457154094031,0.010527944507952294,0.10823754040067521
BRD-K96703623,7,69,0.03893201955192232,0.007204914268219626,0.1000873925349908
BRD-K96704648,9,128,0.06751703688998574,0.006447911254848771,0.07348504014249686
BRD-K96704748,13,158,0.044055560584481866,0.007523675161147997,0.06614170365070911
BRD-K96713754,3,20,0.06955011474431891,0.010513997777862792,0.1859040806393555
BRD-K96740880,8,129,0.04046130593830025,0.009630261936368942,0.0731996602677379
BRD-K96742509,4,21,0.11261157923679892,0.016984643555490245,0.18142380585737705
BRD-K96752129,13,178,0.03330579666745256,0.004445911007285189,0.062315189410583144
BRD-K96787835,13,169,0.03620491662004924,0.008457490042604682,0.06395294793910793
BRD-K96834847,3,48,0.09579392372412865,0.01275624987772877,0.12000056805137077
BRD-K96903074,6,28,0.07214000503406524,0.00842084318948343,0.15711762472374455
BRD-K96903816,2,213,0.14163938136960486,0.003720218416827847,0.056965789254484055
BRD-K96922741,8,34,0.09564047228031432,0.014799606460033594,0.14258192113424395
BRD-K96935347,3,20,0.10724238426229325,0.007797382152736397,0.1859040806393555
BRD-K97008061,3,20,0.13828993811040033,0.004335331396653377,0.1859040806393555
BRD-K97019106,9,66,0.04130357371860258,0.011812914186777173,0.10233682828652971
BRD-K97024014,3,20,0.12396091827859088,0.011147638028455633,0.1859040806393555
BRD-K97073065,3,95,0.08877694711975892,0.005516120237609407,0.08529864217881968
BRD-K97103850,8,53,0.03297568567511842,0.008785263666281662,0.11419996893626119
BRD-K97114030,7,74,0.03786425975259085,0.0073091763629364506,0.0966469294521601
BRD-K97149069,13,166,0.039226033769265006,0.005453921209129955,0.06452824841243086
BRD-K97194666,6,26,0.06363993532861931,0.0077882341689237905,0.1630486647466474
BRD-K97274161,8,204,0.06029257670687271,0.008287435349843423,0.05820882555410844
BRD-K97318829,7,44,0.06523056044803624,0.013835776058538588,0.12533650559840895
BRD-K97357148,6,28,0.07452189774277253,0.011895564782157031,0.15711762472374455
BRD-K97440728,2,21,0.23495099854629162,0.016093425627271323,0.18142380585737705
BRD-K97466946,2,25,0.16494085535442413,0.011214530544050583,0.1662776646416806
BRD-K97473407,4,21,0.09856551248912425,0.006288084674803843,0.18142380585737705
BRD-K97522823,9,131,0.057252063814223084,0.005737632148951869,0.07263873506478
BRD-K97534490,9,131,0.0658725338990042,0.005561596493713621,0.07263873506478
BRD-K97554220,4,21,0.11993222740081326,0.006379666646930988,0.18142380585737705
BRD-K97591839,3,48,0.06918684215197371,0.008819285522712219,0.12000056805137077
BRD-K97595524,6,30,0.058783315687414996,0.007255136127856449,0.15179004622254605
BRD-K97629076,8,204,0.03791770598900998,0.004092735707557592,0.05820882555410844
BRD-K97631938,13,169,0.02676508476406135,0.004530499870788485,0.06395294793910793
BRD-K97633445,8,57,0.05004947174370291,0.010339700711743569,0.11012007353755805
BRD-K97671879,6,28,0.07846149663021747,0.010394087037737438,0.15711762472374455
BRD-K97701319,13,178,0.05087356473142863,0.007786904740990616,0.062315189410583144
BRD-K97758158,8,34,0.07216839308257161,0.02215686612722109,0.14258192113424395
BRD-K97787842,2,30,0.185093535467542,0.011255880458900011,0.15179004622254605
BRD-K97808269,3,45,0.0801550818459277,0.011151113366003095,0.12393605375957034
BRD-K97863769,2,30,0.15942292075505599,0.009130900610926898,0.15179004622254605
BRD-K97873029,8,151,0.044121290166436636,0.008314236471654768,0.06765742221841048
BRD-K97894266,6,28,0.06490682275512823,0.007047947087579674,0.15711762472374455
BRD-K97910278,3,20,0.10261654818369471,0.0053129634869490605,0.1859040806393555
BRD-K97924168,3,240,0.09876398432338523,0.0058367310995041674,0.0536658855002909
BRD-K97926541,8,204,0.054187999376048,0.004337484654749044,0.05820882555410844
BRD-K97936712,8,131,0.1021608405750944,0.030802763507564807,0.07263873506478
BRD-K97951054,13,176,0.048720090117932914,0.004850850625438239,0.06266825279920447
BRD-K97972722,8,57,0.0766236365327228,0.008240073961900638,0.11012007353755805
BRD-K97973721,2,30,0.15893080195855297,0.010604024192717717,0.15179004622254605
BRD-K97981711,6,30,0.10653758412989181,0.03182953030315967,0.15179004622254605
BRD-K98004941,13,322,0.031435725732348256,0.0038156953914180655,0.04633145987135986
BRD-K98025142,8,196,0.037672461485077705,0.007551266265558137,0.05938488022917164
BRD-K98036459,8,53,0.05283869901082346,0.012211278995565818,0.11419996893626119
BRD-K98062050,7,69,0.03617678281007908,0.005576148029198644,0.1000873925349908
BRD-K98064019,13,178,0.033730631299793576,0.006754740788672607,0.062315189410583144
BRD-K98079119,8,131,0.04151584595608695,0.006411725425138946,0.07263873506478
BRD-K98150670,3,74,0.0871017922346322,0.00854325902959703,0.0966469294521601
BRD-K98161915,2,30,0.1700076494157225,0.01440085663521867,0.15179004622254605
BRD-K98173387,8,131,0.07760641733639209,0.013564683438623599,0.07263873506478
BRD-K98196975,2,30,0.16148173872913466,0.015608658916040661,0.15179004622254605
BRD-K98219271,8,204,0.027682412498932215,0.0055938569684188194,0.05820882555410844
BRD-K98288062,9,121,0.03917046968521852,0.005016890407274108,0.07558075665530938
BRD-K98297262,8,172,0.04005389919508328,0.006464837267724925,0.06339276534025146
BRD-K98327170,2,30,0.16979961508847582,0.012491738352482878,0.15179004622254605
BRD-K98336812,3,48,0.10110037505604541,0.008825478041753685,0.12000056805137077
BRD-K98367121,3,20,0.13522445693977997,0.010471184937777451,0.1859040806393555
BRD-K98404142,51,376,0.052210703398485096,0.005067683831210378,0.04287557902243098
BRD-K98419480,4,21,0.07918137986686366,0.004776705354442687,0.18142380585737705
BRD-K98437249,8,72,0.05898481172348992,0.01309168156543921,0.09798005352332914
BRD-K98439022,8,133,0.04538576002915569,0.007724859246783141,0.07209051035999475
BRD-K98471960,8,64,0.06362306537454711,0.017493600527258638,0.10392354040105038
BRD-K98519396,13,169,0.038863075859915115,0.00640215874419329,0.06395294793910793
BRD-K98546361,9,580,0.027128290364885073,0.0033849703567621374,0.034521521122819046
BRD-K98575502,8,120,0.04143588080223213,0.006424589651674107,0.07589502311127302
BRD-K98624380,8,82,0.03167601176826677,0.007286338752349896,0.0918114812927117
BRD-K98626176,8,29,0.15949283127075048,0.0665200917469472,0.15438493583463647
BRD-K98634983,13,165,0.026103750683187408,0.005444366126294169,0.06472349318059607
BRD-K98645985,8,592,0.04812082968437033,0.010490285254457938,0.03416984959824013
BRD-K98676510,8,131,0.12970408164326486,0.011758509314282583,0.07263873506478
BRD-K98710661,7,59,0.04021888851682143,0.011565486716870504,0.10823754040067521
BRD-K98731749,13,168,0.0802674372550074,0.008818671319930787,0.06414300169521149
BRD-K98739056,9,160,0.0582198134938105,0.006884938378801996,0.06572701803516952
BRD-K98803880,4,195,0.07410481216556077,0.014853690493002935,0.05953695443522408
BRD-K98824517,9,102,0.1863142539904814,0.017833175163558698,0.08231971054842975
BRD-K98832591,2,25,0.2087139426401533,0.00998232985303884,0.1662776646416806
BRD-K98834634,9,162,0.05251151683087246,0.0056490445629762175,0.06532003568221943
BRD-K98850601,8,64,0.06352753539203979,0.020485257887535302,0.10392354040105038
BRD-K98856658,9,162,0.04669646495273548,0.006934450109093164,0.06532003568221943
BRD-K98866561,3,20,0.11397217767321002,0.009129542835672326,0.1859040806393555
BRD-K98896788,14,600,0.012936450969911481,0.0030134030554937355,0.033941286166144814
BRD-K98936959,8,89,0.06389833614211156,0.009156578689423324,0.08812698600629496
BRD-K98945308,8,84,0.04935200815905309,0.011250778519018416,0.09071190292868853
BRD-K98948170,10,49671,0.004547849483028543,0.00053212806593943,0.0037303748015553233
BRD-K98991361,14,649,0.02776411642505815,0.003484948556671726,0.03263484633999759
BRD-K99017327,8,138,0.034889111626491234,0.008384164573532896,0.07077247397277182
BRD-K99103407,6,28,0.07164631129854121,0.00903024851278673,0.15711762472374455
BRD-K99135512,9,141,0.0444924344723293,0.007324855520794843,0.07001552735422285
BRD-K99146421,9,128,0.03671953567593721,0.0056135030235364035,0.07348504014249686
BRD-K99259037,2,30,0.15741107774631097,0.009793708070769186,0.15179004622254605
BRD-K99303177,13,150,0.04822745403152736,0.010455498965040486,0.06788257233228963
BRD-K99307487,4,21,0.15690498025592722,0.013587163729171351,0.18142380585737705
BRD-K99344911,3,20,0.07769006086709403,0.011678283621264223,0.1859040806393555
BRD-K99381377,9,162,0.03126367990829174,0.005692152744776848,0.06532003568221943
BRD-K99395085,6,26,0.1283112514269924,0.02219258967021948,0.1630486647466474
BRD-K99398689,2,25,0.1451832817573046,0.008664850324910092,0.1662776646416806
BRD-K99423120,9,131,0.03620893448080996,0.003723656436824194,0.07263873506478
BRD-K99433267,13,149,0.04328123556760605,0.005998068437343051,0.06810998527191248
BRD-K99439802,2,30,0.1450932328063117,0.008858783458694468,0.15179004622254605
BRD-K99465084,9,277,0.031247801298591806,0.006270579160578428,0.04995328301159384
BRD-K99469128,2,49,0.14524092531546423,0.005750347725549637,0.11876976045834328
BRD-K99475920,8,204,0.046151082962001454,0.0037856529506451464,0.05820882555410844
BRD-K99481965,3,20,0.20631669807395825,0.02442539928735773,0.1859040806393555
BRD-K99496840,3,20,0.10219282409938421,0.01778909867103353,0.1859040806393555
BRD-K99502566,9,162,0.061953063611861904,0.014081233217368337,0.06532003568221943
BRD-K99524324,3,20,0.07425610577253237,0.011885328009831586,0.1859040806393555
BRD-K99530743,8,133,0.09596741707152356,0.006727393535155386,0.07209051035999475
BRD-K99554241,3,48,0.08605519912672464,0.010584620331885468,0.12000056805137077
BRD-K99582188,9,138,0.10047588645482645,0.010795741359969597,0.07077247397277182
BRD-K99605820,8,204,0.03800723517944836,0.003346681949278784,0.05820882555410844
BRD-K99628932,4,21,0.09920977975374791,0.007277364246970382,0.18142380585737705
BRD-K99633092,9,137,0.16088117924493672,0.010551593533286293,0.07103029804693967
BRD-K99636700,11,11899,0.040242787852999236,0.0006937148757267408,0.0076216445072116
BRD-K99638701,8,43,0.06951608317822656,0.010831170782699627,0.1267855306805029
BRD-K99644669,3,20,0.12069570264999117,0.006785300130057958,0.1859040806393555
BRD-K99692850,2,25,0.1468315113899648,0.014734188875068246,0.1662776646416806
BRD-K99718824,8,34,0.09121534390071112,0.01503902107394694,0.14258192113424395
BRD-K99737413,8,196,0.02615175855870506,0.005149806147233854,0.05938488022917164
BRD-K99750259,9,141,0.021218483355390127,0.005536307364047751,0.07001552735422285
BRD-K99750636,2,57,0.14227623826136107,0.007570235293840018,0.11012007353755805
BRD-K99756483,9,162,0.04487886720005964,0.007425246124716709,0.06532003568221943
BRD-K99795671,3,20,0.11359426025603493,0.006020685080635248,0.1859040806393555
BRD-K99842945,2,385,0.08085596537028063,0.0025525220996471757,0.04237147239171995
BRD-K99874282,8,89,0.05077642796114954,0.015039108133984616,0.08812698600629496
BRD-K99902401,6,30,0.06448277165800903,0.011670754308482025,0.15179004622254605
BRD-K99913693,4,21,0.13995007791530276,0.009535712658262955,0.18142380585737705
BRD-K99958302,6,27,0.07725576749177414,0.007274845887856598,0.16000075740182768
BRD-K99999497,3,20,0.09363113479553528,0.011522244379338823,0.1859040806393555
BRD-M06931697,2,25,0.14199873640354685,0.02327809669823645,0.1662776646416806
BRD-M15189060,3,48,0.10364843523574208,0.009006463030815917,0.12000056805137077
BRD-M16214895,3,42,0.09317449775374655,0.009602786232984982,0.12828600339042298
BRD-M25555076,3,48,0.08011455824897097,0.007614608395240267,0.12000056805137077
BRD-M28563253,3,48,0.07722628304114548,0.0066774446638855275,0.12000056805137077
BRD-M29370314,3,48,0.1134753901900512,0.011008688857626119,0.12000056805137077
BRD-M32778103,8,53,0.05813227871714532,0.008385753854658569,0.11419996893626119
BRD-M68558198,3,48,0.09908383136676896,0.007601519515775456,0.12000056805137077
BRD-M91737268,3,48,0.04526685478113408,0.011272036705662321,0.12000056805137077
BRD-U32049204,9,131,0.04117319627495176,0.008971966942354572,0.07263873506478
BRD-U65466710,3,36,0.11865660894107147,0.011176395300528297,0.13856472053473384
BRD-U71399930,3,48,0.05315971235708377,0.009671866876832063,0.12000056805137077
BRD-U86222656,9,104,0.14847717200706786,0.008960928490080634,0.0815243323733237
BRD-U88878891,8,133,0.07257653877140442,0.007033862663280969,0.07209051035999475
BRL-15572,13,165,0.02980382275883067,0.0131747592649606,0.06472349318059607
BRL-37344,13,167,0.050277243214961985,0.005734460438771134,0.06433475997562621
BRL-50481,13,204,0.05638045839868233,0.0067123160951176415,0.05820882555410844
BRL-52537,8,172,0.02706193511147101,0.00555766463530057,0.06339276534025146
BRL-54443,13,154,0.038503603560829734,0.008379796436049032,0.06699518028638862
BU-224,8,164,0.025960169705519853,0.003490218035734208,0.06492052101285829
BU-226,8,172,0.03229288823339006,0.003688161937926891,0.06339276534025146
BU-239,13,193,0.06303783743985235,0.008772792473538196,0.059844641003395496
BVT-948,8,128,0.17461962492769667,0.02117881389972139,0.07348504014249686
BW-723C86,13,163,0.03780560348381251,0.007814012998628838,0.06511935921509471
BW-B70C,13,802,0.04706863154716709,0.002629646746745421,0.029357342285940415
BX-795,51,399,0.1363384854105481,0.0060367638163564726,0.04162147556236048
BX-912,19,2989,0.04631012698744138,0.0017170960129746075,0.015206909559463714
Broad-Sai-071,13,169,0.0707938061055854,0.0071166409537557,0.06395294793910793
Broad-Sai-370,5,7410,0.03776958053202228,0.0010200862250890656,0.009658169358279506
Broad-Sai-595,3,4657,0.02720945943982841,0.0015677128432539827,0.012182903427237239
Broad-Sai-609,2,7363,0.04148709766175143,0.0010185101984746543,0.009688945663261627
C2-dihydroceramide,3,36,0.12047221980534645,0.02043519196772489,0.13856472053473384
CA-074-Me,8,167,0.08009254130843615,0.00952004427021045,0.06433475997562621
CAM-9-021,9,622,0.02074753331752841,0.003128724984733476,0.0333356346893279
CAM-9-026,8,124,0.0522114376409219,0.009078173676803632,0.07466087544568958
CAM-9-027-3,51,966,0.046640349892890884,0.003943772279080777,0.026749480828677955
CAY-10415,13,176,0.049144121075824936,0.00875733392129317,0.06266825279920447
CAY-10470,13,166,0.06662832186339919,0.013603739502169563,0.06452824841243086
CAY-10577,14,161,0.042497606405684354,0.007025846987362086,0.06552257891462192
CAY-10578,13,178,0.03670736204485532,0.005253092316207738,0.062315189410583144
CAY-10585,14,132,0.09146204990370903,0.01715241017774815,0.07236306524652845
CAY-10594,51,392,0.08343846633849304,0.00818033359459582,0.04199145150999821
CAY-10618,51,392,0.08410517563625669,0.004023933144779857,0.04199145150999821
CCCP,13,148,0.15696046923650037,0.014114240459928505,0.06833969919648027
CCMQ,13,144,0.0313957166668459,0.007002779395093384,0.06928236026736692
CCT-018159,13,127,0.11956115457386676,0.01201655917898503,0.07377378404515243
CCT036477,3,27,0.21250033176351532,0.010864605717759627,0.16000075740182768
CD-00491SC,9,636,0.02757729967472348,0.003245328393959112,0.03296669140339865
CD-1530,45,753,0.1555012142670082,0.0064414088495658595,0.03029747476903291
CD-437,51,3672,0.06946193192739662,0.0019660511051742767,0.013719951758071622
CDC,13,205,0.04762616056437481,0.006483872958768738,0.05806667924778186
CDK2-5-inhibitor,13,209,0.0411674468658109,0.005477560166063568,0.05750833282526153
CFM-1571,13,218,0.03896412771015769,0.004336137511673831,0.05630872241521197
CG-930,19,2756,0.019000020229515698,0.0012309058380905004,0.01583668629446479
CGK-733,14,343,0.1195896286218209,0.009547071065522666,0.044890749921069874
CGP-12177,13,207,0.04316940670900567,0.0055471821577509454,0.05778548302256468
CGP-13501,13,161,0.04307888122103328,0.007044945112460712,0.06552257891462192
CGP-20712,13,156,0.03859877921726353,0.006429680323976625,0.06656433864523432
CGP-37157,13,163,0.07382977336524738,0.00942676487021345,0.06511935921509471
CGP-52411,14,165,0.08480646934245907,0.006893291812469986,0.06472349318059607
CGP-52432,13,206,0.03288582023938282,0.00613014226675958,0.05792556924758443
CGP-53353,14,414,0.06695713089653839,0.004881479483337487,0.0408605068993956
CGP-54626,8,172,0.04098412443786542,0.013966019497633498,0.06339276534025146
CGP-55845,13,187,0.03431397214758764,0.00747678852849385,0.060797135450359925
CGP-57380,13,667,0.06147697452997214,0.003612725197151526,0.032191484434798315
CGP-60474,18,1662,0.14605596265798743,0.005171597587307653,0.020393342392540717
CGP-71683,13,133,0.18389065148410105,0.02277732609856747,0.07209051035999475
CGP-7930,13,148,0.04063195609205389,0.0053630585168735374,0.06833969919648027
CGS-12066B,13,379,0.04010143325296414,0.004682056876477538,0.042705549618889095
CGS-15943,12,7156,0.11279544992301509,0.0027485724546705906,0.009828081622006431
CGS-20625,13,145,0.032201738545268976,0.005910517964883122,0.06904304224563809
CGS-21680,14,297,0.032748200146345725,0.0038340239151308003,0.048242043497685634
CHEMBL-1222381,51,399,0.14327557400614038,0.007252598851960764,0.04162147556236048
CHEMBL-374350,51,963,0.0366375158649589,0.007495415050720348,0.02679111428706843
CHEMBL-399379,48,775,0.12744572662537318,0.006935293431421214,0.029864350178275833
CHIR-99021,9,1445,0.057140422902042305,0.00292851405828253,0.02187106831051241
CI-966,13,147,0.023855572375401594,0.005477064715682707,0.06857175317221187
CI-976,51,378,0.0485522058441108,0.0050757765562666314,0.042762001130140996
CITCO,11,208,0.02171351333598505,0.005274282391325974,0.05764640825288317
CL-218872,13,165,0.03315075426443335,0.006025346257108003,0.06472349318059607
CL-82198,13,137,0.04408748302057746,0.007615783130091237,0.07103029804693967
CMPD-1,8,172,0.1032462866143306,0.008719687466639946,0.06339276534025146
CNQX,8,172,0.041508913949684347,0.005183819399424504,0.06339276534025146
CO-101244,8,172,0.027133510117560575,0.0031872280302607386,0.06339276534025146
CO-102862,13,142,0.030961960224903686,0.005592991882256323,0.06976855823420344
COL-3,10,16619,0.03057939098186468,0.0011900193205956913,0.006449135126630391
COT-10b,51,3684,0.08324729098477823,0.002256444517096612,0.013697588333656693
CP-466722,18,2754,0.04873214369780226,0.0015379412209662385,0.015842435681582664
CP-55940,13,218,0.03900287174303644,0.004632209190835549,0.05630872241521197
CP-724714,18,3306,0.05420530630055933,0.0020303649974632043,0.014459474042467077
CP-93129,13,196,0.04703602970073967,0.007934701963626112,0.05938488022917164
CP-94253,13,150,0.056216186268041916,0.01040888561100187,0.06788257233228963
CPCCOEt,13,167,0.0493106525697766,0.009288951947950852,0.06433475997562621
CS-110266,9,84,0.08301585150609288,0.0060325685648924795,0.09071190292868853
CS-1657,8,168,0.04143334357480274,0.005059028057478116,0.06414300169521149
CS-2092524,9,141,0.039190992043474114,0.005954157264748984,0.07001552735422285
CT-200783,51,386,0.1907958904611865,0.0098281603303247,0.04231655147117546
CTPB,3,45,0.06460944659379748,0.007295633424975213,0.12393605375957034
CV-1808,8,163,0.03313324647734228,0.004255537421218889,0.06511935921509471
CVF-SUMO-11,8,147,0.149876189643743,0.008879394624627506,0.06857175317221187
CVF-SUMO-13,14,167,0.09993700375657104,0.008736110861011238,0.06433475997562621
CVF-SUMO-14,8,147,0.11674320863392551,0.010293575912887688,0.06857175317221187
CVF-SUMO-7,8,138,0.10692965407515304,0.007820023565004462,0.07077247397277182
CYT-997,50,391,0.10184373879557601,0.009138649655355652,0.0420451147287124
CYT387,6,1228,0.04169162379109193,0.0034101152086798443,0.023724918935056107
D-4476,15,211,0.05791350761093611,0.007325882903364115,0.057235132549415785
D-609,14,157,0.0487175327658317,0.0056266649809587005,0.06635201166521548
D-64131,15,833,0.09588713978730506,0.004607894256954761,0.028805898088179835
D-64406,13,209,0.12632475099852536,0.009638335777474683,0.05750833282526153
DAC-003,2,6600,0.048444424402843037,0.000946651891485262,0.01023368282865297
DAC-004,2,6750,0.0346676064123583,0.0008467844061500353,0.010119336414836404
DAC-009,2,6307,0.03267423024755223,0.001073802449208826,0.010468693988453903
DAC-012,2,6600,0.030709110391380336,0.0009250955650627725,0.01023368282865297
DAC-013,2,6750,0.032208339599816074,0.0008713498739144788,0.010119336414836404
DAPT-GSI-IX,13,200,0.03965759595865315,0.0066810986537544125,0.05878803211399748
DASB,3,48,0.09663501583205165,0.007326792804424011,0.12000056805137077
DAU-5884,13,142,0.049792993522859465,0.006935403575809673,0.06976855823420344
DC-45-A2,47,383,0.06646704005254742,0.020018664181160457,0.04248195881759507
DCEBIO,13,160,0.0443373725472007,0.01894309541316778,0.06572701803516952
DCPIB,13,283,0.030069269179558357,0.003881194096095241,0.04942090600560067
DG-041,51,361,0.16845267758610125,0.009262287638178225,0.043757280168863315
DH-97,13,140,0.023455170606719988,0.005886763480386944,0.0702651378691189
DL-PDMP,51,3744,0.05648593907084463,0.001668079788751532,0.013587388728887283
DL-TBOA,51,399,0.013126799470070049,0.004432204450763178,0.04162147556236048
DM-161,8,133,0.035009225103686134,0.005689904241997749,0.07209051035999475
DM-163,8,133,0.046568485845245165,0.006120744027889254,0.07209051035999475
DM-55-3,8,133,0.0465339303824416,0.006944533055525287,0.07209051035999475
DMAB-anabaseine,13,208,0.06948869871404219,0.010226991646743929,0.05764640825288317
DMBI,13,272,0.051123783703982344,0.006888016514116993,0.05041032165431471
DMP-543,13,185,0.07633835719615424,0.007439415804267161,0.06112488518608705
DMeOB,12,144,0.06405835709675317,0.013585740022507987,0.06928236026736692
DNQX,13,199,0.03798080725198418,0.009335539182318737,0.058935555638583256
DPO-1,8,157,0.03194253146888381,0.005182122593634452,0.06635201166521548
DPPE,13,156,0.028184048297454443,0.006477799212288489,0.06656433864523432
DR-2313,13,3773,0.02351515924233549,0.0013846792014960273,0.013535070367805914
DUP-697,13,603,0.034941245737077097,0.004717145375671021,0.0338567498302303
DY-131,13,218,0.06629727969465413,0.00803848929673399,0.05630872241521197
DY-44,13,161,0.03247897829134492,0.00593872275793464,0.06552257891462192
E-4031,13,865,0.02373073084355724,0.003172719200327459,0.02826805104333801
EBPC,13,216,0.05893276297771831,0.006234967047962499,0.05656881027690802
EHNA,14,238,0.04720723853201514,0.007086452439037722,0.05389090068214771
EHPG-piperazine,3,42,0.09406392452237808,0.007658781881885858,0.12828600339042298
EI-231,14,132,0.056528642543286316,0.006864849907690932,0.07236306524652845
EI-247,14,169,0.06750034560279392,0.007802678558856832,0.06395294793910793
EI-273,14,145,0.037000993153751174,0.007310804798079028,0.06904304224563809
EI-346-erlotinib-analog,14,133,0.1459140736327894,0.017724289973180485,0.07209051035999475
EMD-386088,13,296,0.04460570798074953,0.004686877871484876,0.04832346472608005
EMD-41000,13,198,0.03216986537495638,0.004500967518123021,0.059084195359240435
EMD-66684,13,165,0.020444631597750722,0.005330979306902062,0.06472349318059607
EMF-BCA1-57,14,613,0.015437821638582422,0.0035661216292633435,0.03357945810271376
EMF-BCA1-60,13,593,0.026623366402861247,0.0030707825549930313,0.034141026438662674
EMF-BCA1-64,13,612,0.01993993182576376,0.0026920337138079562,0.033606881102876476
EMF-bca1-16,9,547,0.1695916128112661,0.006789231090752495,0.03554759777306495
EMF-csc-9,9,622,0.024253544707743737,0.0024389574554668416,0.0333356346893279
EMF-sumo1-1,14,638,0.04231913064752803,0.004092131765920567,0.03291497891445945
EMF-sumo1-10,14,757,0.028727314214309116,0.0041287668570228414,0.030217322578953425
EMF-sumo1-11,15,1392,0.07436630444499774,0.003976445448862777,0.02228354606573762
EMF-sumo1-12,14,655,0.018638199661461876,0.0029967256295003494,0.032485029880889124
EMF-sumo1-2,14,664,0.026185763353895296,0.002916552439415344,0.03226412420621543
EMF-sumo1-3,14,670,0.03959250907927878,0.0030256776329336617,0.03211933309021405
EMF-sumo1-39,8,138,0.1623379706453251,0.010135045844243802,0.07077247397277182
EMF-sumo1-4,14,650,0.02537279955356723,0.003676056923161138,0.03260973294932948
EMF-sumo1-5,14,684,0.026672185938059357,0.0027580216244659315,0.03178892705004526
EMF-sumo1-6,14,170,0.023752220795082338,0.005727742496666433,0.06376457360373668
EMF-sumo1-7,14,660,0.03796357050885867,0.0053675393015075205,0.032361746590298036
EMF-sumo1-8,14,660,0.036326955568159805,0.003692463566051771,0.032361746590298036
EMF-sumo1-9,14,165,0.04736471829281636,0.019522349028457554,0.06472349318059607
ENMD-2076,8,819,0.0606620622928543,0.004415363998315085,0.02905105908823434
EO-1428,13,171,0.04885982132758037,0.0050338201842785365,0.06357785410009052
ER-27319,13,105,0.2692775602862033,0.017014796360483118,0.08113519252676392
ERK-inhibitor-11E,51,406,0.06679419260225121,0.005157241834457123,0.0412611096837349
EX-527,54,591,0.025422236338329605,0.00252184088845573,0.034198745882134264
EXO-1,13,747,0.018835671126597224,0.002613113868997581,0.03041890802034662
F-1061-0166,14,728,0.05283984371669329,0.006152300521513683,0.03081330132291237
F-1566-0341,14,585,0.1816409866960155,0.004623845047862277,0.03437367666990711
FCCP,14,791,0.08702712099595313,0.005721477678164873,0.029560765673697826
FG-7142,8,172,0.047375453500268165,0.003651840227461168,0.06339276534025146
FGIN-1-27,51,1089,0.036402779124924574,0.006172840406440219,0.02519358555176979
FGIN-1-43,8,172,0.03834457364176653,0.004880791700779463,0.06339276534025146
FH-535,3,45,0.07308348069359669,0.00949049755449557,0.12393605375957034
FIT,13,218,0.09950981542617779,0.007985316947692021,0.05630872241521197
FK-866,54,603,0.029956378898652433,0.005470045298049555,0.0338567498302303
FK-888,13,193,0.06840843269937287,0.005773377049309496,0.059844641003395496
FL-HDAC-025,8,9005,0.018118780667629324,0.0007636387393666162,0.008761169084524444
FPL-55712,13,202,0.03889402001785379,0.003568088429219333,0.05849627829268667
FPL-64176,53,1011,0.018261518747257066,0.0020012795303311045,0.026147389888656128
FR-122047,13,145,0.0403989359350934,0.008903907506539577,0.06904304224563809
FR-139317,13,204,0.05537697970042249,0.007855677861217015,0.05820882555410844
FR-180204,14,1464,0.030366129706680244,0.002381874512211359,0.021728681908113737
FTI-276,51,3799,0.01652010399275767,0.0015488016574417337,0.013488674472607595
FTase-inhibitor-B581,15,336,0.048033674724826725,0.009500488208792235,0.04535595146434426
FU-JMBII105B,8,204,0.03398650404875484,0.005445982856002112,0.05820882555410844
FU-JMBII113B,8,188,0.052765527360261216,0.006460224158105798,0.06063522534812126
FU-JMBII127B,8,204,0.056806708350452324,0.008195849230294754,0.05820882555410844
FU-JMBII227B,8,196,0.046564072237265455,0.004696105269665075,0.05938488022917164
Fluoro-SAHA,3,48,0.21905965162851135,0.008436694598483384,0.12000056805137077
GANT-58,51,395,0.032341181658616575,0.003204758606242811,0.041831686372022954
GANT-61,13,167,0.04976654579873476,0.006161305698837318,0.06433475997562621
GBR-12783,14,682,0.016285582062575757,0.002701010731176201,0.03183550425751605
GBR-12935,13,162,0.0319824521901686,0.006643119238128612,0.06532003568221943
GBR-13069,13,503,0.037826408668326574,0.004057547277734895,0.03706977312390532
GDC-0879,20,6134,0.1849725687270753,0.002835389383328479,0.01061529419342936
GDC-0941,19,3355,0.056870260237139994,0.0017051969928918993,0.014353494866873958
GGTI-2133,3,48,0.12333693916214228,0.010554385476134517,0.12000056805137077
GGTI-297,3,48,0.09572551476029974,0.0076851012111976745,0.12000056805137077
GGTI-298,3,48,0.06735707446696051,0.008193364342870392,0.12000056805137077
GMX-1778,51,398,0.031125901325052246,0.003595231700812131,0.04167373104503928
GNF-2,18,2696,0.058248299143512906,0.001679024149599358,0.016011940833203942
GP-1a,13,148,0.0574545347587139,0.010144115826054312,0.06833969919648027
GP-2a,13,157,0.04373033326848321,0.006778878877175104,0.06635201166521548
GP-42,8,129,0.1565102874300217,0.00849988145399584,0.0731996602677379
GR-103691,8,167,0.04180711679334165,0.0048649547484296354,0.06433475997562621
GR-113808,13,286,0.045783499882485076,0.007474560155531154,0.04916102213937066
GR-127935,13,211,0.11305942995568362,0.007919937671371126,0.057235132549415785
GR-135531,8,172,0.027250204555235528,0.0046846272834649766,0.06339276534025146
GR-144053,13,216,0.03996366891480628,0.004867747904073884,0.05656881027690802
GR-159897,13,168,0.05850362629659321,0.01581939064678256,0.06414300169521149
GR-206,15,226,0.04792483822003202,0.00727090852801461,0.05530312862084252
GR-235,14,171,0.04700284805624773,0.006464012372945135,0.06357785410009052
GR-32191,13,216,0.0652358408385466,0.007302154388729162,0.05656881027690802
GR-46611,13,147,0.027729354696102125,0.006099424968987936,0.06857175317221187
GR-55562,13,159,0.06150469075793308,0.01601229596372444,0.0659333828067973
GR-79236,13,156,0.04439343015025202,0.006072539422648281,0.06656433864523432
GR-89696,13,593,0.034728986779927355,0.006139653278830013,0.034141026438662674
GS-39783,13,142,0.05448641724389567,0.005260480486237374,0.06976855823420344
GSK-0660,14,162,0.042016878343276234,0.00898271928031783,0.06532003568221943
GSK-1059615,13,1520,0.07204372158803121,0.003868047822669827,0.02132466054470492
GSK-1070916,19,7567,0.030588666343495514,0.0017656722327164325,0.00955745041630145
GSK-1904529A,18,1561,0.040400996915433945,0.0028308743102190416,0.021042748715926825
GSK-2126458,6,1155,0.11214312629354903,0.002566136330604486,0.024463180991320308
GSK-2334470,51,406,0.019525412689135022,0.007327063168812644,0.0412611096837349
GSK-3-inhibitor-II,13,2784,0.026413787969538093,0.0013037062836229534,0.015756846531965883
GSK-3-inhibitor-IX,20,2862,0.07117903261700591,0.0016434025350915396,0.015540647363084963
GSK-429286A,18,3455,0.029895667005210798,0.0014128815177333403,0.014144249049603715
GSK-461364,18,2748,0.033229835489513526,0.0018049826921977905,0.015859721486704517
GSK-690693,6,1209,0.050233677452601905,0.002887033857593588,0.02391061629317967
GTP-14564,13,145,0.059920620351104424,0.005888352243608329,0.06904304224563809
GW-0742,13,162,0.050030865170202075,0.00636622106127923,0.06532003568221943
GW-1929,13,259,0.045125675721602455,0.006348461238450724,0.05165995678481355
GW-311616,13,218,0.030069871129999867,0.004580366205982857,0.05630872241521197
GW-3965,13,297,0.036627576062864035,0.006513037174524738,0.048242043497685634
GW-405833,55,1013,0.04919893595047056,0.003868220203704088,0.02612156529974921
GW-4064,15,346,0.02666486694541913,0.004336148194856163,0.04469571315542361
GW-441756,14,651,0.030284235264113092,0.003265096867996318,0.03258467744586118
GW-501516,14,171,0.07838285310145202,0.008118567562783821,0.06357785410009052
GW-5074,18,3755,0.027477195568991565,0.00139872801433444,0.013567472497778305
GW-583340,13,218,0.06152263416884157,0.006733900388111739,0.05630872241521197
GW-6471,13,548,0.04545244501074695,0.0023214647828444256,0.03551514902346983
GW-7647,15,342,0.07969559342655273,0.013256163313759632,0.044956331767462956
GW-843682X,60,5081,0.03696213551152001,0.0014094563744560932,0.011663511532674713
GW-9508,13,872,0.0235702442714874,0.0020216923368054163,0.028154361207605984
GW-9662,14,425,0.029739971909948936,0.004544834702857617,0.040328257323451765
GYKI-52466,13,158,0.041096163706451375,0.010183401508200067,0.06614170365070911
Gly-Gly-PALO,51,392,0.020232045310891157,0.004204035692676598,0.04199145150999821
Gossypetin,2,26700,0.02359482757132419,0.0005226370417331628,0.005088013909360478
H-7,14,171,0.07493591628375547,0.007233626765710703,0.06357785410009052
H-8,13,151,0.04975287323754147,0.00819559593882509,0.06765742221841048
H-89,13,218,0.0669685398486091,0.006182695918046498,0.05630872241521197
H-9,14,688,0.06221710538160856,0.0065365109254738,0.03169638267012573
HA-1004,13,158,0.04548385067147528,0.006786952707328838,0.06614170365070911
HA-14-1,13,161,0.031258988426926905,0.009550720795444763,0.06552257891462192
HC-toxin,14,584,0.2504302456641521,0.004193097812493167,0.03440309360012615
HDAC1-selective,11,29218,0.022907627745936476,0.0006489603670051675,0.004863833259957848
HDAC3-selective,11,30356,0.020392611073998083,0.0004205995484724719,0.004771793579620433
"HDACi1,2 + 3_mix",3,4411,0.03273235954634701,0.00318602820478706,0.012518012811318702
HG-5-113-01,18,2750,0.04399929721277274,0.0023458159089630557,0.015853953266296704
HG-5-88-01,18,2707,0.025667241147852383,0.001306100145069945,0.015979375143735087
HG-6-64-01,17,2747,0.04073378070940096,0.0018817603276336022,0.01586260795892547
HLI-373,51,398,0.07721381054747331,0.006567665304826009,0.04167373104503928
HMN-214,19,1554,0.0269802564474924,0.0024601952295556506,0.02109008904283717
HNHA,14,169,0.0379853048488805,0.00647114664999161,0.06395294793910793
HO-013,15,214,0.031219957284284335,0.006912277585219535,0.056832535763789646
HTMT,9,626,0.027318371456477055,0.0038933714961185877,0.03322896038479749
HTS-11203SC,9,162,0.03194858098231612,0.00577018512877675,0.06532003568221943
HTS-12264SC,9,162,0.03992808980314936,0.0053235568711994035,0.06532003568221943
HU-211,13,169,0.13362198143465323,0.014855357073614415,0.06395294793910793
I-070754,13,166,0.0382870103516605,0.007135874525043306,0.06452824841243086
I-070759,13,154,0.07862073992425517,0.006318003348808727,0.06699518028638862
I-212148,13,178,0.04186509047722247,0.006565856159413481,0.062315189410583144
I-303059,13,178,0.032779178849119704,0.004863649949979224,0.062315189410583144
I-505056,8,128,0.10304647282204665,0.006546895575794292,0.07348504014249686
I-606051,8,121,0.12578220868262882,0.011150387379655813,0.07558075665530938
I-606061,8,138,0.11598240916239952,0.01667317472907313,0.07077247397277182
I-OMe-AG-538,8,172,0.04312084136161513,0.004660848454874392,0.06339276534025146
IAA-94,13,159,0.029173622304525745,0.007619375432440099,0.0659333828067973
IB-MECA,13,766,0.049206911955879826,0.016289865141173723,0.03003928115800912
IBC-293,13,146,0.03783881468416385,0.006115870197864733,0.0688061872002523
IC-261,13,634,0.08235891884093334,0.004939514407604651,0.0330186483960841
ICI-118551,8,146,0.03278258535816094,0.014167793923057607,0.0688061872002523
ICI-162846,13,196,0.08568809616388261,0.016626377667499196,0.05938488022917164
ICI-199441,13,146,0.052870939931159724,0.005939183301631766,0.0688061872002523
ICI-204448,8,168,0.02175163174236284,0.004710503352221383,0.06414300169521149
ICI-63197,13,297,0.029533484045880652,0.004584445704328358,0.048242043497685634
ICI-89406,13,215,0.027616294158118827,0.003379774948681244,0.05670021303299794
IDAM,3,48,0.05131336805028113,0.009771711210518355,0.12000056805137077
III606050,8,147,0.07158885541432512,0.0077979884628562104,0.06857175317221187
IKK-16,12,162,0.23235607197242927,0.015529491952260504,0.06532003568221943
IKK-2-inhibitor,13,137,0.023093178499757946,0.0064344683873744845,0.07103029804693967
IKK-2-inhibitor-V,55,1316,0.16867643233228444,0.005160386488410314,0.022917960994498388
IKK-inhibitor-X,51,405,0.04208904211549734,0.008621895260047455,0.04131201791985678
IKK3-inhibitor-IX,51,384,0.027865216757769432,0.00429199776960874,0.042426607707681016
IM-12,3,45,0.10119030848781621,0.02348748034053789,0.12393605375957034
INCA-6,13,276,0.10087157945211869,0.022828297874225432,0.0500436962674954
IQ1,3,45,0.13077080901621999,0.009915774346173075,0.12393605375957034
IRL-2500,13,218,0.028210755316544617,0.003712186587128533,0.05630872241521197
ISOX,54,395,0.20215115028888817,0.006582677363647052,0.041831686372022954
ITE,13,179,0.043955879122739384,0.00795906379207037,0.06214088084701491
ITSA-1,3,45,0.09255237342051482,0.009557425692574027,0.12393605375957034
IWP-2,3,45,0.0905733647344193,0.006795458698503796,0.12393605375957034
J-104129,13,157,0.043687462647743966,0.008270494152551475,0.06635201166521548
JAK3-inhibitor-I,13,218,0.041802715075267165,0.00416154395933776,0.05630872241521197
JAK3-inhibitor-V,13,153,0.030863090841411537,0.006335308954416386,0.06721376220575295
JAK3-inhibitor-VI,13,207,0.18460614580161744,0.011091106110269706,0.05778548302256468
JAS07-001,8,191,0.03594585615479204,0.003540936840036239,0.06015714778102485
JAS07-002,9,141,0.04466230418814719,0.004911893948256883,0.07001552735422285
JAS07-003,8,204,0.05328343575150514,0.005395024760090422,0.05820882555410844
JAS07-004,9,136,0.04813185435188591,0.005752418666723476,0.07129096056712197
JAS07-005,8,199,0.05974968493444961,0.005352991771986595,0.058935555638583256
JAS07-006,8,204,0.03862169478949594,0.005573399572476167,0.05820882555410844
JAS07-007,9,136,0.04365435629956543,0.007090081527303969,0.07129096056712197
JAS07-008,8,204,0.028203035387606833,0.005587574211601039,0.05820882555410844
JAS07-009,9,141,0.039106705842174516,0.007737373108450588,0.07001552735422285
JAS07-010,8,204,0.026837774715402076,0.005265427243503043,0.05820882555410844
JFD02227,13,169,0.07290586791852167,0.014113861463791228,0.06395294793910793
JL-7-128,8,147,0.047798495944933475,0.006593333538740338,0.06857175317221187
JLK-6,13,151,0.0878480215082637,0.008572881799852038,0.06765742221841048
JMV-431,3,42,0.06961568921050132,0.008562938655106444,0.12828600339042298
JMW-MITF1,4,954,0.03682585920625563,0.002812429416656777,0.026917190815374453
JNJ-10191584,13,192,0.060324526067184844,0.008782941693057067,0.060000284025685385
JNJ-16259685,15,285,0.0503070450435069,0.00877719931657067,0.04924719402345111
JNJ-26481585,14,156,0.0680149873194072,0.006782608731124296,0.06656433864523432
JNJ-38877605,13,1575,0.02735612201538229,0.0023838186224486354,0.020949016629832607
JNJ-7706621,13,115,0.20618113808457625,0.016282534588982267,0.07752736089066879
JNK-9L,19,1501,0.08386690328054326,0.004793502972996825,0.021459202324455556
JPR-3-97-17,9,162,0.041252437505218176,0.005041959274274913,0.06532003568221943
JS-K,3,31,0.2612804680229605,0.03497744052177764,0.14932175089137917
JTC-801,7,35,0.18692074748062618,0.017766502688321223,0.1405302757382378
JTE-013,13,160,0.04096443325673226,0.0062640842238549,0.06572701803516952
JTE-907,13,207,0.048481157165715674,0.004635207816876716,0.05778548302256468
JW-7-24-1,17,2678,0.04120620276257494,0.0020211916974861815,0.01606566231404659
JWE-035,19,1630,0.057260904257498,0.0025673361971787698,0.020592549489037385
JWH-015,13,137,0.026610140552756723,0.0044732274299670504,0.07103029804693967
JX-401,13,486,0.048309288381247865,0.0036970613207301054,0.037712540184605355
JZL-184,51,402,0.019748254649419754,0.0032432665579691443,0.04146588071656261
K-858,14,165,0.051946668214918945,0.008692675592998144,0.06472349318059607
K784-3131,13,1224,0.15098999156337892,0.0036703638403147764,0.023763653522373994
K784-3187,13,1230,0.1288630903178973,0.004179063749980224,0.023705622535820415
K784-3188,14,1087,0.14115371177155595,0.003777217946503793,0.025216752072114577
K784-3391,13,169,0.02684867551227907,0.006980368668866072,0.06395294793910793
KB-R7943,13,173,0.047754875345482894,0.005486836553695487,0.06320928372433764
KB188-III-56,13,166,0.02879856381776912,0.004658631560558138,0.06452824841243086
KCl,3,27161,0.03227618424099608,0.0006749327023128957,0.0050446500316986605
KDM-096,3,48,0.10250451637718258,0.011463070717735406,0.12000056805137077
KDM-103,3,48,0.08612680127972148,0.00537675919791925,0.12000056805137077
KF-38789,13,202,0.12955447900320577,0.009785303491298266,0.05849627829268667
KI-16425,13,160,0.04496674465373274,0.005478540696806735,0.06572701803516952
KI-8751,11,352,0.08912588286936748,0.005590725959117106,0.04431314651943033
KIN001-055,19,2702,0.06052064050120203,0.002047644859934091,0.015994153076370674
KIN001-127,19,2719,0.03036578925008858,0.001715628253325425,0.015944074566427536
KIN001-242,19,2784,0.03869588923121257,0.001884122543904561,0.015756846531965883
KIN001-244,19,2696,0.03902363736707864,0.002021176539029449,0.016011940833203942
KIN001-266,6,1280,0.01688830324031673,0.0026915667883557074,0.02323801007991944
KM-00519SC,9,162,0.04029267284324574,0.004967383774535484,0.06532003568221943
KM-00799,12,150,0.0827921071533802,0.008592830974663174,0.06788257233228963
KM-00927,14,135,0.22489196933674893,0.010037048956319539,0.07155451400038787
KM-01366,13,169,0.03406238153239363,0.005401591091457498,0.06395294793910793
KM-03439,13,158,0.03122951707577254,0.00585151973504416,0.06614170365070911
KM-03472SC,13,164,0.06299988647107048,0.007576161722481935,0.06492052101285829
KM-03949SC,9,162,0.06215105505561132,0.00864500089394785,0.06532003568221943
KM-04501,13,178,0.023604557380876273,0.005010229254992768,0.062315189410583144
KM-04644SC,9,162,0.029680193205600537,0.004225756740528148,0.06532003568221943
KN-62,13,213,0.0606310565854373,0.008571871079991618,0.056965789254484055
KN-93,13,147,0.06565338296262072,0.006813835967978638,0.06857175317221187
KO-143,51,389,0.11354794319810335,0.006826278902458106,0.04215306128564523
KU-0060648,50,4342,0.078093703432015,0.001672379055560034,0.012617084481462544
KU-0063794,51,397,0.0796365404816306,0.00407640261524467,0.041726183842446
KU-14R,13,218,0.02566915469742988,0.005365887272206187,0.05630872241521197
KU-55933,19,3484,0.022161296552125,0.0019477056645569792,0.014085259330782928
KU-60019,6,1264,0.0215548335226101,0.0024920062868398706,0.023384623585323724
KU-C103420N,9,141,0.03824636594426475,0.004565669166001998,0.07001552735422285
KU-C103428N,8,204,0.045832030973860065,0.004403693740506986,0.05820882555410844
KU-C103443N,8,199,0.04463728943711328,0.005455770052589176,0.058935555638583256
KU-C103654,9,127,0.04348047950472763,0.006032436059152804,0.07377378404515243
KU-C103655,9,131,0.055352749156229925,0.007237876033168249,0.07263873506478
KU-C103656,9,131,0.04710825005084436,0.0059201153872932835,0.07263873506478
KU-C103658,9,122,0.054967434590309144,0.005150132609177585,0.07527036209271129
KU-C103670,8,133,0.08759057847868336,0.012100359893907193,0.07209051035999475
KU-C103671,9,126,0.037178190876091116,0.005042645934403623,0.07406595859072196
KU-C103672,8,122,0.05297342121559509,0.00984347201029219,0.07527036209271129
KU-C103676,9,131,0.04830448760812752,0.009465326360407087,0.07263873506478
KU-C103853,9,120,0.03685144237742079,0.00940788832771286,0.07589502311127302
KU-C103867,9,131,0.056651411521663995,0.023661614107297505,0.07263873506478
KU-C103868,8,112,0.04519285296888239,0.004518708722181007,0.07855881236187227
KU-C103869,9,113,0.040202187705970074,0.005116207945115342,0.07821043453725916
KU-C103871,9,131,0.04737846221111,0.007256188684457556,0.07263873506478
KU-C103874,8,125,0.034485206213049,0.007514533823653119,0.07436163225574222
KU-C103875,8,133,0.03939987611202657,0.004943843303214961,0.07209051035999475
KU-C103881,8,133,0.024013542022010937,0.005289970425800545,0.07209051035999475
KU-C103882,9,131,0.05066932008219371,0.005610175957515439,0.07263873506478
KU-C103884,9,129,0.029950739759039214,0.003915124164445853,0.0731996602677379
KU-C103885,8,111,0.059917530997370703,0.008841533223429952,0.07891188745485186
KU-C103898N,9,141,0.05197432779530815,0.005100854209793725,0.07001552735422285
KU-C103904N,9,141,0.03637447321075449,0.005344013524906261,0.07001552735422285
KU-C104122,9,131,0.03731780558510414,0.003540398965873306,0.07263873506478
KU-C104123,9,120,0.044483602875665156,0.0064250208875666764,0.07589502311127302
KU-C104126N,8,131,0.034637474573138816,0.005582130826605976,0.07263873506478
KU-C104127,8,133,0.03772426150230141,0.00410796132816887,0.07209051035999475
KU-C104129,8,122,0.04103388988094649,0.008794523420095098,0.07527036209271129
KU-C104131,8,133,0.03316882572919862,0.004303107965169538,0.07209051035999475
KU-C104132,9,128,0.04101299182030056,0.006151363635032842,0.07348504014249686
KU-C104133,9,128,0.04622167407375205,0.005919818143240083,0.07348504014249686
KU-C104135,8,124,0.12668314776426626,0.01098008072599643,0.07466087544568958
KU-C104137,8,79,0.08763864967107002,0.01688789312696954,0.0935384943412949
KU-C104139,8,131,0.0614447605049366,0.006743779025569494,0.07263873506478
KU-C104140,9,99,0.0924032754827294,0.011515055591827772,0.0835576703989393
KU-C104141,8,133,0.04796548282583894,0.006348547447269614,0.07209051035999475
KU-C104142,9,124,0.0948732704290982,0.03207966502949875,0.07466087544568958
KU-C104145,9,131,0.020939074133839233,0.008677143182491487,0.07263873506478
KU-C104218,8,129,0.04734938316507846,0.009857608540972404,0.0731996602677379
KU-C104219,9,117,0.040794352641459516,0.01194198720788382,0.07686187767051089
KU-C104220,8,133,0.03894261844334451,0.003876986421726904,0.07209051035999475
KU-C104223,9,131,0.035658605885492384,0.004825582617272386,0.07263873506478
KU-C104224,9,131,0.0258167976115279,0.010405109417847579,0.07263873506478
KU-C104226,9,131,0.038104306454232025,0.007458264568732075,0.07263873506478
KU-C104227,9,131,0.06175506200125519,0.005677944224927885,0.07263873506478
KU-C104228,9,110,0.023428647041533433,0.004947172951569349,0.07926976633148354
KU-C104230,9,131,0.026566441884876328,0.006788037166498601,0.07263873506478
KU-C104233,8,133,0.04710499711297665,0.00723863447191635,0.07209051035999475
KU-C104236N,8,204,0.03141049311572764,0.005554080460676525,0.05820882555410844
KU-C104248,9,131,0.04288581407366993,0.007725615190162316,0.07263873506478
KU-C104250,9,131,0.0162663500028746,0.005931731733668446,0.07263873506478
KU-C104253,8,133,0.0290337131263489,0.004402139778327601,0.07209051035999475
KU-C104254,9,120,0.07073275830481987,0.016708647941395212,0.07589502311127302
KU-C104255,9,131,0.06363081815281325,0.011158687388448814,0.07263873506478
KU-C104256,8,124,0.04693423035132641,0.007835482373085767,0.07466087544568958
KU-C104337,9,105,0.13156032413360041,0.009877540258851047,0.08113519252676392
KU-C104486,9,131,0.07457027973931876,0.01914839919087097,0.07263873506478
KU-C104487,8,133,0.053700403469126363,0.0062011326576603834,0.07209051035999475
KU-C104488,8,115,0.05101880015990039,0.007513291253546339,0.07752736089066879
KU-C104491,8,129,0.05020049342713077,0.007539271578353287,0.0731996602677379
KU-C104493,9,124,0.10722079484436096,0.007226841675502322,0.07466087544568958
KU-C104495,8,133,0.12672183927164954,0.011682530438172037,0.07209051035999475
KU-C104502N,9,126,0.02458321972953821,0.0064229269817758445,0.07406595859072196
KU-C104545N,8,125,0.04007840056136128,0.005786766283725926,0.07436163225574222
KUC103423N,9,141,0.037512446008990306,0.005788993376473836,0.07001552735422285
KUC103424N,9,136,0.041918949153211885,0.004391268337937212,0.07129096056712197
KUC103893N,9,138,0.04017064805661227,0.0070284816562015415,0.07077247397277182
KUC103903N,9,141,0.027882681897568245,0.005650570112458638,0.07001552735422285
KUC104235N,9,139,0.06484181286732311,0.015209771120210007,0.07051743720105612
KUC104240N,9,137,0.047854354776520745,0.007361617949103066,0.07103029804693967
KUC104542N,9,127,0.044924926928316206,0.005417383763641248,0.07377378404515243
KUC104547N,9,131,0.03951007029073172,0.005050218349795414,0.07263873506478
KUC105208,4,1288,0.025410312603670427,0.002323984163144414,0.02316572993567993
KUC107191N,4,1288,0.03339955271480483,0.0039028506094728956,0.02316572993567993
KUC111109N,10,24486,0.00977968443328552,0.0010252835671795352,0.005313063396159344
KUC111774N,10,23814,0.029773662598305682,0.0010260260001290322,0.005387505740657907
KW-06,3,48,0.12067188660539528,0.011269749632606098,0.12000056805137077
L-152804,13,216,0.03766791908955652,0.004563187956191475,0.05656881027690802
L-161982,13,260,0.04014692990375402,0.0064203166069465925,0.05156051500486066
L-165041,13,160,0.05940660021391539,0.00637452780807311,0.06572701803516952
L-168049,8,164,0.04353442532963,0.01293464417748611,0.06492052101285829
L-2167,14,171,0.05004178110692955,0.005350409800339926,0.06357785410009052
L-368899,13,218,0.03879207465961168,0.0045197294914156045,0.05630872241521197
L-655240,13,186,0.0386273498874997,0.00680603376606453,0.06096034953047636
L-655708,8,162,0.02838168764597608,0.004874340192738344,0.06532003568221943
L-670596,8,172,0.03940679544831684,0.012816984318948866,0.06339276534025146
L-689560,14,802,0.02474501227030452,0.002660797083086814,0.029357342285940415
L-690330,52,438,0.055677608497620754,0.006904841429686231,0.039725270701977455
L-690488,51,394,0.11541868596593974,0.007458539341029531,0.04188473862716816
L-692585,13,148,0.01982448206050646,0.004826179990929522,0.06833969919648027
L-693403,13,152,0.0287497905326529,0.009037102433833108,0.06743449765119443
L-694247,13,605,0.017103799389486075,0.004152452789781191,0.03380074193442828
L-701252,12,154,0.06410713263842377,0.010930990735315402,0.06699518028638862
L-701324,13,304,0.022014327217301077,0.0045014833265499335,0.047683390575067895
L-732138,13,204,0.05222770828312411,0.0068992650400799445,0.05820882555410844
L-733060,13,216,0.07536240421552196,0.007275460468227304,0.05656881027690802
L-741626,13,160,0.06428057394418259,0.007179260014948368,0.06572701803516952
L-741742,8,145,0.047905221118948425,0.006843700861052795,0.06904304224563809
L-744832,5,90,0.08026549689349799,0.007013938036818199,0.0876360240468927
L-745870,13,165,0.03842511631952073,0.007665882460073691,0.06472349318059607
L-750667,13,218,0.036541726791568516,0.006146460926729394,0.05630872241521197
L-755507,13,301,0.06281816816479768,0.01737617311449089,0.047920426288851486
L-803087,13,164,0.06284938915840892,0.013249730395479428,0.06492052101285829
L-ascorbyl-6-palmitate,9,153,0.04650449622069725,0.005166112591113682,0.06721376220575295
L-erythro-MAPP,13,215,0.027475159007698792,0.006271981237575809,0.05670021303299794
L-stepholidine,8,155,0.025952302849229666,0.0035758537145901045,0.06677871710248273
LBH-589,3,48,0.23302286206852788,0.009950406473854095,0.12000056805137077
LDN-193189,38,1692,0.12628766706765712,0.004543115312132185,0.020211741782707085
LE-135,55,1060,0.06253388925370469,0.003978625152191669,0.025535889356984434
LE-300,13,142,0.050331152684856335,0.006282527023987799,0.06976855823420344
LFM-A12,4,114,0.11912464106335018,0.006769400875751892,0.07786665074316859
LFM-A13,55,1058,0.024406476878884944,0.004700874280049743,0.0255600139626076
LM-1685,13,169,0.05010372961278568,0.017000348488612545,0.06395294793910793
LY-165163,15,293,0.06006809941394633,0.005561474098144746,0.04857022444831813
LY-2140023,8,138,0.035559605113350524,0.006394784120267631,0.07077247397277182
LY-2183240,57,1272,0.0864045618494426,0.0037139951759593095,0.023310971044627444
LY-225910,13,158,0.05873823294785021,0.009240077280568516,0.06614170365070911
LY-255283,13,170,0.052283001989308374,0.005983660220514226,0.06376457360373668
LY-278584,13,218,0.05325497918123088,0.006072307239631372,0.05630872241521197
LY-288513,13,165,0.06005979912084472,0.006194391960373981,0.06472349318059607
LY-294002,12,120322,0.040884159414084444,0.0003076770649435448,0.0023967978116086926
LY-303511,13,162,0.06802118149217179,0.006437554478006582,0.06532003568221943
LY-320135,13,218,0.06411040459184995,0.006544498980876896,0.05630872241521197
LY-341495,13,144,0.037896565662170256,0.013262988668881785,0.06928236026736692
LY-344864,8,172,0.03169246925522951,0.005221832951737613,0.06339276534025146
LY-364947,13,148,0.07455683511192046,0.00756756675067292,0.06833969919648027
LY-456236,14,490,0.04239467842237908,0.0038903270061960535,0.037558296020096874
LY-83583,8,133,0.047649146381115684,0.008788550088698598,0.07209051035999475
M-344,3,45,0.28202634466854704,0.01586101993572343,0.12393605375957034
M2-PK-activator,51,966,0.019822597083730503,0.002603135290371109,0.026749480828677955
MAPP-D-erythro,13,216,0.04440997822650816,0.006294958391687571,0.05656881027690802
MAZ-51,8,172,0.08321720363861686,0.011829409647963723,0.06339276534025146
MBCQ,8,172,0.06718199780847053,0.004711921859183634,0.06339276534025146
MC-1293,3,45,0.11054332294278962,0.011484680282156679,0.12393605375957034
MD-040,13,152,0.12194345285133178,0.007416821097828041,0.06743449765119443
MD-041,13,149,0.164923283282496,0.010494167495341373,0.06810998527191248
MD-049,13,170,0.1282675256169191,0.017632049303017795,0.06376457360373668
MD-920,13,218,0.04909021676214677,0.006036087200000911,0.05630872241521197
MD-II-008-P,12,157,0.16622921961917903,0.006454394242502047,0.06635201166521548
MD-II-038,13,158,0.1338447479353073,0.010479051555929927,0.06614170365070911
MD-II-051,13,158,0.1630602875684757,0.007951616282765965,0.06614170365070911
MDL-11939,8,167,0.055749132456800035,0.0070458016543011705,0.06433475997562621
MDL-28170,13,166,0.05505680829830313,0.008691379949819484,0.06452824841243086
MDL-29951,13,287,0.02533638623140957,0.0069631520340608785,0.04907530102421889
MDL-72832,13,177,0.0275895645621821,0.005920303009791524,0.062490973086752825
MDL-73005EF,8,523,0.030430423129200246,0.005860616521578755,0.036354073099345845
MDM2-inhibitor,13,216,0.0743957696627469,0.006032537996825137,0.05656881027690802
MEK1-2-inhibitor,13,191,0.10734578601516764,0.010639946136258462,0.06015714778102485
MG-132,16,5830,0.08245435709540276,0.0017285435857414125,0.010888539807373379
MGCD-265,6,1264,0.03791254850958819,0.003485496680862811,0.023384623585323724
MK-1775,56,1885,0.05914519901175622,0.0025153879948801206,0.019149094540821116
MK-212,8,172,0.046575404385637516,0.006656021029931316,0.06339276534025146
MK-2206,56,3068,0.04129630041013015,0.0024742731360704153,0.015009846224797674
MK-5108,8,737,0.04727340272114907,0.0028382821012295787,0.030624582493037122
MK-801,3,180,0.07398851845192661,0.006498022917799751,0.06196802687978517
ML-167,9,138,0.05397207147677662,0.00327548163834256,0.07077247397277182
ML-3163,13,202,0.08220506084957067,0.03447628316060846,0.05849627829268667
ML-4054,13,170,0.04273688975907204,0.005274475957585161,0.06376457360373668
ML-7,13,162,0.050187927747851274,0.006371894947085523,0.06532003568221943
ML-9,8,172,0.033786042774655765,0.0052661523091004836,0.06339276534025146
MLN-8054,19,7287,0.02697125991384832,0.0017586416990838765,0.009739340190886606
MMPX,13,218,0.055743809402245416,0.00764885860695189,0.05630872241521197
MNITMT,13,148,0.04595825952035056,0.008670149132902722,0.06833969919648027
MPEP,11,131,0.06352710020551812,0.011201888721210158,0.07263873506478
MR-16728,13,167,0.02801568812210746,0.0050115150484735275,0.06433475997562621
MRE-269,4,1288,0.1472833547779651,0.006695537575544473,0.02316572993567993
MRS-1220,13,141,0.05633753347788942,0.009368686721790597,0.07001552735422285
MRS-1334,13,287,0.029616520709829654,0.005358169474065596,0.04907530102421889
MRS-1754,13,204,0.030454356975826408,0.004125081715139273,0.05820882555410844
MRS-1845,13,218,0.032555912301281284,0.005183242472110349,0.05630872241521197
MST-312,43,376,0.14046090973472994,0.011188465096865963,0.04287557902243098
MT-21,13,136,0.04134249434110857,0.00652888219914803,0.07129096056712197
MW-A1-12,51,405,0.11945065764505595,0.008857925038766862,0.04131201791985678
MW-A1-14,14,628,0.04077419690606874,0.004658855617545414,0.03317600583260774
MW-A1-18,13,178,0.03218652754754359,0.004636847486548911,0.062315189410583144
MW-A1-2,13,153,0.032805672365377,0.003741268235596041,0.06721376220575295
MW-A1-6,13,178,0.04137918723341886,0.005523346642661792,0.062315189410583144
MW-MITF22,9,153,0.04343000336350576,0.006627746244221628,0.06721376220575295
MW-MITF24,4,936,0.030296568142382508,0.003238373373818961,0.027174777457774565
MW-MITF28,9,618,0.03115709624653294,0.004953246440461496,0.03344334299805518
MW-MITF9,9,153,0.03619869176720321,0.005484316519975737,0.06721376220575295
MW-RAS9,9,120,0.03140509776213451,0.006821877452301467,0.07589502311127302
MW-SHH-151,10,24571,0.002394308142267876,0.0009379625127713356,0.005303865528007247
MW-SHH-250,10,24662,0.008407653200922762,0.001107098660030699,0.005294071151658474
MW-SHH-28,10,24258,0.0013727887778458726,0.0009832303237481983,0.005337973638722895
MW-SHH-54,10,23381,0.004602309164353535,0.0008882714425662025,0.005437163335190437
MW-SHH-61,10,23679,0.00849824266272524,0.0012809142374248022,0.00540284168326786
MW-SHH-97,10,24387,0.006570071421432256,0.0010367820343094442,0.005323836769972035
MW-SHH-98,10,24249,0.001060286372734679,0.001081462846102724,0.005338964139483929
MW-STK33-100,2,2916,0.025562306023443695,0.0016025873023281024,0.015396080059414872
MW-STK33-1A,9,162,0.04923531466820887,0.006308947289864593,0.06532003568221943
MW-STK33-1B,8,147,0.04339455267967079,0.0057647091637980236,0.06857175317221187
MW-STK33-1C,11,3367,0.049775945199865966,0.0018110917554820948,0.014327894082761465
MW-STK33-22,13,165,0.03366619931585068,0.005692040348555388,0.06472349318059607
MW-STK33-23,8,139,0.22132555519104272,0.010527096086672006,0.07051743720105612
MW-STK33-2A,10,680,0.0541044921572008,0.0034788951291961127,0.03188228680186834
MW-STK33-2B,11,3078,0.03851430684766663,0.0013137449583034053,0.014985443922487652
MW-STK33-2C,13,178,0.03385338601851348,0.004829024265535954,0.062315189410583144
MW-STK33-3A,13,176,0.043164201791047865,0.006056035699882504,0.06266825279920447
MW-STK33-3B,13,178,0.04229583141677112,0.005918029499064414,0.062315189410583144
MW-STK33-4A,13,168,0.04061191297231076,0.008788491650596881,0.06414300169521149
MW-STK33-4C,13,764,0.034117050144770296,0.0027480381367205246,0.030078573890512425
MW-STK33-97,2,2871,0.021061430784237386,0.001603283073757445,0.015516269862017672
MY-5445,12,176,0.07063077471458805,0.01501935263650005,0.06266825279920447
Merck60,9,14178,0.03467146417537273,0.0007488968191877185,0.006982266718163764
N-(3-acetamidophenyl)-3-chlorobenzamide,13,633,0.015188729901545012,0.003008028790400672,0.033044719184509116
N-arachidonyl-GABA,13,216,0.03541769575941367,0.0050038372646826115,0.05656881027690802
N-formylmethionylalanine,8,167,0.06998819517354894,0.021046375392325095,0.06433475997562621
N-methyllidocaine-iodide,13,179,0.01513523930408969,0.008464678051536435,0.06214088084701491
N-methylquipazine,8,172,0.03219257373075804,0.004782803260816707,0.06339276534025146
N20C,8,164,0.0751871714878996,0.010975739090018729,0.06492052101285829
N6-cyclopentyladenosine,8,172,0.03231117612323951,0.0038563414309812916,0.06339276534025146
NAN-190,12,146,0.06454519407316116,0.010219859223306538,0.0688061872002523
NAS-181,13,167,0.043039497440745464,0.006655551793766975,0.06433475997562621
NBI-27914,13,151,0.04483886526342379,0.007592204315986576,0.06765742221841048
NBQX,13,284,0.03074218836268471,0.00527843128023217,0.04933382064101379
NCH-51,11,175,0.1714669033303136,0.015063440087601876,0.06284704988949782
NCI-16221,3,45,0.08637861372116593,0.014691499318113642,0.12393605375957034
NCS-382,13,875,0.022765367075509833,0.004402007892379838,0.028106055147647555
NECA,13,165,0.045977136780487975,0.009885175560377555,0.06472349318059607
NF-449,51,399,0.017280636458298745,0.003059870231604216,0.04162147556236048
NFKB-activation-inhibitor-II,49,387,0.027905223591743834,0.00392048611612403,0.042261843560167635
NGB-2904,13,218,0.044350692026531524,0.004964189992040179,0.05630872241521197
NK26-I-41-1,13,141,0.04246801097084977,0.01625182970825748,0.07001552735422285
NK42-I-109-1,13,169,0.03312195402182094,0.0063136140450366605,0.06395294793910793
NM-PP1,9,141,0.0534046955310777,0.005254320258192396,0.07001552735422285
NNC-05-2090,13,202,0.06411080228889204,0.005857983504795309,0.05849627829268667
NNC-55-0396,11,2814,0.11401883220670546,0.0017895181893743189,0.015672629752899063
NNC-63-0532,13,138,0.02905335988120212,0.0067657997157944275,0.07077247397277182
NNC-711,13,159,0.037344386812981856,0.006376112322908035,0.0659333828067973
NO-ASA,3,45,0.16644607279322057,0.014711389126938796,0.12393605375957034
NPC-15199,13,218,0.03819501949855093,0.00544019459214049,0.05630872241521197
NPK76-II-72-1,19,2755,0.021320636328453404,0.0010577646527059376,0.01583956020543926
NS-1619,13,276,0.02879124462639538,0.005074229528106646,0.0500436962674954
NS-3694,8,172,0.046063340459203406,0.006379908741251623,0.06339276534025146
NSC-119889,8,167,0.032634590040830594,0.004580870604127922,0.06433475997562621
NSC-23766,51,1102,0.03887354299473969,0.002883372615555815,0.02504454369227632
NSC-3852,15,172,0.1629875539856499,0.016715329439071225,0.06339276534025146
NSC-632839,56,4803,0.10512970659037665,0.002546995455181915,0.01199630854429126
NSC-663284,12,387,0.17803882585812494,0.007944622110294697,0.042261843560167635
NSC-693868,13,854,0.03189236222165087,0.003244086652067946,0.028449522741585336
NSC-94258,9,66,0.0584401622367779,0.01515796978793669,0.10233682828652971
NSC-95397,56,1801,0.04890986619215454,0.002986203265616732,0.019590569635366255
NTNCB,13,195,0.11427493504438187,0.00898411154474302,0.05953695443522408
NU-1025,55,5333,0.025454834373833064,0.0019353282836907164,0.011384609241288809
NU-7026,13,292,0.04966329656028451,0.00821009583182582,0.04865332155688944
NU-7441,19,2730,0.03129274861095352,0.0016020373087028287,0.015911920382041412
NVP-AEW541,6,1249,0.05510348495874961,0.003747158849793087,0.023524624578153387
NVP-AUY922,57,6422,0.06842199924719233,0.0016583558934181542,0.010374538100183758
NVP-BEZ235,54,3786,0.07715445228489155,0.0019287518388658785,0.013511812678984653
NVP-BGJ398,6,1260,0.04259298670149073,0.00304040537948401,0.02342171262303963
NVP-TAE684,19,4398,0.09071423822948524,0.0018475867215246087,0.012536500088253261
NaCl,3,26780,0.02718723935589867,0.0006872376754279162,0.005080408503151857
O-1918,13,162,0.027051347227297948,0.005097072852034827,0.06532003568221943
O-2050,13,218,0.11607190308479645,0.011967703536219959,0.05630872241521197
O-3M3FBS,13,291,0.08500671947729428,0.013910938152446886,0.04873684663392608
OBAA,13,803,0.047979185503398955,0.005547682778661603,0.029339056801584048
ODQ,13,204,0.06303832395124931,0.006188351696206164,0.05820882555410844
OM-137,13,165,0.050059231309463784,0.00843858136456223,0.06472349318059607
OMDM-2,13,218,0.04248893076415669,0.004586477085678068,0.05630872241521197
ON-01910,18,1561,0.03460429045700446,0.002312079475563263,0.021042748715926825
OSI-027,19,2739,0.08224709915083538,0.0019243366992296805,0.015885756614741748
OSI-930,6,1224,0.03644569843795228,0.003017379200181582,0.023763653522373994
P-1075,13,144,0.0479248069255407,0.009231142873733732,0.06928236026736692
PAC-1,51,1050,0.10699484694497413,0.005637835869541427,0.025657200678084597
PATI-1-2-3,13,167,0.0430064081288387,0.007201678091602917,0.06433475997562621
PCA-4248,13,153,0.044911461730811356,0.006087143098472931,0.06721376220575295
PCI-24781,13,153,0.2677932629510802,0.018084960809490545,0.06721376220575295
PCI-34051,12,34986,0.02582845097062207,0.00033333742757846006,0.004444846573672768
PCO-400,13,171,0.03730706120184286,0.009469509367642017,0.06357785410009052
PD-0325901,19,3335,0.07089579781264803,0.001970761720059984,0.014396469498567084
PD-102807,13,156,0.07160040793072554,0.006468611835760793,0.06656433864523432
PD-123319,13,204,0.03417872461536936,0.004453668241281826,0.05820882555410844
PD-149163,3,48,0.10116237227057734,0.011632910267791957,0.12000056805137077
PD-158780,8,172,0.08426294116365324,0.0148463873183693,0.06339276534025146
PD-160170,13,159,0.05339738551081665,0.0070254234239872536,0.0659333828067973
PD-166793,13,184,0.0786451725053386,0.013897640641471531,0.0612907603490934
PD-168077,13,178,0.04106851788656572,0.00887600221924868,0.062315189410583144
PD-169316,4,135,0.07496456668179108,0.005114121135746892,0.07155451400038787
PD-173074,19,5537,0.030018137274517784,0.0014003639197876167,0.011172919219608453
PD-184352,19,3469,0.07366036169824591,0.0016381966243735765,0.014115678902600274
PD-198306,13,159,0.1287750075645306,0.010760348919130856,0.0659333828067973
PD-407824,13,636,0.1294713238421515,0.004509891373847523,0.03296669140339865
PD-98059,58,1413,0.04594327228066804,0.0025413399518292717,0.022117337221738493
PETCM,8,168,0.04142677242565872,0.011336702267253114,0.06414300169521149
PF-04217903,56,7084,0.03648818648632159,0.001174269062971503,0.009877900434375139
PF-3845,51,402,0.03988039503612606,0.008239677801876934,0.04146588071656261
PF-431396,6,1280,0.03853169377599165,0.0036629935390862377,0.02323801007991944
PF-477736,6,1280,0.057469429191951533,0.007556494618304667,0.02323801007991944
PF-543,8,864,0.021261764143439076,0.002393123841267264,0.02828440513845401
PF-562271,17,2682,0.06591861391522243,0.004288927445826284,0.01605367748409506
PF-750,51,406,0.07908621999918092,0.005998753501574175,0.0412611096837349
PG-9,13,200,0.036379746047493826,0.005775756290760609,0.05878803211399748
PHA-665752,18,1638,0.03588373348437792,0.0037973773710514463,0.020542200881941582
PHA-793887,19,2630,0.07681085209646411,0.00387752635553912,0.016211606225584634
PHCCC,8,167,0.04073640994721977,0.004489835225125126,0.06433475997562621
PHTPP,13,218,0.051889311101714686,0.005543653198303591,0.05630872241521197
PI-103,59,1919,0.07552063269484206,0.0034699769786808313,0.018978698791000413
PI-828,13,192,0.15777073187213905,0.008543344238388791,0.060000284025685385
PIK-75,54,814,0.11571524037196587,0.006284470242404222,0.029140145648433053
PIK-90,51,402,0.05635464226850728,0.00392444841661032,0.04146588071656261
PIT,13,147,0.04342195981054304,0.005876717560292293,0.06857175317221187
PJ-34,51,4376,0.03605783502846672,0.0013139596323921145,0.012567973720113021
PK-11195,54,1041,0.04225414937619405,0.007447501570539819,0.025767872078942294
PKCbeta-inhibitor,51,406,0.06581704142310162,0.0037130217653756643,0.0412611096837349
PLX-4720,20,8061,0.18778231983368324,0.002580191411167877,0.009259967448252556
PMSF,3,45,0.06953226271762629,0.01173723658694665,0.12393605375957034
PNU-120596,13,218,0.03452672264847531,0.006401131292749633,0.05630872241521197
PNU-22394,13,165,0.017363372794160423,0.005192015005772942,0.06472349318059607
PNU-282987,13,167,0.021764543131886176,0.007695663243107865,0.06433475997562621
PNU-74654,54,434,0.0785907997270077,0.004631905660056976,0.03990791658776766
PNU-96415E,13,199,0.041930103604698836,0.005624420342958213,0.058935555638583256
PP-1,13,165,0.12178834330758347,0.00968462571767542,0.06472349318059607
PP-110,51,3804,0.08979169189811022,0.0018247819760798276,0.013479806761128706
PP-2,15,243,0.10820033128891676,0.006581834618960895,0.05333358580060923
PP-3,13,209,0.06513839667772071,0.006313096284201033,0.05750833282526153
PP-30,51,406,0.06309008195252741,0.0034859662313175416,0.0412611096837349
PPT,13,143,0.04903414396422155,0.006716925701189439,0.06952418424962198
PQ-401,13,151,0.06942399390467671,0.009725632928430919,0.06765742221841048
PRE-084,13,279,0.02405480248747611,0.005066542544255663,0.04977391696379306
PRIMA1,51,400,0.021493079473782505,0.003980909405876632,0.04156941616042015
PRL-3-inhibitor-I,50,4297,0.027739772187799657,0.0015921727277764031,0.012682978134697057
PSB-06126,13,285,0.03784965429182996,0.00655200395763714,0.04924719402345111
PSB-069,13,279,0.026952125083884764,0.008857380071248073,0.04977391696379306
PSB-11,13,211,0.04415665831441881,0.004431158726863391,0.057235132549415785
PSB-1115,8,167,0.03231144285265286,0.0052304406059044675,0.06433475997562621
PSB-36,8,167,0.037025484573493396,0.0035943800311332747,0.06433475997562621
PSH-003,8,204,0.03237333947068908,0.0062701200366179445,0.05820882555410844
PSH-008,8,204,0.030989044422073304,0.006900517944446234,0.05820882555410844
PSH-010,8,198,0.03800993147729799,0.0044152465324768355,0.059084195359240435
PSH-012,9,141,0.034834610807342875,0.005525708837555092,0.07001552735422285
PSH-013,8,196,0.05312277902637847,0.007093173218355679,0.05938488022917164
PSH-021,8,204,0.027950166167638395,0.0037837195412852784,0.05820882555410844
PSH-022,9,141,0.04085936351175449,0.008575794270966112,0.07001552735422285
PSH-023,8,185,0.04203577385006806,0.004809366272749792,0.06112488518608705
PSH-024,8,204,0.030220682381469226,0.005424612574901013,0.05820882555410844
PSH-025,8,199,0.03850566647822737,0.0034114082556286865,0.058935555638583256
PSH-026,8,196,0.02769558404365394,0.0038991066895520186,0.05938488022917164
PSH-027,8,199,0.0234614599789786,0.0037971626216140968,0.058935555638583256
PSH-028,8,204,0.03315110055794858,0.004630318607444206,0.05820882555410844
PT-630,51,4336,0.026056035065405787,0.0018625848654529448,0.012625810996268205
PTB1,51,401,0.03433012334695373,0.010434126735219148,0.0415175516160061
PU-H71,14,161,0.12515330819696796,0.014103409634405926,0.06552257891462192
PX-12,48,339,0.1380697932752358,0.010811372534317708,0.04515481543352418
QL-X-138,19,2781,0.04947155534221895,0.0021894231940053797,0.015765343079648306
QL-XI-92,19,2671,0.030989527290828427,0.0015610440589029402,0.016086700511479746
QL-XII-47,19,2639,0.07651306279385187,0.004023561233332247,0.016183938725373576
QS-11,54,451,0.05520328891084138,0.0036477703096064675,0.03914854716255172
QW-BI-011,13,178,0.06051514243568925,0.006560394455605005,0.062315189410583144
QX-222,8,172,0.08885762091952042,0.029398150990686173,0.06339276534025146
QX-314,13,151,0.028884021167011074,0.0051280018645657455,0.06765742221841048
R-59022,8,168,0.05026778782148668,0.004737314083868092,0.06414300169521149
R-96544,13,142,0.06607148135622963,0.0067157474919898145,0.06976855823420344
RAN-02,13,168,0.010164682026297434,0.006883686488533465,0.06414300169521149
RAN-03,13,167,0.04686196320084108,0.005306661311058481,0.06433475997562621
RAN-05,13,178,0.06090620794493634,0.005636732107012903,0.062315189410583144
RAN-07,14,671,0.02986363457272929,0.006920898654041843,0.032095390237024464
RAN-14A,13,170,0.04567584532261497,0.010588774837981398,0.06376457360373668
RAN-14B,13,169,0.0397791466339678,0.005559146985513144,0.06395294793910793
RAN-27,13,173,0.061547739587455186,0.006844778908687943,0.06320928372433764
RAN-29,13,169,0.04327777419323673,0.0050080207879280745,0.06395294793910793
RAN-30,13,169,0.03298863645333055,0.011228207838151568,0.06395294793910793
RDR-01440SC,9,162,0.04341713304902854,0.00943747643520128,0.06532003568221943
REV-5901,13,216,0.03731729986956116,0.004579689866942399,0.05656881027690802
RG-108,51,376,0.03961288249211467,0.006465774138226428,0.04287557902243098
RG-13022,13,218,0.06252638750076393,0.006235190138361817,0.05630872241521197
RG-14620,13,165,0.05474043900247922,0.006960681190199077,0.06472349318059607
RHC-80267,13,148,0.03818281166490381,0.006597064594061769,0.06833969919648027
RHO-kinase-inhibitor-II,8,164,0.022280201242690277,0.004732144787974344,0.06492052101285829
RHO-kinase-inhibitor-III[rockout],54,419,0.06138718010691648,0.004441098587298622,0.04061597743294631
RITA,50,376,0.1019593152644808,0.010176927669420776,0.04287557902243098
RJC-00245SC,9,153,0.13690506346988832,0.016677595176714913,0.06721376220575295
RK-682,13,236,0.04322969678285635,0.008294409424376028,0.054118770200337604
RLM-2-12,54,443,0.029633140939480496,0.0048756483986859365,0.03950045129231238
RN1,3,48,0.08551512963640102,0.005176688910221396,0.12000056805137077
RS-100329,13,148,0.02683495369941491,0.005573708643202302,0.06833969919648027
RS-102221,13,159,0.028855502703853255,0.0070091636134984574,0.0659333828067973
RS-102895,8,163,0.04050521058434463,0.0044129095169661075,0.06511935921509471
RS-16566,13,157,0.024421112525253662,0.007771914205624476,0.06635201166521548
RS-17053,12,185,0.13545176404402412,0.010894040953500248,0.06112488518608705
RS-23597-190,51,405,0.04503621564282267,0.0032678440216095395,0.04131201791985678
RS-39604,13,281,0.06324125565921722,0.008311941014779153,0.049596469279658544
RS-45041-190,13,148,0.037701954479695134,0.013710016386812879,0.06833969919648027
RS-504393,13,177,0.08103889277634907,0.009977906418304334,0.062490973086752825
RS-56812,13,159,0.05285789584401732,0.007686606361030049,0.0659333828067973
RS-67333,13,170,0.02504287544265998,0.005317019209157908,0.06376457360373668
RS-67506,13,173,0.03950194870717161,0.00583699814126703,0.06320928372433764
RS-79948,8,172,0.034715779664838534,0.012116793259089445,0.06339276534025146
RS-I-002-6,13,159,0.138824022746478,0.008616528133010433,0.0659333828067973
RTI-55,3,48,0.1056614539284986,0.009947599290077665,0.12000056805137077
RU-24969,15,920,0.028702244770441924,0.003213157608803719,0.027410061306644317
RU-28318,8,172,0.02403602596677175,0.003926917043938932,0.06339276534025146
RWJ-21757,13,167,0.04421062834072531,0.006572630384343743,0.06433475997562621
RX-821002,8,167,0.047836153544543944,0.00993678309067373,0.06433475997562621
Ro-04-5595,13,204,0.04423495452731788,0.006400314335407472,0.05820882555410844
Ro-04-6790,13,301,0.03433931164334824,0.005705963356184101,0.047920426288851486
Ro-08-2750,12,212,0.08725819589604332,0.01196615417167221,0.057099984468130596
Ro-10-5824,13,161,0.04651862873378788,0.006475734518516325,0.06552257891462192
Ro-15-4513,13,163,0.041102911529820284,0.008167273979279776,0.06511935921509471
Ro-16-6941,13,148,0.05409814921344823,0.009519144166130297,0.06833969919648027
Ro-19-4605,13,159,0.03177557091424701,0.006698815290715605,0.0659333828067973
Ro-25-6981,8,172,0.020867051187326853,0.005975448399847318,0.06339276534025146
Ro-28-1675,51,4325,0.06295280780034097,0.0018258953859756305,0.012641856744867529
Ro-3306,8,138,0.08188972593828593,0.00779648937446849,0.07077247397277182
Ro-60-0175,13,200,0.052480192859534924,0.0069992361268368004,0.05878803211399748
Ro-90-7501,11,328,0.079629090943136,0.00394782810572904,0.04590574064635585
S-14506,8,172,0.030767134936073918,0.004151985791122688,0.06339276534025146
S-206352,13,169,0.05279227993226452,0.005596479451640542,0.06395294793910793
SA-101686,2,316,0.06428168502610043,0.0076405823594116,0.04676924717064745
SA-1017940,9,583,0.1039517380300429,0.008162203148719781,0.03443258618471095
SA-102096,9,564,0.03681216394764205,0.005175366094556768,0.03500776367711143
SA-102607,6,330,0.11159337223090667,0.005820866121343232,0.04576642093008075
SA-103006,14,638,0.03336335655618651,0.003578952097791084,0.03291497891445945
SA-103013,2,324,0.10039282798069664,0.006465324631654719,0.04618824017824461
SA-103021,2,261,0.07822429204347246,0.005528805899081977,0.05146164527821216
SA-103123,10,576,0.03763089376205494,0.0023076316931611596,0.03464118013368346
SA-103150,2,280,0.08471283265777628,0.008280713045597342,0.04968495546826164
SA-1447005,14,674,0.0864404368332238,0.004981024332836,0.032023881666407884
SA-1455791,6,342,0.08634464001027006,0.0037324487665995375,0.044956331767462956
SA-1456039,7,333,0.05366936584840925,0.003454214300298875,0.04555979946432018
SA-1456195,5,275,0.09245948136535291,0.0052504945791858135,0.050134602239363585
SA-1456352,2,256,0.182822231942891,0.0036072743371560767,0.05196177020052519
SA-1456443,6,342,0.09051531382244628,0.0033804492472771807,0.044956331767462956
SA-1456456,7,331,0.05176591752526172,0.006209083001177446,0.04569723506901164
SA-1456508,7,433,0.04199215729521094,0.005043936301350956,0.039953973056167186
SA-1456570,6,342,0.05882138143483321,0.0036218501181400067,0.044956331767462956
SA-1456751,8,449,0.051251144480107064,0.0028495393070931798,0.03923564081226912
SA-1456859,2,336,0.05731750830981898,0.0044634386929559376,0.04535595146434426
SA-1456977,2,256,0.12523404250983597,0.0038950275555068056,0.05196177020052519
SA-1457187,8,449,0.045898799142433847,0.0041027748166678766,0.03923564081226912
SA-1457305,6,342,0.07966140860071383,0.0034039227611351703,0.044956331767462956
SA-1457336,6,314,0.062321720706411815,0.004345509556897355,0.046917957393842774
SA-1457415,2,191,0.1185368959010807,0.009264118354071925,0.06015714778102485
SA-1457472,9,494,0.06176193745587602,0.0035897106616258273,0.0374059290794673
SA-1457769,6,342,0.11225555658158098,0.0025461771380151143,0.044956331767462956
SA-1457797,2,256,0.11969414939734162,0.004825070172943147,0.05196177020052519
SA-1457810,2,256,0.16708492334564592,0.004978244377477223,0.05196177020052519
SA-1457945,9,494,0.023131138052555268,0.0034481056719761973,0.0374059290794673
SA-1457992,2,252,0.089930564786215,0.00794731929058472,0.052372541574581516
SA-1458026,2,232,0.1776838602371631,0.004804609892465529,0.05458331752086074
SA-1458163,2,256,0.1957869353241488,0.0038640010731952187,0.05196177020052519
SA-1458189,6,342,0.11174974293213595,0.0024183435689188234,0.044956331767462956
SA-1458306,8,392,0.027630970962082196,0.007354977368375812,0.04199145150999821
SA-1458450,7,330,0.04977642057014101,0.004127900661215422,0.04576642093008075
SA-1458487,6,342,0.06013733462541108,0.004544544421150459,0.044956331767462956
SA-1458571,2,316,0.07666219390745115,0.004700546273923116,0.04676924717064745
SA-1458610,2,336,0.05862038638034058,0.006928178534367021,0.04535595146434426
SA-1458689,7,358,0.048274430394701334,0.005114717259948088,0.043940238235829494
SA-1458985,7,306,0.034878884005852095,0.005346905208431163,0.04752730704474799
SA-1459002,6,338,0.07856535878337015,0.004229202019605644,0.04522156316461345
SA-1459008,8,452,0.050204254977567,0.00328657246309434,0.03910521726862958
SA-1459020,9,494,0.036291688430947856,0.002740725610881655,0.0374059290794673
SA-1459031,2,244,0.08490654142750573,0.006163355669381516,0.053224183458123
SA-1459167,2,236,0.1532549468528253,0.006702176090828466,0.054118770200337604
SA-1459172,7,371,0.04651604935485449,0.004990822227222216,0.043163531076664076
SA-1459173,6,342,0.07456162562930645,0.004019463675351705,0.044956331767462956
SA-1459224,7,349,0.07065325468555626,0.003177602200121959,0.044503196626027884
SA-1459234,7,358,0.10764626506821598,0.0064177388591103,0.043940238235829494
SA-1459261,6,342,0.06823015207620069,0.005769528665339662,0.044956331767462956
SA-1459291,9,569,0.04339647358512255,0.003048257009106833,0.03485361161304882
SA-1459454,7,286,0.09230329718015405,0.008458206249862087,0.04916102213937066
SA-1459830,6,340,0.09494943888010764,0.003479356467961287,0.04508836239467094
SA-1459854,2,304,0.04870355487952706,0.006393420643134487,0.047683390575067895
SA-1459963,7,358,0.04550239973470436,0.0036488196014922676,0.043940238235829494
SA-1459975,2,324,0.0634742622349407,0.004266881533369899,0.04618824017824461
SA-1460032,2,256,0.10058329152790701,0.004447718068391795,0.05196177020052519
SA-1460110,7,358,0.058397346448780536,0.005115179282772246,0.043940238235829494
SA-1460136,2,336,0.06767939653707927,0.005444868045117459,0.04535595146434426
SA-1460192,7,379,0.05218297179909704,0.0052945382566559444,0.042705549618889095
SA-1460224,9,494,0.053943054776323114,0.0030985012102967154,0.0374059290794673
SA-1462246,2,288,0.0936978300537413,0.004741662062129902,0.04899002676166457
SA-1462678,2,280,0.0781649500660563,0.006610408542738206,0.04968495546826164
SA-1462738,2,268,0.07029591402835991,0.009707819168455816,0.050785124745345446
SA-1463785,6,350,0.046025078041015646,0.003026891344323879,0.04443957515443317
SA-1463787,6,350,0.05495653564748516,0.005679132384944962,0.04443957515443317
SA-1463810,9,440,0.030892238674623512,0.0050696655586200505,0.03963488316574177
SA-1463814,6,312,0.08566546244708216,0.002963866217187499,0.04706809524124296
SA-1463839,6,308,0.05412767614242441,0.003919875781309361,0.047372746287320695
SA-1472321,6,334,0.040932370383956626,0.004781002345865288,0.045491545044774186
SA-1472514,2,248,0.06822737532791781,0.008731514743322285,0.0527932113169713
SA-1472542,6,350,0.05418352602225947,0.004042358851784684,0.04443957515443317
SA-1472548,6,304,0.05937981469737998,0.006466671457032741,0.047683390575067895
SA-1472623,5,325,0.06493164019778543,0.003132350150403219,0.04611712660230654
SA-1472655,6,277,0.08945002675727111,0.004995031954781588,0.04995328301159384
SA-1472702,6,346,0.06238757493766868,0.004019780400897346,0.04469571315542361
SA-1472734,6,291,0.0902009142855037,0.0043793878783028265,0.04873684663392608
SA-1473405,2,280,0.08168701672927273,0.005672196412228196,0.04968495546826164
SA-1473468,6,328,0.039078861627181855,0.007418090617984186,0.04590574064635585
SA-1473648,2,280,0.05777941506232583,0.0060470599789080514,0.04968495546826164
SA-1480001,6,350,0.04121803901508884,0.004448318311303557,0.04443957515443317
SA-1919584,6,315,0.06417692532609749,0.0031750545771464774,0.04684342524607926
SA-1919710,2,297,0.08608597194627016,0.004922648311047608,0.048242043497685634
SA-1919875,6,311,0.08303698725001969,0.004063417895858692,0.047143706687962535
SA-1919877,2,324,0.07025749990185964,0.005282247044040713,0.04618824017824461
SA-1920013,6,248,0.08879026768147949,0.004913220679730896,0.0527932113169713
SA-1920453,5,299,0.14353465126759635,0.002136276405097807,0.048080428157379416
SA-1920683,5,299,0.12437221359340675,0.00448121541492491,0.048080428157379416
SA-1920687,5,236,0.10822834860623594,0.003635553612179879,0.054118770200337604
SA-1920890,5,299,0.09698461155821995,0.003473047308440548,0.048080428157379416
SA-1921085,8,445,0.05693718806949981,0.003302279790784403,0.039411586272449645
SA-1921456,8,445,0.09182582380566308,0.0043978903304951545,0.039411586272449645
SA-1921574,2,212,0.1316834328782976,0.006351333874987607,0.057099984468130596
SA-1921617,8,440,0.04449572248493268,0.003967423965071384,0.03963488316574177
SA-1921867,7,429,0.064580201826607,0.003550264065099799,0.04013980649170839
SA-1922006,5,298,0.12880469215486567,0.0029075453917363817,0.04816103245228519
SA-1922111,2,217,0.15435453845200384,0.006545440496474552,0.05643831688447523
SA-1922257,6,315,0.061756792531692035,0.005329138433191053,0.04684342524607926
SA-1922261,6,315,0.059730210399275625,0.008392176676799984,0.04684342524607926
SA-1922659,2,278,0.10570147595670706,0.00569589801592147,0.04986335803676329
SA-1922927,3,354,0.05582207039435297,0.004667287326655181,0.044187790832588954
SA-1922932,5,299,0.11238379800617698,0.0025918741987580947,0.048080428157379416
SA-1922959,5,299,0.11375295853351061,0.003100107631824489,0.048080428157379416
SA-1922975,2,216,0.2462573652920701,0.005349877408106787,0.05656881027690802
SA-1925246,6,261,0.08730461927517967,0.004561773253347384,0.05146164527821216
SA-1925610,2,194,0.10172956585240726,0.013340841512876928,0.05969020296269939
SA-1925621,2,288,0.05021748029087012,0.005668045473805397,0.04899002676166457
SA-1925996,7,338,0.09363331520783955,0.005727357137942865,0.04522156316461345
SA-1937516,2,256,0.18218817604335572,0.003887557492366537,0.05196177020052519
SA-1938111,2,259,0.10566560630207213,0.0051870646173935225,0.05165995678481355
SA-1938219,2,288,0.03714696426958953,0.008268162134021014,0.04899002676166457
SA-1938421,2,288,0.07096138504617786,0.006127283771202519,0.04899002676166457
SA-1938740,8,480,0.04330213544797489,0.003630254520303174,0.03794751155563651
SA-1938756,2,280,0.05318433354924661,0.007753762614193981,0.04968495546826164
SA-1938757,2,273,0.11348907679518794,0.004937701324995952,0.05031791035450746
SA-1938820,2,240,0.143079036018376,0.008132413704568102,0.0536658855002909
SA-1938862,2,280,0.12520758457292974,0.005619686029942492,0.04968495546826164
SA-1938867,2,288,0.08315421835412769,0.004767199689879719,0.04899002676166457
SA-1939007,6,313,0.07075278648740076,0.005053193171989448,0.0469928464397389
SA-1939064,2,268,0.06485524270323652,0.008200971261198316,0.050785124745345446
SA-1939079,6,305,0.07868544835902022,0.004524830508462201,0.04760515690371315
SA-1939126,2,288,0.10827384971585119,0.004414126098533195,0.04899002676166457
SA-1939838,2,316,0.051360187886020696,0.005871137987179301,0.04676924717064745
SA-1939891,2,256,0.1198050201466858,0.007938211391627243,0.05196177020052519
SA-1939936,8,464,0.030273484686415563,0.003749520869428183,0.03859623395865912
SA-1939938,2,230,0.09480720666225759,0.010096549221818966,0.054820122613288634
SA-1944378,2,256,0.15079671940171618,0.005910055248323687,0.05196177020052519
SA-1973497,9,522,0.06443922805562058,0.004126193890251135,0.0363888783472405
SA-1973507,9,441,0.08691543693138695,0.006665902893508764,0.039589920152781094
SA-1973509,9,469,0.07935237113441093,0.006687216760700633,0.03838994582216471
SA-242443,5,329,0.10109212206401105,0.0033207925762631187,0.045835921988996775
SA-242939,2,336,0.12369575893889945,0.006325082611844906,0.04535595146434426
SA-243276,5,326,0.13664406394416043,0.003861460729163361,0.04604634048751616
SA-243913,5,329,0.13001321507213742,0.0032604264235616396,0.045835921988996775
SA-244237,2,297,0.02327441452447368,0.008065712442114945,0.048242043497685634
SA-244358,2,316,0.10817546424035185,0.009373789077697066,0.04676924717064745
SA-244587,2,324,0.10121482296391861,0.006173784226738992,0.04618824017824461
SA-245650,6,251,0.0600080606929595,0.009195775688906454,0.05247676564100114
SA-246522,5,303,0.09271614828162555,0.004119907258562741,0.04776201122297543
SA-247384,9,585,0.05233477421878498,0.005035902493936235,0.03437367666990711
SA-247508,2,256,0.12224004155863756,0.009078267555916723,0.05196177020052519
SA-247582,2,336,0.10054356789252064,0.00432656733622463,0.04535595146434426
SA-247592,2,324,0.08558363000319537,0.005176664038154048,0.04618824017824461
SA-247615,10,567,0.10316962934298705,0.006350572793022445,0.03491502771638768
SA-247636,2,260,0.09693542352172216,0.0046174617672077355,0.05156051500486066
SA-247654,2,192,0.08287010869893367,0.005579968789631693,0.060000284025685385
SA-247714,10,690,0.05615847060051357,0.005439348423792275,0.03165041254779048
SA-25547,10,583,0.12856582850369572,0.006733105900409097,0.03443258618471095
SA-3676,10,438,0.0660469908338204,0.006191725198895968,0.039725270701977455
SA-417716,2,336,0.04592779478180355,0.0038139934354534336,0.04535595146434426
SA-418267,2,336,0.05492439241373717,0.006536699637276915,0.04535595146434426
SA-418993,3,217,0.10824680282747233,0.014903453139290895,0.05643831688447523
SA-419010,2,252,0.16147851604061136,0.004907574342639604,0.052372541574581516
SA-419021,3,255,0.0872669570032943,0.00412921611446138,0.052063556331765334
SA-419083,9,444,0.06798217273444628,0.004235385943538552,0.03945594372742593
SA-419090,2,336,0.06228997925312633,0.005492947296182423,0.04535595146434426
SA-419172,2,316,0.08935391685311099,0.0051296518445000105,0.04676924717064745
SA-422830,9,566,0.051727573679523714,0.0032186899965781176,0.03494585776894321
SA-423131,10,610,0.04394469765062186,0.002519880699723274,0.033661929266065156
SA-423167,10,559,0.038377225394165826,0.006062526431114035,0.035163979373497384
SA-423862,7,426,0.042663378498843635,0.0030348557477934504,0.04028089587748944
SA-424068,2,297,0.0501586064708212,0.005148919973698714,0.048242043497685634
SA-424170,2,324,0.05117752838479027,0.004521861887248124,0.04618824017824461
SA-424294,2,336,0.049131777747681564,0.004084204722243076,0.04535595146434426
SA-424371,2,297,0.08870929437144237,0.0059509088608163925,0.048242043497685634
SA-424577,9,563,0.05359702940685943,0.0034089122835368594,0.03503884025995276
SA-424589,10,610,0.03741934210966705,0.005377409197587608,0.033661929266065156
SA-424763,9,484,0.06587420288960275,0.005856047775160332,0.03779037832765469
SA-424764,6,330,0.10947091781733911,0.0036888181689786956,0.04576642093008075
SA-424827,7,378,0.042233532748997375,0.0035305455513258213,0.042762001130140996
SA-424828,9,562,0.026213423884471714,0.002828037410316218,0.03506999975055684
SA-424936,10,606,0.0293693476336045,0.002859175137511664,0.033772842018873914
SA-425500,14,563,0.03349090320383273,0.005572975267083193,0.03503884025995276
SA-425929,6,326,0.12742040457898912,0.00652473738453051,0.04604634048751616
SA-426029,7,339,0.05356991138949086,0.006633852702270098,0.04515481543352418
SA-426799,7,339,0.08079859707515996,0.007606530701098059,0.04515481543352418
SA-427069,2,203,0.07844484193444941,0.00597406004530174,0.05835202091330174
SA-427137,2,288,0.06906489126811553,0.004065771635516511,0.04899002676166457
SA-427228,2,272,0.06081755201158814,0.009041321767841962,0.05041032165431471
SA-427543,10,600,0.0408515232666927,0.004807364722645604,0.033941286166144814
SA-427604,2,249,0.08920599369742874,0.0074879325186945215,0.05268709420200476
SA-427636,2,268,0.03490351913438177,0.009140626940969884,0.050785124745345446
SA-427730,2,280,0.14805562858617738,0.005333723082880166,0.04968495546826164
SA-432137,7,426,0.04786070670649715,0.0036272890998896227,0.04028089587748944
SA-432998,9,576,0.028433320548514163,0.0028550127478746013,0.03464118013368346
SA-433965,6,330,0.12755975083514381,0.00433768981210502,0.04576642093008075
SA-434027,7,403,0.031075876880495953,0.003086537865478897,0.041414402260071405
SA-440772,2,256,0.11146837163501043,0.004487904158828365,0.05196177020052519
SA-441092,2,292,0.06581283444647373,0.006146275932464357,0.04865332155688944
SA-441145,4,388,0.05897064521290226,0.004102132671032204,0.04220734728532609
SA-441412,5,327,0.0824383203149722,0.004059447338623394,0.045975879328428976
SA-792709,13,789,0.15056694125950482,0.0029360886429231573,0.029598208077146297
SA-83851,6,322,0.052270933797735855,0.004382942439897387,0.04633145987135986
SA-84512,10,642,0.018881720169936885,0.004137193194681988,0.032812279821952985
SA-84869,2,252,0.11512538597495356,0.005941836913126509,0.052372541574581516
SA-84902,9,466,0.04177949956255725,0.0034435691884701237,0.038513320363522896
SA-85148,2,296,0.052610554308889446,0.0059244579020435,0.04832346472608005
SA-85268,2,336,0.06211476097481922,0.0043272249035691355,0.04535595146434426
SA-85290,2,268,0.07073102937322726,0.004570243336394262,0.050785124745345446
SA-85377,2,336,0.0786386408055331,0.004429055969323576,0.04535595146434426
SA-85764,5,240,0.07463387077106384,0.0037821768259073386,0.0536658855002909
SA-85901,10,596,0.051513397030984696,0.005377754107550436,0.03405499263595624
SA-86418,3,305,0.15087598682358544,0.003178241611563579,0.04760515690371315
SA-88642,6,300,0.03445987544521835,0.005436192772756569,0.04800022722054831
SA-89068,10,594,0.025162722515828382,0.005162669251449321,0.0341122760955099
SA-89210,6,345,0.06714745911200956,0.0027311221659800677,0.04476044267978889
SA-89705,2,280,0.0877215905859437,0.007015205840862918,0.04968495546826164
SA-89735,2,316,0.0648535262423221,0.005953815076479021,0.04676924717064745
SA-89763,2,336,0.05758982265384666,0.006069491695257963,0.04535595146434426
SA-90030,2,336,0.05994713918574527,0.004190072403943128,0.04535595146434426
SA-90377,9,466,0.03794231075378389,0.0030651144777200396,0.038513320363522896
SA-90471,2,312,0.0651692003831685,0.005869517248292019,0.04706809524124296
SA-90544,5,301,0.08312291684014736,0.004819182716819625,0.047920426288851486
SA-94315,10,550,0.03891295881844542,0.005489148557105463,0.03545051721554426
SA-96805,2,272,0.14082089195836786,0.005255786630012675,0.05041032165431471
SA-96816,2,272,0.10142996561319777,0.005581764618604542,0.05041032165431471
SA-96835,2,280,0.10461323162059391,0.006143486634489957,0.04968495546826164
SA-97110,2,241,0.07951363166333121,0.006762334599503651,0.053554429750696846
SA-97259,10,578,0.0354056378938376,0.004596684455746963,0.034581195361174995
SA-97343,2,288,0.08121696285630464,0.005583295505647874,0.04899002676166457
SA-97378,2,288,0.11893372328282757,0.007870760221623046,0.04899002676166457
SAL-1,8,204,0.04305294642954811,0.005436257405229543,0.05820882555410844
SANT-1,13,204,0.028039878044830335,0.004362822584594669,0.05820882555410844
SAR-245408,6,1229,0.025892632431129048,0.0034289096195144484,0.023715264847602446
SAR-245409,6,1124,0.03703093508485514,0.0029931788295332763,0.024798234639829272
SB-200646,13,151,0.035982668346398676,0.007659318172891739,0.06765742221841048
SB-202190,14,243,0.08030890197673494,0.005049724656202922,0.05333358580060923
SB-203186,8,147,0.028436894941308744,0.006835513791793179,0.06857175317221187
SB-203580,19,3493,0.03052290130837495,0.0015700241436599916,0.014067101716133124
SB-205384,13,218,0.046302512421932784,0.005611013371798053,0.05630872241521197
SB-205607,13,650,0.03752688321465141,0.0033364971362399866,0.03260973294932948
SB-206553,8,172,0.03895578526398032,0.007192936713455396,0.06339276534025146
SB-216641,13,279,0.049924838695024155,0.005787715976135937,0.04977391696379306
SB-216763,59,2036,0.03849223202593339,0.0017589240283027066,0.0184253197700428
SB-218078,13,279,0.15183354587208264,0.007385960281526429,0.04977391696379306
SB-218795,13,179,0.04361747018589079,0.006248766804271876,0.06214088084701491
SB-221284,13,142,0.030245741433479467,0.007297252000676083,0.06976855823420344
SB-222200,13,215,0.06411502891241787,0.006632490673615762,0.05670021303299794
SB-225002,55,1817,0.08283612581068887,0.003120872981163298,0.019504124339356107
SB-239063,19,3327,0.029730276224429916,0.0023604522140805266,0.014413767755931676
SB-258585,8,172,0.0199329236171521,0.005880383911192634,0.06339276534025146
SB-269970,13,218,0.051022917266590036,0.0060588345248411895,0.05630872241521197
SB-334867,13,148,0.05029000350013089,0.006457338706207238,0.06833969919648027
SB-366791,13,143,0.06428073436362398,0.008937773336237574,0.06952418424962198
SB-408124,13,165,0.058793675441141245,0.00752052505606618,0.06472349318059607
SB-415286,13,167,0.05088726268423524,0.004877991423968952,0.06433475997562621
SB-431542,13,365,0.05918062415166481,0.004011133059462391,0.04351685373294427
SB-525334,19,1600,0.03165125780744061,0.0022215661952821775,0.020784708080210074
SB-590885,18,2749,0.049229759195754286,0.0016964561678995717,0.01585683658963896
SC-10,13,162,0.031230192256548297,0.005344690941087123,0.06532003568221943
SC-19220,8,163,0.025370825033585027,0.005887808463755055,0.06511935921509471
SC-560,13,148,0.024651510932728878,0.006642086079987017,0.06833969919648027
SC-68376,13,153,0.03382188874389297,0.007342032912003534,0.06721376220575295
SC-9,13,151,0.026795477731304838,0.009114999033319181,0.06765742221841048
SC-I-004,13,172,0.09324063674275705,0.014628510143861047,0.06339276534025146
SCH-23390,14,1178,0.022239282181284636,0.002800739247408154,0.024223186635333235
SCH-28080,8,172,0.05282664984124101,0.006345405939784641,0.06339276534025146
SCH-442416,13,148,0.05083756325171976,0.009456288488031093,0.06833969919648027
SCH-58261,13,202,0.06481894561819662,0.00771302767557273,0.05849627829268667
SCH-79797,42,144,0.1976491751970506,0.009691593086695302,0.06928236026736692
SD-169,8,172,0.03573751965829064,0.006488720540711875,0.06339276534025146
SD-6-035-A1,9,162,0.04810861999884534,0.010078406739559216,0.06532003568221943
SD-6-035-A10,9,158,0.02254405203434788,0.003856286596645311,0.06614170365070911
SD-6-035-A11,9,344,0.02277519693199294,0.0059838038749081765,0.04482545425025934
SD-6-035-A12,9,561,0.0240200198555928,0.003078621640271784,0.03510124251822345
SD-6-035-A2,9,153,0.031923296156191924,0.005799115685813471,0.06721376220575295
SD-6-035-A3,9,152,0.042467971273196105,0.006775686242151083,0.06743449765119443
SD-6-035-A4,9,329,0.02949654538911887,0.0052435293841221866,0.045835921988996775
SD-6-035-A6,9,162,0.04331429893903013,0.004761834555519006,0.06532003568221943
SD-6-035-A7,9,162,0.05327594808132274,0.005167570733606934,0.06532003568221943
SD-6-035-A8,9,159,0.05087798610000824,0.006843730081015875,0.0659333828067973
SD-6-035-A9,9,162,0.035811615910112546,0.0050463241884945356,0.06532003568221943
SD-6-035-B1,9,162,0.03339811856999514,0.0067356389545825835,0.06532003568221943
SD-6-035-B2,9,162,0.02624129435333966,0.006421109835587619,0.06532003568221943
SD-6-035-B3,11,504,0.023222999712533648,0.004537184541227712,0.03703297929536098
SD-6-035-B4,9,344,0.02192008044599725,0.005528290305488779,0.04482545425025934
SD-8-005,8,568,0.012748289925605744,0.005556068705321276,0.03488427911710172
SD-8-006,9,656,0.018560720039726645,0.00549131325632339,0.032460260506429146
SDM-25N,9,662,0.025226900554032636,0.002374103184817965,0.03231282479877384
SDZ-205-557,13,160,0.03269494115819172,0.0062952332901023665,0.06572701803516952
SDZ-21009,13,218,0.04385282168989864,0.00540397838556155,0.05630872241521197
SDZ-NKT-343,13,192,0.05190975150382965,0.006286801832445331,0.060000284025685385
SDZ-WAG-994,13,153,0.0454304229071902,0.008392573502719856,0.06721376220575295
SEW-00445,13,158,0.026328317035026635,0.005596396941111633,0.06614170365070911
SEW-05685,13,162,0.0419760464676003,0.01080729070202868,0.06532003568221943
SEW-2871,13,148,0.04049878952463713,0.007128864770885135,0.06833969919648027
SGX523,6,1264,0.03470796661656858,0.0030424341473974824,0.023384623585323724
SIB-1508Y,3,42,0.10649535373072376,0.012175397836486584,0.12828600339042298
SIB-1553A,3,48,0.08546118854307043,0.007610808716720621,0.12000056805137077
SIB-1757,13,160,0.03910615773281344,0.007448086439664411,0.06572701803516952
SIB-1893,14,538,0.0902109827974585,0.008658559480480799,0.03584369578908156
SID-26681509,50,3562,0.03730452516145681,0.0016833750609756512,0.013930187530679107
SJ-172550,51,387,0.022684638963055493,0.004642120106252304,0.042261843560167635
SJB-AF-2,14,614,0.022786810580554047,0.004418550321159979,0.03355210212415859
SJB-shh-31,11,27001,0.007770513701061711,0.0010195475941166304,0.005059574512461434
SK-383933,3,48,0.11219032405986297,0.008857519956991867,0.12000056805137077
SKF-104078,3,39,0.11314822418985777,0.010691104264963242,0.13312867729046865
SKF-77434,13,194,0.046583074184749086,0.006249404975248094,0.05969020296269939
SKF-81297,15,286,0.046555974167236024,0.005030877167089488,0.04916102213937066
SKF-82958,3,48,0.07731173308114152,0.007239045032753517,0.12000056805137077
SKF-83566,8,566,0.02666168781889829,0.0036972552744041092,0.03494585776894321
SKF-83822,3,48,0.09773539933678736,0.009653576409611606,0.12000056805137077
SKF-83959,3,42,0.10298451066477954,0.014104477138085405,0.12828600339042298
SKF-86002,13,155,0.035566739442247884,0.00624269913817571,0.06677871710248273
SKF-89976A,13,165,0.039493160251504865,0.006961439717638023,0.06472349318059607
SKF-96365,13,789,0.03946199520757591,0.004994961711638612,0.029598208077146297
SKI-II,55,7002,0.040089421006993343,0.0012303045035021542,0.00993557182761729
SN-38,51,3777,0.09736068142199125,0.0022725850857355386,0.013527901368167491
SNS-314,13,142,0.041165562911103806,0.006831995914504462,0.06976855823420344
SPB02137,14,654,0.022606135665743675,0.003829356668852675,0.03250985604414654
SPB02303,14,640,0.06786273853815045,0.005329276879345156,0.03286350901758476
SQ-22536,13,155,0.05465876951952523,0.006262114533306864,0.06677871710248273
SQ-29548,8,164,0.04017886630766323,0.011630661258479532,0.06492052101285829
SR-12813,3,42,0.11862773798107298,0.011241615273885298,0.12828600339042298
SR-142948,14,210,0.042753560728053634,0.0101352707285693,0.057371244828550855
SR-144528,3,48,0.07023371945866,0.010798510824490225,0.12000056805137077
SR-147778,3,42,0.08514077600075483,0.011171193769624967,0.12828600339042298
SR-27897,13,151,0.03577623743856118,0.007388134328770935,0.06765742221841048
SR-48692,3,48,0.10040372110711279,0.011110280446130202,0.12000056805137077
SR-57227A,13,503,0.028661100939390782,0.0037448934083479453,0.03706977312390532
SR-59230A,13,151,0.05332382187256997,0.016566752679848612,0.06765742221841048
SR-95639A,13,267,0.03801516941929164,0.00593676293023519,0.050880139093604775
SRC-kinase-inhibitor-I,8,172,0.02057766026854521,0.005387023122678369,0.06339276534025146
SRC-kinase-inhibitor-II,13,204,0.03854786932288734,0.005888226595818141,0.05820882555410844
SRT-1720,51,402,0.0392593120701617,0.018562674745537692,0.04146588071656261
SSR-69071,13,139,0.0940254423237926,0.010454105652654285,0.07051743720105612
ST-001903,13,169,0.03523518068149364,0.00572301452937778,0.06395294793910793
ST-003833,13,169,0.030632745451156896,0.006931667168812417,0.06395294793910793
ST-012015,13,178,0.03284836132984318,0.0054530487099023845,0.062315189410583144
ST-012030,13,169,0.03288765749025935,0.00498891366680555,0.06395294793910793
ST-012525,13,164,0.06177034446425307,0.0067628782986211,0.06492052101285829
ST-013960,13,164,0.03618409603770576,0.004413747757497664,0.06492052101285829
ST-014075,9,162,0.030281758602292357,0.009226393098240212,0.06532003568221943
ST-014147,9,162,0.040093747089266295,0.005770755363997745,0.06532003568221943
ST-014366,9,162,0.021354933971089163,0.005683705109415599,0.06532003568221943
ST-019365,13,167,0.036576794445150024,0.003901730856913293,0.06433475997562621
ST-019366,13,128,0.04596489308733912,0.005815455467427382,0.07348504014249686
ST-019386,13,158,0.04473420326791998,0.010195180781967583,0.06614170365070911
ST-022313,13,169,0.03284372767272679,0.005714957076224605,0.06395294793910793
ST-023431,13,161,0.04846797143967065,0.005947971309008076,0.06552257891462192
ST-024029,13,178,0.021434561293807372,0.005712059306340741,0.062315189410583144
ST-056792,13,176,0.12305639017188195,0.00954364626334153,0.06266825279920447
ST-057710,2,6675,0.060478242961223866,0.0008964500166129477,0.010176027818720956
ST-059620,2,6601,0.03384788271126549,0.0010533800606234499,0.010232907637739564
ST-208960,13,167,0.028751038645263516,0.004718490430762404,0.06433475997562621
ST-209453,13,144,0.04472070189546587,0.012887660905931872,0.06928236026736692
ST-4028268,13,160,0.06143765757346331,0.006803430547875512,0.06572701803516952
ST-4029010,13,155,0.02875810444002026,0.005156667468022196,0.06677871710248273
ST-4029487,13,169,0.044541583326522256,0.020639442633192038,0.06395294793910793
ST-4029573,13,165,0.12007989654575944,0.010255713096913466,0.06472349318059607
ST-4029655,13,165,0.03125413602750343,0.006412406424271475,0.06472349318059607
ST-4034902,13,169,0.028939031500211706,0.0050451122324917715,0.06395294793910793
ST-4034917,13,157,0.03093664751027212,0.0047662070610101385,0.06635201166521548
ST-4039884,13,175,0.04184470895666866,0.01111077727749976,0.06284704988949782
ST-4042556,13,161,0.031124013331214128,0.005575614779202777,0.06552257891462192
ST-4049616,13,169,0.04433779418766732,0.007890722775693335,0.06395294793910793
ST-4062971,14,1316,0.06524837198369737,0.002544292473411741,0.022917960994498388
ST-4066738,13,165,0.03674834545692236,0.006627019058380148,0.06472349318059607
ST-4070043,13,168,0.03692348417464873,0.013310899511460656,0.06414300169521149
ST-4070169,13,169,0.040131252020254485,0.007637343395636614,0.06395294793910793
ST-4075437,13,167,0.04140264434813234,0.007151296917031329,0.06433475997562621
ST-638,8,172,0.028746682417771268,0.0049130066584667014,0.06339276534025146
ST-91,13,141,0.02070465729056009,0.005454287962762925,0.07001552735422285
STAT3-inhibitor-VI,51,395,0.022429517487076115,0.0054501880135587166,0.041831686372022954
STF-62247,3,45,0.09491955331382466,0.010832593906386702,0.12393605375957034
STK-064652,55,1036,0.018788397405931512,0.00228321244552751,0.025829978392406774
STK-111867,8,204,0.048645362963742764,0.006350243893491304,0.05820882555410844
STK-222600,14,595,0.01195967290725345,0.0044818708789996446,0.03408359826270172
STK-249718,14,229,0.14323472273215795,0.008703690857920521,0.054939686817728074
STK-397047,13,105,0.1334808450194355,0.01393011679101197,0.08113519252676392
STK-661558,14,615,0.02370756360170861,0.0023986543228844744,0.03352481289465451
STK-674938,13,178,0.03075058334744384,0.007270983117293569,0.062315189410583144
STK-721917,10,24519,0.007138774515811437,0.001213219607388495,0.005309486779533102
STO-609,13,176,0.051490475038821294,0.007437338355252485,0.06266825279920447
STOCK1S-03920,13,162,0.06067255604078769,0.0076692012129915,0.06532003568221943
SU-11274,19,1631,0.03579089352423403,0.002297302777724833,0.020586235661052388
SU-11652,33,156,0.2132191278768903,0.010568140895922354,0.06656433864523432
SU-1498,13,148,0.04448662860737642,0.004938699408506927,0.06833969919648027
SU-4312,14,659,0.042284405840831804,0.004052659883797025,0.03238629095984098
SU-6656,4,135,0.06212127881002895,0.005949856253764069,0.07155451400038787
SYK-inhibitor,18,1567,0.038784365806372664,0.002729982880552326,0.021002424024671826
T-0070907,13,162,0.08364754351259933,0.007437423391703846,0.06532003568221943
T-0156,13,410,0.09503082976774675,0.008628827517923491,0.04105934265709073
T-0901317,13,640,0.04112239574835633,0.0047586940088567625,0.03286350901758476
T-5345967,51,965,0.022941406877707612,0.002439457580859441,0.026763337074532708
T-98475,13,207,0.08426875943368252,0.00649321018491512,0.05778548302256468
TAK-715,19,2397,0.020582277008863392,0.001515568545999858,0.016981259689104907
TAS-301,8,167,0.03192396882006291,0.004394467019870474,0.06433475997562621
TBEP,8,147,0.050590331546374115,0.007198135421700438,0.06857175317221187
TC-2559,13,145,0.05176268611063901,0.007333385303296822,0.06904304224563809
TCB2,13,161,0.05077744144402321,0.011321327190436582,0.06552257891462192
TCPOBOP,15,246,0.028226067441011513,0.006999254239412902,0.05300738343904539
TCS-359,8,172,0.04477384746701036,0.004009409338307479,0.06339276534025146
TER-14687,13,146,0.059308038984142726,0.009856824977166856,0.0688061872002523
TFMPP,7,104,0.053091120814093944,0.005994743290722415,0.0815243323733237
TG-100115,13,161,0.04982147053983303,0.007733617422207139,0.06552257891462192
TG-101348,56,2745,0.09671725540230404,0.0029545966545616773,0.015868385634571047
TGX-115,51,399,0.09555538188736523,0.005069273740996641,0.04162147556236048
TGX-221,19,1593,0.020029315956941345,0.0029165429697649617,0.02083032436225094
TH02453-036-P1,55,1026,0.03061009521870743,0.007286284878627646,0.02595555024772286
THZ-2-98-01,19,2628,0.07069865789768766,0.002344844534365415,0.016217773852296478
TL-AA09,3,2296,0.027529562737640997,0.0010504399006374555,0.01735073907149815
TL-HRAS-24,8,104,0.12322242003087809,0.009575810766506397,0.0815243323733237
TL-HRAS-27,8,124,0.034807847775695365,0.007048004951474237,0.07466087544568958
TL-HRAS-61,50,7872,0.07786428837761533,0.0030394524647763222,0.009370470070676123
TMI-15,13,178,0.014478429538943394,0.0044025538469600195,0.062315189410583144
TMPH,8,167,0.026464397307786203,0.004639629311210406,0.06433475997562621
TNP-470,3,45,0.10268587759614674,0.0095157818379795,0.12393605375957034
TP7,3,48,0.03481395694552132,0.007150861841032479,0.12000056805137077
TPCA-1,56,1884,0.05458549544836223,0.0018829962481166707,0.019154175898092672
TTNPB,15,935,0.058525466596136846,0.003760823100081787,0.027189305540853418
TUL-XIX029,13,169,0.026040891653731704,0.00583284879760218,0.06395294793910793
TUL-XVIII076,13,151,0.028231296537477024,0.006132827899919343,0.06765742221841048
TUL-XX023,15,2977,0.02233290834548189,0.0013581321140188072,0.015237527529173197
TUL-XX025TFA,13,169,0.0322006425852117,0.0036571630681100907,0.06395294793910793
TUL-XXI039,15,3094,0.024593109066915655,0.0014531907997263008,0.014946646591570837
TUL_XIX002,2,2871,0.053477519228776284,0.001708695842358779,0.015516269862017672
TUL_XIX003,2,2015,0.07579100883074118,0.0038848800960114673,0.018521083740208118
TUL_XX087,2,2916,0.04221145447723901,0.001468160808707586,0.015396080059414872
TUL_XXI035,2,2916,0.03246537128523466,0.0018853324102800057,0.015396080059414872
TW-37,49,388,0.14766222677498644,0.010140025157285758,0.04220734728532609
TWS-119,21,2737,0.05622657957022155,0.0026184179746532622,0.015891559631050278
U-0124,8,172,0.042825012338122685,0.00641277704817888,0.06339276534025146
U-0126,15,1022,0.09655669154946935,0.004376205747183569,0.0260062942849176
U-18666A,13,191,0.059220221760335555,0.006397312748164593,0.06015714778102485
U-46619,13,162,0.04648069976928496,0.004639985395961058,0.06532003568221943
U-54494A,8,172,0.05780745424905738,0.006410335231716623,0.06339276534025146
U-74389F,13,215,0.05230405278244538,0.005084893874492137,0.05670021303299794
U-99194,13,161,0.04951954838942982,0.00914137758102388,0.06552257891462192
U0126,13,155,0.12122164419050394,0.01562688811643961,0.06677871710248273
UB-165,13,215,0.0592311739126938,0.008684665473586473,0.05670021303299794
UBP-302,13,162,0.03708525692112113,0.0063464652659770944,0.06532003568221943
UCL-2077,13,173,0.04854275301337691,0.008085445128959572,0.06320928372433764
UGISS-186,13,178,0.04263002930299644,0.012248046951108538,0.062315189410583144
UGISS-451,13,159,0.03636380064980031,0.005101913854976631,0.0659333828067973
UK-356618,51,370,0.03289529334232062,0.004626016279137945,0.0432218208143313
UNC-0321,51,368,0.04007807661169976,0.007517447215345961,0.04333911226692351
UTMB-00042,4,1288,0.02644760235956169,0.0022968900893416445,0.02316572993567993
UTMB-00530,9,159,0.03764258424575915,0.006666322419403611,0.0659333828067973
VAMA-37,8,164,0.037175229309462876,0.007510846177961301,0.06492052101285829
VEGF-receptor-2-kinase-inhibitor-IV,4,135,0.07028285656066635,0.0046507124542955166,0.07155451400038787
VER-155008,51,405,0.05396691008040337,0.004423677980338227,0.04131201791985678
VU-0011562,9,110,0.04209338968753963,0.006185197601259496,0.07926976633148354
VU-0365114-2,8,131,0.09114499887853737,0.00789178740711919,0.07263873506478
VU-0365117-1,8,133,0.07357023405419992,0.006159615760798309,0.07209051035999475
VU-0365118-1,9,131,0.060633479759665,0.012695611415344666,0.07263873506478
VU-0365121-1,8,129,0.07514461822571311,0.009914058850094503,0.0731996602677379
VU-0366037-2,9,131,0.05662258772650818,0.0046950428081848836,0.07263873506478
VU-0366968,9,141,0.050947797019045976,0.006981087883359439,0.07001552735422285
VU-0400071-3,9,131,0.03595437033058372,0.004295764770504744,0.07263873506478
VU-0400193-3,9,121,0.04414062943811339,0.008236912987652417,0.07558075665530938
VU-0400195-3,9,131,0.044651479314807646,0.0060635605354636395,0.07263873506478
VU-0402604,9,132,0.060391394627768664,0.010129651658806726,0.07236306524652845
VU-0402605,9,138,0.043506353310512565,0.004763022033101278,0.07077247397277182
VU-0403126,8,194,0.029467760711802484,0.00849789653771077,0.05969020296269939
VU-0404997-2,9,131,0.046752619752793774,0.006618323632115547,0.07263873506478
VU-0405166-2,8,124,0.04292139004537472,0.005777671109725113,0.07466087544568958
VU-0405172-2,8,124,0.051380401312375576,0.007851968043196312,0.07466087544568958
VU-0410183-2,14,613,0.1449673778287345,0.005448130732024587,0.03357945810271376
VU-0413238-1,8,133,0.042387248044241176,0.006011309233396823,0.07209051035999475
VU-0413243-1,8,124,0.05000859190907775,0.0062488532395083,0.07466087544568958
VU-0413247-1,8,133,0.05548962008329732,0.011178883391516275,0.07209051035999475
VU-0413255-1,8,103,0.038559355811303195,0.0056504179278882155,0.08191912563811578
VU-0413807-2,8,133,0.08388875250583681,0.016767610884334535,0.07209051035999475
VU-0414833-2,8,131,0.035596405672805156,0.006498952660483086,0.07263873506478
VU-0415010,8,127,0.045228950799974806,0.0054980863409303995,0.07377378404515243
VU-0415011,8,130,0.028863071527953556,0.00449023780410449,0.07291757960281542
VU-0415012,8,129,0.02145037790838399,0.006195004662435046,0.0731996602677379
VU-0415108-1,9,131,0.04534024578368901,0.005623820181953083,0.07263873506478
VU-0415113-1,8,133,0.05136237623507133,0.006914935791048139,0.07209051035999475
VU-0415374-1,9,131,0.03593723707760154,0.004050236367006559,0.07263873506478
VU-0415533-1,9,129,0.055017001440464036,0.005165869844324183,0.0731996602677379
VU-0415535-1,8,133,0.052567348877879304,0.009460078356903547,0.07209051035999475
VU-0415555-1,8,131,0.055965056016038545,0.005351682239639603,0.07263873506478
VU-0415556-1,8,133,0.10012330793627855,0.011491890127682893,0.07209051035999475
VU-0418000-1,8,133,0.04401089989096096,0.008257136097553141,0.07209051035999475
VU-0418933-1,13,166,0.13534918542771657,0.008484861054939112,0.06452824841243086
VU-0418934-2,8,107,0.15242002045226055,0.011103570062289084,0.08037334286120529
VU-0418939-2,8,124,0.16346042658707863,0.012476123216118394,0.07466087544568958
VU-0418946-1,14,533,0.14433947664708163,0.007485929205925498,0.036011425744876605
VU-0418947-2,8,107,0.151166507100395,0.014711182213276242,0.08037334286120529
VU-0420363-1,8,124,0.03778851069680337,0.0070655080952610125,0.07466087544568958
VU-0420364-1,8,133,0.118915061369215,0.012632837177450057,0.07209051035999475
VU-0424182-2,8,133,0.03512740402089556,0.004278117913993617,0.07209051035999475
VU-0424206-1,8,131,0.04531780289586652,0.003826117367164537,0.07263873506478
VU-0447126-2,9,131,0.05505755191398578,0.008148403896754008,0.07263873506478
VU-0447127-2,9,131,0.03244557417617607,0.00723227869454766,0.07263873506478
VU-0447134-2,9,131,0.030464012783918623,0.009870943529524818,0.07263873506478
VUF-5681,13,216,0.03779787117082416,0.005362323596657192,0.05656881027690802
VX-222,14,171,0.05227832231064799,0.0077673245774151954,0.06357785410009052
VX-702,14,131,0.1003971343079501,0.015413374219715278,0.07263873506478
VX-745,19,1568,0.027671671845612655,0.002568630233958858,0.020995725754999105
Val-Val-Val,3,45,0.07228163142774838,0.01213518839602128,0.12393605375957034
W-12,4,68,0.05390797720819048,0.0050448822397102175,0.10082064330862942
W-13,13,169,0.048466468014254645,0.006769360277430943,0.06395294793910793
W-5,11,220,0.03791339697933074,0.005325888950222501,0.05605218931606508
W-7,15,557,0.03672840691832693,0.0033326272925465663,0.03522705382665018
W-9,13,215,0.03994025968450353,0.004637707667717612,0.05670021303299794
WAY-100635,3,45,0.04563712181789484,0.015442511391752222,0.12393605375957034
WAY-161503,8,157,0.022578191145803193,0.004611479242524433,0.06635201166521548
WAY-170523,13,167,0.08121391381307516,0.007938481667855537,0.06433475997562621
WAY-213613,13,203,0.0705924214748621,0.013039529310862621,0.05835202091330174
WAY-262611,2,30,0.19058203107578672,0.015392030680202073,0.15179004622254605
WAY-405,3,48,0.09053715290194664,0.007939200045181515,0.12000056805137077
WAY-629,8,172,0.035136819584699476,0.003898610365865054,0.06339276534025146
WH-4023,19,2715,0.04473184389763849,0.001564531747609277,0.015955815418214763
WH-4025,18,2740,0.06036868601023912,0.0019827926119568486,0.01588285748950276
WHI-P154,13,186,0.09235501293521081,0.009478541913694872,0.06096034953047636
WR-216174,13,206,0.0823634595717263,0.01069218173763685,0.05792556924758443
WT-171,13,167,0.16290329431900746,0.011095762423891204,0.06433475997562621
WY-01-034,10,24662,0.003318006011258846,0.0009242267178074021,0.005294071151658474
WY-01-045,10,24592,0.009106833438559538,0.0012971938550076186,0.005301600462856959
WYE-125132,19,2656,0.09629904599304703,0.0017934772776111276,0.016132062103107716
WYE-354,14,156,0.09426169056993153,0.007098187073604692,0.06656433864523432
WZ-3105,18,1846,0.1047625647076758,0.004528824835124447,0.019350316471431987
WZ-3146,14,168,0.072792856844839,0.005121963061419226,0.06414300169521149
WZ-4-145,18,2663,0.04970481405476537,0.0019005287825650237,0.016110845666548843
WZ-4002,19,3459,0.026660166920862458,0.0021396408656486157,0.014136068453749004
WZ-7043,19,2688,0.033363805739777506,0.001844304419239072,0.016035750423802873
XAV-939,54,3879,0.030329833584744916,0.0011961447207615174,0.013348855465721503
XE-991,13,292,0.0318776387165239,0.004846592791031989,0.04865332155688944
XL-147,14,169,0.1001654691780565,0.006052984616059033,0.06395294793910793
XMD-1150,20,3847,0.0524886645757426,0.00153856122232119,0.013404259513804103
XMD-1185H,19,2679,0.028970581680510695,0.0017848321362345675,0.01606266359030343
XMD-132,19,2726,0.02494063074241862,0.0015082835582677005,0.015923590292214462
XMD-1499,19,1563,0.03953923902258806,0.003605473063764148,0.021029281355369134
XMD-1527,19,1603,0.03840402679419216,0.0026528253130130523,0.02076524977535458
XMD-16144,19,1563,0.07463323164901284,0.003669534865895767,0.021029281355369134
XMD-885,19,1629,0.05741290293799307,0.002891971763420257,0.020598869129968438
XMD-892,19,1520,0.05195787373006521,0.0025953173784531765,0.02132466054470492
Y-134,13,198,0.09244338415712844,0.008760894948750833,0.059084195359240435
Y-26763,13,301,0.06482689215523779,0.01570740208862517,0.047920426288851486
Y-27152,13,292,0.024334987850510706,0.003902765530752354,0.04865332155688944
Y-27632,56,2759,0.02468443561198218,0.0019573185151260776,0.01582807393836997
Y-39983,6,1264,0.0382945225550459,0.00356396080496068,0.023384623585323724
YC-1,14,417,0.19004435696914118,0.012774884324083897,0.04071326135059227
YK-4279,51,3679,0.040362794932135966,0.0018586613506459515,0.01370689312946765
YL-51,8,138,0.030489459969470906,0.005091271494223631,0.07077247397277182
YL-52,8,138,0.07534580996249789,0.020643286235618757,0.07077247397277182
YL-53,8,138,0.043907375010105484,0.004533350663046705,0.07077247397277182
YL-54,8,147,0.11669546310401607,0.012730523169142957,0.06857175317221187
YL-55,8,138,0.06840035386959269,0.009612901859173793,0.07077247397277182
YL-57,8,143,0.044484033483744426,0.005842441136926559,0.06952418424962198
YL-58,8,147,0.03629282799312358,0.007383449009942724,0.06857175317221187
YL-59,8,147,0.053072316983729446,0.005337530462176298,0.06857175317221187
YL-60,8,143,0.05161198224037236,0.005294424272979027,0.06952418424962198
YL-61,8,147,0.054750340307387284,0.004919015364751984,0.06857175317221187
YL-62,8,147,0.02697604433264032,0.0061915412814880335,0.06857175317221187
YM-09151-2,3,48,0.07108762155251565,0.012077399486683222,0.12000056805137077
YM-155,54,811,0.17030078602702725,0.006106372256601828,0.029193992591151054
YM-201636,6,1280,0.02277496358327268,0.002422446370544804,0.02323801007991944
YM-298198,15,868,0.021058249225358514,0.0021810517993069507,0.028219158442237616
YM-90709,13,285,0.05982249770703606,0.01567429129348054,0.04924719402345111
YM-976,13,142,0.0425249676992271,0.005401517842440433,0.06976855823420344
YO-2,8,172,0.03283443765064528,0.004913424943244288,0.06339276534025146
YS-035,13,166,0.044640162737119383,0.007894235586734,0.06452824841243086
ZD-2079,13,218,0.060903136466487234,0.007964526428946937,0.05630872241521197
ZD-7114,13,275,0.034431977999335873,0.005748532972277871,0.050134602239363585
ZD-7155,13,218,0.060058389724489035,0.006848236994369146,0.05630872241521197
ZD-7288,13,152,0.034844826939809705,0.005532958417693969,0.06743449765119443
ZG-10,19,1277,0.09664873727886698,0.004975073027282874,0.02326529008549348
ZK-164015,13,216,0.129547117879194,0.01072344978380439,0.05656881027690802
ZK-756326,8,172,0.030068438662068223,0.004914809620764378,0.06339276534025146
ZK-93423,14,384,0.09320131564197803,0.004954718268264036,0.042426607707681016
ZK-93426,13,218,0.05560731420397521,0.004550522128625609,0.05630872241521197
ZM-241385,13,158,0.043622617994192696,0.006720897568689365,0.06614170365070911
ZM-306416,13,156,0.042043190072695705,0.0074661341258602885,0.06656433864523432
ZM-323881,13,151,0.0420560785346755,0.0052382950011241524,0.06765742221841048
ZM-336372,51,403,0.08150551514684351,0.0038184939757916407,0.041414402260071405
ZM-39923,8,172,0.05165773782470803,0.00854348275881562,0.06339276534025146
ZM-447439,19,5078,0.024635372167450507,0.0011774923859553252,0.011666956330642813
ZSTK-474,19,3307,0.04075395348742469,0.001958688756772897,0.014457287685148694
a-disintegrin-and-metalloproteinase,3,42,0.09459169090179007,0.007246743382512302,0.12828600339042298
abiraterone,8,147,0.02355181808831891,0.006693763051918048,0.06857175317221187
acadesine,11,129,0.045778718530399574,0.007160103045027633,0.0731996602677379
acamprosate,10,138,0.05378706473851671,0.01018943490841628,0.07077247397277182
acarbose,13,1169,0.014263890375229613,0.0023183159430427863,0.024316253650362687
acebutolol,8,252,0.027749088715167354,0.005114583241160647,0.052372541574581516
aceclidine,2,30,0.1735084632581593,0.009490916358976038,0.15179004622254605
aceclofenac,2,24,0.2069195717377938,0.013157062824264666,0.16970643083072406
acefylline,2,30,0.12633218568391769,0.011267819149886303,0.15179004622254605
acemetacin,2,24,0.24565131451961666,0.012829367962224796,0.16970643083072406
acenocoumarol,2,30,0.10636808666743425,0.014700605360522685,0.15179004622254605
acepromazine,10,138,0.027827640218673625,0.006038331841397632,0.07077247397277182
acetazolamide,2,24,0.25100849347181525,0.01545831555194249,0.16970643083072406
acetohexamide,2,24,0.1766484035131379,0.015448852323867538,0.16970643083072406
acetohydroxamic-acid,4,135,0.0686865228606504,0.007335209165654737,0.07155451400038787
acetyl-farnesyl-cysteine,15,236,0.03203782937967264,0.00520302999634096,0.054118770200337604
acetyl-geranygeranyl-cysteine,15,239,0.027407513990318613,0.004861250049036281,0.05377804003328176
acetyl-geranyl-cysteine,15,246,0.04623990905336212,0.009328197622061881,0.05300738343904539
acetylcholine,8,147,0.03406365446799988,0.004699627515049511,0.06857175317221187
acetylcysteine,4,1262,0.022268267395653213,0.0022787565644527873,0.02340314606235476
acetylsalicylsalicylic-acid,2,24,0.2558094093647855,0.017295542476744242,0.16970643083072406
acipimox,2,30,0.1137601432902593,0.006884388876468993,0.15179004622254605
acitretin,15,377,0.06416618349185169,0.004580638766531641,0.042818677100846136
actarit,7,104,0.04950016419289442,0.009596973049103825,0.0815243323733237
acyclovir,9,709,0.04994437552212401,0.003491977624703848,0.031223443869350064
adapalene,3,45,0.1149802961817763,0.009526771371272292,0.12393605375957034
adenosine-phosphate,2,24,0.18216866212067073,0.013423597384005984,0.16970643083072406
adiphenine,2,24,0.23479669218844984,0.010680717220339944,0.16970643083072406
adipiodone,13,345,0.025921143449420415,0.0037006886858799285,0.04476044267978889
adrenosterone,2,25,0.1283774849071576,0.010364327775680832,0.1662776646416806
afatinib,18,1923,0.0822500683485005,0.0021253796528172804,0.018958949879521465
alaproclate,13,301,0.04121385837155129,0.010002348542019132,0.047920426288851486
albendazole,13,2121,0.05311800093209793,0.002123150220097896,0.018052343401752702
alclometasone,13,476,0.0685736647888665,0.010771591863217795,0.03810662131659739
alcuronium,2,25,0.09674407600070088,0.01363107284417001,0.1662776646416806
alda-1,51,392,0.018723962053734045,0.003236941161530173,0.04199145150999821
alendronic-acid,5,78,0.07573437162208851,0.012884048919681049,0.09413619048248592
alexidine,3,90,0.365124229501577,0.003110216542146727,0.0876360240468927
alfacalcidol,8,291,0.05779429456821239,0.00512509549476822,0.04873684663392608
alfadolone,2,25,0.143935454440348,0.01527650493050554,0.1662776646416806
alfadolone-acetate,13,179,0.026956745116934848,0.005145005630608726,0.06214088084701491
alfaxalone,8,302,0.027503881154622017,0.003335313351615428,0.047841022048239444
alfuzosin,13,926,0.01623763499272768,0.0028990803719157886,0.027321115497294414
alimemazine,8,293,0.05000940436716725,0.0030189186190467334,0.04857022444831813
alisertib,8,864,0.06062068173171461,0.0024875295419210888,0.02828440513845401
aliskiren,13,301,0.044678993061883956,0.00828652831743742,0.047920426288851486
alitretinoin,15,849,0.04915483950028663,0.00223356476212793,0.028533173385928742
alizapride,2,30,0.1350064893069437,0.009159687680350201,0.15179004622254605
allantoin,4,3654,0.028466661602477867,0.001308516371149593,0.013753703227911633
allantoxanamide,3,42,0.09507292370472736,0.013844183544521728,0.12828600339042298
allopurinol,2,25,0.1409383599441351,0.008258209862266809,0.1662776646416806
aloisine,14,785,0.049315281959468035,0.004046782601340193,0.02967352170545617
alosetron,7,95,0.08852988280541525,0.009799014012182222,0.08529864217881968
alpha-estradiol,9,6914,0.019014369951002662,0.0008701960252578464,0.009998600885399011
alpha-linolenic-acid,15,327,0.04780914846192723,0.00881323254243059,0.045975879328428976
alpha-methylserotonin,3,48,0.07046195711010697,0.016240098837309966,0.12000056805137077
alpha-tocopherol,4,954,0.019862962186825643,0.002693140319221164,0.026917190815374453
alprazolam,7,104,0.0975016192288899,0.014954329642578276,0.0815243323733237
alprenolol,13,410,0.04037035939089886,0.008842169036738276,0.04105934265709073
alprostadil,13,179,0.0472949435698399,0.011655907680989628,0.06214088084701491
alrestatin,13,288,0.03281415038664316,0.005123748056865543,0.04899002676166457
altanserin,13,481,0.024942996802280102,0.0034217157799134143,0.037908044554260736
altizide,8,172,0.023303071296511647,0.0035584802586088593,0.06339276534025146
altrenogest,13,301,0.06345558692988018,0.008464267098095998,0.047920426288851486
altretamine,13,1068,0.022596405855530945,0.004007067803812397,0.025440069546802387
alverine,13,289,0.02094190738224836,0.003824319382248544,0.04890519548284724
alvespimycin,14,4525,0.07944829146608727,0.001587705626471069,0.012359321477981062
alvocidib,19,8793,0.09341241610204644,0.0021878528060013513,0.008866156317592144
amantadine,13,303,0.025014847019687165,0.0034342489134733716,0.04776201122297543
ambelline,8,130,0.037464404322569866,0.005508847718003265,0.07291757960281542
ambrisentan,2,25,0.1636140485901285,0.019061865686573524,0.1662776646416806
ambroxol,13,412,0.029185583267498517,0.0046388245361480614,0.04095956281905789
amcinonide,13,1106,0.02867162839320103,0.002791859495681471,0.024999214164272754
amfepramone,2,24,0.22330087132169604,0.009119067464364115,0.16970643083072406
amifostine,4,1302,0.030899308760558356,0.0024161348917152645,0.023040846384744792
amikacin,2,24,0.20320526231436387,0.015197542914383752,0.16970643083072406
amiloride,13,1643,0.022290602215876372,0.004115986814085764,0.0205109199122455
aminobenztropine,3,48,0.08369461300958383,0.011145365622661928,0.12000056805137077
aminocaproic-acid,2,25,0.13137671083736838,0.016373313549475955,0.1662776646416806
aminogenistein,13,218,0.05822495420934683,0.0065827980207246225,0.05630872241521197
aminoglutethimide,13,1061,0.021396094136178382,0.004882683518308556,0.025523852642030043
aminohippuric-acid,2,25,0.15247835232315404,0.012175711407684227,0.1662776646416806
aminoindazole,9,141,0.04039046116861522,0.007878119425677368,0.07001552735422285
aminomethyltransferase,13,218,0.0464539216945567,0.005898124761498672,0.05630872241521197
aminopentamide,13,301,0.0320927665784366,0.003958254131320398,0.047920426288851486
aminophylline,2,25,0.1367449237361847,0.009085710893643316,0.1662776646416806
aminopurvalanol-a,15,697,0.11717051700429733,0.007214970108003772,0.03149107828307595
aminoresveratrol,3,40,0.08397920049735962,0.009310648186791962,0.13145403607033904
aminosalicylic-acid,2,25,0.10724044419869334,0.015129751275097875,0.1662776646416806
amiodarone,56,3799,0.03249626432257565,0.002029127869681466,0.013488674472607595
amiprilose,2,25,0.14539222546693237,0.009882383229839144,0.1662776646416806
amisulpride,8,782,0.016866511491791972,0.0021492447972493475,0.029730385740438924
amitriptyline,14,4406,0.054442187319207566,0.003135660279616202,0.012525113618975412
amlexanox,7,104,0.07829207459023858,0.01628739797349229,0.0815243323733237
amlodipine,13,930,0.03894369564303734,0.002957525453518961,0.027262297096458506
amodiaquine,13,340,0.056782790248477336,0.014856924282908463,0.04508836239467094
amonafide,12,145,0.15304245370527453,0.013654612785289077,0.06904304224563809
amoxapine,13,1701,0.020219627253390996,0.001980290191864414,0.020158200650819674
amoxicillin,8,264,0.03800743837021722,0.0096686342044339,0.051168414143264854
amperozide,13,292,0.035297987246905055,0.004806385402816761,0.04865332155688944
amphotericin-b,2,25,0.15306126187831962,0.010291778998830646,0.1662776646416806
ampicillin,8,612,0.029804137890455603,0.0031875812244129397,0.033606881102876476
ampiroxicam,7,104,0.06062668163253467,0.009127095353206409,0.0815243323733237
ampyrone,2,24,0.2983621820277277,0.012478706609544444,0.16970643083072406
amsacrine,13,256,0.17778520658247268,0.010749480195102867,0.05196177020052519
amthamine,13,154,0.03218747353176857,0.006518355759748373,0.06699518028638862
amuvatinib,6,1280,0.030366210411440244,0.002544680230748583,0.02323801007991944
amyleine,8,259,0.046920650276988725,0.007320042542079879,0.05165995678481355
anabasine,13,162,0.02792623079197714,0.013042791029449344,0.06532003568221943
anacardic-acid,3,45,0.07836543898290634,0.015464775723757672,0.12393605375957034
anagrelide,13,737,0.031884266449443914,0.0037234097421828803,0.030624582493037122
anandamide,15,825,0.01630454391816541,0.002519373695281343,0.028945226098611377
anastrozole,9,258,0.027631811355194866,0.006416770117231397,0.05175997615586897
andarine,13,162,0.05168456918731014,0.005599585200716747,0.06532003568221943
"androsta-1,4-dien-3,17-dione",13,167,0.06174307997658849,0.010716747803456559,0.06433475997562621
androstanol,15,237,0.06931373410835974,0.017426025714165523,0.054004474887538886
androstenedione,15,244,0.06877090374220196,0.007412484596150259,0.053224183458123
androstenol,15,235,0.0395198662939305,0.008516890351584781,0.05423379428376699
androsterone,2,30,0.10751255913557912,0.009582187055153303,0.15179004622254605
anethole,3,349,0.11346625357339946,0.003198944648975535,0.044503196626027884
angiogenesis-inhibitor,13,218,0.09984387931923017,0.007434637377121895,0.05630872241521197
aniracetam,15,338,0.028941535102352454,0.004113256858202646,0.04522156316461345
anisomycin,14,188,0.27836295525215354,0.009483929810701177,0.06063522534812126
anpirtoline,8,167,0.04503644181387657,0.007198281661708272,0.06433475997562621
antazoline,2,24,0.17773846982560004,0.009656177408639546,0.16970643083072406
anthothecol,3,135,0.18895930769438823,0.010049795170353886,0.07155451400038787
antimycin-a,14,929,0.06259587784633608,0.0045781769754784825,0.027276966076318153
apafant,13,151,0.0339267995811821,0.00936514417302345,0.06765742221841048
apicidin,14,14832,0.15072103395624165,0.0009299229192330697,0.006826593803176315
apigenin,15,2052,0.04400599661576259,0.00357342301143928,0.01835334558959301
apomorphine,2,24,0.3068748600895696,0.013462042904204243,0.16970643083072406
apoptosis-activator-II,13,159,0.03629432179931554,0.006131952136111464,0.0659333828067973
apramycin,2,25,0.1495529857258197,0.007159766906475427,0.1662776646416806
aprepitant,14,298,0.02874203486890236,0.01142744236099066,0.04816103245228519
arachidonamide,13,218,0.03920698627303308,0.005702313870209,0.05630872241521197
arachidonyl-trifluoro-methane,47,4257,0.07770235364394963,0.0029108979935129776,0.012742425276161243
arbutin,2,25,0.15325779813327986,0.014294541768245732,0.1662776646416806
arctigenin,15,369,0.08075160015012575,0.007311465096170896,0.04328034734190553
arcyriaflavin-a,13,301,0.053636127814310985,0.007489141171498263,0.047920426288851486
arecaidine-but-2-ynyl-ester,13,137,0.02062838453132998,0.005803437912000271,0.07103029804693967
arecaidine-propargyl-ester,13,218,0.057997702578310016,0.005725679929500415,0.05630872241521197
argatroban,7,206,0.04506688473850146,0.005791100391734769,0.05792556924758443
aripiprazole,7,184,0.06302410936494109,0.012428316579690952,0.0612907603490934
aristolochic-acid,13,276,0.11841909874085312,0.016520453562315338,0.0500436962674954
artemether,7,92,0.11223138686103319,0.015008238050829303,0.08667822453384702
artemisinin,2,30,0.1182823907257533,0.008563467423631184,0.15179004622254605
artesunate,50,5416,0.028597985475055508,0.0015623829805117744,0.011297038081633952
articaine,8,287,0.03247506163588996,0.00392818915289985,0.04907530102421889
arvanil,13,151,0.05548132146322632,0.015130933169458224,0.06765742221841048
ascorbic-acid,8,525,0.0700458705033754,0.0037693819815796635,0.03628476117147541
asenapine,2,24,0.15573172540235317,0.007819447081389326,0.16970643083072406
asiatic-acid,13,304,0.066143697298999,0.014814343854164512,0.047683390575067895
asiaticoside,8,172,0.03699405198973501,0.006555541647464414,0.06339276534025146
aspirin,8,138,0.04354683603010008,0.008334363373535474,0.07077247397277182
astemizole,2,24,0.22680755210180448,0.007418278036617407,0.16970643083072406
ataluren,8,147,0.034342086171085744,0.00684588719809705,0.06857175317221187
atenolol,2,25,0.1584402275300096,0.007993064560227577,0.1662776646416806
atenolol-(+/-),8,147,0.027167377956823127,0.00470309545901526,0.06857175317221187
atomoxetine,9,689,0.02917252402915554,0.003638778541513362,0.03167337258892958
atorvastatin,56,1493,0.05112230571593587,0.003134340069809943,0.02151661835302702
atovaquone,8,316,0.028576387523403742,0.0036973223237577015,0.04676924717064745
atractyloside,2,30,0.11344832927745066,0.010699949589282038,0.15179004622254605
atracurium,7,170,0.07338737816613061,0.013190039160768547,0.06376457360373668
atropine,2,30,0.12365189145584295,0.011448132862578586,0.15179004622254605
auranofin,44,3902,0.07168567121083785,0.002254368615373642,0.013309455485564173
auraptene,13,162,0.05542325897571179,0.006217539860415595,0.06532003568221943
aurora-a-inhibitor-i,19,2731,0.031879778712582234,0.001395606190441006,0.015909006911288794
austricine,13,623,0.03319637217619848,0.004020038599545703,0.033308869823760814
avermectin,2,25,0.18569669394028412,0.013810196811141928,0.1662776646416806
avicin-d,10,20306,0.03218124444702157,0.0015137874725502098,0.0058343399373067045
avicin-g,10,12470,0.03193168680035696,0.0015833767047895295,0.007445102715749309
avrainvillamide-analog-1,8,840,0.028568803154334646,0.004431809522271567,0.028685622414275427
avrainvillamide-analog-2,8,654,0.05818921361077433,0.005846566431972009,0.03250985604414654
avrainvillamide-analog-3,8,840,0.03908262273201174,0.0032227245066024403,0.028685622414275427
avrainvillamide-analog-4,8,864,0.05009094979694605,0.006064711352425726,0.02828440513845401
avrainvillamide-analog-5,8,664,0.05798158273394309,0.0068530554878382605,0.03226412420621543
avrainvillamide-analog-6,8,841,0.03574273484993229,0.006706995111531235,0.028668562869255277
axitinib,13,165,0.0768494108425379,0.016011466132458633,0.06472349318059607
azacitidine,8,823,0.12500345605944588,0.0034495802395350583,0.028980375141431983
azacyclonol,13,300,0.06411509538940693,0.006902309390691301,0.04800022722054831
azaperone,13,449,0.027729539379116284,0.005504237642145118,0.03923564081226912
azapropazone,2,25,0.13986091809629,0.009982059897787799,0.1662776646416806
azasetron,13,582,0.0273134078232707,0.004969465110908173,0.03446215474849789
azathioprine,8,1508,0.02828656112484243,0.002271665689829755,0.021409338550423068
azauridine,9,128,0.061734487194312036,0.006697582442147001,0.07348504014249686
azelastine,7,206,0.05549061388150011,0.009331811441612834,0.05792556924758443
azithromycin,9,246,0.03203961535593131,0.005345702910116376,0.05300738343904539
azlocillin,2,25,0.14835100042451382,0.011873655820767255,0.1662776646416806
aztreonam,2,24,0.22750842928175705,0.010715206288680473,0.16970643083072406
bacampicilline,2,30,0.15376012087780186,0.019903242077013918,0.15179004622254605
baccatin-III,13,157,0.047952517637475774,0.011243670696310118,0.06635201166521548
bacitracin,2,25,0.16760167226432623,0.012487389581238935,0.1662776646416806
baclofen,2,24,0.1548081923962232,0.013643682126061615,0.16970643083072406
baeomycesic-acid,4,87,0.0712716188119472,0.00844098290257262,0.08913418426295049
bafilomycin,3,180,0.1210608823467881,0.010875228657332049,0.06196802687978517
balsalazide,9,127,0.1113403847442227,0.010556279972004392,0.07377378404515243
barasertib-HQPA,19,12816,0.01922841267185818,0.0007635359008479385,0.0073439155005245805
batimastat,51,363,0.028757950601328512,0.0047204832659068965,0.043636570200498465
beclometasone,9,258,0.0472217445575278,0.012516702509032725,0.05175997615586897
beclomethasone-dipropionate,13,609,0.0446739810956926,0.0037253678155686684,0.033689554982053435
belinostat,13,448,0.2029191914141035,0.005615355886929707,0.03927940618093614
bemegride,13,260,0.03305740999102064,0.005187059192786092,0.05156051500486066
bemesetron,13,147,0.030350812579458732,0.010846902643532132,0.06857175317221187
benactyzine,7,101,0.07159191654599809,0.0064458174908626495,0.08272623010986836
benazepril,13,905,0.02803655146250857,0.005850808501216446,0.027636282980538822
bendroflumethiazide,13,1074,0.022458776465116067,0.0032326877582128577,0.025368908373712445
benfluorex,3,528,0.12464168244716438,0.003866113068605173,0.03618153262326423
benfotiamine,2,30,0.10855809231162697,0.011685831708321234,0.15179004622254605
benidipine,7,99,0.060590494391093784,0.006932890509015438,0.0835576703989393
benperidol,13,297,0.038434733671641914,0.005125083847164668,0.048242043497685634
benproperine,7,104,0.05872684287984811,0.010395190004528718,0.0815243323733237
benserazide,2,25,0.13835249187575469,0.011470345737783683,0.1662776646416806
benzamil,13,922,0.025053636427567076,0.004077372832825875,0.027380316250343973
benzanthrone,4,135,0.060274011232152196,0.0046355860959776795,0.07155451400038787
benzathine,2,25,0.16796098895642705,0.01785482210572777,0.1662776646416806
benzatropine,8,276,0.038176275700168696,0.004644340366569205,0.0500436962674954
benzbromarone,9,1407,0.03526276876291231,0.0028828511788368425,0.022164445554601946
benzethonium,2,30,0.1997513933196808,0.019010091503946308,0.15179004622254605
benzo(a)pyrene,4,135,0.07909015752737947,0.005091215264290241,0.07155451400038787
benzocaine,2,30,0.15815582929036004,0.015898740206222894,0.15179004622254605
benzohydroxamic-acid,11,11643,0.02315481539267859,0.0006692645386360794,0.007704979221150295
benzonatate,14,5289,0.02466294443033651,0.0017433076163183828,0.011431866312980559
benzopurpurin-4b,13,294,0.04818609841217436,0.004351288216228694,0.04848755166592116
benzoxiquine,12,286,0.05581313308416367,0.007092181718530227,0.04916102213937066
benzthiazide,13,455,0.02838626345174369,0.005369727642132976,0.03897608576379302
benzydamine,13,324,0.03551678237643576,0.00484646529883789,0.04618824017824461
benzyl-quinazolin-4-yl-amine,8,163,0.06390649368862499,0.013949875472977337,0.06511935921509471
benzylpenicillin,13,272,0.03944212655135592,0.006998459183726833,0.05041032165431471
bephenium,2,25,0.153291409135371,0.012452444425063835,0.1662776646416806
bepridil,13,402,0.025778918689954237,0.0037894867018247805,0.04146588071656261
berbamine,8,172,0.04295213135997384,0.009074425273091621,0.06339276534025146
bergenin,8,167,0.03081505496735,0.005458910463256938,0.06433475997562621
beta-CCP,13,204,0.037735347123993415,0.004734573691048805,0.05820882555410844
beta-alanine,3,48,0.09897390395388736,0.006312997679011074,0.12000056805137077
betaescin,2,30,0.22819493113318262,0.02083321849644375,0.15179004622254605
betahistine,13,317,0.03135690862729755,0.006087816026260445,0.04669542037297078
betamethasone,13,928,0.045529009153529365,0.003954645787448971,0.02729165876043037
betamethasone-acetate,13,283,0.05520486516074073,0.013575001477389218,0.04942090600560067
betaxolol,13,698,0.023347804217591805,0.00323054761314347,0.031468512118742596
betazole,4,4284,0.04652851090514383,0.0019462547237088723,0.012702207105532463
bethanechol,8,276,0.04229955248852702,0.003477273870321311,0.0500436962674954
betulinic-acid,13,158,0.03473134254003518,0.005976383108122761,0.06614170365070911
bezafibrate,15,325,0.03803928586781202,0.005041757375551535,0.04611712660230654
bicalutamide,13,1034,0.027291701068029483,0.0021664124842452844,0.02585494696120664
bicuculline,9,62,0.0483493116496207,0.01192925938878479,0.1055864226339426
bietaserpine,3,48,0.103506144257466,0.006312912646260872,0.12000056805137077
bifemelane,13,490,0.037424876075534734,0.004439169682624822,0.037558296020096874
bifonazole,7,104,0.04008509899180121,0.006356844336925488,0.0815243323733237
bimatoprost,8,138,0.048998141717356745,0.005329197603707351,0.07077247397277182
biochanin-a,13,215,0.03644279931660318,0.006520186453858681,0.05670021303299794
biotin,13,351,0.03641953989149749,0.004793367974069099,0.04437622576348955
biperiden,13,898,0.030658848268559333,0.0064108409953951544,0.027743787682555157
bis-tyrphostin,13,218,0.04453361060790427,0.007197416108909168,0.05630872241521197
bisacodyl,13,457,0.157747553469414,0.009973136883163793,0.03889070540766323
bisbenzimide,13,106,0.18275368713382853,0.02456173404004325,0.08075157244612337
bisindolylmaleimide,54,2135,0.07589826425122331,0.002097518391845177,0.017993058041633515
bisindolylmaleimide-ix,12,167,0.20005964386959182,0.011896893679652588,0.06433475997562621
bisoprolol,13,733,0.016251469910233126,0.0030298916276626582,0.030708028376576765
bithionol,13,301,0.0864206357639074,0.008263091464652022,0.047920426288851486
blebbistatin,51,399,0.048040885543926014,0.00323926717771016,0.04162147556236048
boldine,13,146,0.055899417663903106,0.00797644154222634,0.0688061872002523
bongkrek-acid,13,162,0.04023594838215207,0.00664148629680898,0.06532003568221943
bortezomib,51,3177,0.13013224666917947,0.002675169329881661,0.014750111835891918
bosentan,8,262,0.04162259019171702,0.0048658839299183625,0.051363342141118984
bosutinib,15,214,0.07945161674365922,0.005740042978742152,0.056832535763789646
brazilin,12,280,0.12082846106376918,0.011314411384137246,0.04968495546826164
brefeldin-a,56,1121,0.13802820745112687,0.009289366342756119,0.024831394763365478
bretylium,2,25,0.1439522157455299,0.008640392814037879,0.1662776646416806
brimonidine,13,613,0.02143985382559871,0.004424263672926626,0.03357945810271376
brinzolamide,13,231,0.02637624782040581,0.004830933216116076,0.0547013356424729
brivanib,19,1590,0.022199413721968934,0.0023610889469565743,0.020849966350926497
bromfenac,8,139,0.03839897663106777,0.004991051502829342,0.07051743720105612
bromhexine,13,413,0.02433724697243326,0.009341044001885452,0.04090994491735614
bromocriptine,14,2274,0.021895856929855247,0.002762611390785124,0.01743446762523115
bromperidol,2,30,0.09379253412953194,0.01846178448785358,0.15179004622254605
brompheniramine,13,1225,0.03566592625608368,0.005537834886113833,0.023753952091668657
brucine,13,838,0.02420184676541325,0.005260039649293311,0.028719833067356117
bucladesine,56,5358,0.016956640140171175,0.0018174005140231624,0.01135801834862181
buddleoflavonoloside,14,533,0.03217897646422473,0.003417294247233437,0.036011425744876605
budesonide,13,3657,0.03299262073742203,0.0021036706270246043,0.013748060682760145
bufalin,13,106,0.23868512136380068,0.023497428406655585,0.08075157244612337
bufexamac,2,24,0.2030903374812969,0.008077731751798961,0.16970643083072406
buflomedil,7,206,0.023027223232980596,0.006912395075780502,0.05792556924758443
bulleyaconitine-a,13,158,0.040399854427780595,0.011114243299842383,0.06614170365070911
bumetanide,13,1646,0.017482534189816903,0.002296247832825288,0.020492219783836606
buparlisib,6,1249,0.05769797977860936,0.002912918732848253,0.023524624578153387
buphenine,13,274,0.04199688409551173,0.004838033805800985,0.05022600541869262
bupivacaine,2,24,0.19109987594467706,0.012501375302237027,0.16970643083072406
bupropion,13,1615,0.0215962428162585,0.003911904920848548,0.020687959495590543
buspirone,13,852,0.03828726633447133,0.008516979671216906,0.028482894627242027
busulfan,8,657,0.051363921954696516,0.0046918611907426164,0.032435547704592955
butabindide,13,165,0.03704781296224477,0.005564046247276161,0.06472349318059607
butacaine,2,25,0.15830609220791908,0.022677843750057183,0.1662776646416806
butalbital,2,30,0.1177089037042991,0.013163091580060567,0.15179004622254605
butamben,2,30,0.20693874854161362,0.01785554453189161,0.15179004622254605
butein,13,135,0.09796254495601935,0.012967270554916215,0.07155451400038787
butenafine,2,30,0.1537437950990033,0.00855130687236295,0.15179004622254605
buthionine-sulfoximine,13,169,0.05130513023966059,0.007556462721788347,0.06395294793910793
butirosin,2,25,0.15366414524146152,0.016015918114007707,0.1662776646416806
butoconazole,13,167,0.034502970252914995,0.0065230430202981695,0.06433475997562621
butyl-paraben,13,438,0.02339772019938627,0.002982750578252274,0.039725270701977455
butylscopolammonium,2,30,0.14831745850736464,0.02045512229885412,0.15179004622254605
butyrolactone,3,45,0.07899911123798894,0.013850960735234537,0.12393605375957034
byssochlamic-acid,8,168,0.028577071533335666,0.004223078815629317,0.06414300169521149
cabergoline,14,799,0.03015687356010454,0.003289385698699907,0.02941240455805098
caffeic-acid,13,678,0.03574084777253815,0.003177734925420916,0.03192927619627192
caffeic-acid-phenethyl-ester,3,180,0.19835133602390317,0.016722269917131206,0.06196802687978517
caffeine,15,530,0.01810615726564033,0.004136374444355339,0.036113201055906166
calcifediol,15,640,0.030797273079722444,0.00323460165801418,0.03286350901758476
calcipotriol,8,1295,0.04866571143614817,0.005383456476801017,0.02310303501710891
calcitriol,59,4195,0.03799801520201047,0.0021774562379616863,0.012836243235364643
calmidazolium,13,534,0.07325491114588716,0.0053462450198282115,0.035977691380802694
calpeptin,55,1119,0.03314962975870414,0.005638546285674804,0.024853575558108163
calycanthine,13,179,0.027547178511527732,0.005900530733106669,0.06214088084701491
calyculin,8,172,0.13407602238960054,0.012025651496579555,0.06339276534025146
camptothecin,12,2850,0.11662537172763772,0.002700261395755997,0.015573330148633716
candesartan,2,25,0.13741436904781212,0.010453295631538973,0.1662776646416806
candesartan-cilextil,13,301,0.025234332290604077,0.0038825907336255136,0.047920426288851486
canertinib,19,1580,0.048863619989611445,0.002553582289085538,0.020915843186011477
canrenoic-acid,13,403,0.023937555930984525,0.006164138586596016,0.041414402260071405
canrenone,2,25,0.14479012539238587,0.011100646282913565,0.1662776646416806
capecitabine,13,160,0.03984231710523928,0.014861845666390155,0.06572701803516952
capsaicin,53,900,0.034502153274290175,0.006166197311676684,0.027712944106946767
capsazepine,13,162,0.08298386297008878,0.006884313895895968,0.06532003568221943
captopril,8,777,0.023501658074199697,0.00282605745755643,0.029825889956036536
carbachol,2,25,0.16084624488491225,0.014684710697504964,0.1662776646416806
carbacyclin,18,5495,0.019188992753823613,0.001321422715333095,0.011215536993730606
carbadox,2,30,0.16086820068941457,0.014625733515101286,0.15179004622254605
carbamazepine,57,2828,0.023954883763103372,0.0017819108890718318,0.01563378798375823
carbarsone,2,30,0.12166595578662844,0.012137445862167069,0.15179004622254605
carbenoxolone,13,876,0.017959500190820283,0.0026413352555973856,0.028090008297839537
carbetocin,13,166,0.06863951075614971,0.01037341497786468,0.06452824841243086
carbidopa,13,829,0.026363095034071055,0.004426226888489591,0.02887530999143844
carbimazole,2,30,0.11193835312029152,0.014473701613841624,0.15179004622254605
carbinoxamine,13,843,0.044544555628899134,0.009697615333358988,0.028634534889465865
carbofuran,13,205,0.03476013583696974,0.005247346167758607,0.05806667924778186
cardamonin,3,45,0.09934504726656636,0.010309737419637643,0.12393605375957034
cardiogenol-c,13,218,0.03784718955826184,0.006357060471477611,0.05630872241521197
carisoprodol,2,30,0.11647924465214811,0.013993302228260621,0.15179004622254605
carmofur,7,104,0.09025109367124136,0.008082064483714598,0.0815243323733237
carmoxirole,13,156,0.03223522615952338,0.010342798817616792,0.06656433864523432
carnosol,3,45,0.1055109492026986,0.012579016330547945,0.12393605375957034
carprofen,13,303,0.020822141247625173,0.0037121016728987157,0.04776201122297543
carteolol,13,317,0.030219531059897126,0.004622250000348832,0.04669542037297078
carvedilol,13,1747,0.018590008849780827,0.0018524169103234524,0.019891038962454536
catechin,13,499,0.026807349232347333,0.0027536057410339682,0.03721805280833816
catharanthine,2,24,0.22424754262143526,0.008198346555276296,0.16970643083072406
cediranib,14,171,0.1000784320538044,0.017510550748289666,0.06357785410009052
cefaclor,9,265,0.035349698656522516,0.006287098375354616,0.05107177871396887
cefadroxil,2,30,0.10539602347430457,0.008192094613433428,0.15179004622254605
cefalotin,2,30,0.13928315805690433,0.009823734818843848,0.15179004622254605
cefatrizine,7,104,0.03667715540054671,0.006403132950529972,0.0815243323733237
cefazolin,8,276,0.02617321375322755,0.0039018254055650852,0.0500436962674954
cefdinir,9,258,0.04335175457232008,0.006676696783798003,0.05175997615586897
cefepime,2,25,0.14517670279728787,0.013710200724775374,0.1662776646416806
cefixime,13,720,0.03542573837187112,0.003789694403732482,0.030984013439892585
cefmetazole,2,30,0.12297582614375373,0.011025258183892389,0.15179004622254605
ceforanide,13,263,0.03784012052132789,0.005255228380939724,0.05126560020261291
cefotaxime,9,212,0.03578997405715607,0.0075148592038069995,0.057099984468130596
cefotetan,2,30,0.14670191703377602,0.012297402780194944,0.15179004622254605
cefotiam,13,345,0.04193769567754047,0.004553871779788225,0.04476044267978889
cefoxitin,8,276,0.02805926340887439,0.003726777388552337,0.0500436962674954
cefpodoxime,7,102,0.06576231846492035,0.008713360912045578,0.08231971054842975
cefsulodin,2,25,0.14067759098925073,0.01124169701271684,0.1662776646416806
ceftazidime,2,25,0.15238401924002065,0.013212934799187953,0.1662776646416806
cefuroxime,8,291,0.03365808143352528,0.00561295233845597,0.04873684663392608
celastrol,18,1390,0.056667029435410035,0.003349004139008027,0.022299571631322634
celecoxib,15,1094,0.023187841763620286,0.0031141854356996857,0.025135947440226042
celiprolol,2,30,0.10330466252280998,0.01805001708591227,0.15179004622254605
cephaeline,12,111,0.2346285522954943,0.017114107253578124,0.07891188745485186
cephalexin,7,153,0.0563411786031558,0.008675671783653348,0.06721376220575295
cephalosporanic-acid,10,136,0.03917745181347355,0.005629605908679545,0.07129096056712197
cephalotaxine,4,76,0.05231085782713337,0.009565707313011193,0.09536678115013579
ceramide,8,668,0.021366149260521286,0.004184285165690131,0.032167379987813105
cercosporin,8,163,0.1829324629309937,0.01382758733301968,0.06511935921509471
cerivastatin,7,104,0.10860600261220159,0.015731718324321308,0.0815243323733237
cerulenin,54,847,0.11891587157013707,0.004969195809002815,0.028566840858862647
cetirizine,13,854,0.019295510883994928,0.003984832384703186,0.028449522741585336
cetraxate,7,95,0.041780251711703756,0.006916870994183235,0.08529864217881968
chaetocin,51,3410,0.0880650227824784,0.002869280557569431,0.014237270323557972
chelidonine,8,643,0.05687021601851519,0.0036198568946754733,0.0327867549018535
chenodeoxycholic-acid,15,352,0.02606363377696013,0.00613132780490991,0.04431314651943033
chicago-sky-blue-6b,2,30,0.13002195185552087,0.011183023548425259,0.15179004622254605
chlorambucil,13,1721,0.0379588899711244,0.004496217507896811,0.02004072761879107
chloramphenicol,8,263,0.06630540134994453,0.0054673407621488295,0.05126560020261291
chlorcyclizine,2,30,0.16751278229762243,0.017936778032554036,0.15179004622254605
chlordiazepoxide,9,129,0.041635321832078874,0.007455092451858372,0.0731996602677379
chlorhexidine,4,45,0.13763323501953917,0.010313101935152235,0.12393605375957034
chlormadinone,2,25,0.12315460552560142,0.007201188512363434,0.1662776646416806
chlormadinone-acetate,13,301,0.07085731071058528,0.00731766167032755,0.047920426288851486
chlormezanone,2,24,0.23619591699300158,0.0130252142608198,0.16970643083072406
chloropyramine,2,25,0.14602155162976763,0.013665617648723892,0.1662776646416806
chloroquine,56,6937,0.014560879902733102,0.0014633414897127204,0.009982011671421813
chlorothiazide,2,24,0.3034909446744643,0.015484985714210283,0.16970643083072406
chlorotrianisene,3,354,0.13704716069855347,0.003984485407635143,0.044187790832588954
chloroxine,13,419,0.06306997508429078,0.004985254475161374,0.04061597743294631
chlorphenamine,13,2256,0.019691216398855363,0.0025681087086617573,0.017503881838555713
chlorphenesin-carbamate,8,288,0.05016397385606617,0.008754310230266417,0.04899002676166457
chlorpromazine,15,3797,0.03065042188448277,0.0027562073580151823,0.013492226460680382
chlorprothixene,13,375,0.04707154693485184,0.005000856638733253,0.04293270840023272
chlortetracycline,8,293,0.03433401503134424,0.003987874375224218,0.04857022444831813
chlorthalidone,13,1054,0.024297219058953934,0.0040504287493017925,0.025608469008873685
chlorzoxazone,2,24,0.2673489626835632,0.014049221527614425,0.16970643083072406
cholic-acid,15,246,0.03316034760454484,0.009775916596312061,0.05300738343904539
chromanol,8,155,0.034838932737697816,0.004612185341432708,0.06677871710248273
chromomycin-a3,12,82,0.145088676789298,0.015457044134630678,0.0918114812927117
chrysamine-g,3,48,0.07529187968296783,0.015624041463910464,0.12000056805137077
chrysenequinone,2,30,0.25998528819345573,0.01549768484514953,0.15179004622254605
ciclacillin,13,165,0.029128834500898735,0.005158436179921044,0.06472349318059607
ciclopirox,2,30,0.25142933943767265,0.016791931084691968,0.15179004622254605
ciglitazone,15,681,0.030878472087318927,0.003994352778949464,0.03185886976837344
cilastatin,13,589,0.02770771184585976,0.0041370790993657406,0.03425675906358296
cilnidipine,13,346,0.06595519785554466,0.006062677188782922,0.04469571315542361
cilomilast,13,151,0.04375401167967511,0.007110553889482766,0.06765742221841048
cilostamide,13,1853,0.01844041768905447,0.0016724029757071012,0.019313732450782252
cilostazol,13,481,0.08111209658580842,0.013639860858885019,0.037908044554260736
cimaterol,8,172,0.036948511242437025,0.0037687848353812146,0.06339276534025146
cimetidine,13,1297,0.02614133904386029,0.002563561163947952,0.0230852154733723
cinacalcet,14,156,0.02935002695775014,0.005387373320525811,0.06656433864523432
cinalukast,13,153,0.023564554054612705,0.007515826997843481,0.06721376220575295
cinanserin,13,1284,0.016649604101064412,0.0031610369883461583,0.02320178556829348
cinchocaine,2,24,0.22405232824372381,0.0108097619695801,0.16970643083072406
cinchonine,13,279,0.02973125509894763,0.0039977450490943,0.04977391696379306
cinnarizine,13,329,0.03212524939956432,0.004455898446453323,0.045835921988996775
cinobufagin,13,124,0.26452532883251534,0.021498350276592474,0.07466087544568958
ciprofibrate,13,333,0.045399643124447185,0.003620346279405563,0.04555979946432018
ciprofloxacin,2,24,0.26108231915648344,0.008680745527394002,0.16970643083072406
ciproxifan,3,48,0.08792264061404761,0.008104207612857461,0.12000056805137077
cirazoline,13,153,0.03324901989357242,0.0063918585926682914,0.06721376220575295
cisapride,13,1919,0.015835168238820377,0.0018527669903315423,0.018978698791000413
cisplatin,4,972,0.03157528675687783,0.0035426604909363953,0.026666792900304614
citalopram,9,1568,0.020379749559519596,0.0022786915277863144,0.020995725754999105
citiolone,2,30,0.1244129552721395,0.01573174984527626,0.15179004622254605
cladribine,9,835,0.0824622498950144,0.0028596737124481145,0.028771379324326586
clarithromycin,7,193,0.05751233356743598,0.008353417570685698,0.059844641003395496
clavulanic-acid,2,25,0.10916226876419113,0.010273200728382743,0.1662776646416806
clebopride,8,172,0.03225642110467563,0.004589579915588031,0.06339276534025146
clemastine,13,437,0.03353011197069008,0.004418660108080813,0.03977069698405969
clemizole,2,24,0.15390599808554792,0.0057920618826271105,0.16970643083072406
clinafloxacin,2,25,0.15973851552403154,0.007175866969398478,0.1662776646416806
clindamycin,2,24,0.22328319906450403,0.010138347839957077,0.16970643083072406
clioquinol,8,274,0.03941198691711154,0.003721543705664433,0.05022600541869262
clobenpropit,13,567,0.03792556399749974,0.004388902415734843,0.03491502771638768
clobetasol,13,2418,0.041595748728767305,0.0016731016206944186,0.016907358923256895
clobutinol,2,30,0.12114085469712606,0.006372420075551587,0.15179004622254605
clocortolone,2,21,0.18959726161394203,0.01674896360935471,0.18142380585737705
clocortolone-pivalate,13,151,0.06377820531537012,0.007462878315958465,0.06765742221841048
clodronic-acid,2,30,0.16089980612624183,0.01409007644305878,0.15179004622254605
clofarabine,13,197,0.16482588368045512,0.011794906207091232,0.05923396542299347
clofazimine,7,159,0.05326486062999063,0.007184818907610931,0.0659333828067973
clofibrate,13,459,0.03429141621859954,0.005282933542801892,0.03880588370273896
clofibric-acid,14,315,0.07176154127996717,0.008416519910285804,0.04684342524607926
clofilium,2,24,0.20196487493947482,0.013809968472129255,0.16970643083072406
clomethiazole,13,173,0.04101206938791093,0.004861203377857871,0.06320928372433764
clomifene,13,5664,0.02898926664684969,0.0010786977883499133,0.011046947708147238
clomipramine,13,782,0.03502869626579164,0.0034123440516047173,0.029730385740438924
clonidine,57,2170,0.027564400414252028,0.005105641797643154,0.017847362866127987
cloperastine,2,30,0.16837469236639616,0.015467301164246657,0.15179004622254605
clopidogrel,12,153,0.06308194853279561,0.0070239310843138,0.06721376220575295
clorgiline,5,60,0.07107005916065438,0.010529805052611356,0.1073317710005818
clorsulon,2,30,0.10719972915118477,0.008742826440289501,0.15179004622254605
closantel,2,30,0.170055982785603,0.010171669527430158,0.15179004622254605
clotrimazole,7,180,0.06398662152843161,0.0058607297198928175,0.06196802687978517
cloxacillin,2,24,0.23992675337367522,0.008725927807877116,0.16970643083072406
clozapine,15,721,0.02263973863417526,0.00290239592827496,0.030962519151187105
cobalt(II)-chloride,8,147,0.057261578248695225,0.00880555358551123,0.06857175317221187
colchicine,2,432,0.32019064037901807,0.0016243298508252658,0.04000018935045692
colforsin,13,286,0.07644024355324804,0.006738317551352325,0.04916102213937066
colistin,2,30,0.10239771224665661,0.015569221264124635,0.15179004622254605
corticosterone,9,273,0.055088155074671886,0.0052325910469793405,0.05031791035450746
cortisol,2,25,0.15816431910301346,0.013878101701753092,0.1662776646416806
cortisone,12,1747,0.017110534717164096,0.0026127962989152672,0.019891038962454536
cortisone-acetate,13,284,0.04194279438589323,0.007182803088871679,0.04933382064101379
corynanthine,8,167,0.028301795825467962,0.005301932943799782,0.06433475997562621
cosmosiin,4,135,0.10027851144367841,0.007166475512396769,0.07155451400038787
cotinine,7,104,0.11470722072017502,0.014525714511273491,0.0815243323733237
coumaric-acid,13,198,0.052230442888417696,0.021641763954788253,0.059084195359240435
coumarin,13,301,0.03512276748009928,0.005968756511262278,0.047920426288851486
coumestrol,13,165,0.04678950654955718,0.011566514871050261,0.06472349318059607
crizotinib,20,4787,0.05906183902692874,0.0021044006816518007,0.012016339964703577
cromakalim,13,200,0.03919300136420541,0.00461605054273397,0.05878803211399748
cromoglicic-acid,8,274,0.03995312543558853,0.010186235099955867,0.05022600541869262
crotamiton,13,715,0.026533460066352873,0.0052132762634414555,0.03109216041247499
cucurbitacin-i,56,5152,0.10341964580990658,0.002409903421480405,0.011582864967839964
cuneatin,13,204,0.03816944209862254,0.00592036096606178,0.05820882555410844
curcumin,56,64526,0.014647327251147578,0.0006398741499059925,0.003272928732180475
cyanocobalamin,2,30,0.12040797356058044,0.012013580203431988,0.15179004622254605
cyanopindolol,11,215,0.02831706597996821,0.0036849098168330718,0.05670021303299794
cyanoquinoline-11,51,393,0.023434476312703404,0.0028918015408285745,0.04193799324324463
cyclazosin,14,153,0.060292815580727105,0.018294358346728757,0.06721376220575295
cyclizine,2,30,0.13272200683241148,0.013896223749628317,0.15179004622254605
cyclo-[Arg-Gly-Asp-D-Phe-Val],13,157,0.047077264150701924,0.0056544005730727485,0.06635201166521548
cyclobenzaprine,2,30,0.12440981797495719,0.013985238611653242,0.15179004622254605
cycloheximide,16,4250,0.12264890892219456,0.002590747567029366,0.012752914720747337
cyclopamine,14,757,0.046827701971153365,0.00586456594806602,0.030217322578953425
cyclopentene,8,8921,0.014350541390435723,0.0007669602539000458,0.008802319959751222
cyclopenthiazide,13,303,0.02304892692823302,0.004637702028847749,0.04776201122297543
cyclopentolate,13,432,0.012239993415814195,0.0024542357271171195,0.04000018935045692
cyclophosphamide,8,1307,0.028014944064757113,0.002265431069315055,0.022996732144805347
cyclopiazonic-acid,13,655,0.04048462848928643,0.004718756975725276,0.032485029880889124
cycloserine,2,20,0.11344636788579922,0.01516019916403718,0.1859040806393555
cycloserine-(d),8,709,0.025398557939979742,0.004348694828992548,0.031223443869350064
cyclosporin-a,55,6618,0.058239286962715055,0.0018549034537626546,0.01021975628625804
cymarin,13,227,0.16681564877603014,0.011713301315966202,0.055181181110542904
cyproheptadine,9,241,0.07494033062771117,0.007116765066560516,0.053554429750696846
cyproterone,13,303,0.03546510463445726,0.005344392390314341,0.04776201122297543
cytarabine,10,209,0.08771534422947842,0.012599339324103152,0.05750833282526153
cytochalasin-b,51,398,0.09377557036298642,0.006631101316605065,0.04167373104503928
cytochalasin-d,13,161,0.14857228554553054,0.008253323544006347,0.06552257891462192
cytosporone-b,51,405,0.035710649783071785,0.009072023197205396,0.04131201791985678
dabrafenib,2,4260,0.2587842969137829,0.0014838392653609275,0.012737937716495342
dacarbazine,2,30,0.14474233777229395,0.009257259392142673,0.15179004622254605
dacinostat,14,667,0.12327799106502514,0.005899117872706103,0.032191484434798315
dactinomycin,12,331,0.15779643531859475,0.00927634621463664,0.04569723506901164
daidzein,8,164,0.04401573063347071,0.00713628080308353,0.06492052101285829
dalcetrapib,50,388,0.0380058995342892,0.010851794200257467,0.04220734728532609
damnacanthal,4,135,0.05933482684829965,0.006285761586516944,0.07155451400038787
danazol,14,3704,0.07240221767861918,0.0024110243447341907,0.013660557748647207
danoprevir,14,168,0.03161255987631615,0.005080835846926765,0.06414300169521149
dantrolene,13,861,0.014352542904306691,0.0023784810199107957,0.028333638256894698
dantron,13,165,0.044391383162840733,0.0054850749026120115,0.06472349318059607
danusertib,13,160,0.10850652420802216,0.00907621871935209,0.06572701803516952
daphnetin,8,164,0.0389485528424909,0.004312295821376062,0.06492052101285829
dapsone,8,237,0.035735947872680314,0.005758125372398111,0.054004474887538886
darifenacin,2,25,0.12815710919366152,0.008287282805842672,0.1662776646416806
darinaparsin,51,402,0.03613431111613034,0.006312567425724607,0.04146588071656261
dasatinib,18,2781,0.09324386092241574,0.0021149851790314878,0.015765343079648306
daunorubicin,19,8651,0.10523776607001677,0.0020747277130108103,0.008938625962435267
debrisoquine,2,24,0.22110783909943926,0.011869543227505792,0.16970643083072406
decafluorobutane,13,210,0.052425942917876944,0.004584863762331101,0.057371244828550855
decitabine,14,400,0.028715785069644492,0.006264768909309367,0.04156941616042015
deferiprone,7,101,0.022398331196832984,0.0071199334199211674,0.08272623010986836
deflazacort,2,25,0.12201034309217405,0.008959840005655037,0.1662776646416806
deforolimus,13,152,0.06605295602866193,0.007254259539483047,0.06743449765119443
deguelin,13,161,0.06620859187608195,0.008289656834058367,0.06552257891462192
dehydrocholate,13,271,0.0572405757922691,0.00823652458886885,0.05050324398507282
dehydrocholic-acid,9,244,0.0321524498366519,0.00435524182797144,0.053224183458123
dehydroisoandosterone,13,305,0.04317279744968811,0.0045705706707189,0.04760515690371315
delcorine,13,209,0.0476256929679266,0.005100474580745198,0.05750833282526153
deltaline,13,205,0.03497311368394336,0.005284142076913444,0.05806667924778186
demecarium,2,30,0.16272991658720817,0.018740200231427175,0.15179004622254605
demeclocycline,8,290,0.045114606680032275,0.010931919788867763,0.04882080336563997
denbufylline,13,147,0.03647284225652346,0.007164141962678559,0.06857175317221187
deoxyandirobin,13,280,0.036043135237120445,0.0103804770861263,0.04968495546826164
deoxycholic-acid,15,666,0.02017763763933353,0.0034856565929703323,0.032215643150720036
deoxycorticosterone-acetate,13,167,0.035491986665823455,0.006042497416715757,0.06433475997562621
deoxyrhapontin,13,166,0.03753700611104322,0.004835848661652632,0.06452824841243086
dephostatin,13,221,0.06528801019853477,0.007352388277218738,0.05592523062685057
depomedrol,8,143,0.04741617368456434,0.005635039469126249,0.06952418424962198
deptropine,2,25,0.12381336747279026,0.011078209074051439,0.1662776646416806
depudecin,13,160,0.03138709146080612,0.007162486450688977,0.06572701803516952
dequalinium,2,24,0.2524459811300771,0.016981637896964823,0.16970643083072406
deracoxib,13,301,0.029005346310344345,0.005115316213114083,0.047920426288851486
desipramine,13,1068,0.049399374477712685,0.007193249459637384,0.025440069546802387
desloratadine,7,193,0.04681721470520106,0.004965021104216586,0.059844641003395496
desmethyl-DASB,3,37,0.05620262485358082,0.00989602681539569,0.13667939839296053
desmethylclomipramine,3,126,0.1023442660852138,0.008003043035217929,0.07406595859072196
desmethylclozapine,13,161,0.036892967590976156,0.005596585361287027,0.06552257891462192
desoximetasone,13,832,0.062433106213324326,0.006715197415558246,0.028823204126441584
desoxycortone,13,282,0.04134274358653636,0.007366637530308616,0.04950845418052319
desoxypeganine,13,301,0.020634974691501894,0.004037731451637687,0.047920426288851486
devazepide,13,151,0.10038452330435235,0.011232680250385128,0.06765742221841048
dexamethasone,57,14782,0.034951550756231006,0.0012694155988536404,0.006838129506769496
dexamethasone-acetate,13,304,0.07172107104561559,0.008705423826481365,0.047683390575067895
dexbrompheniramine,7,104,0.03810001470020704,0.006821120983908661,0.0815243323733237
dexchlorpheniramine,9,135,0.032240355059677886,0.005536265380403637,0.07155451400038787
dexfenfluramine,2,30,0.148605086914402,0.013745769404658215,0.15179004622254605
dexketoprofen,14,151,0.0461183433541412,0.006987302965732568,0.06765742221841048
dexrazoxane,14,169,0.06336110493096601,0.008622213490229,0.06395294793910793
dextromethorphan,14,1569,0.01703049131644155,0.002645722625898231,0.020989033890046655
dextrorphan,7,104,0.10436831415501412,0.018535062173717518,0.0815243323733237
diacerein,2,25,0.10617009614449234,0.01421597672165356,0.1662776646416806
diarylpropionitrile,13,218,0.04193664340920987,0.004857844260895483,0.05630872241521197
diarylsulfonesulfonamide,3,45,0.09641283779175978,0.006085235847104752,0.12393605375957034
diazepam,8,451,0.05662868309827123,0.005540803085613578,0.03914854716255172
diazoxide,13,657,0.028693008781423723,0.0037429525934543637,0.032435547704592955
dibenzepin,13,362,0.03339584655027448,0.005261088745323248,0.043696800139724754
dibenzoylmethane,8,157,0.04012257745739251,0.005649693290950558,0.06635201166521548
dibutyryl-cAMP-Na,3,45,0.08804233272236922,0.01021697479786089,0.12393605375957034
dibutyrylcyclic-gmp,13,167,0.03321555825205916,0.006019188283266477,0.06433475997562621
dichloroacetic-acid,7,79,0.10387284282230783,0.013412667764108849,0.0935384943412949
dichlorobenzamil,13,185,0.11093116726273507,0.008495165564135392,0.06112488518608705
diclofenac,15,1042,0.032974452726404604,0.006534325277146947,0.02575550448903911
diclofenamide,13,347,0.0347316017338718,0.0035220525606302127,0.04463126364366352
dicloxacillin,9,246,0.04923879556356386,0.007021292801695992,0.05300738343904539
dicoumarol,2,30,0.1432122668300844,0.012801264829171011,0.15179004622254605
dictamnine,4,124,0.0669809079816136,0.006803722793455958,0.07466087544568958
dicyclohexylurea,13,161,0.03292162235303847,0.004377913374193498,0.06552257891462192
dicycloverine,13,446,0.018846735849995095,0.0030855417727821822,0.03936737808548773
didanosine,7,180,0.05085930446946169,0.004491279710268347,0.06196802687978517
dienestrol,13,6497,0.01454424780626622,0.0009559249131728219,0.010314483541114106
diethylcarbamazine,13,449,0.034736380998572805,0.006423302436513487,0.03923564081226912
diethylstilbestrol,13,14125,0.014314381958158269,0.0005363885309765347,0.006995353927004353
diethyltoluamide,13,162,0.02754319703987102,0.005831663543789623,0.06532003568221943
diflorasone,13,274,0.05236565769644389,0.005696064932309058,0.05022600541869262
diflunisal,13,989,0.03320860689395174,0.0049276541292313574,0.02643661064076034
digitoxigenin,8,252,0.1965984552822049,0.011113838132572695,0.052372541574581516
digitoxin,13,306,0.20791313381815987,0.014553440639499563,0.04752730704474799
digoxigenin,13,262,0.1692342943262564,0.013923156443368619,0.051363342141118984
digoxin,13,1798,0.19279021981737537,0.00469539278507015,0.019606906457915095
dihomo-gamma-linolenic-acid,8,164,0.04096998906618408,0.006679518229121432,0.06492052101285829
dihydrexidine,9,618,0.03526966150897888,0.005057323577215522,0.03344334299805518
dihydro-7-desacetyldeoxygedunin,8,172,0.0570080555834992,0.004967722833140126,0.06339276534025146
dihydrocapsaicin,3,45,0.12224715562486436,0.02179506702181146,0.12393605375957034
dihydrodeoxygedunin,8,167,0.02956875068436489,0.004498506117029907,0.06433475997562621
dihydroergocristine,13,1446,0.03059481564465956,0.0032819180085275484,0.021863504392489033
dihydroergotamine,13,1135,0.01684818497856765,0.002917409462129196,0.024677774408380256
dihydroobliquin,8,172,0.026994639165647333,0.004245204707386612,0.06339276534025146
dihydroptaeroxylin,8,172,0.0286147710867269,0.005100804168510775,0.06339276534025146
dihydrorobustic-acid,13,162,0.03602861709796502,0.0062292261002519075,0.06532003568221943
dihydrosamidin,13,251,0.049573269610545666,0.00950008530153313,0.05247676564100114
dihydrostreptomycin,2,24,0.1938565645943629,0.010893345899941367,0.16970643083072406
dihydroxyphenylglycine,9,60,0.08518592287319353,0.013079625254653457,0.1073317710005818
dilazep,9,1036,0.026959308092499135,0.0026032984658256107,0.025829978392406774
diloxanide,13,466,0.05675922384906608,0.011262940186592007,0.038513320363522896
diltiazem,13,5437,0.012955241493009818,0.0014607431047794464,0.011275199998000106
dimaprit,2,25,0.09892431603716692,0.012448469123771356,0.1662776646416806
dimenhydrinate,2,24,0.14355920409462605,0.005853773451254229,0.16970643083072406
dimercaptosuccinic-acid,9,64,0.047358703931649336,0.008947413027610963,0.10392354040105038
dimethadione,2,25,0.14022171554868718,0.013328243851403417,0.1662776646416806
dinoprost,2,30,0.10748252106036241,0.006738503781803751,0.15179004622254605
dinoprostone,15,287,0.05786846994710868,0.005684699510081524,0.04907530102421889
dinorcitalopram-oxalate,3,48,0.09265980188727947,0.011463614721484614,0.12000056805137077
diosmin,2,30,0.10167099643685243,0.009327495825775488,0.15179004622254605
dioxybenzone,13,443,0.05353217287122599,0.00823558139658876,0.03950045129231238
diperodon,2,24,0.22409219384812537,0.01728873033243033,0.16970643083072406
diphemanil,8,293,0.022233888287912423,0.003026370953618461,0.04857022444831813
diphencyprone,7,104,0.08728706719493022,0.008199981540833345,0.0815243323733237
diphenhydramine,7,180,0.04942860834117352,0.009759971961314104,0.06196802687978517
diphenidol,13,248,0.02207664330888417,0.004289362905608076,0.0527932113169713
diphenoxylate,7,104,0.06748876923641708,0.00615768840412577,0.0815243323733237
diphenyleneiodonium,13,218,0.16287110951191816,0.018922534432006855,0.05630872241521197
diphenylpyraline,2,30,0.11214217629087324,0.014875071761745282,0.15179004622254605
dipivefrine,8,316,0.028294864828169397,0.003337561863489614,0.04676924717064745
dipropyl-5ct,13,151,0.0417680003752651,0.011575511484713526,0.06765742221841048
dipropyl-dopamine,9,627,0.04645157144892234,0.004531306386162351,0.033202451437311334
diprotin-a,4,135,0.058015431191442215,0.005212207847298648,0.07155451400038787
dipyridamole,13,1077,0.02918816646823624,0.003375666862510458,0.025333550992943172
dirithromycin,2,30,0.13323329843890014,0.01796137173153287,0.15179004622254605
disopyramide,13,1093,0.02840356937814974,0.0049894333505751485,0.02514744341495934
disulfiram,7,178,0.10347787616863098,0.00950844227036252,0.062315189410583144
dithiothreitol,3,45,0.07196983404715007,0.011873939417669108,0.12393605375957034
ditolylguanidine,13,160,0.02680674592029678,0.007895394204811886,0.06572701803516952
dizocilpine,5,148,0.07312329546400882,0.009709114997837597,0.06833969919648027
dobutamine,13,254,0.03996625679891968,0.011710668113653273,0.05216594297211921
docetaxel,13,741,0.041647235395113155,0.0035988439535531115,0.030541813199810055
doconexent,15,367,0.026730825433587062,0.0043165170162809885,0.04339811721224229
docosatrienoic-acid,13,146,0.04516670293103934,0.009663019883166271,0.0688061872002523
dofetilide,7,104,0.07103161646460826,0.009617517158253746,0.0815243323733237
dolasetron,9,256,0.0313612556673437,0.004610588351970082,0.05196177020052519
domperidone,13,301,0.046529890557634956,0.004569740553553627,0.047920426288851486
donepezil,13,730,0.03428958238724368,0.0060066622585867825,0.03077106237046802
dopamine,15,1352,0.021683748083375802,0.0021494528613155172,0.022610781582306724
doramapimod,6,1264,0.03434125862327016,0.002099392953830866,0.023384623585323724
dorsomorphin,55,1141,0.1457641584147129,0.0062492721548935435,0.024612804288431833
dorzolamide,2,25,0.1648819571256741,0.013614760019886861,0.1662776646416806
dosulepin,13,179,0.04108290633836536,0.015004802612254894,0.06214088084701491
dovitinib,18,1606,0.04282116268373488,0.002684206398931237,0.02074584601801738
doxapram,9,141,0.0857585434624813,0.008835980149154968,0.07001552735422285
doxazosin,8,276,0.036698899379889585,0.005164452575883155,0.0500436962674954
doxepin,13,5258,0.014694711750894145,0.0018339191632380594,0.011465516659296368
doxercalciferol,13,159,0.03507086599983477,0.005316781999659907,0.0659333828067973
doxofylline,2,30,0.1135710136981191,0.008620221180273151,0.15179004622254605
doxorubicin,12,12823,0.08188602975672268,0.0017134047096179598,0.007341910726830068
doxycycline,8,147,0.034486471042951404,0.004833837011669476,0.06857175317221187
doxylamine,13,929,0.009062450754415426,0.004318245425985187,0.027276966076318153
droperidol,13,698,0.01783258417266724,0.002809149636743854,0.031468512118742596
dropropizine,5,204,0.048032610609845434,0.004130963914690797,0.05820882555410844
droxinostat,8,130,0.07014647266130214,0.00752933130791376,0.07291757960281542
dubinidine,8,118,0.046595023837346095,0.010949467923024687,0.07653549879627033
duloxetine,13,1550,0.017354149577093286,0.0022688537868518605,0.02111728452678852
dyclonine,2,24,0.24977706315905127,0.011378771444432865,0.16970643083072406
dydrogesterone,13,362,0.038698805936841704,0.00450673830011148,0.043696800139724754
dyphylline,4,4344,0.03516613916332976,0.001085286971872095,0.012614179661697682
ebelactone-b,14,171,0.06158945197498943,0.007365404914863375,0.06357785410009052
ebselen,9,480,0.03031605526672299,0.00380622666268112,0.03794751155563651
econazole,13,167,0.06219020219991898,0.005171624779086226,0.06433475997562621
ecopipam,13,204,0.02951739916489937,0.005166574777494232,0.05820882555410844
edaravone,8,147,0.051222758290399815,0.005623769565367816,0.06857175317221187
edrophonium,8,264,0.028023947337016124,0.006088804432252706,0.051168414143264854
efavirenz,7,194,0.05485720253060344,0.007426400217016216,0.05969020296269939
eicosadienoic-acid,8,172,0.030091808013303536,0.00443079794247998,0.06339276534025146
eicosatetraynoic-acid,15,216,0.058526195125857085,0.006209512222209515,0.05656881027690802
eicosatrienoic-acid,13,218,0.03875180604220514,0.00403631266180699,0.05630872241521197
elesclomol,51,391,0.06390611275865611,0.005123227729296367,0.0420451147287124
eliprodil,8,172,0.029612833694342616,0.0033324934629946237,0.06339276534025146
ellagic-acid,3,45,0.08032532540108735,0.009730380814592246,0.12393605375957034
ellipticine,15,388,0.11257860129230438,0.007440181748078614,0.04220734728532609
elvitegravir,10,130,0.05931536257135719,0.010736755813538312,0.07291757960281542
embelin,13,155,0.05937306515212027,0.007681255778877243,0.06677871710248273
emedastine,2,30,0.1571708568394566,0.014701129410918359,0.15179004622254605
emetine,56,7909,0.08458190667880885,0.0022121018553629547,0.009348525840255506
emodic-acid,13,187,0.06708366657034465,0.008934340068557034,0.060797135450359925
enalapril,13,3558,0.013422842865294706,0.0012922696739278128,0.013938015678265586
enalaprilat,7,104,0.07375675740123755,0.018830265186278526,0.0815243323733237
endecaphyllin-x,13,173,0.030469738756630522,0.008724215840022954,0.06320928372433764
endo-IWR-1,53,4422,0.025818523206679694,0.001488074579066524,0.012502433448951954
enevalproate,3,180,0.038909916708858364,0.0039613109131396845,0.06196802687978517
enilconazole,2,25,0.12368473453866789,0.018340356898619195,0.1662776646416806
enobosarm,13,169,0.08033354857088959,0.011898154799709878,0.06395294793910793
enoxacin,2,25,0.1036537318207014,0.014831246523167004,0.1662776646416806
enrofloxacin,13,613,0.0454319601546743,0.003785664833103616,0.03357945810271376
entacapone,8,276,0.030738904326194093,0.003795882352170735,0.0500436962674954
entecavir,14,139,0.042608454376587286,0.010442734866929447,0.07051743720105612
entinostat,14,13557,0.06040939482898314,0.0010927880624868552,0.007140393114910146
enzalutamide,51,631,0.028240894554794498,0.0034220732384575544,0.0330970465635806
enzastaurin,19,3287,0.035665493659764375,0.0015109858113802994,0.014501204213051474
ephedrine,11,220,0.027923802497810537,0.0040888228990681496,0.05605218931606508
ephedrine-(racemic),8,172,0.05044199932927425,0.014246830315183057,0.06339276534025146
epiandrosterone,2,30,0.15682031164036908,0.007230439603423548,0.15179004622254605
epibatidine,8,172,0.034328501494359606,0.004775336475682681,0.06339276534025146
epicatechin-gallate-(-),13,301,0.03282982945186938,0.0052761930963964145,0.047920426288851486
epidepride,3,48,0.11077261931566708,0.011552813331823843,0.12000056805137077
epigallocatechin,51,397,0.08759113846082701,0.00951729312958142,0.041726183842446
epigallocatechin-gallate-(-),14,645,0.023097689201479164,0.003054034812162799,0.032735883257710485
epinephrine-(racemic),8,276,0.04876051693618374,0.00557780264404646,0.0500436962674954
epirizole,14,5661,0.020386435069280007,0.0009477134248131538,0.011049874439608882
epirubicin,15,432,0.17803075694539977,0.006839815387478088,0.04000018935045692
epitestosterone,13,922,0.038360834586631656,0.005514872863475,0.027380316250343973
epitiostanol,2,25,0.18652532157543666,0.019408175376950033,0.1662776646416806
eplerenone,13,159,0.04836322213599707,0.006438979838146359,0.0659333828067973
epothilone,13,157,0.06861394199073806,0.006741547795074892,0.06635201166521548
epothilone-a,13,169,0.05500481125379458,0.006389027126955343,0.06395294793910793
epoxycholesterol,15,244,0.09959764848579047,0.006645873182640543,0.053224183458123
eprosartan,8,147,0.041092667484076036,0.005122231078459881,0.06857175317221187
equilin,13,8576,0.014207682224103063,0.0006584637169312829,0.008977626522709626
equol,8,864,0.02401082061836759,0.002368449715057018,0.02828440513845401
erastin,51,2577,0.019345975397260313,0.001298131396192314,0.016377466181089192
erbstatin-analog,8,138,0.09112527640966521,0.008457236226913812,0.07077247397277182
ergocornine,13,151,0.02433663043980346,0.005689645798519202,0.06765742221841048
ergocryptine,13,267,0.01728766566129186,0.005030478508613875,0.050880139093604775
ergometrine,13,218,0.054414594726947034,0.0062732096502436845,0.05630872241521197
eriochrome-black-t,13,175,0.04638655348361717,0.006066294012311773,0.06284704988949782
eriodictyol,13,8442,0.023659886325405565,0.0007763067350075065,0.009048597006745613
erlotinib,20,2296,0.05291416561461319,0.0020575684185564344,0.01735073907149815
erythromycin,13,2769,0.025161160038462256,0.0018776523466739244,0.015799467238793677
erythromycin-estolate,13,271,0.03862995099621421,0.009339974808471775,0.05050324398507282
erythromycin-ethylsuccinate,13,285,0.034117652007450726,0.013973213014295766,0.04924719402345111
erythrosine,13,237,0.07762582115101313,0.009581053853042937,0.054004474887538886
esatenolol,2,30,0.17042505592665172,0.013303420307792826,0.15179004622254605
escitalopram,13,989,0.024961001193377907,0.0029703419934339398,0.02643661064076034
esculin,13,214,0.037702445691353274,0.005587707699147689,0.056832535763789646
eserine,2,30,0.10399814843860987,0.011630180496828785,0.15179004622254605
eseroline,5,73,0.20461084708067248,0.010953669226580353,0.09730664311377887
esmolol,7,184,0.04335542186035158,0.007954892282149168,0.0612907603490934
esomeprazole,7,95,0.05468748057169479,0.007415085379751383,0.08529864217881968
estradiol,16,87687,0.020554064407285487,0.0002330421820228179,0.0028076069873706946
estradiol-benzoate,13,288,0.06257168174836704,0.011915605914946057,0.04899002676166457
estradiol-cypionate,13,276,0.13445833368589297,0.02390334924340656,0.0500436962674954
estradiol-valerate,13,161,0.10664265396653534,0.009998233189122217,0.06552257891462192
estriol,13,12405,0.012316831654431428,0.0006469287331065414,0.007464582740050083
estrone,15,7953,0.016533674221110482,0.0007007278641296926,0.009322629597045395
estropipate,13,1953,0.020173335260941515,0.002818121285416071,0.01881277229482508
etacrynic-acid,8,842,0.06616174613594297,0.004175421280628834,0.028651533724379223
etamivan,13,466,0.017614661640492704,0.005377329766556608,0.038513320363522896
etamsylate,2,25,0.12411162844309322,0.01887257301749433,0.1662776646416806
etanidazole,4,1294,0.029505586392514577,0.0021752109954094483,0.023111960277251445
etazolate,8,172,0.05001093488775413,0.0048260659646303435,0.06339276534025146
ethambutol,9,226,0.03971900900132603,0.004934925019609443,0.05530312862084252
ethaverine,2,25,0.14716367527981453,0.006638641038898123,0.1662776646416806
ethinyl-estradiol,8,626,0.04242953368018772,0.002447001049010509,0.03322896038479749
ethinylestradiol,7,193,0.04998325989723596,0.007281775080667853,0.059844641003395496
ethionamide,2,30,0.12708036576847948,0.011766218611666565,0.15179004622254605
ethisterone,13,248,0.05506639880766645,0.005818376466184596,0.0527932113169713
ethoprop,8,172,0.03311826823418184,0.004284004034325268,0.06339276534025146
ethosuximide,2,24,0.22330571936314472,0.018835405311780344,0.16970643083072406
ethotoin,8,316,0.032593343905501455,0.0060732520982587435,0.04676924717064745
ethoxyquin,2,30,0.1892906842416975,0.01656956523220701,0.15179004622254605
ethylestrenol,7,104,0.0662761090552008,0.01095267143171129,0.0815243323733237
ethynodiol,2,20,0.12038034839615336,0.011158125444356405,0.1859040806393555
eticlopride,8,302,0.03417546914862219,0.0036264672141737495,0.047841022048239444
etidronic-acid,2,25,0.15683935747200184,0.011482745252388425,0.1662776646416806
etifenin,13,347,0.05149468456582443,0.01073115231320346,0.04463126364366352
etilefrine,8,302,0.036854062230811335,0.0036244802052624258,0.047841022048239444
etiocholanolone,2,30,0.10938424273609315,0.009803653641932966,0.15179004622254605
etodolac,14,1824,0.011396126803365766,0.0028131483146428037,0.019466662685792148
etofenamate,2,30,0.15784696070695406,0.014469413067997707,0.15179004622254605
etofylline,2,24,0.27451808876719946,0.012572492648139161,0.16970643083072406
etomidate,13,858,0.01407417771936634,0.003252718624541674,0.0283831293658028
etomoxir,56,1693,0.01737789431721094,0.0029251330820245602,0.020205771691960188
etoposide,11,1528,0.11264201230685021,0.004423059770631846,0.02126876356640197
etoricoxib,2,30,0.14238850755166804,0.011892843583725526,0.15179004622254605
etretinate,2,30,0.13430034174067143,0.00878670858815853,0.15179004622254605
eucatropine,2,25,0.14729892053689014,0.019729683899015544,0.1662776646416806
eudesmic-acid,4,135,0.061728843680888,0.0035525287451764593,0.07155451400038787
eugenitol,13,143,0.037525888280192474,0.005191333072979111,0.06952418424962198
eugenol,8,172,0.028355258391583434,0.0036647949784942273,0.06339276534025146
everolimus,14,122,0.14659659007930054,0.012544423571843422,0.07527036209271129
evodiamine,51,393,0.06182026456717975,0.010883406317594074,0.04193799324324463
evoxine,13,173,0.0262314392825675,0.005085352755661074,0.06320928372433764
exemestane,13,989,0.08231756192982795,0.0052054709510846895,0.02643661064076034
exifone,3,45,0.09146581035003508,0.010788240247364841,0.12393605375957034
ezetimibe,13,720,0.07022251304913464,0.00963475587401976,0.030984013439892585
fadrozole,2,24,0.22060178366035224,0.012892195726643761,0.16970643083072406
famciclovir,13,932,0.02871591590865752,0.005408056061961092,0.02723302999505699
famotidine,7,167,0.05480112602488705,0.007585240723962557,0.06433475997562621
famprofazone,2,30,0.1893203194982403,0.0128561686853143,0.15179004622254605
fananserin,13,142,0.03775650177895584,0.011379839223749721,0.06976855823420344
farnesol,15,233,0.02381782046191805,0.0038775249229258354,0.05446605999011398
farnesylcysteine-methyl-ester,15,243,0.031304294612789475,0.005509796660772063,0.05333358580060923
farnesylpyrophosphate,3,37,0.08640088587615231,0.01121633579335486,0.13667939839296053
farnesylthioacetic-acid,15,211,0.02700112859884225,0.004932622074612056,0.057235132549415785
farnesylthiotriazole,13,196,0.03584695537504267,0.006134645284008492,0.05938488022917164
fasudil,13,162,0.053161775779287476,0.006576763302374306,0.06532003568221943
fatostatin,51,404,0.02951189713526904,0.0042632905000254085,0.04136311505493418
febuxostat,13,153,0.04197924147531559,0.0057068569829259105,0.06721376220575295
felamidin,4,71,0.11189717565701264,0.020723830549599757,0.09866764128202758
felbamate,13,541,0.024751906801217114,0.003150517088686906,0.035744175849337916
felbinac,2,25,0.12063537726302981,0.01871682910232285,0.1662776646416806
felodipine,13,317,0.033319080394023044,0.0025492979378102082,0.04669542037297078
fenbendazole,13,728,0.07221021658037058,0.00464775248964798,0.03081330132291237
fenbufen,13,397,0.03734625173945711,0.008804245018265634,0.041726183842446
fendiline,2,24,0.2050509364835925,0.018594954221930072,0.16970643083072406
fenipentol,2,30,0.1852342817286492,0.017087158688172722,0.15179004622254605
fenobam,14,233,0.037787134775540084,0.006397362781832677,0.05446605999011398
fenofibrate,13,263,0.027953202509960487,0.005790532962366844,0.05126560020261291
fenoldopam,13,521,0.029628245816284544,0.00754321851406541,0.036423783754160236
fenoprofen,2,30,0.13396488046884755,0.017574229080194147,0.15179004622254605
fenoterol,13,419,0.03133921263392044,0.004145134293500754,0.04061597743294631
fenpiverinium,7,104,0.05110949491779642,0.008091186041834071,0.0815243323733237
fenretinide,16,4049,0.0502446014384849,0.0021340003287331354,0.013065620275566715
fenspiride,2,24,0.18770132526545158,0.014535130014907487,0.16970643083072406
fentiazac,2,30,0.17745782754027215,0.011926397177308062,0.15179004622254605
fexaramine,13,162,0.04969299190401389,0.011057252623917506,0.06532003568221943
fexofenadine,13,466,0.01806030609606874,0.003675822554892827,0.038513320363522896
fillalbin,13,147,0.04119633271102856,0.007415355359553784,0.06857175317221187
finasteride,13,1519,0.016534042316724798,0.0023063226775970496,0.021331678698768453
fipexide,2,24,0.17586775325790036,0.009228069923975185,0.16970643083072406
fipronil,13,301,0.06477807970122304,0.007375012802289575,0.047920426288851486
fisetinidol,8,172,0.040183539349141505,0.00716718819386132,0.06339276534025146
flavanone,11,217,0.03296485451403036,0.004584839580259792,0.05643831688447523
flavokavain-b,13,161,0.08364385156187834,0.007657669822395671,0.06552257891462192
flavoxate,13,278,0.030190536258566138,0.004850014805116558,0.04986335803676329
flecainide,13,1107,0.018565428887008503,0.0032328295275841847,0.024987920188469664
florfenicol,2,20,0.20540513314139322,0.017466537939775453,0.1859040806393555
floxuridine,13,815,0.057156997722405546,0.004613775387470039,0.02912226277123582
flubendazole,7,175,0.12136168418522453,0.0100007931960054,0.06284704988949782
flucloxacillin,13,303,0.03380017221049515,0.004723153310094172,0.04776201122297543
fluconazole,13,634,0.023374456632321513,0.004314282026871617,0.0330186483960841
flucytosine,7,193,0.11667170523650404,0.011616712076207746,0.059844641003395496
fludarabine,14,2600,0.0480462944421121,0.0032276522371126053,0.01630486647466474
fludrocortisone,2,24,0.15967810308673194,0.012911186352169477,0.16970643083072406
fludrocortisone-acetate,8,168,0.07726999569080181,0.006675888129399572,0.06414300169521149
fludroxycortide,13,633,0.06549910235954531,0.0038562324268127364,0.033044719184509116
flufenamic-acid,13,227,0.07466374123086371,0.009877064311065458,0.055181181110542904
flumazenil,13,529,0.03592547607401925,0.004018043071234093,0.03614731840036535
flumequine,2,24,0.2157923423241905,0.018247158904723497,0.16970643083072406
flumetasone,14,626,0.062429970041867976,0.004885821224623612,0.03322896038479749
flumethasone,2,25,0.09850368484242682,0.012154002483131235,0.1662776646416806
flunarizine,14,1227,0.02690339715863853,0.003122453434173265,0.02373458482216931
flunisolide,13,1811,0.03941969774317857,0.0022114383738544956,0.019536407050009925
flunixin,2,30,0.11781083652055528,0.012856155790519734,0.15179004622254605
fluocinolone,8,1406,0.029016957654894704,0.0037114753186374303,0.022172326246603716
fluocinolone-acetonide,8,172,0.06983057460855938,0.007326856851006871,0.06339276534025146
fluocinonide,8,290,0.03364948901238696,0.004656784305288814,0.04882080336563997
fluorometholone,8,283,0.06178701890611594,0.0053050353835590236,0.04942090600560067
fluoropyruvate,51,4390,0.02110158802203384,0.0012691458121068234,0.012547917668113643
fluorouracil,5,1524,0.03313258694440543,0.0024036017749803815,0.021296657038803037
fluoxetine,12,874,0.02556505335009151,0.003319077041044156,0.028122129529943984
flupentixol,13,145,0.052111103329516566,0.007785603402819218,0.06904304224563809
fluperlapine,13,605,0.029181550900840944,0.006108965604215665,0.03380074193442828
fluphenazine,13,12157,0.020742620012127483,0.0008514874951728615,0.007540336236367689
flupirtine,14,160,0.030912994745873883,0.006951145701225483,0.06572701803516952
fluprostenol,13,141,0.03103379780311193,0.006420798882148226,0.07001552735422285
flurandrenolide,2,30,0.12942147339904722,0.013757473133964176,0.15179004622254605
flurbiprofen-(+/-),8,698,0.02332458882101241,0.003066982129153753,0.031468512118742596
flurofamide,13,145,0.028376192457893457,0.010029581965179876,0.06904304224563809
fluspirilene,57,1563,0.027393656023348055,0.002833055297006001,0.021029281355369134
flutamide,55,4674,0.021484912582608637,0.0022592954202703026,0.012160727772226862
fluticasone,14,1056,0.05156149458846096,0.0032574125795045393,0.025584207071632427
fluticasone-propionate,13,635,0.07071724135200137,0.004334544385050422,0.03299263921647005
fluvastatin,15,542,0.07706763558721891,0.009513267962563389,0.03571118629376371
fluvoxamine,13,671,0.014669478053193696,0.003645338756012346,0.032095390237024464
folic-acid,2,30,0.10775013463377132,0.00955443454098743,0.15179004622254605
foliosidine,13,189,0.06319332030848525,0.007139119849972634,0.06047460195245902
fomepizole,2,30,0.12926169470317408,0.010199424724043482,0.15179004622254605
foretinib,6,1260,0.037480406454844434,0.003409509420284824,0.02342171262303963
formestane,13,284,0.030913314164356276,0.005264288140956355,0.04933382064101379
formoterol,13,682,0.03948238740502114,0.004523411810242793,0.03183550425751605
forskolin,58,5340,0.053349526110006144,0.0018857405659769963,0.011377144971794482
fosfosal,2,25,0.13252815151447275,0.02361672677314224,0.1662776646416806
fosinopril,8,147,0.04494134790388299,0.015279294292463547,0.06857175317221187
fostamatinib,56,3070,0.05337183634762297,0.0015617918994412848,0.015004956227526739
foxy-5,3,45,0.08782131845275327,0.014418226639416795,0.12393605375957034
fraxetin,13,285,0.028307411517111372,0.009371893450452628,0.04924719402345111
fraxidin,13,210,0.04521789097570877,0.007056291133378989,0.057371244828550855
fulvestrant,14,107178,0.03492430703617087,0.00026273281569268587,0.0025395168353880976
fumonisin-b1,51,394,0.023311066824872554,0.0036605910298962902,0.04188473862716816
furaltadone,2,30,0.08160510613966387,0.018963053986206357,0.15179004622254605
furosemide,2,24,0.23205150993193358,0.01435358844906679,0.16970643083072406
fursultiamine,8,172,0.030041218987318735,0.0036892728728649482,0.06339276534025146
fusaric-acid,13,191,0.0490313596141715,0.005761352156593447,0.06015714778102485
gabapentin,2,25,0.15108596774151248,0.01421439961495653,0.1662776646416806
gabazine,13,936,0.015093559582807418,0.002177204291359624,0.027174777457774565
gabexate,13,678,0.02025888302364401,0.0027118593353328904,0.03192927619627192
gaboxadol,2,25,0.13716110134465956,0.008160865323645164,0.1662776646416806
galantamine,8,773,0.017432970849150287,0.0034969547080374508,0.029902959567608755
gallamine,2,24,0.17581806575721518,0.019932477436973902,0.16970643083072406
gallic-acid,3,40,0.08557183787612005,0.008850016563113237,0.13145403607033904
gamma-linolenic-acid,13,136,0.044705074008149846,0.01123728208025389,0.07129096056712197
ganciclovir,8,276,0.038055817738402095,0.005241017717006528,0.0500436962674954
gangaleoidin,3,180,0.023377380646441202,0.010073838029292057,0.06196802687978517
ganglioside,13,218,0.04807161419191564,0.004479090547051924,0.05630872241521197
garcinol,3,45,0.09670046732519148,0.009020516174672132,0.12393605375957034
gatifloxacin,9,617,0.022791891114825942,0.0037609909754704367,0.033470433600308706
gavestinel,13,173,0.04045127358899961,0.0060948611505960955,0.06320928372433764
gedunin,8,142,0.04778618751948044,0.007721500242868137,0.06976855823420344
gefitinib,19,5846,0.028173001113213535,0.0018066832289832557,0.010873629098827633
geldanamycin,61,590910,0.07200726716326718,0.00017729894461632025,0.0010815416551113552
gelsemine,8,164,0.040429187461847635,0.011457072574121523,0.06492052101285829
gemcitabine,51,9110,0.05134553705033077,0.0009784121461115978,0.00871053303342427
gemfibrozil,11,1822,0.022841122780667637,0.0018691093896887323,0.019477343982994118
genipin,8,138,0.07425299256938223,0.006460941535456521,0.07077247397277182
genistein,15,74301,0.02064049500506257,0.00026950322528716776,0.0030500474174502443
gentamicin,2,24,0.22153935804858174,0.027742446230064898,0.16970643083072406
geranyl-geranyl-pyrophosphate,3,45,0.06305006214776131,0.007417048493227017,0.12393605375957034
geranylgeraniol,15,235,0.031648894287943596,0.005497436098771353,0.05423379428376699
gestrinone,8,276,0.09429477379340524,0.008663392094083481,0.0500436962674954
gingerol,11,212,0.02238134988771458,0.004164127376013922,0.057099984468130596
ginsenoside,13,207,0.05501201615503163,0.005865876998012396,0.05778548302256468
gitoxigenin,13,272,0.0820640745892181,0.007937576967641571,0.05041032165431471
givinostat,13,176,0.2279623534225354,0.015583678390423005,0.06266825279920447
glafenine,2,24,0.2009250273049649,0.008309912666303128,0.16970643083072406
glibenclamide,55,3466,0.024899819735529526,0.0012492104799795261,0.014121786501747799
gliclazide,2,25,0.18152635774129455,0.019597282966007653,0.1662776646416806
glimepiride,13,1637,0.024408748124794426,0.00352132402808048,0.02054847426760682
glipizide,13,858,0.023706796354932183,0.0029538695876387554,0.0283831293658028
gliquidone,13,280,0.035093306626245165,0.006017910412859846,0.04968495546826164
glucosamine,3,45,0.09978333214283339,0.019513994614165874,0.12393605375957034
glutamine,4,937,0.02783526472803572,0.0028253037877157936,0.027160272638242236
glutamyldopamine,3,48,0.0857292457035131,0.006500904100108206,0.12000056805137077
glycocholic-acid,15,370,0.031270032886505365,0.006266091517434048,0.0432218208143313
glycodeoxycholic-acid,15,784,0.02114322371448244,0.0026635541899291022,0.02969244011458582
glycopyrrolate,9,670,0.030359355158004874,0.0037934952471931627,0.03211933309021405
goserelin,9,139,0.024629069277755017,0.004931006434456824,0.07051743720105612
gossypin,2,6675,0.027690724153890633,0.0009567250839619102,0.010176027818720956
gossypol,51,595,0.1267230966553388,0.010256320478117776,0.03408359826270172
granisetron,9,240,0.0337810466910761,0.00491275358356002,0.0536658855002909
graveoline,13,196,0.06491144830777192,0.006162480938796786,0.05938488022917164
griseofulvin,8,262,0.03881259363753224,0.0056091669936426634,0.051363342141118984
guaiacol,2,25,0.0910696200740072,0.009484628792816233,0.1662776646416806
guaifenesin,8,316,0.02807482905115379,0.003016520047328723,0.04676924717064745
guanaben-acetate,13,269,0.024106632765635856,0.004315691394984502,0.05069064071049454
guanabenz,13,1088,0.018651908817177362,0.0028345514279863766,0.025205160827157354
guanadrel,2,30,0.18743127388791014,0.015876677812398945,0.15179004622254605
guanethidine,2,24,0.17903045189361325,0.010212539738726024,0.16970643083072406
guanfacine,13,301,0.024904955801467312,0.008031540156249383,0.047920426288851486
guggulsterone,14,694,0.03940125442717464,0.004659694499627414,0.0315590691753591
haematoxylin-pentaacetate,4,72,0.0531695086660845,0.008733555273829732,0.09798005352332914
halcinonide,13,312,0.06616205505175415,0.0048431450024596446,0.04706809524124296
halofantrine,2,25,0.13648047069186425,0.012453768070515387,0.1662776646416806
halometasone,7,95,0.09318915245132772,0.009565539834401839,0.08529864217881968
haloperidol,9,852,0.02802716672482362,0.0034244032694320243,0.028482894627242027
haloprogin,2,30,0.1948322755162488,0.011187610855461699,0.15179004622254605
harmine,3,45,0.06584263716081228,0.012953992119229991,0.12393605375957034
harpagoside,13,154,0.041506797194347356,0.006781047167534717,0.06699518028638862
heliomycin,8,138,0.21236271131240625,0.010666971116000403,0.07077247397277182
heliotrine,8,164,0.036969809254714776,0.00639451592091665,0.06492052101285829
helveticoside,8,172,0.15918021189916043,0.010832000839639469,0.06339276534025146
hemado,13,202,0.05543420621135856,0.006207134282359296,0.05849627829268667
hemicholinium-3,3,453,0.11786851332652379,0.004005518602955609,0.039062030930475465
heptaminol,2,24,0.22870928726492862,0.011702412653552926,0.16970643083072406
heraclenol,13,169,0.029628477335690444,0.004590381867627018,0.06395294793910793
herniarin,13,206,0.04772405744762179,0.006604910964992295,0.05792556924758443
hesperidin,13,156,0.049697911978466444,0.008429877433236182,0.06656433864523432
hexachlorophene,3,45,0.1417642867579504,0.009434904679891082,0.12393605375957034
hexamethonium,2,24,0.22627733650075313,0.010747378194631556,0.16970643083072406
hexamethyleneamiloride,13,126,0.0791859710485056,0.01721576079521082,0.07406595859072196
hexamethylenebisacetamide,7,104,0.10529725499757052,0.020916675075672617,0.0815243323733237
hexestrol,2,30,0.12496583129986392,0.0076976078638174815,0.15179004622254605
hexetidine,2,30,0.14631054880611719,0.009800037717825614,0.15179004622254605
hexylcaine,13,248,0.031131224511707332,0.006256805781215781,0.0527932113169713
hexylresorcinol,8,167,0.03920706156499909,0.005318570402125538,0.06433475997562621
hinokitiol,13,147,0.15476630744157813,0.015962133825978015,0.06857175317221187
hippeastrine,13,151,0.04410433163007756,0.013802014071957584,0.06765742221841048
hispidin,14,687,0.03735211874915504,0.00290214449508051,0.031719442973409034
homatropine,9,5954,0.02819225029960043,0.00142097370457189,0.010774559044395067
homochlorcyclizine,8,293,0.02386820044626552,0.0031868501713345353,0.04857022444831813
homoharringtonine,13,3796,0.14166593534830682,0.0029634051951490533,0.01349400350730787
homosalate,13,303,0.05159276017485321,0.0077227238480951,0.04776201122297543
homoveratrylamine,9,139,0.04076939487336406,0.005296031218877371,0.07051743720105612
honokiol,7,104,0.08714148351311717,0.011115920862981979,0.0815243323733237
huperzine-a,13,1354,0.02847495233129148,0.00399700762606773,0.022594076163267904
hydralazine,13,241,0.03505856599697907,0.010427458857458409,0.053554429750696846
"hydrastine-(1r,-9s)",13,159,0.027998236044301336,0.005386741970077719,0.0659333828067973
hydrastinine,13,181,0.04622508213242133,0.0075455864213371075,0.06179660738990531
hydrochlorothiazide,2,24,0.2935096576789606,0.013228313710514203,0.16970643083072406
hydrocortisone,13,1996,0.02505613576459546,0.0019915791681384075,0.01860902640416908
hydrocortisone-acetate,8,95,0.08291174462012989,0.008360854545610322,0.08529864217881968
hydrocortisone-hemisuccinate,8,164,0.06709082528882858,0.007321914331080914,0.06492052101285829
hydrocortisone-phosphate,8,172,0.049512630559860826,0.0057873448361285326,0.06339276534025146
hydrocortisone-valerate,13,167,0.047544163127525234,0.006660364915535849,0.06433475997562621
hydrocotarnine,8,164,0.02463810913514329,0.003736547438177646,0.06492052101285829
hydroflumethiazide,9,4737,0.02370045698700493,0.0016046630222014881,0.01207959095417899
hydroquinidine,13,152,0.04213090554212066,0.005518810443788525,0.06743449765119443
hydroquinine,8,172,0.03392848514999909,0.0044055358266257534,0.06339276534025146
hydroxychloroquine,5,66,0.0788258913163793,0.00877588086805865,0.10233682828652971
hydroxycholesterol,15,246,0.06789735998672501,0.006118014135216826,0.05300738343904539
hydroxyfasudil,8,164,0.04436479121110497,0.0038617104631049164,0.06492052101285829
hydroxyl,10,20662,0.00901658971142239,0.0009743717569906922,0.005783859597562609
"hydroxytacrine-maleate-(r,s)",11,356,0.02733965546145038,0.0031317037531333218,0.04406349300314748
hydroxytyrosol,3,48,0.10251081537992551,0.012803816197070612,0.12000056805137077
hydroxyzine,2,24,0.2170406613784264,0.009765506114434327,0.16970643083072406
hymecromone,8,302,0.026590893727016392,0.005258651334136593,0.047841022048239444
hyoscyamine,13,882,0.02182540192727029,0.003320499779683972,0.02799430100666547
hyperforin,14,162,0.07047152540729196,0.005826104461234005,0.06532003568221943
hypericin,13,279,0.04272772339311267,0.0065102986036706155,0.04977391696379306
hyperoside,7,104,0.1020935101515098,0.018679267250112826,0.0815243323733237
ibandronic-acid,2,30,0.10717817261130068,0.011883534559748653,0.15179004622254605
ibrutinib,6,1260,0.05759093371870331,0.002790697638677826,0.02342171262303963
ibudilast,13,345,0.03792970251954457,0.0035300711115959543,0.04476044267978889
ibuprofen,8,632,0.02050375670562167,0.003272991180589669,0.033070851825354554
ibuprofen-(S),13,243,0.03444734987989026,0.005737834227805881,0.05333358580060923
ibutilide,2,30,0.12506929420965243,0.010687233669566792,0.15179004622254605
icariin,13,746,0.013023041302616384,0.003677490004775373,0.03043928920053633
ichthynone,11,315,0.10586780820540491,0.007426584627287533,0.04684342524607926
icilin,13,264,0.04031930038430216,0.009042121159919961,0.051168414143264854
icosapent,11,217,0.031439944241685364,0.004518116678660304,0.05643831688447523
idarubicin,51,5241,0.0986617387691558,0.0031250804604769688,0.01148409669943446
idazoxan,2,25,0.13725838790243003,0.014340926356502928,0.1662776646416806
idebenone,7,206,0.07003805455127768,0.00611927214646456,0.05792556924758443
idoxuridine,2,24,0.23211155752921594,0.009014282624979377,0.16970643083072406
ifenprodil,7,180,0.04358579860601965,0.005279687092375125,0.06196802687978517
ifosfamide,3,349,0.07632848519237344,0.004168787178714802,0.044503196626027884
ilomastat,13,270,0.035413835643841804,0.005459441426245156,0.05059668207418202
iloperidone,14,160,0.0379245245539088,0.007569785156001556,0.06572701803516952
iloprost,16,12241,0.016817803846080778,0.0008974762590187348,0.007514420110442056
imatinib,20,4154,0.031453274421069155,0.0016252939971703817,0.012899434584758777
imidazolidinyl-urea,2,25,0.1333468140957307,0.015244205800861724,0.1662776646416806
imiloxan,8,172,0.040433087162552166,0.01507468943373216,0.06339276534025146
imipenem,2,30,0.13898842959137697,0.016846403692455988,0.15179004622254605
imipramine,9,6790,0.027616020221947715,0.0012594134981620461,0.01008948579990682
imiquimod,54,443,0.017967175180239645,0.002652647610983027,0.03950045129231238
immepip,13,134,0.07304847697777711,0.0121146765111247,0.07182101218167701
immethridine,13,298,0.025728612597013808,0.003414631877708088,0.04816103245228519
imperatorin,13,153,0.037495649306824384,0.008659908044397303,0.06721376220575295
importazole,49,3723,0.08482688955718104,0.0022588705182401605,0.013625655439584583
indapamide,8,1718,0.021522145597617656,0.002130023235720714,0.02005821771167818
indatraline,7,102,0.07026451965761776,0.007284651924300988,0.08231971054842975
indinavir,7,97,0.08749039933424888,0.011480440107922376,0.08441469457065218
indirubin,8,1329,0.044093874101123726,0.001990883565329697,0.022805596186728255
indirubin-3-monoxime,13,301,0.06167487519434131,0.006740162728172975,0.047920426288851486
indole-3-carbinol,13,625,0.03317513716523432,0.004183890106891218,0.03325553292833612
indolophenanthridine,13,161,0.06629874718577111,0.0061178267832485145,0.06552257891462192
indometacin,8,714,0.026730943157626214,0.0027368831236537824,0.031113926015709368
indoprofen,8,293,0.026769027771256622,0.0037454208149689267,0.04857022444831813
ingenol,52,5273,0.10225980691868299,0.001883336932197316,0.011449197179573644
inhibitor-BEC,51,403,0.04513321890816044,0.004180140582377617,0.041414402260071405
iniparib,4,972,0.03413986375034898,0.003146539124746316,0.026666792900304614
iobenguane,13,260,0.06243889014588269,0.007356091810677429,0.05156051500486066
iocetamic-acid,8,302,0.029498527011741865,0.003820784549342017,0.047841022048239444
iodixanol,2,25,0.11273317884342103,0.00857335962771087,0.1662776646416806
iodoacetic-acid,8,121,0.11399367867135794,0.011099735120112034,0.07558075665530938
iodophenpropit,13,173,0.06995215464611847,0.006078695739533567,0.06320928372433764
iohexol,2,30,0.14805356089663874,0.007682496365485175,0.15179004622254605
ionomycin,3,21,0.29671948076923255,0.01675569000314924,0.18142380585737705
iopamidol,2,25,0.16371553706322592,0.010323381251686178,0.1662776646416806
iopanoic-acid,13,446,0.04935124306313436,0.004017477465099926,0.03936737808548773
iopromide,2,25,0.1764655930976448,0.012211648321194498,0.1662776646416806
ioversol,2,25,0.13699177908757496,0.009327901622230845,0.1662776646416806
ioxaglic-acid,13,218,0.055227573840729155,0.007657356671227968,0.05630872241521197
ipidacrine,7,104,0.07785785239346309,0.014354061410595519,0.0815243323733237
ipratropium,13,3213,0.01803139178006195,0.0018202874370707599,0.01466724538336309
ipriflavone,7,102,0.06604384671617025,0.006594054789372084,0.08231971054842975
iproniazid,8,264,0.041424787037412605,0.005414926622011759,0.051168414143264854
ipsapirone,8,316,0.040259340543278815,0.003306661519190472,0.04676924717064745
irbesartan,13,737,0.04411298326109658,0.004103713050230142,0.030624582493037122
iriflophenone,4,82,0.047581054390331834,0.006989309678775399,0.0918114812927117
irilin-a,13,183,0.027580399696244245,0.004388291616773643,0.061457993293890685
irinotecan,13,705,0.1146103307664089,0.0043566056566510915,0.03131189572890766
irsogladine,13,838,0.034795229925009205,0.005898190443907807,0.028719833067356117
isamoltane,13,218,0.03768948392625143,0.006283659264302835,0.05630872241521197
iso-olomoucine,8,172,0.03010416968564221,0.005372332776382343,0.06339276534025146
isocarboxazid,13,277,0.0341308272686676,0.0061129192855551824,0.04995328301159384
isoeugenol,4,135,0.09304415407953155,0.010371700426197455,0.07155451400038787
isoflupredone,2,24,0.2031031509994845,0.010652274451045374,0.16970643083072406
isoflupredone-acetate,13,205,0.0670683002143927,0.008454936601194481,0.05806667924778186
isogedunin,8,172,0.026755122299572668,0.004833791737133796,0.06339276534025146
isoliquiritigenin,51,405,0.07407515140651905,0.0034684343125416955,0.04131201791985678
isometheptene,2,25,0.141434674608749,0.008503393830039958,0.1662776646416806
isonicotinamide,3,45,0.12027642964115294,0.012832811698187355,0.12393605375957034
isonicotinohydroxamic-acid,11,25503,0.014598621784359826,0.0003587256139667341,0.005206049403982774
isoprenaline,2,25,0.14148121183044923,0.007737343175367671,0.1662776646416806
isoquercetin,7,97,0.08764705654751379,0.011188558482076122,0.08441469457065218
isoreserpine,13,168,0.08175153165286703,0.013888902938795421,0.06414300169521149
isorotenone,13,162,0.061210804298677396,0.0073891932964935065,0.06532003568221943
isosalsoline,3,48,0.050324664171670766,0.010759239831343666,0.12000056805137077
isosorbide,2,121,0.0848294078640929,0.008864382221570896,0.07558075665530938
isotretinoin,15,726,0.051675624497636324,0.00306448376293012,0.030855714696495284
isoxicam,13,460,0.022108796379139015,0.004592696304580152,0.038763680445334396
isoxsuprine,13,980,0.02899861754804543,0.002360705879938597,0.026557725805622216
ispinesib,13,164,0.0939152317954083,0.007483137638706152,0.06492052101285829
isradipine,11,776,0.022558943827005268,0.003765161340419998,0.029845101481349695
itdac-1,3,40,0.11822167757079642,0.010854523922796238,0.13145403607033904
itopride,7,197,0.040806793268283466,0.007214812977602523,0.05923396542299347
itraconazole,51,1090,0.03432989467724161,0.006358822062916245,0.02518202620931602
ivachtin,13,217,0.04290902050453452,0.00478199378908449,0.05643831688447523
ivermectin,12,288,0.09355108527087617,0.006727859070778863,0.04899002676166457
ixazomib,52,768,0.15572150695360001,0.0050141237299910196,0.030000142012842693
josamycin,2,24,0.26043451693933245,0.00906460417263013,0.16970643083072406
kaempferol,3,48,0.09109087604777012,0.005993941247776039,0.12000056805137077
kanamycin,2,24,0.24295186889385312,0.016736558210524947,0.16970643083072406
karakoline,8,142,0.04637728390299027,0.00528327045080753,0.06976855823420344
kavain,15,231,0.021316414214778624,0.004884785785754847,0.0547013356424729
kawain,8,172,0.031334103477203126,0.005303637646607522,0.06339276534025146
kenpaullone,16,460,0.11677466935118826,0.00784134635020098,0.038763680445334396
ketanserin,13,266,0.03494000092563253,0.005744922534380882,0.05097568873475135
ketocholesterol,3,45,0.07950586647594848,0.012661469660764018,0.12393605375957034
ketoconazole,8,465,0.04836444027096442,0.0033162860830114153,0.03855471029525627
ketoprofen,13,279,0.049212669042275344,0.004678496334169791,0.04977391696379306
ketorolac,13,933,0.03585722972839408,0.005247699720071054,0.027218431746891928
ketotifen,14,1992,0.01643877267051784,0.002150877773133166,0.018627700795626
khellin,2,24,0.308108636452734,0.01623692103982315,0.16970643083072406
kinetin,2,30,0.15087324231647714,0.01594424496905673,0.15179004622254605
kinetin-riboside,52,989,0.08758942856085615,0.004952078067104652,0.02643661064076034
kitasamycin,7,88,0.08155304346484106,0.012015153766040503,0.08862629303886066
kynuramine,13,165,0.03729045505186664,0.0061664092831880775,0.06472349318059607
l-buthionine-sulfoximine,4,972,0.01998814351990214,0.0022687148666927005,0.026666792900304614
labetalol,13,2108,0.01775895458880179,0.001975817234187236,0.01810792209198013
lacidipine,7,204,0.0847385713455642,0.0062470712737943525,0.05820882555410844
lactotensin,3,48,0.08774877718979504,0.01051118127570798,0.12000056805137077
lamivudine,9,695,0.026335299490664398,0.0038073213962014165,0.03153635663612679
lamotrigine,13,498,0.03053146575510342,0.0058338688092325,0.037255401591252
lanatoside-c,3,87,0.2440460560810231,0.014768695364322432,0.08913418426295049
lansoprazole,10,213,0.06044233542296587,0.0138095789254391,0.056965789254484055
lapatinib,19,3492,0.03812891096233356,0.002029247707177573,0.014069115761775363
larixinic-acid,9,141,0.031129888839206643,0.005072269760227898,0.07001552735422285
lasalocid,13,603,0.07680262916062615,0.005782198931859079,0.0338567498302303
latamoxef,2,25,0.14203858146677475,0.0071875922515253834,0.1662776646416806
latanoprost,7,104,0.09160051711474339,0.012422564496392808,0.0815243323733237
latrepirdine,8,131,0.03541045310146113,0.005804786278942832,0.07263873506478
latrunculin-b,13,573,0.1021868658028062,0.0052976744205301685,0.034731745465054795
laudanosine,8,172,0.03624232903269252,0.005423629410081438,0.06339276534025146
lavendustin-a,13,162,0.028259630559983255,0.0058157806642574325,0.06532003568221943
lavendustin-c,14,171,0.08822890984968809,0.017027811058199324,0.06357785410009052
lawsone,13,199,0.057528063687520954,0.006752588386345961,0.058935555638583256
leflunomide,13,342,0.06052063547846632,0.005548352418143903,0.044956331767462956
lenalidomide,55,1037,0.020303485773228554,0.002303907089808687,0.025817521204128634
leoidin,13,128,0.049644958257127364,0.006586499610918948,0.07348504014249686
lestaurtinib,15,461,0.09823593451208458,0.0062490383268151255,0.038721614583300895
letrozole,8,719,0.013183434227210718,0.002122726226037968,0.031005552555069454
leu-enkephalin,8,152,0.040179055700480214,0.006090593762347868,0.06743449765119443
leucodin,13,292,0.017786768238495496,0.004307457184263976,0.04865332155688944
leucovorin,2,25,0.11629769392816583,0.014498701740541745,0.1662776646416806
levalbuterol,2,25,0.1238039824797389,0.012898588651344878,0.1662776646416806
levcromakalim,13,213,0.040985664407906734,0.0039250422474091115,0.056965789254484055
levetiracetam,7,206,0.03900575899451933,0.0067309631173431625,0.05792556924758443
levisoprenaline,2,25,0.1798833483869966,0.015781610721897158,0.1662776646416806
levobunolol,2,25,0.1378322879181013,0.009479141069640666,0.1662776646416806
levocabastine,13,240,0.037309694819196715,0.0060606517029118045,0.0536658855002909
levocetirizine,7,104,0.06824220996124557,0.0102553410116153,0.0815243323733237
levodopa,2,24,0.2725536253116632,0.009954752485690064,0.16970643083072406
levofloxacin,7,104,0.06647330458404038,0.016160152122393252,0.0815243323733237
levomepromazine,13,312,0.031016645416072682,0.005436991579330643,0.04706809524124296
levonorgestrel,13,1191,0.07569668260940336,0.004002393351823241,0.02409062347369201
levopropoxyphene,2,25,0.15582276712062906,0.015639461642712932,0.1662776646416806
levosulpiride,7,103,0.07967168358031113,0.014233165551515619,0.08191912563811578
levothyroxine,2,30,0.1909369970436112,0.02223134942945797,0.15179004622254605
licochalcone-a,3,45,0.11749489275313614,0.010999293141181669,0.12393605375957034
lidocaine,13,698,0.020623909895294692,0.0032048353852879787,0.031468512118742596
lidoflazine,13,238,0.03167543285623947,0.005291245415931906,0.05389090068214771
limonin,13,205,0.029236115632594796,0.004720869841221704,0.05806667924778186
lincomycin,2,24,0.18897806674515397,0.011490580674827828,0.16970643083072406
linezolid,13,738,0.02958213628079115,0.00448253289165978,0.03060382709757057
linifanib,19,1575,0.058027544007102215,0.005103756331469265,0.020949016629832607
linoleamide,13,210,0.047314785772540266,0.0053778089086652355,0.057371244828550855
linoleic-acid,8,163,0.02957467837969052,0.005044569608651458,0.06511935921509471
linopirdine,9,635,0.028011782542058203,0.003962455589194241,0.03299263921647005
linsitinib,56,1839,0.04126079160830832,0.0016737387570321233,0.01938710917484355
liothyronine,8,302,0.044131278156021726,0.0037696655946075964,0.047841022048239444
liquiritigenin,8,171,0.04221793523203318,0.007908881326327525,0.06357785410009052
lisinopril,2,24,0.24482144122476196,0.010333846245905116,0.16970643083072406
lisuride,13,148,0.03394616071485291,0.0070761517947370445,0.06833969919648027
lithium-chloride,3,45,0.0661389299900015,0.008418928951912865,0.12393605375957034
lithocholic-acid,15,376,0.07500445345311645,0.01173108168902224,0.04287557902243098
lobaric-acid,8,167,0.03158977220310237,0.005759786741847676,0.06433475997562621
lobelanidine,13,212,0.05271861791762525,0.007809039458418418,0.057099984468130596
lobeline,7,95,0.03974105758367332,0.004444942400219927,0.08529864217881968
lobendazole,13,287,0.07116888303628953,0.01459359534306594,0.04907530102421889
lofepramine,7,104,0.0727726399453135,0.013963951699932978,0.0815243323733237
lofexidine,9,270,0.032187528680419845,0.004412853015914914,0.05059668207418202
lomatin,8,172,0.0829239516232061,0.008416983570781618,0.06339276534025146
lomefloxacin,2,24,0.20226312061335366,0.010721869418309302,0.16970643083072406
lomerizine,7,104,0.08748115211478655,0.019860478613029416,0.0815243323733237
lomifylline,7,88,0.07896774582205847,0.013030988186996545,0.08862629303886066
lonidamine,55,1154,0.03125567117725534,0.002178257065348711,0.024473777994629246
loperamide,57,2042,0.028619429887476375,0.003041111268272695,0.0183982303364712
lopinavir,14,171,0.052438271379209866,0.019684107479104974,0.06357785410009052
loracarbef,2,30,0.1314331386284183,0.009762057381491827,0.15179004622254605
loratadine,7,206,0.055122254051334946,0.005252926550142451,0.05792556924758443
lorazepam,7,104,0.113034921768642,0.016537957298992767,0.0815243323733237
loreclezole,13,131,0.034956391813328075,0.006931911114238204,0.07263873506478
lorglumide,2,25,0.13612789743596654,0.010027475490709453,0.1662776646416806
losartan,55,2050,0.018532507220727475,0.0016082746076840006,0.01836229625854234
loteprednol,7,104,0.106910397255812,0.009309946543936819,0.0815243323733237
lovastatin,58,2646,0.06773913321953969,0.0031529219975593567,0.016162517221973722
loxapine,13,862,0.02253145276062069,0.005265583229031889,0.028317198662672353
loxoprofen,7,104,0.047868881736554306,0.006323327464640549,0.0815243323733237
lumicolchicine,13,251,0.03536270951601857,0.006094461906560563,0.05247676564100114
lupanine,13,296,0.03983182681488474,0.007625458793276883,0.04832346472608005
luteolin,2,380,0.31081569131166187,0.003254218875301233,0.04264932108940984
luzindole,15,283,0.037552781289997825,0.007611923949459211,0.04942090600560067
lylamine,13,170,0.12520587595809582,0.010244067847649462,0.06376457360373668
lymecycline,2,25,0.12964571456384058,0.017469465910952404,0.1662776646416806
lynestrenol,2,24,0.20520675462101404,0.012873319546209787,0.16970643083072406
lypressin,14,169,0.06535468777403713,0.007546456950241163,0.06395294793910793
lysergol,13,191,0.08585014809716238,0.03227001863973496,0.06015714778102485
lysylphenylalanyl-tyrosine,4,90,0.05643427948220128,0.007722998113753955,0.0876360240468927
m-3M3FBS,55,1177,0.04790731528161771,0.005071620014440984,0.024233474674291603
m-chlorophenylbiguanide,13,149,0.022005023348524173,0.006369593889267601,0.06810998527191248
maackiain,13,209,0.06925494395418857,0.00818413884017127,0.05750833282526153
mafenide,9,750,0.04705461905227233,0.00289558161947556,0.03035800924450921
malonoben,15,342,0.15130603569939136,0.008542364013257822,0.044956331767462956
mammea-a,13,194,0.07234501446033731,0.007557695661003714,0.05969020296269939
manumycin-a,48,4634,0.14871961850061466,0.002830843875579559,0.012213099796508043
maprotiline,13,1590,0.02788346268289376,0.0026816035909295556,0.020849966350926497
maraviroc,51,405,0.013036230122358747,0.004017091770575633,0.04131201791985678
marbofloxacin,8,138,0.04370921452858521,0.005679941229628649,0.07077247397277182
marmesin,8,172,0.0313820193145069,0.0039059199837841786,0.06339276534025146
masitinib,19,1603,0.025069723491720968,0.0021869997283501174,0.02076524977535458
mead-acid,13,155,0.024434683345379564,0.0041311319323226285,0.06677871710248273
mead-ethanolamide,13,215,0.03976970669346932,0.004827368035159028,0.05670021303299794
mebendazole,14,17847,0.06930861879999092,0.0009529903929479602,0.006223308192192101
mebeverine,13,414,0.041301303389406956,0.006510287088031723,0.0408605068993956
mebhydrolin,2,30,0.15161750410242386,0.0111865385251971,0.15179004622254605
mecamylamine,2,25,0.13905909175689493,0.01133810729415327,0.1662776646416806
mecillinam,7,104,0.04264900434753731,0.005399797683492263,0.0815243323733237
meclizine,13,865,0.02018879845406033,0.0025368218749365784,0.02826805104333801
meclocycline,13,360,0.05510026473456117,0.007250524713551954,0.04381801202344635
meclofenamic-acid,13,784,0.021030311151422,0.003171292174426921,0.02969244011458582
meclofenoxate,2,30,0.16835389341668713,0.011637574014195828,0.15179004622254605
medetomidine,8,167,0.03814550095141754,0.00976264631195304,0.06433475997562621
medroxyprogesterone,9,1323,0.08494768468251106,0.003627331124244968,0.022857251057403955
medrysone,13,1816,0.04114574222128254,0.0024701613800089763,0.019509493678573957
mefenamic-acid,14,3724,0.027099284770259285,0.002755147874428894,0.013623825878590826
mefexamide,13,263,0.048779384837543904,0.005518244066240455,0.05126560020261291
mefloquine,8,264,0.046514496295237066,0.005522616945479643,0.051168414143264854
megestrol,8,1604,0.04092709749752565,0.0032062684245145194,0.02075877580800305
megestrol-acetate,4,96,0.08268442122008812,0.006696126633263578,0.08485321541536203
meglumine,2,20,0.17400429892549102,0.018048269321472857,0.1859040806393555
melatonin,4,1326,0.022179642217815997,0.0025748286935956535,0.02283137979720902
melengestrol,2,25,0.2077666983937263,0.022172808499030403,0.1662776646416806
meloxicam,13,812,0.030245413613605686,0.0038048912332152487,0.02917601045665087
melperone,13,606,0.0348740107034842,0.004330343054734298,0.033772842018873914
memantine,8,629,0.02588115947278383,0.0029716517637564687,0.03314962331882665
menadione,56,8615,0.06076258915120529,0.0012800984417415827,0.008957282669574934
mepacrine,51,5562,0.05424078407677881,0.002463687495635147,0.011147780999351726
mepenzolate,2,30,0.13148099607259484,0.014436442680021963,0.15179004622254605
mephenesin,2,24,0.18320201233050623,0.01205275369548283,0.16970643083072406
mephentermine,13,452,0.02072679347790078,0.003965283504087988,0.03910521726862958
mephenytoin,8,289,0.023801490403667656,0.003292928240145027,0.04890519548284724
mepireserpate,8,167,0.09848991145882821,0.023172885173650872,0.06433475997562621
mepivacaine,9,246,0.04647048625955866,0.005515910236713271,0.05300738343904539
meprylcaine,13,245,0.02423222294331983,0.005482363104544639,0.05311545161124443
meptazinol,13,303,0.025826884741907807,0.0040145191961578385,0.04776201122297543
mepyramine,13,289,0.03234978900009184,0.0052766809433477625,0.04890519548284724
merbromin,2,30,0.12295575393920043,0.01783015181966555,0.15179004622254605
mercaptopurine,8,524,0.05242579354860525,0.0033388227465860937,0.03631936753239
merck-ketone,9,156,0.18243465699759914,0.011143663097705918,0.06656433864523432
meropenem,8,690,0.02012299912745013,0.002894778909805427,0.03165041254779048
mesalazine,7,184,0.05616116568079829,0.009449918398817904,0.0612907603490934
mesna,8,275,0.026011897462603767,0.0044398222419113585,0.050134602239363585
mesoridazine,55,2047,0.012886630277607515,0.003001602115799914,0.01837574684971862
mestanolone,7,104,0.17167117691304282,0.017248378213130376,0.0815243323733237
mestinon,8,844,0.032025220884827246,0.0027724165924346857,0.028617566274707892
mestranol,13,1508,0.02550061295324399,0.002332630673509508,0.021409338550423068
mesulergine,8,172,0.020022073085495674,0.00697236863018069,0.06339276534025146
met-leu-phe,8,172,0.025730141229540905,0.0035742686942485395,0.06339276534025146
metacycline,2,25,0.1456884637300364,0.018928799441177833,0.1662776646416806
metamizole,2,30,0.11186605524676024,0.007717004642655229,0.15179004622254605
metanephrine,8,172,0.02886608637165546,0.0027048402552144147,0.06339276534025146
metaraminol,2,24,0.21360433071939128,0.014969083605814988,0.16970643083072406
metaxalone,13,164,0.05112362649171776,0.007924595032401513,0.06492052101285829
metergoline,13,957,0.03156902122518111,0.0031361417020954927,0.02687496774496434
metformin,12,4989,0.023191532073117947,0.0014575300895214522,0.011770561169119132
methandriol,7,104,0.12381815960013773,0.013900390419787157,0.0815243323733237
methantheline,13,303,0.022281448798716855,0.005098031240849751,0.04776201122297543
methapyrilene,8,669,0.023785739160855437,0.0026844888834668583,0.03214332960688982
methazolamide,8,275,0.051219085304515556,0.006231922142952814,0.050134602239363585
methenamine,2,25,0.11904613563250513,0.014720704868976675,0.1662776646416806
methiazole,6,383,0.10175783636256053,0.005058905584155193,0.04248195881759507
methimazole,8,282,0.03071013569083184,0.006133721252316776,0.04950845418052319
methocarbamol,13,265,0.03065330783241617,0.0052202200522798205,0.05107177871396887
methoprene-acid,15,236,0.04406183466530847,0.005173801916047485,0.054118770200337604
methotrexate,8,1362,0.05078694761582859,0.002916004179107035,0.02252762285415595
methoxamine,2,30,0.14650525200748804,0.010789436643456917,0.15179004622254605
methoxsalen,8,1360,0.025185080895611615,0.0022989186937739225,0.02254418119733547
methoxypyruvic-acid,3,48,0.07305931239955103,0.004687607423540153,0.12000056805137077
"methyl-2,5-dihydroxycinnamate",13,279,0.07446671441545047,0.0068858463161785175,0.04977391696379306
methyl-angolensate,4,82,0.05023610704438831,0.005753066165689423,0.0918114812927117
methyl-benzethonium,2,25,0.19637209266760705,0.01962369184819918,0.1662776646416806
methyl-dopate,2,25,0.1604709648558592,0.012827440870888216,0.1662776646416806
methyl-everninic-acid,4,82,0.05154053194711734,0.006906229406650213,0.0918114812927117
methyl-fasudil,2,2916,0.02840982646699781,0.0013690308964190278,0.015396080059414872
methyl-hydantoin,2,20,0.15608668683816482,0.017371129263329354,0.1859040806393555
methylatropine,2,21,0.12995627314070038,0.008321539819272498,0.18142380585737705
methyldopa,2,24,0.309290627286957,0.020929340603078078,0.16970643083072406
methylene-blue,52,4844,0.0426623360051052,0.0027193654364380143,0.011945431806079999
methylergometrine,13,915,0.023660722150260206,0.003015262131643754,0.027484850153173156
methyllycaconitine,13,207,0.03558701929277408,0.005376914603044763,0.05778548302256468
methylnorlichexanthone,4,82,0.06995278821748803,0.007709048818045103,0.0918114812927117
methylprednisolone,9,131,0.052725171804267786,0.005867403959132581,0.07263873506478
methyltyramine,3,48,0.07358642815998476,0.0074676527747076634,0.12000056805137077
methysergide,13,1058,0.01776020824981735,0.0021969143006634853,0.0255600139626076
meticrane,4,4225,0.027696819152294865,0.0009763409104072048,0.012790589587821585
metixene,8,311,0.044788796860038955,0.0038366606293009356,0.047143706687962535
metoclopramide,13,265,0.03529092090806633,0.0054538252662151565,0.05107177871396887
metolazone,13,412,0.03600218786738562,0.004556281479894079,0.04095956281905789
metoprolol,13,289,0.03151595474741347,0.004333195185253717,0.04890519548284724
metrifonate,4,4284,0.03249762764748867,0.0014283739787810344,0.012702207105532463
metrizamide,8,316,0.031723034900786526,0.003968295073004158,0.04676924717064745
metronidazole,7,97,0.08117156058107639,0.014978457354506364,0.08441469457065218
metyrapone,8,297,0.02228025250459906,0.004097267763778809,0.048242043497685634
mevalonic-acid,3,48,0.0727070454239915,0.004466133350297742,0.12000056805137077
mevastatin,14,804,0.08859996649041328,0.005909647259770146,0.02932080544255392
mexiletine,13,866,0.023769866725005792,0.003933419638096486,0.028251725283360424
mianserin,13,246,0.029448704916022254,0.007975835649093434,0.05300738343904539
mibefradil,13,1057,0.07009534419730794,0.0030643712045209065,0.0255721019339443
miconazole,2,24,0.24562428157232433,0.013174824655244522,0.16970643083072406
micropenin,8,147,0.027806059643008967,0.0059144162998080166,0.06857175317221187
midazolam,7,104,0.07224649236519505,0.008374178596895423,0.0815243323733237
midodrine,13,2080,0.01567418287263444,0.002252181488900712,0.018229394900703855
midostaurin,13,176,0.130398910519551,0.00962369411999505,0.06266825279920447
mifepristone,15,1579,0.03370076141806387,0.0024992338531465404,0.020922465267287426
mifobate,8,172,0.037780620119523906,0.00498951839459875,0.06339276534025146
miglitol,7,194,0.062405895011961664,0.009654722450709419,0.05969020296269939
milnacipran,7,104,0.06142494761446599,0.010490271955927485,0.0815243323733237
milrinone,13,815,0.03287774803926824,0.0033897755146652213,0.02912226277123582
minaprine,8,293,0.027467862018077115,0.0030273461615425152,0.04857022444831813
minocycline,2,24,0.2780699720399892,0.011401017090884666,0.16970643083072406
minoxidil,57,2282,0.020733853982024632,0.0024066614691550924,0.017403880816367488
mirin,14,158,0.10702297208603666,0.01092573661879297,0.06614170365070911
mirtazapine,13,1801,0.018449952460779608,0.0023778352763257934,0.019590569635366255
misoprostol,2,25,0.09796085877054966,0.014154850924939854,0.1662776646416806
mitomycin-c,13,748,0.08671950005825027,0.00714826712361474,0.030398567725179963
mitotane,13,457,0.02892346508762304,0.0036541660624166633,0.03889070540766323
mitoxantrone,11,11444,0.09803337843630128,0.0016077963425928563,0.007771681536280944
mizolastine,2,30,0.17247394154622991,0.010067539552927085,0.15179004622254605
mocetinostat,14,131,0.18217168887962784,0.011515706362881038,0.07263873506478
mocimycin,13,169,0.05335170464598462,0.007328271315871388,0.06395294793910793
moclobemide,7,180,0.09874728511782366,0.010743859922412684,0.06196802687978517
modafinil,13,719,0.027282977432341544,0.003859220345587614,0.031005552555069454
moexipril,13,215,0.03107941651215561,0.004356359921150492,0.05670021303299794
mofezolac,13,161,0.04598957759286139,0.009746938345196637,0.06552257891462192
molindone,8,908,0.024919537997414205,0.0020962354468785577,0.027590590555271452
molsidomine,13,294,0.05187024778396343,0.0049199942158463465,0.04848755166592116
mometasone,13,323,0.057825020304629084,0.004276511452380949,0.046259683747902715
monastrol,13,161,0.02550086850992684,0.011155277771841322,0.06552257891462192
monensin,2,30,0.10029542557665348,0.010067348990268642,0.15179004622254605
monobenzone,2,25,0.18183851129257633,0.021363345401770054,0.1662776646416806
montelukast,8,627,0.03020718989711052,0.0024710933494012572,0.033202451437311334
moracizine,8,302,0.025657509305705425,0.004039978897345728,0.047841022048239444
morantel,4,4284,0.04878472774012142,0.00196144926115311,0.012702207105532463
morin,2,6675,0.052472661702593036,0.0010166155020971033,0.010176027818720956
moroxydine,2,24,0.24672114803361042,0.010386287425643978,0.16970643083072406
morphothebaine,13,160,0.05552129550578462,0.007630717279408083,0.06572701803516952
mosapride,14,532,0.03670005747300757,0.00466751593071794,0.036045255179997376
motesanib,19,3516,0.02491288524021051,0.0011222409591577652,0.014021016079918507
moxifloxacin,14,710,0.022090918602789805,0.0038592590649859813,0.031201447780766316
moxisylyte,4,4225,0.04184384923038354,0.001630808256356272,0.012790589587821585
moxonidine,13,658,0.017350656515683273,0.0036398355741373892,0.032410891260357205
mupirocin,8,147,0.028043837844211533,0.005413212672851485,0.06857175317221187
mycophenolate-mofetil,13,167,0.09146152328101578,0.012044690369079885,0.06433475997562621
mycophenolic-acid,14,1054,0.10483358979417147,0.0048706642743896345,0.025608469008873685
myricetin,8,8574,0.02102301043056725,0.0008195858375442413,0.008978673537293945
myriocin,51,391,0.017328473355451353,0.004039337443565843,0.0420451147287124
n-acetyl-l-leucine,2,25,0.1394086457212987,0.01817134030680437,0.1662776646416806
n-bromoacetyltryptamine,3,24,0.22640922159026936,0.01463230464376687,0.16970643083072406
n-methylphenothiazine,3,48,0.08469448529795338,0.008246951460617786,0.12000056805137077
nTZDpa,13,218,0.046132336962334916,0.005337274320029081,0.05630872241521197
nabumetone,8,302,0.024333907928707717,0.0032774570342626766,0.047841022048239444
nadide,2,30,0.09879736390721032,0.01277567170069888,0.15179004622254605
nadifloxacin,2,25,0.12543833944381277,0.017930552000810975,0.1662776646416806
nadolol,13,2190,0.01733428423790942,0.0015610292818222084,0.017765681142840474
nafadotride,13,736,0.031125073558699184,0.002832193212062817,0.0306453801745467
nafcillin,13,1262,0.021437258472589753,0.0028850915594817554,0.02340314606235476
nafcilline,2,25,0.13346789742958312,0.015372107576085089,0.1662776646416806
naftidrofuryl,13,451,0.04772783428407231,0.007685092089357824,0.03914854716255172
naftifine,13,334,0.022564608361045253,0.003690592053425668,0.045491545044774186
naftopidil,7,193,0.043727056248594076,0.006466505693262837,0.059844641003395496
nalbuphine,13,1553,0.009645438480608032,0.0030788284930401,0.021096878062502104
nalidixic-acid,2,30,0.14685568436277124,0.014357860107564823,0.15179004622254605
naloxone,13,4733,0.013348484200863672,0.0011881509565894923,0.01208469428814311
naltrexone,14,4725,0.014028766458480092,0.0014689023468019277,0.012094920390491802
naltriben,13,216,0.03107173707929707,0.00400549336807202,0.05656881027690802
naltrindole,13,587,0.03223699199617341,0.003711700794860977,0.03431506848291065
nandrolone,7,104,0.14468798635604374,0.014577161845197919,0.0815243323733237
napelline,8,172,0.04721901406807771,0.005824179171814458,0.06339276534025146
naphazoline,13,239,0.04244491507073483,0.006398690057594346,0.05377804003328176
naproxen,13,1210,0.01945061289308308,0.002276595010243434,0.023900733830970737
naproxol,13,301,0.07313017874141109,0.013710003012906395,0.047920426288851486
narciclasine,47,4098,0.1471319548196135,0.003395578493396396,0.012987272216331764
naringenin,13,261,0.059075991941576714,0.014028844060796051,0.05146164527821216
naringin,8,172,0.037244652075983306,0.003729867594651317,0.06339276534025146
nateglinide,13,487,0.01799247882277059,0.0027102782435891905,0.0376738010473294
navitoclax,51,390,0.021980749193420496,0.002482567183262766,0.04209898421234144
necrostatin-1,55,1060,0.023719483529537688,0.0019764943282369806,0.025535889356984434
nefazodone,13,506,0.03209296755085965,0.004465128862993748,0.03695971912609727
nefopam,13,295,0.02621115027474049,0.0049766762053973625,0.04840529961065791
nelfinavir,14,537,0.05136812761172764,0.003869414303460188,0.03587705428470452
nemonapride,14,494,0.05381875541897966,0.004581369697258233,0.0374059290794673
neomycin,2,24,0.20743878305317773,0.011914995914499371,0.16970643083072406
neostigmine,2,30,0.15152790382110604,0.015708710780865266,0.15179004622254605
neratinib,56,3033,0.09023025468477133,0.0026888860832164304,0.015096202590821714
neurodazine,14,164,0.05908027423250932,0.006257689684696292,0.06492052101285829
nevirapine,8,499,0.017945891623324446,0.003959779833170949,0.03721805280833816
niacin,11,347,0.04514082097906777,0.004235265727690423,0.04463126364366352
nialamide,9,175,0.031246840502503585,0.007411908264165972,0.06284704988949782
nicardipine,51,3575,0.014110679394174805,0.0019323536717198962,0.013904836849924395
nicergoline,13,393,0.042895967046430235,0.008021618974364826,0.04193799324324463
niclosamide,58,8550,0.06702092567139034,0.0016786082834718888,0.00899126635349259
nicorandil,7,180,0.047271671524799413,0.009119828412021202,0.06196802687978517
nicotinamide,12,282,0.04868039949069333,0.00789924767011716,0.04950845418052319
nicotine,8,667,0.013288018775157692,0.0026660138512527866,0.032191484434798315
nicotinyl-alcohol-tartrate,9,141,0.027692470318317994,0.005003075805495102,0.07001552735422285
nifedipine,55,2014,0.022794159606457205,0.001820721983858144,0.018525681253929224
nifekalant,7,104,0.05290322910610798,0.006096449073893323,0.0815243323733237
nifenazone,2,24,0.28963955372682515,0.01654354115021484,0.16970643083072406
niflumic-acid,8,264,0.0330649787383916,0.0055479477382072125,0.051168414143264854
nifuroxazide,2,30,0.19751198950888357,0.012275979628423288,0.15179004622254605
nifurtimox,13,167,0.0209089948390063,0.005320137278901019,0.06433475997562621
niguldipine,57,1069,0.06420995049577402,0.003894013337265785,0.02542816775922852
nikkomycin,13,170,0.020840633675157334,0.0057221486341173175,0.06376457360373668
nilotinib,19,3750,0.038545235899844564,0.0018645753431220968,0.013576514466457926
nilutamide,13,274,0.02364823476095028,0.0040557808958333556,0.05022600541869262
nimesulide,13,264,0.03277999725320268,0.006310442637311108,0.051168414143264854
nimetazepam,7,104,0.04307436076873943,0.005247276597061064,0.0815243323733237
nimodipine,57,2718,0.018209494482924374,0.002481004417108241,0.015947007349413147
nintedanib,6,1126,0.033583633905754036,0.0031785926210950084,0.02477620155272481
niridazole,8,283,0.03138425211225636,0.005644203440162347,0.04942090600560067
nisoldipine,7,192,0.05946140709830332,0.008687357974917407,0.060000284025685385
nisoxetine,14,287,0.03499855684709178,0.005557044451166863,0.04907530102421889
nitazoxanide,7,104,0.14112914565979248,0.013455336108310581,0.0815243323733237
nitrarine,8,172,0.029325616876213864,0.00468561690924685,0.06339276534025146
nitrazepam,7,104,0.06090424788392943,0.006673174715267554,0.0815243323733237
nitrendipine,57,2412,0.02091739994275864,0.0033225878593600958,0.01692837491511515
nitrocaramiphen,13,228,0.02087626931659747,0.004530999155054934,0.055060036768779026
nitrofural,8,311,0.05778733450827719,0.01346089225306454,0.047143706687962535
nizatidine,13,1478,0.01781877632472644,0.0023329439743425056,0.021625527189632936
nobiletin,13,505,0.03046023637662299,0.004809324623698821,0.036996294809591115
nocodazole,15,1262,0.08920022705130902,0.0032036644327714916,0.02340314606235476
nomegestrol,2,25,0.17136027311928745,0.013127322357332709,0.1662776646416806
nomegestrol-acetate,13,162,0.04036624375980776,0.015459688904427345,0.06532003568221943
nomifensine,8,264,0.03363091427314243,0.005210552271590777,0.051168414143264854
nomilin,4,135,0.052046272392933295,0.0048102259082338185,0.07155451400038787
nonoxynol-9,13,167,0.07276916599681688,0.008044474731740857,0.06433475997562621
nor-1-chlorpromazine,3,142,0.08551772133012428,0.008148747668055152,0.06976855823420344
nor-1-promazine,3,48,0.09889296382021144,0.01301736329158147,0.12000056805137077
nor-2-chlorpromazine,3,48,0.08931859774420178,0.01830951349756377,0.12000056805137077
nor-binaltorphimine,8,155,0.040601680706672395,0.016348986323046398,0.06677871710248273
norcitalopram,3,48,0.10395501078122611,0.011932328009217664,0.12000056805137077
norcyclobenzaprine,13,271,0.02819552644265974,0.00416280373714563,0.05050324398507282
noreleagnine,9,398,0.04332534601155422,0.006193486302428832,0.04167373104503928
norepinephrine,11,195,0.039448342719512766,0.004864006205504412,0.05953695443522408
norethindrone,8,870,0.07056444230725964,0.0035603444882133643,0.02818670396520602
norethisterone,14,2663,0.10178294571615666,0.003008978237891758,0.016110845666548843
noretynodrel,15,5883,0.024793817273280887,0.0011755368984658883,0.010839381363053931
norfenfluramine,3,192,0.043020753114600484,0.0045431835835156266,0.060000284025685385
norfloxacin,2,24,0.211296544044736,0.00917194121517436,0.16970643083072406
norgestimate,13,454,0.042847001671535635,0.005145801906498952,0.03901898735714791
norgestrel,13,294,0.06007028893377285,0.009589268911459777,0.04848755166592116
norketamine,13,200,0.03473591016263209,0.005076869854081868,0.05878803211399748
nornicotine,7,104,0.04577109944086417,0.006130068271736438,0.0815243323733237
nortriptyline,13,248,0.07324513668660543,0.007728987331660423,0.0527932113169713
noscapine,14,2662,0.013453508969594252,0.0015596713664891265,0.016113871461611026
novobiocin,2,25,0.15323327764900296,0.017655935179129074,0.1662776646416806
nutlin-3,51,359,0.15150702001353075,0.013616179817257415,0.04387899745591455
nystatin,2,30,0.1537978380850775,0.01048922386310437,0.15179004622254605
obatoclax,13,161,0.1846079327188234,0.009478941964310338,0.06552257891462192
ochratoxin-a,14,168,0.12913530225407524,0.014366292534419846,0.06414300169521149
octopamine,5,73,0.06162186418932953,0.011502042175159665,0.09730664311377887
ofloxacin,8,252,0.07039029816620979,0.007971329300033858,0.052372541574581516
olanzapine,7,193,0.03644952646240391,0.004344291474581403,0.059844641003395496
olaparib,56,41296,0.023275330548541952,0.0004790542203202826,0.004091192617240815
oleanolic-acid,4,82,0.04960629420984897,0.008138354891790276,0.0918114812927117
oleoylethanolamide,15,226,0.04211639134369802,0.010109440018738433,0.05530312862084252
oleylethanolamide,8,172,0.030999252800867023,0.003017169432624148,0.06339276534025146
oligomycin-a,55,1354,0.03687484807224444,0.0025009957756320033,0.022594076163267904
oligomycin-c,7,104,0.07107802620054049,0.007609597858792768,0.0815243323733237
olmesartan,7,104,0.07526026626400119,0.01937992283287474,0.0815243323733237
olmesartan-medoxomil,13,443,0.03327924115024549,0.00652182998987026,0.03950045129231238
olomoucine,13,139,0.07205616919456424,0.00724837143443373,0.07051743720105612
olopatadine,9,249,0.03364867517131584,0.006679661382481835,0.05268709420200476
olvanil,13,205,0.06501216263418112,0.019617238485365493,0.05806667924778186
omeprazole,13,872,0.019791053090107775,0.0028243854043200926,0.028154361207605984
ondansetron,9,1527,0.018317083683583157,0.0021098424011985724,0.021275726658278288
opipramol,2,30,0.16168007057903136,0.012532875405024232,0.15179004622254605
orantinib,56,1034,0.02342779784112705,0.003348409163294374,0.02585494696120664
orciprenaline,8,828,0.05635251481161662,0.002912506146384291,0.02889274151128234
orlistat,7,104,0.067325965448917,0.008153101926297816,0.0815243323733237
ormetoprim,7,95,0.062263376460933786,0.011067169825771246,0.08529864217881968
ornidazole,13,940,0.039704393955659854,0.006414015526085418,0.027116897141883495
orphenadrine,13,260,0.042088574471914865,0.0067982832206543,0.05156051500486066
orteronel,50,389,0.026596861211051363,0.002825813333597635,0.04215306128564523
orthothymotinic-acid,4,96,0.057981747545278094,0.005367182186685164,0.08485321541536203
osthol,13,159,0.0399119663543066,0.006598284073085896,0.0659333828067973
ouabain,14,1624,0.18573278939937524,0.004705103033640952,0.02063055484186745
oxacillin,2,30,0.16555355841313424,0.017440063310034,0.15179004622254605
oxalomalic-acid,14,149,0.039998074174679446,0.008007842879556972,0.06810998527191248
oxamflatin,3,45,0.2789712955540209,0.011094208720523031,0.12393605375957034
oxandrolone,2,24,0.18554898235352227,0.008900966453104604,0.16970643083072406
oxantel,13,460,0.028957838071131156,0.004981829396486118,0.038763680445334396
oxaprozin,14,1230,0.0287019788309346,0.004137531692788474,0.023705622535820415
oxcarbazepine,7,193,0.05383715072005458,0.005342801665521308,0.059844641003395496
oxetacaine,2,24,0.21595367944200175,0.009650345211574152,0.16970643083072406
oxetane,10,16615,0.03595901137760622,0.0016688044628700473,0.00644991138266674
oxfendazole,13,445,0.0661574315399165,0.009477453991564999,0.039411586272449645
oxibendazole,13,476,0.07449268471236573,0.00658097543101548,0.03810662131659739
oxiconazole,7,204,0.062441498814606276,0.006104404422782073,0.05820882555410844
oxidopamine,3,180,0.073394144612294,0.004877956622038854,0.06196802687978517
oxindole-I,13,217,0.11194247550988304,0.013283588843777606,0.05643831688447523
oxolamine,2,25,0.11781277179220719,0.012167685249826154,0.1662776646416806
oxolinic-acid,2,24,0.21811258344519271,0.01084986582783255,0.16970643083072406
oxotremorine-sesquifumarate,8,172,0.027601438017567995,0.0046489370882436785,0.06339276534025146
oxprenolol,8,297,0.035760096505466535,0.005828954690361693,0.048242043497685634
oxybenzone,13,279,0.030947938475195003,0.004062340810857279,0.04977391696379306
oxybuprocaine,13,332,0.03576943932421371,0.003440012885744211,0.045628362030519926
oxybutynin,8,147,0.05163784485278741,0.0056704847024334195,0.06857175317221187
oxymetazoline,13,147,0.07451591940778386,0.010943264547010192,0.06857175317221187
oxymetholone,7,482,0.11233934033049993,0.006525756223140024,0.03786870043929633
oxyphenbutazone,5,62,0.15307559105514562,0.01297079746123215,0.1055864226339426
oxyphenonium,9,121,0.03277477470655984,0.009643523954678549,0.07558075665530938
oxytetracycline,2,24,0.19918043556206355,0.013459211006810124,0.16970643083072406
ozagrel,13,1805,0.01632864610199763,0.0019229183467630545,0.01956885059361637
p-aminophenethylspiperone,3,48,0.19273651516020993,0.013236565034507566,0.12000056805137077
p-azido-PE-TFMPP,3,48,0.11010983244499964,0.011104405300802207,0.12000056805137077
paclitaxel,16,5153,0.03763082284627217,0.001883530441183598,0.011581741018007824
palbociclib,19,2727,0.043168658747972086,0.0019445273289075459,0.015920670407658474
palmitoylethanolamide,13,148,0.03127396285871842,0.004883032923058701,0.06833969919648027
palonosetron,9,141,0.027163272635120538,0.004512932996003777,0.07001552735422285
pancuronium,7,193,0.039255921890698355,0.01365174491817681,0.059844641003395496
panobinostat,15,46676,0.1116266653061623,0.0007761106391140622,0.0038481953014216
pantoprazole,13,513,0.0367792931409124,0.0038923070273475173,0.03670669117918602
papaverine,13,294,0.05064132622079657,0.006459515710185848,0.04848755166592116
paracetamol,2,25,0.14666693687504195,0.011188261199913856,0.1662776646416806
parachlorophenol,13,162,0.0488872535997569,0.007981144685901338,0.06532003568221943
parbendazole,52,1168,0.0714293895361152,0.00407367144834068,0.02432666077844472
parecoxib,7,104,0.10887744489172985,0.015417191042547735,0.0815243323733237
pargyline,13,261,0.036832349402045765,0.0035938738933173507,0.05146164527821216
paromomycin,2,25,0.1646347472378001,0.020544581846189347,0.1662776646416806
paroxetine,13,2885,0.03200399920415576,0.001958003357520195,0.015478576282467306
parthenolide,58,6193,0.09257632821285261,0.002152398044136149,0.010564607839223835
parthenolide-(alternate-stereo),13,160,0.10332745826131462,0.009783047859407938,0.06572701803516952
paxilline,11,217,0.04114762212547555,0.004114187917188363,0.05643831688447523
pazopanib,19,1614,0.0350472170561962,0.0025340555359097726,0.020694367412577293
pazufloxacin,7,101,0.0624231619558599,0.010248914049292759,0.08272623010986836
pefloxacin,7,197,0.04630905294892277,0.005829098302292186,0.05923396542299347
pelitinib,6,1260,0.07183263480929615,0.003289313895289934,0.02342171262303963
pemetrexed,50,395,0.018360864969771035,0.004725730512494547,0.041831686372022954
pemoline,8,472,0.02714631423894162,0.005757871823409063,0.03826774939813517
pempidine,2,30,0.1393640220313444,0.011609935851458728,0.15179004622254605
penbutolol,2,25,0.11488257215280134,0.011026596895112062,0.1662776646416806
penciclovir,7,206,0.03624608681937985,0.008598044024124882,0.05792556924758443
penfluridol,28,307,0.07874187840956769,0.010430731654137613,0.04744983787011221
penicillic-acid,8,172,0.052887736202158434,0.004627961734808826,0.06339276534025146
penicillin,9,246,0.03679247192894004,0.005272500872519837,0.05300738343904539
penitrem-a,15,318,0.05824505626320325,0.006701249193331903,0.04662194208925489
pentamidine,5,210,0.11101507946391688,0.010504612330567601,0.057371244828550855
pentetic-acid,2,25,0.17388303121861703,0.017556676923692578,0.1662776646416806
pentobarbital,8,273,0.040757758684476016,0.006062136804943597,0.05031791035450746
pentolinium,2,24,0.16549107889615433,0.012430738647923871,0.16970643083072406
pentoxifylline,13,3263,0.01427008534623279,0.0014460126456446022,0.014554436099164347
pentoxyverine,3,528,0.0872668742921346,0.0035237638251717053,0.03618153262326423
pentylenetetrazol,13,284,0.023516269141189233,0.005144872569227725,0.04933382064101379
pepstatin,8,302,0.05084556665216289,0.004975501499837878,0.047841022048239444
pergolide,13,948,0.024398072472572873,0.0030547921008646922,0.027002237443769443
perhexiline,49,4293,0.04638254117733203,0.002139845420183227,0.012688885437362353
perindopril,13,466,0.024889439685429778,0.006038437800045397,0.038513320363522896
periplocymarin,8,159,0.21992412277793164,0.015565204232372875,0.0659333828067973
perospirone,7,91,0.05236546323159579,0.008889513250185816,0.08715317726470301
perphenazine,13,1127,0.048530565096552104,0.008427605674839966,0.024765207009670578
peucedanin,4,135,0.06374343178912212,0.006522332298879888,0.07155451400038787
pevonedistat,52,991,0.12526748055767373,0.005755210747638725,0.02640992046672631
phenacetin,13,461,0.02068596261061572,0.004643976334030853,0.038721614583300895
phenamil,8,172,0.057103905794248275,0.00480643216624653,0.06339276534025146
phenanthridone,13,3224,0.023839214218552576,0.0013989988298666904,0.014642202338441985
phenazone,14,1386,0.03287380246565031,0.003083801608045832,0.02233172676212954
phenazopyridine,13,290,0.03863423696043873,0.00483284809005333,0.04882080336563997
phenelzine,9,606,0.03029652657129374,0.007491037787973377,0.033772842018873914
phenethyl-isothiocyanate,51,404,0.05993105806760313,0.005749676535495725,0.04136311505493418
phenformin,13,659,0.03735380196463825,0.0025910002203347886,0.03238629095984098
phenindione,2,30,0.11321949056572722,0.009179053230578887,0.15179004622254605
pheniramine,13,265,0.047087202393409626,0.005638626050689913,0.05107177871396887
phenolphthalein,13,282,0.07974575885417136,0.006849248727442299,0.04950845418052319
phenothiazine,54,2113,0.017456000560576203,0.0014600604069352448,0.01808648498005834
phenoxazine,51,404,0.038886786537522505,0.0077422708621733985,0.04136311505493418
phenoxybenzamine,13,1339,0.03656947100736894,0.004419036331398634,0.02272027753303101
phenprobamate,7,104,0.03985810382574736,0.010040942920042442,0.0815243323733237
phensuximide,8,288,0.022840364457802746,0.0035084618375996073,0.04899002676166457
phentermine,13,301,0.05359142198065896,0.01030068958087848,0.047920426288851486
phentolamine,13,858,0.021670215450290662,0.002526583316012096,0.0283831293658028
phenylalanyltyrosine,8,172,0.03251146679676613,0.004632239902006601,0.06339276534025146
phenylbutazone,13,267,0.03326859699781717,0.00513229521640305,0.050880139093604775
phenylbutyrate,11,192,0.04192931143915238,0.006251736059854694,0.060000284025685385
phenytoin,8,147,0.02941213693745502,0.006376732610735731,0.06857175317221187
phloretin,51,3748,0.04867591921386639,0.001572693592758261,0.013580136319121118
phorbol-12-myristate-13-acetate,51,3807,0.15229342763799922,0.0016466216096355747,0.013474494521804724
phorbol-myristate-acetate,7,1187,0.25200432710391574,0.004584927499542373,0.02413118010757861
phosphodiesterase-V-inhibitor-II,13,150,0.047845783917383825,0.008263430487429724,0.06788257233228963
phthalylsulfathiazole,2,25,0.09440372593145815,0.0161691566746228,0.1662776646416806
phylloquinone,8,147,0.06135294454516696,0.007647300810371763,0.06857175317221187
physostigmine,13,702,0.023608691101820158,0.0029710117100615247,0.03137873016082864
piceatannol,15,1777,0.04217541180297458,0.0025275150328379625,0.019722420161938845
piceid,8,167,0.0240496296516387,0.003762083622982845,0.06433475997562621
picotamide,13,330,0.028418567458758617,0.003698213541893075,0.04576642093008075
picrotoxin,13,724,0.017043833635364374,0.0030352956608135353,0.030898303694952656
pidotimod,7,101,0.03745971569756762,0.006575574332987398,0.08272623010986836
pifithrin,13,156,0.04320623821794211,0.006748467832649818,0.06656433864523432
pifithrin-alpha,55,1044,0.027566261925992486,0.0038515504854392184,0.02573082263910608
pifithrin-mu,57,5781,0.030820956613373817,0.0013140653644753897,0.010934588297523586
pilocarpine,7,206,0.039643943192086153,0.0063139011560787665,0.05792556924758443
pimethixene,2,24,0.18848465466843564,0.019605681160545084,0.16970643083072406
pimozide,57,1311,0.036134687120255304,0.0029423084806268684,0.0229616226096059
pinacidil,14,1879,0.018666727372643976,0.0023302807828766096,0.01917964350128104
pindolol,13,427,0.05086167905728962,0.008695337292849907,0.04023370090419178
pinocembrin,13,204,0.039327324854666466,0.008418972006145874,0.05820882555410844
pioglitazone,15,1017,0.054517520409439975,0.004067282376731253,0.026070144845753058
pipamperone,13,284,0.03671250021334676,0.007039812672140806,0.04933382064101379
pipemidic-acid,2,25,0.10589988481930653,0.013565346196583936,0.1662776646416806
piperacetazine,13,203,0.05210079330294379,0.006148325080022235,0.05835202091330174
piperacillin,8,273,0.04584651255959546,0.007120468036580348,0.05031791035450746
piperidolate,13,429,0.03343282724414167,0.005367061925297095,0.04013980649170839
piperine,13,277,0.03037126632260997,0.011520364872512425,0.04995328301159384
piperlongumine,55,7778,0.08175251594396561,0.001833417218971578,0.009426922814060676
piracetam,2,30,0.13903597428982772,0.022105902366414173,0.15179004622254605
pirarubicin,14,141,0.18178578330845582,0.015087511493111353,0.07001552735422285
pirenperone,13,969,0.03332651816470839,0.005663993015166603,0.026708040864478592
pirenzepine,13,289,0.022846092098376063,0.003833582803241976,0.04890519548284724
piretanide,13,302,0.06381427246618428,0.007595220530904468,0.047841022048239444
pirfenidone,13,204,0.030301310201961494,0.0033910833639898327,0.05820882555410844
piribedil,8,725,0.03353389326826505,0.00916019442426901,0.030876987166927296
pirinixic-acid,15,209,0.021081242009255822,0.005402632020492743,0.05750833282526153
pirlindole,8,297,0.03484907189217805,0.003262650628563069,0.048242043497685634
piromidic-acid,2,25,0.08945931277201971,0.011167436186247062,0.1662776646416806
piroxicam,14,1884,0.01868891252832011,0.003368592638932105,0.019154175898092672
pitavastatin,9,117,0.12201615809181345,0.0142873565336815,0.07686187767051089
pivampicillin,2,25,0.15641502632798893,0.010836887608438294,0.1662776646416806
pivmecillinam,13,413,0.029103623950811314,0.004066242812012085,0.04090994491735614
pizotifen,13,942,0.03277675758057624,0.003134244375690757,0.02708809533116252
plinabulin,14,171,0.08519821377635502,0.009927093180635095,0.06357785410009052
plumbagin,3,26,0.24649091408092072,0.014796168777166592,0.1630486647466474
podophyllotoxin,14,1637,0.0883846592809003,0.003501369032684745,0.02054847426760682
polydatin,7,104,0.05574380209816437,0.007720337788456327,0.0815243323733237
ponalrestat,13,215,0.027113297735712694,0.004445359533722485,0.05670021303299794
ponatinib,7,1244,0.05784492373916909,0.003852875553062095,0.023571853343981267
potassium-canrenoate,13,142,0.034665295604243224,0.007766230873257457,0.06976855823420344
practolol,13,447,0.08195112926169835,0.01545651764342359,0.039323318331240115
pralidoxime,2,25,0.10096182222054163,0.0172689018817677,0.1662776646416806
pramipexole,7,559,0.028079877670924118,0.0039023623365538546,0.035163979373497384
pramocaine,2,30,0.14743255468841515,0.01521245618192854,0.15179004622254605
pranlukast,2,30,0.11459542175309896,0.008913864359932331,0.15179004622254605
pranoprofen,2,30,0.1901861454673905,0.012055694792541084,0.15179004622254605
pravastatin,15,3890,0.014599894165016006,0.002007951802118807,0.013329968401130448
praziquantel,13,454,0.03331588050657405,0.0047083699907037105,0.03901898735714791
prazosin,13,713,0.026984061335117528,0.004435228478287087,0.03113573739309241
prednicarbate,13,387,0.04654101585061773,0.0059614175167275,0.042261843560167635
prednisolone,13,624,0.04198100659176277,0.003989179320230869,0.03328216932261716
prednisolone-acetate,13,285,0.06408227587453756,0.010237452946794661,0.04924719402345111
prednisolone-hemisuccinate,13,301,0.049751010911144006,0.004907237107152401,0.047920426288851486
prednisone,13,407,0.05224533067283823,0.0275827949443865,0.04121038918554135
pregnenolone,15,1192,0.02076824087149784,0.0028416000103085024,0.024080516226142594
pregnenolone-succinate,10,274,0.06187482263381909,0.005380063720903608,0.05022600541869262
prenylamine,2,30,0.1894599301667507,0.01919870997549813,0.15179004622254605
prilocaine,8,252,0.03224431667977096,0.0041936825365710105,0.052372541574581516
prima-1-met,51,405,0.02398912820213489,0.003109308569820646,0.04131201791985678
primaquine,13,473,0.049648171929653276,0.004315413163687923,0.03822727582848374
primidone,13,1106,0.01686113542950852,0.0019630467452221648,0.024999214164272754
proadifen,13,444,0.03761837802153645,0.006304850017569516,0.03945594372742593
probenecid,13,1720,0.011784605569744639,0.0026839642209065488,0.02004655256517735
probucol,13,265,0.043656981241341854,0.005086118840231955,0.05107177871396887
procainamide,13,858,0.023029595005557936,0.005681427738916556,0.0283831293658028
procaine,4,4344,0.02534613993947527,0.0013152638940666682,0.012614179661697682
procarbazine,13,718,0.016151557189206807,0.0033945110357956666,0.03102713665274445
procaterol,13,569,0.0775937047036688,0.004779758719415247,0.03485361161304882
prochlorperazine,13,698,0.03524798243420516,0.004466209215269081,0.031468512118742596
procyclidine,8,276,0.025442361459100945,0.004450212203170929,0.0500436962674954
profenamine,8,297,0.05234422733073098,0.003766996933607146,0.048242043497685634
progesterone,14,1622,0.025188461899469758,0.0021330102327194135,0.020643270131112737
proglumide,2,24,0.19549757662987532,0.021667624077247438,0.16970643083072406
proguanil,13,303,0.03285398954416818,0.00482577731670286,0.04776201122297543
promazine,55,1551,0.03092501095188162,0.0015418510999716693,0.021110475793892924
promethazine,51,406,0.01887965674473177,0.0032226941752113722,0.0412611096837349
prometon,4,82,0.05359046006656388,0.007209030099878167,0.0918114812927117
pronetalol,2,25,0.17772902747105918,0.018703081075894287,0.1662776646416806
propafenone,13,1753,0.0238219704590767,0.002674946563864942,0.019856969216127753
propanoic-acid,3,48,0.09039262346723918,0.010133586411439695,0.12000056805137077
propantheline,8,276,0.034000503806314315,0.0081199167830011,0.0500436962674954
propentofylline,8,786,0.018155937980629696,0.0027901118626692603,0.02965463941165389
propidium,2,30,0.1076270317911236,0.018844623841393227,0.15179004622254605
propofol,13,298,0.02094718829174436,0.0033452372044388678,0.04816103245228519
propoxycaine,13,259,0.03288719033296954,0.006845856107513371,0.05165995678481355
propranolol,9,388,0.024362335676098856,0.003908358927818835,0.04220734728532609
propylpyrazole,13,178,0.037510615815840434,0.006604915554038907,0.062315189410583144
propylthiouracil,8,804,0.02349120388314066,0.0027722294855302863,0.02932080544255392
proscillaridin,13,262,0.16338735961319367,0.012081103697001716,0.051363342141118984
proscillaridin-a,2,25,0.30794194932848906,0.03348442033799307,0.1662776646416806
prostaglandin,14,161,0.08454809284778816,0.008062282321870786,0.06552257891462192
prostaglandin-a1,55,981,0.05770396929486625,0.007032274896037412,0.02654418630649822
prostaglandin-b2,13,159,0.04212437069013349,0.005718840271987801,0.0659333828067973
prostaglandin-e1,2,25,0.1068885698451431,0.017320438806296048,0.1662776646416806
prostratin,9,143,0.2042919846200055,0.01358491230165911,0.06952418424962198
protein-tyrosine-phosphatase-inhibitor-IV,13,242,0.06325578877657308,0.007653195799040246,0.05344366555817953
prothionamide,13,278,0.03196112069800048,0.005899009975288278,0.04986335803676329
protopine,8,167,0.03445838541447636,0.004408186198512147,0.06433475997562621
protriptyline,13,461,0.034234200442992434,0.004179508935075407,0.038721614583300895
proxyfan,13,148,0.02413422273131423,0.006008897255406616,0.06833969919648027
proxymetacaine,13,1708,0.014945373475267702,0.0018889506578885576,0.02011685045209589
prunetin,4,78,0.06315215746254033,0.00660446904528276,0.09413619048248592
pseudoephedrine,13,204,0.04930345501254605,0.007409744963575169,0.05820882555410844
pseudopelletierine,13,162,0.05503619987644943,0.00746862052603724,0.06532003568221943
psoromic-acid,4,82,0.04680146660729007,0.007828582025590367,0.0918114812927117
pterostilbene,10,149,0.08672280748069781,0.010787449596686881,0.06810998527191248
purmorphamine,55,1170,0.03963488739868614,0.0026737103190035186,0.02430585986760514
puromycin,14,931,0.152974383348569,0.007866469794810704,0.027247651757181652
purpurogallin,3,45,0.07937618205412779,0.011916483390258885,0.12393605375957034
purvalanol-a,8,154,0.11709735930951418,0.008517858644621111,0.06699518028638862
purvalanol-b,8,172,0.04679591482323177,0.004859757987074945,0.06339276534025146
pyrantel,2,24,0.29817245963648414,0.012368104635271205,0.16970643083072406
pyrazinamide,8,757,0.01905206004990077,0.0028586431543246266,0.030217322578953425
pyrazolanthrone,19,1568,0.03714130517942859,0.0024727192781142113,0.020995725754999105
"pyridine-2,4-dicarboxylic-acid",3,45,0.10544756662951967,0.009305076553702614,0.12393605375957034
pyridine-2-aldoxime,8,147,0.03232309933501159,0.005175803358104731,0.06857175317221187
pyridoxine,2,30,0.10906156475284826,0.008622832445998947,0.15179004622254605
pyrimethamine,13,1715,0.0392718507551642,0.00270402147780928,0.02007575367689111
pyrithyldione,2,21,0.14398483581799246,0.016146451246467637,0.18142380585737705
pyroxamide,13,167,0.12207229756732667,0.007121332459612382,0.06433475997562621
pyrrolidine-dithiocarbamate,13,204,0.07197044323592296,0.007480587342657002,0.05820882555410844
pyrvinium,5,37,0.1792094855071864,0.02715223504152212,0.13667939839296053
pyrvinium-pamoate,51,1061,0.15473768701367446,0.005603589270180276,0.025523852642030043
quercetagetin,13,167,0.05276415446275491,0.008681347036286513,0.06433475997562621
quercetin,15,625,0.04280203594688311,0.004321023008278529,0.03325553292833612
quetiapine,13,718,0.027090988837036215,0.004022497482408403,0.03102713665274445
quiflapon,51,389,0.15156612091286945,0.017726276945676474,0.04215306128564523
quinapril,11,254,0.026229042180597892,0.007546033124437773,0.05216594297211921
quinelorane,13,148,0.06363358241355557,0.01293599926483072,0.06833969919648027
quinethazone,8,302,0.023078022337041967,0.0035949554143015856,0.047841022048239444
quinidine,15,1804,0.023615537669718446,0.002418057945329278,0.01957427358127586
quinine,44,379,0.04710801510903508,0.01356446050378486,0.042705549618889095
quinisocaine,13,358,0.043524865370908696,0.00656166202636641,0.043940238235829494
quinoclamine,51,990,0.06895703454829036,0.002594157069510325,0.026423255443827842
quinpirol-(-),13,150,0.039619181855903116,0.007417539995236831,0.06788257233228963
quinpirole,8,172,0.04289096179289469,0.008877484219400007,0.06339276534025146
quipazine,13,481,0.02930703307708415,0.004706926791860508,0.037908044554260736
quizartinib,19,2786,0.030354786465263534,0.0019445109225315488,0.015751189792766546
r(-)-propylnorapomorphine,13,285,0.046042008904099506,0.008174918426641285,0.04924719402345111
rabeprazole,7,175,0.05341691624763177,0.006286130270711223,0.06284704988949782
racecadotril,13,737,0.017297204639059517,0.003104414208656204,0.030624582493037122
raclopride,13,728,0.02459425226340711,0.003543317595657718,0.03081330132291237
radicicol,14,22108,0.06942487570544367,0.0006429699700284117,0.005591511116044604
raloxifene,13,36752,0.03014331558666089,0.0003991613269743168,0.0043367404585637126
raltegravir,13,156,0.0372829774790298,0.0054928389869429274,0.06656433864523432
raltitrexed,13,643,0.049596663563460076,0.004019847646468577,0.0327867549018535
ramifenazone,2,25,0.11804394515625666,0.013433198537866602,0.1662776646416806
ramipril,8,1600,0.022935122592566703,0.003160017455764316,0.020784708080210074
ranitidine,13,2182,0.016179771285691823,0.002274555140162145,0.017798219047652802
ranolazine,13,693,0.07657413240030056,0.023315495603985055,0.0315818308582138
rathyronine,8,142,0.059220302285977314,0.012716722520317693,0.06976855823420344
rebamipide,2,25,0.14302786738186166,0.017640977913189745,0.1662776646416806
reboxetine,15,400,0.03190080125118467,0.004652530604348976,0.04156941616042015
reichstein,9,141,0.05359006468258893,0.00875394652438194,0.07001552735422285
relcovaptan,13,194,0.04843020767570373,0.00594177165778525,0.05969020296269939
remacemide,13,504,0.02227183246083846,0.0041488686743082395,0.03703297929536098
remoxipride,13,237,0.04578884502001975,0.007888274593848396,0.054004474887538886
repaglinide,8,732,0.022969542927354432,0.002445294357411626,0.030728996646945343
rescinnamine,13,179,0.0472547802212347,0.007944476990403895,0.06214088084701491
reserpic-acid,13,147,0.02149594250737319,0.006782398172973239,0.06857175317221187
reserpine,13,293,0.06862456529685884,0.00566874154592191,0.04857022444831813
resmethrin,8,172,0.04386194485856261,0.013978891473513205,0.06339276534025146
resorcinol,13,301,0.03964313321195204,0.007747215897721572,0.047920426288851486
resveratrol,57,22109,0.017294489320571853,0.0005722254321198949,0.0055913846613351165
retinol,15,896,0.03521923384721034,0.0038103656269571173,0.027774734471520734
retinyl-acetate,15,233,0.0765524867337679,0.008025004640246726,0.05446605999011398
retrorsine,8,163,0.03809584920734865,0.0055627303606264385,0.06511935921509471
reversine,14,151,0.07285176799806829,0.006947047977688378,0.06765742221841048
rhamnetin,13,892,0.07320338743116896,0.0052483198042781705,0.02783694000178306
rhapontin,8,172,0.03630033522674052,0.005006387854988888,0.06339276534025146
rhizocarpic-acid,13,167,0.042493455370020874,0.005783897904726098,0.06433475997562621
rhodomyrtoxin,8,172,0.06846916922836944,0.007436846699979082,0.06339276534025146
rhodomyrtoxin-b,8,167,0.16285070660611278,0.015532394235836218,0.06433475997562621
ribavirin,9,246,0.05578438219053729,0.016730840947110113,0.05300738343904539
riboflavin,13,278,0.06093566785658324,0.016329730908518598,0.04986335803676329
ribostamycin,2,30,0.15839095552347898,0.022771289197204073,0.15179004622254605
ricinine,13,279,0.08410537382434247,0.026281274771468292,0.04977391696379306
rifabutin,14,740,0.0432766612913652,0.00734480210883879,0.030562442593043526
rifampicin,15,1804,0.010845337496290608,0.002059097891161591,0.01957427358127586
rifapentine,9,695,0.031150498775323353,0.004368727768117654,0.03153635663612679
rifaximin,7,104,0.08459351620246451,0.008862372367979071,0.0815243323733237
rilmenidine,57,1141,0.01683204998242949,0.0019145241130422393,0.024612804288431833
riluzole,14,904,0.023189034797532603,0.0030282594214775323,0.02765156431042126
rimantadine,8,291,0.0222141086499022,0.003572153519332027,0.04873684663392608
rimcazole,13,666,0.040542615871574574,0.003661136727075733,0.032215643150720036
rimexolone,13,263,0.040538875072733474,0.004605126269318273,0.05126560020261291
rimonabant,3,48,0.08317779960275222,0.00744292513284566,0.12000056805137077
risperidone,15,898,0.022474786420224897,0.0023328451034974234,0.027743787682555157
ritanserin,13,301,0.029375379060027816,0.005435350029316006,0.047920426288851486
ritodrine,13,678,0.028484351778075023,0.0028952718846686314,0.03192927619627192
ritonavir,8,516,0.03158969769227123,0.0031463695006794874,0.03659983013386895
rivaroxaban,14,162,0.04938376682292242,0.009878679243399288,0.06532003568221943
rivastigmine,2,25,0.07517096207288523,0.013724759103581122,0.1662776646416806
rizatriptan,13,729,0.02491474138559874,0.0032362074167979773,0.030792160118829744
robustic-acid,8,116,0.028376660964616583,0.005750641088112865,0.07719246791731824
rofecoxib,13,989,0.026536227537292553,0.0030354661911113174,0.02643661064076034
rolipram,57,2536,0.016227526083304113,0.0018506011742493067,0.01650932419804205
rolitetracycline,9,141,0.06034199986812273,0.008671098602885842,0.07001552735422285
rondual-kinase-inhibitor,6,1234,0.028461743385783667,0.002714999180894445,0.023667170568032355
ronidazole,2,25,0.15419544674401525,0.014698854192471467,0.1662776646416806
ropinirole,13,443,0.030873565292858417,0.006940900917421717,0.03950045129231238
ropivacaine,9,139,0.08699347835928473,0.01914119229961259,0.07051743720105612
roquinimex,13,148,0.0415908205774439,0.005423978454688105,0.06833969919648027
roscovitine,18,2687,0.03288493275513834,0.0019507290061341832,0.016038734096807353
rosiglitazone,57,3133,0.052654843101599624,0.0020726400295310605,0.014853326345720895
rosmarinic-acid,13,154,0.049374761557615915,0.02643472992089859,0.06699518028638862
rosuvastatin,13,301,0.05860177655659262,0.005533357955344987,0.047920426288851486
rotenone,56,663,0.0935009812029314,0.005652777214532657,0.03228844695690408
rotenonic-acid,13,165,0.0407585625106916,0.0076290770881340415,0.06472349318059607
rottlerin,57,3872,0.09376479354735663,0.003076236965135169,0.013360916389544883
roxarsone,2,25,0.11964354907702024,0.016320144238670807,0.1662776646416806
roxatidine-acetate,7,206,0.06154152163439828,0.010915864508922032,0.05792556924758443
roxithromycin,2,25,0.19701510959206775,0.01601603577014634,0.1662776646416806
rucaparib,51,403,0.025127446543369892,0.003479337775195246,0.041414402260071405
rufloxacin,7,164,0.05275461357284376,0.013251586793226838,0.06492052101285829
rutin,13,1734,0.028149443053495777,0.0039017472165617496,0.01996546245067342
ruxolitinib,19,2308,0.02803041521327102,0.002211057690070481,0.017305574381256444
ryanodine,13,218,0.04046502292120625,0.004791776047391536,0.05630872241521197
ryuvidine,14,278,0.15721820684341908,0.010275734959604493,0.04986335803676329
saclofen,13,162,0.025128897861752646,0.006558312613673552,0.06532003568221943
safinamide,14,163,0.036016890079568105,0.005298291701057105,0.06511935921509471
safrolglycol,8,172,0.028960254934883592,0.006215039637894623,0.06339276534025146
salbutamol,7,180,0.04856702008275703,0.004217942656485123,0.06196802687978517
salermide,50,401,0.22230811686508903,0.008275849549516554,0.0415175516160061
salicin,13,267,0.06348650515928857,0.021182093320593173,0.050880139093604775
salmeterol,13,828,0.046075906743912466,0.003079300979848859,0.02889274151128234
salsolidine,2,30,0.10801088570481839,0.010178950000360903,0.15179004622254605
salsoline,3,48,0.07925523190176688,0.005366527078313297,0.12000056805137077
salsolinol,15,366,0.03139029307852576,0.0038288118990992444,0.04345736381622747
salubrinal,8,167,0.040897957337186375,0.00452566393747386,0.06433475997562621
salvinorin-a,13,162,0.030454694863445233,0.0077185016888622,0.06532003568221943
sappanone-a,13,301,0.04710541601041089,0.0038843730337951125,0.047920426288851486
saquinavir,13,796,0.029430495784004404,0.005150907209909323,0.029467777819291628
saracatinib,19,3411,0.05691258930066685,0.0017065751431854983,0.014235183206296366
sarafloxacin,2,25,0.102539957358045,0.01254764945078537,0.1662776646416806
sarmentogenin,4,105,0.27009306578296965,0.016089184582605703,0.08113519252676392
scandenin,4,82,0.04003342205452345,0.007297016025975876,0.0918114812927117
scopolamine,14,2565,0.01904843252187798,0.0036711590884654847,0.016415731341150368
scopolamine-n-oxide,13,218,0.034295935898121015,0.005595932487739656,0.05630872241521197
scopoline,8,156,0.02546127648575942,0.004847779760878336,0.06656433864523432
scoulerine,13,215,0.05295602028450205,0.0059108403886422,0.05670021303299794
scriptaid,15,4108,0.08900937460374284,0.0032271473998980683,0.012971455291432189
secnidazole,7,206,0.05040020233171671,0.006990189981931654,0.05792556924758443
secoisolariciresinol,9,141,0.027537947954170652,0.004900476939686516,0.07001552735422285
securinine,16,1571,0.04085991644574449,0.002539174262732157,0.020975669333524426
selamectin,11,262,0.11853500226452249,0.012759698740416365,0.051363342141118984
selegiline,8,1489,0.02063857345136123,0.0031020898403613757,0.02154549973294416
selinidin,4,135,0.07233301605045195,0.007116763064977873,0.07155451400038787
selumetinib,56,5812,0.0772937516306653,0.0017262990727767056,0.010905387897612742
semaxanib,13,148,0.04851872003999862,0.008213453098316203,0.06833969919648027
seneciphylline,13,151,0.03539856542901671,0.009811457648307794,0.06765742221841048
serdemetan,56,1844,0.03748297652597531,0.002634793592679505,0.019360807291650448
sericetin,4,451,0.04382531554505862,0.004874608361364241,0.03914854716255172
serotonin,3,396,0.038452738138838254,0.0035625510595912687,0.04177883519946965
sertaconazole,13,343,0.033152545464072675,0.0049419303785925885,0.044890749921069874
sertindole,2,30,0.16560170939545643,0.013329948000606566,0.15179004622254605
sertraline,13,944,0.04977562211947133,0.003408416392576331,0.027059385100168802
sibutramine,7,492,0.045449553000164414,0.004458090806758879,0.037481880282704494
siguazodan,13,705,0.018292131055187105,0.002867289563748054,0.03131189572890766
sildenafil,56,8668,0.014233641487043376,0.0009870794728828122,0.00892985627967976
simvastatin,58,3239,0.04416965401535709,0.0023877153823418213,0.014608258542676113
sinensetin,13,162,0.03695734775032029,0.005183175027607523,0.06532003568221943
sirolimus,62,87892,0.03984411614695118,0.00037988743749251805,0.002804330833487396
sirtinol,3,201,0.04480186083994936,0.006454943482883782,0.05864161088510784
sisomicin,2,30,0.18642584157645037,0.011552796338879593,0.15179004622254605
sitagliptin,13,166,0.03416461460825218,0.007900204227430383,0.06452824841243086
skatole,13,156,0.08754908656121961,0.012146895116264378,0.06656433864523432
skimmianine,13,147,0.025694451079483586,0.005124787395158157,0.06857175317221187
solanine,13,148,0.03774247024219508,0.007482832533857781,0.06833969919648027
solifenacin,8,172,0.023180898049378732,0.0038990690122612174,0.06339276534025146
somatostatin,14,171,0.04651716326496078,0.007940778077927197,0.06357785410009052
sonidegib,51,323,0.046372071853283396,0.012395305711257657,0.046259683747902715
sorafenib,20,8281,0.05673964239667349,0.0014113899465634091,0.00913613541987256
sotalol,8,760,0.02389945036038076,0.0029420155434939023,0.03015762415532413
spaglumic-acid,2,25,0.14747401060350504,0.005821497456110752,0.1662776646416806
sparfloxacin,2,25,0.13205940835221225,0.012800641769989287,0.1662776646416806
sparfosic-acid,51,398,0.016797260447350842,0.0025934370771709563,0.04167373104503928
spectinomycin,8,276,0.024494136298145345,0.0042662312599964095,0.0500436962674954
spermidine,3,45,0.07388429672987173,0.009593027008463394,0.12393605375957034
sphingosine,14,129,0.08344735055885652,0.015844365856116042,0.0731996602677379
spiperone,16,723,0.0641789048981091,0.004177563145582869,0.03091966443286173
spiramide,15,530,0.09876076043958282,0.006172770164018039,0.036113201055906166
spiramycin,2,25,0.1683714722993075,0.013978845184527102,0.1662776646416806
spironolactone,13,886,0.047975488377549017,0.0038196596407277196,0.02793103696872301
spiroxatrine,8,167,0.024660959734036387,0.005005823519271404,0.06433475997562621
splitomycin,11,373,0.029320889904948286,0.003997449056755108,0.043047655616395356
stanozolol,2,30,0.15969323102593533,0.011205646815437904,0.15179004622254605
staurosporine,15,2098,0.15019229594333836,0.0046291387109231846,0.018151025990367414
stavudine,8,646,0.0388726642992109,0.0033479580980985734,0.03271053607368714
stiripentol,9,141,0.03250134453609437,0.008288545511661978,0.07001552735422285
streptozotocin,8,667,0.03232267206220095,0.0026470593081190843,0.032191484434798315
strophanthidin,14,400,0.20097164792448347,0.00930749124990462,0.04156941616042015
strychnine,13,292,0.01132545151273453,0.004979620249911543,0.04865332155688944
suberoyl-bis-hydroxamic-acid,3,45,0.13605862886995204,0.007200382711457,0.12393605375957034
succinylsulfathiazole,2,30,0.1441752677721339,0.018618179609415593,0.15179004622254605
sulconazole,13,303,0.04374451640679418,0.006164448793198258,0.04776201122297543
sulfabenzamide,2,30,0.16932456724747974,0.013151525584420207,0.15179004622254605
sulfacetamide,8,774,0.014715546445196436,0.002626541975830191,0.029883636166839558
sulfachlorpyridazine,2,30,0.11385718674951499,0.015873599038108074,0.15179004622254605
sulfadiazine,2,24,0.22144687390719672,0.008793161411688791,0.16970643083072406
sulfadimethoxine,2,20,0.11858116846938105,0.016595269100277983,0.1859040806393555
sulfadimidine,2,30,0.1317184539462542,0.009365519699178822,0.15179004622254605
sulfadoxine,2,25,0.1634382909844713,0.01534665252551215,0.1662776646416806
sulfafurazole,13,1523,0.017229408917342384,0.005197451637087337,0.02130364757141829
sulfaguanidine,2,22,0.4318831900572661,0.0065550646122632,0.17725258607772132
sulfamerazine,2,30,0.10871765318705306,0.006259535757766634,0.15179004622254605
sulfamethizole,2,30,0.1074415899160258,0.011656512441059034,0.15179004622254605
sulfamethoxazole,2,24,0.23495504282166643,0.011213149885908017,0.16970643083072406
sulfamonomethoxine,2,25,0.10762520702935169,0.01774917209271627,0.1662776646416806
sulfaphenazole,4,4344,0.029560472247419294,0.0011297040105873728,0.012614179661697682
sulfapyridine,2,30,0.09834798621866107,0.01717069795792148,0.15179004622254605
sulfaquinoxaline,2,30,0.12180292300432234,0.010156709323269937,0.15179004622254605
sulfasalazine,7,206,0.10421754447524068,0.021066509383047466,0.05792556924758443
sulfathiazole,2,24,0.2370681339472298,0.017756934847582697,0.16970643083072406
sulfinpyrazone,8,871,0.017213261591763705,0.0018959711030752764,0.028170518661565856
sulforaphane,53,56781,0.010482442043207509,0.0006678008221415542,0.0034890115099789824
sulindac,12,4830,0.03236001241909243,0.0013395052777429952,0.011962731499150264
sulmazole,13,167,0.019458034960551294,0.0048889085067673555,0.06433475997562621
suloctidil,13,1066,0.050053301103034624,0.006316245997646304,0.02546392334439807
sulpiride,12,209,0.06425492066845608,0.006713721154905083,0.05750833282526153
sumatriptan,7,206,0.03325784161333011,0.005755313057837732,0.05792556924758443
sunitinib,14,168,0.08005776116609263,0.0076974434388886225,0.06414300169521149
suprofen,2,25,0.11700644260061045,0.008972346070748745,0.1662776646416806
suramin,3,201,0.061215958897107806,0.0057835441410678265,0.05864161088510784
suxibuzone,2,30,0.13202220800681577,0.010638580018694365,0.15179004622254605
synephrine,9,242,0.04834598028475222,0.011857391525117516,0.05344366555817953
syringic-acid,3,180,0.026383253842408153,0.01358683280089406,0.06196802687978517
syrosingopine,13,218,0.07219259958275939,0.00543565776393068,0.05630872241521197
tacedinaline,11,30683,0.040880275760363224,0.0006527020075671333,0.00474629809060516
tacrine,8,497,0.030125135236546228,0.004646037571744084,0.03729286304022503
tacrolimus,56,3540,0.02134459209992517,0.0016210166532333627,0.013973406380208917
tadalafil,13,688,0.023824496189016577,0.004118019166771726,0.03169638267012573
talampicillin,13,452,0.020789795462807775,0.005311973903929333,0.03910521726862958
talipexole,13,144,0.031214343399442353,0.005614689067340363,0.06928236026736692
talniflumate,13,216,0.04622984484365107,0.005694956436151266,0.05656881027690802
tamibarotene,14,625,0.08565902490596919,0.003261193618280308,0.03325553292833612
tamoxifen,59,34616,0.021094504455299708,0.0003829641797051923,0.0044685382469244845
tandutinib,13,169,0.036401566027002036,0.005136501105821474,0.06395294793910793
tanespimycin,54,38018,0.06273509008209972,0.0006152416566817915,0.004263922352156725
tangeritin,13,162,0.0523956222839672,0.007156935521320605,0.06532003568221943
targinine,7,101,0.08000981050025115,0.010945946463454384,0.08272623010986836
taurocholic-acid,15,244,0.034702418655531475,0.0038207221772874017,0.053224183458123
taurodeoxycholic-acid,15,246,0.03815833229095969,0.014476232865508181,0.05300738343904539
taxifolin,7,416,0.09494731144463993,0.007631860550590476,0.04076216618666185
tazobactam,2,30,0.1675157932268026,0.014951441369545621,0.15179004622254605
tebuthiuron,13,274,0.0556528287721175,0.01218491858906915,0.05022600541869262
tegafur,7,104,0.07716004396928997,0.012692865214462218,0.0815243323733237
tegaserod,6,98,0.13078089816092886,0.008205817932044866,0.08398290301999642
teicoplanin,14,166,0.03797827856189023,0.006062909029720313,0.06452824841243086
telenzepine,13,253,0.027756826255039096,0.0038379155140851264,0.05226893604962703
telmisartan,13,676,0.052941911763660275,0.003526025612202694,0.03197647396955396
temefos,13,160,0.039266334714084875,0.0063821609169153505,0.06572701803516952
temozolomide,54,3924,0.01825763704501808,0.001215546853720297,0.01327209315324911
temsirolimus,51,405,0.06330290432068461,0.0037607252373831716,0.04131201791985678
tenatoprazole,2,30,0.17966728358314177,0.014287959193440137,0.15179004622254605
tenidap,13,191,0.05453699700538121,0.006713190615631417,0.06015714778102485
teniposide,54,5330,0.09310876253492857,0.002419402224896809,0.011387812714383574
tenofovir,13,93,0.05651844200954406,0.009820065440641158,0.086210953073004
tenovin-1,14,166,0.06096047629852368,0.007445330932295935,0.06452824841243086
tenoxicam,13,288,0.050993276438818944,0.017952524563839306,0.04899002676166457
terazosin,9,695,0.019430043699690418,0.0036180583819409432,0.03153635663612679
terbinafine,8,516,0.03980289891222877,0.007230783557269031,0.03659983013386895
terbutaline,8,249,0.06093863713985114,0.005531915610099415,0.05268709420200476
terconazole,13,292,0.02232509188480551,0.003915516367236805,0.04865332155688944
terfenadine,13,430,0.055608472373887566,0.006548307758964668,0.0400931051303547
terguride,13,208,0.05453076602896102,0.006957912431885038,0.05764640825288317
terreic-acid-(-),15,235,0.0684160993247514,0.006273647904206132,0.05423379428376699
tert-butylhydroquinone,10,34750,0.006509442890016512,0.0008174777823408697,0.004459914326264527
testosterone,14,3557,0.0799498893834232,0.0026465092806177916,0.01393997477809651
testosterone-propionate,13,167,0.05324826701461962,0.008530059390265115,0.06433475997562621
tetrabenazine,11,604,0.030920163858919963,0.00437884525728718,0.03382871110920524
tetracaine,2,30,0.0836273600736772,0.01173116102069286,0.15179004622254605
tetracycline,8,1284,0.021765518985719157,0.0026474673419374225,0.02320178556829348
tetradecylthioacetic-acid,15,222,0.049382017275160714,0.017655309549271043,0.0557991307355554
tetraethylenepentamine,2,30,0.06456929996815831,0.015637050758771632,0.15179004622254605
tetrahydrobiopterin,8,147,0.10674779941768901,0.02576118455138283,0.06857175317221187
tetrahydrocannabinol-7-oic-acid,8,164,0.04065653011634964,0.005300638524955581,0.06492052101285829
tetrahydropalmatine,13,257,0.06486357583872707,0.017288527854980293,0.051860578731169484
tetrahydrozoline,8,316,0.02027798019521863,0.0033140515563825183,0.04676924717064745
tetramethyl-haematoxylone,13,165,0.048125802394826216,0.014898557977383303,0.06472349318059607
tetramethylsilane,13,204,0.050002652117338564,0.005777555916749943,0.05820882555410844
tetramisole,13,449,0.03371313688905031,0.007546958578153606,0.03923564081226912
tetrindole,8,167,0.09171457050605339,0.009548626186506365,0.06433475997562621
tetroquinone,2,25,0.14214551727302874,0.011961162053341906,0.1662776646416806
thalidomide,57,2697,0.0190900774348009,0.0020829418708257553,0.01600897208545743
thapsigargin,53,1406,0.12505163001706338,0.005985823375138283,0.022172326246603716
thenoyltrifluoroacetone,14,229,0.028131094517513038,0.004848927283303272,0.054939686817728074
theobromine,2,25,0.17530183207329433,0.01759033204381765,0.1662776646416806
theophylline,8,799,0.02473711177847743,0.004482579827223277,0.02941240455805098
thiamine,2,30,0.16336032053500107,0.00950838770129672,0.15179004622254605
thiamphenicol,2,24,0.23283856808688533,0.013082649147644553,0.16970643083072406
thiazolidinecarboxylic-acid,7,104,0.0881240392568549,0.016807404428068527,0.0815243323733237
thiazolopyrimidine,51,3806,0.021413482156210112,0.0018684204902911343,0.013476264570353813
thiethylperazine,13,399,0.048221971050250466,0.007301144447386318,0.04162147556236048
thiocolchicoside,12,286,0.08560701581936618,0.010936681665725465,0.04916102213937066
thioperamide,15,1119,0.01764606077408355,0.0017295476913819247,0.024853575558108163
thioproperazine,13,231,0.03491188071498518,0.005457323892809178,0.0547013356424729
thioridazine,51,37869,0.06328224959105193,0.0006554911700503471,0.0042723025670736185
thiorphan,13,439,0.04192998386310979,0.012144851477888756,0.03967999972350788
thiostrepton,14,1642,0.09996930010868851,0.0037224079241169905,0.020517164674123258
thiotepa,13,301,0.05553753058224783,0.013288948825843602,0.047920426288851486
thiothixene,13,539,0.047401285730204246,0.005144893145625566,0.03581043017097399
tiabendazole,13,885,0.031070103255925664,0.0061974467177381256,0.027946812760417834
tiagabine,7,104,0.06668193309741716,0.007516799743381469,0.0815243323733237
tianeptine,8,172,0.05627063421151182,0.005836941728961179,0.06339276534025146
tiapride,2,24,0.18495305175830018,0.010880881458982292,0.16970643083072406
tiaprofenic-acid,8,316,0.02506812118072466,0.0045504260529422545,0.04676924717064745
tibolone,9,117,0.09306384458305242,0.011926073135626034,0.07686187767051089
ticarcillin,2,25,0.07511661024795264,0.01082875493032395,0.1662776646416806
ticlopidine,13,667,0.028785729157674717,0.004919912492296109,0.032191484434798315
tienilic-acid,8,138,0.06207934620246913,0.00897837506055786,0.07077247397277182
tigecycline,10,6370,0.012701676663561675,0.0026628316970264115,0.010416797086116487
tiletamine,2,25,0.0786184875539736,0.014638513265415832,0.1662776646416806
timolol,13,793,0.020636419406810474,0.002699711303694175,0.02952346500814842
timosaponin,2,25,0.29926710151902924,0.01556245129919258,0.1662776646416806
tinidazole,9,273,0.027344585163318277,0.005529317712578851,0.05031791035450746
tioconazole,2,24,0.24245498148834407,0.01179374027652416,0.16970643083072406
tioguanine,2,24,0.34509277215927453,0.008124781877951315,0.16970643083072406
tiotidine,13,146,0.040029722384140154,0.0077398828237558595,0.0688061872002523
tipifarnib,51,406,0.04220540639049501,0.003426387047665047,0.0412611096837349
tipifarnib-P2,51,406,0.04457324888036888,0.0053947050200036225,0.0412611096837349
tiratricol,2,24,0.2684962623980808,0.007832539740962525,0.16970643083072406
tivantinib,6,1234,0.03202408123818207,0.0030244564009131174,0.023667170568032355
tivozanib,56,3030,0.04773604992391636,0.0014521546660439635,0.015103674109512659
tizanidine,8,274,0.030731856957018994,0.005380285056419165,0.05022600541869262
tocainide,8,742,0.028722034258108237,0.004356534928139267,0.03052122552426545
todralazine,4,3992,0.03381852838734961,0.001714152587791512,0.013158568761667473
tofacitinib,13,166,0.028065461613301815,0.006322697280949219,0.06452824841243086
tolazamide,57,4826,0.02467237864690192,0.0018991961920501966,0.011967688089998603
tolazoline,8,888,0.015966580358159774,0.0021144895186198144,0.0278995653677777
tolbutamide,13,858,0.023653649345683685,0.0028473732598012537,0.0283831293658028
tolcapone,11,195,0.05069619565449857,0.0062636794290566325,0.05953695443522408
tolfenamic-acid,2,24,0.20914303065555379,0.009978284451628594,0.16970643083072406
tolmetin,13,440,0.026971729305286844,0.003978495616085086,0.03963488316574177
tolnaftate,2,24,0.245447374711818,0.013029068997829088,0.16970643083072406
tolterodine,7,98,0.07854709646465731,0.00534536849485608,0.08398290301999642
toltrazuril,13,452,0.02856523463221942,0.004641872107078859,0.03910521726862958
tomelukast,11,552,0.022534823516918163,0.0032018567766696,0.03538623698638591
topiramate,7,193,0.044230338511558304,0.0064941834635118545,0.059844641003395496
topotecan,13,345,0.18841432283546017,0.007741457307165413,0.04476044267978889
torasemide,8,725,0.017453815903002885,0.0033331580508434012,0.030876987166927296
toremifene,13,8528,0.025548246064536543,0.0013024530668250794,0.009002856436219151
torin-1,19,2603,0.0973723609715183,0.001900309416395444,0.01629546795348339
torin-2,19,2316,0.13011601195975894,0.0022756358466067632,0.017275659796433453
tosedostat,51,886,0.08254169154604507,0.004969831659831039,0.02793103696872301
tosufloxacin,7,206,0.04546118333902473,0.003641334591176727,0.05792556924758443
tosyl-phenylalanyl-chloromethyl-ketone,13,284,0.04904575294593846,0.0049174394583432635,0.04933382064101379
tosyllysyl-chloromethyl-ketone,13,209,0.035546517389534876,0.007147943254005665,0.05750833282526153
totaralolal,13,158,0.040748830297400215,0.009507025478093048,0.06614170365070911
tozasertib,60,34204,0.03185472480762199,0.0005486936615965297,0.004495370297280718
tracazolate,13,279,0.0433429145612815,0.005671909681894413,0.04977391696379306
tramadol,13,583,0.016925928058806095,0.003949142237973493,0.03443258618471095
trametinib,6,1229,0.08852738771669658,0.003979797011264455,0.023715264847602446
tranexamic-acid,2,24,0.29741578817699765,0.01716181484197984,0.16970643083072406
tranilast,13,2115,0.01863916635073791,0.002094009853113749,0.01807793142792233
trans-bis-q,3,48,0.07753116533223244,0.012212559417414282,0.12000056805137077
tranylcypromine,11,490,0.03168246717886912,0.0037464506580978125,0.037558296020096874
trap-101,13,139,0.059342964779429706,0.017131084810935542,0.07051743720105612
trapidil,13,268,0.04709212471969897,0.0069293585262124755,0.050785124745345446
trazodone,13,884,0.03202087141725886,0.0067848840968354465,0.027962615313425285
trehalose,3,45,0.07429303716801663,0.008020548536654647,0.12393605375957034
tremorine,13,224,0.03705915797836628,0.007546970406203975,0.05554946894304147
tremulacin,9,141,0.0767583425447663,0.010367988030128361,0.07001552735422285
treprostinil,13,176,0.0421581445112315,0.004962769630565553,0.06266825279920447
trequinsin,9,1810,0.015236143835022023,0.0016244709593895873,0.019541803102329374
tretinoin,58,27371,0.04447941534345182,0.0005421984739597789,0.005025260599139638
triacetylresveratrol,3,45,0.08239026026004435,0.01249379116013975,0.12393605375957034
triacsin-c,51,401,0.013345567753358366,0.004919223317868291,0.0415175516160061
triamcinolone,13,2920,0.037126528599078966,0.001648639874534099,0.01538553118523401
triamcinolone-acetonide,8,172,0.06662795066936164,0.0057514915057237485,0.06339276534025146
triamterene,14,6971,0.02529313487614424,0.0009936278998596791,0.0099576390392295
tribenoside,8,302,0.01529640227362733,0.0037627175960791015,0.047841022048239444
trichlormethiazide,2,25,0.15400398361825432,0.01477130408340119,0.1662776646416806
trichostatin-a,64,676131,0.14611762846151255,0.00020581030785117468,0.001011086929852057
triciribine,15,2601,0.09384233078312901,0.002818362941890261,0.016301731827615743
triclabendazole,7,104,0.07130044671223265,0.005652086054320544,0.0815243323733237
triclosan,13,457,0.0598986754084303,0.005281517375407334,0.03889070540766323
tridihexethyl,2,20,0.15324892878157526,0.009520840792039667,0.1859040806393555
trifluoperazine,54,12277,0.023523302380464278,0.0007117902143027516,0.007503394708189273
triflupromazine,14,5236,0.037312038273196076,0.0022423143213739583,0.011489578630482947
trifluridine,5,73,0.0964890156636796,0.01166819668962212,0.09730664311377887
triflusal,2,30,0.16070715440299083,0.020829930253941954,0.15179004622254605
trihexyphenidyl,2,30,0.13734003805117354,0.021741309788774525,0.15179004622254605
trimebutine,7,104,0.06574280980832801,0.00784589487054521,0.0815243323733237
trimetazidine,2,30,0.12113175324981591,0.015284920685329478,0.15179004622254605
trimethadione,2,30,0.11244631151168497,0.008619203701056226,0.15179004622254605
trimethobenzamide,13,295,0.03798811171268075,0.004225715066780859,0.04840529961065791
trimethoprim,2,24,0.18465673889256104,0.009862501687028838,0.16970643083072406
trimetozine,13,301,0.09695842904065036,0.017052156361161228,0.047920426288851486
trimidox,8,147,0.03984506916255152,0.0069713080385360475,0.06857175317221187
trimipramine,13,425,0.038927788423833765,0.0035920126937739947,0.040328257323451765
trioxsalen,13,311,0.02759015461786597,0.003986819534779089,0.047143706687962535
tripelennamine,13,504,0.032370212275065625,0.003969815281869544,0.03703297929536098
triprolidine,8,678,0.02855843782577445,0.0020472592510104286,0.03192927619627192
triptolide,51,4257,0.12455954812843753,0.004315730477411847,0.012742425276161243
troglitazone,54,23827,0.03987537047948175,0.001208482427159411,0.005386035829835049
troleandomycin,2,24,0.17201104042943713,0.02521888970717717,0.16970643083072406
trolox,2,30,0.13232517686765485,0.015028648511255254,0.15179004622254605
"tropanyl-3,5-dimethylbenzoate",13,165,0.039515042351797675,0.007892943730109587,0.06472349318059607
tropapride,3,48,0.07928962130983043,0.0063406358405481015,0.12000056805137077
tropicamide,8,1744,0.014860396318739512,0.0025401529992779585,0.019908139729873663
tropisetron,13,1587,0.023100164713135727,0.0021684825365939275,0.020869664008934048
troxipide,7,101,0.06843626439436251,0.007279575782667295,0.08272623010986836
tubacin,9,162,0.08733385893141109,0.013549196882960395,0.06532003568221943
tubaic-acid,13,492,0.03083820453704463,0.005900788890257829,0.037481880282704494
tubastatin-a,9,34750,0.020088590733624394,0.00043702211091875456,0.004459914326264527
tubocurarine,14,970,0.03886614355886624,0.0048613588281140995,0.026694270283071034
tunicamycin,15,256,0.1468581078028897,0.008186349728543008,0.05196177020052519
tylosin,2,30,0.10266133266745636,0.011428035736167803,0.15179004622254605
tyloxapol,2,25,0.17635285518654858,0.017990590505386806,0.1662776646416806
tyramine,3,48,0.10392753334835557,0.007374879217109174,0.12000056805137077
tyrphostin,13,216,0.05136426832283318,0.00576383402725694,0.05656881027690802
tyrphostin-1,55,995,0.01539052836092489,0.003368212228542235,0.026356781739918636
tyrphostin-47,13,179,0.08184673874740499,0.01011295244598692,0.06214088084701491
tyrphostin-51,14,171,0.08647655596870328,0.02520120472395811,0.06357785410009052
tyrphostin-A9,15,407,0.14465790411353754,0.00649807763672145,0.04121038918554135
tyrphostin-AG-112,54,449,0.027192220561348648,0.004724506028849439,0.03923564081226912
tyrphostin-AG-126,14,136,0.11768244256671097,0.014871048814969416,0.07129096056712197
tyrphostin-AG-1288,14,159,0.031952858499616495,0.00498780374896487,0.0659333828067973
tyrphostin-AG-1295,14,157,0.03689803685127119,0.006711978293698358,0.06635201166521548
tyrphostin-AG-1296,13,218,0.03995838550398525,0.004524221638831534,0.05630872241521197
tyrphostin-AG-1478,55,1173,0.09420947854869939,0.0046515773300288355,0.0242747583067308
tyrphostin-AG-18,13,162,0.10404572478035383,0.01680093192649732,0.06532003568221943
tyrphostin-AG-494,13,218,0.06494100915428798,0.006523151669060382,0.05630872241521197
tyrphostin-AG-527,11,352,0.0608687001321542,0.008533115541270748,0.04431314651943033
tyrphostin-AG-538,13,211,0.05590139032730949,0.005699217381829731,0.057235132549415785
tyrphostin-AG-555,13,147,0.053471996092314796,0.005163411018513141,0.06857175317221187
tyrphostin-AG-556,13,216,0.060979840751951175,0.005037150420699459,0.05656881027690802
tyrphostin-AG-82,13,279,0.021378321806182897,0.004740973281720119,0.04977391696379306
tyrphostin-AG-825,13,152,0.033163652873790216,0.004599432736165228,0.06743449765119443
tyrphostin-AG-835,13,137,0.041948395189246514,0.004634419960090987,0.07103029804693967
tyrphostin-AG-879,14,470,0.11661378773805457,0.006937688134817461,0.03834908370752786
tyrphostin-AG-99,13,209,0.0555045490659342,0.008982221356610167,0.05750833282526153
tyrphostin-B44,13,148,0.03918207464844323,0.006690109690818914,0.06833969919648027
ubenimex,13,628,0.02113609198050329,0.0034777727440839243,0.03317600583260774
umbelliferone,13,196,0.0443262853454392,0.005686645180668824,0.05938488022917164
ungerine,13,210,0.04214924299272766,0.006482721376036457,0.057371244828550855
urapidil,7,183,0.04351011437761419,0.006641572095259833,0.061457993293890685
urosiol,2,25,0.14646423474935655,0.015457559210390303,0.1662776646416806
ursolic-acid,52,880,0.05226293709919626,0.006124018352384579,0.02802609465803254
usnic-acid,3,45,0.07808283918554454,0.008594447038380781,0.12393605375957034
valaciclovir,7,206,0.04806216045442512,0.006053504936178275,0.05792556924758443
valdecoxib,50,831,0.037346822414368895,0.005811351970707074,0.028840541393649263
valproic-acid,54,7311,0.024050996353313647,0.0009120657628129383,0.009723341263959798
valproxam,3,45,0.09451722174101305,0.014115462299344487,0.12393605375957034
valsartan,13,1234,0.01395581304869978,0.002058390919293385,0.023667170568032355
valyltryptophan,13,203,0.04594869055734115,0.008022717281043661,0.05835202091330174
vancomycin,2,30,0.13421091267328458,0.010913145465955417,0.15179004622254605
vanillyl-glycol,3,42,0.0771004052264368,0.005009698372299428,0.12828600339042298
vanoxerine,15,973,0.03385950269927555,0.003860825076620421,0.026653085989658445
vardenafil,13,615,0.01971098442375892,0.00522132557936461,0.03352481289465451
varenicline,13,153,0.06583062901085913,0.030872946486873148,0.06721376220575295
vatalanib,2,30,0.14888175401569387,0.011435839747893129,0.15179004622254605
vecuronium,14,863,0.021380346762195995,0.0030279363886491673,0.02830078765076793
veliparib,56,7110,0.026482365648345583,0.0012513701050541248,0.009859823034042106
vemurafenib,61,12173,0.17455295710221694,0.0021136486903080955,0.007535379157198428
venlafaxine,13,989,0.030665548284730143,0.006402800768929466,0.02643661064076034
verapamil,57,2065,0.014615681356281104,0.002405132456940808,0.01829548355819607
veratridine,13,179,0.028511128368379015,0.004242830688100687,0.06214088084701491
verrucarin-a,13,103,0.21127980499310897,0.011841463404801583,0.08191912563811578
verteporfin,13,443,0.050389688935888195,0.00900844100063656,0.03950045129231238
vesamicol,13,621,0.020929728320492114,0.002893121488165522,0.03336246417833027
vicriviroc,14,124,0.07266658702299049,0.01675157997914094,0.07466087544568958
vidarabine,8,291,0.03418051402747122,0.004913874150931181,0.04873684663392608
vigabatrin,2,30,0.12753150866248883,0.009787639985510016,0.15179004622254605
viloxazine,2,25,0.14332582666694568,0.008298128740571882,0.1662776646416806
vinblastine,15,2244,0.09749619445660997,0.003132327126654638,0.017550621259111724
vinburnine,8,163,0.03477030748295466,0.003437978254883833,0.06511935921509471
vincamine,13,295,0.0441860261420793,0.011818690852425463,0.04840529961065791
vincristine,14,2519,0.07625241466354045,0.0028319090993923876,0.016564938843094425
vindesine,7,94,0.11733732610936407,0.011573002736733718,0.08575115804486196
vinorelbine,14,1340,0.07737865147851436,0.0034340399403075274,0.02271179823527982
vinpocetine,13,1000,0.04108850546310879,0.003201133636657284,0.026290807214067808
viomycin,2,25,0.10390146706303027,0.011655713001237212,0.1662776646416806
vitexin,13,167,0.03168645656207472,0.00690467599611398,0.06433475997562621
voriconazole,14,760,0.03406628100834139,0.005782499032767241,0.03015762415532413
vorinostat,60,1010815,0.0829096595157911,0.00022534650417153728,0.0008269287312899139
warfarin,14,1864,0.018461873398098204,0.002450594907856813,0.019256660181761448
westcort,8,145,0.05351549672741122,0.007642185574077743,0.06904304224563809
wiskostatin,13,157,0.07042366922287877,0.006940910829173338,0.06635201166521548
withaferin-a,14,90024,0.14025754118143394,0.000774697178543227,0.0027709249786580163
wortmannin,61,600251,0.03717296509405983,0.00015415796800296615,0.0010730932781311882
xaliproden,13,202,0.07256360866128948,0.008578263605480672,0.05849627829268667
xamoterol,2,25,0.17625622944829644,0.01491877756425137,0.1662776646416806
xanthinol,9,141,0.038311957430609375,0.005787165587578305,0.07001552735422285
xanthohumol,14,171,0.10078265975460986,0.009950526732830759,0.06357785410009052
xanthoxyline,13,159,0.03155836241515291,0.006166551617783595,0.0659333828067973
xylazine,13,314,0.043813768514102944,0.005904981844917954,0.046917957393842774
xylometazoline,2,24,0.15395041190893521,0.022925150385473776,0.16970643083072406
yohimbine,14,2241,0.012934804850235678,0.0014601648924269135,0.017562364734001586
z-guggulsterone,3,45,0.07213954293026967,0.0108817210167465,0.12393605375957034
z-leu3-VS,4,95,0.24733693116001373,0.013039986972337277,0.08529864217881968
z-prolyl-prolinal,13,178,0.03703751074199338,0.006491459618953282,0.062315189410583144
zacopride,11,603,0.024430041756621886,0.0025789103479800578,0.0338567498302303
zafirlukast,8,732,0.05206018461524139,0.0030743068520715715,0.030728996646945343
zalcitabine,7,193,0.041915012472359715,0.007241473336926089,0.059844641003395496
zaldaride,13,164,0.040653802739793035,0.0054425937963970186,0.06492052101285829
zaleplon,2,30,0.12278087662079971,0.007311960169037924,0.15179004622254605
zamifenacin,8,164,0.029685540617894423,0.004865808551160325,0.06492052101285829
zaprinast,13,335,0.04646487411508625,0.0046298778382096156,0.04542359647055964
zardaverine,13,687,0.043167815922650066,0.004348466092704097,0.031719442973409034
zatebradine,13,153,0.034331598023447735,0.007641458774526,0.06721376220575295
zebularine,54,3849,0.014719542620068237,0.001462907837411546,0.013400776530891258
zeranol,7,104,0.09599223789073441,0.011548608883986998,0.0815243323733237
zibotentan,13,152,0.03205041059669115,0.004439884196854943,0.06743449765119443
zidovudine,8,252,0.036271228934699064,0.005120723883453032,0.052372541574581516
zileuton,51,1072,0.028650440138630162,0.0038573607342608876,0.025392562372672723
zimelidine,8,288,0.0331565494629263,0.00465432002070379,0.04899002676166457
ziprasidone,14,161,0.05562591384657714,0.009773397546699784,0.06552257891462192
zolantidine,13,148,0.05628900784248399,0.00934851916803045,0.06833969919648027
zolmitriptan,13,631,0.01831505293176367,0.0032355010576369655,0.0330970465635806
zolpidem,8,497,0.03446542104850868,0.004134776328671745,0.03729286304022503
zonisamide,11,485,0.03401629571412802,0.003673275029552635,0.037751399071972135
zopiclone,2,30,0.11172316861820943,0.007678877497536701,0.15179004622254605
zosuquidar,14,151,0.0352586826108697,0.004731554108980713,0.06765742221841048
zoxazolamine,13,439,0.06592301979433988,0.015038560243561927,0.03967999972350788
zuclopenthixol,13,347,0.04495658044949107,0.005226548867142084,0.04463126364366352
