cell_name,plate,drug,drugname_drugconc,phase,log2_or,n_treated,n_control,moa-fine
A-172,plate1,Paclitaxel,"[('Paclitaxel', 0.05, 'uM')]",G1,0.020171882343770365,2021,4780,Microtubule inhibitor
A-172,plate1,Paclitaxel,"[('Paclitaxel', 0.05, 'uM')]",S,0.3613767006113409,2021,4780,Microtubule inhibitor
A-172,plate1,Paclitaxel,"[('Paclitaxel', 0.05, 'uM')]",G2M,-0.17283999453363422,2021,4780,Microtubule inhibitor
A-172,plate1,Tubulin inhibitor 6,"[('Tubulin inhibitor 6', 0.05, 'uM')]",G1,-0.44189391497577274,1364,4780,Microtubule inhibitor
A-172,plate1,Tubulin inhibitor 6,"[('Tubulin inhibitor 6', 0.05, 'uM')]",S,0.615463277064916,1364,4780,Microtubule inhibitor
A-172,plate1,Tubulin inhibitor 6,"[('Tubulin inhibitor 6', 0.05, 'uM')]",G2M,0.22164129740445151,1364,4780,Microtubule inhibitor
A-172,plate1,palbociclib,"[('palbociclib', 0.05, 'uM')]",G1,0.06011133075726902,1080,4780,CDK inhibitor
A-172,plate1,palbociclib,"[('palbociclib', 0.05, 'uM')]",S,0.25661003448890646,1080,4780,CDK inhibitor
A-172,plate1,palbociclib,"[('palbociclib', 0.05, 'uM')]",G2M,-0.16917033764846082,1080,4780,CDK inhibitor
A-172,plate1,vincristine,"[('vincristine', 0.05, 'uM')]",G1,-0.15390446839353644,1341,4780,Microtubule inhibitor
A-172,plate1,vincristine,"[('vincristine', 0.05, 'uM')]",S,-0.006572543629083499,1341,4780,Microtubule inhibitor
A-172,plate1,vincristine,"[('vincristine', 0.05, 'uM')]",G2M,0.17188466206785397,1341,4780,Microtubule inhibitor
A-172,plate10,Belinostat,"[('Belinostat', 0.05, 'uM')]",G1,0.012210291366791496,1165,3730,HDAC inhibitor
A-172,plate10,Belinostat,"[('Belinostat', 0.05, 'uM')]",S,-0.7472995982058747,1165,3730,HDAC inhibitor
A-172,plate10,Belinostat,"[('Belinostat', 0.05, 'uM')]",G2M,0.1921165844808516,1165,3730,HDAC inhibitor
A-172,plate10,Carbamazepine,"[('Carbamazepine', 0.05, 'uM')]",G1,-0.06814344580415298,1208,3730,HDAC inhibitor
A-172,plate10,Carbamazepine,"[('Carbamazepine', 0.05, 'uM')]",S,-0.41188324701018764,1208,3730,HDAC inhibitor
A-172,plate10,Carbamazepine,"[('Carbamazepine', 0.05, 'uM')]",G2M,0.2085110227315203,1208,3730,HDAC inhibitor
A-172,plate10,Panobinostat,"[('Panobinostat', 0.05, 'uM')]",G1,-0.15943998809073287,1384,3730,HDAC inhibitor
A-172,plate10,Panobinostat,"[('Panobinostat', 0.05, 'uM')]",S,-0.875408701085636,1384,3730,HDAC inhibitor
A-172,plate10,Panobinostat,"[('Panobinostat', 0.05, 'uM')]",G2M,0.4068279896983891,1384,3730,HDAC inhibitor
A-172,plate11,Belinostat,"[('Belinostat', 0.5, 'uM')]",G1,-0.9865357743639025,592,3356,HDAC inhibitor
A-172,plate11,Belinostat,"[('Belinostat', 0.5, 'uM')]",S,1.1693133092122245,592,3356,HDAC inhibitor
A-172,plate11,Belinostat,"[('Belinostat', 0.5, 'uM')]",G2M,0.6715015592410132,592,3356,HDAC inhibitor
A-172,plate11,Carbamazepine,"[('Carbamazepine', 0.5, 'uM')]",G1,0.10550555646852217,1087,3356,HDAC inhibitor
A-172,plate11,Carbamazepine,"[('Carbamazepine', 0.5, 'uM')]",S,0.15944281735353869,1087,3356,HDAC inhibitor
A-172,plate11,Carbamazepine,"[('Carbamazepine', 0.5, 'uM')]",G2M,-0.1863312028425065,1087,3356,HDAC inhibitor
A-172,plate11,Panobinostat,"[('Panobinostat', 0.5, 'uM')]",G1,-1.6825163691004879,960,3356,HDAC inhibitor
A-172,plate11,Panobinostat,"[('Panobinostat', 0.5, 'uM')]",S,1.5398850912504203,960,3356,HDAC inhibitor
A-172,plate11,Panobinostat,"[('Panobinostat', 0.5, 'uM')]",G2M,1.241998365663525,960,3356,HDAC inhibitor
A-172,plate12,Belinostat,"[('Belinostat', 5.0, 'uM')]",G1,-1.2436399798969588,1042,3106,HDAC inhibitor
A-172,plate12,Belinostat,"[('Belinostat', 5.0, 'uM')]",S,0.8455096252543832,1042,3106,HDAC inhibitor
A-172,plate12,Belinostat,"[('Belinostat', 5.0, 'uM')]",G2M,1.0563843005179032,1042,3106,HDAC inhibitor
A-172,plate12,Carbamazepine,"[('Carbamazepine', 5.0, 'uM')]",G1,-0.3642482504375501,1066,3106,HDAC inhibitor
A-172,plate12,Carbamazepine,"[('Carbamazepine', 5.0, 'uM')]",S,0.3672326383882175,1066,3106,HDAC inhibitor
A-172,plate12,Carbamazepine,"[('Carbamazepine', 5.0, 'uM')]",G2M,0.2826856771722282,1066,3106,HDAC inhibitor
A-172,plate12,Panobinostat,"[('Panobinostat', 5.0, 'uM')]",G1,-1.2146948659379762,846,3106,HDAC inhibitor
A-172,plate12,Panobinostat,"[('Panobinostat', 5.0, 'uM')]",S,0.9813480537656215,846,3106,HDAC inhibitor
A-172,plate12,Panobinostat,"[('Panobinostat', 5.0, 'uM')]",G2M,0.9579562623694877,846,3106,HDAC inhibitor
A-172,plate13,Abemaciclib,"[('Abemaciclib', 0.05, 'uM')]",G1,0.18334406616678636,1666,1945,CDK inhibitor
A-172,plate13,Abemaciclib,"[('Abemaciclib', 0.05, 'uM')]",S,-0.08849640445975064,1666,1945,CDK inhibitor
A-172,plate13,Abemaciclib,"[('Abemaciclib', 0.05, 'uM')]",G2M,-0.19338564624896326,1666,1945,CDK inhibitor
A-172,plate13,Ribociclib,"[('Ribociclib', 0.05, 'uM')]",G1,-0.0623617106688407,1988,1945,CDK inhibitor
A-172,plate13,Ribociclib,"[('Ribociclib', 0.05, 'uM')]",S,-0.02145566404883334,1988,1945,CDK inhibitor
A-172,plate13,Ribociclib,"[('Ribociclib', 0.05, 'uM')]",G2M,0.08508267528176074,1988,1945,CDK inhibitor
A-172,plate13,Ribociclib,"[('Ribociclib', 0.5, 'uM')]",G1,0.04408043391315532,1695,1945,CDK inhibitor
A-172,plate13,Ribociclib,"[('Ribociclib', 0.5, 'uM')]",S,-0.2083026620160895,1695,1945,CDK inhibitor
A-172,plate13,Ribociclib,"[('Ribociclib', 0.5, 'uM')]",G2M,0.024179671660797132,1695,1945,CDK inhibitor
A-172,plate13,Ribociclib,"[('Ribociclib', 5.0, 'uM')]",G1,0.04268625400204427,1870,1945,CDK inhibitor
A-172,plate13,Ribociclib,"[('Ribociclib', 5.0, 'uM')]",S,-0.12147442733561707,1870,1945,CDK inhibitor
A-172,plate13,Ribociclib,"[('Ribociclib', 5.0, 'uM')]",G2M,-0.0056578513273810955,1870,1945,CDK inhibitor
A-172,plate14,Docetaxel,"[('Docetaxel', 5.0, 'uM')]",G1,0.1710741380766075,2754,3012,Microtubule inhibitor
A-172,plate14,Docetaxel,"[('Docetaxel', 5.0, 'uM')]",S,-0.47723698926744784,2754,3012,Microtubule inhibitor
A-172,plate14,Docetaxel,"[('Docetaxel', 5.0, 'uM')]",G2M,0.021097253175581757,2754,3012,Microtubule inhibitor
A-172,plate14,Tucidinostat,"[('Tucidinostat', 5.0, 'uM')]",G1,0.037564565311133884,2313,3012,HDAC inhibitor
A-172,plate14,Tucidinostat,"[('Tucidinostat', 5.0, 'uM')]",S,0.008142496506811203,2313,3012,HDAC inhibitor
A-172,plate14,Tucidinostat,"[('Tucidinostat', 5.0, 'uM')]",G2M,-0.048012638831119274,2313,3012,HDAC inhibitor
A-172,plate14,Vinblastine (sulfate),"[('Vinblastine (sulfate)', 5.0, 'uM')]",G1,0.01115803485141987,2207,3012,Microtubule inhibitor
A-172,plate14,Vinblastine (sulfate),"[('Vinblastine (sulfate)', 5.0, 'uM')]",S,-0.45136911824617865,2207,3012,Microtubule inhibitor
A-172,plate14,Vinblastine (sulfate),"[('Vinblastine (sulfate)', 5.0, 'uM')]",G2M,0.1907550406069057,2207,3012,Microtubule inhibitor
A-172,plate2,Abemaciclib,"[('Abemaciclib', 0.5, 'uM')]",G1,-0.053995958309468454,2580,7359,CDK inhibitor
A-172,plate2,Abemaciclib,"[('Abemaciclib', 0.5, 'uM')]",S,-0.04405980521269306,2580,7359,CDK inhibitor
A-172,plate2,Abemaciclib,"[('Abemaciclib', 0.5, 'uM')]",G2M,0.09237442382024619,2580,7359,CDK inhibitor
A-172,plate2,Paclitaxel,"[('Paclitaxel', 0.5, 'uM')]",G1,0.04532258442984029,3872,7359,Microtubule inhibitor
A-172,plate2,Paclitaxel,"[('Paclitaxel', 0.5, 'uM')]",S,-0.2804865482866202,3872,7359,Microtubule inhibitor
A-172,plate2,Paclitaxel,"[('Paclitaxel', 0.5, 'uM')]",G2M,0.10124580192561888,3872,7359,Microtubule inhibitor
A-172,plate2,Tubulin inhibitor 6,"[('Tubulin inhibitor 6', 0.5, 'uM')]",G1,-0.1770039045558388,3700,7359,Microtubule inhibitor
A-172,plate2,Tubulin inhibitor 6,"[('Tubulin inhibitor 6', 0.5, 'uM')]",S,0.1948414763300711,3700,7359,Microtubule inhibitor
A-172,plate2,Tubulin inhibitor 6,"[('Tubulin inhibitor 6', 0.5, 'uM')]",G2M,0.0948931654377936,3700,7359,Microtubule inhibitor
A-172,plate2,palbociclib,"[('palbociclib', 0.5, 'uM')]",G1,1.528182672923533,2198,7359,CDK inhibitor
A-172,plate2,palbociclib,"[('palbociclib', 0.5, 'uM')]",S,-2.380618411618558,2198,7359,CDK inhibitor
A-172,plate2,palbociclib,"[('palbociclib', 0.5, 'uM')]",G2M,-0.9232588643902305,2198,7359,CDK inhibitor
A-172,plate2,vincristine,"[('vincristine', 0.5, 'uM')]",G1,-0.2571822577217502,1019,7359,Microtubule inhibitor
A-172,plate2,vincristine,"[('vincristine', 0.5, 'uM')]",S,-0.3960622862149517,1019,7359,Microtubule inhibitor
A-172,plate2,vincristine,"[('vincristine', 0.5, 'uM')]",G2M,0.5016625093147181,1019,7359,Microtubule inhibitor
A-172,plate3,Abemaciclib,"[('Abemaciclib', 5.0, 'uM')]",G1,0.31309079564648157,1265,3254,CDK inhibitor
A-172,plate3,Abemaciclib,"[('Abemaciclib', 5.0, 'uM')]",S,-1.05823167494473,1265,3254,CDK inhibitor
A-172,plate3,Abemaciclib,"[('Abemaciclib', 5.0, 'uM')]",G2M,0.1290883200633288,1265,3254,CDK inhibitor
A-172,plate3,Paclitaxel,"[('Paclitaxel', 5.0, 'uM')]",G1,0.41977710101226484,3544,3254,Microtubule inhibitor
A-172,plate3,Paclitaxel,"[('Paclitaxel', 5.0, 'uM')]",S,-1.0356381015343887,3544,3254,Microtubule inhibitor
A-172,plate3,Paclitaxel,"[('Paclitaxel', 5.0, 'uM')]",G2M,0.002742432954302361,3544,3254,Microtubule inhibitor
A-172,plate3,Tubulin inhibitor 6,"[('Tubulin inhibitor 6', 5.0, 'uM')]",G1,-0.4020935896159796,897,3254,Microtubule inhibitor
A-172,plate3,Tubulin inhibitor 6,"[('Tubulin inhibitor 6', 5.0, 'uM')]",S,-0.05296009504401867,897,3254,Microtubule inhibitor
A-172,plate3,Tubulin inhibitor 6,"[('Tubulin inhibitor 6', 5.0, 'uM')]",G2M,0.47284251736232646,897,3254,Microtubule inhibitor
A-172,plate3,palbociclib,"[('palbociclib', 5.0, 'uM')]",G1,1.361376433301767,1233,3254,CDK inhibitor
A-172,plate3,palbociclib,"[('palbociclib', 5.0, 'uM')]",S,-1.800288966243368,1233,3254,CDK inhibitor
A-172,plate3,palbociclib,"[('palbociclib', 5.0, 'uM')]",G2M,-0.8280927983516526,1233,3254,CDK inhibitor
A-172,plate3,vincristine,"[('vincristine', 5.0, 'uM')]",G1,-0.41563398606579555,882,3254,Microtubule inhibitor
A-172,plate3,vincristine,"[('vincristine', 5.0, 'uM')]",S,-0.4997149209237239,882,3254,Microtubule inhibitor
A-172,plate3,vincristine,"[('vincristine', 5.0, 'uM')]",G2M,0.6950525901496655,882,3254,Microtubule inhibitor
A-172,plate4,Docetaxel,"[('Docetaxel', 0.05, 'uM')]",G1,-0.8036014095361328,408,4876,Microtubule inhibitor
A-172,plate4,Docetaxel,"[('Docetaxel', 0.05, 'uM')]",S,-0.06576286956747651,408,4876,Microtubule inhibitor
A-172,plate4,Docetaxel,"[('Docetaxel', 0.05, 'uM')]",G2M,0.8786673236258494,408,4876,Microtubule inhibitor
A-172,plate4,Tucidinostat,"[('Tucidinostat', 0.05, 'uM')]",G1,0.2996182342667471,2438,4876,HDAC inhibitor
A-172,plate4,Tucidinostat,"[('Tucidinostat', 0.05, 'uM')]",S,-0.07579277652052485,2438,4876,HDAC inhibitor
A-172,plate4,Tucidinostat,"[('Tucidinostat', 0.05, 'uM')]",G2M,-0.3125267923437334,2438,4876,HDAC inhibitor
A-172,plate4,Vinblastine (sulfate),"[('Vinblastine (sulfate)', 0.05, 'uM')]",G1,-0.5176090326709312,2538,4876,Microtubule inhibitor
A-172,plate4,Vinblastine (sulfate),"[('Vinblastine (sulfate)', 0.05, 'uM')]",S,0.04784001696864715,2538,4876,Microtubule inhibitor
A-172,plate4,Vinblastine (sulfate),"[('Vinblastine (sulfate)', 0.05, 'uM')]",G2M,0.5433379630053434,2538,4876,Microtubule inhibitor
A-172,plate5,Docetaxel,"[('Docetaxel', 0.5, 'uM')]",G1,-0.25925778733237903,2420,6487,Microtubule inhibitor
A-172,plate5,Docetaxel,"[('Docetaxel', 0.5, 'uM')]",S,-0.5139551730574776,2420,6487,Microtubule inhibitor
A-172,plate5,Docetaxel,"[('Docetaxel', 0.5, 'uM')]",G2M,0.4609436566940985,2420,6487,Microtubule inhibitor
A-172,plate5,Tucidinostat,"[('Tucidinostat', 0.5, 'uM')]",G1,0.6514151637431363,2023,6487,HDAC inhibitor
A-172,plate5,Tucidinostat,"[('Tucidinostat', 0.5, 'uM')]",S,-0.7519378598408023,2023,6487,HDAC inhibitor
A-172,plate5,Tucidinostat,"[('Tucidinostat', 0.5, 'uM')]",G2M,-0.4531976590202828,2023,6487,HDAC inhibitor
A-172,plate5,Vinblastine (sulfate),"[('Vinblastine (sulfate)', 0.5, 'uM')]",G1,0.09031070485487308,1053,6487,Microtubule inhibitor
A-172,plate5,Vinblastine (sulfate),"[('Vinblastine (sulfate)', 0.5, 'uM')]",S,-0.4050262295163716,1053,6487,Microtubule inhibitor
A-172,plate5,Vinblastine (sulfate),"[('Vinblastine (sulfate)', 0.5, 'uM')]",G2M,0.058347500623725006,1053,6487,Microtubule inhibitor
A-172,plate6,Docetaxel,"[('Docetaxel', 5.0, 'uM')]",G1,-0.07573902359971563,1098,6853,Microtubule inhibitor
A-172,plate6,Docetaxel,"[('Docetaxel', 5.0, 'uM')]",S,-0.8031794400519839,1098,6853,Microtubule inhibitor
A-172,plate6,Docetaxel,"[('Docetaxel', 5.0, 'uM')]",G2M,0.33924152648579503,1098,6853,Microtubule inhibitor
A-172,plate6,Tucidinostat,"[('Tucidinostat', 5.0, 'uM')]",G1,1.129862580440873,1663,6853,HDAC inhibitor
A-172,plate6,Tucidinostat,"[('Tucidinostat', 5.0, 'uM')]",S,-1.821046147899134,1663,6853,HDAC inhibitor
A-172,plate6,Tucidinostat,"[('Tucidinostat', 5.0, 'uM')]",G2M,-0.7537231711804425,1663,6853,HDAC inhibitor
A-172,plate6,Vinblastine (sulfate),"[('Vinblastine (sulfate)', 5.0, 'uM')]",G1,0.03421499336385949,1343,6853,Microtubule inhibitor
A-172,plate6,Vinblastine (sulfate),"[('Vinblastine (sulfate)', 5.0, 'uM')]",S,-0.7210357386160432,1343,6853,Microtubule inhibitor
A-172,plate6,Vinblastine (sulfate),"[('Vinblastine (sulfate)', 5.0, 'uM')]",G2M,0.20212962382570432,1343,6853,Microtubule inhibitor
A-172,plate7,Dinaciclib,"[('Dinaciclib', 0.05, 'uM')]",G1,-2.439248086875994,193,1489,CDK inhibitor
A-172,plate7,Dinaciclib,"[('Dinaciclib', 0.05, 'uM')]",S,0.8623571970089039,193,1489,CDK inhibitor
A-172,plate7,Dinaciclib,"[('Dinaciclib', 0.05, 'uM')]",G2M,2.182162319320522,193,1489,CDK inhibitor
A-172,plate7,Docetaxel (Trihydrate),"[('Docetaxel (Trihydrate)', 0.05, 'uM')]",G1,-0.38452210005799037,734,1489,Microtubule inhibitor
A-172,plate7,Docetaxel (Trihydrate),"[('Docetaxel (Trihydrate)', 0.05, 'uM')]",S,-0.05573039050780159,734,1489,Microtubule inhibitor
A-172,plate7,Docetaxel (Trihydrate),"[('Docetaxel (Trihydrate)', 0.05, 'uM')]",G2M,0.4665658206839653,734,1489,Microtubule inhibitor
A-172,plate7,Mebendazole,"[('Mebendazole', 0.05, 'uM')]",G1,-0.012787875146537765,1220,1489,Microtubule inhibitor
A-172,plate7,Mebendazole,"[('Mebendazole', 0.05, 'uM')]",S,-0.1447228396017234,1220,1489,Microtubule inhibitor
A-172,plate7,Mebendazole,"[('Mebendazole', 0.05, 'uM')]",G2M,0.0700344226415205,1220,1489,Microtubule inhibitor
A-172,plate8,Dinaciclib,"[('Dinaciclib', 0.5, 'uM')]",G1,-1.7101385614827602,390,3938,CDK inhibitor
A-172,plate8,Dinaciclib,"[('Dinaciclib', 0.5, 'uM')]",S,1.188705224040674,390,3938,CDK inhibitor
A-172,plate8,Dinaciclib,"[('Dinaciclib', 0.5, 'uM')]",G2M,1.525211592298599,390,3938,CDK inhibitor
A-172,plate8,Docetaxel (Trihydrate),"[('Docetaxel (Trihydrate)', 0.5, 'uM')]",G1,-0.04665103871996943,1093,3938,Microtubule inhibitor
A-172,plate8,Docetaxel (Trihydrate),"[('Docetaxel (Trihydrate)', 0.5, 'uM')]",S,-0.7260342236815266,1093,3938,Microtubule inhibitor
A-172,plate8,Docetaxel (Trihydrate),"[('Docetaxel (Trihydrate)', 0.5, 'uM')]",G2M,0.2880036660286064,1093,3938,Microtubule inhibitor
A-172,plate8,Mebendazole,"[('Mebendazole', 0.5, 'uM')]",G1,-0.03873125107819178,1530,3938,Microtubule inhibitor
A-172,plate8,Mebendazole,"[('Mebendazole', 0.5, 'uM')]",S,-0.17752109157916465,1530,3938,Microtubule inhibitor
A-172,plate8,Mebendazole,"[('Mebendazole', 0.5, 'uM')]",G2M,0.1188748123781134,1530,3938,Microtubule inhibitor
A-172,plate9,Dinaciclib,"[('Dinaciclib', 5.0, 'uM')]",G1,-2.295819484377955,155,2262,CDK inhibitor
A-172,plate9,Dinaciclib,"[('Dinaciclib', 5.0, 'uM')]",S,1.1469040622047546,155,2262,CDK inhibitor
A-172,plate9,Dinaciclib,"[('Dinaciclib', 5.0, 'uM')]",G2M,1.8782976186746776,155,2262,CDK inhibitor
A-172,plate9,Docetaxel (Trihydrate),"[('Docetaxel (Trihydrate)', 5.0, 'uM')]",G1,0.24829132793759826,936,2262,Microtubule inhibitor
A-172,plate9,Docetaxel (Trihydrate),"[('Docetaxel (Trihydrate)', 5.0, 'uM')]",S,-0.9659250531806066,936,2262,Microtubule inhibitor
A-172,plate9,Docetaxel (Trihydrate),"[('Docetaxel (Trihydrate)', 5.0, 'uM')]",G2M,0.013053524865446,936,2262,Microtubule inhibitor
A-172,plate9,Mebendazole,"[('Mebendazole', 5.0, 'uM')]",G1,0.0825340439722264,2814,2262,Microtubule inhibitor
A-172,plate9,Mebendazole,"[('Mebendazole', 5.0, 'uM')]",S,-0.7809983344224528,2814,2262,Microtubule inhibitor
A-172,plate9,Mebendazole,"[('Mebendazole', 5.0, 'uM')]",G2M,0.15109750258807994,2814,2262,Microtubule inhibitor
A-427,plate1,Paclitaxel,"[('Paclitaxel', 0.05, 'uM')]",G1,0.21698295600406453,877,2641,Microtubule inhibitor
A-427,plate1,Paclitaxel,"[('Paclitaxel', 0.05, 'uM')]",S,0.16346662419787628,877,2641,Microtubule inhibitor
A-427,plate1,Paclitaxel,"[('Paclitaxel', 0.05, 'uM')]",G2M,-0.34918977880367263,877,2641,Microtubule inhibitor
A-427,plate1,Tubulin inhibitor 6,"[('Tubulin inhibitor 6', 0.05, 'uM')]",G1,-0.08311739785279698,688,2641,Microtubule inhibitor
A-427,plate1,Tubulin inhibitor 6,"[('Tubulin inhibitor 6', 0.05, 'uM')]",S,0.44871150563210516,688,2641,Microtubule inhibitor
A-427,plate1,Tubulin inhibitor 6,"[('Tubulin inhibitor 6', 0.05, 'uM')]",G2M,-0.20093823272855735,688,2641,Microtubule inhibitor
A-427,plate1,palbociclib,"[('palbociclib', 0.05, 'uM')]",G1,0.14230362752404477,578,2641,CDK inhibitor
A-427,plate1,palbociclib,"[('palbociclib', 0.05, 'uM')]",S,0.055522564620363694,578,2641,CDK inhibitor
A-427,plate1,palbociclib,"[('palbociclib', 0.05, 'uM')]",G2M,-0.188978463496824,578,2641,CDK inhibitor
A-427,plate1,vincristine,"[('vincristine', 0.05, 'uM')]",G1,0.001151189281097644,556,2641,Microtubule inhibitor
A-427,plate1,vincristine,"[('vincristine', 0.05, 'uM')]",S,-0.08988332717996071,556,2641,Microtubule inhibitor
A-427,plate1,vincristine,"[('vincristine', 0.05, 'uM')]",G2M,0.054411489946452986,556,2641,Microtubule inhibitor
A-427,plate10,Belinostat,"[('Belinostat', 0.05, 'uM')]",G1,-0.164427551319109,1014,2601,HDAC inhibitor
A-427,plate10,Belinostat,"[('Belinostat', 0.05, 'uM')]",S,0.10575709616723968,1014,2601,HDAC inhibitor
A-427,plate10,Belinostat,"[('Belinostat', 0.05, 'uM')]",G2M,0.1456478256961853,1014,2601,HDAC inhibitor
A-427,plate10,Carbamazepine,"[('Carbamazepine', 0.05, 'uM')]",G1,0.00019870503158364906,1012,2601,HDAC inhibitor
A-427,plate10,Carbamazepine,"[('Carbamazepine', 0.05, 'uM')]",S,-0.026729438022339874,1012,2601,HDAC inhibitor
A-427,plate10,Carbamazepine,"[('Carbamazepine', 0.05, 'uM')]",G2M,0.010384135745508302,1012,2601,HDAC inhibitor
A-427,plate10,Panobinostat,"[('Panobinostat', 0.05, 'uM')]",G1,-0.24697344616441597,1483,2601,HDAC inhibitor
A-427,plate10,Panobinostat,"[('Panobinostat', 0.05, 'uM')]",S,0.785867413032777,1483,2601,HDAC inhibitor
A-427,plate10,Panobinostat,"[('Panobinostat', 0.05, 'uM')]",G2M,-0.04752291242408334,1483,2601,HDAC inhibitor
A-427,plate11,Belinostat,"[('Belinostat', 0.5, 'uM')]",G1,-0.4159995394566225,431,1794,HDAC inhibitor
A-427,plate11,Belinostat,"[('Belinostat', 0.5, 'uM')]",S,0.08058592592305622,431,1794,HDAC inhibitor
A-427,plate11,Belinostat,"[('Belinostat', 0.5, 'uM')]",G2M,0.36939680581099354,431,1794,HDAC inhibitor
A-427,plate11,Carbamazepine,"[('Carbamazepine', 0.5, 'uM')]",G1,0.21048580581808465,809,1794,HDAC inhibitor
A-427,plate11,Carbamazepine,"[('Carbamazepine', 0.5, 'uM')]",S,-0.1739122908911979,809,1794,HDAC inhibitor
A-427,plate11,Carbamazepine,"[('Carbamazepine', 0.5, 'uM')]",G2M,-0.12676609812351886,809,1794,HDAC inhibitor
A-427,plate11,Panobinostat,"[('Panobinostat', 0.5, 'uM')]",G1,-1.6051532188804287,798,1794,HDAC inhibitor
A-427,plate11,Panobinostat,"[('Panobinostat', 0.5, 'uM')]",S,1.9924079022197128,798,1794,HDAC inhibitor
A-427,plate11,Panobinostat,"[('Panobinostat', 0.5, 'uM')]",G2M,-0.17062636432798986,798,1794,HDAC inhibitor
A-427,plate12,Belinostat,"[('Belinostat', 5.0, 'uM')]",G1,-1.8135846692667041,1356,2700,HDAC inhibitor
A-427,plate12,Belinostat,"[('Belinostat', 5.0, 'uM')]",S,1.6452741989673694,1356,2700,HDAC inhibitor
A-427,plate12,Belinostat,"[('Belinostat', 5.0, 'uM')]",G2M,0.32333684511073985,1356,2700,HDAC inhibitor
A-427,plate12,Carbamazepine,"[('Carbamazepine', 5.0, 'uM')]",G1,-0.07319755468212406,933,2700,HDAC inhibitor
A-427,plate12,Carbamazepine,"[('Carbamazepine', 5.0, 'uM')]",S,0.06307015029295146,933,2700,HDAC inhibitor
A-427,plate12,Carbamazepine,"[('Carbamazepine', 5.0, 'uM')]",G2M,0.042960575162078934,933,2700,HDAC inhibitor
A-427,plate12,Panobinostat,"[('Panobinostat', 5.0, 'uM')]",G1,-1.766679896637453,1044,2700,HDAC inhibitor
A-427,plate12,Panobinostat,"[('Panobinostat', 5.0, 'uM')]",S,1.9526048198328265,1044,2700,HDAC inhibitor
A-427,plate12,Panobinostat,"[('Panobinostat', 5.0, 'uM')]",G2M,-0.008057611755072537,1044,2700,HDAC inhibitor
A-427,plate13,Abemaciclib,"[('Abemaciclib', 0.05, 'uM')]",G1,-0.21798768147270448,1679,2033,CDK inhibitor
A-427,plate13,Abemaciclib,"[('Abemaciclib', 0.05, 'uM')]",S,0.21192322435712757,1679,2033,CDK inhibitor
A-427,plate13,Abemaciclib,"[('Abemaciclib', 0.05, 'uM')]",G2M,0.12896045276698587,1679,2033,CDK inhibitor
A-427,plate13,Ribociclib,"[('Ribociclib', 0.05, 'uM')]",G1,0.009093902807548892,1371,2033,CDK inhibitor
A-427,plate13,Ribociclib,"[('Ribociclib', 0.05, 'uM')]",S,0.11814522403387152,1371,2033,CDK inhibitor
A-427,plate13,Ribociclib,"[('Ribociclib', 0.05, 'uM')]",G2M,-0.0687112009429816,1371,2033,CDK inhibitor
A-427,plate13,Ribociclib,"[('Ribociclib', 0.5, 'uM')]",G1,-0.11871854787095326,1208,2033,CDK inhibitor
A-427,plate13,Ribociclib,"[('Ribociclib', 0.5, 'uM')]",S,-0.027792525987245777,1208,2033,CDK inhibitor
A-427,plate13,Ribociclib,"[('Ribociclib', 0.5, 'uM')]",G2M,0.14243514762612478,1208,2033,CDK inhibitor
A-427,plate13,Ribociclib,"[('Ribociclib', 5.0, 'uM')]",G1,0.022646033311470793,1323,2033,CDK inhibitor
A-427,plate13,Ribociclib,"[('Ribociclib', 5.0, 'uM')]",S,-0.07143265702240409,1323,2033,CDK inhibitor
A-427,plate13,Ribociclib,"[('Ribociclib', 5.0, 'uM')]",G2M,0.01004554543220465,1323,2033,CDK inhibitor
A-427,plate14,Docetaxel,"[('Docetaxel', 5.0, 'uM')]",G1,-0.24034727905707118,1118,1394,Microtubule inhibitor
A-427,plate14,Docetaxel,"[('Docetaxel', 5.0, 'uM')]",S,-0.3193422026982409,1118,1394,Microtubule inhibitor
A-427,plate14,Docetaxel,"[('Docetaxel', 5.0, 'uM')]",G2M,0.5207486577503062,1118,1394,Microtubule inhibitor
A-427,plate14,Tucidinostat,"[('Tucidinostat', 5.0, 'uM')]",G1,-0.27476054171011344,1098,1394,HDAC inhibitor
A-427,plate14,Tucidinostat,"[('Tucidinostat', 5.0, 'uM')]",S,0.18228930610285318,1098,1394,HDAC inhibitor
A-427,plate14,Tucidinostat,"[('Tucidinostat', 5.0, 'uM')]",G2M,0.15992244260433883,1098,1394,HDAC inhibitor
A-427,plate14,Vinblastine (sulfate),"[('Vinblastine (sulfate)', 5.0, 'uM')]",G1,0.7034009083834167,967,1394,Microtubule inhibitor
A-427,plate14,Vinblastine (sulfate),"[('Vinblastine (sulfate)', 5.0, 'uM')]",S,-0.6504459546187658,967,1394,Microtubule inhibitor
A-427,plate14,Vinblastine (sulfate),"[('Vinblastine (sulfate)', 5.0, 'uM')]",G2M,-0.3562958418955504,967,1394,Microtubule inhibitor
A-427,plate2,Abemaciclib,"[('Abemaciclib', 0.5, 'uM')]",G1,0.2842448834934579,1201,3530,CDK inhibitor
A-427,plate2,Abemaciclib,"[('Abemaciclib', 0.5, 'uM')]",S,-0.30159156204292975,1201,3530,CDK inhibitor
A-427,plate2,Abemaciclib,"[('Abemaciclib', 0.5, 'uM')]",G2M,-0.08415407093026998,1201,3530,CDK inhibitor
A-427,plate2,Paclitaxel,"[('Paclitaxel', 0.5, 'uM')]",G1,0.45113090730365013,1509,3530,Microtubule inhibitor
A-427,plate2,Paclitaxel,"[('Paclitaxel', 0.5, 'uM')]",S,-0.28718683047828636,1509,3530,Microtubule inhibitor
A-427,plate2,Paclitaxel,"[('Paclitaxel', 0.5, 'uM')]",G2M,-0.31302255961026076,1509,3530,Microtubule inhibitor
A-427,plate2,Tubulin inhibitor 6,"[('Tubulin inhibitor 6', 0.5, 'uM')]",G1,0.3008125843873443,1772,3530,Microtubule inhibitor
A-427,plate2,Tubulin inhibitor 6,"[('Tubulin inhibitor 6', 0.5, 'uM')]",S,-0.18924434876069682,1772,3530,Microtubule inhibitor
A-427,plate2,Tubulin inhibitor 6,"[('Tubulin inhibitor 6', 0.5, 'uM')]",G2M,-0.20413763863144466,1772,3530,Microtubule inhibitor
A-427,plate2,palbociclib,"[('palbociclib', 0.5, 'uM')]",G1,1.5869820482663473,946,3530,CDK inhibitor
A-427,plate2,palbociclib,"[('palbociclib', 0.5, 'uM')]",S,-0.7269402619279489,946,3530,CDK inhibitor
A-427,plate2,palbociclib,"[('palbociclib', 0.5, 'uM')]",G2M,-1.6777167730225637,946,3530,CDK inhibitor
A-427,plate2,vincristine,"[('vincristine', 0.5, 'uM')]",G1,0.46383945223960504,496,3530,Microtubule inhibitor
A-427,plate2,vincristine,"[('vincristine', 0.5, 'uM')]",S,-0.6388208770855256,496,3530,Microtubule inhibitor
A-427,plate2,vincristine,"[('vincristine', 0.5, 'uM')]",G2M,-0.040654330235196594,496,3530,Microtubule inhibitor
A-427,plate3,Abemaciclib,"[('Abemaciclib', 5.0, 'uM')]",G1,0.829818255663502,419,1718,CDK inhibitor
A-427,plate3,Abemaciclib,"[('Abemaciclib', 5.0, 'uM')]",S,-0.3403368063494491,419,1718,CDK inhibitor
A-427,plate3,Abemaciclib,"[('Abemaciclib', 5.0, 'uM')]",G2M,-0.6819915911702032,419,1718,CDK inhibitor
A-427,plate3,Paclitaxel,"[('Paclitaxel', 5.0, 'uM')]",G1,0.8266409785588091,1142,1718,Microtubule inhibitor
A-427,plate3,Paclitaxel,"[('Paclitaxel', 5.0, 'uM')]",S,-0.4696275761963978,1142,1718,Microtubule inhibitor
A-427,plate3,Paclitaxel,"[('Paclitaxel', 5.0, 'uM')]",G2M,-0.5885367034636817,1142,1718,Microtubule inhibitor
A-427,plate3,Tubulin inhibitor 6,"[('Tubulin inhibitor 6', 5.0, 'uM')]",G1,0.20064836287225793,515,1718,Microtubule inhibitor
A-427,plate3,Tubulin inhibitor 6,"[('Tubulin inhibitor 6', 5.0, 'uM')]",S,0.14314902885780686,515,1718,Microtubule inhibitor
A-427,plate3,Tubulin inhibitor 6,"[('Tubulin inhibitor 6', 5.0, 'uM')]",G2M,-0.3231643699717058,515,1718,Microtubule inhibitor
A-427,plate3,palbociclib,"[('palbociclib', 5.0, 'uM')]",G1,2.4632792740758482,594,1718,CDK inhibitor
A-427,plate3,palbociclib,"[('palbociclib', 5.0, 'uM')]",S,-2.0330781401629747,594,1718,CDK inhibitor
A-427,plate3,palbociclib,"[('palbociclib', 5.0, 'uM')]",G2M,-1.782979718166558,594,1718,CDK inhibitor
A-427,plate3,vincristine,"[('vincristine', 5.0, 'uM')]",G1,1.06087860047493,702,1718,Microtubule inhibitor
A-427,plate3,vincristine,"[('vincristine', 5.0, 'uM')]",S,-0.9779359337577134,702,1718,Microtubule inhibitor
A-427,plate3,vincristine,"[('vincristine', 5.0, 'uM')]",G2M,-0.5516594709048644,702,1718,Microtubule inhibitor
A-427,plate4,Docetaxel,"[('Docetaxel', 0.05, 'uM')]",G1,-0.20074526066516651,523,2679,Microtubule inhibitor
A-427,plate4,Docetaxel,"[('Docetaxel', 0.05, 'uM')]",S,-0.3005347653973027,523,2679,Microtubule inhibitor
A-427,plate4,Docetaxel,"[('Docetaxel', 0.05, 'uM')]",G2M,0.368615881515613,523,2679,Microtubule inhibitor
A-427,plate4,Tucidinostat,"[('Tucidinostat', 0.05, 'uM')]",G1,0.2463799993702337,1045,2679,HDAC inhibitor
A-427,plate4,Tucidinostat,"[('Tucidinostat', 0.05, 'uM')]",S,0.03762047803321441,1045,2679,HDAC inhibitor
A-427,plate4,Tucidinostat,"[('Tucidinostat', 0.05, 'uM')]",G2M,-0.2887905844996729,1045,2679,HDAC inhibitor
A-427,plate4,Vinblastine (sulfate),"[('Vinblastine (sulfate)', 0.05, 'uM')]",G1,0.07649653167264968,1399,2679,Microtubule inhibitor
A-427,plate4,Vinblastine (sulfate),"[('Vinblastine (sulfate)', 0.05, 'uM')]",S,0.354186263300491,1399,2679,Microtubule inhibitor
A-427,plate4,Vinblastine (sulfate),"[('Vinblastine (sulfate)', 0.05, 'uM')]",G2M,-0.3133250121407874,1399,2679,Microtubule inhibitor
A-427,plate5,Docetaxel,"[('Docetaxel', 0.5, 'uM')]",G1,-0.17222903067622955,1581,3812,Microtubule inhibitor
A-427,plate5,Docetaxel,"[('Docetaxel', 0.5, 'uM')]",S,-0.3741929997921058,1581,3812,Microtubule inhibitor
A-427,plate5,Docetaxel,"[('Docetaxel', 0.5, 'uM')]",G2M,0.3760312472022293,1581,3812,Microtubule inhibitor
A-427,plate5,Tucidinostat,"[('Tucidinostat', 0.5, 'uM')]",G1,-0.07060931015624874,1306,3812,HDAC inhibitor
A-427,plate5,Tucidinostat,"[('Tucidinostat', 0.5, 'uM')]",S,0.4377379910764697,1306,3812,HDAC inhibitor
A-427,plate5,Tucidinostat,"[('Tucidinostat', 0.5, 'uM')]",G2M,-0.24118359945544388,1306,3812,HDAC inhibitor
A-427,plate5,Vinblastine (sulfate),"[('Vinblastine (sulfate)', 0.5, 'uM')]",G1,1.090509866847246,680,3812,Microtubule inhibitor
A-427,plate5,Vinblastine (sulfate),"[('Vinblastine (sulfate)', 0.5, 'uM')]",S,-0.4773520135979954,680,3812,Microtubule inhibitor
A-427,plate5,Vinblastine (sulfate),"[('Vinblastine (sulfate)', 0.5, 'uM')]",G2M,-0.8534854441670235,680,3812,Microtubule inhibitor
A-427,plate6,Docetaxel,"[('Docetaxel', 5.0, 'uM')]",G1,-0.08138193392494945,782,3809,Microtubule inhibitor
A-427,plate6,Docetaxel,"[('Docetaxel', 5.0, 'uM')]",S,-0.157169327615909,782,3809,Microtubule inhibitor
A-427,plate6,Docetaxel,"[('Docetaxel', 5.0, 'uM')]",G2M,0.17551418024120174,782,3809,Microtubule inhibitor
A-427,plate6,Tucidinostat,"[('Tucidinostat', 5.0, 'uM')]",G1,0.22926229465776274,1104,3809,HDAC inhibitor
A-427,plate6,Tucidinostat,"[('Tucidinostat', 5.0, 'uM')]",S,0.6797197209761024,1104,3809,HDAC inhibitor
A-427,plate6,Tucidinostat,"[('Tucidinostat', 5.0, 'uM')]",G2M,-0.7575821852575557,1104,3809,HDAC inhibitor
A-427,plate6,Vinblastine (sulfate),"[('Vinblastine (sulfate)', 5.0, 'uM')]",G1,1.2551733234998443,903,3809,Microtubule inhibitor
A-427,plate6,Vinblastine (sulfate),"[('Vinblastine (sulfate)', 5.0, 'uM')]",S,-0.7100928486778992,903,3809,Microtubule inhibitor
A-427,plate6,Vinblastine (sulfate),"[('Vinblastine (sulfate)', 5.0, 'uM')]",G2M,-0.9388702027346962,903,3809,Microtubule inhibitor
A-427,plate7,Dinaciclib,"[('Dinaciclib', 0.05, 'uM')]",G1,-1.6041383645789855,52,1524,CDK inhibitor
A-427,plate7,Dinaciclib,"[('Dinaciclib', 0.05, 'uM')]",S,1.3868299726035842,52,1524,CDK inhibitor
A-427,plate7,Dinaciclib,"[('Dinaciclib', 0.05, 'uM')]",G2M,0.2909384917327947,52,1524,CDK inhibitor
A-427,plate7,Docetaxel (Trihydrate),"[('Docetaxel (Trihydrate)', 0.05, 'uM')]",G1,0.026214678715531937,620,1524,Microtubule inhibitor
A-427,plate7,Docetaxel (Trihydrate),"[('Docetaxel (Trihydrate)', 0.05, 'uM')]",S,-0.5671295832457249,620,1524,Microtubule inhibitor
A-427,plate7,Docetaxel (Trihydrate),"[('Docetaxel (Trihydrate)', 0.05, 'uM')]",G2M,0.26037345029785547,620,1524,Microtubule inhibitor
A-427,plate7,Mebendazole,"[('Mebendazole', 0.05, 'uM')]",G1,-0.07404738846046581,1050,1524,Microtubule inhibitor
A-427,plate7,Mebendazole,"[('Mebendazole', 0.05, 'uM')]",S,-0.48262764423045834,1050,1524,Microtubule inhibitor
A-427,plate7,Mebendazole,"[('Mebendazole', 0.05, 'uM')]",G2M,0.3174892064291099,1050,1524,Microtubule inhibitor
A-427,plate8,Dinaciclib,"[('Dinaciclib', 0.5, 'uM')]",G1,-1.10402229816904,96,3218,CDK inhibitor
A-427,plate8,Dinaciclib,"[('Dinaciclib', 0.5, 'uM')]",S,1.0959838834819045,96,3218,CDK inhibitor
A-427,plate8,Dinaciclib,"[('Dinaciclib', 0.5, 'uM')]",G2M,0.5390135312348251,96,3218,CDK inhibitor
A-427,plate8,Docetaxel (Trihydrate),"[('Docetaxel (Trihydrate)', 0.5, 'uM')]",G1,-0.23834078257037924,1119,3218,Microtubule inhibitor
A-427,plate8,Docetaxel (Trihydrate),"[('Docetaxel (Trihydrate)', 0.5, 'uM')]",S,-0.7374156468600879,1119,3218,Microtubule inhibitor
A-427,plate8,Docetaxel (Trihydrate),"[('Docetaxel (Trihydrate)', 0.5, 'uM')]",G2M,0.5495739397822479,1119,3218,Microtubule inhibitor
A-427,plate8,Mebendazole,"[('Mebendazole', 0.5, 'uM')]",G1,-0.03978565077061796,1443,3218,Microtubule inhibitor
A-427,plate8,Mebendazole,"[('Mebendazole', 0.5, 'uM')]",S,-0.28014535431064774,1443,3218,Microtubule inhibitor
A-427,plate8,Mebendazole,"[('Mebendazole', 0.5, 'uM')]",G2M,0.17469439911425713,1443,3218,Microtubule inhibitor
A-427,plate9,Docetaxel (Trihydrate),"[('Docetaxel (Trihydrate)', 5.0, 'uM')]",G1,0.17579397031621102,884,1962,Microtubule inhibitor
A-427,plate9,Docetaxel (Trihydrate),"[('Docetaxel (Trihydrate)', 5.0, 'uM')]",S,-0.48053610272267505,884,1962,Microtubule inhibitor
A-427,plate9,Docetaxel (Trihydrate),"[('Docetaxel (Trihydrate)', 5.0, 'uM')]",G2M,0.05226261255027115,884,1962,Microtubule inhibitor
A-427,plate9,Mebendazole,"[('Mebendazole', 5.0, 'uM')]",G1,-0.0931960289390931,1135,1962,Microtubule inhibitor
A-427,plate9,Mebendazole,"[('Mebendazole', 5.0, 'uM')]",S,-0.18868560549681745,1135,1962,Microtubule inhibitor
A-427,plate9,Mebendazole,"[('Mebendazole', 5.0, 'uM')]",G2M,0.18591820311423032,1135,1962,Microtubule inhibitor
A498,plate1,Paclitaxel,"[('Paclitaxel', 0.05, 'uM')]",G1,0.20612281665437918,1797,3761,Microtubule inhibitor
A498,plate1,Paclitaxel,"[('Paclitaxel', 0.05, 'uM')]",S,-0.05564782467457581,1797,3761,Microtubule inhibitor
A498,plate1,Paclitaxel,"[('Paclitaxel', 0.05, 'uM')]",G2M,-0.20307157626662792,1797,3761,Microtubule inhibitor
A498,plate1,Tubulin inhibitor 6,"[('Tubulin inhibitor 6', 0.05, 'uM')]",G1,-0.20290431888174404,1021,3761,Microtubule inhibitor
A498,plate1,Tubulin inhibitor 6,"[('Tubulin inhibitor 6', 0.05, 'uM')]",S,0.16248609792311972,1021,3761,Microtubule inhibitor
A498,plate1,Tubulin inhibitor 6,"[('Tubulin inhibitor 6', 0.05, 'uM')]",G2M,0.152718341487359,1021,3761,Microtubule inhibitor
A498,plate1,palbociclib,"[('palbociclib', 0.05, 'uM')]",G1,0.2007377821411044,775,3761,CDK inhibitor
A498,plate1,palbociclib,"[('palbociclib', 0.05, 'uM')]",S,-0.2804761723081415,775,3761,CDK inhibitor
A498,plate1,palbociclib,"[('palbociclib', 0.05, 'uM')]",G2M,-0.1098984915442517,775,3761,CDK inhibitor
A498,plate1,vincristine,"[('vincristine', 0.05, 'uM')]",G1,-0.004934339091552119,1058,3761,Microtubule inhibitor
A498,plate1,vincristine,"[('vincristine', 0.05, 'uM')]",S,0.25293392580293017,1058,3761,Microtubule inhibitor
A498,plate1,vincristine,"[('vincristine', 0.05, 'uM')]",G2M,-0.10218392450499718,1058,3761,Microtubule inhibitor
A498,plate10,Belinostat,"[('Belinostat', 0.05, 'uM')]",G1,-0.4265665474963667,2120,6931,HDAC inhibitor
A498,plate10,Belinostat,"[('Belinostat', 0.05, 'uM')]",S,-0.009320362883546722,2120,6931,HDAC inhibitor
A498,plate10,Belinostat,"[('Belinostat', 0.05, 'uM')]",G2M,0.4659128385916196,2120,6931,HDAC inhibitor
A498,plate10,Carbamazepine,"[('Carbamazepine', 0.05, 'uM')]",G1,-0.31209759560134004,1786,6931,HDAC inhibitor
A498,plate10,Carbamazepine,"[('Carbamazepine', 0.05, 'uM')]",S,-0.1692743409095794,1786,6931,HDAC inhibitor
A498,plate10,Carbamazepine,"[('Carbamazepine', 0.05, 'uM')]",G2M,0.3776070006186717,1786,6931,HDAC inhibitor
A498,plate10,Panobinostat,"[('Panobinostat', 0.05, 'uM')]",G1,-0.8384540974816478,2757,6931,HDAC inhibitor
A498,plate10,Panobinostat,"[('Panobinostat', 0.05, 'uM')]",S,0.4242965593122196,2757,6931,HDAC inhibitor
A498,plate10,Panobinostat,"[('Panobinostat', 0.05, 'uM')]",G2M,0.7964072530919785,2757,6931,HDAC inhibitor
A498,plate11,Belinostat,"[('Belinostat', 0.5, 'uM')]",G1,-0.9947425314356293,1405,6157,HDAC inhibitor
A498,plate11,Belinostat,"[('Belinostat', 0.5, 'uM')]",S,0.792536486042519,1405,6157,HDAC inhibitor
A498,plate11,Belinostat,"[('Belinostat', 0.5, 'uM')]",G2M,0.6369854098815313,1405,6157,HDAC inhibitor
A498,plate11,Carbamazepine,"[('Carbamazepine', 0.5, 'uM')]",G1,0.04326953123005737,1747,6157,HDAC inhibitor
A498,plate11,Carbamazepine,"[('Carbamazepine', 0.5, 'uM')]",S,0.11409749086139222,1747,6157,HDAC inhibitor
A498,plate11,Carbamazepine,"[('Carbamazepine', 0.5, 'uM')]",G2M,-0.0799017665499134,1747,6157,HDAC inhibitor
A498,plate11,Panobinostat,"[('Panobinostat', 0.5, 'uM')]",G1,-2.02807903252163,2273,6157,HDAC inhibitor
A498,plate11,Panobinostat,"[('Panobinostat', 0.5, 'uM')]",S,1.1386463953756605,2273,6157,HDAC inhibitor
A498,plate11,Panobinostat,"[('Panobinostat', 0.5, 'uM')]",G2M,1.2394200287123263,2273,6157,HDAC inhibitor
A498,plate12,Belinostat,"[('Belinostat', 5.0, 'uM')]",G1,-2.1283952123317618,3011,4450,HDAC inhibitor
A498,plate12,Belinostat,"[('Belinostat', 5.0, 'uM')]",S,0.9289028486569486,3011,4450,HDAC inhibitor
A498,plate12,Belinostat,"[('Belinostat', 5.0, 'uM')]",G2M,1.4463778086773107,3011,4450,HDAC inhibitor
A498,plate12,Carbamazepine,"[('Carbamazepine', 5.0, 'uM')]",G1,-0.46814679936305537,1726,4450,HDAC inhibitor
A498,plate12,Carbamazepine,"[('Carbamazepine', 5.0, 'uM')]",S,0.07127001784903093,1726,4450,HDAC inhibitor
A498,plate12,Carbamazepine,"[('Carbamazepine', 5.0, 'uM')]",G2M,0.45320595241993944,1726,4450,HDAC inhibitor
A498,plate12,Panobinostat,"[('Panobinostat', 5.0, 'uM')]",G1,-2.0893789934567915,1663,4450,HDAC inhibitor
A498,plate12,Panobinostat,"[('Panobinostat', 5.0, 'uM')]",S,0.9969336837175073,1663,4450,HDAC inhibitor
A498,plate12,Panobinostat,"[('Panobinostat', 5.0, 'uM')]",G2M,1.3782260615007094,1663,4450,HDAC inhibitor
A498,plate13,Abemaciclib,"[('Abemaciclib', 0.05, 'uM')]",G1,-0.29180517365350306,2801,2774,CDK inhibitor
A498,plate13,Abemaciclib,"[('Abemaciclib', 0.05, 'uM')]",S,0.5617541962538978,2801,2774,CDK inhibitor
A498,plate13,Abemaciclib,"[('Abemaciclib', 0.05, 'uM')]",G2M,0.11988921473175218,2801,2774,CDK inhibitor
A498,plate13,Ribociclib,"[('Ribociclib', 0.05, 'uM')]",G1,0.2361910898638675,3420,2774,CDK inhibitor
A498,plate13,Ribociclib,"[('Ribociclib', 0.05, 'uM')]",S,-0.060762894786194135,3420,2774,CDK inhibitor
A498,plate13,Ribociclib,"[('Ribociclib', 0.05, 'uM')]",G2M,-0.23518925321453668,3420,2774,CDK inhibitor
A498,plate13,Ribociclib,"[('Ribociclib', 0.5, 'uM')]",G1,0.23193536508360446,2356,2774,CDK inhibitor
A498,plate13,Ribociclib,"[('Ribociclib', 0.5, 'uM')]",S,-0.01797656060657178,2356,2774,CDK inhibitor
A498,plate13,Ribociclib,"[('Ribociclib', 0.5, 'uM')]",G2M,-0.24268839778729998,2356,2774,CDK inhibitor
A498,plate13,Ribociclib,"[('Ribociclib', 5.0, 'uM')]",G1,0.2877175949640379,3312,2774,CDK inhibitor
A498,plate13,Ribociclib,"[('Ribociclib', 5.0, 'uM')]",S,-0.2281522037572199,3312,2774,CDK inhibitor
A498,plate13,Ribociclib,"[('Ribociclib', 5.0, 'uM')]",G2M,-0.24465653923590064,3312,2774,CDK inhibitor
A498,plate14,Docetaxel,"[('Docetaxel', 5.0, 'uM')]",G1,0.1699957322868196,2194,2710,Microtubule inhibitor
A498,plate14,Docetaxel,"[('Docetaxel', 5.0, 'uM')]",S,-0.2180090463257967,2194,2710,Microtubule inhibitor
A498,plate14,Docetaxel,"[('Docetaxel', 5.0, 'uM')]",G2M,-0.07162842505971544,2194,2710,Microtubule inhibitor
A498,plate14,Tucidinostat,"[('Tucidinostat', 5.0, 'uM')]",G1,-0.028073953764320807,2204,2710,HDAC inhibitor
A498,plate14,Tucidinostat,"[('Tucidinostat', 5.0, 'uM')]",S,0.03168540310494145,2204,2710,HDAC inhibitor
A498,plate14,Tucidinostat,"[('Tucidinostat', 5.0, 'uM')]",G2M,0.013395658140435179,2204,2710,HDAC inhibitor
A498,plate14,Vinblastine (sulfate),"[('Vinblastine (sulfate)', 5.0, 'uM')]",G1,0.37369123690905043,2133,2710,Microtubule inhibitor
A498,plate14,Vinblastine (sulfate),"[('Vinblastine (sulfate)', 5.0, 'uM')]",S,-0.537042144802183,2133,2710,Microtubule inhibitor
A498,plate14,Vinblastine (sulfate),"[('Vinblastine (sulfate)', 5.0, 'uM')]",G2M,-0.14709648928797026,2133,2710,Microtubule inhibitor
A498,plate2,Abemaciclib,"[('Abemaciclib', 0.5, 'uM')]",G1,-0.1240981067664301,2392,6793,CDK inhibitor
A498,plate2,Abemaciclib,"[('Abemaciclib', 0.5, 'uM')]",S,-0.01901704696011833,2392,6793,CDK inhibitor
A498,plate2,Abemaciclib,"[('Abemaciclib', 0.5, 'uM')]",G2M,0.1597789424727789,2392,6793,CDK inhibitor
A498,plate2,Paclitaxel,"[('Paclitaxel', 0.5, 'uM')]",G1,0.3731031003576583,2953,6793,Microtubule inhibitor
A498,plate2,Paclitaxel,"[('Paclitaxel', 0.5, 'uM')]",S,-0.4625499692452084,2953,6793,Microtubule inhibitor
A498,plate2,Paclitaxel,"[('Paclitaxel', 0.5, 'uM')]",G2M,-0.16996330708828128,2953,6793,Microtubule inhibitor
A498,plate2,Tubulin inhibitor 6,"[('Tubulin inhibitor 6', 0.5, 'uM')]",G1,0.20745408186906894,2827,6793,Microtubule inhibitor
A498,plate2,Tubulin inhibitor 6,"[('Tubulin inhibitor 6', 0.5, 'uM')]",S,-0.42705015478151004,2827,6793,Microtubule inhibitor
A498,plate2,Tubulin inhibitor 6,"[('Tubulin inhibitor 6', 0.5, 'uM')]",G2M,0.009148153180813568,2827,6793,Microtubule inhibitor
A498,plate2,palbociclib,"[('palbociclib', 0.5, 'uM')]",G1,1.885724667255305,1809,6793,CDK inhibitor
A498,plate2,palbociclib,"[('palbociclib', 0.5, 'uM')]",S,-2.472263785463447,1809,6793,CDK inhibitor
A498,plate2,palbociclib,"[('palbociclib', 0.5, 'uM')]",G2M,-1.216211352612773,1809,6793,CDK inhibitor
A498,plate2,vincristine,"[('vincristine', 0.5, 'uM')]",G1,-0.30753383852272564,796,6793,Microtubule inhibitor
A498,plate2,vincristine,"[('vincristine', 0.5, 'uM')]",S,0.017747923275440204,796,6793,Microtubule inhibitor
A498,plate2,vincristine,"[('vincristine', 0.5, 'uM')]",G2M,0.3478634726922503,796,6793,Microtubule inhibitor
A498,plate3,Abemaciclib,"[('Abemaciclib', 5.0, 'uM')]",G1,0.2863286498265121,567,2773,CDK inhibitor
A498,plate3,Abemaciclib,"[('Abemaciclib', 5.0, 'uM')]",S,-0.5573129058440722,567,2773,CDK inhibitor
A498,plate3,Abemaciclib,"[('Abemaciclib', 5.0, 'uM')]",G2M,-0.02643841975253441,567,2773,CDK inhibitor
A498,plate3,Paclitaxel,"[('Paclitaxel', 5.0, 'uM')]",G1,0.4226099682621232,2798,2773,Microtubule inhibitor
A498,plate3,Paclitaxel,"[('Paclitaxel', 5.0, 'uM')]",S,-0.4881027576099233,2798,2773,Microtubule inhibitor
A498,plate3,Paclitaxel,"[('Paclitaxel', 5.0, 'uM')]",G2M,-0.22072851229775287,2798,2773,Microtubule inhibitor
A498,plate3,Tubulin inhibitor 6,"[('Tubulin inhibitor 6', 5.0, 'uM')]",G1,0.08662091649270455,650,2773,Microtubule inhibitor
A498,plate3,Tubulin inhibitor 6,"[('Tubulin inhibitor 6', 5.0, 'uM')]",S,-0.037879588557614634,650,2773,Microtubule inhibitor
A498,plate3,Tubulin inhibitor 6,"[('Tubulin inhibitor 6', 5.0, 'uM')]",G2M,-0.0727984417088093,650,2773,Microtubule inhibitor
A498,plate3,palbociclib,"[('palbociclib', 5.0, 'uM')]",G1,2.116122914930273,903,2773,CDK inhibitor
A498,plate3,palbociclib,"[('palbociclib', 5.0, 'uM')]",S,-2.4569586580696923,903,2773,CDK inhibitor
A498,plate3,palbociclib,"[('palbociclib', 5.0, 'uM')]",G2M,-1.516252694926452,903,2773,CDK inhibitor
A498,plate3,vincristine,"[('vincristine', 5.0, 'uM')]",G1,-0.3392914364631661,951,2773,Microtubule inhibitor
A498,plate3,vincristine,"[('vincristine', 5.0, 'uM')]",S,-0.12154350313322046,951,2773,Microtubule inhibitor
A498,plate3,vincristine,"[('vincristine', 5.0, 'uM')]",G2M,0.4392052183318935,951,2773,Microtubule inhibitor
A498,plate4,Docetaxel,"[('Docetaxel', 0.05, 'uM')]",G1,-0.11947497640661832,698,4614,Microtubule inhibitor
A498,plate4,Docetaxel,"[('Docetaxel', 0.05, 'uM')]",S,0.04832636706405281,698,4614,Microtubule inhibitor
A498,plate4,Docetaxel,"[('Docetaxel', 0.05, 'uM')]",G2M,0.11329171195501114,698,4614,Microtubule inhibitor
A498,plate4,Tucidinostat,"[('Tucidinostat', 0.05, 'uM')]",G1,0.11086966516715172,2318,4614,HDAC inhibitor
A498,plate4,Tucidinostat,"[('Tucidinostat', 0.05, 'uM')]",S,0.003040495506812147,2318,4614,HDAC inhibitor
A498,plate4,Tucidinostat,"[('Tucidinostat', 0.05, 'uM')]",G2M,-0.12410782733591731,2318,4614,HDAC inhibitor
A498,plate4,Vinblastine (sulfate),"[('Vinblastine (sulfate)', 0.05, 'uM')]",G1,-0.24039382697509323,2600,4614,Microtubule inhibitor
A498,plate4,Vinblastine (sulfate),"[('Vinblastine (sulfate)', 0.05, 'uM')]",S,0.37000306030890806,2600,4614,Microtubule inhibitor
A498,plate4,Vinblastine (sulfate),"[('Vinblastine (sulfate)', 0.05, 'uM')]",G2M,0.08761336907527885,2600,4614,Microtubule inhibitor
A498,plate5,Docetaxel,"[('Docetaxel', 0.5, 'uM')]",G1,0.14144822161692375,2320,5743,Microtubule inhibitor
A498,plate5,Docetaxel,"[('Docetaxel', 0.5, 'uM')]",S,-0.39640076400434304,2320,5743,Microtubule inhibitor
A498,plate5,Docetaxel,"[('Docetaxel', 0.5, 'uM')]",G2M,0.03741248816706378,2320,5743,Microtubule inhibitor
A498,plate5,Tucidinostat,"[('Tucidinostat', 0.5, 'uM')]",G1,0.5596402943246389,1858,5743,HDAC inhibitor
A498,plate5,Tucidinostat,"[('Tucidinostat', 0.5, 'uM')]",S,-0.1695380558221591,1858,5743,HDAC inhibitor
A498,plate5,Tucidinostat,"[('Tucidinostat', 0.5, 'uM')]",G2M,-0.522685250799784,1858,5743,HDAC inhibitor
A498,plate5,Vinblastine (sulfate),"[('Vinblastine (sulfate)', 0.5, 'uM')]",G1,0.5247698721461477,881,5743,Microtubule inhibitor
A498,plate5,Vinblastine (sulfate),"[('Vinblastine (sulfate)', 0.5, 'uM')]",S,-0.44399991740914385,881,5743,Microtubule inhibitor
A498,plate5,Vinblastine (sulfate),"[('Vinblastine (sulfate)', 0.5, 'uM')]",G2M,-0.35052371468716453,881,5743,Microtubule inhibitor
A498,plate6,Docetaxel,"[('Docetaxel', 5.0, 'uM')]",G1,0.16429174800178767,1105,5753,Microtubule inhibitor
A498,plate6,Docetaxel,"[('Docetaxel', 5.0, 'uM')]",S,-0.6504366348178824,1105,5753,Microtubule inhibitor
A498,plate6,Docetaxel,"[('Docetaxel', 5.0, 'uM')]",G2M,0.1369907300257809,1105,5753,Microtubule inhibitor
A498,plate6,Tucidinostat,"[('Tucidinostat', 5.0, 'uM')]",G1,1.0192614141177778,1571,5753,HDAC inhibitor
A498,plate6,Tucidinostat,"[('Tucidinostat', 5.0, 'uM')]",S,-0.8574555710980863,1571,5753,HDAC inhibitor
A498,plate6,Tucidinostat,"[('Tucidinostat', 5.0, 'uM')]",G2M,-0.724109227273444,1571,5753,HDAC inhibitor
A498,plate6,Vinblastine (sulfate),"[('Vinblastine (sulfate)', 5.0, 'uM')]",G1,0.4929335416785922,1029,5753,Microtubule inhibitor
A498,plate6,Vinblastine (sulfate),"[('Vinblastine (sulfate)', 5.0, 'uM')]",S,-0.5074224795655258,1029,5753,Microtubule inhibitor
A498,plate6,Vinblastine (sulfate),"[('Vinblastine (sulfate)', 5.0, 'uM')]",G2M,-0.2758163633949535,1029,5753,Microtubule inhibitor
A498,plate7,Dinaciclib,"[('Dinaciclib', 0.05, 'uM')]",G1,-1.6365517393302458,840,2769,CDK inhibitor
A498,plate7,Dinaciclib,"[('Dinaciclib', 0.05, 'uM')]",S,0.9611203851093497,840,2769,CDK inhibitor
A498,plate7,Dinaciclib,"[('Dinaciclib', 0.05, 'uM')]",G2M,0.9537311324671737,840,2769,CDK inhibitor
A498,plate7,Docetaxel (Trihydrate),"[('Docetaxel (Trihydrate)', 0.05, 'uM')]",G1,-0.05796071553678677,1227,2769,Microtubule inhibitor
A498,plate7,Docetaxel (Trihydrate),"[('Docetaxel (Trihydrate)', 0.05, 'uM')]",S,-0.5233642671494171,1227,2769,Microtubule inhibitor
A498,plate7,Docetaxel (Trihydrate),"[('Docetaxel (Trihydrate)', 0.05, 'uM')]",G2M,0.24055375363256157,1227,2769,Microtubule inhibitor
A498,plate7,Mebendazole,"[('Mebendazole', 0.05, 'uM')]",G1,-0.1540240052303586,2233,2769,Microtubule inhibitor
A498,plate7,Mebendazole,"[('Mebendazole', 0.05, 'uM')]",S,-0.2757562379600525,2233,2769,Microtubule inhibitor
A498,plate7,Mebendazole,"[('Mebendazole', 0.05, 'uM')]",G2M,0.25684446264541644,2233,2769,Microtubule inhibitor
A498,plate8,Dinaciclib,"[('Dinaciclib', 0.5, 'uM')]",G1,-0.9452058039518985,1775,5111,CDK inhibitor
A498,plate8,Dinaciclib,"[('Dinaciclib', 0.5, 'uM')]",S,1.1749340323380546,1775,5111,CDK inhibitor
A498,plate8,Dinaciclib,"[('Dinaciclib', 0.5, 'uM')]",G2M,0.5311136678057851,1775,5111,CDK inhibitor
A498,plate8,Docetaxel (Trihydrate),"[('Docetaxel (Trihydrate)', 0.5, 'uM')]",G1,-0.21192459429164828,1813,5111,Microtubule inhibitor
A498,plate8,Docetaxel (Trihydrate),"[('Docetaxel (Trihydrate)', 0.5, 'uM')]",S,-0.38073840989524416,1813,5111,Microtubule inhibitor
A498,plate8,Docetaxel (Trihydrate),"[('Docetaxel (Trihydrate)', 0.5, 'uM')]",G2M,0.3516160733440555,1813,5111,Microtubule inhibitor
A498,plate8,Mebendazole,"[('Mebendazole', 0.5, 'uM')]",G1,-0.12524769534010527,1940,5111,Microtubule inhibitor
A498,plate8,Mebendazole,"[('Mebendazole', 0.5, 'uM')]",S,-0.5569399220836893,1940,5111,Microtubule inhibitor
A498,plate8,Mebendazole,"[('Mebendazole', 0.5, 'uM')]",G2M,0.3008963813685643,1940,5111,Microtubule inhibitor
A498,plate9,Dinaciclib,"[('Dinaciclib', 5.0, 'uM')]",G1,-2.3894173127929257,755,4078,CDK inhibitor
A498,plate9,Dinaciclib,"[('Dinaciclib', 5.0, 'uM')]",S,1.4654132162191316,755,4078,CDK inhibitor
A498,plate9,Dinaciclib,"[('Dinaciclib', 5.0, 'uM')]",G2M,1.0597230339490762,755,4078,CDK inhibitor
A498,plate9,Docetaxel (Trihydrate),"[('Docetaxel (Trihydrate)', 5.0, 'uM')]",G1,0.3396569414308666,1230,4078,Microtubule inhibitor
A498,plate9,Docetaxel (Trihydrate),"[('Docetaxel (Trihydrate)', 5.0, 'uM')]",S,-0.4572593011616371,1230,4078,Microtubule inhibitor
A498,plate9,Docetaxel (Trihydrate),"[('Docetaxel (Trihydrate)', 5.0, 'uM')]",G2M,-0.20615164591749668,1230,4078,Microtubule inhibitor
A498,plate9,Mebendazole,"[('Mebendazole', 5.0, 'uM')]",G1,-0.18011000395380217,4573,4078,Microtubule inhibitor
A498,plate9,Mebendazole,"[('Mebendazole', 5.0, 'uM')]",S,-0.045490925131875116,4573,4078,Microtubule inhibitor
A498,plate9,Mebendazole,"[('Mebendazole', 5.0, 'uM')]",G2M,0.18783993670431728,4573,4078,Microtubule inhibitor
A549,plate1,Paclitaxel,"[('Paclitaxel', 0.05, 'uM')]",G1,-0.004055386578157406,2127,4862,Microtubule inhibitor
A549,plate1,Paclitaxel,"[('Paclitaxel', 0.05, 'uM')]",S,-0.12808578036473006,2127,4862,Microtubule inhibitor
A549,plate1,Paclitaxel,"[('Paclitaxel', 0.05, 'uM')]",G2M,0.01640705615290039,2127,4862,Microtubule inhibitor
A549,plate1,Tubulin inhibitor 6,"[('Tubulin inhibitor 6', 0.05, 'uM')]",G1,-0.0917394740278029,1684,4862,Microtubule inhibitor
A549,plate1,Tubulin inhibitor 6,"[('Tubulin inhibitor 6', 0.05, 'uM')]",S,-0.1376803888516316,1684,4862,Microtubule inhibitor
A549,plate1,Tubulin inhibitor 6,"[('Tubulin inhibitor 6', 0.05, 'uM')]",G2M,0.10815138824337307,1684,4862,Microtubule inhibitor
A549,plate1,palbociclib,"[('palbociclib', 0.05, 'uM')]",G1,0.2816167303782987,1186,4862,CDK inhibitor
A549,plate1,palbociclib,"[('palbociclib', 0.05, 'uM')]",S,0.3275755424834463,1186,4862,CDK inhibitor
A549,plate1,palbociclib,"[('palbociclib', 0.05, 'uM')]",G2M,-0.32873194948669104,1186,4862,CDK inhibitor
A549,plate1,vincristine,"[('vincristine', 0.05, 'uM')]",G1,-0.3482010872539565,1478,4862,Microtubule inhibitor
A549,plate1,vincristine,"[('vincristine', 0.05, 'uM')]",S,-0.4799898090965675,1478,4862,Microtubule inhibitor
A549,plate1,vincristine,"[('vincristine', 0.05, 'uM')]",G2M,0.39499750755934093,1478,4862,Microtubule inhibitor
A549,plate10,Belinostat,"[('Belinostat', 0.05, 'uM')]",G1,-0.6248687619735168,1834,4967,HDAC inhibitor
A549,plate10,Belinostat,"[('Belinostat', 0.05, 'uM')]",S,0.9827439691587354,1834,4967,HDAC inhibitor
A549,plate10,Belinostat,"[('Belinostat', 0.05, 'uM')]",G2M,0.5745975972795939,1834,4967,HDAC inhibitor
A549,plate10,Carbamazepine,"[('Carbamazepine', 0.05, 'uM')]",G1,-0.19693330654492797,1534,4967,HDAC inhibitor
A549,plate10,Carbamazepine,"[('Carbamazepine', 0.05, 'uM')]",S,0.5346315236944533,1534,4967,HDAC inhibitor
A549,plate10,Carbamazepine,"[('Carbamazepine', 0.05, 'uM')]",G2M,0.16907245855855338,1534,4967,HDAC inhibitor
A549,plate10,Panobinostat,"[('Panobinostat', 0.05, 'uM')]",G1,-0.962992111415962,2539,4967,HDAC inhibitor
A549,plate10,Panobinostat,"[('Panobinostat', 0.05, 'uM')]",S,0.9226118379176932,2539,4967,HDAC inhibitor
A549,plate10,Panobinostat,"[('Panobinostat', 0.05, 'uM')]",G2M,0.9279770787493958,2539,4967,HDAC inhibitor
A549,plate11,Belinostat,"[('Belinostat', 0.5, 'uM')]",G1,-1.0144778693698986,1048,4846,HDAC inhibitor
A549,plate11,Belinostat,"[('Belinostat', 0.5, 'uM')]",S,0.9713402353468011,1048,4846,HDAC inhibitor
A549,plate11,Belinostat,"[('Belinostat', 0.5, 'uM')]",G2M,0.8301569665248477,1048,4846,HDAC inhibitor
A549,plate11,Carbamazepine,"[('Carbamazepine', 0.5, 'uM')]",G1,-0.01172867499058069,1418,4846,HDAC inhibitor
A549,plate11,Carbamazepine,"[('Carbamazepine', 0.5, 'uM')]",S,0.10524334294109179,1418,4846,HDAC inhibitor
A549,plate11,Carbamazepine,"[('Carbamazepine', 0.5, 'uM')]",G2M,-0.004111802848332205,1418,4846,HDAC inhibitor
A549,plate11,Panobinostat,"[('Panobinostat', 0.5, 'uM')]",G1,-3.3820629196704615,2481,4846,HDAC inhibitor
A549,plate11,Panobinostat,"[('Panobinostat', 0.5, 'uM')]",S,2.6014184659071393,2481,4846,HDAC inhibitor
A549,plate11,Panobinostat,"[('Panobinostat', 0.5, 'uM')]",G2M,1.9188759948977996,2481,4846,HDAC inhibitor
A549,plate12,Belinostat,"[('Belinostat', 5.0, 'uM')]",G1,-3.708222854286161,2463,4023,HDAC inhibitor
A549,plate12,Belinostat,"[('Belinostat', 5.0, 'uM')]",S,3.298973139381358,2463,4023,HDAC inhibitor
A549,plate12,Belinostat,"[('Belinostat', 5.0, 'uM')]",G2M,2.462110351383145,2463,4023,HDAC inhibitor
A549,plate12,Carbamazepine,"[('Carbamazepine', 5.0, 'uM')]",G1,0.10809556594502161,1475,4023,HDAC inhibitor
A549,plate12,Carbamazepine,"[('Carbamazepine', 5.0, 'uM')]",S,-0.2869918549098967,1475,4023,HDAC inhibitor
A549,plate12,Carbamazepine,"[('Carbamazepine', 5.0, 'uM')]",G2M,-0.08345901978620543,1475,4023,HDAC inhibitor
A549,plate12,Panobinostat,"[('Panobinostat', 5.0, 'uM')]",G1,-4.39125949708434,1728,4023,HDAC inhibitor
A549,plate12,Panobinostat,"[('Panobinostat', 5.0, 'uM')]",S,3.8270212917271267,1728,4023,HDAC inhibitor
A549,plate12,Panobinostat,"[('Panobinostat', 5.0, 'uM')]",G2M,2.4298064645080037,1728,4023,HDAC inhibitor
A549,plate13,Abemaciclib,"[('Abemaciclib', 0.05, 'uM')]",G1,-0.14986916431081387,2451,2627,CDK inhibitor
A549,plate13,Abemaciclib,"[('Abemaciclib', 0.05, 'uM')]",S,-0.22957276874609472,2451,2627,CDK inhibitor
A549,plate13,Abemaciclib,"[('Abemaciclib', 0.05, 'uM')]",G2M,0.17519938841128482,2451,2627,CDK inhibitor
A549,plate13,Ribociclib,"[('Ribociclib', 0.05, 'uM')]",G1,0.06639851743985886,2380,2627,CDK inhibitor
A549,plate13,Ribociclib,"[('Ribociclib', 0.05, 'uM')]",S,0.2598612440745985,2380,2627,CDK inhibitor
A549,plate13,Ribociclib,"[('Ribociclib', 0.05, 'uM')]",G2M,-0.09691483044910525,2380,2627,CDK inhibitor
A549,plate13,Ribociclib,"[('Ribociclib', 0.5, 'uM')]",G1,-0.07066129299778531,1787,2627,CDK inhibitor
A549,plate13,Ribociclib,"[('Ribociclib', 0.5, 'uM')]",S,0.34292600470455586,1787,2627,CDK inhibitor
A549,plate13,Ribociclib,"[('Ribociclib', 0.5, 'uM')]",G2M,0.03834438411257162,1787,2627,CDK inhibitor
A549,plate13,Ribociclib,"[('Ribociclib', 5.0, 'uM')]",G1,-0.19384920368477734,2448,2627,CDK inhibitor
A549,plate13,Ribociclib,"[('Ribociclib', 5.0, 'uM')]",S,0.29883546316140736,2448,2627,CDK inhibitor
A549,plate13,Ribociclib,"[('Ribociclib', 5.0, 'uM')]",G2M,0.1719488038481245,2448,2627,CDK inhibitor
A549,plate14,Docetaxel,"[('Docetaxel', 5.0, 'uM')]",G1,-0.04658469485550385,2292,2687,Microtubule inhibitor
A549,plate14,Docetaxel,"[('Docetaxel', 5.0, 'uM')]",S,-1.0075183147345037,2292,2687,Microtubule inhibitor
A549,plate14,Docetaxel,"[('Docetaxel', 5.0, 'uM')]",G2M,0.16784083923800763,2292,2687,Microtubule inhibitor
A549,plate14,Tucidinostat,"[('Tucidinostat', 5.0, 'uM')]",G1,-0.04128789525981737,2266,2687,HDAC inhibitor
A549,plate14,Tucidinostat,"[('Tucidinostat', 5.0, 'uM')]",S,-0.09311479304095592,2266,2687,HDAC inhibitor
A549,plate14,Tucidinostat,"[('Tucidinostat', 5.0, 'uM')]",G2M,0.05907194303217331,2266,2687,HDAC inhibitor
A549,plate14,Vinblastine (sulfate),"[('Vinblastine (sulfate)', 5.0, 'uM')]",G1,-0.46520551938917115,1999,2687,Microtubule inhibitor
A549,plate14,Vinblastine (sulfate),"[('Vinblastine (sulfate)', 5.0, 'uM')]",S,0.07326057795338017,1999,2687,Microtubule inhibitor
A549,plate14,Vinblastine (sulfate),"[('Vinblastine (sulfate)', 5.0, 'uM')]",G2M,0.480321560735306,1999,2687,Microtubule inhibitor
A549,plate2,Abemaciclib,"[('Abemaciclib', 0.5, 'uM')]",G1,-0.8852835544305923,2579,7080,CDK inhibitor
A549,plate2,Abemaciclib,"[('Abemaciclib', 0.5, 'uM')]",S,1.363243593739738,2579,7080,CDK inhibitor
A549,plate2,Abemaciclib,"[('Abemaciclib', 0.5, 'uM')]",G2M,0.6584911018263145,2579,7080,CDK inhibitor
A549,plate2,Paclitaxel,"[('Paclitaxel', 0.5, 'uM')]",G1,-0.3609924698672036,4086,7080,Microtubule inhibitor
A549,plate2,Paclitaxel,"[('Paclitaxel', 0.5, 'uM')]",S,0.2688692401668936,4086,7080,Microtubule inhibitor
A549,plate2,Paclitaxel,"[('Paclitaxel', 0.5, 'uM')]",G2M,0.34359516153648095,4086,7080,Microtubule inhibitor
A549,plate2,Tubulin inhibitor 6,"[('Tubulin inhibitor 6', 0.5, 'uM')]",G1,-0.3248773063846439,3542,7080,Microtubule inhibitor
A549,plate2,Tubulin inhibitor 6,"[('Tubulin inhibitor 6', 0.5, 'uM')]",S,0.24937717853900665,3542,7080,Microtubule inhibitor
A549,plate2,Tubulin inhibitor 6,"[('Tubulin inhibitor 6', 0.5, 'uM')]",G2M,0.3085010986364382,3542,7080,Microtubule inhibitor
A549,plate2,palbociclib,"[('palbociclib', 0.5, 'uM')]",G1,0.5207414289486288,2438,7080,CDK inhibitor
A549,plate2,palbociclib,"[('palbociclib', 0.5, 'uM')]",S,-0.5946608917031878,2438,7080,CDK inhibitor
A549,plate2,palbociclib,"[('palbociclib', 0.5, 'uM')]",G2M,-0.47632580153848547,2438,7080,CDK inhibitor
A549,plate2,vincristine,"[('vincristine', 0.5, 'uM')]",G1,-1.0983112645037547,930,7080,Microtubule inhibitor
A549,plate2,vincristine,"[('vincristine', 0.5, 'uM')]",S,0.9344837161686363,930,7080,Microtubule inhibitor
A549,plate2,vincristine,"[('vincristine', 0.5, 'uM')]",G2M,0.9950657219221901,930,7080,Microtubule inhibitor
A549,plate3,Abemaciclib,"[('Abemaciclib', 5.0, 'uM')]",G1,-0.8237568927050771,809,2138,CDK inhibitor
A549,plate3,Abemaciclib,"[('Abemaciclib', 5.0, 'uM')]",S,1.1841280092011,809,2138,CDK inhibitor
A549,plate3,Abemaciclib,"[('Abemaciclib', 5.0, 'uM')]",G2M,0.4950571344253705,809,2138,CDK inhibitor
A549,plate3,Paclitaxel,"[('Paclitaxel', 5.0, 'uM')]",G1,0.1256145410979911,2914,2138,Microtubule inhibitor
A549,plate3,Paclitaxel,"[('Paclitaxel', 5.0, 'uM')]",S,-1.0332681339981145,2914,2138,Microtubule inhibitor
A549,plate3,Paclitaxel,"[('Paclitaxel', 5.0, 'uM')]",G2M,0.04736158374604286,2914,2138,Microtubule inhibitor
A549,plate3,Tubulin inhibitor 6,"[('Tubulin inhibitor 6', 5.0, 'uM')]",G1,0.14805636067634656,747,2138,Microtubule inhibitor
A549,plate3,Tubulin inhibitor 6,"[('Tubulin inhibitor 6', 5.0, 'uM')]",S,-0.09917879165895509,747,2138,Microtubule inhibitor
A549,plate3,Tubulin inhibitor 6,"[('Tubulin inhibitor 6', 5.0, 'uM')]",G2M,-0.13384379069809363,747,2138,Microtubule inhibitor
A549,plate3,palbociclib,"[('palbociclib', 5.0, 'uM')]",G1,1.040648607521865,999,2138,CDK inhibitor
A549,plate3,palbociclib,"[('palbociclib', 5.0, 'uM')]",S,-0.38904419896792264,999,2138,CDK inhibitor
A549,plate3,palbociclib,"[('palbociclib', 5.0, 'uM')]",G2M,-1.0669712310680781,999,2138,CDK inhibitor
A549,plate3,vincristine,"[('vincristine', 5.0, 'uM')]",G1,-0.8904645498910133,665,2138,Microtubule inhibitor
A549,plate3,vincristine,"[('vincristine', 5.0, 'uM')]",S,0.22983872801472657,665,2138,Microtubule inhibitor
A549,plate3,vincristine,"[('vincristine', 5.0, 'uM')]",G2M,0.8759369406618082,665,2138,Microtubule inhibitor
A549,plate4,Docetaxel,"[('Docetaxel', 0.05, 'uM')]",G1,-0.8224470504783657,575,5033,Microtubule inhibitor
A549,plate4,Docetaxel,"[('Docetaxel', 0.05, 'uM')]",S,1.0439740244024236,575,5033,Microtubule inhibitor
A549,plate4,Docetaxel,"[('Docetaxel', 0.05, 'uM')]",G2M,0.7087299063208504,575,5033,Microtubule inhibitor
A549,plate4,Tucidinostat,"[('Tucidinostat', 0.05, 'uM')]",G1,0.15533284548353343,2609,5033,HDAC inhibitor
A549,plate4,Tucidinostat,"[('Tucidinostat', 0.05, 'uM')]",S,-0.6254598126395736,2609,5033,HDAC inhibitor
A549,plate4,Tucidinostat,"[('Tucidinostat', 0.05, 'uM')]",G2M,-0.10088991358369662,2609,5033,HDAC inhibitor
A549,plate4,Vinblastine (sulfate),"[('Vinblastine (sulfate)', 0.05, 'uM')]",G1,-0.40117348701133665,2344,5033,Microtubule inhibitor
A549,plate4,Vinblastine (sulfate),"[('Vinblastine (sulfate)', 0.05, 'uM')]",S,-0.581334120756299,2344,5033,Microtubule inhibitor
A549,plate4,Vinblastine (sulfate),"[('Vinblastine (sulfate)', 0.05, 'uM')]",G2M,0.46844608279729893,2344,5033,Microtubule inhibitor
A549,plate5,Docetaxel,"[('Docetaxel', 0.5, 'uM')]",G1,-0.28916353346089907,2009,5418,Microtubule inhibitor
A549,plate5,Docetaxel,"[('Docetaxel', 0.5, 'uM')]",S,-0.932279060317067,2009,5418,Microtubule inhibitor
A549,plate5,Docetaxel,"[('Docetaxel', 0.5, 'uM')]",G2M,0.364027429224158,2009,5418,Microtubule inhibitor
A549,plate5,Tucidinostat,"[('Tucidinostat', 0.5, 'uM')]",G1,-0.1687175682911008,1822,5418,HDAC inhibitor
A549,plate5,Tucidinostat,"[('Tucidinostat', 0.5, 'uM')]",S,0.05526347905333388,1822,5418,HDAC inhibitor
A549,plate5,Tucidinostat,"[('Tucidinostat', 0.5, 'uM')]",G2M,0.1720433239105876,1822,5418,HDAC inhibitor
A549,plate5,Vinblastine (sulfate),"[('Vinblastine (sulfate)', 0.5, 'uM')]",G1,-0.9787245453581923,941,5418,Microtubule inhibitor
A549,plate5,Vinblastine (sulfate),"[('Vinblastine (sulfate)', 0.5, 'uM')]",S,0.6128794725345299,941,5418,Microtubule inhibitor
A549,plate5,Vinblastine (sulfate),"[('Vinblastine (sulfate)', 0.5, 'uM')]",G2M,0.9499580498696837,941,5418,Microtubule inhibitor
A549,plate6,Docetaxel,"[('Docetaxel', 5.0, 'uM')]",G1,-0.10998767272376037,1216,6420,Microtubule inhibitor
A549,plate6,Docetaxel,"[('Docetaxel', 5.0, 'uM')]",S,-0.018408998238058125,1216,6420,Microtubule inhibitor
A549,plate6,Docetaxel,"[('Docetaxel', 5.0, 'uM')]",G2M,0.11842852028901037,1216,6420,Microtubule inhibitor
A549,plate6,Tucidinostat,"[('Tucidinostat', 5.0, 'uM')]",G1,-0.5106127326149924,2055,6420,HDAC inhibitor
A549,plate6,Tucidinostat,"[('Tucidinostat', 5.0, 'uM')]",S,0.3302762461257807,2055,6420,HDAC inhibitor
A549,plate6,Tucidinostat,"[('Tucidinostat', 5.0, 'uM')]",G2M,0.5038034209571153,2055,6420,HDAC inhibitor
A549,plate6,Vinblastine (sulfate),"[('Vinblastine (sulfate)', 5.0, 'uM')]",G1,-0.9697045114139078,1286,6420,Microtubule inhibitor
A549,plate6,Vinblastine (sulfate),"[('Vinblastine (sulfate)', 5.0, 'uM')]",S,-0.4791703150003163,1286,6420,Microtubule inhibitor
A549,plate6,Vinblastine (sulfate),"[('Vinblastine (sulfate)', 5.0, 'uM')]",G2M,1.023022751069174,1286,6420,Microtubule inhibitor
A549,plate7,Dinaciclib,"[('Dinaciclib', 0.05, 'uM')]",G1,-2.3192650635866876,287,2360,CDK inhibitor
A549,plate7,Dinaciclib,"[('Dinaciclib', 0.05, 'uM')]",S,2.2394209161066905,287,2360,CDK inhibitor
A549,plate7,Dinaciclib,"[('Dinaciclib', 0.05, 'uM')]",G2M,1.41948155051887,287,2360,CDK inhibitor
A549,plate7,Docetaxel (Trihydrate),"[('Docetaxel (Trihydrate)', 0.05, 'uM')]",G1,-0.19971008235619864,944,2360,Microtubule inhibitor
A549,plate7,Docetaxel (Trihydrate),"[('Docetaxel (Trihydrate)', 0.05, 'uM')]",S,-0.4440631503714834,944,2360,Microtubule inhibitor
A549,plate7,Docetaxel (Trihydrate),"[('Docetaxel (Trihydrate)', 0.05, 'uM')]",G2M,0.2661283807519796,944,2360,Microtubule inhibitor
A549,plate7,Mebendazole,"[('Mebendazole', 0.05, 'uM')]",G1,0.09775967603256282,1534,2360,Microtubule inhibitor
A549,plate7,Mebendazole,"[('Mebendazole', 0.05, 'uM')]",S,-0.04145943771611743,1534,2360,Microtubule inhibitor
A549,plate7,Mebendazole,"[('Mebendazole', 0.05, 'uM')]",G2M,-0.09379001009782868,1534,2360,Microtubule inhibitor
A549,plate8,Dinaciclib,"[('Dinaciclib', 0.5, 'uM')]",G1,-1.7612278661862597,622,4528,CDK inhibitor
A549,plate8,Dinaciclib,"[('Dinaciclib', 0.5, 'uM')]",S,2.7370929900814187,622,4528,CDK inhibitor
A549,plate8,Dinaciclib,"[('Dinaciclib', 0.5, 'uM')]",G2M,1.316981711106496,622,4528,CDK inhibitor
A549,plate8,Docetaxel (Trihydrate),"[('Docetaxel (Trihydrate)', 0.5, 'uM')]",G1,-0.5249848543894751,1555,4528,Microtubule inhibitor
A549,plate8,Docetaxel (Trihydrate),"[('Docetaxel (Trihydrate)', 0.5, 'uM')]",S,0.3957419458888362,1555,4528,Microtubule inhibitor
A549,plate8,Docetaxel (Trihydrate),"[('Docetaxel (Trihydrate)', 0.5, 'uM')]",G2M,0.5132994695790017,1555,4528,Microtubule inhibitor
A549,plate8,Mebendazole,"[('Mebendazole', 0.5, 'uM')]",G1,-0.5793329507215306,1620,4528,Microtubule inhibitor
A549,plate8,Mebendazole,"[('Mebendazole', 0.5, 'uM')]",S,-0.0654882830830579,1620,4528,Microtubule inhibitor
A549,plate8,Mebendazole,"[('Mebendazole', 0.5, 'uM')]",G2M,0.6110469067314394,1620,4528,Microtubule inhibitor
A549,plate9,Dinaciclib,"[('Dinaciclib', 5.0, 'uM')]",G1,-2.6605461173734777,176,3146,CDK inhibitor
A549,plate9,Dinaciclib,"[('Dinaciclib', 5.0, 'uM')]",S,2.915595175635749,176,3146,CDK inhibitor
A549,plate9,Dinaciclib,"[('Dinaciclib', 5.0, 'uM')]",G2M,1.5215647594866895,176,3146,CDK inhibitor
A549,plate9,Docetaxel (Trihydrate),"[('Docetaxel (Trihydrate)', 5.0, 'uM')]",G1,0.37843394751146114,1051,3146,Microtubule inhibitor
A549,plate9,Docetaxel (Trihydrate),"[('Docetaxel (Trihydrate)', 5.0, 'uM')]",S,-0.21059814195872598,1051,3146,Microtubule inhibitor
A549,plate9,Docetaxel (Trihydrate),"[('Docetaxel (Trihydrate)', 5.0, 'uM')]",G2M,-0.36407736606716185,1051,3146,Microtubule inhibitor
A549,plate9,Mebendazole,"[('Mebendazole', 5.0, 'uM')]",G1,-0.9069880789282347,2972,3146,Microtubule inhibitor
A549,plate9,Mebendazole,"[('Mebendazole', 5.0, 'uM')]",S,0.9804859102519192,2972,3146,Microtubule inhibitor
A549,plate9,Mebendazole,"[('Mebendazole', 5.0, 'uM')]",G2M,0.7658188095809503,2972,3146,Microtubule inhibitor
AN3 CA,plate1,Paclitaxel,"[('Paclitaxel', 0.05, 'uM')]",G1,0.35599885843541956,308,1044,Microtubule inhibitor
AN3 CA,plate1,Paclitaxel,"[('Paclitaxel', 0.05, 'uM')]",S,0.04312410176516236,308,1044,Microtubule inhibitor
AN3 CA,plate1,Paclitaxel,"[('Paclitaxel', 0.05, 'uM')]",G2M,-0.3560903285459347,308,1044,Microtubule inhibitor
AN3 CA,plate1,Tubulin inhibitor 6,"[('Tubulin inhibitor 6', 0.05, 'uM')]",G1,0.5585722861021719,282,1044,Microtubule inhibitor
AN3 CA,plate1,Tubulin inhibitor 6,"[('Tubulin inhibitor 6', 0.05, 'uM')]",S,-0.27986610761466896,282,1044,Microtubule inhibitor
AN3 CA,plate1,Tubulin inhibitor 6,"[('Tubulin inhibitor 6', 0.05, 'uM')]",G2M,-0.46295724976519403,282,1044,Microtubule inhibitor
AN3 CA,plate1,palbociclib,"[('palbociclib', 0.05, 'uM')]",G1,0.19844150991448112,267,1044,CDK inhibitor
AN3 CA,plate1,palbociclib,"[('palbociclib', 0.05, 'uM')]",S,0.7337116759405133,267,1044,CDK inhibitor
AN3 CA,plate1,palbociclib,"[('palbociclib', 0.05, 'uM')]",G2M,-0.472899706403673,267,1044,CDK inhibitor
AN3 CA,plate1,vincristine,"[('vincristine', 0.05, 'uM')]",G1,-0.8783836429585918,228,1044,Microtubule inhibitor
AN3 CA,plate1,vincristine,"[('vincristine', 0.05, 'uM')]",S,-0.28816941134587826,228,1044,Microtubule inhibitor
AN3 CA,plate1,vincristine,"[('vincristine', 0.05, 'uM')]",G2M,0.9013657221725946,228,1044,Microtubule inhibitor
AN3 CA,plate10,Belinostat,"[('Belinostat', 0.05, 'uM')]",G1,-0.4934578205766718,296,857,HDAC inhibitor
AN3 CA,plate10,Belinostat,"[('Belinostat', 0.05, 'uM')]",S,-0.2037776103090833,296,857,HDAC inhibitor
AN3 CA,plate10,Belinostat,"[('Belinostat', 0.05, 'uM')]",G2M,0.5515212030428315,296,857,HDAC inhibitor
AN3 CA,plate10,Carbamazepine,"[('Carbamazepine', 0.05, 'uM')]",G1,-0.13258420063193452,334,857,HDAC inhibitor
AN3 CA,plate10,Carbamazepine,"[('Carbamazepine', 0.05, 'uM')]",S,-0.3895581469536657,334,857,HDAC inhibitor
AN3 CA,plate10,Carbamazepine,"[('Carbamazepine', 0.05, 'uM')]",G2M,0.24074333319936622,334,857,HDAC inhibitor
AN3 CA,plate10,Panobinostat,"[('Panobinostat', 0.05, 'uM')]",G1,-0.9836463647403066,505,857,HDAC inhibitor
AN3 CA,plate10,Panobinostat,"[('Panobinostat', 0.05, 'uM')]",S,0.9228284991074688,505,857,HDAC inhibitor
AN3 CA,plate10,Panobinostat,"[('Panobinostat', 0.05, 'uM')]",G2M,0.5958302105451712,505,857,HDAC inhibitor
AN3 CA,plate11,Belinostat,"[('Belinostat', 0.5, 'uM')]",G1,-0.8617566361003761,116,643,HDAC inhibitor
AN3 CA,plate11,Belinostat,"[('Belinostat', 0.5, 'uM')]",S,0.048308636168404015,116,643,HDAC inhibitor
AN3 CA,plate11,Belinostat,"[('Belinostat', 0.5, 'uM')]",G2M,0.7624290243883172,116,643,HDAC inhibitor
AN3 CA,plate11,Carbamazepine,"[('Carbamazepine', 0.5, 'uM')]",G1,-0.38889264164716225,244,643,HDAC inhibitor
AN3 CA,plate11,Carbamazepine,"[('Carbamazepine', 0.5, 'uM')]",S,0.21138307788410063,244,643,HDAC inhibitor
AN3 CA,plate11,Carbamazepine,"[('Carbamazepine', 0.5, 'uM')]",G2M,0.2706238673411679,244,643,HDAC inhibitor
AN3 CA,plate11,Panobinostat,"[('Panobinostat', 0.5, 'uM')]",G1,-2.222936165940429,318,643,HDAC inhibitor
AN3 CA,plate11,Panobinostat,"[('Panobinostat', 0.5, 'uM')]",S,1.443349062187609,318,643,HDAC inhibitor
AN3 CA,plate11,Panobinostat,"[('Panobinostat', 0.5, 'uM')]",G2M,0.7018777782578917,318,643,HDAC inhibitor
AN3 CA,plate12,Belinostat,"[('Belinostat', 5.0, 'uM')]",G1,-2.451165681927814,438,1235,HDAC inhibitor
AN3 CA,plate12,Belinostat,"[('Belinostat', 5.0, 'uM')]",S,1.1778516038330522,438,1235,HDAC inhibitor
AN3 CA,plate12,Belinostat,"[('Belinostat', 5.0, 'uM')]",G2M,0.8413943211269841,438,1235,HDAC inhibitor
AN3 CA,plate12,Carbamazepine,"[('Carbamazepine', 5.0, 'uM')]",G1,-0.12306740490756632,451,1235,HDAC inhibitor
AN3 CA,plate12,Carbamazepine,"[('Carbamazepine', 5.0, 'uM')]",S,-0.17305384350279945,451,1235,HDAC inhibitor
AN3 CA,plate12,Carbamazepine,"[('Carbamazepine', 5.0, 'uM')]",G2M,0.1806416320289638,451,1235,HDAC inhibitor
AN3 CA,plate12,Panobinostat,"[('Panobinostat', 5.0, 'uM')]",G1,-2.026864465757799,553,1235,HDAC inhibitor
AN3 CA,plate12,Panobinostat,"[('Panobinostat', 5.0, 'uM')]",S,1.229476023294582,553,1235,HDAC inhibitor
AN3 CA,plate12,Panobinostat,"[('Panobinostat', 5.0, 'uM')]",G2M,0.6334531549725189,553,1235,HDAC inhibitor
AN3 CA,plate13,Abemaciclib,"[('Abemaciclib', 0.05, 'uM')]",G1,-0.028472441188082977,667,630,CDK inhibitor
AN3 CA,plate13,Abemaciclib,"[('Abemaciclib', 0.05, 'uM')]",S,0.651170079957951,667,630,CDK inhibitor
AN3 CA,plate13,Abemaciclib,"[('Abemaciclib', 0.05, 'uM')]",G2M,-0.16949968094411189,667,630,CDK inhibitor
AN3 CA,plate13,Ribociclib,"[('Ribociclib', 0.05, 'uM')]",G1,0.4706268281391587,391,630,CDK inhibitor
AN3 CA,plate13,Ribociclib,"[('Ribociclib', 0.05, 'uM')]",S,-0.016935474529478578,391,630,CDK inhibitor
AN3 CA,plate13,Ribociclib,"[('Ribociclib', 0.05, 'uM')]",G2M,-0.4521202967216521,391,630,CDK inhibitor
AN3 CA,plate13,Ribociclib,"[('Ribociclib', 0.5, 'uM')]",G1,0.07955773549010475,363,630,CDK inhibitor
AN3 CA,plate13,Ribociclib,"[('Ribociclib', 0.5, 'uM')]",S,0.6183061308151903,363,630,CDK inhibitor
AN3 CA,plate13,Ribociclib,"[('Ribociclib', 0.5, 'uM')]",G2M,-0.2566624207035032,363,630,CDK inhibitor
AN3 CA,plate13,Ribociclib,"[('Ribociclib', 5.0, 'uM')]",G1,0.15095207564150365,441,630,CDK inhibitor
AN3 CA,plate13,Ribociclib,"[('Ribociclib', 5.0, 'uM')]",S,0.8080015883124791,441,630,CDK inhibitor
AN3 CA,plate13,Ribociclib,"[('Ribociclib', 5.0, 'uM')]",G2M,-0.39704643088172,441,630,CDK inhibitor
AN3 CA,plate14,Docetaxel,"[('Docetaxel', 5.0, 'uM')]",G1,-0.06584621476963701,692,531,Microtubule inhibitor
AN3 CA,plate14,Docetaxel,"[('Docetaxel', 5.0, 'uM')]",S,0.159250900205047,692,531,Microtubule inhibitor
AN3 CA,plate14,Docetaxel,"[('Docetaxel', 5.0, 'uM')]",G2M,-5.5144677053196974e-05,692,531,Microtubule inhibitor
AN3 CA,plate14,Tucidinostat,"[('Tucidinostat', 5.0, 'uM')]",G1,0.44240464277721925,485,531,HDAC inhibitor
AN3 CA,plate14,Tucidinostat,"[('Tucidinostat', 5.0, 'uM')]",S,-0.26829013128528906,485,531,HDAC inhibitor
AN3 CA,plate14,Tucidinostat,"[('Tucidinostat', 5.0, 'uM')]",G2M,-0.33469796816965447,485,531,HDAC inhibitor
AN3 CA,plate14,Vinblastine (sulfate),"[('Vinblastine (sulfate)', 5.0, 'uM')]",G1,0.35858628648318014,290,531,Microtubule inhibitor
AN3 CA,plate14,Vinblastine (sulfate),"[('Vinblastine (sulfate)', 5.0, 'uM')]",S,0.19948883006552814,290,531,Microtubule inhibitor
AN3 CA,plate14,Vinblastine (sulfate),"[('Vinblastine (sulfate)', 5.0, 'uM')]",G2M,-0.41243337786402584,290,531,Microtubule inhibitor
AN3 CA,plate2,Abemaciclib,"[('Abemaciclib', 0.5, 'uM')]",G1,-0.45724630282757384,602,1746,CDK inhibitor
AN3 CA,plate2,Abemaciclib,"[('Abemaciclib', 0.5, 'uM')]",S,0.6016198118739969,602,1746,CDK inhibitor
AN3 CA,plate2,Abemaciclib,"[('Abemaciclib', 0.5, 'uM')]",G2M,0.06782076152499153,602,1746,CDK inhibitor
AN3 CA,plate2,Paclitaxel,"[('Paclitaxel', 0.5, 'uM')]",G1,-0.2711065972220434,801,1746,Microtubule inhibitor
AN3 CA,plate2,Paclitaxel,"[('Paclitaxel', 0.5, 'uM')]",S,0.31098425279871383,801,1746,Microtubule inhibitor
AN3 CA,plate2,Paclitaxel,"[('Paclitaxel', 0.5, 'uM')]",G2M,0.08329468215647491,801,1746,Microtubule inhibitor
AN3 CA,plate2,Tubulin inhibitor 6,"[('Tubulin inhibitor 6', 0.5, 'uM')]",G1,-0.0227124068072322,972,1746,Microtubule inhibitor
AN3 CA,plate2,Tubulin inhibitor 6,"[('Tubulin inhibitor 6', 0.5, 'uM')]",S,-0.2777409497395396,972,1746,Microtubule inhibitor
AN3 CA,plate2,Tubulin inhibitor 6,"[('Tubulin inhibitor 6', 0.5, 'uM')]",G2M,0.15126302423975763,972,1746,Microtubule inhibitor
AN3 CA,plate2,palbociclib,"[('palbociclib', 0.5, 'uM')]",G1,0.794366883891739,343,1746,CDK inhibitor
AN3 CA,plate2,palbociclib,"[('palbociclib', 0.5, 'uM')]",S,-0.2679836704549331,343,1746,CDK inhibitor
AN3 CA,plate2,palbociclib,"[('palbociclib', 0.5, 'uM')]",G2M,-0.6662022853720111,343,1746,CDK inhibitor
AN3 CA,plate2,vincristine,"[('vincristine', 0.5, 'uM')]",G1,-0.7816793390767562,252,1746,Microtubule inhibitor
AN3 CA,plate2,vincristine,"[('vincristine', 0.5, 'uM')]",S,-0.3628483865140266,252,1746,Microtubule inhibitor
AN3 CA,plate2,vincristine,"[('vincristine', 0.5, 'uM')]",G2M,0.8617723365881039,252,1746,Microtubule inhibitor
AN3 CA,plate3,Abemaciclib,"[('Abemaciclib', 5.0, 'uM')]",G1,-0.18481417420228632,297,342,CDK inhibitor
AN3 CA,plate3,Abemaciclib,"[('Abemaciclib', 5.0, 'uM')]",S,0.6884120166926367,297,342,CDK inhibitor
AN3 CA,plate3,Abemaciclib,"[('Abemaciclib', 5.0, 'uM')]",G2M,-0.22950661030065422,297,342,CDK inhibitor
AN3 CA,plate3,Paclitaxel,"[('Paclitaxel', 5.0, 'uM')]",G1,-0.21343144376758555,560,342,Microtubule inhibitor
AN3 CA,plate3,Paclitaxel,"[('Paclitaxel', 5.0, 'uM')]",S,-0.17308273118197265,560,342,Microtubule inhibitor
AN3 CA,plate3,Paclitaxel,"[('Paclitaxel', 5.0, 'uM')]",G2M,0.2673263643014597,560,342,Microtubule inhibitor
AN3 CA,plate3,Tubulin inhibitor 6,"[('Tubulin inhibitor 6', 5.0, 'uM')]",G1,-0.57293630590669,188,342,Microtubule inhibitor
AN3 CA,plate3,Tubulin inhibitor 6,"[('Tubulin inhibitor 6', 5.0, 'uM')]",S,0.587855688666263,188,342,Microtubule inhibitor
AN3 CA,plate3,Tubulin inhibitor 6,"[('Tubulin inhibitor 6', 5.0, 'uM')]",G2M,0.16070586566880316,188,342,Microtubule inhibitor
AN3 CA,plate3,palbociclib,"[('palbociclib', 5.0, 'uM')]",G1,0.6599907407918549,220,342,CDK inhibitor
AN3 CA,plate3,palbociclib,"[('palbociclib', 5.0, 'uM')]",S,-0.27349490877965993,220,342,CDK inhibitor
AN3 CA,plate3,palbociclib,"[('palbociclib', 5.0, 'uM')]",G2M,-0.5048971566731555,220,342,CDK inhibitor
AN3 CA,plate3,vincristine,"[('vincristine', 5.0, 'uM')]",G1,-0.9381956047276565,168,342,Microtubule inhibitor
AN3 CA,plate3,vincristine,"[('vincristine', 5.0, 'uM')]",S,-0.705687553339971,168,342,Microtubule inhibitor
AN3 CA,plate3,vincristine,"[('vincristine', 5.0, 'uM')]",G2M,1.1058704131818633,168,342,Microtubule inhibitor
AN3 CA,plate4,Docetaxel,"[('Docetaxel', 0.05, 'uM')]",G1,-0.9208423080179544,329,1115,Microtubule inhibitor
AN3 CA,plate4,Docetaxel,"[('Docetaxel', 0.05, 'uM')]",S,-0.34202207090370174,329,1115,Microtubule inhibitor
AN3 CA,plate4,Docetaxel,"[('Docetaxel', 0.05, 'uM')]",G2M,0.9300508172430869,329,1115,Microtubule inhibitor
AN3 CA,plate4,Tucidinostat,"[('Tucidinostat', 0.05, 'uM')]",G1,0.6486920708521596,457,1115,HDAC inhibitor
AN3 CA,plate4,Tucidinostat,"[('Tucidinostat', 0.05, 'uM')]",S,-0.03827958762043129,457,1115,HDAC inhibitor
AN3 CA,plate4,Tucidinostat,"[('Tucidinostat', 0.05, 'uM')]",G2M,-0.606787349552449,457,1115,HDAC inhibitor
AN3 CA,plate4,Vinblastine (sulfate),"[('Vinblastine (sulfate)', 0.05, 'uM')]",G1,-0.3846920566497419,774,1115,Microtubule inhibitor
AN3 CA,plate4,Vinblastine (sulfate),"[('Vinblastine (sulfate)', 0.05, 'uM')]",S,-0.4549075233738837,774,1115,Microtubule inhibitor
AN3 CA,plate4,Vinblastine (sulfate),"[('Vinblastine (sulfate)', 0.05, 'uM')]",G2M,0.509828187938819,774,1115,Microtubule inhibitor
AN3 CA,plate5,Docetaxel,"[('Docetaxel', 0.5, 'uM')]",G1,-0.3308715431976227,799,1508,Microtubule inhibitor
AN3 CA,plate5,Docetaxel,"[('Docetaxel', 0.5, 'uM')]",S,-0.3018395505775354,799,1508,Microtubule inhibitor
AN3 CA,plate5,Docetaxel,"[('Docetaxel', 0.5, 'uM')]",G2M,0.39483187805391046,799,1508,Microtubule inhibitor
AN3 CA,plate5,Tucidinostat,"[('Tucidinostat', 0.5, 'uM')]",G1,0.5293346987579753,561,1508,HDAC inhibitor
AN3 CA,plate5,Tucidinostat,"[('Tucidinostat', 0.5, 'uM')]",S,0.41615260654018743,561,1508,HDAC inhibitor
AN3 CA,plate5,Tucidinostat,"[('Tucidinostat', 0.5, 'uM')]",G2M,-0.652412537552948,561,1508,HDAC inhibitor
AN3 CA,plate5,Vinblastine (sulfate),"[('Vinblastine (sulfate)', 0.5, 'uM')]",G1,-0.22672631909976218,223,1508,Microtubule inhibitor
AN3 CA,plate5,Vinblastine (sulfate),"[('Vinblastine (sulfate)', 0.5, 'uM')]",S,-0.263655792709616,223,1508,Microtubule inhibitor
AN3 CA,plate5,Vinblastine (sulfate),"[('Vinblastine (sulfate)', 0.5, 'uM')]",G2M,0.2995317853684268,223,1508,Microtubule inhibitor
AN3 CA,plate6,Docetaxel,"[('Docetaxel', 5.0, 'uM')]",G1,-0.4282910459460503,582,2019,Microtubule inhibitor
AN3 CA,plate6,Docetaxel,"[('Docetaxel', 5.0, 'uM')]",S,-1.0565882846423718,582,2019,Microtubule inhibitor
AN3 CA,plate6,Docetaxel,"[('Docetaxel', 5.0, 'uM')]",G2M,0.7154145443907894,582,2019,Microtubule inhibitor
AN3 CA,plate6,Tucidinostat,"[('Tucidinostat', 5.0, 'uM')]",G1,0.22459051547622788,746,2019,HDAC inhibitor
AN3 CA,plate6,Tucidinostat,"[('Tucidinostat', 5.0, 'uM')]",S,-0.058356811762727924,746,2019,HDAC inhibitor
AN3 CA,plate6,Tucidinostat,"[('Tucidinostat', 5.0, 'uM')]",G2M,-0.19729851940819926,746,2019,HDAC inhibitor
AN3 CA,plate6,Vinblastine (sulfate),"[('Vinblastine (sulfate)', 5.0, 'uM')]",G1,-0.3811305454117256,490,2019,Microtubule inhibitor
AN3 CA,plate6,Vinblastine (sulfate),"[('Vinblastine (sulfate)', 5.0, 'uM')]",S,-1.0582654643703597,490,2019,Microtubule inhibitor
AN3 CA,plate6,Vinblastine (sulfate),"[('Vinblastine (sulfate)', 5.0, 'uM')]",G2M,0.6721996659062998,490,2019,Microtubule inhibitor
AN3 CA,plate7,Dinaciclib,"[('Dinaciclib', 0.05, 'uM')]",G1,0.33801598929078,56,451,CDK inhibitor
AN3 CA,plate7,Dinaciclib,"[('Dinaciclib', 0.05, 'uM')]",S,-0.47272108006829594,56,451,CDK inhibitor
AN3 CA,plate7,Dinaciclib,"[('Dinaciclib', 0.05, 'uM')]",G2M,-0.023218123862370765,56,451,CDK inhibitor
AN3 CA,plate7,Docetaxel (Trihydrate),"[('Docetaxel (Trihydrate)', 0.05, 'uM')]",G1,-0.46946170800929976,252,451,Microtubule inhibitor
AN3 CA,plate7,Docetaxel (Trihydrate),"[('Docetaxel (Trihydrate)', 0.05, 'uM')]",S,-0.43643728727907,252,451,Microtubule inhibitor
AN3 CA,plate7,Docetaxel (Trihydrate),"[('Docetaxel (Trihydrate)', 0.05, 'uM')]",G2M,0.5905610778866749,252,451,Microtubule inhibitor
AN3 CA,plate7,Mebendazole,"[('Mebendazole', 0.05, 'uM')]",G1,0.08696760130731722,185,451,Microtubule inhibitor
AN3 CA,plate7,Mebendazole,"[('Mebendazole', 0.05, 'uM')]",S,-0.168953460608401,185,451,Microtubule inhibitor
AN3 CA,plate7,Mebendazole,"[('Mebendazole', 0.05, 'uM')]",G2M,0.022696007922216162,185,451,Microtubule inhibitor
AN3 CA,plate8,Dinaciclib,"[('Dinaciclib', 0.5, 'uM')]",G1,0.21987396013841987,123,1218,CDK inhibitor
AN3 CA,plate8,Dinaciclib,"[('Dinaciclib', 0.5, 'uM')]",S,0.8525568509131517,123,1218,CDK inhibitor
AN3 CA,plate8,Dinaciclib,"[('Dinaciclib', 0.5, 'uM')]",G2M,-0.543956678182542,123,1218,CDK inhibitor
AN3 CA,plate8,Docetaxel (Trihydrate),"[('Docetaxel (Trihydrate)', 0.5, 'uM')]",G1,-0.2952905653680131,419,1218,Microtubule inhibitor
AN3 CA,plate8,Docetaxel (Trihydrate),"[('Docetaxel (Trihydrate)', 0.5, 'uM')]",S,-0.27883354911017116,419,1218,Microtubule inhibitor
AN3 CA,plate8,Docetaxel (Trihydrate),"[('Docetaxel (Trihydrate)', 0.5, 'uM')]",G2M,0.37477026023554755,419,1218,Microtubule inhibitor
AN3 CA,plate8,Mebendazole,"[('Mebendazole', 0.5, 'uM')]",G1,-0.3457308769112731,302,1218,Microtubule inhibitor
AN3 CA,plate8,Mebendazole,"[('Mebendazole', 0.5, 'uM')]",S,-0.22819947154030784,302,1218,Microtubule inhibitor
AN3 CA,plate8,Mebendazole,"[('Mebendazole', 0.5, 'uM')]",G2M,0.4144262956013805,302,1218,Microtubule inhibitor
AN3 CA,plate9,Dinaciclib,"[('Dinaciclib', 5.0, 'uM')]",G1,-1.5803140565786131,66,439,CDK inhibitor
AN3 CA,plate9,Dinaciclib,"[('Dinaciclib', 5.0, 'uM')]",S,0.9546080971859858,66,439,CDK inhibitor
AN3 CA,plate9,Dinaciclib,"[('Dinaciclib', 5.0, 'uM')]",G2M,0.801274626704858,66,439,CDK inhibitor
AN3 CA,plate9,Docetaxel (Trihydrate),"[('Docetaxel (Trihydrate)', 5.0, 'uM')]",G1,-0.7005357000404091,340,439,Microtubule inhibitor
AN3 CA,plate9,Docetaxel (Trihydrate),"[('Docetaxel (Trihydrate)', 5.0, 'uM')]",S,-0.1284922824549662,340,439,Microtubule inhibitor
AN3 CA,plate9,Docetaxel (Trihydrate),"[('Docetaxel (Trihydrate)', 5.0, 'uM')]",G2M,0.6555557295256969,340,439,Microtubule inhibitor
AN3 CA,plate9,Mebendazole,"[('Mebendazole', 5.0, 'uM')]",G1,-0.8981872238193503,240,439,Microtubule inhibitor
AN3 CA,plate9,Mebendazole,"[('Mebendazole', 5.0, 'uM')]",S,0.4257370907265825,240,439,Microtubule inhibitor
AN3 CA,plate9,Mebendazole,"[('Mebendazole', 5.0, 'uM')]",G2M,0.5938436574600037,240,439,Microtubule inhibitor
AsPC-1,plate1,Paclitaxel,"[('Paclitaxel', 0.05, 'uM')]",G1,-0.1357976735134897,2399,5244,Microtubule inhibitor
AsPC-1,plate1,Paclitaxel,"[('Paclitaxel', 0.05, 'uM')]",S,0.3674555774567339,2399,5244,Microtubule inhibitor
AsPC-1,plate1,Paclitaxel,"[('Paclitaxel', 0.05, 'uM')]",G2M,0.050746497970294936,2399,5244,Microtubule inhibitor
AsPC-1,plate1,Tubulin inhibitor 6,"[('Tubulin inhibitor 6', 0.05, 'uM')]",G1,-0.10604818725683589,1990,5244,Microtubule inhibitor
AsPC-1,plate1,Tubulin inhibitor 6,"[('Tubulin inhibitor 6', 0.05, 'uM')]",S,0.10795782535670514,1990,5244,Microtubule inhibitor
AsPC-1,plate1,Tubulin inhibitor 6,"[('Tubulin inhibitor 6', 0.05, 'uM')]",G2M,0.10383578827020142,1990,5244,Microtubule inhibitor
AsPC-1,plate1,palbociclib,"[('palbociclib', 0.05, 'uM')]",G1,-0.26840575168919634,1445,5244,CDK inhibitor
AsPC-1,plate1,palbociclib,"[('palbociclib', 0.05, 'uM')]",S,0.36129678457795855,1445,5244,CDK inhibitor
AsPC-1,plate1,palbociclib,"[('palbociclib', 0.05, 'uM')]",G2M,0.22912354249385558,1445,5244,CDK inhibitor
AsPC-1,plate1,vincristine,"[('vincristine', 0.05, 'uM')]",G1,0.19955932249889172,2082,5244,Microtubule inhibitor
AsPC-1,plate1,vincristine,"[('vincristine', 0.05, 'uM')]",S,-0.02795247842121778,2082,5244,Microtubule inhibitor
AsPC-1,plate1,vincristine,"[('vincristine', 0.05, 'uM')]",G2M,-0.2441726488637887,2082,5244,Microtubule inhibitor
AsPC-1,plate10,Belinostat,"[('Belinostat', 0.05, 'uM')]",G1,-0.40107809596657146,1259,3494,HDAC inhibitor
AsPC-1,plate10,Belinostat,"[('Belinostat', 0.05, 'uM')]",S,0.07782104068387226,1259,3494,HDAC inhibitor
AsPC-1,plate10,Belinostat,"[('Belinostat', 0.05, 'uM')]",G2M,0.4186072360560393,1259,3494,HDAC inhibitor
AsPC-1,plate10,Carbamazepine,"[('Carbamazepine', 0.05, 'uM')]",G1,-0.30891339344449137,1276,3494,HDAC inhibitor
AsPC-1,plate10,Carbamazepine,"[('Carbamazepine', 0.05, 'uM')]",S,0.3512144225118183,1276,3494,HDAC inhibitor
AsPC-1,plate10,Carbamazepine,"[('Carbamazepine', 0.05, 'uM')]",G2M,0.29917959131938265,1276,3494,HDAC inhibitor
AsPC-1,plate10,Panobinostat,"[('Panobinostat', 0.05, 'uM')]",G1,-0.8163235412963036,1920,3494,HDAC inhibitor
AsPC-1,plate10,Panobinostat,"[('Panobinostat', 0.05, 'uM')]",S,0.7904289673698733,1920,3494,HDAC inhibitor
AsPC-1,plate10,Panobinostat,"[('Panobinostat', 0.05, 'uM')]",G2M,0.7923188568648095,1920,3494,HDAC inhibitor
AsPC-1,plate11,Belinostat,"[('Belinostat', 0.5, 'uM')]",G1,-0.5802771986485801,620,3334,HDAC inhibitor
AsPC-1,plate11,Belinostat,"[('Belinostat', 0.5, 'uM')]",S,0.8580585349521631,620,3334,HDAC inhibitor
AsPC-1,plate11,Belinostat,"[('Belinostat', 0.5, 'uM')]",G2M,0.47092966687309,620,3334,HDAC inhibitor
AsPC-1,plate11,Carbamazepine,"[('Carbamazepine', 0.5, 'uM')]",G1,0.034083782879798505,982,3334,HDAC inhibitor
AsPC-1,plate11,Carbamazepine,"[('Carbamazepine', 0.5, 'uM')]",S,0.16734669165790375,982,3334,HDAC inhibitor
AsPC-1,plate11,Carbamazepine,"[('Carbamazepine', 0.5, 'uM')]",G2M,-0.05921657110447283,982,3334,HDAC inhibitor
AsPC-1,plate11,Panobinostat,"[('Panobinostat', 0.5, 'uM')]",G1,-1.2132236724320942,1902,3334,HDAC inhibitor
AsPC-1,plate11,Panobinostat,"[('Panobinostat', 0.5, 'uM')]",S,2.076862919036046,1902,3334,HDAC inhibitor
AsPC-1,plate11,Panobinostat,"[('Panobinostat', 0.5, 'uM')]",G2M,0.7670261193766763,1902,3334,HDAC inhibitor
AsPC-1,plate12,Belinostat,"[('Belinostat', 5.0, 'uM')]",G1,-1.8687199467931808,2047,3590,HDAC inhibitor
AsPC-1,plate12,Belinostat,"[('Belinostat', 5.0, 'uM')]",S,2.5944794962457216,2047,3590,HDAC inhibitor
AsPC-1,plate12,Belinostat,"[('Belinostat', 5.0, 'uM')]",G2M,1.3741782805779357,2047,3590,HDAC inhibitor
AsPC-1,plate12,Carbamazepine,"[('Carbamazepine', 5.0, 'uM')]",G1,-0.03741002227121354,966,3590,HDAC inhibitor
AsPC-1,plate12,Carbamazepine,"[('Carbamazepine', 5.0, 'uM')]",S,-0.09938823449499512,966,3590,HDAC inhibitor
AsPC-1,plate12,Carbamazepine,"[('Carbamazepine', 5.0, 'uM')]",G2M,0.05249617550826519,966,3590,HDAC inhibitor
AsPC-1,plate12,Panobinostat,"[('Panobinostat', 5.0, 'uM')]",G1,-1.8429680079058532,2077,3590,HDAC inhibitor
AsPC-1,plate12,Panobinostat,"[('Panobinostat', 5.0, 'uM')]",S,3.1572262720318984,2077,3590,HDAC inhibitor
AsPC-1,plate12,Panobinostat,"[('Panobinostat', 5.0, 'uM')]",G2M,1.083447292766128,2077,3590,HDAC inhibitor
AsPC-1,plate13,Abemaciclib,"[('Abemaciclib', 0.05, 'uM')]",G1,-0.016717197276957935,1724,2200,CDK inhibitor
AsPC-1,plate13,Abemaciclib,"[('Abemaciclib', 0.05, 'uM')]",S,-0.5714521152773357,1724,2200,CDK inhibitor
AsPC-1,plate13,Abemaciclib,"[('Abemaciclib', 0.05, 'uM')]",G2M,0.05327616455149806,1724,2200,CDK inhibitor
AsPC-1,plate13,Ribociclib,"[('Ribociclib', 0.05, 'uM')]",G1,-0.0037817190880190667,1686,2200,CDK inhibitor
AsPC-1,plate13,Ribociclib,"[('Ribociclib', 0.05, 'uM')]",S,0.6025558539309248,1686,2200,CDK inhibitor
AsPC-1,plate13,Ribociclib,"[('Ribociclib', 0.05, 'uM')]",G2M,-0.052082885451042685,1686,2200,CDK inhibitor
AsPC-1,plate13,Ribociclib,"[('Ribociclib', 0.5, 'uM')]",G1,-0.10506207118661967,1580,2200,CDK inhibitor
AsPC-1,plate13,Ribociclib,"[('Ribociclib', 0.5, 'uM')]",S,0.48396862200614754,1580,2200,CDK inhibitor
AsPC-1,plate13,Ribociclib,"[('Ribociclib', 0.5, 'uM')]",G2M,0.06893599721129935,1580,2200,CDK inhibitor
AsPC-1,plate13,Ribociclib,"[('Ribociclib', 5.0, 'uM')]",G1,-0.043579743407413114,1738,2200,CDK inhibitor
AsPC-1,plate13,Ribociclib,"[('Ribociclib', 5.0, 'uM')]",S,0.09487633056566928,1738,2200,CDK inhibitor
AsPC-1,plate13,Ribociclib,"[('Ribociclib', 5.0, 'uM')]",G2M,0.03885424468771524,1738,2200,CDK inhibitor
AsPC-1,plate14,Docetaxel,"[('Docetaxel', 5.0, 'uM')]",G1,0.38125494500289714,2798,2474,Microtubule inhibitor
AsPC-1,plate14,Docetaxel,"[('Docetaxel', 5.0, 'uM')]",S,-0.6016758864852044,2798,2474,Microtubule inhibitor
AsPC-1,plate14,Docetaxel,"[('Docetaxel', 5.0, 'uM')]",G2M,-0.27906472444963504,2798,2474,Microtubule inhibitor
AsPC-1,plate14,Tucidinostat,"[('Tucidinostat', 5.0, 'uM')]",G1,0.0841536651435157,2420,2474,HDAC inhibitor
AsPC-1,plate14,Tucidinostat,"[('Tucidinostat', 5.0, 'uM')]",S,0.18562274335026943,2420,2474,HDAC inhibitor
AsPC-1,plate14,Tucidinostat,"[('Tucidinostat', 5.0, 'uM')]",G2M,-0.209902931929306,2420,2474,HDAC inhibitor
AsPC-1,plate14,Vinblastine (sulfate),"[('Vinblastine (sulfate)', 5.0, 'uM')]",G1,-0.44135036045067644,2076,2474,Microtubule inhibitor
AsPC-1,plate14,Vinblastine (sulfate),"[('Vinblastine (sulfate)', 5.0, 'uM')]",S,0.553808350444176,2076,2474,Microtubule inhibitor
AsPC-1,plate14,Vinblastine (sulfate),"[('Vinblastine (sulfate)', 5.0, 'uM')]",G2M,0.3591550864144761,2076,2474,Microtubule inhibitor
AsPC-1,plate2,Abemaciclib,"[('Abemaciclib', 0.5, 'uM')]",G1,-0.5910383450829181,2781,6830,CDK inhibitor
AsPC-1,plate2,Abemaciclib,"[('Abemaciclib', 0.5, 'uM')]",S,0.33483237298275526,2781,6830,CDK inhibitor
AsPC-1,plate2,Abemaciclib,"[('Abemaciclib', 0.5, 'uM')]",G2M,0.7249775896385326,2781,6830,CDK inhibitor
AsPC-1,plate2,Paclitaxel,"[('Paclitaxel', 0.5, 'uM')]",G1,-0.8457233324986778,4916,6830,Microtubule inhibitor
AsPC-1,plate2,Paclitaxel,"[('Paclitaxel', 0.5, 'uM')]",S,0.4680356538347108,4916,6830,Microtubule inhibitor
AsPC-1,plate2,Paclitaxel,"[('Paclitaxel', 0.5, 'uM')]",G2M,1.0254305258089063,4916,6830,Microtubule inhibitor
AsPC-1,plate2,Tubulin inhibitor 6,"[('Tubulin inhibitor 6', 0.5, 'uM')]",G1,-0.08420798404930026,3949,6830,Microtubule inhibitor
AsPC-1,plate2,Tubulin inhibitor 6,"[('Tubulin inhibitor 6', 0.5, 'uM')]",S,-0.2605137865163503,3949,6830,Microtubule inhibitor
AsPC-1,plate2,Tubulin inhibitor 6,"[('Tubulin inhibitor 6', 0.5, 'uM')]",G2M,0.3152938218709817,3949,6830,Microtubule inhibitor
AsPC-1,plate2,palbociclib,"[('palbociclib', 0.5, 'uM')]",G1,0.2902707539057919,3186,6830,CDK inhibitor
AsPC-1,plate2,palbociclib,"[('palbociclib', 0.5, 'uM')]",S,-0.7117579689167577,3186,6830,CDK inhibitor
AsPC-1,plate2,palbociclib,"[('palbociclib', 0.5, 'uM')]",G2M,0.006352822589433111,3186,6830,CDK inhibitor
AsPC-1,plate2,vincristine,"[('vincristine', 0.5, 'uM')]",G1,-0.8327373334334554,940,6830,Microtubule inhibitor
AsPC-1,plate2,vincristine,"[('vincristine', 0.5, 'uM')]",S,0.9167528408853667,940,6830,Microtubule inhibitor
AsPC-1,plate2,vincristine,"[('vincristine', 0.5, 'uM')]",G2M,0.672514714016446,940,6830,Microtubule inhibitor
AsPC-1,plate3,Abemaciclib,"[('Abemaciclib', 5.0, 'uM')]",G1,-0.04066909646832225,1280,1422,CDK inhibitor
AsPC-1,plate3,Abemaciclib,"[('Abemaciclib', 5.0, 'uM')]",S,0.18060184060040263,1280,1422,CDK inhibitor
AsPC-1,plate3,Abemaciclib,"[('Abemaciclib', 5.0, 'uM')]",G2M,-0.05822154572588979,1280,1422,CDK inhibitor
AsPC-1,plate3,Paclitaxel,"[('Paclitaxel', 5.0, 'uM')]",G1,0.05498288103613092,3444,1422,Microtubule inhibitor
AsPC-1,plate3,Paclitaxel,"[('Paclitaxel', 5.0, 'uM')]",S,-0.30463236668212795,3444,1422,Microtubule inhibitor
AsPC-1,plate3,Paclitaxel,"[('Paclitaxel', 5.0, 'uM')]",G2M,0.08659326361767822,3444,1422,Microtubule inhibitor
AsPC-1,plate3,Tubulin inhibitor 6,"[('Tubulin inhibitor 6', 5.0, 'uM')]",G1,-0.2876388573624566,599,1422,Microtubule inhibitor
AsPC-1,plate3,Tubulin inhibitor 6,"[('Tubulin inhibitor 6', 5.0, 'uM')]",S,0.5778272244183336,599,1422,Microtubule inhibitor
AsPC-1,plate3,Tubulin inhibitor 6,"[('Tubulin inhibitor 6', 5.0, 'uM')]",G2M,0.038182328339432296,599,1422,Microtubule inhibitor
AsPC-1,plate3,palbociclib,"[('palbociclib', 5.0, 'uM')]",G1,-0.09331274299482889,887,1422,CDK inhibitor
AsPC-1,plate3,palbociclib,"[('palbociclib', 5.0, 'uM')]",S,-0.05985837985573781,887,1422,CDK inhibitor
AsPC-1,plate3,palbociclib,"[('palbociclib', 5.0, 'uM')]",G2M,0.1752218805592568,887,1422,CDK inhibitor
AsPC-1,plate3,vincristine,"[('vincristine', 5.0, 'uM')]",G1,-0.06754299345658636,508,1422,Microtubule inhibitor
AsPC-1,plate3,vincristine,"[('vincristine', 5.0, 'uM')]",S,0.290589929963389,508,1422,Microtubule inhibitor
AsPC-1,plate3,vincristine,"[('vincristine', 5.0, 'uM')]",G2M,-0.08713916100383227,508,1422,Microtubule inhibitor
AsPC-1,plate4,Docetaxel,"[('Docetaxel', 0.05, 'uM')]",G1,-1.2916257620496938,287,4321,Microtubule inhibitor
AsPC-1,plate4,Docetaxel,"[('Docetaxel', 0.05, 'uM')]",S,0.8134637591559386,287,4321,Microtubule inhibitor
AsPC-1,plate4,Docetaxel,"[('Docetaxel', 0.05, 'uM')]",G2M,1.391342735072753,287,4321,Microtubule inhibitor
AsPC-1,plate4,Tucidinostat,"[('Tucidinostat', 0.05, 'uM')]",G1,-0.04204056973206621,2360,4321,HDAC inhibitor
AsPC-1,plate4,Tucidinostat,"[('Tucidinostat', 0.05, 'uM')]",S,-0.3241610954825909,2360,4321,HDAC inhibitor
AsPC-1,plate4,Tucidinostat,"[('Tucidinostat', 0.05, 'uM')]",G2M,0.19340335746084425,2360,4321,HDAC inhibitor
AsPC-1,plate4,Vinblastine (sulfate),"[('Vinblastine (sulfate)', 0.05, 'uM')]",G1,0.12117401982058465,3209,4321,Microtubule inhibitor
AsPC-1,plate4,Vinblastine (sulfate),"[('Vinblastine (sulfate)', 0.05, 'uM')]",S,-0.04714793965984288,3209,4321,Microtubule inhibitor
AsPC-1,plate4,Vinblastine (sulfate),"[('Vinblastine (sulfate)', 0.05, 'uM')]",G2M,-0.1491661429252888,3209,4321,Microtubule inhibitor
AsPC-1,plate5,Docetaxel,"[('Docetaxel', 0.5, 'uM')]",G1,-0.012184441835786599,2190,5175,Microtubule inhibitor
AsPC-1,plate5,Docetaxel,"[('Docetaxel', 0.5, 'uM')]",S,-0.6355372408367916,2190,5175,Microtubule inhibitor
AsPC-1,plate5,Docetaxel,"[('Docetaxel', 0.5, 'uM')]",G2M,0.2606521353413894,2190,5175,Microtubule inhibitor
AsPC-1,plate5,Tucidinostat,"[('Tucidinostat', 0.5, 'uM')]",G1,-0.02897099476532905,1786,5175,HDAC inhibitor
AsPC-1,plate5,Tucidinostat,"[('Tucidinostat', 0.5, 'uM')]",S,-0.940166138953422,1786,5175,HDAC inhibitor
AsPC-1,plate5,Tucidinostat,"[('Tucidinostat', 0.5, 'uM')]",G2M,0.357871723237572,1786,5175,HDAC inhibitor
AsPC-1,plate5,Vinblastine (sulfate),"[('Vinblastine (sulfate)', 0.5, 'uM')]",G1,-0.3740549013017855,1268,5175,Microtubule inhibitor
AsPC-1,plate5,Vinblastine (sulfate),"[('Vinblastine (sulfate)', 0.5, 'uM')]",S,0.07003190778950386,1268,5175,Microtubule inhibitor
AsPC-1,plate5,Vinblastine (sulfate),"[('Vinblastine (sulfate)', 0.5, 'uM')]",G2M,0.4887271177192911,1268,5175,Microtubule inhibitor
AsPC-1,plate6,Docetaxel,"[('Docetaxel', 5.0, 'uM')]",G1,-0.47082850453000646,1462,6192,Microtubule inhibitor
AsPC-1,plate6,Docetaxel,"[('Docetaxel', 5.0, 'uM')]",S,0.2956847562586625,1462,6192,Microtubule inhibitor
AsPC-1,plate6,Docetaxel,"[('Docetaxel', 5.0, 'uM')]",G2M,0.5297612474914227,1462,6192,Microtubule inhibitor
AsPC-1,plate6,Tucidinostat,"[('Tucidinostat', 5.0, 'uM')]",G1,0.03480824767999287,2219,6192,HDAC inhibitor
AsPC-1,plate6,Tucidinostat,"[('Tucidinostat', 5.0, 'uM')]",S,-0.7598055924712822,2219,6192,HDAC inhibitor
AsPC-1,plate6,Tucidinostat,"[('Tucidinostat', 5.0, 'uM')]",G2M,0.2114043879419494,2219,6192,HDAC inhibitor
AsPC-1,plate6,Vinblastine (sulfate),"[('Vinblastine (sulfate)', 5.0, 'uM')]",G1,-0.4263435162006593,2205,6192,Microtubule inhibitor
AsPC-1,plate6,Vinblastine (sulfate),"[('Vinblastine (sulfate)', 5.0, 'uM')]",S,0.1614878512863591,2205,6192,Microtubule inhibitor
AsPC-1,plate6,Vinblastine (sulfate),"[('Vinblastine (sulfate)', 5.0, 'uM')]",G2M,0.5188913482847715,2205,6192,Microtubule inhibitor
AsPC-1,plate7,Dinaciclib,"[('Dinaciclib', 0.05, 'uM')]",G1,-1.0632954308695546,446,1434,CDK inhibitor
AsPC-1,plate7,Dinaciclib,"[('Dinaciclib', 0.05, 'uM')]",S,0.6435893814407581,446,1434,CDK inhibitor
AsPC-1,plate7,Dinaciclib,"[('Dinaciclib', 0.05, 'uM')]",G2M,0.9748266058104906,446,1434,CDK inhibitor
AsPC-1,plate7,Docetaxel (Trihydrate),"[('Docetaxel (Trihydrate)', 0.05, 'uM')]",G1,0.037630929498069274,825,1434,Microtubule inhibitor
AsPC-1,plate7,Docetaxel (Trihydrate),"[('Docetaxel (Trihydrate)', 0.05, 'uM')]",S,-0.014427922356816827,825,1434,Microtubule inhibitor
AsPC-1,plate7,Docetaxel (Trihydrate),"[('Docetaxel (Trihydrate)', 0.05, 'uM')]",G2M,-0.035546177833614426,825,1434,Microtubule inhibitor
AsPC-1,plate7,Mebendazole,"[('Mebendazole', 0.05, 'uM')]",G1,0.03192356941594484,942,1434,Microtubule inhibitor
AsPC-1,plate7,Mebendazole,"[('Mebendazole', 0.05, 'uM')]",S,-0.11759453353703894,942,1434,Microtubule inhibitor
AsPC-1,plate7,Mebendazole,"[('Mebendazole', 0.05, 'uM')]",G2M,-0.013877463330497074,942,1434,Microtubule inhibitor
AsPC-1,plate8,Dinaciclib,"[('Dinaciclib', 0.5, 'uM')]",G1,-1.2979555911719294,588,3749,CDK inhibitor
AsPC-1,plate8,Dinaciclib,"[('Dinaciclib', 0.5, 'uM')]",S,1.7278615444026941,588,3749,CDK inhibitor
AsPC-1,plate8,Dinaciclib,"[('Dinaciclib', 0.5, 'uM')]",G2M,1.155706627580401,588,3749,CDK inhibitor
AsPC-1,plate8,Docetaxel (Trihydrate),"[('Docetaxel (Trihydrate)', 0.5, 'uM')]",G1,-0.48847499084610235,1243,3749,Microtubule inhibitor
AsPC-1,plate8,Docetaxel (Trihydrate),"[('Docetaxel (Trihydrate)', 0.5, 'uM')]",S,0.35473508959918076,1243,3749,Microtubule inhibitor
AsPC-1,plate8,Docetaxel (Trihydrate),"[('Docetaxel (Trihydrate)', 0.5, 'uM')]",G2M,0.4894083407226342,1243,3749,Microtubule inhibitor
AsPC-1,plate8,Mebendazole,"[('Mebendazole', 0.5, 'uM')]",G1,-0.1278336287202693,1385,3749,Microtubule inhibitor
AsPC-1,plate8,Mebendazole,"[('Mebendazole', 0.5, 'uM')]",S,0.266089546488444,1385,3749,Microtubule inhibitor
AsPC-1,plate8,Mebendazole,"[('Mebendazole', 0.5, 'uM')]",G2M,0.10943132655461371,1385,3749,Microtubule inhibitor
AsPC-1,plate9,Dinaciclib,"[('Dinaciclib', 5.0, 'uM')]",G1,-1.9743871702235418,130,1948,CDK inhibitor
AsPC-1,plate9,Dinaciclib,"[('Dinaciclib', 5.0, 'uM')]",S,2.113211950205074,130,1948,CDK inhibitor
AsPC-1,plate9,Dinaciclib,"[('Dinaciclib', 5.0, 'uM')]",G2M,1.516467209711235,130,1948,CDK inhibitor
AsPC-1,plate9,Docetaxel (Trihydrate),"[('Docetaxel (Trihydrate)', 5.0, 'uM')]",G1,0.10842815196138446,1195,1948,Microtubule inhibitor
AsPC-1,plate9,Docetaxel (Trihydrate),"[('Docetaxel (Trihydrate)', 5.0, 'uM')]",S,0.04616811770114341,1195,1948,Microtubule inhibitor
AsPC-1,plate9,Docetaxel (Trihydrate),"[('Docetaxel (Trihydrate)', 5.0, 'uM')]",G2M,-0.11942405912751963,1195,1948,Microtubule inhibitor
AsPC-1,plate9,Mebendazole,"[('Mebendazole', 5.0, 'uM')]",G1,0.5127844538800347,1957,1948,Microtubule inhibitor
AsPC-1,plate9,Mebendazole,"[('Mebendazole', 5.0, 'uM')]",S,-0.27403229253689815,1957,1948,Microtubule inhibitor
AsPC-1,plate9,Mebendazole,"[('Mebendazole', 5.0, 'uM')]",G2M,-0.5078352622656953,1957,1948,Microtubule inhibitor
BT-474,plate1,Paclitaxel,"[('Paclitaxel', 0.05, 'uM')]",G1,0.4098870668074415,1033,2937,Microtubule inhibitor
BT-474,plate1,Paclitaxel,"[('Paclitaxel', 0.05, 'uM')]",S,-0.5803656478898132,1033,2937,Microtubule inhibitor
BT-474,plate1,Paclitaxel,"[('Paclitaxel', 0.05, 'uM')]",G2M,-0.18695643367470566,1033,2937,Microtubule inhibitor
BT-474,plate1,Tubulin inhibitor 6,"[('Tubulin inhibitor 6', 0.05, 'uM')]",G1,0.258994713530588,840,2937,Microtubule inhibitor
BT-474,plate1,Tubulin inhibitor 6,"[('Tubulin inhibitor 6', 0.05, 'uM')]",S,-0.6492993562109179,840,2937,Microtubule inhibitor
BT-474,plate1,Tubulin inhibitor 6,"[('Tubulin inhibitor 6', 0.05, 'uM')]",G2M,0.02936588656140942,840,2937,Microtubule inhibitor
BT-474,plate1,palbociclib,"[('palbociclib', 0.05, 'uM')]",G1,0.35757892363503146,575,2937,CDK inhibitor
BT-474,plate1,palbociclib,"[('palbociclib', 0.05, 'uM')]",S,-1.277343102918272,575,2937,CDK inhibitor
BT-474,plate1,palbociclib,"[('palbociclib', 0.05, 'uM')]",G2M,0.14417974813092607,575,2937,CDK inhibitor
BT-474,plate1,vincristine,"[('vincristine', 0.05, 'uM')]",G1,0.37946604904708536,906,2937,Microtubule inhibitor
BT-474,plate1,vincristine,"[('vincristine', 0.05, 'uM')]",S,-0.9399437221972934,906,2937,Microtubule inhibitor
BT-474,plate1,vincristine,"[('vincristine', 0.05, 'uM')]",G2M,0.004961108810705218,906,2937,Microtubule inhibitor
BT-474,plate10,Belinostat,"[('Belinostat', 0.05, 'uM')]",G1,-0.22865893454617728,695,2135,HDAC inhibitor
BT-474,plate10,Belinostat,"[('Belinostat', 0.05, 'uM')]",S,0.17161714407684822,695,2135,HDAC inhibitor
BT-474,plate10,Belinostat,"[('Belinostat', 0.05, 'uM')]",G2M,0.22478556405939792,695,2135,HDAC inhibitor
BT-474,plate10,Carbamazepine,"[('Carbamazepine', 0.05, 'uM')]",G1,-0.17025997483486055,818,2135,HDAC inhibitor
BT-474,plate10,Carbamazepine,"[('Carbamazepine', 0.05, 'uM')]",S,0.2690033301518518,818,2135,HDAC inhibitor
BT-474,plate10,Carbamazepine,"[('Carbamazepine', 0.05, 'uM')]",G2M,0.09225161495102686,818,2135,HDAC inhibitor
BT-474,plate10,Panobinostat,"[('Panobinostat', 0.05, 'uM')]",G1,-0.12862450334014347,1088,2135,HDAC inhibitor
BT-474,plate10,Panobinostat,"[('Panobinostat', 0.05, 'uM')]",S,0.13092030776717273,1088,2135,HDAC inhibitor
BT-474,plate10,Panobinostat,"[('Panobinostat', 0.05, 'uM')]",G2M,0.10900748288075485,1088,2135,HDAC inhibitor
BT-474,plate11,Belinostat,"[('Belinostat', 0.5, 'uM')]",G1,-0.25444387214551123,317,1591,HDAC inhibitor
BT-474,plate11,Belinostat,"[('Belinostat', 0.5, 'uM')]",S,0.1383066909370564,317,1591,HDAC inhibitor
BT-474,plate11,Belinostat,"[('Belinostat', 0.5, 'uM')]",G2M,0.2654497785680358,317,1591,HDAC inhibitor
BT-474,plate11,Carbamazepine,"[('Carbamazepine', 0.5, 'uM')]",G1,-0.351721255369529,538,1591,HDAC inhibitor
BT-474,plate11,Carbamazepine,"[('Carbamazepine', 0.5, 'uM')]",S,0.0827809893608613,538,1591,HDAC inhibitor
BT-474,plate11,Carbamazepine,"[('Carbamazepine', 0.5, 'uM')]",G2M,0.4132155638440469,538,1591,HDAC inhibitor
BT-474,plate11,Panobinostat,"[('Panobinostat', 0.5, 'uM')]",G1,-0.9310008428727429,719,1591,HDAC inhibitor
BT-474,plate11,Panobinostat,"[('Panobinostat', 0.5, 'uM')]",S,1.028390667099316,719,1591,HDAC inhibitor
BT-474,plate11,Panobinostat,"[('Panobinostat', 0.5, 'uM')]",G2M,0.5346339508583579,719,1591,HDAC inhibitor
BT-474,plate12,Belinostat,"[('Belinostat', 5.0, 'uM')]",G1,-0.9862473596030046,1085,2257,HDAC inhibitor
BT-474,plate12,Belinostat,"[('Belinostat', 5.0, 'uM')]",S,0.9676606065898794,1085,2257,HDAC inhibitor
BT-474,plate12,Belinostat,"[('Belinostat', 5.0, 'uM')]",G2M,0.5887932449604887,1085,2257,HDAC inhibitor
BT-474,plate12,Carbamazepine,"[('Carbamazepine', 5.0, 'uM')]",G1,-0.001950459472573972,591,2257,HDAC inhibitor
BT-474,plate12,Carbamazepine,"[('Carbamazepine', 5.0, 'uM')]",S,-0.5784274247665011,591,2257,HDAC inhibitor
BT-474,plate12,Carbamazepine,"[('Carbamazepine', 5.0, 'uM')]",G2M,0.31074790699994675,591,2257,HDAC inhibitor
BT-474,plate12,Panobinostat,"[('Panobinostat', 5.0, 'uM')]",G1,-0.794950848327907,1199,2257,HDAC inhibitor
BT-474,plate12,Panobinostat,"[('Panobinostat', 5.0, 'uM')]",S,1.0923131551326761,1199,2257,HDAC inhibitor
BT-474,plate12,Panobinostat,"[('Panobinostat', 5.0, 'uM')]",G2M,0.22067969983468097,1199,2257,HDAC inhibitor
BT-474,plate13,Abemaciclib,"[('Abemaciclib', 0.05, 'uM')]",G1,-0.24008249524485734,1271,1413,CDK inhibitor
BT-474,plate13,Abemaciclib,"[('Abemaciclib', 0.05, 'uM')]",S,0.2631087174608425,1271,1413,CDK inhibitor
BT-474,plate13,Abemaciclib,"[('Abemaciclib', 0.05, 'uM')]",G2M,0.17770128503111132,1271,1413,CDK inhibitor
BT-474,plate13,Ribociclib,"[('Ribociclib', 0.05, 'uM')]",G1,0.041070376293375635,1006,1413,CDK inhibitor
BT-474,plate13,Ribociclib,"[('Ribociclib', 0.05, 'uM')]",S,0.0018472410217556664,1006,1413,CDK inhibitor
BT-474,plate13,Ribociclib,"[('Ribociclib', 0.05, 'uM')]",G2M,-0.05450491124818452,1006,1413,CDK inhibitor
BT-474,plate13,Ribociclib,"[('Ribociclib', 0.5, 'uM')]",G1,0.00867031485200473,989,1413,CDK inhibitor
BT-474,plate13,Ribociclib,"[('Ribociclib', 0.5, 'uM')]",S,0.008689660098058456,989,1413,CDK inhibitor
BT-474,plate13,Ribociclib,"[('Ribociclib', 0.5, 'uM')]",G2M,-0.014571390156846893,989,1413,CDK inhibitor
BT-474,plate13,Ribociclib,"[('Ribociclib', 5.0, 'uM')]",G1,-0.02321300812432726,1146,1413,CDK inhibitor
BT-474,plate13,Ribociclib,"[('Ribociclib', 5.0, 'uM')]",S,0.2874334888453975,1146,1413,CDK inhibitor
BT-474,plate13,Ribociclib,"[('Ribociclib', 5.0, 'uM')]",G2M,-0.1359072358050991,1146,1413,CDK inhibitor
BT-474,plate14,Docetaxel,"[('Docetaxel', 5.0, 'uM')]",G1,0.342563952048302,1628,1545,Microtubule inhibitor
BT-474,plate14,Docetaxel,"[('Docetaxel', 5.0, 'uM')]",S,-0.71717554558447,1628,1545,Microtubule inhibitor
BT-474,plate14,Docetaxel,"[('Docetaxel', 5.0, 'uM')]",G2M,0.03105059738133739,1628,1545,Microtubule inhibitor
BT-474,plate14,Tucidinostat,"[('Tucidinostat', 5.0, 'uM')]",G1,0.22782507015571013,1345,1545,HDAC inhibitor
BT-474,plate14,Tucidinostat,"[('Tucidinostat', 5.0, 'uM')]",S,-0.26934831215277816,1345,1545,HDAC inhibitor
BT-474,plate14,Tucidinostat,"[('Tucidinostat', 5.0, 'uM')]",G2M,-0.10388665866082467,1345,1545,HDAC inhibitor
BT-474,plate14,Vinblastine (sulfate),"[('Vinblastine (sulfate)', 5.0, 'uM')]",G1,-0.04779275018946186,1061,1545,Microtubule inhibitor
BT-474,plate14,Vinblastine (sulfate),"[('Vinblastine (sulfate)', 5.0, 'uM')]",S,0.046545729522348575,1061,1545,Microtubule inhibitor
BT-474,plate14,Vinblastine (sulfate),"[('Vinblastine (sulfate)', 5.0, 'uM')]",G2M,0.02874351526779362,1061,1545,Microtubule inhibitor
BT-474,plate2,Abemaciclib,"[('Abemaciclib', 0.5, 'uM')]",G1,0.2836611989844646,1088,3905,CDK inhibitor
BT-474,plate2,Abemaciclib,"[('Abemaciclib', 0.5, 'uM')]",S,-0.18055543641379115,1088,3905,CDK inhibitor
BT-474,plate2,Abemaciclib,"[('Abemaciclib', 0.5, 'uM')]",G2M,-0.24321395248465924,1088,3905,CDK inhibitor
BT-474,plate2,Paclitaxel,"[('Paclitaxel', 0.5, 'uM')]",G1,0.34701854274628785,2286,3905,Microtubule inhibitor
BT-474,plate2,Paclitaxel,"[('Paclitaxel', 0.5, 'uM')]",S,-0.5100717564991102,2286,3905,Microtubule inhibitor
BT-474,plate2,Paclitaxel,"[('Paclitaxel', 0.5, 'uM')]",G2M,-0.08730515513597881,2286,3905,Microtubule inhibitor
BT-474,plate2,Tubulin inhibitor 6,"[('Tubulin inhibitor 6', 0.5, 'uM')]",G1,0.2741510586949534,2172,3905,Microtubule inhibitor
BT-474,plate2,Tubulin inhibitor 6,"[('Tubulin inhibitor 6', 0.5, 'uM')]",S,-0.23401301003608088,2172,3905,Microtubule inhibitor
BT-474,plate2,Tubulin inhibitor 6,"[('Tubulin inhibitor 6', 0.5, 'uM')]",G2M,-0.18844403347746577,2172,3905,Microtubule inhibitor
BT-474,plate2,palbociclib,"[('palbociclib', 0.5, 'uM')]",G1,0.866555088320216,1096,3905,CDK inhibitor
BT-474,plate2,palbociclib,"[('palbociclib', 0.5, 'uM')]",S,-0.8778947189248404,1096,3905,CDK inhibitor
BT-474,plate2,palbociclib,"[('palbociclib', 0.5, 'uM')]",G2M,-0.5518399358422971,1096,3905,CDK inhibitor
BT-474,plate2,vincristine,"[('vincristine', 0.5, 'uM')]",G1,0.2722478591177227,562,3905,Microtubule inhibitor
BT-474,plate2,vincristine,"[('vincristine', 0.5, 'uM')]",S,-0.7159290167682875,562,3905,Microtubule inhibitor
BT-474,plate2,vincristine,"[('vincristine', 0.5, 'uM')]",G2M,0.13796189547732526,562,3905,Microtubule inhibitor
BT-474,plate3,Abemaciclib,"[('Abemaciclib', 5.0, 'uM')]",G1,0.8636782557131988,598,1387,CDK inhibitor
BT-474,plate3,Abemaciclib,"[('Abemaciclib', 5.0, 'uM')]",S,-0.7490985898932221,598,1387,CDK inhibitor
BT-474,plate3,Abemaciclib,"[('Abemaciclib', 5.0, 'uM')]",G2M,-0.5921630107517912,598,1387,CDK inhibitor
BT-474,plate3,Paclitaxel,"[('Paclitaxel', 5.0, 'uM')]",G1,0.4017436616331456,1724,1387,Microtubule inhibitor
BT-474,plate3,Paclitaxel,"[('Paclitaxel', 5.0, 'uM')]",S,-0.3666258091483763,1724,1387,Microtubule inhibitor
BT-474,plate3,Paclitaxel,"[('Paclitaxel', 5.0, 'uM')]",G2M,-0.24274700669041627,1724,1387,Microtubule inhibitor
BT-474,plate3,Tubulin inhibitor 6,"[('Tubulin inhibitor 6', 5.0, 'uM')]",G1,0.43059533627465163,458,1387,Microtubule inhibitor
BT-474,plate3,Tubulin inhibitor 6,"[('Tubulin inhibitor 6', 5.0, 'uM')]",S,-0.7372342743510553,458,1387,Microtubule inhibitor
BT-474,plate3,Tubulin inhibitor 6,"[('Tubulin inhibitor 6', 5.0, 'uM')]",G2M,-0.0329409289549907,458,1387,Microtubule inhibitor
BT-474,plate3,palbociclib,"[('palbociclib', 5.0, 'uM')]",G1,1.4238432260867846,696,1387,CDK inhibitor
BT-474,plate3,palbociclib,"[('palbociclib', 5.0, 'uM')]",S,-1.706798254895049,696,1387,CDK inhibitor
BT-474,plate3,palbociclib,"[('palbociclib', 5.0, 'uM')]",G2M,-0.799350301013679,696,1387,CDK inhibitor
BT-474,plate3,vincristine,"[('vincristine', 5.0, 'uM')]",G1,0.3791286043793834,471,1387,Microtubule inhibitor
BT-474,plate3,vincristine,"[('vincristine', 5.0, 'uM')]",S,-0.962929610850042,471,1387,Microtubule inhibitor
BT-474,plate3,vincristine,"[('vincristine', 5.0, 'uM')]",G2M,0.14617869792742313,471,1387,Microtubule inhibitor
BT-474,plate4,Docetaxel,"[('Docetaxel', 0.05, 'uM')]",G1,-1.1764710254462396,406,2454,Microtubule inhibitor
BT-474,plate4,Docetaxel,"[('Docetaxel', 0.05, 'uM')]",S,-0.11712770489487442,406,2454,Microtubule inhibitor
BT-474,plate4,Docetaxel,"[('Docetaxel', 0.05, 'uM')]",G2M,1.41749080424696,406,2454,Microtubule inhibitor
BT-474,plate4,Tucidinostat,"[('Tucidinostat', 0.05, 'uM')]",G1,0.30923287636467117,1152,2454,HDAC inhibitor
BT-474,plate4,Tucidinostat,"[('Tucidinostat', 0.05, 'uM')]",S,-0.8381218452145771,1152,2454,HDAC inhibitor
BT-474,plate4,Tucidinostat,"[('Tucidinostat', 0.05, 'uM')]",G2M,0.10928628475109917,1152,2454,HDAC inhibitor
BT-474,plate4,Vinblastine (sulfate),"[('Vinblastine (sulfate)', 0.05, 'uM')]",G1,0.05158043153740474,1558,2454,Microtubule inhibitor
BT-474,plate4,Vinblastine (sulfate),"[('Vinblastine (sulfate)', 0.05, 'uM')]",S,-0.8732654078220075,1558,2454,Microtubule inhibitor
BT-474,plate4,Vinblastine (sulfate),"[('Vinblastine (sulfate)', 0.05, 'uM')]",G2M,0.4294095631372249,1558,2454,Microtubule inhibitor
BT-474,plate5,Docetaxel,"[('Docetaxel', 0.5, 'uM')]",G1,-0.04624089874155549,1268,3111,Microtubule inhibitor
BT-474,plate5,Docetaxel,"[('Docetaxel', 0.5, 'uM')]",S,-0.5493900892158978,1268,3111,Microtubule inhibitor
BT-474,plate5,Docetaxel,"[('Docetaxel', 0.5, 'uM')]",G2M,0.34319986488896487,1268,3111,Microtubule inhibitor
BT-474,plate5,Tucidinostat,"[('Tucidinostat', 0.5, 'uM')]",G1,0.3836565096606547,794,3111,HDAC inhibitor
BT-474,plate5,Tucidinostat,"[('Tucidinostat', 0.5, 'uM')]",S,-0.8769050734780791,794,3111,HDAC inhibitor
BT-474,plate5,Tucidinostat,"[('Tucidinostat', 0.5, 'uM')]",G2M,-0.01691661370004683,794,3111,HDAC inhibitor
BT-474,plate5,Vinblastine (sulfate),"[('Vinblastine (sulfate)', 0.5, 'uM')]",G1,0.08183480077505045,496,3111,Microtubule inhibitor
BT-474,plate5,Vinblastine (sulfate),"[('Vinblastine (sulfate)', 0.5, 'uM')]",S,-0.5759511591696476,496,3111,Microtubule inhibitor
BT-474,plate5,Vinblastine (sulfate),"[('Vinblastine (sulfate)', 0.5, 'uM')]",G2M,0.2122601246216507,496,3111,Microtubule inhibitor
BT-474,plate6,Docetaxel,"[('Docetaxel', 5.0, 'uM')]",G1,0.18060761254441063,812,3735,Microtubule inhibitor
BT-474,plate6,Docetaxel,"[('Docetaxel', 5.0, 'uM')]",S,-0.8127415368329878,812,3735,Microtubule inhibitor
BT-474,plate6,Docetaxel,"[('Docetaxel', 5.0, 'uM')]",G2M,0.20149168581033114,812,3735,Microtubule inhibitor
BT-474,plate6,Tucidinostat,"[('Tucidinostat', 5.0, 'uM')]",G1,0.9639448494260866,959,3735,HDAC inhibitor
BT-474,plate6,Tucidinostat,"[('Tucidinostat', 5.0, 'uM')]",S,-1.9050793371354482,959,3735,HDAC inhibitor
BT-474,plate6,Tucidinostat,"[('Tucidinostat', 5.0, 'uM')]",G2M,-0.3645572386434615,959,3735,HDAC inhibitor
BT-474,plate6,Vinblastine (sulfate),"[('Vinblastine (sulfate)', 5.0, 'uM')]",G1,0.13316793146020173,777,3735,Microtubule inhibitor
BT-474,plate6,Vinblastine (sulfate),"[('Vinblastine (sulfate)', 5.0, 'uM')]",S,-0.6510605075200874,777,3735,Microtubule inhibitor
BT-474,plate6,Vinblastine (sulfate),"[('Vinblastine (sulfate)', 5.0, 'uM')]",G2M,0.19060767029678408,777,3735,Microtubule inhibitor
BT-474,plate7,Dinaciclib,"[('Dinaciclib', 0.05, 'uM')]",G1,-1.5039847236616417,197,880,CDK inhibitor
BT-474,plate7,Dinaciclib,"[('Dinaciclib', 0.05, 'uM')]",S,1.5237444346994484,197,880,CDK inhibitor
BT-474,plate7,Dinaciclib,"[('Dinaciclib', 0.05, 'uM')]",G2M,0.7187666040618758,197,880,CDK inhibitor
BT-474,plate7,Docetaxel (Trihydrate),"[('Docetaxel (Trihydrate)', 0.05, 'uM')]",G1,-0.37381214216676617,410,880,Microtubule inhibitor
BT-474,plate7,Docetaxel (Trihydrate),"[('Docetaxel (Trihydrate)', 0.05, 'uM')]",S,0.1856193397631979,410,880,Microtubule inhibitor
BT-474,plate7,Docetaxel (Trihydrate),"[('Docetaxel (Trihydrate)', 0.05, 'uM')]",G2M,0.36250764552592724,410,880,Microtubule inhibitor
BT-474,plate7,Mebendazole,"[('Mebendazole', 0.05, 'uM')]",G1,-0.09176222397619106,577,880,Microtubule inhibitor
BT-474,plate7,Mebendazole,"[('Mebendazole', 0.05, 'uM')]",S,-0.13934868431311292,577,880,Microtubule inhibitor
BT-474,plate7,Mebendazole,"[('Mebendazole', 0.05, 'uM')]",G2M,0.18989386882734655,577,880,Microtubule inhibitor
BT-474,plate8,Dinaciclib,"[('Dinaciclib', 0.5, 'uM')]",G1,-1.2938054844927018,533,2433,CDK inhibitor
BT-474,plate8,Dinaciclib,"[('Dinaciclib', 0.5, 'uM')]",S,1.2683396466568901,533,2433,CDK inhibitor
BT-474,plate8,Dinaciclib,"[('Dinaciclib', 0.5, 'uM')]",G2M,0.957344496568511,533,2433,CDK inhibitor
BT-474,plate8,Docetaxel (Trihydrate),"[('Docetaxel (Trihydrate)', 0.5, 'uM')]",G1,-0.21675405967862738,752,2433,Microtubule inhibitor
BT-474,plate8,Docetaxel (Trihydrate),"[('Docetaxel (Trihydrate)', 0.5, 'uM')]",S,0.0899851422922651,752,2433,Microtubule inhibitor
BT-474,plate8,Docetaxel (Trihydrate),"[('Docetaxel (Trihydrate)', 0.5, 'uM')]",G2M,0.2536592096033616,752,2433,Microtubule inhibitor
BT-474,plate8,Mebendazole,"[('Mebendazole', 0.5, 'uM')]",G1,-0.0070814874430196705,1032,2433,Microtubule inhibitor
BT-474,plate8,Mebendazole,"[('Mebendazole', 0.5, 'uM')]",S,-0.3472398959087065,1032,2433,Microtubule inhibitor
BT-474,plate8,Mebendazole,"[('Mebendazole', 0.5, 'uM')]",G2M,0.18523786071714335,1032,2433,Microtubule inhibitor
BT-474,plate9,Dinaciclib,"[('Dinaciclib', 5.0, 'uM')]",G1,-1.9643626189749814,162,1226,CDK inhibitor
BT-474,plate9,Dinaciclib,"[('Dinaciclib', 5.0, 'uM')]",S,1.9884789389991397,162,1226,CDK inhibitor
BT-474,plate9,Dinaciclib,"[('Dinaciclib', 5.0, 'uM')]",G2M,0.870620324924768,162,1226,CDK inhibitor
BT-474,plate9,Docetaxel (Trihydrate),"[('Docetaxel (Trihydrate)', 5.0, 'uM')]",G1,-0.04706718534237252,690,1226,Microtubule inhibitor
BT-474,plate9,Docetaxel (Trihydrate),"[('Docetaxel (Trihydrate)', 5.0, 'uM')]",S,0.34218640737211903,690,1226,Microtubule inhibitor
BT-474,plate9,Docetaxel (Trihydrate),"[('Docetaxel (Trihydrate)', 5.0, 'uM')]",G2M,-0.12668181373599768,690,1226,Microtubule inhibitor
BT-474,plate9,Mebendazole,"[('Mebendazole', 5.0, 'uM')]",G1,0.22963345573470825,1132,1226,Microtubule inhibitor
BT-474,plate9,Mebendazole,"[('Mebendazole', 5.0, 'uM')]",S,-0.0831374856723187,1132,1226,Microtubule inhibitor
BT-474,plate9,Mebendazole,"[('Mebendazole', 5.0, 'uM')]",G2M,-0.24547639965150114,1132,1226,Microtubule inhibitor
C-33 A,plate1,Paclitaxel,"[('Paclitaxel', 0.05, 'uM')]",G1,-0.04579441093652696,957,2476,Microtubule inhibitor
C-33 A,plate1,Paclitaxel,"[('Paclitaxel', 0.05, 'uM')]",S,0.010823630337307752,957,2476,Microtubule inhibitor
C-33 A,plate1,Paclitaxel,"[('Paclitaxel', 0.05, 'uM')]",G2M,0.041370161041678025,957,2476,Microtubule inhibitor
C-33 A,plate1,Tubulin inhibitor 6,"[('Tubulin inhibitor 6', 0.05, 'uM')]",G1,-0.14089415593703758,841,2476,Microtubule inhibitor
C-33 A,plate1,Tubulin inhibitor 6,"[('Tubulin inhibitor 6', 0.05, 'uM')]",S,0.06793775256940067,841,2476,Microtubule inhibitor
C-33 A,plate1,Tubulin inhibitor 6,"[('Tubulin inhibitor 6', 0.05, 'uM')]",G2M,0.09266404094531602,841,2476,Microtubule inhibitor
C-33 A,plate1,palbociclib,"[('palbociclib', 0.05, 'uM')]",G1,0.01323133350756259,630,2476,CDK inhibitor
C-33 A,plate1,palbociclib,"[('palbociclib', 0.05, 'uM')]",S,0.04418132024611567,630,2476,CDK inhibitor
C-33 A,plate1,palbociclib,"[('palbociclib', 0.05, 'uM')]",G2M,-0.04762625850708293,630,2476,CDK inhibitor
C-33 A,plate1,vincristine,"[('vincristine', 0.05, 'uM')]",G1,-0.16122665575632986,766,2476,Microtubule inhibitor
C-33 A,plate1,vincristine,"[('vincristine', 0.05, 'uM')]",S,-0.0765693548629295,766,2476,Microtubule inhibitor
C-33 A,plate1,vincristine,"[('vincristine', 0.05, 'uM')]",G2M,0.2299099468755084,766,2476,Microtubule inhibitor
C-33 A,plate10,Belinostat,"[('Belinostat', 0.05, 'uM')]",G1,-0.7647286661913504,1114,2774,HDAC inhibitor
C-33 A,plate10,Belinostat,"[('Belinostat', 0.05, 'uM')]",S,0.2658309353159202,1114,2774,HDAC inhibitor
C-33 A,plate10,Belinostat,"[('Belinostat', 0.05, 'uM')]",G2M,0.7908240858696454,1114,2774,HDAC inhibitor
C-33 A,plate10,Carbamazepine,"[('Carbamazepine', 0.05, 'uM')]",G1,-0.03243298457707114,1083,2774,HDAC inhibitor
C-33 A,plate10,Carbamazepine,"[('Carbamazepine', 0.05, 'uM')]",S,-0.14124631190450784,1083,2774,HDAC inhibitor
C-33 A,plate10,Carbamazepine,"[('Carbamazepine', 0.05, 'uM')]",G2M,0.16283868827747802,1083,2774,HDAC inhibitor
C-33 A,plate10,Panobinostat,"[('Panobinostat', 0.05, 'uM')]",G1,-0.03709777225322455,1513,2774,HDAC inhibitor
C-33 A,plate10,Panobinostat,"[('Panobinostat', 0.05, 'uM')]",S,-0.6018414345607905,1513,2774,HDAC inhibitor
C-33 A,plate10,Panobinostat,"[('Panobinostat', 0.05, 'uM')]",G2M,0.46404850564402184,1513,2774,HDAC inhibitor
C-33 A,plate11,Belinostat,"[('Belinostat', 0.5, 'uM')]",G1,-0.7073123334868491,345,2064,HDAC inhibitor
C-33 A,plate11,Belinostat,"[('Belinostat', 0.5, 'uM')]",S,0.3262234134622998,345,2064,HDAC inhibitor
C-33 A,plate11,Belinostat,"[('Belinostat', 0.5, 'uM')]",G2M,0.45402311276780255,345,2064,HDAC inhibitor
C-33 A,plate11,Carbamazepine,"[('Carbamazepine', 0.5, 'uM')]",G1,0.0005436932085103102,691,2064,HDAC inhibitor
C-33 A,plate11,Carbamazepine,"[('Carbamazepine', 0.5, 'uM')]",S,-0.024729798162303324,691,2064,HDAC inhibitor
C-33 A,plate11,Carbamazepine,"[('Carbamazepine', 0.5, 'uM')]",G2M,0.025721338428056496,691,2064,HDAC inhibitor
C-33 A,plate11,Panobinostat,"[('Panobinostat', 0.5, 'uM')]",G1,-0.6057156884623999,927,2064,HDAC inhibitor
C-33 A,plate11,Panobinostat,"[('Panobinostat', 0.5, 'uM')]",S,0.3942054161091819,927,2064,HDAC inhibitor
C-33 A,plate11,Panobinostat,"[('Panobinostat', 0.5, 'uM')]",G2M,0.2851033408252346,927,2064,HDAC inhibitor
C-33 A,plate12,Belinostat,"[('Belinostat', 5.0, 'uM')]",G1,-0.5294694259437407,1240,3571,HDAC inhibitor
C-33 A,plate12,Belinostat,"[('Belinostat', 5.0, 'uM')]",S,0.022111638984694513,1240,3571,HDAC inhibitor
C-33 A,plate12,Belinostat,"[('Belinostat', 5.0, 'uM')]",G2M,0.6007792212958304,1240,3571,HDAC inhibitor
C-33 A,plate12,Carbamazepine,"[('Carbamazepine', 5.0, 'uM')]",G1,-0.26730562876328107,978,3571,HDAC inhibitor
C-33 A,plate12,Carbamazepine,"[('Carbamazepine', 5.0, 'uM')]",S,0.006980101491193933,978,3571,HDAC inhibitor
C-33 A,plate12,Carbamazepine,"[('Carbamazepine', 5.0, 'uM')]",G2M,0.325839819679903,978,3571,HDAC inhibitor
C-33 A,plate12,Panobinostat,"[('Panobinostat', 5.0, 'uM')]",G1,-0.7177157080335766,1427,3571,HDAC inhibitor
C-33 A,plate12,Panobinostat,"[('Panobinostat', 5.0, 'uM')]",S,0.17420799795026937,1427,3571,HDAC inhibitor
C-33 A,plate12,Panobinostat,"[('Panobinostat', 5.0, 'uM')]",G2M,0.655218750206074,1427,3571,HDAC inhibitor
C-33 A,plate13,Abemaciclib,"[('Abemaciclib', 0.05, 'uM')]",G1,-0.44131620411739436,1861,1904,CDK inhibitor
C-33 A,plate13,Abemaciclib,"[('Abemaciclib', 0.05, 'uM')]",S,0.4019673721629588,1861,1904,CDK inhibitor
C-33 A,plate13,Abemaciclib,"[('Abemaciclib', 0.05, 'uM')]",G2M,0.24354481887107757,1861,1904,CDK inhibitor
C-33 A,plate13,Ribociclib,"[('Ribociclib', 0.05, 'uM')]",G1,0.08047885228021123,1278,1904,CDK inhibitor
C-33 A,plate13,Ribociclib,"[('Ribociclib', 0.05, 'uM')]",S,-0.04861073073426973,1278,1904,CDK inhibitor
C-33 A,plate13,Ribociclib,"[('Ribociclib', 0.05, 'uM')]",G2M,-0.0682239842899889,1278,1904,CDK inhibitor
C-33 A,plate13,Ribociclib,"[('Ribociclib', 0.5, 'uM')]",G1,-0.03468421339441576,1186,1904,CDK inhibitor
C-33 A,plate13,Ribociclib,"[('Ribociclib', 0.5, 'uM')]",S,0.08979357948143328,1186,1904,CDK inhibitor
C-33 A,plate13,Ribociclib,"[('Ribociclib', 0.5, 'uM')]",G2M,-0.023476421144730194,1186,1904,CDK inhibitor
C-33 A,plate13,Ribociclib,"[('Ribociclib', 5.0, 'uM')]",G1,0.12362581676464621,1390,1904,CDK inhibitor
C-33 A,plate13,Ribociclib,"[('Ribociclib', 5.0, 'uM')]",S,-0.1373256207465396,1390,1904,CDK inhibitor
C-33 A,plate13,Ribociclib,"[('Ribociclib', 5.0, 'uM')]",G2M,-0.059039284892684944,1390,1904,CDK inhibitor
C-33 A,plate14,Docetaxel,"[('Docetaxel', 5.0, 'uM')]",G1,-0.301491890322349,1249,1306,Microtubule inhibitor
C-33 A,plate14,Docetaxel,"[('Docetaxel', 5.0, 'uM')]",S,-0.2722543519728779,1249,1306,Microtubule inhibitor
C-33 A,plate14,Docetaxel,"[('Docetaxel', 5.0, 'uM')]",G2M,0.5508117831456186,1249,1306,Microtubule inhibitor
C-33 A,plate14,Tucidinostat,"[('Tucidinostat', 5.0, 'uM')]",G1,0.12124489505434886,937,1306,HDAC inhibitor
C-33 A,plate14,Tucidinostat,"[('Tucidinostat', 5.0, 'uM')]",S,-0.08267616649021946,937,1306,HDAC inhibitor
C-33 A,plate14,Tucidinostat,"[('Tucidinostat', 5.0, 'uM')]",G2M,-0.047133006273782675,937,1306,HDAC inhibitor
C-33 A,plate14,Vinblastine (sulfate),"[('Vinblastine (sulfate)', 5.0, 'uM')]",G1,0.05053534619566169,885,1306,Microtubule inhibitor
C-33 A,plate14,Vinblastine (sulfate),"[('Vinblastine (sulfate)', 5.0, 'uM')]",S,-0.2883387385248724,885,1306,Microtubule inhibitor
C-33 A,plate14,Vinblastine (sulfate),"[('Vinblastine (sulfate)', 5.0, 'uM')]",G2M,0.22650189016823172,885,1306,Microtubule inhibitor
C-33 A,plate2,Abemaciclib,"[('Abemaciclib', 0.5, 'uM')]",G1,0.08038080482806644,1390,3593,CDK inhibitor
C-33 A,plate2,Abemaciclib,"[('Abemaciclib', 0.5, 'uM')]",S,-0.25062035981717606,1390,3593,CDK inhibitor
C-33 A,plate2,Abemaciclib,"[('Abemaciclib', 0.5, 'uM')]",G2M,0.20069863053033724,1390,3593,CDK inhibitor
C-33 A,plate2,Paclitaxel,"[('Paclitaxel', 0.5, 'uM')]",G1,0.08834707868023481,2255,3593,Microtubule inhibitor
C-33 A,plate2,Paclitaxel,"[('Paclitaxel', 0.5, 'uM')]",S,-0.19978738301335275,2255,3593,Microtubule inhibitor
C-33 A,plate2,Paclitaxel,"[('Paclitaxel', 0.5, 'uM')]",G2M,0.1357343180340627,2255,3593,Microtubule inhibitor
C-33 A,plate2,Tubulin inhibitor 6,"[('Tubulin inhibitor 6', 0.5, 'uM')]",G1,0.0309688331894573,2276,3593,Microtubule inhibitor
C-33 A,plate2,Tubulin inhibitor 6,"[('Tubulin inhibitor 6', 0.5, 'uM')]",S,-0.0669469365642926,2276,3593,Microtubule inhibitor
C-33 A,plate2,Tubulin inhibitor 6,"[('Tubulin inhibitor 6', 0.5, 'uM')]",G2M,0.04604010656412681,2276,3593,Microtubule inhibitor
C-33 A,plate2,palbociclib,"[('palbociclib', 0.5, 'uM')]",G1,0.1295728108407146,1177,3593,CDK inhibitor
C-33 A,plate2,palbociclib,"[('palbociclib', 0.5, 'uM')]",S,0.02207687576767566,1177,3593,CDK inhibitor
C-33 A,plate2,palbociclib,"[('palbociclib', 0.5, 'uM')]",G2M,-0.17140612197199004,1177,3593,CDK inhibitor
C-33 A,plate2,vincristine,"[('vincristine', 0.5, 'uM')]",G1,-0.4247321820192562,623,3593,Microtubule inhibitor
C-33 A,plate2,vincristine,"[('vincristine', 0.5, 'uM')]",S,-0.6120285686279079,623,3593,Microtubule inhibitor
C-33 A,plate2,vincristine,"[('vincristine', 0.5, 'uM')]",G2M,1.0009215074792168,623,3593,Microtubule inhibitor
C-33 A,plate3,Abemaciclib,"[('Abemaciclib', 5.0, 'uM')]",G1,0.25116429703980897,764,986,CDK inhibitor
C-33 A,plate3,Abemaciclib,"[('Abemaciclib', 5.0, 'uM')]",S,-0.13113148889392792,764,986,CDK inhibitor
C-33 A,plate3,Abemaciclib,"[('Abemaciclib', 5.0, 'uM')]",G2M,-0.07456231983122633,764,986,CDK inhibitor
C-33 A,plate3,Paclitaxel,"[('Paclitaxel', 5.0, 'uM')]",G1,0.30638233031097406,1656,986,Microtubule inhibitor
C-33 A,plate3,Paclitaxel,"[('Paclitaxel', 5.0, 'uM')]",S,-0.1513979509199326,1656,986,Microtubule inhibitor
C-33 A,plate3,Paclitaxel,"[('Paclitaxel', 5.0, 'uM')]",G2M,-0.10434664691422317,1656,986,Microtubule inhibitor
C-33 A,plate3,Tubulin inhibitor 6,"[('Tubulin inhibitor 6', 5.0, 'uM')]",G1,0.2408434135763364,467,986,Microtubule inhibitor
C-33 A,plate3,Tubulin inhibitor 6,"[('Tubulin inhibitor 6', 5.0, 'uM')]",S,-0.18192618975216449,467,986,Microtubule inhibitor
C-33 A,plate3,Tubulin inhibitor 6,"[('Tubulin inhibitor 6', 5.0, 'uM')]",G2M,-0.015333204656927396,467,986,Microtubule inhibitor
C-33 A,plate3,palbociclib,"[('palbociclib', 5.0, 'uM')]",G1,0.4987273447864962,463,986,CDK inhibitor
C-33 A,plate3,palbociclib,"[('palbociclib', 5.0, 'uM')]",S,-0.27559928260014616,463,986,CDK inhibitor
C-33 A,plate3,palbociclib,"[('palbociclib', 5.0, 'uM')]",G2M,-0.1529126634915129,463,986,CDK inhibitor
C-33 A,plate3,vincristine,"[('vincristine', 5.0, 'uM')]",G1,-0.6163614469057573,323,986,Microtubule inhibitor
C-33 A,plate3,vincristine,"[('vincristine', 5.0, 'uM')]",S,-0.592313085170082,323,986,Microtubule inhibitor
C-33 A,plate3,vincristine,"[('vincristine', 5.0, 'uM')]",G2M,0.9302297361288141,323,986,Microtubule inhibitor
C-33 A,plate4,Docetaxel,"[('Docetaxel', 0.05, 'uM')]",G1,-0.384894357758619,850,2796,Microtubule inhibitor
C-33 A,plate4,Docetaxel,"[('Docetaxel', 0.05, 'uM')]",S,-0.45638586513553503,850,2796,Microtubule inhibitor
C-33 A,plate4,Docetaxel,"[('Docetaxel', 0.05, 'uM')]",G2M,0.7222247917888868,850,2796,Microtubule inhibitor
C-33 A,plate4,Tucidinostat,"[('Tucidinostat', 0.05, 'uM')]",G1,0.2652946668222989,1228,2796,HDAC inhibitor
C-33 A,plate4,Tucidinostat,"[('Tucidinostat', 0.05, 'uM')]",S,-0.1669447187935245,1228,2796,HDAC inhibitor
C-33 A,plate4,Tucidinostat,"[('Tucidinostat', 0.05, 'uM')]",G2M,-0.13731505449499576,1228,2796,HDAC inhibitor
C-33 A,plate4,Vinblastine (sulfate),"[('Vinblastine (sulfate)', 0.05, 'uM')]",G1,-0.4918710663611165,1390,2796,Microtubule inhibitor
C-33 A,plate4,Vinblastine (sulfate),"[('Vinblastine (sulfate)', 0.05, 'uM')]",S,-0.06848542193046597,1390,2796,Microtubule inhibitor
C-33 A,plate4,Vinblastine (sulfate),"[('Vinblastine (sulfate)', 0.05, 'uM')]",G2M,0.5235228417925792,1390,2796,Microtubule inhibitor
C-33 A,plate5,Docetaxel,"[('Docetaxel', 0.5, 'uM')]",G1,-0.18950200018448846,1218,3066,Microtubule inhibitor
C-33 A,plate5,Docetaxel,"[('Docetaxel', 0.5, 'uM')]",S,-0.5141872220924586,1218,3066,Microtubule inhibitor
C-33 A,plate5,Docetaxel,"[('Docetaxel', 0.5, 'uM')]",G2M,0.5568356730424843,1218,3066,Microtubule inhibitor
C-33 A,plate5,Tucidinostat,"[('Tucidinostat', 0.5, 'uM')]",G1,0.5688667410856603,938,3066,HDAC inhibitor
C-33 A,plate5,Tucidinostat,"[('Tucidinostat', 0.5, 'uM')]",S,-0.4151439380867933,938,3066,HDAC inhibitor
C-33 A,plate5,Tucidinostat,"[('Tucidinostat', 0.5, 'uM')]",G2M,-0.17932574625106779,938,3066,HDAC inhibitor
C-33 A,plate5,Vinblastine (sulfate),"[('Vinblastine (sulfate)', 0.5, 'uM')]",G1,0.37740388943800673,556,3066,Microtubule inhibitor
C-33 A,plate5,Vinblastine (sulfate),"[('Vinblastine (sulfate)', 0.5, 'uM')]",S,-0.291828080534582,556,3066,Microtubule inhibitor
C-33 A,plate5,Vinblastine (sulfate),"[('Vinblastine (sulfate)', 0.5, 'uM')]",G2M,-0.0895149233290592,556,3066,Microtubule inhibitor
C-33 A,plate6,Docetaxel,"[('Docetaxel', 5.0, 'uM')]",G1,-0.17669343858049516,959,3815,Microtubule inhibitor
C-33 A,plate6,Docetaxel,"[('Docetaxel', 5.0, 'uM')]",S,-0.13966729444644332,959,3815,Microtubule inhibitor
C-33 A,plate6,Docetaxel,"[('Docetaxel', 5.0, 'uM')]",G2M,0.2918801694844685,959,3815,Microtubule inhibitor
C-33 A,plate6,Tucidinostat,"[('Tucidinostat', 5.0, 'uM')]",G1,0.2527401737783379,1133,3815,HDAC inhibitor
C-33 A,plate6,Tucidinostat,"[('Tucidinostat', 5.0, 'uM')]",S,-0.11380316513536405,1133,3815,HDAC inhibitor
C-33 A,plate6,Tucidinostat,"[('Tucidinostat', 5.0, 'uM')]",G2M,-0.1689679375813469,1133,3815,HDAC inhibitor
C-33 A,plate6,Vinblastine (sulfate),"[('Vinblastine (sulfate)', 5.0, 'uM')]",G1,0.2852632651089333,1071,3815,Microtubule inhibitor
C-33 A,plate6,Vinblastine (sulfate),"[('Vinblastine (sulfate)', 5.0, 'uM')]",S,-0.5154309735971002,1071,3815,Microtubule inhibitor
C-33 A,plate6,Vinblastine (sulfate),"[('Vinblastine (sulfate)', 5.0, 'uM')]",G2M,0.11133929601160084,1071,3815,Microtubule inhibitor
C-33 A,plate7,Dinaciclib,"[('Dinaciclib', 0.05, 'uM')]",G1,-0.8232572536075599,64,1307,CDK inhibitor
C-33 A,plate7,Dinaciclib,"[('Dinaciclib', 0.05, 'uM')]",S,-0.8520261912226956,64,1307,CDK inhibitor
C-33 A,plate7,Dinaciclib,"[('Dinaciclib', 0.05, 'uM')]",G2M,1.327836968335023,64,1307,CDK inhibitor
C-33 A,plate7,Docetaxel (Trihydrate),"[('Docetaxel (Trihydrate)', 0.05, 'uM')]",G1,-0.21437530518016057,785,1307,Microtubule inhibitor
C-33 A,plate7,Docetaxel (Trihydrate),"[('Docetaxel (Trihydrate)', 0.05, 'uM')]",S,-0.11049170704522816,785,1307,Microtubule inhibitor
C-33 A,plate7,Docetaxel (Trihydrate),"[('Docetaxel (Trihydrate)', 0.05, 'uM')]",G2M,0.29598901246071735,785,1307,Microtubule inhibitor
C-33 A,plate7,Mebendazole,"[('Mebendazole', 0.05, 'uM')]",G1,-0.22267672292949015,644,1307,Microtubule inhibitor
C-33 A,plate7,Mebendazole,"[('Mebendazole', 0.05, 'uM')]",S,0.23695956298730897,644,1307,Microtubule inhibitor
C-33 A,plate7,Mebendazole,"[('Mebendazole', 0.05, 'uM')]",G2M,0.019704796133805016,644,1307,Microtubule inhibitor
C-33 A,plate8,Dinaciclib,"[('Dinaciclib', 0.5, 'uM')]",G1,-0.6079985319675163,128,3710,CDK inhibitor
C-33 A,plate8,Dinaciclib,"[('Dinaciclib', 0.5, 'uM')]",S,-0.7254575689131021,128,3710,CDK inhibitor
C-33 A,plate8,Dinaciclib,"[('Dinaciclib', 0.5, 'uM')]",G2M,1.1941116189631995,128,3710,CDK inhibitor
C-33 A,plate8,Docetaxel (Trihydrate),"[('Docetaxel (Trihydrate)', 0.5, 'uM')]",G1,-0.35776576539950355,1185,3710,Microtubule inhibitor
C-33 A,plate8,Docetaxel (Trihydrate),"[('Docetaxel (Trihydrate)', 0.5, 'uM')]",S,0.15719381145751965,1185,3710,Microtubule inhibitor
C-33 A,plate8,Docetaxel (Trihydrate),"[('Docetaxel (Trihydrate)', 0.5, 'uM')]",G2M,0.3595510267807859,1185,3710,Microtubule inhibitor
C-33 A,plate8,Mebendazole,"[('Mebendazole', 0.5, 'uM')]",G1,-0.23563568261412096,1089,3710,Microtubule inhibitor
C-33 A,plate8,Mebendazole,"[('Mebendazole', 0.5, 'uM')]",S,-0.02993609194416763,1089,3710,Microtubule inhibitor
C-33 A,plate8,Mebendazole,"[('Mebendazole', 0.5, 'uM')]",G2M,0.3472036021215505,1089,3710,Microtubule inhibitor
C-33 A,plate9,Docetaxel (Trihydrate),"[('Docetaxel (Trihydrate)', 5.0, 'uM')]",G1,0.30856601753632307,955,1317,Microtubule inhibitor
C-33 A,plate9,Docetaxel (Trihydrate),"[('Docetaxel (Trihydrate)', 5.0, 'uM')]",S,-0.14340764157453187,955,1317,Microtubule inhibitor
C-33 A,plate9,Docetaxel (Trihydrate),"[('Docetaxel (Trihydrate)', 5.0, 'uM')]",G2M,-0.19590542287769322,955,1317,Microtubule inhibitor
C-33 A,plate9,Mebendazole,"[('Mebendazole', 5.0, 'uM')]",G1,0.2223262473463528,967,1317,Microtubule inhibitor
C-33 A,plate9,Mebendazole,"[('Mebendazole', 5.0, 'uM')]",S,-0.15926571024788486,967,1317,Microtubule inhibitor
C-33 A,plate9,Mebendazole,"[('Mebendazole', 5.0, 'uM')]",G2M,-0.0923505181648176,967,1317,Microtubule inhibitor
C32,plate1,Paclitaxel,"[('Paclitaxel', 0.05, 'uM')]",G1,0.23461484770601096,1753,4243,Microtubule inhibitor
C32,plate1,Paclitaxel,"[('Paclitaxel', 0.05, 'uM')]",S,-0.32518494619100763,1753,4243,Microtubule inhibitor
C32,plate1,Paclitaxel,"[('Paclitaxel', 0.05, 'uM')]",G2M,-0.18274117615299465,1753,4243,Microtubule inhibitor
C32,plate1,Tubulin inhibitor 6,"[('Tubulin inhibitor 6', 0.05, 'uM')]",G1,-0.07911569742305907,1569,4243,Microtubule inhibitor
C32,plate1,Tubulin inhibitor 6,"[('Tubulin inhibitor 6', 0.05, 'uM')]",S,0.03808728848378846,1569,4243,Microtubule inhibitor
C32,plate1,Tubulin inhibitor 6,"[('Tubulin inhibitor 6', 0.05, 'uM')]",G2M,0.08030094986471366,1569,4243,Microtubule inhibitor
C32,plate1,palbociclib,"[('palbociclib', 0.05, 'uM')]",G1,-0.00900238427187643,990,4243,CDK inhibitor
C32,plate1,palbociclib,"[('palbociclib', 0.05, 'uM')]",S,0.24184483168694704,990,4243,CDK inhibitor
C32,plate1,palbociclib,"[('palbociclib', 0.05, 'uM')]",G2M,-0.05546454578324604,990,4243,CDK inhibitor
C32,plate1,vincristine,"[('vincristine', 0.05, 'uM')]",G1,-0.4786739633827326,1393,4243,Microtubule inhibitor
C32,plate1,vincristine,"[('vincristine', 0.05, 'uM')]",S,-0.2768267995133821,1393,4243,Microtubule inhibitor
C32,plate1,vincristine,"[('vincristine', 0.05, 'uM')]",G2M,0.5827889037234405,1393,4243,Microtubule inhibitor
C32,plate10,Belinostat,"[('Belinostat', 0.05, 'uM')]",G1,-0.4517322372751164,1281,4167,HDAC inhibitor
C32,plate10,Belinostat,"[('Belinostat', 0.05, 'uM')]",S,0.06170335582686613,1281,4167,HDAC inhibitor
C32,plate10,Belinostat,"[('Belinostat', 0.05, 'uM')]",G2M,0.47776125888025833,1281,4167,HDAC inhibitor
C32,plate10,Carbamazepine,"[('Carbamazepine', 0.05, 'uM')]",G1,-0.21072210718598636,1288,4167,HDAC inhibitor
C32,plate10,Carbamazepine,"[('Carbamazepine', 0.05, 'uM')]",S,-0.1303052956468003,1288,4167,HDAC inhibitor
C32,plate10,Carbamazepine,"[('Carbamazepine', 0.05, 'uM')]",G2M,0.24324072582262357,1288,4167,HDAC inhibitor
C32,plate10,Panobinostat,"[('Panobinostat', 0.05, 'uM')]",G1,-0.6001342214769727,1856,4167,HDAC inhibitor
C32,plate10,Panobinostat,"[('Panobinostat', 0.05, 'uM')]",S,-0.03870567270010435,1856,4167,HDAC inhibitor
C32,plate10,Panobinostat,"[('Panobinostat', 0.05, 'uM')]",G2M,0.6431788012180815,1856,4167,HDAC inhibitor
C32,plate11,Belinostat,"[('Belinostat', 0.5, 'uM')]",G1,-0.6881089375286854,682,3513,HDAC inhibitor
C32,plate11,Belinostat,"[('Belinostat', 0.5, 'uM')]",S,0.7606170961891634,682,3513,HDAC inhibitor
C32,plate11,Belinostat,"[('Belinostat', 0.5, 'uM')]",G2M,0.5922864122488314,682,3513,HDAC inhibitor
C32,plate11,Carbamazepine,"[('Carbamazepine', 0.5, 'uM')]",G1,0.05587406435359971,1003,3513,HDAC inhibitor
C32,plate11,Carbamazepine,"[('Carbamazepine', 0.5, 'uM')]",S,-0.17980363489557533,1003,3513,HDAC inhibitor
C32,plate11,Carbamazepine,"[('Carbamazepine', 0.5, 'uM')]",G2M,-0.02868134656373124,1003,3513,HDAC inhibitor
C32,plate11,Panobinostat,"[('Panobinostat', 0.5, 'uM')]",G1,-1.098366786281374,1746,3513,HDAC inhibitor
C32,plate11,Panobinostat,"[('Panobinostat', 0.5, 'uM')]",S,2.379379213681133,1746,3513,HDAC inhibitor
C32,plate11,Panobinostat,"[('Panobinostat', 0.5, 'uM')]",G2M,0.4133507083793053,1746,3513,HDAC inhibitor
C32,plate12,Belinostat,"[('Belinostat', 5.0, 'uM')]",G1,-1.615924588885735,1749,3704,HDAC inhibitor
C32,plate12,Belinostat,"[('Belinostat', 5.0, 'uM')]",S,2.341558263567085,1749,3704,HDAC inhibitor
C32,plate12,Belinostat,"[('Belinostat', 5.0, 'uM')]",G2M,1.0435961248082612,1749,3704,HDAC inhibitor
C32,plate12,Carbamazepine,"[('Carbamazepine', 5.0, 'uM')]",G1,-0.2003387571955994,1091,3704,HDAC inhibitor
C32,plate12,Carbamazepine,"[('Carbamazepine', 5.0, 'uM')]",S,-0.19983881747137888,1091,3704,HDAC inhibitor
C32,plate12,Carbamazepine,"[('Carbamazepine', 5.0, 'uM')]",G2M,0.2514798884506802,1091,3704,HDAC inhibitor
C32,plate12,Panobinostat,"[('Panobinostat', 5.0, 'uM')]",G1,-1.4528663069316892,1854,3704,HDAC inhibitor
C32,plate12,Panobinostat,"[('Panobinostat', 5.0, 'uM')]",S,2.6054729248574504,1854,3704,HDAC inhibitor
C32,plate12,Panobinostat,"[('Panobinostat', 5.0, 'uM')]",G2M,0.7082025982386979,1854,3704,HDAC inhibitor
C32,plate13,Abemaciclib,"[('Abemaciclib', 0.05, 'uM')]",G1,0.09249278990239111,1578,1808,CDK inhibitor
C32,plate13,Abemaciclib,"[('Abemaciclib', 0.05, 'uM')]",S,0.34711347224075423,1578,1808,CDK inhibitor
C32,plate13,Abemaciclib,"[('Abemaciclib', 0.05, 'uM')]",G2M,-0.14447480214917177,1578,1808,CDK inhibitor
C32,plate13,Ribociclib,"[('Ribociclib', 0.05, 'uM')]",G1,0.17874268312709857,1744,1808,CDK inhibitor
C32,plate13,Ribociclib,"[('Ribociclib', 0.05, 'uM')]",S,0.12787170644069332,1744,1808,CDK inhibitor
C32,plate13,Ribociclib,"[('Ribociclib', 0.05, 'uM')]",G2M,-0.20634190198756602,1744,1808,CDK inhibitor
C32,plate13,Ribociclib,"[('Ribociclib', 0.5, 'uM')]",G1,-0.036851173203493286,1612,1808,CDK inhibitor
C32,plate13,Ribociclib,"[('Ribociclib', 0.5, 'uM')]",S,0.16926308625550643,1612,1808,CDK inhibitor
C32,plate13,Ribociclib,"[('Ribociclib', 0.5, 'uM')]",G2M,0.018913704053753637,1612,1808,CDK inhibitor
C32,plate13,Ribociclib,"[('Ribociclib', 5.0, 'uM')]",G1,0.15075450593143197,1760,1808,CDK inhibitor
C32,plate13,Ribociclib,"[('Ribociclib', 5.0, 'uM')]",S,0.44116368167990977,1760,1808,CDK inhibitor
C32,plate13,Ribociclib,"[('Ribociclib', 5.0, 'uM')]",G2M,-0.22307505126411928,1760,1808,CDK inhibitor
C32,plate14,Docetaxel,"[('Docetaxel', 5.0, 'uM')]",G1,-0.09758729224037374,2287,2601,Microtubule inhibitor
C32,plate14,Docetaxel,"[('Docetaxel', 5.0, 'uM')]",S,-0.34666279015355905,2287,2601,Microtubule inhibitor
C32,plate14,Docetaxel,"[('Docetaxel', 5.0, 'uM')]",G2M,0.2198121975223473,2287,2601,Microtubule inhibitor
C32,plate14,Tucidinostat,"[('Tucidinostat', 5.0, 'uM')]",G1,0.09723092776052192,2008,2601,HDAC inhibitor
C32,plate14,Tucidinostat,"[('Tucidinostat', 5.0, 'uM')]",S,-0.3937233887676668,2008,2601,HDAC inhibitor
C32,plate14,Tucidinostat,"[('Tucidinostat', 5.0, 'uM')]",G2M,0.008607003282279868,2008,2601,HDAC inhibitor
C32,plate14,Vinblastine (sulfate),"[('Vinblastine (sulfate)', 5.0, 'uM')]",G1,-0.11049871721224204,1826,2601,Microtubule inhibitor
C32,plate14,Vinblastine (sulfate),"[('Vinblastine (sulfate)', 5.0, 'uM')]",S,-0.44374641394166114,1826,2601,Microtubule inhibitor
C32,plate14,Vinblastine (sulfate),"[('Vinblastine (sulfate)', 5.0, 'uM')]",G2M,0.2592498253986807,1826,2601,Microtubule inhibitor
C32,plate2,Abemaciclib,"[('Abemaciclib', 0.5, 'uM')]",G1,-0.5044907972933481,2122,6833,CDK inhibitor
C32,plate2,Abemaciclib,"[('Abemaciclib', 0.5, 'uM')]",S,1.0034197833403902,2122,6833,CDK inhibitor
C32,plate2,Abemaciclib,"[('Abemaciclib', 0.5, 'uM')]",G2M,0.20062942652287202,2122,6833,CDK inhibitor
C32,plate2,Paclitaxel,"[('Paclitaxel', 0.5, 'uM')]",G1,-0.2958499736520748,3624,6833,Microtubule inhibitor
C32,plate2,Paclitaxel,"[('Paclitaxel', 0.5, 'uM')]",S,0.06331593760676951,3624,6833,Microtubule inhibitor
C32,plate2,Paclitaxel,"[('Paclitaxel', 0.5, 'uM')]",G2M,0.32399888678986716,3624,6833,Microtubule inhibitor
C32,plate2,Tubulin inhibitor 6,"[('Tubulin inhibitor 6', 0.5, 'uM')]",G1,-0.09940731895386933,3110,6833,Microtubule inhibitor
C32,plate2,Tubulin inhibitor 6,"[('Tubulin inhibitor 6', 0.5, 'uM')]",S,0.03088439241231405,3110,6833,Microtubule inhibitor
C32,plate2,Tubulin inhibitor 6,"[('Tubulin inhibitor 6', 0.5, 'uM')]",G2M,0.10758592649737095,3110,6833,Microtubule inhibitor
C32,plate2,palbociclib,"[('palbociclib', 0.5, 'uM')]",G1,0.7023946003072156,2502,6833,CDK inhibitor
C32,plate2,palbociclib,"[('palbociclib', 0.5, 'uM')]",S,-0.8363851133309256,2502,6833,CDK inhibitor
C32,plate2,palbociclib,"[('palbociclib', 0.5, 'uM')]",G2M,-0.5918706809497379,2502,6833,CDK inhibitor
C32,plate2,vincristine,"[('vincristine', 0.5, 'uM')]",G1,-0.9555270774773194,658,6833,Microtubule inhibitor
C32,plate2,vincristine,"[('vincristine', 0.5, 'uM')]",S,0.5823473587193899,658,6833,Microtubule inhibitor
C32,plate2,vincristine,"[('vincristine', 0.5, 'uM')]",G2M,0.9056408267567115,658,6833,Microtubule inhibitor
C32,plate3,Abemaciclib,"[('Abemaciclib', 5.0, 'uM')]",G1,-0.8420457533609268,841,1407,CDK inhibitor
C32,plate3,Abemaciclib,"[('Abemaciclib', 5.0, 'uM')]",S,1.35118297014789,841,1407,CDK inhibitor
C32,plate3,Abemaciclib,"[('Abemaciclib', 5.0, 'uM')]",G2M,0.2848976197022376,841,1407,CDK inhibitor
C32,plate3,Paclitaxel,"[('Paclitaxel', 5.0, 'uM')]",G1,0.4352969877109419,2893,1407,Microtubule inhibitor
C32,plate3,Paclitaxel,"[('Paclitaxel', 5.0, 'uM')]",S,-0.9238386616466341,2893,1407,Microtubule inhibitor
C32,plate3,Paclitaxel,"[('Paclitaxel', 5.0, 'uM')]",G2M,-0.2261326830732555,2893,1407,Microtubule inhibitor
C32,plate3,Tubulin inhibitor 6,"[('Tubulin inhibitor 6', 5.0, 'uM')]",G1,-0.14203039999298578,502,1407,Microtubule inhibitor
C32,plate3,Tubulin inhibitor 6,"[('Tubulin inhibitor 6', 5.0, 'uM')]",S,0.2441943520567991,502,1407,Microtubule inhibitor
C32,plate3,Tubulin inhibitor 6,"[('Tubulin inhibitor 6', 5.0, 'uM')]",G2M,0.07317089616491743,502,1407,Microtubule inhibitor
C32,plate3,palbociclib,"[('palbociclib', 5.0, 'uM')]",G1,0.8923990893119133,608,1407,CDK inhibitor
C32,plate3,palbociclib,"[('palbociclib', 5.0, 'uM')]",S,0.008848870314690841,608,1407,CDK inhibitor
C32,plate3,palbociclib,"[('palbociclib', 5.0, 'uM')]",G2M,-1.1067618492939142,608,1407,CDK inhibitor
C32,plate3,vincristine,"[('vincristine', 5.0, 'uM')]",G1,-0.44778977964322425,256,1407,Microtubule inhibitor
C32,plate3,vincristine,"[('vincristine', 5.0, 'uM')]",S,-0.2350922378582239,256,1407,Microtubule inhibitor
C32,plate3,vincristine,"[('vincristine', 5.0, 'uM')]",G2M,0.5741188244918135,256,1407,Microtubule inhibitor
C32,plate4,Docetaxel,"[('Docetaxel', 0.05, 'uM')]",G1,-1.3017404766214957,360,3885,Microtubule inhibitor
C32,plate4,Docetaxel,"[('Docetaxel', 0.05, 'uM')]",S,0.6396306075021209,360,3885,Microtubule inhibitor
C32,plate4,Docetaxel,"[('Docetaxel', 0.05, 'uM')]",G2M,1.2589599168376393,360,3885,Microtubule inhibitor
C32,plate4,Tucidinostat,"[('Tucidinostat', 0.05, 'uM')]",G1,0.21648327292540476,1892,3885,HDAC inhibitor
C32,plate4,Tucidinostat,"[('Tucidinostat', 0.05, 'uM')]",S,-0.50135078774935,1892,3885,HDAC inhibitor
C32,plate4,Tucidinostat,"[('Tucidinostat', 0.05, 'uM')]",G2M,-0.1329408462911898,1892,3885,HDAC inhibitor
C32,plate4,Vinblastine (sulfate),"[('Vinblastine (sulfate)', 0.05, 'uM')]",G1,-0.6714381966692936,1819,3885,Microtubule inhibitor
C32,plate4,Vinblastine (sulfate),"[('Vinblastine (sulfate)', 0.05, 'uM')]",S,0.2919848118836903,1819,3885,Microtubule inhibitor
C32,plate4,Vinblastine (sulfate),"[('Vinblastine (sulfate)', 0.05, 'uM')]",G2M,0.6724635407332503,1819,3885,Microtubule inhibitor
C32,plate5,Docetaxel,"[('Docetaxel', 0.5, 'uM')]",G1,-0.5207272674346977,1540,4750,Microtubule inhibitor
C32,plate5,Docetaxel,"[('Docetaxel', 0.5, 'uM')]",S,-0.4666883662042477,1540,4750,Microtubule inhibitor
C32,plate5,Docetaxel,"[('Docetaxel', 0.5, 'uM')]",G2M,0.6551536880823512,1540,4750,Microtubule inhibitor
C32,plate5,Tucidinostat,"[('Tucidinostat', 0.5, 'uM')]",G1,0.13955528762958014,1158,4750,HDAC inhibitor
C32,plate5,Tucidinostat,"[('Tucidinostat', 0.5, 'uM')]",S,-0.5259943597133656,1158,4750,HDAC inhibitor
C32,plate5,Tucidinostat,"[('Tucidinostat', 0.5, 'uM')]",G2M,-0.0423234253247677,1158,4750,HDAC inhibitor
C32,plate5,Vinblastine (sulfate),"[('Vinblastine (sulfate)', 0.5, 'uM')]",G1,-0.23174014967869455,707,4750,Microtubule inhibitor
C32,plate5,Vinblastine (sulfate),"[('Vinblastine (sulfate)', 0.5, 'uM')]",S,-0.9725105107569142,707,4750,Microtubule inhibitor
C32,plate5,Vinblastine (sulfate),"[('Vinblastine (sulfate)', 0.5, 'uM')]",G2M,0.4199347455793547,707,4750,Microtubule inhibitor
C32,plate6,Docetaxel,"[('Docetaxel', 5.0, 'uM')]",G1,-0.003623978099874504,870,5462,Microtubule inhibitor
C32,plate6,Docetaxel,"[('Docetaxel', 5.0, 'uM')]",S,-0.0324887752759651,870,5462,Microtubule inhibitor
C32,plate6,Docetaxel,"[('Docetaxel', 5.0, 'uM')]",G2M,0.015125486125410972,870,5462,Microtubule inhibitor
C32,plate6,Tucidinostat,"[('Tucidinostat', 5.0, 'uM')]",G1,0.4618548072263929,1213,5462,HDAC inhibitor
C32,plate6,Tucidinostat,"[('Tucidinostat', 5.0, 'uM')]",S,-1.1115529500663768,1213,5462,HDAC inhibitor
C32,plate6,Tucidinostat,"[('Tucidinostat', 5.0, 'uM')]",G2M,-0.3256952585430305,1213,5462,HDAC inhibitor
C32,plate6,Vinblastine (sulfate),"[('Vinblastine (sulfate)', 5.0, 'uM')]",G1,-0.2007194313946578,977,5462,Microtubule inhibitor
C32,plate6,Vinblastine (sulfate),"[('Vinblastine (sulfate)', 5.0, 'uM')]",S,-0.530501387800232,977,5462,Microtubule inhibitor
C32,plate6,Vinblastine (sulfate),"[('Vinblastine (sulfate)', 5.0, 'uM')]",G2M,0.3122643843376185,977,5462,Microtubule inhibitor
C32,plate7,Dinaciclib,"[('Dinaciclib', 0.05, 'uM')]",G1,-2.046677473543093,170,1350,CDK inhibitor
C32,plate7,Dinaciclib,"[('Dinaciclib', 0.05, 'uM')]",S,2.318742457289621,170,1350,CDK inhibitor
C32,plate7,Dinaciclib,"[('Dinaciclib', 0.05, 'uM')]",G2M,1.1922182183968344,170,1350,CDK inhibitor
C32,plate7,Docetaxel (Trihydrate),"[('Docetaxel (Trihydrate)', 0.05, 'uM')]",G1,-0.31512247521024794,699,1350,Microtubule inhibitor
C32,plate7,Docetaxel (Trihydrate),"[('Docetaxel (Trihydrate)', 0.05, 'uM')]",S,-0.319518269591584,699,1350,Microtubule inhibitor
C32,plate7,Docetaxel (Trihydrate),"[('Docetaxel (Trihydrate)', 0.05, 'uM')]",G2M,0.38228430090251225,699,1350,Microtubule inhibitor
C32,plate7,Mebendazole,"[('Mebendazole', 0.05, 'uM')]",G1,0.0885063068151751,921,1350,Microtubule inhibitor
C32,plate7,Mebendazole,"[('Mebendazole', 0.05, 'uM')]",S,-0.40376980444321603,921,1350,Microtubule inhibitor
C32,plate7,Mebendazole,"[('Mebendazole', 0.05, 'uM')]",G2M,-0.025100190913053693,921,1350,Microtubule inhibitor
C32,plate8,Dinaciclib,"[('Dinaciclib', 0.5, 'uM')]",G1,-1.7348468155633958,337,3576,CDK inhibitor
C32,plate8,Dinaciclib,"[('Dinaciclib', 0.5, 'uM')]",S,3.109639632095014,337,3576,CDK inhibitor
C32,plate8,Dinaciclib,"[('Dinaciclib', 0.5, 'uM')]",G2M,1.0513586314078651,337,3576,CDK inhibitor
C32,plate8,Docetaxel (Trihydrate),"[('Docetaxel (Trihydrate)', 0.5, 'uM')]",G1,-0.806953728712331,922,3576,Microtubule inhibitor
C32,plate8,Docetaxel (Trihydrate),"[('Docetaxel (Trihydrate)', 0.5, 'uM')]",S,0.46378775759475044,922,3576,Microtubule inhibitor
C32,plate8,Docetaxel (Trihydrate),"[('Docetaxel (Trihydrate)', 0.5, 'uM')]",G2M,0.8059018030587788,922,3576,Microtubule inhibitor
C32,plate8,Mebendazole,"[('Mebendazole', 0.5, 'uM')]",G1,-0.8761929513854949,1004,3576,Microtubule inhibitor
C32,plate8,Mebendazole,"[('Mebendazole', 0.5, 'uM')]",S,0.5156707911049906,1004,3576,Microtubule inhibitor
C32,plate8,Mebendazole,"[('Mebendazole', 0.5, 'uM')]",G2M,0.8719294729647612,1004,3576,Microtubule inhibitor
C32,plate9,Dinaciclib,"[('Dinaciclib', 5.0, 'uM')]",G1,-2.7462400126555955,172,1820,CDK inhibitor
C32,plate9,Dinaciclib,"[('Dinaciclib', 5.0, 'uM')]",S,3.3275656814641166,172,1820,CDK inhibitor
C32,plate9,Dinaciclib,"[('Dinaciclib', 5.0, 'uM')]",G2M,1.3735898537936042,172,1820,CDK inhibitor
C32,plate9,Docetaxel (Trihydrate),"[('Docetaxel (Trihydrate)', 5.0, 'uM')]",G1,0.22977369396662248,921,1820,Microtubule inhibitor
C32,plate9,Docetaxel (Trihydrate),"[('Docetaxel (Trihydrate)', 5.0, 'uM')]",S,-0.5409356635027905,921,1820,Microtubule inhibitor
C32,plate9,Docetaxel (Trihydrate),"[('Docetaxel (Trihydrate)', 5.0, 'uM')]",G2M,-0.17414482287531607,921,1820,Microtubule inhibitor
C32,plate9,Mebendazole,"[('Mebendazole', 5.0, 'uM')]",G1,-0.7534992331373621,2319,1820,Microtubule inhibitor
C32,plate9,Mebendazole,"[('Mebendazole', 5.0, 'uM')]",S,0.09767159781902836,2319,1820,Microtubule inhibitor
C32,plate9,Mebendazole,"[('Mebendazole', 5.0, 'uM')]",G2M,0.7631019061933786,2319,1820,Microtubule inhibitor
CFPAC-1,plate1,Paclitaxel,"[('Paclitaxel', 0.05, 'uM')]",G1,0.10379807952854042,1663,3713,Microtubule inhibitor
CFPAC-1,plate1,Paclitaxel,"[('Paclitaxel', 0.05, 'uM')]",S,-0.10600757692822062,1663,3713,Microtubule inhibitor
CFPAC-1,plate1,Paclitaxel,"[('Paclitaxel', 0.05, 'uM')]",G2M,-0.09513774978463822,1663,3713,Microtubule inhibitor
CFPAC-1,plate1,Tubulin inhibitor 6,"[('Tubulin inhibitor 6', 0.05, 'uM')]",G1,-0.10662910725333338,1253,3713,Microtubule inhibitor
CFPAC-1,plate1,Tubulin inhibitor 6,"[('Tubulin inhibitor 6', 0.05, 'uM')]",S,0.31422615399642767,1253,3713,Microtubule inhibitor
CFPAC-1,plate1,Tubulin inhibitor 6,"[('Tubulin inhibitor 6', 0.05, 'uM')]",G2M,0.0600185439915733,1253,3713,Microtubule inhibitor
CFPAC-1,plate1,palbociclib,"[('palbociclib', 0.05, 'uM')]",G1,0.04306081279153274,1043,3713,CDK inhibitor
CFPAC-1,plate1,palbociclib,"[('palbociclib', 0.05, 'uM')]",S,0.35470750550307584,1043,3713,CDK inhibitor
CFPAC-1,plate1,palbociclib,"[('palbociclib', 0.05, 'uM')]",G2M,-0.12018356336901877,1043,3713,CDK inhibitor
CFPAC-1,plate1,vincristine,"[('vincristine', 0.05, 'uM')]",G1,-0.4021745024930249,1203,3713,Microtubule inhibitor
CFPAC-1,plate1,vincristine,"[('vincristine', 0.05, 'uM')]",S,0.011182328776674284,1203,3713,Microtubule inhibitor
CFPAC-1,plate1,vincristine,"[('vincristine', 0.05, 'uM')]",G2M,0.4424918663712508,1203,3713,Microtubule inhibitor
CFPAC-1,plate10,Belinostat,"[('Belinostat', 0.05, 'uM')]",G1,-0.5332314828544713,1825,4090,HDAC inhibitor
CFPAC-1,plate10,Belinostat,"[('Belinostat', 0.05, 'uM')]",S,0.22579358514356673,1825,4090,HDAC inhibitor
CFPAC-1,plate10,Belinostat,"[('Belinostat', 0.05, 'uM')]",G2M,0.543988354788015,1825,4090,HDAC inhibitor
CFPAC-1,plate10,Carbamazepine,"[('Carbamazepine', 0.05, 'uM')]",G1,-0.4581297138994542,1783,4090,HDAC inhibitor
CFPAC-1,plate10,Carbamazepine,"[('Carbamazepine', 0.05, 'uM')]",S,0.8020471579307962,1783,4090,HDAC inhibitor
CFPAC-1,plate10,Carbamazepine,"[('Carbamazepine', 0.05, 'uM')]",G2M,0.39358976023730047,1783,4090,HDAC inhibitor
CFPAC-1,plate10,Panobinostat,"[('Panobinostat', 0.05, 'uM')]",G1,-0.6397879415131664,2519,4090,HDAC inhibitor
CFPAC-1,plate10,Panobinostat,"[('Panobinostat', 0.05, 'uM')]",S,0.585216470138603,2519,4090,HDAC inhibitor
CFPAC-1,plate10,Panobinostat,"[('Panobinostat', 0.05, 'uM')]",G2M,0.617098116618545,2519,4090,HDAC inhibitor
CFPAC-1,plate11,Belinostat,"[('Belinostat', 0.5, 'uM')]",G1,-0.512764822923624,982,4124,HDAC inhibitor
CFPAC-1,plate11,Belinostat,"[('Belinostat', 0.5, 'uM')]",S,-0.09593506609931375,982,4124,HDAC inhibitor
CFPAC-1,plate11,Belinostat,"[('Belinostat', 0.5, 'uM')]",G2M,0.5802329765982069,982,4124,HDAC inhibitor
CFPAC-1,plate11,Carbamazepine,"[('Carbamazepine', 0.5, 'uM')]",G1,0.026882586192959756,1701,4124,HDAC inhibitor
CFPAC-1,plate11,Carbamazepine,"[('Carbamazepine', 0.5, 'uM')]",S,-0.01424901813013201,1701,4124,HDAC inhibitor
CFPAC-1,plate11,Carbamazepine,"[('Carbamazepine', 0.5, 'uM')]",G2M,-0.025240925153927132,1701,4124,HDAC inhibitor
CFPAC-1,plate11,Panobinostat,"[('Panobinostat', 0.5, 'uM')]",G1,-0.8788329448346274,2140,4124,HDAC inhibitor
CFPAC-1,plate11,Panobinostat,"[('Panobinostat', 0.5, 'uM')]",S,1.2431841414126423,2140,4124,HDAC inhibitor
CFPAC-1,plate11,Panobinostat,"[('Panobinostat', 0.5, 'uM')]",G2M,0.5804972869034196,2140,4124,HDAC inhibitor
CFPAC-1,plate12,Belinostat,"[('Belinostat', 5.0, 'uM')]",G1,-1.6727491063496926,2747,4459,HDAC inhibitor
CFPAC-1,plate12,Belinostat,"[('Belinostat', 5.0, 'uM')]",S,2.222114632745835,2747,4459,HDAC inhibitor
CFPAC-1,plate12,Belinostat,"[('Belinostat', 5.0, 'uM')]",G2M,1.1709850723521729,2747,4459,HDAC inhibitor
CFPAC-1,plate12,Carbamazepine,"[('Carbamazepine', 5.0, 'uM')]",G1,-0.04412224299113908,1428,4459,HDAC inhibitor
CFPAC-1,plate12,Carbamazepine,"[('Carbamazepine', 5.0, 'uM')]",S,-0.589366699106325,1428,4459,HDAC inhibitor
CFPAC-1,plate12,Carbamazepine,"[('Carbamazepine', 5.0, 'uM')]",G2M,0.12359534421969551,1428,4459,HDAC inhibitor
CFPAC-1,plate12,Panobinostat,"[('Panobinostat', 5.0, 'uM')]",G1,-1.7390039008173535,2153,4459,HDAC inhibitor
CFPAC-1,plate12,Panobinostat,"[('Panobinostat', 5.0, 'uM')]",S,2.387845813144005,2153,4459,HDAC inhibitor
CFPAC-1,plate12,Panobinostat,"[('Panobinostat', 5.0, 'uM')]",G2M,1.1609073509937877,2153,4459,HDAC inhibitor
CFPAC-1,plate13,Abemaciclib,"[('Abemaciclib', 0.05, 'uM')]",G1,0.2727113945419367,2238,3514,CDK inhibitor
CFPAC-1,plate13,Abemaciclib,"[('Abemaciclib', 0.05, 'uM')]",S,-0.31272311886407234,2238,3514,CDK inhibitor
CFPAC-1,plate13,Abemaciclib,"[('Abemaciclib', 0.05, 'uM')]",G2M,-0.24586055528019513,2238,3514,CDK inhibitor
CFPAC-1,plate13,Ribociclib,"[('Ribociclib', 0.05, 'uM')]",G1,0.2430614867982335,2707,3514,CDK inhibitor
CFPAC-1,plate13,Ribociclib,"[('Ribociclib', 0.05, 'uM')]",S,0.03731525435791172,2707,3514,CDK inhibitor
CFPAC-1,plate13,Ribociclib,"[('Ribociclib', 0.05, 'uM')]",G2M,-0.2744879400689467,2707,3514,CDK inhibitor
CFPAC-1,plate13,Ribociclib,"[('Ribociclib', 0.5, 'uM')]",G1,0.030109953836596603,2228,3514,CDK inhibitor
CFPAC-1,plate13,Ribociclib,"[('Ribociclib', 0.5, 'uM')]",S,-0.18043791553241517,2228,3514,CDK inhibitor
CFPAC-1,plate13,Ribociclib,"[('Ribociclib', 0.5, 'uM')]",G2M,-0.002805970309527718,2228,3514,CDK inhibitor
CFPAC-1,plate13,Ribociclib,"[('Ribociclib', 5.0, 'uM')]",G1,0.11216395406324421,2763,3514,CDK inhibitor
CFPAC-1,plate13,Ribociclib,"[('Ribociclib', 5.0, 'uM')]",S,0.12286414823304438,2763,3514,CDK inhibitor
CFPAC-1,plate13,Ribociclib,"[('Ribociclib', 5.0, 'uM')]",G2M,-0.14561003564700792,2763,3514,CDK inhibitor
CFPAC-1,plate14,Docetaxel,"[('Docetaxel', 5.0, 'uM')]",G1,-0.3321165943892749,1793,1900,Microtubule inhibitor
CFPAC-1,plate14,Docetaxel,"[('Docetaxel', 5.0, 'uM')]",S,-0.43644303092504727,1793,1900,Microtubule inhibitor
CFPAC-1,plate14,Docetaxel,"[('Docetaxel', 5.0, 'uM')]",G2M,0.5140013673643044,1793,1900,Microtubule inhibitor
CFPAC-1,plate14,Tucidinostat,"[('Tucidinostat', 5.0, 'uM')]",G1,0.12229104043371203,1886,1900,HDAC inhibitor
CFPAC-1,plate14,Tucidinostat,"[('Tucidinostat', 5.0, 'uM')]",S,-0.6417382453133916,1886,1900,HDAC inhibitor
CFPAC-1,plate14,Tucidinostat,"[('Tucidinostat', 5.0, 'uM')]",G2M,0.045274415621730214,1886,1900,HDAC inhibitor
CFPAC-1,plate14,Vinblastine (sulfate),"[('Vinblastine (sulfate)', 5.0, 'uM')]",G1,-0.16490012322454967,1649,1900,Microtubule inhibitor
CFPAC-1,plate14,Vinblastine (sulfate),"[('Vinblastine (sulfate)', 5.0, 'uM')]",S,0.18656299622264674,1649,1900,Microtubule inhibitor
CFPAC-1,plate14,Vinblastine (sulfate),"[('Vinblastine (sulfate)', 5.0, 'uM')]",G2M,0.13408154678951362,1649,1900,Microtubule inhibitor
CFPAC-1,plate2,Abemaciclib,"[('Abemaciclib', 0.5, 'uM')]",G1,-0.2699000817393468,2030,4803,CDK inhibitor
CFPAC-1,plate2,Abemaciclib,"[('Abemaciclib', 0.5, 'uM')]",S,0.5965295845186719,2030,4803,CDK inhibitor
CFPAC-1,plate2,Abemaciclib,"[('Abemaciclib', 0.5, 'uM')]",G2M,0.10903908160117705,2030,4803,CDK inhibitor
CFPAC-1,plate2,Paclitaxel,"[('Paclitaxel', 0.5, 'uM')]",G1,-0.03996271213426177,3026,4803,Microtubule inhibitor
CFPAC-1,plate2,Paclitaxel,"[('Paclitaxel', 0.5, 'uM')]",S,0.18455579185210072,3026,4803,Microtubule inhibitor
CFPAC-1,plate2,Paclitaxel,"[('Paclitaxel', 0.5, 'uM')]",G2M,-0.014570000490377263,3026,4803,Microtubule inhibitor
CFPAC-1,plate2,Tubulin inhibitor 6,"[('Tubulin inhibitor 6', 0.5, 'uM')]",G1,0.15346703238822723,2847,4803,Microtubule inhibitor
CFPAC-1,plate2,Tubulin inhibitor 6,"[('Tubulin inhibitor 6', 0.5, 'uM')]",S,0.022759525728506255,2847,4803,Microtubule inhibitor
CFPAC-1,plate2,Tubulin inhibitor 6,"[('Tubulin inhibitor 6', 0.5, 'uM')]",G2M,-0.19730481409316747,2847,4803,Microtubule inhibitor
CFPAC-1,plate2,palbociclib,"[('palbociclib', 0.5, 'uM')]",G1,0.9253112651121289,1714,4803,CDK inhibitor
CFPAC-1,plate2,palbociclib,"[('palbociclib', 0.5, 'uM')]",S,-0.6512878042809406,1714,4803,CDK inhibitor
CFPAC-1,plate2,palbociclib,"[('palbociclib', 0.5, 'uM')]",G2M,-0.9364223439635503,1714,4803,CDK inhibitor
CFPAC-1,plate2,vincristine,"[('vincristine', 0.5, 'uM')]",G1,-0.19071461890876834,805,4803,Microtubule inhibitor
CFPAC-1,plate2,vincristine,"[('vincristine', 0.5, 'uM')]",S,0.7421931812809299,805,4803,Microtubule inhibitor
CFPAC-1,plate2,vincristine,"[('vincristine', 0.5, 'uM')]",G2M,-0.0631270511635793,805,4803,Microtubule inhibitor
CFPAC-1,plate3,Abemaciclib,"[('Abemaciclib', 5.0, 'uM')]",G1,0.04458833188064279,1045,2195,CDK inhibitor
CFPAC-1,plate3,Abemaciclib,"[('Abemaciclib', 5.0, 'uM')]",S,0.43007336543465347,1045,2195,CDK inhibitor
CFPAC-1,plate3,Abemaciclib,"[('Abemaciclib', 5.0, 'uM')]",G2M,-0.27900048851312065,1045,2195,CDK inhibitor
CFPAC-1,plate3,Paclitaxel,"[('Paclitaxel', 5.0, 'uM')]",G1,-0.1688534154623459,2474,2195,Microtubule inhibitor
CFPAC-1,plate3,Paclitaxel,"[('Paclitaxel', 5.0, 'uM')]",S,-0.23706222345591957,2474,2195,Microtubule inhibitor
CFPAC-1,plate3,Paclitaxel,"[('Paclitaxel', 5.0, 'uM')]",G2M,0.2937441125596017,2474,2195,Microtubule inhibitor
CFPAC-1,plate3,Tubulin inhibitor 6,"[('Tubulin inhibitor 6', 5.0, 'uM')]",G1,-0.05684217064285371,853,2195,Microtubule inhibitor
CFPAC-1,plate3,Tubulin inhibitor 6,"[('Tubulin inhibitor 6', 5.0, 'uM')]",S,-0.10750957288401239,853,2195,Microtubule inhibitor
CFPAC-1,plate3,Tubulin inhibitor 6,"[('Tubulin inhibitor 6', 5.0, 'uM')]",G2M,0.11721293986073014,853,2195,Microtubule inhibitor
CFPAC-1,plate3,palbociclib,"[('palbociclib', 5.0, 'uM')]",G1,1.1416500637237637,1120,2195,CDK inhibitor
CFPAC-1,plate3,palbociclib,"[('palbociclib', 5.0, 'uM')]",S,-1.688199219327288,1120,2195,CDK inhibitor
CFPAC-1,plate3,palbociclib,"[('palbociclib', 5.0, 'uM')]",G2M,-0.858052397055081,1120,2195,CDK inhibitor
CFPAC-1,plate3,vincristine,"[('vincristine', 5.0, 'uM')]",G1,0.28346855310031605,668,2195,Microtubule inhibitor
CFPAC-1,plate3,vincristine,"[('vincristine', 5.0, 'uM')]",S,-0.8038511562869437,668,2195,Microtubule inhibitor
CFPAC-1,plate3,vincristine,"[('vincristine', 5.0, 'uM')]",G2M,-0.06512674674479614,668,2195,Microtubule inhibitor
CFPAC-1,plate4,Docetaxel,"[('Docetaxel', 0.05, 'uM')]",G1,-1.063443872130701,304,3250,Microtubule inhibitor
CFPAC-1,plate4,Docetaxel,"[('Docetaxel', 0.05, 'uM')]",S,0.6259230463379211,304,3250,Microtubule inhibitor
CFPAC-1,plate4,Docetaxel,"[('Docetaxel', 0.05, 'uM')]",G2M,1.058442691849056,304,3250,Microtubule inhibitor
CFPAC-1,plate4,Tucidinostat,"[('Tucidinostat', 0.05, 'uM')]",G1,0.2914216894295188,1607,3250,HDAC inhibitor
CFPAC-1,plate4,Tucidinostat,"[('Tucidinostat', 0.05, 'uM')]",S,-0.011811282275539807,1607,3250,HDAC inhibitor
CFPAC-1,plate4,Tucidinostat,"[('Tucidinostat', 0.05, 'uM')]",G2M,-0.3219658428145028,1607,3250,HDAC inhibitor
CFPAC-1,plate4,Vinblastine (sulfate),"[('Vinblastine (sulfate)', 0.05, 'uM')]",G1,-0.14608835192874112,1935,3250,Microtubule inhibitor
CFPAC-1,plate4,Vinblastine (sulfate),"[('Vinblastine (sulfate)', 0.05, 'uM')]",S,0.24362354576313122,1935,3250,Microtubule inhibitor
CFPAC-1,plate4,Vinblastine (sulfate),"[('Vinblastine (sulfate)', 0.05, 'uM')]",G2M,0.12030731657450296,1935,3250,Microtubule inhibitor
CFPAC-1,plate5,Docetaxel,"[('Docetaxel', 0.5, 'uM')]",G1,-0.6351165432611185,1618,3723,Microtubule inhibitor
CFPAC-1,plate5,Docetaxel,"[('Docetaxel', 0.5, 'uM')]",S,-0.05815879692001312,1618,3723,Microtubule inhibitor
CFPAC-1,plate5,Docetaxel,"[('Docetaxel', 0.5, 'uM')]",G2M,0.6882759720549747,1618,3723,Microtubule inhibitor
CFPAC-1,plate5,Tucidinostat,"[('Tucidinostat', 0.5, 'uM')]",G1,0.2816927418529912,1403,3723,HDAC inhibitor
CFPAC-1,plate5,Tucidinostat,"[('Tucidinostat', 0.5, 'uM')]",S,-0.2787354655013547,1403,3723,HDAC inhibitor
CFPAC-1,plate5,Tucidinostat,"[('Tucidinostat', 0.5, 'uM')]",G2M,-0.26376541107351176,1403,3723,HDAC inhibitor
CFPAC-1,plate5,Vinblastine (sulfate),"[('Vinblastine (sulfate)', 0.5, 'uM')]",G1,0.14783361845025286,911,3723,Microtubule inhibitor
CFPAC-1,plate5,Vinblastine (sulfate),"[('Vinblastine (sulfate)', 0.5, 'uM')]",S,0.08441921148555863,911,3723,Microtubule inhibitor
CFPAC-1,plate5,Vinblastine (sulfate),"[('Vinblastine (sulfate)', 0.5, 'uM')]",G2M,-0.17306728233966523,911,3723,Microtubule inhibitor
CFPAC-1,plate6,Docetaxel,"[('Docetaxel', 5.0, 'uM')]",G1,-0.4783610301317152,1100,4201,Microtubule inhibitor
CFPAC-1,plate6,Docetaxel,"[('Docetaxel', 5.0, 'uM')]",S,0.14786902709107944,1100,4201,Microtubule inhibitor
CFPAC-1,plate6,Docetaxel,"[('Docetaxel', 5.0, 'uM')]",G2M,0.4988646774710025,1100,4201,Microtubule inhibitor
CFPAC-1,plate6,Tucidinostat,"[('Tucidinostat', 5.0, 'uM')]",G1,0.24941320155790137,1671,4201,HDAC inhibitor
CFPAC-1,plate6,Tucidinostat,"[('Tucidinostat', 5.0, 'uM')]",S,-0.46699151660548643,1671,4201,HDAC inhibitor
CFPAC-1,plate6,Tucidinostat,"[('Tucidinostat', 5.0, 'uM')]",G2M,-0.20760438304972856,1671,4201,HDAC inhibitor
CFPAC-1,plate6,Vinblastine (sulfate),"[('Vinblastine (sulfate)', 5.0, 'uM')]",G1,0.32080622043658,1356,4201,Microtubule inhibitor
CFPAC-1,plate6,Vinblastine (sulfate),"[('Vinblastine (sulfate)', 5.0, 'uM')]",S,-0.2170130312834549,1356,4201,Microtubule inhibitor
CFPAC-1,plate6,Vinblastine (sulfate),"[('Vinblastine (sulfate)', 5.0, 'uM')]",G2M,-0.3174108104932828,1356,4201,Microtubule inhibitor
CFPAC-1,plate7,Dinaciclib,"[('Dinaciclib', 0.05, 'uM')]",G1,-2.7165947512839534,606,2818,CDK inhibitor
CFPAC-1,plate7,Dinaciclib,"[('Dinaciclib', 0.05, 'uM')]",S,2.086986718353395,606,2818,CDK inhibitor
CFPAC-1,plate7,Dinaciclib,"[('Dinaciclib', 0.05, 'uM')]",G2M,1.9488225315997083,606,2818,CDK inhibitor
CFPAC-1,plate7,Docetaxel (Trihydrate),"[('Docetaxel (Trihydrate)', 0.05, 'uM')]",G1,-0.19969044206539804,1338,2818,Microtubule inhibitor
CFPAC-1,plate7,Docetaxel (Trihydrate),"[('Docetaxel (Trihydrate)', 0.05, 'uM')]",S,-0.17126144900512635,1338,2818,Microtubule inhibitor
CFPAC-1,plate7,Docetaxel (Trihydrate),"[('Docetaxel (Trihydrate)', 0.05, 'uM')]",G2M,0.24814743452470342,1338,2818,Microtubule inhibitor
CFPAC-1,plate7,Mebendazole,"[('Mebendazole', 0.05, 'uM')]",G1,0.08033510360263059,1852,2818,Microtubule inhibitor
CFPAC-1,plate7,Mebendazole,"[('Mebendazole', 0.05, 'uM')]",S,-0.2089596869737063,1852,2818,Microtubule inhibitor
CFPAC-1,plate7,Mebendazole,"[('Mebendazole', 0.05, 'uM')]",G2M,-0.04564576366990343,1852,2818,Microtubule inhibitor
CFPAC-1,plate8,Dinaciclib,"[('Dinaciclib', 0.5, 'uM')]",G1,-1.8895735721665325,1354,5114,CDK inhibitor
CFPAC-1,plate8,Dinaciclib,"[('Dinaciclib', 0.5, 'uM')]",S,2.373482037739121,1354,5114,CDK inhibitor
CFPAC-1,plate8,Dinaciclib,"[('Dinaciclib', 0.5, 'uM')]",G2M,1.4289076084731263,1354,5114,CDK inhibitor
CFPAC-1,plate8,Docetaxel (Trihydrate),"[('Docetaxel (Trihydrate)', 0.5, 'uM')]",G1,-0.6310185971393321,2253,5114,Microtubule inhibitor
CFPAC-1,plate8,Docetaxel (Trihydrate),"[('Docetaxel (Trihydrate)', 0.5, 'uM')]",S,0.1578290102756451,2253,5114,Microtubule inhibitor
CFPAC-1,plate8,Docetaxel (Trihydrate),"[('Docetaxel (Trihydrate)', 0.5, 'uM')]",G2M,0.6592787518914169,2253,5114,Microtubule inhibitor
CFPAC-1,plate8,Mebendazole,"[('Mebendazole', 0.5, 'uM')]",G1,-0.38287615392885643,2607,5114,Microtubule inhibitor
CFPAC-1,plate8,Mebendazole,"[('Mebendazole', 0.5, 'uM')]",S,-0.10625550464036923,2607,5114,Microtubule inhibitor
CFPAC-1,plate8,Mebendazole,"[('Mebendazole', 0.5, 'uM')]",G2M,0.42993568270966365,2607,5114,Microtubule inhibitor
CFPAC-1,plate9,Dinaciclib,"[('Dinaciclib', 5.0, 'uM')]",G1,-3.045790345020324,595,3274,CDK inhibitor
CFPAC-1,plate9,Dinaciclib,"[('Dinaciclib', 5.0, 'uM')]",S,3.134358323183246,595,3274,CDK inhibitor
CFPAC-1,plate9,Dinaciclib,"[('Dinaciclib', 5.0, 'uM')]",G2M,1.8347830063368287,595,3274,CDK inhibitor
CFPAC-1,plate9,Docetaxel (Trihydrate),"[('Docetaxel (Trihydrate)', 5.0, 'uM')]",G1,-0.7819061424791091,1685,3274,Microtubule inhibitor
CFPAC-1,plate9,Docetaxel (Trihydrate),"[('Docetaxel (Trihydrate)', 5.0, 'uM')]",S,0.009041534811726967,1685,3274,Microtubule inhibitor
CFPAC-1,plate9,Docetaxel (Trihydrate),"[('Docetaxel (Trihydrate)', 5.0, 'uM')]",G2M,0.8153627594805458,1685,3274,Microtubule inhibitor
CFPAC-1,plate9,Mebendazole,"[('Mebendazole', 5.0, 'uM')]",G1,-0.5932777947075575,2524,3274,Microtubule inhibitor
CFPAC-1,plate9,Mebendazole,"[('Mebendazole', 5.0, 'uM')]",S,1.2657723318629899,2524,3274,Microtubule inhibitor
CFPAC-1,plate9,Mebendazole,"[('Mebendazole', 5.0, 'uM')]",G2M,0.3717765927423672,2524,3274,Microtubule inhibitor
CHP-212,plate1,Paclitaxel,"[('Paclitaxel', 0.05, 'uM')]",G1,0.008504424051340083,371,560,Microtubule inhibitor
CHP-212,plate1,Paclitaxel,"[('Paclitaxel', 0.05, 'uM')]",S,-1.262822460750436,371,560,Microtubule inhibitor
CHP-212,plate1,Paclitaxel,"[('Paclitaxel', 0.05, 'uM')]",G2M,0.1741699467206369,371,560,Microtubule inhibitor
CHP-212,plate1,Tubulin inhibitor 6,"[('Tubulin inhibitor 6', 0.05, 'uM')]",G1,-0.3185907330064351,335,560,Microtubule inhibitor
CHP-212,plate1,Tubulin inhibitor 6,"[('Tubulin inhibitor 6', 0.05, 'uM')]",S,-0.30759635935676666,335,560,Microtubule inhibitor
CHP-212,plate1,Tubulin inhibitor 6,"[('Tubulin inhibitor 6', 0.05, 'uM')]",G2M,0.4105032881160577,335,560,Microtubule inhibitor
CHP-212,plate1,palbociclib,"[('palbociclib', 0.05, 'uM')]",G1,-0.10131989068736419,228,560,CDK inhibitor
CHP-212,plate1,palbociclib,"[('palbociclib', 0.05, 'uM')]",S,0.4162432620242405,228,560,CDK inhibitor
CHP-212,plate1,palbociclib,"[('palbociclib', 0.05, 'uM')]",G2M,0.025022315845063755,228,560,CDK inhibitor
CHP-212,plate1,vincristine,"[('vincristine', 0.05, 'uM')]",G1,-0.5459620354905678,289,560,Microtubule inhibitor
CHP-212,plate1,vincristine,"[('vincristine', 0.05, 'uM')]",S,-0.8974379149232061,289,560,Microtubule inhibitor
CHP-212,plate1,vincristine,"[('vincristine', 0.05, 'uM')]",G2M,0.721590471725476,289,560,Microtubule inhibitor
CHP-212,plate10,Belinostat,"[('Belinostat', 0.05, 'uM')]",G1,-0.7974755651163749,405,991,HDAC inhibitor
CHP-212,plate10,Belinostat,"[('Belinostat', 0.05, 'uM')]",S,0.9087959502324692,405,991,HDAC inhibitor
CHP-212,plate10,Belinostat,"[('Belinostat', 0.05, 'uM')]",G2M,0.7545974225004481,405,991,HDAC inhibitor
CHP-212,plate10,Carbamazepine,"[('Carbamazepine', 0.05, 'uM')]",G1,-0.5170685666581777,443,991,HDAC inhibitor
CHP-212,plate10,Carbamazepine,"[('Carbamazepine', 0.05, 'uM')]",S,-0.31774886120822965,443,991,HDAC inhibitor
CHP-212,plate10,Carbamazepine,"[('Carbamazepine', 0.05, 'uM')]",G2M,0.5639576224634376,443,991,HDAC inhibitor
CHP-212,plate10,Panobinostat,"[('Panobinostat', 0.05, 'uM')]",G1,-0.6653860978565224,712,991,HDAC inhibitor
CHP-212,plate10,Panobinostat,"[('Panobinostat', 0.05, 'uM')]",S,0.8924600692500627,712,991,HDAC inhibitor
CHP-212,plate10,Panobinostat,"[('Panobinostat', 0.05, 'uM')]",G2M,0.6131979700035308,712,991,HDAC inhibitor
CHP-212,plate11,Belinostat,"[('Belinostat', 0.5, 'uM')]",G1,-1.0814932475605223,183,1094,HDAC inhibitor
CHP-212,plate11,Belinostat,"[('Belinostat', 0.5, 'uM')]",S,0.9510903995190536,183,1094,HDAC inhibitor
CHP-212,plate11,Belinostat,"[('Belinostat', 0.5, 'uM')]",G2M,0.9684984063616173,183,1094,HDAC inhibitor
CHP-212,plate11,Carbamazepine,"[('Carbamazepine', 0.5, 'uM')]",G1,-0.5264455105887884,345,1094,HDAC inhibitor
CHP-212,plate11,Carbamazepine,"[('Carbamazepine', 0.5, 'uM')]",S,0.8690192665800203,345,1094,HDAC inhibitor
CHP-212,plate11,Carbamazepine,"[('Carbamazepine', 0.5, 'uM')]",G2M,0.3938844747267983,345,1094,HDAC inhibitor
CHP-212,plate11,Panobinostat,"[('Panobinostat', 0.5, 'uM')]",G1,-1.7123180256850565,762,1094,HDAC inhibitor
CHP-212,plate11,Panobinostat,"[('Panobinostat', 0.5, 'uM')]",S,2.3709936539697134,762,1094,HDAC inhibitor
CHP-212,plate11,Panobinostat,"[('Panobinostat', 0.5, 'uM')]",G2M,1.0742740868908318,762,1094,HDAC inhibitor
CHP-212,plate12,Belinostat,"[('Belinostat', 5.0, 'uM')]",G1,-1.7780222082248882,835,1464,HDAC inhibitor
CHP-212,plate12,Belinostat,"[('Belinostat', 5.0, 'uM')]",S,2.1268727012252553,835,1464,HDAC inhibitor
CHP-212,plate12,Belinostat,"[('Belinostat', 5.0, 'uM')]",G2M,1.3259637825956156,835,1464,HDAC inhibitor
CHP-212,plate12,Carbamazepine,"[('Carbamazepine', 5.0, 'uM')]",G1,0.038624890901125544,395,1464,HDAC inhibitor
CHP-212,plate12,Carbamazepine,"[('Carbamazepine', 5.0, 'uM')]",S,-0.4457676578550181,395,1464,HDAC inhibitor
CHP-212,plate12,Carbamazepine,"[('Carbamazepine', 5.0, 'uM')]",G2M,0.02417855177893396,395,1464,HDAC inhibitor
CHP-212,plate12,Panobinostat,"[('Panobinostat', 5.0, 'uM')]",G1,-1.7542702006854458,1022,1464,HDAC inhibitor
CHP-212,plate12,Panobinostat,"[('Panobinostat', 5.0, 'uM')]",S,2.0336230549374132,1022,1464,HDAC inhibitor
CHP-212,plate12,Panobinostat,"[('Panobinostat', 5.0, 'uM')]",G2M,1.3392515885324152,1022,1464,HDAC inhibitor
CHP-212,plate13,Abemaciclib,"[('Abemaciclib', 0.05, 'uM')]",G1,0.4230407888432553,810,812,CDK inhibitor
CHP-212,plate13,Abemaciclib,"[('Abemaciclib', 0.05, 'uM')]",S,-0.5105644753940991,810,812,CDK inhibitor
CHP-212,plate13,Abemaciclib,"[('Abemaciclib', 0.05, 'uM')]",G2M,-0.39993475157356123,810,812,CDK inhibitor
CHP-212,plate13,Ribociclib,"[('Ribociclib', 0.05, 'uM')]",G1,0.30023128274290645,591,812,CDK inhibitor
CHP-212,plate13,Ribociclib,"[('Ribociclib', 0.05, 'uM')]",S,0.3532580600851165,591,812,CDK inhibitor
CHP-212,plate13,Ribociclib,"[('Ribociclib', 0.05, 'uM')]",G2M,-0.3530297078979825,591,812,CDK inhibitor
CHP-212,plate13,Ribociclib,"[('Ribociclib', 0.5, 'uM')]",G1,0.04473300455584773,650,812,CDK inhibitor
CHP-212,plate13,Ribociclib,"[('Ribociclib', 0.5, 'uM')]",S,0.8708300163915594,650,812,CDK inhibitor
CHP-212,plate13,Ribociclib,"[('Ribociclib', 0.5, 'uM')]",G2M,-0.15367960145440554,650,812,CDK inhibitor
CHP-212,plate13,Ribociclib,"[('Ribociclib', 5.0, 'uM')]",G1,-0.1595759800717758,671,812,CDK inhibitor
CHP-212,plate13,Ribociclib,"[('Ribociclib', 5.0, 'uM')]",S,0.9689262293011658,671,812,CDK inhibitor
CHP-212,plate13,Ribociclib,"[('Ribociclib', 5.0, 'uM')]",G2M,0.051030816404777454,671,812,CDK inhibitor
CHP-212,plate14,Docetaxel,"[('Docetaxel', 5.0, 'uM')]",G1,-0.37956287098300323,476,390,Microtubule inhibitor
CHP-212,plate14,Docetaxel,"[('Docetaxel', 5.0, 'uM')]",S,-0.699497427288829,476,390,Microtubule inhibitor
CHP-212,plate14,Docetaxel,"[('Docetaxel', 5.0, 'uM')]",G2M,0.6147035094066164,476,390,Microtubule inhibitor
CHP-212,plate14,Tucidinostat,"[('Tucidinostat', 5.0, 'uM')]",G1,0.06880102472189092,336,390,HDAC inhibitor
CHP-212,plate14,Tucidinostat,"[('Tucidinostat', 5.0, 'uM')]",S,-1.0042577835371742,336,390,HDAC inhibitor
CHP-212,plate14,Tucidinostat,"[('Tucidinostat', 5.0, 'uM')]",G2M,0.18192114070064233,336,390,HDAC inhibitor
CHP-212,plate14,Vinblastine (sulfate),"[('Vinblastine (sulfate)', 5.0, 'uM')]",G1,-0.4750439400559624,274,390,Microtubule inhibitor
CHP-212,plate14,Vinblastine (sulfate),"[('Vinblastine (sulfate)', 5.0, 'uM')]",S,-0.41493139613614893,274,390,Microtubule inhibitor
CHP-212,plate14,Vinblastine (sulfate),"[('Vinblastine (sulfate)', 5.0, 'uM')]",G2M,0.6688404164827583,274,390,Microtubule inhibitor
CHP-212,plate2,Abemaciclib,"[('Abemaciclib', 0.5, 'uM')]",G1,0.1174669266315718,679,917,CDK inhibitor
CHP-212,plate2,Abemaciclib,"[('Abemaciclib', 0.5, 'uM')]",S,-0.9166125023209662,679,917,CDK inhibitor
CHP-212,plate2,Abemaciclib,"[('Abemaciclib', 0.5, 'uM')]",G2M,0.1265885432108168,679,917,CDK inhibitor
CHP-212,plate2,Paclitaxel,"[('Paclitaxel', 0.5, 'uM')]",G1,-0.18310131879473948,638,917,Microtubule inhibitor
CHP-212,plate2,Paclitaxel,"[('Paclitaxel', 0.5, 'uM')]",S,-0.09870557145154082,638,917,Microtubule inhibitor
CHP-212,plate2,Paclitaxel,"[('Paclitaxel', 0.5, 'uM')]",G2M,0.2546996875216169,638,917,Microtubule inhibitor
CHP-212,plate2,Tubulin inhibitor 6,"[('Tubulin inhibitor 6', 0.5, 'uM')]",G1,0.23647796451083167,778,917,Microtubule inhibitor
CHP-212,plate2,Tubulin inhibitor 6,"[('Tubulin inhibitor 6', 0.5, 'uM')]",S,-0.6965010133205068,778,917,Microtubule inhibitor
CHP-212,plate2,Tubulin inhibitor 6,"[('Tubulin inhibitor 6', 0.5, 'uM')]",G2M,-0.05912151575218964,778,917,Microtubule inhibitor
CHP-212,plate2,palbociclib,"[('palbociclib', 0.5, 'uM')]",G1,0.4527415068884498,445,917,CDK inhibitor
CHP-212,plate2,palbociclib,"[('palbociclib', 0.5, 'uM')]",S,-0.6258700886704617,445,917,CDK inhibitor
CHP-212,plate2,palbociclib,"[('palbociclib', 0.5, 'uM')]",G2M,-0.3268737304634408,445,917,CDK inhibitor
CHP-212,plate2,vincristine,"[('vincristine', 0.5, 'uM')]",G1,-0.7093648869725389,148,917,Microtubule inhibitor
CHP-212,plate2,vincristine,"[('vincristine', 0.5, 'uM')]",S,-0.05106417460002187,148,917,Microtubule inhibitor
CHP-212,plate2,vincristine,"[('vincristine', 0.5, 'uM')]",G2M,0.8508548612155792,148,917,Microtubule inhibitor
CHP-212,plate3,Abemaciclib,"[('Abemaciclib', 5.0, 'uM')]",G1,0.7862173232232373,156,150,CDK inhibitor
CHP-212,plate3,Abemaciclib,"[('Abemaciclib', 5.0, 'uM')]",S,-1.0252307160630305,156,150,CDK inhibitor
CHP-212,plate3,Abemaciclib,"[('Abemaciclib', 5.0, 'uM')]",G2M,-0.5038477965120164,156,150,CDK inhibitor
CHP-212,plate3,Paclitaxel,"[('Paclitaxel', 5.0, 'uM')]",G1,0.741290267021145,331,150,Microtubule inhibitor
CHP-212,plate3,Paclitaxel,"[('Paclitaxel', 5.0, 'uM')]",S,-0.5956952005129428,331,150,Microtubule inhibitor
CHP-212,plate3,Paclitaxel,"[('Paclitaxel', 5.0, 'uM')]",G2M,-0.6210597806355678,331,150,Microtubule inhibitor
CHP-212,plate3,Tubulin inhibitor 6,"[('Tubulin inhibitor 6', 5.0, 'uM')]",G1,0.20347264775189966,96,150,Microtubule inhibitor
CHP-212,plate3,Tubulin inhibitor 6,"[('Tubulin inhibitor 6', 5.0, 'uM')]",S,-0.6455122669131503,96,150,Microtubule inhibitor
CHP-212,plate3,Tubulin inhibitor 6,"[('Tubulin inhibitor 6', 5.0, 'uM')]",G2M,0.043655223034547955,96,150,Microtubule inhibitor
CHP-212,plate3,vincristine,"[('vincristine', 5.0, 'uM')]",G1,-0.12148950722509606,50,150,Microtubule inhibitor
CHP-212,plate3,vincristine,"[('vincristine', 5.0, 'uM')]",S,-0.8310877715307562,50,150,Microtubule inhibitor
CHP-212,plate3,vincristine,"[('vincristine', 5.0, 'uM')]",G2M,0.47632261633518336,50,150,Microtubule inhibitor
CHP-212,plate4,Docetaxel,"[('Docetaxel', 0.05, 'uM')]",G1,-0.6735027431937329,96,539,Microtubule inhibitor
CHP-212,plate4,Docetaxel,"[('Docetaxel', 0.05, 'uM')]",S,-0.3444207645771326,96,539,Microtubule inhibitor
CHP-212,plate4,Docetaxel,"[('Docetaxel', 0.05, 'uM')]",G2M,0.8262357398795962,96,539,Microtubule inhibitor
CHP-212,plate4,Tucidinostat,"[('Tucidinostat', 0.05, 'uM')]",G1,0.6065927443312653,288,539,HDAC inhibitor
CHP-212,plate4,Tucidinostat,"[('Tucidinostat', 0.05, 'uM')]",S,-0.6492753461055533,288,539,HDAC inhibitor
CHP-212,plate4,Tucidinostat,"[('Tucidinostat', 0.05, 'uM')]",G2M,-0.5309285882304295,288,539,HDAC inhibitor
CHP-212,plate4,Vinblastine (sulfate),"[('Vinblastine (sulfate)', 0.05, 'uM')]",G1,0.077858654184288,420,539,Microtubule inhibitor
CHP-212,plate4,Vinblastine (sulfate),"[('Vinblastine (sulfate)', 0.05, 'uM')]",S,-0.6352173051180587,420,539,Microtubule inhibitor
CHP-212,plate4,Vinblastine (sulfate),"[('Vinblastine (sulfate)', 0.05, 'uM')]",G2M,0.046010277144509046,420,539,Microtubule inhibitor
CHP-212,plate5,Docetaxel,"[('Docetaxel', 0.5, 'uM')]",G1,-0.5898625837944206,323,639,Microtubule inhibitor
CHP-212,plate5,Docetaxel,"[('Docetaxel', 0.5, 'uM')]",S,0.5204449556234342,323,639,Microtubule inhibitor
CHP-212,plate5,Docetaxel,"[('Docetaxel', 0.5, 'uM')]",G2M,0.5412339505042711,323,639,Microtubule inhibitor
CHP-212,plate5,Tucidinostat,"[('Tucidinostat', 0.5, 'uM')]",G1,0.2340640398860522,151,639,HDAC inhibitor
CHP-212,plate5,Tucidinostat,"[('Tucidinostat', 0.5, 'uM')]",S,-0.08442003341570142,151,639,HDAC inhibitor
CHP-212,plate5,Tucidinostat,"[('Tucidinostat', 0.5, 'uM')]",G2M,-0.2223962077636878,151,639,HDAC inhibitor
CHP-212,plate5,Vinblastine (sulfate),"[('Vinblastine (sulfate)', 0.5, 'uM')]",G1,-0.5779140236756154,150,639,Microtubule inhibitor
CHP-212,plate5,Vinblastine (sulfate),"[('Vinblastine (sulfate)', 0.5, 'uM')]",S,-0.07453852190173753,150,639,Microtubule inhibitor
CHP-212,plate5,Vinblastine (sulfate),"[('Vinblastine (sulfate)', 0.5, 'uM')]",G2M,0.6690665953171075,150,639,Microtubule inhibitor
CHP-212,plate6,Docetaxel,"[('Docetaxel', 5.0, 'uM')]",G1,0.2233490276831835,258,832,Microtubule inhibitor
CHP-212,plate6,Docetaxel,"[('Docetaxel', 5.0, 'uM')]",S,0.41603259784359226,258,832,Microtubule inhibitor
CHP-212,plate6,Docetaxel,"[('Docetaxel', 5.0, 'uM')]",G2M,-0.3884164174685628,258,832,Microtubule inhibitor
CHP-212,plate6,Tucidinostat,"[('Tucidinostat', 5.0, 'uM')]",G1,-0.6762995853232215,187,832,HDAC inhibitor
CHP-212,plate6,Tucidinostat,"[('Tucidinostat', 5.0, 'uM')]",S,0.485767493861265,187,832,HDAC inhibitor
CHP-212,plate6,Tucidinostat,"[('Tucidinostat', 5.0, 'uM')]",G2M,0.6666072916410075,187,832,HDAC inhibitor
CHP-212,plate6,Vinblastine (sulfate),"[('Vinblastine (sulfate)', 5.0, 'uM')]",G1,-0.3988378657321464,255,832,Microtubule inhibitor
CHP-212,plate6,Vinblastine (sulfate),"[('Vinblastine (sulfate)', 5.0, 'uM')]",S,-0.3325912015069884,255,832,Microtubule inhibitor
CHP-212,plate6,Vinblastine (sulfate),"[('Vinblastine (sulfate)', 5.0, 'uM')]",G2M,0.5261256142958328,255,832,Microtubule inhibitor
CHP-212,plate7,Dinaciclib,"[('Dinaciclib', 0.05, 'uM')]",G1,-2.495795226437179,50,578,CDK inhibitor
CHP-212,plate7,Dinaciclib,"[('Dinaciclib', 0.05, 'uM')]",S,1.5717266735644622,50,578,CDK inhibitor
CHP-212,plate7,Dinaciclib,"[('Dinaciclib', 0.05, 'uM')]",G2M,1.857818963540749,50,578,CDK inhibitor
CHP-212,plate7,Docetaxel (Trihydrate),"[('Docetaxel (Trihydrate)', 0.05, 'uM')]",G1,-0.6689556327803009,325,578,Microtubule inhibitor
CHP-212,plate7,Docetaxel (Trihydrate),"[('Docetaxel (Trihydrate)', 0.05, 'uM')]",S,-0.16133446614582797,325,578,Microtubule inhibitor
CHP-212,plate7,Docetaxel (Trihydrate),"[('Docetaxel (Trihydrate)', 0.05, 'uM')]",G2M,0.7566149267012365,325,578,Microtubule inhibitor
CHP-212,plate7,Mebendazole,"[('Mebendazole', 0.05, 'uM')]",G1,-0.21531097022908655,307,578,Microtubule inhibitor
CHP-212,plate7,Mebendazole,"[('Mebendazole', 0.05, 'uM')]",S,-0.9307736669647212,307,578,Microtubule inhibitor
CHP-212,plate7,Mebendazole,"[('Mebendazole', 0.05, 'uM')]",G2M,0.42642549305416183,307,578,Microtubule inhibitor
CHP-212,plate8,Dinaciclib,"[('Dinaciclib', 0.5, 'uM')]",G1,-2.1043830420763903,131,1632,CDK inhibitor
CHP-212,plate8,Dinaciclib,"[('Dinaciclib', 0.5, 'uM')]",S,2.044821005830881,131,1632,CDK inhibitor
CHP-212,plate8,Dinaciclib,"[('Dinaciclib', 0.5, 'uM')]",G2M,1.8549699745573571,131,1632,CDK inhibitor
CHP-212,plate8,Docetaxel (Trihydrate),"[('Docetaxel (Trihydrate)', 0.5, 'uM')]",G1,-0.8583345109468138,522,1632,Microtubule inhibitor
CHP-212,plate8,Docetaxel (Trihydrate),"[('Docetaxel (Trihydrate)', 0.5, 'uM')]",S,0.808058993180494,522,1632,Microtubule inhibitor
CHP-212,plate8,Docetaxel (Trihydrate),"[('Docetaxel (Trihydrate)', 0.5, 'uM')]",G2M,0.8088201085061596,522,1632,Microtubule inhibitor
CHP-212,plate8,Mebendazole,"[('Mebendazole', 0.5, 'uM')]",G1,-0.5902194086572594,548,1632,Microtubule inhibitor
CHP-212,plate8,Mebendazole,"[('Mebendazole', 0.5, 'uM')]",S,1.0943579843733604,548,1632,Microtubule inhibitor
CHP-212,plate8,Mebendazole,"[('Mebendazole', 0.5, 'uM')]",G2M,0.4592422157270928,548,1632,Microtubule inhibitor
CHP-212,plate9,Dinaciclib,"[('Dinaciclib', 5.0, 'uM')]",G1,-3.60959860563246,50,621,CDK inhibitor
CHP-212,plate9,Dinaciclib,"[('Dinaciclib', 5.0, 'uM')]",S,1.9555689258895401,50,621,CDK inhibitor
CHP-212,plate9,Dinaciclib,"[('Dinaciclib', 5.0, 'uM')]",G2M,2.4788052017205344,50,621,CDK inhibitor
CHP-212,plate9,Docetaxel (Trihydrate),"[('Docetaxel (Trihydrate)', 5.0, 'uM')]",G1,-0.29664810686435455,493,621,Microtubule inhibitor
CHP-212,plate9,Docetaxel (Trihydrate),"[('Docetaxel (Trihydrate)', 5.0, 'uM')]",S,-1.3949283211945935,493,621,Microtubule inhibitor
CHP-212,plate9,Docetaxel (Trihydrate),"[('Docetaxel (Trihydrate)', 5.0, 'uM')]",G2M,0.49966208165026843,493,621,Microtubule inhibitor
CHP-212,plate9,Mebendazole,"[('Mebendazole', 5.0, 'uM')]",G1,-0.15352923948860386,953,621,Microtubule inhibitor
CHP-212,plate9,Mebendazole,"[('Mebendazole', 5.0, 'uM')]",S,-1.4643551465211766,953,621,Microtubule inhibitor
CHP-212,plate9,Mebendazole,"[('Mebendazole', 5.0, 'uM')]",G2M,0.3565117540944025,953,621,Microtubule inhibitor
COLO 205,plate1,Paclitaxel,"[('Paclitaxel', 0.05, 'uM')]",G1,0.409243215052072,1251,3255,Microtubule inhibitor
COLO 205,plate1,Paclitaxel,"[('Paclitaxel', 0.05, 'uM')]",S,-0.5007431138615204,1251,3255,Microtubule inhibitor
COLO 205,plate1,Paclitaxel,"[('Paclitaxel', 0.05, 'uM')]",G2M,-0.2406808609153408,1251,3255,Microtubule inhibitor
COLO 205,plate1,Tubulin inhibitor 6,"[('Tubulin inhibitor 6', 0.05, 'uM')]",G1,0.24093573646506253,1212,3255,Microtubule inhibitor
COLO 205,plate1,Tubulin inhibitor 6,"[('Tubulin inhibitor 6', 0.05, 'uM')]",S,-0.47068189679072336,1212,3255,Microtubule inhibitor
COLO 205,plate1,Tubulin inhibitor 6,"[('Tubulin inhibitor 6', 0.05, 'uM')]",G2M,0.02506502190100248,1212,3255,Microtubule inhibitor
COLO 205,plate1,palbociclib,"[('palbociclib', 0.05, 'uM')]",G1,0.12199927682443709,800,3255,CDK inhibitor
COLO 205,plate1,palbociclib,"[('palbociclib', 0.05, 'uM')]",S,-0.3953382579218208,800,3255,CDK inhibitor
COLO 205,plate1,palbociclib,"[('palbociclib', 0.05, 'uM')]",G2M,0.16472687941361833,800,3255,CDK inhibitor
COLO 205,plate1,vincristine,"[('vincristine', 0.05, 'uM')]",G1,0.8874070057273165,1142,3255,Microtubule inhibitor
COLO 205,plate1,vincristine,"[('vincristine', 0.05, 'uM')]",S,-1.4794793478574197,1142,3255,Microtubule inhibitor
COLO 205,plate1,vincristine,"[('vincristine', 0.05, 'uM')]",G2M,-0.3076774561847231,1142,3255,Microtubule inhibitor
COLO 205,plate10,Belinostat,"[('Belinostat', 0.05, 'uM')]",G1,-0.6253419794785798,1134,2714,HDAC inhibitor
COLO 205,plate10,Belinostat,"[('Belinostat', 0.05, 'uM')]",S,-0.11864532781407879,1134,2714,HDAC inhibitor
COLO 205,plate10,Belinostat,"[('Belinostat', 0.05, 'uM')]",G2M,0.8293957085414388,1134,2714,HDAC inhibitor
COLO 205,plate10,Carbamazepine,"[('Carbamazepine', 0.05, 'uM')]",G1,-0.15482403165391975,1042,2714,HDAC inhibitor
COLO 205,plate10,Carbamazepine,"[('Carbamazepine', 0.05, 'uM')]",S,-0.15520497171582315,1042,2714,HDAC inhibitor
COLO 205,plate10,Carbamazepine,"[('Carbamazepine', 0.05, 'uM')]",G2M,0.26932147830539965,1042,2714,HDAC inhibitor
COLO 205,plate10,Panobinostat,"[('Panobinostat', 0.05, 'uM')]",G1,-0.3955045461328134,1256,2714,HDAC inhibitor
COLO 205,plate10,Panobinostat,"[('Panobinostat', 0.05, 'uM')]",S,0.08603037980768818,1256,2714,HDAC inhibitor
COLO 205,plate10,Panobinostat,"[('Panobinostat', 0.05, 'uM')]",G2M,0.4830220644043661,1256,2714,HDAC inhibitor
COLO 205,plate11,Belinostat,"[('Belinostat', 0.5, 'uM')]",G1,-1.1857750192632532,458,2694,HDAC inhibitor
COLO 205,plate11,Belinostat,"[('Belinostat', 0.5, 'uM')]",S,1.1516944384083687,458,2694,HDAC inhibitor
COLO 205,plate11,Belinostat,"[('Belinostat', 0.5, 'uM')]",G2M,0.8744060479400464,458,2694,HDAC inhibitor
COLO 205,plate11,Carbamazepine,"[('Carbamazepine', 0.5, 'uM')]",G1,-0.1889670015709289,776,2694,HDAC inhibitor
COLO 205,plate11,Carbamazepine,"[('Carbamazepine', 0.5, 'uM')]",S,0.37672797977115846,776,2694,HDAC inhibitor
COLO 205,plate11,Carbamazepine,"[('Carbamazepine', 0.5, 'uM')]",G2M,0.050042804636703686,776,2694,HDAC inhibitor
COLO 205,plate11,Panobinostat,"[('Panobinostat', 0.5, 'uM')]",G1,-1.7673443585129025,616,2694,HDAC inhibitor
COLO 205,plate11,Panobinostat,"[('Panobinostat', 0.5, 'uM')]",S,1.7709911048184666,616,2694,HDAC inhibitor
COLO 205,plate11,Panobinostat,"[('Panobinostat', 0.5, 'uM')]",G2M,1.1253931964061865,616,2694,HDAC inhibitor
COLO 205,plate12,Belinostat,"[('Belinostat', 5.0, 'uM')]",G1,-2.4858411238253426,822,2926,HDAC inhibitor
COLO 205,plate12,Belinostat,"[('Belinostat', 5.0, 'uM')]",S,2.176343090447849,822,2926,HDAC inhibitor
COLO 205,plate12,Belinostat,"[('Belinostat', 5.0, 'uM')]",G2M,1.7158977726180953,822,2926,HDAC inhibitor
COLO 205,plate12,Carbamazepine,"[('Carbamazepine', 5.0, 'uM')]",G1,0.06259413175274221,703,2926,HDAC inhibitor
COLO 205,plate12,Carbamazepine,"[('Carbamazepine', 5.0, 'uM')]",S,0.12651196101153467,703,2926,HDAC inhibitor
COLO 205,plate12,Carbamazepine,"[('Carbamazepine', 5.0, 'uM')]",G2M,-0.1474194149294492,703,2926,HDAC inhibitor
COLO 205,plate12,Panobinostat,"[('Panobinostat', 5.0, 'uM')]",G1,-2.308686645354653,758,2926,HDAC inhibitor
COLO 205,plate12,Panobinostat,"[('Panobinostat', 5.0, 'uM')]",S,2.283140478268364,758,2926,HDAC inhibitor
COLO 205,plate12,Panobinostat,"[('Panobinostat', 5.0, 'uM')]",G2M,1.4336247128764117,758,2926,HDAC inhibitor
COLO 205,plate13,Abemaciclib,"[('Abemaciclib', 0.05, 'uM')]",G1,0.056284142462807524,1318,1857,CDK inhibitor
COLO 205,plate13,Abemaciclib,"[('Abemaciclib', 0.05, 'uM')]",S,-0.2378158869880594,1318,1857,CDK inhibitor
COLO 205,plate13,Abemaciclib,"[('Abemaciclib', 0.05, 'uM')]",G2M,0.021273624661317086,1318,1857,CDK inhibitor
COLO 205,plate13,Ribociclib,"[('Ribociclib', 0.05, 'uM')]",G1,-0.061681674532382866,1205,1857,CDK inhibitor
COLO 205,plate13,Ribociclib,"[('Ribociclib', 0.05, 'uM')]",S,0.28300863871266196,1205,1857,CDK inhibitor
COLO 205,plate13,Ribociclib,"[('Ribociclib', 0.05, 'uM')]",G2M,-0.04660388979777865,1205,1857,CDK inhibitor
COLO 205,plate13,Ribociclib,"[('Ribociclib', 0.5, 'uM')]",G1,0.18226432815513638,1330,1857,CDK inhibitor
COLO 205,plate13,Ribociclib,"[('Ribociclib', 0.5, 'uM')]",S,0.21533662166018896,1330,1857,CDK inhibitor
COLO 205,plate13,Ribociclib,"[('Ribociclib', 0.5, 'uM')]",G2M,-0.3542077458800794,1330,1857,CDK inhibitor
COLO 205,plate13,Ribociclib,"[('Ribociclib', 5.0, 'uM')]",G1,-0.034981203516377506,1345,1857,CDK inhibitor
COLO 205,plate13,Ribociclib,"[('Ribociclib', 5.0, 'uM')]",S,0.2183213586517558,1345,1857,CDK inhibitor
COLO 205,plate13,Ribociclib,"[('Ribociclib', 5.0, 'uM')]",G2M,-0.05123146111535753,1345,1857,CDK inhibitor
COLO 205,plate14,Docetaxel,"[('Docetaxel', 5.0, 'uM')]",G1,0.4434400706414185,1651,1405,Microtubule inhibitor
COLO 205,plate14,Docetaxel,"[('Docetaxel', 5.0, 'uM')]",S,-0.7186668643046292,1651,1405,Microtubule inhibitor
COLO 205,plate14,Docetaxel,"[('Docetaxel', 5.0, 'uM')]",G2M,0.0024013274502988403,1651,1405,Microtubule inhibitor
COLO 205,plate14,Tucidinostat,"[('Tucidinostat', 5.0, 'uM')]",G1,0.5610234364790823,1298,1405,HDAC inhibitor
COLO 205,plate14,Tucidinostat,"[('Tucidinostat', 5.0, 'uM')]",S,-0.8914736148963323,1298,1405,HDAC inhibitor
COLO 205,plate14,Tucidinostat,"[('Tucidinostat', 5.0, 'uM')]",G2M,-0.03942825665594299,1298,1405,HDAC inhibitor
COLO 205,plate14,Vinblastine (sulfate),"[('Vinblastine (sulfate)', 5.0, 'uM')]",G1,0.36177838806152085,1137,1405,Microtubule inhibitor
COLO 205,plate14,Vinblastine (sulfate),"[('Vinblastine (sulfate)', 5.0, 'uM')]",S,-0.7660007705003347,1137,1405,Microtubule inhibitor
COLO 205,plate14,Vinblastine (sulfate),"[('Vinblastine (sulfate)', 5.0, 'uM')]",G2M,0.20291055876304473,1137,1405,Microtubule inhibitor
COLO 205,plate2,Abemaciclib,"[('Abemaciclib', 0.5, 'uM')]",G1,0.3503434236025579,1452,3767,CDK inhibitor
COLO 205,plate2,Abemaciclib,"[('Abemaciclib', 0.5, 'uM')]",S,-0.261483451131258,1452,3767,CDK inhibitor
COLO 205,plate2,Abemaciclib,"[('Abemaciclib', 0.5, 'uM')]",G2M,-0.4008080297887396,1452,3767,CDK inhibitor
COLO 205,plate2,Paclitaxel,"[('Paclitaxel', 0.5, 'uM')]",G1,-0.04564889914932329,2590,3767,Microtubule inhibitor
COLO 205,plate2,Paclitaxel,"[('Paclitaxel', 0.5, 'uM')]",S,-0.030968876903989324,2590,3767,Microtubule inhibitor
COLO 205,plate2,Paclitaxel,"[('Paclitaxel', 0.5, 'uM')]",G2M,0.1343119461099868,2590,3767,Microtubule inhibitor
COLO 205,plate2,Tubulin inhibitor 6,"[('Tubulin inhibitor 6', 0.5, 'uM')]",G1,0.27217565518162634,2343,3767,Microtubule inhibitor
COLO 205,plate2,Tubulin inhibitor 6,"[('Tubulin inhibitor 6', 0.5, 'uM')]",S,-0.2801685703096167,2343,3767,Microtubule inhibitor
COLO 205,plate2,Tubulin inhibitor 6,"[('Tubulin inhibitor 6', 0.5, 'uM')]",G2M,-0.20747826430160207,2343,3767,Microtubule inhibitor
COLO 205,plate2,palbociclib,"[('palbociclib', 0.5, 'uM')]",G1,1.299759636406589,1841,3767,CDK inhibitor
COLO 205,plate2,palbociclib,"[('palbociclib', 0.5, 'uM')]",S,-1.4756996815357424,1841,3767,CDK inhibitor
COLO 205,plate2,palbociclib,"[('palbociclib', 0.5, 'uM')]",G2M,-0.9201195816097655,1841,3767,CDK inhibitor
COLO 205,plate2,vincristine,"[('vincristine', 0.5, 'uM')]",G1,0.14667105193529664,398,3767,Microtubule inhibitor
COLO 205,plate2,vincristine,"[('vincristine', 0.5, 'uM')]",S,-0.9879456349287283,398,3767,Microtubule inhibitor
COLO 205,plate2,vincristine,"[('vincristine', 0.5, 'uM')]",G2M,0.6031902096839342,398,3767,Microtubule inhibitor
COLO 205,plate3,Abemaciclib,"[('Abemaciclib', 5.0, 'uM')]",G1,1.0510497226082123,767,644,CDK inhibitor
COLO 205,plate3,Abemaciclib,"[('Abemaciclib', 5.0, 'uM')]",S,-1.1825151178957662,767,644,CDK inhibitor
COLO 205,plate3,Abemaciclib,"[('Abemaciclib', 5.0, 'uM')]",G2M,-0.6576357118721351,767,644,CDK inhibitor
COLO 205,plate3,Paclitaxel,"[('Paclitaxel', 5.0, 'uM')]",G1,1.1822885930984992,1648,644,Microtubule inhibitor
COLO 205,plate3,Paclitaxel,"[('Paclitaxel', 5.0, 'uM')]",S,-1.2321868388184294,1648,644,Microtubule inhibitor
COLO 205,plate3,Paclitaxel,"[('Paclitaxel', 5.0, 'uM')]",G2M,-0.849830289263066,1648,644,Microtubule inhibitor
COLO 205,plate3,Tubulin inhibitor 6,"[('Tubulin inhibitor 6', 5.0, 'uM')]",G1,0.23329505182396904,333,644,Microtubule inhibitor
COLO 205,plate3,Tubulin inhibitor 6,"[('Tubulin inhibitor 6', 5.0, 'uM')]",S,-0.19260700223125776,333,644,Microtubule inhibitor
COLO 205,plate3,Tubulin inhibitor 6,"[('Tubulin inhibitor 6', 5.0, 'uM')]",G2M,-0.1935259581089792,333,644,Microtubule inhibitor
COLO 205,plate3,palbociclib,"[('palbociclib', 5.0, 'uM')]",G1,1.4092125089886416,350,644,CDK inhibitor
COLO 205,plate3,palbociclib,"[('palbociclib', 5.0, 'uM')]",S,-1.869442415067479,350,644,CDK inhibitor
COLO 205,plate3,palbociclib,"[('palbociclib', 5.0, 'uM')]",G2M,-0.7107216902047313,350,644,CDK inhibitor
COLO 205,plate3,vincristine,"[('vincristine', 5.0, 'uM')]",G1,1.2470917459837714,160,644,Microtubule inhibitor
COLO 205,plate3,vincristine,"[('vincristine', 5.0, 'uM')]",S,-1.5232206038138372,160,644,Microtubule inhibitor
COLO 205,plate3,vincristine,"[('vincristine', 5.0, 'uM')]",G2M,-0.6601399961445915,160,644,Microtubule inhibitor
COLO 205,plate4,Docetaxel,"[('Docetaxel', 0.05, 'uM')]",G1,-0.7582846767211339,292,2264,Microtubule inhibitor
COLO 205,plate4,Docetaxel,"[('Docetaxel', 0.05, 'uM')]",S,0.054037759053281745,292,2264,Microtubule inhibitor
COLO 205,plate4,Docetaxel,"[('Docetaxel', 0.05, 'uM')]",G2M,1.1954226959579888,292,2264,Microtubule inhibitor
COLO 205,plate4,Tucidinostat,"[('Tucidinostat', 0.05, 'uM')]",G1,0.5713826453899495,1031,2264,HDAC inhibitor
COLO 205,plate4,Tucidinostat,"[('Tucidinostat', 0.05, 'uM')]",S,-0.7841623607927285,1031,2264,HDAC inhibitor
COLO 205,plate4,Tucidinostat,"[('Tucidinostat', 0.05, 'uM')]",G2M,-0.23805914097283082,1031,2264,HDAC inhibitor
COLO 205,plate4,Vinblastine (sulfate),"[('Vinblastine (sulfate)', 0.05, 'uM')]",G1,0.9619786282065845,1419,2264,Microtubule inhibitor
COLO 205,plate4,Vinblastine (sulfate),"[('Vinblastine (sulfate)', 0.05, 'uM')]",S,-1.4334129010762466,1419,2264,Microtubule inhibitor
COLO 205,plate4,Vinblastine (sulfate),"[('Vinblastine (sulfate)', 0.05, 'uM')]",G2M,-0.38964011696076584,1419,2264,Microtubule inhibitor
COLO 205,plate5,Docetaxel,"[('Docetaxel', 0.5, 'uM')]",G1,-0.06054979058026552,1024,2344,Microtubule inhibitor
COLO 205,plate5,Docetaxel,"[('Docetaxel', 0.5, 'uM')]",S,-0.2870829913508387,1024,2344,Microtubule inhibitor
COLO 205,plate5,Docetaxel,"[('Docetaxel', 0.5, 'uM')]",G2M,0.34008945325791784,1024,2344,Microtubule inhibitor
COLO 205,plate5,Tucidinostat,"[('Tucidinostat', 0.5, 'uM')]",G1,0.4923980708478962,599,2344,HDAC inhibitor
COLO 205,plate5,Tucidinostat,"[('Tucidinostat', 0.5, 'uM')]",S,-0.730103801750412,599,2344,HDAC inhibitor
COLO 205,plate5,Tucidinostat,"[('Tucidinostat', 0.5, 'uM')]",G2M,-0.19973271938094275,599,2344,HDAC inhibitor
COLO 205,plate5,Vinblastine (sulfate),"[('Vinblastine (sulfate)', 0.5, 'uM')]",G1,1.2289837378858555,423,2344,Microtubule inhibitor
COLO 205,plate5,Vinblastine (sulfate),"[('Vinblastine (sulfate)', 0.5, 'uM')]",S,-2.4905271342957898,423,2344,Microtubule inhibitor
COLO 205,plate5,Vinblastine (sulfate),"[('Vinblastine (sulfate)', 0.5, 'uM')]",G2M,-0.4139730738407835,423,2344,Microtubule inhibitor
COLO 205,plate6,Docetaxel,"[('Docetaxel', 5.0, 'uM')]",G1,0.27548115378070026,800,2689,Microtubule inhibitor
COLO 205,plate6,Docetaxel,"[('Docetaxel', 5.0, 'uM')]",S,-0.6048037189998885,800,2689,Microtubule inhibitor
COLO 205,plate6,Docetaxel,"[('Docetaxel', 5.0, 'uM')]",G2M,0.14079621258547648,800,2689,Microtubule inhibitor
COLO 205,plate6,Tucidinostat,"[('Tucidinostat', 5.0, 'uM')]",G1,1.1749474541734821,828,2689,HDAC inhibitor
COLO 205,plate6,Tucidinostat,"[('Tucidinostat', 5.0, 'uM')]",S,-1.9725732731144363,828,2689,HDAC inhibitor
COLO 205,plate6,Tucidinostat,"[('Tucidinostat', 5.0, 'uM')]",G2M,-0.3596148742695362,828,2689,HDAC inhibitor
COLO 205,plate6,Vinblastine (sulfate),"[('Vinblastine (sulfate)', 5.0, 'uM')]",G1,1.066006639022191,678,2689,Microtubule inhibitor
COLO 205,plate6,Vinblastine (sulfate),"[('Vinblastine (sulfate)', 5.0, 'uM')]",S,-2.6005816487531503,678,2689,Microtubule inhibitor
COLO 205,plate6,Vinblastine (sulfate),"[('Vinblastine (sulfate)', 5.0, 'uM')]",G2M,0.014518473258522624,678,2689,Microtubule inhibitor
COLO 205,plate7,Docetaxel (Trihydrate),"[('Docetaxel (Trihydrate)', 0.05, 'uM')]",G1,-0.43063349462998,601,1170,Microtubule inhibitor
COLO 205,plate7,Docetaxel (Trihydrate),"[('Docetaxel (Trihydrate)', 0.05, 'uM')]",S,0.11263167005645451,601,1170,Microtubule inhibitor
COLO 205,plate7,Docetaxel (Trihydrate),"[('Docetaxel (Trihydrate)', 0.05, 'uM')]",G2M,0.4763972290688156,601,1170,Microtubule inhibitor
COLO 205,plate7,Mebendazole,"[('Mebendazole', 0.05, 'uM')]",G1,-0.04225618132661268,660,1170,Microtubule inhibitor
COLO 205,plate7,Mebendazole,"[('Mebendazole', 0.05, 'uM')]",S,-0.11618473908205451,660,1170,Microtubule inhibitor
COLO 205,plate7,Mebendazole,"[('Mebendazole', 0.05, 'uM')]",G2M,0.1125943624234237,660,1170,Microtubule inhibitor
COLO 205,plate8,Dinaciclib,"[('Dinaciclib', 0.5, 'uM')]",G1,-1.959514050536008,67,3076,CDK inhibitor
COLO 205,plate8,Dinaciclib,"[('Dinaciclib', 0.5, 'uM')]",S,1.090473211290042,67,3076,CDK inhibitor
COLO 205,plate8,Dinaciclib,"[('Dinaciclib', 0.5, 'uM')]",G2M,2.009819180869306,67,3076,CDK inhibitor
COLO 205,plate8,Docetaxel (Trihydrate),"[('Docetaxel (Trihydrate)', 0.5, 'uM')]",G1,-0.4746991635050483,826,3076,Microtubule inhibitor
COLO 205,plate8,Docetaxel (Trihydrate),"[('Docetaxel (Trihydrate)', 0.5, 'uM')]",S,0.09011996454091763,826,3076,Microtubule inhibitor
COLO 205,plate8,Docetaxel (Trihydrate),"[('Docetaxel (Trihydrate)', 0.5, 'uM')]",G2M,0.5832689685227428,826,3076,Microtubule inhibitor
COLO 205,plate8,Mebendazole,"[('Mebendazole', 0.5, 'uM')]",G1,-0.40820220660218326,1019,3076,Microtubule inhibitor
COLO 205,plate8,Mebendazole,"[('Mebendazole', 0.5, 'uM')]",S,0.6457616476208485,1019,3076,Microtubule inhibitor
COLO 205,plate8,Mebendazole,"[('Mebendazole', 0.5, 'uM')]",G2M,0.23129428630721088,1019,3076,Microtubule inhibitor
COLO 205,plate9,Docetaxel (Trihydrate),"[('Docetaxel (Trihydrate)', 5.0, 'uM')]",G1,0.05803777542688107,815,1548,Microtubule inhibitor
COLO 205,plate9,Docetaxel (Trihydrate),"[('Docetaxel (Trihydrate)', 5.0, 'uM')]",S,-0.28216862509123286,815,1548,Microtubule inhibitor
COLO 205,plate9,Docetaxel (Trihydrate),"[('Docetaxel (Trihydrate)', 5.0, 'uM')]",G2M,0.05133845964809409,815,1548,Microtubule inhibitor
COLO 205,plate9,Mebendazole,"[('Mebendazole', 5.0, 'uM')]",G1,-0.03700498234588421,1828,1548,Microtubule inhibitor
COLO 205,plate9,Mebendazole,"[('Mebendazole', 5.0, 'uM')]",S,-0.3210532410330634,1828,1548,Microtubule inhibitor
COLO 205,plate9,Mebendazole,"[('Mebendazole', 5.0, 'uM')]",G2M,0.1769258424289672,1828,1548,Microtubule inhibitor
H4,plate1,Paclitaxel,"[('Paclitaxel', 0.05, 'uM')]",G1,0.262206341175571,716,1544,Microtubule inhibitor
H4,plate1,Paclitaxel,"[('Paclitaxel', 0.05, 'uM')]",S,0.31683583919841757,716,1544,Microtubule inhibitor
H4,plate1,Paclitaxel,"[('Paclitaxel', 0.05, 'uM')]",G2M,-0.3840342748344988,716,1544,Microtubule inhibitor
H4,plate1,Tubulin inhibitor 6,"[('Tubulin inhibitor 6', 0.05, 'uM')]",G1,-0.3324890199411912,615,1544,Microtubule inhibitor
H4,plate1,Tubulin inhibitor 6,"[('Tubulin inhibitor 6', 0.05, 'uM')]",S,0.43768807553720573,615,1544,Microtubule inhibitor
H4,plate1,Tubulin inhibitor 6,"[('Tubulin inhibitor 6', 0.05, 'uM')]",G2M,0.22915757706460083,615,1544,Microtubule inhibitor
H4,plate1,palbociclib,"[('palbociclib', 0.05, 'uM')]",G1,0.05965056677683358,414,1544,CDK inhibitor
H4,plate1,palbociclib,"[('palbociclib', 0.05, 'uM')]",S,0.235914868728048,414,1544,CDK inhibitor
H4,plate1,palbociclib,"[('palbociclib', 0.05, 'uM')]",G2M,-0.12715409807428626,414,1544,CDK inhibitor
H4,plate1,vincristine,"[('vincristine', 0.05, 'uM')]",G1,-0.23491290407161083,602,1544,Microtubule inhibitor
H4,plate1,vincristine,"[('vincristine', 0.05, 'uM')]",S,-0.06409026781351024,602,1544,Microtubule inhibitor
H4,plate1,vincristine,"[('vincristine', 0.05, 'uM')]",G2M,0.26836028417495883,602,1544,Microtubule inhibitor
H4,plate10,Belinostat,"[('Belinostat', 0.05, 'uM')]",G1,-0.3673368397537199,932,2817,HDAC inhibitor
H4,plate10,Belinostat,"[('Belinostat', 0.05, 'uM')]",S,0.27239533900871143,932,2817,HDAC inhibitor
H4,plate10,Belinostat,"[('Belinostat', 0.05, 'uM')]",G2M,0.3580959611672634,932,2817,HDAC inhibitor
H4,plate10,Carbamazepine,"[('Carbamazepine', 0.05, 'uM')]",G1,0.04819981174115249,790,2817,HDAC inhibitor
H4,plate10,Carbamazepine,"[('Carbamazepine', 0.05, 'uM')]",S,-0.131803669603854,790,2817,HDAC inhibitor
H4,plate10,Carbamazepine,"[('Carbamazepine', 0.05, 'uM')]",G2M,-0.03351179820708111,790,2817,HDAC inhibitor
H4,plate10,Panobinostat,"[('Panobinostat', 0.05, 'uM')]",G1,-1.1650333801723125,737,2817,HDAC inhibitor
H4,plate10,Panobinostat,"[('Panobinostat', 0.05, 'uM')]",S,0.806736587687904,737,2817,HDAC inhibitor
H4,plate10,Panobinostat,"[('Panobinostat', 0.05, 'uM')]",G2M,1.117147343204671,737,2817,HDAC inhibitor
H4,plate11,Belinostat,"[('Belinostat', 0.5, 'uM')]",G1,-1.205150332401112,387,2774,HDAC inhibitor
H4,plate11,Belinostat,"[('Belinostat', 0.5, 'uM')]",S,0.36609171898031273,387,2774,HDAC inhibitor
H4,plate11,Belinostat,"[('Belinostat', 0.5, 'uM')]",G2M,1.1583936635499705,387,2774,HDAC inhibitor
H4,plate11,Carbamazepine,"[('Carbamazepine', 0.5, 'uM')]",G1,0.1461398221175936,706,2774,HDAC inhibitor
H4,plate11,Carbamazepine,"[('Carbamazepine', 0.5, 'uM')]",S,-0.18534877265103708,706,2774,HDAC inhibitor
H4,plate11,Carbamazepine,"[('Carbamazepine', 0.5, 'uM')]",G2M,-0.11666176377862839,706,2774,HDAC inhibitor
H4,plate11,Panobinostat,"[('Panobinostat', 0.5, 'uM')]",G1,-2.340051265832766,692,2774,HDAC inhibitor
H4,plate11,Panobinostat,"[('Panobinostat', 0.5, 'uM')]",S,2.669430691765896,692,2774,HDAC inhibitor
H4,plate11,Panobinostat,"[('Panobinostat', 0.5, 'uM')]",G2M,1.12882863254721,692,2774,HDAC inhibitor
H4,plate12,Belinostat,"[('Belinostat', 5.0, 'uM')]",G1,-3.0097565444197762,516,2230,HDAC inhibitor
H4,plate12,Belinostat,"[('Belinostat', 5.0, 'uM')]",S,2.408405130896329,516,2230,HDAC inhibitor
H4,plate12,Belinostat,"[('Belinostat', 5.0, 'uM')]",G2M,2.290900696776293,516,2230,HDAC inhibitor
H4,plate12,Carbamazepine,"[('Carbamazepine', 5.0, 'uM')]",G1,-0.2779215513069706,772,2230,HDAC inhibitor
H4,plate12,Carbamazepine,"[('Carbamazepine', 5.0, 'uM')]",S,0.09138698776795628,772,2230,HDAC inhibitor
H4,plate12,Carbamazepine,"[('Carbamazepine', 5.0, 'uM')]",G2M,0.2861704740929162,772,2230,HDAC inhibitor
H4,plate12,Panobinostat,"[('Panobinostat', 5.0, 'uM')]",G1,-2.6226135076923676,431,2230,HDAC inhibitor
H4,plate12,Panobinostat,"[('Panobinostat', 5.0, 'uM')]",S,2.641639537532375,431,2230,HDAC inhibitor
H4,plate12,Panobinostat,"[('Panobinostat', 5.0, 'uM')]",G2M,1.8548163939058144,431,2230,HDAC inhibitor
H4,plate13,Abemaciclib,"[('Abemaciclib', 0.05, 'uM')]",G1,-0.09363487811339015,1349,1296,CDK inhibitor
H4,plate13,Abemaciclib,"[('Abemaciclib', 0.05, 'uM')]",S,0.1653427170362509,1349,1296,CDK inhibitor
H4,plate13,Abemaciclib,"[('Abemaciclib', 0.05, 'uM')]",G2M,0.0780062184169687,1349,1296,CDK inhibitor
H4,plate13,Ribociclib,"[('Ribociclib', 0.05, 'uM')]",G1,-0.18213858423666177,1147,1296,CDK inhibitor
H4,plate13,Ribociclib,"[('Ribociclib', 0.05, 'uM')]",S,-0.2686032209748663,1147,1296,CDK inhibitor
H4,plate13,Ribociclib,"[('Ribociclib', 0.05, 'uM')]",G2M,0.2206772586728161,1147,1296,CDK inhibitor
H4,plate13,Ribociclib,"[('Ribociclib', 0.5, 'uM')]",G1,-0.19101733632405937,968,1296,CDK inhibitor
H4,plate13,Ribociclib,"[('Ribociclib', 0.5, 'uM')]",S,-0.08582335420674156,968,1296,CDK inhibitor
H4,plate13,Ribociclib,"[('Ribociclib', 0.5, 'uM')]",G2M,0.21190006250186816,968,1296,CDK inhibitor
H4,plate13,Ribociclib,"[('Ribociclib', 5.0, 'uM')]",G1,-0.17258744417145783,997,1296,CDK inhibitor
H4,plate13,Ribociclib,"[('Ribociclib', 5.0, 'uM')]",S,0.23466933496061046,997,1296,CDK inhibitor
H4,plate13,Ribociclib,"[('Ribociclib', 5.0, 'uM')]",G2M,0.15337713501479536,997,1296,CDK inhibitor
H4,plate14,Docetaxel,"[('Docetaxel', 5.0, 'uM')]",G1,-0.19380849227306648,943,995,Microtubule inhibitor
H4,plate14,Docetaxel,"[('Docetaxel', 5.0, 'uM')]",S,-0.8618484925475876,943,995,Microtubule inhibitor
H4,plate14,Docetaxel,"[('Docetaxel', 5.0, 'uM')]",G2M,0.5137235648225159,943,995,Microtubule inhibitor
H4,plate14,Tucidinostat,"[('Tucidinostat', 5.0, 'uM')]",G1,0.06727973106211198,769,995,HDAC inhibitor
H4,plate14,Tucidinostat,"[('Tucidinostat', 5.0, 'uM')]",S,-0.30124809087238336,769,995,HDAC inhibitor
H4,plate14,Tucidinostat,"[('Tucidinostat', 5.0, 'uM')]",G2M,0.05325171013405642,769,995,HDAC inhibitor
H4,plate14,Vinblastine (sulfate),"[('Vinblastine (sulfate)', 5.0, 'uM')]",G1,0.2701365549760526,621,995,Microtubule inhibitor
H4,plate14,Vinblastine (sulfate),"[('Vinblastine (sulfate)', 5.0, 'uM')]",S,-0.7011775764238343,621,995,Microtubule inhibitor
H4,plate14,Vinblastine (sulfate),"[('Vinblastine (sulfate)', 5.0, 'uM')]",G2M,-0.03290211107922886,621,995,Microtubule inhibitor
H4,plate2,Abemaciclib,"[('Abemaciclib', 0.5, 'uM')]",G1,0.14087243857782678,784,2262,CDK inhibitor
H4,plate2,Abemaciclib,"[('Abemaciclib', 0.5, 'uM')]",S,0.029732282175877915,784,2262,CDK inhibitor
H4,plate2,Abemaciclib,"[('Abemaciclib', 0.5, 'uM')]",G2M,-0.18838012100058915,784,2262,CDK inhibitor
H4,plate2,Paclitaxel,"[('Paclitaxel', 0.5, 'uM')]",G1,0.28939630713580156,1432,2262,Microtubule inhibitor
H4,plate2,Paclitaxel,"[('Paclitaxel', 0.5, 'uM')]",S,-0.5609545350271317,1432,2262,Microtubule inhibitor
H4,plate2,Paclitaxel,"[('Paclitaxel', 0.5, 'uM')]",G2M,-0.09339753568270567,1432,2262,Microtubule inhibitor
H4,plate2,Tubulin inhibitor 6,"[('Tubulin inhibitor 6', 0.5, 'uM')]",G1,0.4176016025212908,1133,2262,Microtubule inhibitor
H4,plate2,Tubulin inhibitor 6,"[('Tubulin inhibitor 6', 0.5, 'uM')]",S,-0.3095355573457979,1133,2262,Microtubule inhibitor
H4,plate2,Tubulin inhibitor 6,"[('Tubulin inhibitor 6', 0.5, 'uM')]",G2M,-0.3610126882887011,1133,2262,Microtubule inhibitor
H4,plate2,palbociclib,"[('palbociclib', 0.5, 'uM')]",G1,1.5079901029744596,944,2262,CDK inhibitor
H4,plate2,palbociclib,"[('palbociclib', 0.5, 'uM')]",S,-1.2338062456853327,944,2262,CDK inhibitor
H4,plate2,palbociclib,"[('palbociclib', 0.5, 'uM')]",G2M,-1.3467751077047485,944,2262,CDK inhibitor
H4,plate2,vincristine,"[('vincristine', 0.5, 'uM')]",G1,-0.5081670704135468,274,2262,Microtubule inhibitor
H4,plate2,vincristine,"[('vincristine', 0.5, 'uM')]",S,0.29808537756863895,274,2262,Microtubule inhibitor
H4,plate2,vincristine,"[('vincristine', 0.5, 'uM')]",G2M,0.45582770781044907,274,2262,Microtubule inhibitor
H4,plate3,Abemaciclib,"[('Abemaciclib', 5.0, 'uM')]",G1,0.9753558425522464,377,459,CDK inhibitor
H4,plate3,Abemaciclib,"[('Abemaciclib', 5.0, 'uM')]",S,0.5063717218598539,377,459,CDK inhibitor
H4,plate3,Abemaciclib,"[('Abemaciclib', 5.0, 'uM')]",G2M,-1.3998228639532402,377,459,CDK inhibitor
H4,plate3,Paclitaxel,"[('Paclitaxel', 5.0, 'uM')]",G1,0.44722991134268636,1256,459,Microtubule inhibitor
H4,plate3,Paclitaxel,"[('Paclitaxel', 5.0, 'uM')]",S,-0.17589252799836091,1256,459,Microtubule inhibitor
H4,plate3,Paclitaxel,"[('Paclitaxel', 5.0, 'uM')]",G2M,-0.431808790662518,1256,459,Microtubule inhibitor
H4,plate3,Tubulin inhibitor 6,"[('Tubulin inhibitor 6', 5.0, 'uM')]",G1,-0.1558204972177575,225,459,Microtubule inhibitor
H4,plate3,Tubulin inhibitor 6,"[('Tubulin inhibitor 6', 5.0, 'uM')]",S,0.16248896383839026,225,459,Microtubule inhibitor
H4,plate3,Tubulin inhibitor 6,"[('Tubulin inhibitor 6', 5.0, 'uM')]",G2M,0.11468048414364583,225,459,Microtubule inhibitor
H4,plate3,palbociclib,"[('palbociclib', 5.0, 'uM')]",G1,1.6836068033053002,386,459,CDK inhibitor
H4,plate3,palbociclib,"[('palbociclib', 5.0, 'uM')]",S,-0.29630700483659717,386,459,CDK inhibitor
H4,plate3,palbociclib,"[('palbociclib', 5.0, 'uM')]",G2M,-1.889713222310768,386,459,CDK inhibitor
H4,plate3,vincristine,"[('vincristine', 5.0, 'uM')]",G1,-0.6726408060055407,101,459,Microtubule inhibitor
H4,plate3,vincristine,"[('vincristine', 5.0, 'uM')]",S,1.1405848227408233,101,459,Microtubule inhibitor
H4,plate3,vincristine,"[('vincristine', 5.0, 'uM')]",G2M,0.20653893654500052,101,459,Microtubule inhibitor
H4,plate4,Docetaxel,"[('Docetaxel', 0.05, 'uM')]",G1,-0.23917903860410314,107,1290,Microtubule inhibitor
H4,plate4,Docetaxel,"[('Docetaxel', 0.05, 'uM')]",S,-0.347368937348382,107,1290,Microtubule inhibitor
H4,plate4,Docetaxel,"[('Docetaxel', 0.05, 'uM')]",G2M,0.36397518788719746,107,1290,Microtubule inhibitor
H4,plate4,Tucidinostat,"[('Tucidinostat', 0.05, 'uM')]",G1,0.6463601757705887,726,1290,HDAC inhibitor
H4,plate4,Tucidinostat,"[('Tucidinostat', 0.05, 'uM')]",S,-0.5919472375225556,726,1290,HDAC inhibitor
H4,plate4,Tucidinostat,"[('Tucidinostat', 0.05, 'uM')]",G2M,-0.5618066460157379,726,1290,HDAC inhibitor
H4,plate4,Vinblastine (sulfate),"[('Vinblastine (sulfate)', 0.05, 'uM')]",G1,-0.7266985598807556,683,1290,Microtubule inhibitor
H4,plate4,Vinblastine (sulfate),"[('Vinblastine (sulfate)', 0.05, 'uM')]",S,0.3137939695926941,683,1290,Microtubule inhibitor
H4,plate4,Vinblastine (sulfate),"[('Vinblastine (sulfate)', 0.05, 'uM')]",G2M,0.6803650992331298,683,1290,Microtubule inhibitor
H4,plate5,Docetaxel,"[('Docetaxel', 0.5, 'uM')]",G1,-0.42508933393047266,530,1508,Microtubule inhibitor
H4,plate5,Docetaxel,"[('Docetaxel', 0.5, 'uM')]",S,-0.4674449194751871,530,1508,Microtubule inhibitor
H4,plate5,Docetaxel,"[('Docetaxel', 0.5, 'uM')]",G2M,0.5446903320303543,530,1508,Microtubule inhibitor
H4,plate5,Tucidinostat,"[('Tucidinostat', 0.5, 'uM')]",G1,1.4893937614235262,408,1508,HDAC inhibitor
H4,plate5,Tucidinostat,"[('Tucidinostat', 0.5, 'uM')]",S,-0.5517698236843498,408,1508,HDAC inhibitor
H4,plate5,Tucidinostat,"[('Tucidinostat', 0.5, 'uM')]",G2M,-1.4724643302095357,408,1508,HDAC inhibitor
H4,plate5,Vinblastine (sulfate),"[('Vinblastine (sulfate)', 0.5, 'uM')]",G1,-0.07942415622752895,222,1508,Microtubule inhibitor
H4,plate5,Vinblastine (sulfate),"[('Vinblastine (sulfate)', 0.5, 'uM')]",S,0.5343618372304437,222,1508,Microtubule inhibitor
H4,plate5,Vinblastine (sulfate),"[('Vinblastine (sulfate)', 0.5, 'uM')]",G2M,-0.08653504394125029,222,1508,Microtubule inhibitor
H4,plate6,Docetaxel,"[('Docetaxel', 5.0, 'uM')]",G1,-0.0438717696746556,391,1775,Microtubule inhibitor
H4,plate6,Docetaxel,"[('Docetaxel', 5.0, 'uM')]",S,-2.2758261956924626,391,1775,Microtubule inhibitor
H4,plate6,Docetaxel,"[('Docetaxel', 5.0, 'uM')]",G2M,0.3471198473738938,391,1775,Microtubule inhibitor
H4,plate6,Tucidinostat,"[('Tucidinostat', 5.0, 'uM')]",G1,1.429259402902937,480,1775,HDAC inhibitor
H4,plate6,Tucidinostat,"[('Tucidinostat', 5.0, 'uM')]",S,-0.8680757220854767,480,1775,HDAC inhibitor
H4,plate6,Tucidinostat,"[('Tucidinostat', 5.0, 'uM')]",G2M,-1.3416496257857509,480,1775,HDAC inhibitor
H4,plate6,Vinblastine (sulfate),"[('Vinblastine (sulfate)', 5.0, 'uM')]",G1,0.5979127759233751,275,1775,Microtubule inhibitor
H4,plate6,Vinblastine (sulfate),"[('Vinblastine (sulfate)', 5.0, 'uM')]",S,0.1416539928502818,275,1775,Microtubule inhibitor
H4,plate6,Vinblastine (sulfate),"[('Vinblastine (sulfate)', 5.0, 'uM')]",G2M,-0.6688970094540554,275,1775,Microtubule inhibitor
H4,plate7,Dinaciclib,"[('Dinaciclib', 0.05, 'uM')]",G1,-1.7009356048155924,111,1209,CDK inhibitor
H4,plate7,Dinaciclib,"[('Dinaciclib', 0.05, 'uM')]",S,1.7958218373538382,111,1209,CDK inhibitor
H4,plate7,Dinaciclib,"[('Dinaciclib', 0.05, 'uM')]",G2M,1.1569974477567309,111,1209,CDK inhibitor
H4,plate7,Docetaxel (Trihydrate),"[('Docetaxel (Trihydrate)', 0.05, 'uM')]",G1,-0.5157403508432069,464,1209,Microtubule inhibitor
H4,plate7,Docetaxel (Trihydrate),"[('Docetaxel (Trihydrate)', 0.05, 'uM')]",S,-0.7438352279607997,464,1209,Microtubule inhibitor
H4,plate7,Docetaxel (Trihydrate),"[('Docetaxel (Trihydrate)', 0.05, 'uM')]",G2M,0.6382616904270852,464,1209,Microtubule inhibitor
H4,plate7,Mebendazole,"[('Mebendazole', 0.05, 'uM')]",G1,-0.26909782029706164,779,1209,Microtubule inhibitor
H4,plate7,Mebendazole,"[('Mebendazole', 0.05, 'uM')]",S,-0.04382669544172542,779,1209,Microtubule inhibitor
H4,plate7,Mebendazole,"[('Mebendazole', 0.05, 'uM')]",G2M,0.2893990304629751,779,1209,Microtubule inhibitor
H4,plate8,Dinaciclib,"[('Dinaciclib', 0.5, 'uM')]",G1,-1.4904058621150393,158,2321,CDK inhibitor
H4,plate8,Dinaciclib,"[('Dinaciclib', 0.5, 'uM')]",S,2.9114320792698942,158,2321,CDK inhibitor
H4,plate8,Dinaciclib,"[('Dinaciclib', 0.5, 'uM')]",G2M,0.6451532833836287,158,2321,CDK inhibitor
H4,plate8,Docetaxel (Trihydrate),"[('Docetaxel (Trihydrate)', 0.5, 'uM')]",G1,-1.0039715662998832,490,2321,Microtubule inhibitor
H4,plate8,Docetaxel (Trihydrate),"[('Docetaxel (Trihydrate)', 0.5, 'uM')]",S,-0.038021359084605265,490,2321,Microtubule inhibitor
H4,plate8,Docetaxel (Trihydrate),"[('Docetaxel (Trihydrate)', 0.5, 'uM')]",G2M,1.061633994926042,490,2321,Microtubule inhibitor
H4,plate8,Mebendazole,"[('Mebendazole', 0.5, 'uM')]",G1,-0.6935831451114423,671,2321,Microtubule inhibitor
H4,plate8,Mebendazole,"[('Mebendazole', 0.5, 'uM')]",S,-1.0174010692193012,671,2321,Microtubule inhibitor
H4,plate8,Mebendazole,"[('Mebendazole', 0.5, 'uM')]",G2M,0.8260130705304012,671,2321,Microtubule inhibitor
H4,plate9,Dinaciclib,"[('Dinaciclib', 5.0, 'uM')]",G1,-2.7892737476953187,111,1826,CDK inhibitor
H4,plate9,Dinaciclib,"[('Dinaciclib', 5.0, 'uM')]",S,2.3000459513124847,111,1826,CDK inhibitor
H4,plate9,Dinaciclib,"[('Dinaciclib', 5.0, 'uM')]",G2M,1.683017953444413,111,1826,CDK inhibitor
H4,plate9,Docetaxel (Trihydrate),"[('Docetaxel (Trihydrate)', 5.0, 'uM')]",G1,-0.3152407496143804,354,1826,Microtubule inhibitor
H4,plate9,Docetaxel (Trihydrate),"[('Docetaxel (Trihydrate)', 5.0, 'uM')]",S,-0.8910549159084307,354,1826,Microtubule inhibitor
H4,plate9,Docetaxel (Trihydrate),"[('Docetaxel (Trihydrate)', 5.0, 'uM')]",G2M,0.4474154455148383,354,1826,Microtubule inhibitor
H4,plate9,Mebendazole,"[('Mebendazole', 5.0, 'uM')]",G1,-1.1672892072956083,1497,1826,Microtubule inhibitor
H4,plate9,Mebendazole,"[('Mebendazole', 5.0, 'uM')]",S,-0.18867010923705155,1497,1826,Microtubule inhibitor
H4,plate9,Mebendazole,"[('Mebendazole', 5.0, 'uM')]",G2M,1.2042457714748696,1497,1826,Microtubule inhibitor
HCT15,plate1,Paclitaxel,"[('Paclitaxel', 0.05, 'uM')]",G1,0.8289708923634579,1128,2594,Microtubule inhibitor
HCT15,plate1,Paclitaxel,"[('Paclitaxel', 0.05, 'uM')]",S,-0.18510674399229768,1128,2594,Microtubule inhibitor
HCT15,plate1,Paclitaxel,"[('Paclitaxel', 0.05, 'uM')]",G2M,-0.8384277753953562,1128,2594,Microtubule inhibitor
HCT15,plate1,Tubulin inhibitor 6,"[('Tubulin inhibitor 6', 0.05, 'uM')]",G1,0.5271965918126671,937,2594,Microtubule inhibitor
HCT15,plate1,Tubulin inhibitor 6,"[('Tubulin inhibitor 6', 0.05, 'uM')]",S,0.09225004496359966,937,2594,Microtubule inhibitor
HCT15,plate1,Tubulin inhibitor 6,"[('Tubulin inhibitor 6', 0.05, 'uM')]",G2M,-0.6246832556783233,937,2594,Microtubule inhibitor
HCT15,plate1,palbociclib,"[('palbociclib', 0.05, 'uM')]",G1,0.23734250554899888,584,2594,CDK inhibitor
HCT15,plate1,palbociclib,"[('palbociclib', 0.05, 'uM')]",S,0.17935959168117302,584,2594,CDK inhibitor
HCT15,plate1,palbociclib,"[('palbociclib', 0.05, 'uM')]",G2M,-0.3386902119576875,584,2594,CDK inhibitor
HCT15,plate1,vincristine,"[('vincristine', 0.05, 'uM')]",G1,0.2258147437819659,963,2594,Microtubule inhibitor
HCT15,plate1,vincristine,"[('vincristine', 0.05, 'uM')]",S,0.2272948118981856,963,2594,Microtubule inhibitor
HCT15,plate1,vincristine,"[('vincristine', 0.05, 'uM')]",G2M,-0.35369044846478853,963,2594,Microtubule inhibitor
HCT15,plate10,Belinostat,"[('Belinostat', 0.05, 'uM')]",G1,-0.28031120115272257,1256,3113,HDAC inhibitor
HCT15,plate10,Belinostat,"[('Belinostat', 0.05, 'uM')]",S,0.3690473005479457,1256,3113,HDAC inhibitor
HCT15,plate10,Belinostat,"[('Belinostat', 0.05, 'uM')]",G2M,0.2039577592376407,1256,3113,HDAC inhibitor
HCT15,plate10,Carbamazepine,"[('Carbamazepine', 0.05, 'uM')]",G1,0.10143246556234753,1196,3113,HDAC inhibitor
HCT15,plate10,Carbamazepine,"[('Carbamazepine', 0.05, 'uM')]",S,0.04972514901646425,1196,3113,HDAC inhibitor
HCT15,plate10,Carbamazepine,"[('Carbamazepine', 0.05, 'uM')]",G2M,-0.11834021816555498,1196,3113,HDAC inhibitor
HCT15,plate10,Panobinostat,"[('Panobinostat', 0.05, 'uM')]",G1,0.012591655404205728,2127,3113,HDAC inhibitor
HCT15,plate10,Panobinostat,"[('Panobinostat', 0.05, 'uM')]",S,0.15580997800231913,2127,3113,HDAC inhibitor
HCT15,plate10,Panobinostat,"[('Panobinostat', 0.05, 'uM')]",G2M,-0.05085582876402166,2127,3113,HDAC inhibitor
HCT15,plate11,Belinostat,"[('Belinostat', 0.5, 'uM')]",G1,-0.23584924091713225,521,2736,HDAC inhibitor
HCT15,plate11,Belinostat,"[('Belinostat', 0.5, 'uM')]",S,0.207118205436336,521,2736,HDAC inhibitor
HCT15,plate11,Belinostat,"[('Belinostat', 0.5, 'uM')]",G2M,0.16504524808452356,521,2736,HDAC inhibitor
HCT15,plate11,Carbamazepine,"[('Carbamazepine', 0.5, 'uM')]",G1,-0.13150923303249049,896,2736,HDAC inhibitor
HCT15,plate11,Carbamazepine,"[('Carbamazepine', 0.5, 'uM')]",S,-0.01800478172417348,896,2736,HDAC inhibitor
HCT15,plate11,Carbamazepine,"[('Carbamazepine', 0.5, 'uM')]",G2M,0.14731286345553044,896,2736,HDAC inhibitor
HCT15,plate11,Panobinostat,"[('Panobinostat', 0.5, 'uM')]",G1,-0.4574257321663842,1704,2736,HDAC inhibitor
HCT15,plate11,Panobinostat,"[('Panobinostat', 0.5, 'uM')]",S,1.2165229365563177,1704,2736,HDAC inhibitor
HCT15,plate11,Panobinostat,"[('Panobinostat', 0.5, 'uM')]",G2M,-0.19021443805917332,1704,2736,HDAC inhibitor
HCT15,plate12,Belinostat,"[('Belinostat', 5.0, 'uM')]",G1,-0.7974952854246252,1840,3367,HDAC inhibitor
HCT15,plate12,Belinostat,"[('Belinostat', 5.0, 'uM')]",S,1.6159383611245992,1840,3367,HDAC inhibitor
HCT15,plate12,Belinostat,"[('Belinostat', 5.0, 'uM')]",G2M,0.002373303029983794,1840,3367,HDAC inhibitor
HCT15,plate12,Carbamazepine,"[('Carbamazepine', 5.0, 'uM')]",G1,-0.46948582805265954,985,3367,HDAC inhibitor
HCT15,plate12,Carbamazepine,"[('Carbamazepine', 5.0, 'uM')]",S,-0.1296876244769349,985,3367,HDAC inhibitor
HCT15,plate12,Carbamazepine,"[('Carbamazepine', 5.0, 'uM')]",G2M,0.5350146747152578,985,3367,HDAC inhibitor
HCT15,plate12,Panobinostat,"[('Panobinostat', 5.0, 'uM')]",G1,-0.7186524874260032,1915,3367,HDAC inhibitor
HCT15,plate12,Panobinostat,"[('Panobinostat', 5.0, 'uM')]",S,1.67754067797135,1915,3367,HDAC inhibitor
HCT15,plate12,Panobinostat,"[('Panobinostat', 5.0, 'uM')]",G2M,-0.13268712754859988,1915,3367,HDAC inhibitor
HCT15,plate13,Abemaciclib,"[('Abemaciclib', 0.05, 'uM')]",G1,-0.4439996026968956,1608,2035,CDK inhibitor
HCT15,plate13,Abemaciclib,"[('Abemaciclib', 0.05, 'uM')]",S,0.22531918951458432,1608,2035,CDK inhibitor
HCT15,plate13,Abemaciclib,"[('Abemaciclib', 0.05, 'uM')]",G2M,0.40342793543643035,1608,2035,CDK inhibitor
HCT15,plate13,Ribociclib,"[('Ribociclib', 0.05, 'uM')]",G1,-0.04955286057405749,1598,2035,CDK inhibitor
HCT15,plate13,Ribociclib,"[('Ribociclib', 0.05, 'uM')]",S,-0.04724032934996519,1598,2035,CDK inhibitor
HCT15,plate13,Ribociclib,"[('Ribociclib', 0.05, 'uM')]",G2M,0.06646385783721923,1598,2035,CDK inhibitor
HCT15,plate13,Ribociclib,"[('Ribociclib', 0.5, 'uM')]",G1,0.03926211669622254,1501,2035,CDK inhibitor
HCT15,plate13,Ribociclib,"[('Ribociclib', 0.5, 'uM')]",S,0.01996442327677402,1501,2035,CDK inhibitor
HCT15,plate13,Ribociclib,"[('Ribociclib', 0.5, 'uM')]",G2M,-0.04741863251296015,1501,2035,CDK inhibitor
HCT15,plate13,Ribociclib,"[('Ribociclib', 5.0, 'uM')]",G1,0.2591518434400176,1643,2035,CDK inhibitor
HCT15,plate13,Ribociclib,"[('Ribociclib', 5.0, 'uM')]",S,-0.06109719774986183,1643,2035,CDK inhibitor
HCT15,plate13,Ribociclib,"[('Ribociclib', 5.0, 'uM')]",G2M,-0.2641159072255545,1643,2035,CDK inhibitor
HCT15,plate14,Docetaxel,"[('Docetaxel', 5.0, 'uM')]",G1,-0.24297334759178282,1456,1389,Microtubule inhibitor
HCT15,plate14,Docetaxel,"[('Docetaxel', 5.0, 'uM')]",S,-0.03427040415276498,1456,1389,Microtubule inhibitor
HCT15,plate14,Docetaxel,"[('Docetaxel', 5.0, 'uM')]",G2M,0.28906063549480243,1456,1389,Microtubule inhibitor
HCT15,plate14,Tucidinostat,"[('Tucidinostat', 5.0, 'uM')]",G1,0.3963639607059465,1103,1389,HDAC inhibitor
HCT15,plate14,Tucidinostat,"[('Tucidinostat', 5.0, 'uM')]",S,-0.12234211842045732,1103,1389,HDAC inhibitor
HCT15,plate14,Tucidinostat,"[('Tucidinostat', 5.0, 'uM')]",G2M,-0.3878839666602991,1103,1389,HDAC inhibitor
HCT15,plate14,Vinblastine (sulfate),"[('Vinblastine (sulfate)', 5.0, 'uM')]",G1,0.5139894804625961,1151,1389,Microtubule inhibitor
HCT15,plate14,Vinblastine (sulfate),"[('Vinblastine (sulfate)', 5.0, 'uM')]",S,-0.16820172695696808,1151,1389,Microtubule inhibitor
HCT15,plate14,Vinblastine (sulfate),"[('Vinblastine (sulfate)', 5.0, 'uM')]",G2M,-0.5041601167072562,1151,1389,Microtubule inhibitor
HCT15,plate2,Abemaciclib,"[('Abemaciclib', 0.5, 'uM')]",G1,0.6850911622892722,1706,3958,CDK inhibitor
HCT15,plate2,Abemaciclib,"[('Abemaciclib', 0.5, 'uM')]",S,-0.6768630009787616,1706,3958,CDK inhibitor
HCT15,plate2,Abemaciclib,"[('Abemaciclib', 0.5, 'uM')]",G2M,-0.37027970869999116,1706,3958,CDK inhibitor
HCT15,plate2,Paclitaxel,"[('Paclitaxel', 0.5, 'uM')]",G1,0.38367953746287814,2494,3958,Microtubule inhibitor
HCT15,plate2,Paclitaxel,"[('Paclitaxel', 0.5, 'uM')]",S,-0.35761633866932147,2494,3958,Microtubule inhibitor
HCT15,plate2,Paclitaxel,"[('Paclitaxel', 0.5, 'uM')]",G2M,-0.2061008075532836,2494,3958,Microtubule inhibitor
HCT15,plate2,Tubulin inhibitor 6,"[('Tubulin inhibitor 6', 0.5, 'uM')]",G1,0.6165643099885507,2509,3958,Microtubule inhibitor
HCT15,plate2,Tubulin inhibitor 6,"[('Tubulin inhibitor 6', 0.5, 'uM')]",S,-0.4134156417598623,2509,3958,Microtubule inhibitor
HCT15,plate2,Tubulin inhibitor 6,"[('Tubulin inhibitor 6', 0.5, 'uM')]",G2M,-0.475041191996014,2509,3958,Microtubule inhibitor
HCT15,plate2,palbociclib,"[('palbociclib', 0.5, 'uM')]",G1,1.4379638194098243,1574,3958,CDK inhibitor
HCT15,plate2,palbociclib,"[('palbociclib', 0.5, 'uM')]",S,-0.8282190497070238,1574,3958,CDK inhibitor
HCT15,plate2,palbociclib,"[('palbociclib', 0.5, 'uM')]",G2M,-1.3629690928846299,1574,3958,CDK inhibitor
HCT15,plate2,vincristine,"[('vincristine', 0.5, 'uM')]",G1,-1.046011293509282,397,3958,Microtubule inhibitor
HCT15,plate2,vincristine,"[('vincristine', 0.5, 'uM')]",S,0.13912397098984527,397,3958,Microtubule inhibitor
HCT15,plate2,vincristine,"[('vincristine', 0.5, 'uM')]",G2M,1.0164220791654,397,3958,Microtubule inhibitor
HCT15,plate3,Abemaciclib,"[('Abemaciclib', 5.0, 'uM')]",G1,1.0654567181532013,553,586,CDK inhibitor
HCT15,plate3,Abemaciclib,"[('Abemaciclib', 5.0, 'uM')]",S,-0.8601112050615268,553,586,CDK inhibitor
HCT15,plate3,Abemaciclib,"[('Abemaciclib', 5.0, 'uM')]",G2M,-0.6591379287168011,553,586,CDK inhibitor
HCT15,plate3,Paclitaxel,"[('Paclitaxel', 5.0, 'uM')]",G1,0.6057079541468129,2026,586,Microtubule inhibitor
HCT15,plate3,Paclitaxel,"[('Paclitaxel', 5.0, 'uM')]",S,-0.31490683820880355,2026,586,Microtubule inhibitor
HCT15,plate3,Paclitaxel,"[('Paclitaxel', 5.0, 'uM')]",G2M,-0.44376541095383765,2026,586,Microtubule inhibitor
HCT15,plate3,Tubulin inhibitor 6,"[('Tubulin inhibitor 6', 5.0, 'uM')]",G1,0.4705027299325687,250,586,Microtubule inhibitor
HCT15,plate3,Tubulin inhibitor 6,"[('Tubulin inhibitor 6', 5.0, 'uM')]",S,-0.20039977237879122,250,586,Microtubule inhibitor
HCT15,plate3,Tubulin inhibitor 6,"[('Tubulin inhibitor 6', 5.0, 'uM')]",G2M,-0.35476632380284195,250,586,Microtubule inhibitor
HCT15,plate3,palbociclib,"[('palbociclib', 5.0, 'uM')]",G1,1.353625555047384,284,586,CDK inhibitor
HCT15,plate3,palbociclib,"[('palbociclib', 5.0, 'uM')]",S,-0.7086012563968347,284,586,CDK inhibitor
HCT15,plate3,palbociclib,"[('palbociclib', 5.0, 'uM')]",G2M,-1.0854335965026791,284,586,CDK inhibitor
HCT15,plate3,vincristine,"[('vincristine', 5.0, 'uM')]",G1,-0.0632850401570008,187,586,Microtubule inhibitor
HCT15,plate3,vincristine,"[('vincristine', 5.0, 'uM')]",S,-0.19150906937234563,187,586,Microtubule inhibitor
HCT15,plate3,vincristine,"[('vincristine', 5.0, 'uM')]",G2M,0.19239241540154223,187,586,Microtubule inhibitor
HCT15,plate4,Docetaxel,"[('Docetaxel', 0.05, 'uM')]",G1,-1.1144354663577551,296,2226,Microtubule inhibitor
HCT15,plate4,Docetaxel,"[('Docetaxel', 0.05, 'uM')]",S,-0.012971564529521112,296,2226,Microtubule inhibitor
HCT15,plate4,Docetaxel,"[('Docetaxel', 0.05, 'uM')]",G2M,1.0725640589987329,296,2226,Microtubule inhibitor
HCT15,plate4,Tucidinostat,"[('Tucidinostat', 0.05, 'uM')]",G1,0.5663772573595887,1157,2226,HDAC inhibitor
HCT15,plate4,Tucidinostat,"[('Tucidinostat', 0.05, 'uM')]",S,-0.14148010588009235,1157,2226,HDAC inhibitor
HCT15,plate4,Tucidinostat,"[('Tucidinostat', 0.05, 'uM')]",G2M,-0.554096391712896,1157,2226,HDAC inhibitor
HCT15,plate4,Vinblastine (sulfate),"[('Vinblastine (sulfate)', 0.05, 'uM')]",G1,0.10482684566100475,1354,2226,Microtubule inhibitor
HCT15,plate4,Vinblastine (sulfate),"[('Vinblastine (sulfate)', 0.05, 'uM')]",S,-0.11446217498170753,1354,2226,Microtubule inhibitor
HCT15,plate4,Vinblastine (sulfate),"[('Vinblastine (sulfate)', 0.05, 'uM')]",G2M,-0.055348648955165544,1354,2226,Microtubule inhibitor
HCT15,plate5,Docetaxel,"[('Docetaxel', 0.5, 'uM')]",G1,0.019587294601327375,932,2340,Microtubule inhibitor
HCT15,plate5,Docetaxel,"[('Docetaxel', 0.5, 'uM')]",S,-0.13950389526277412,932,2340,Microtubule inhibitor
HCT15,plate5,Docetaxel,"[('Docetaxel', 0.5, 'uM')]",G2M,0.0504424734717537,932,2340,Microtubule inhibitor
HCT15,plate5,Tucidinostat,"[('Tucidinostat', 0.5, 'uM')]",G1,0.47005932790272514,574,2340,HDAC inhibitor
HCT15,plate5,Tucidinostat,"[('Tucidinostat', 0.5, 'uM')]",S,0.04228560142500955,574,2340,HDAC inhibitor
HCT15,plate5,Tucidinostat,"[('Tucidinostat', 0.5, 'uM')]",G2M,-0.4775036753514196,574,2340,HDAC inhibitor
HCT15,plate5,Vinblastine (sulfate),"[('Vinblastine (sulfate)', 0.5, 'uM')]",G1,0.7437307997492596,505,2340,Microtubule inhibitor
HCT15,plate5,Vinblastine (sulfate),"[('Vinblastine (sulfate)', 0.5, 'uM')]",S,0.15749969257146115,505,2340,Microtubule inhibitor
HCT15,plate5,Vinblastine (sulfate),"[('Vinblastine (sulfate)', 0.5, 'uM')]",G2M,-0.8318096447020552,505,2340,Microtubule inhibitor
HCT15,plate6,Docetaxel,"[('Docetaxel', 5.0, 'uM')]",G1,0.025723473074554783,827,3410,Microtubule inhibitor
HCT15,plate6,Docetaxel,"[('Docetaxel', 5.0, 'uM')]",S,-0.036510700511637184,827,3410,Microtubule inhibitor
HCT15,plate6,Docetaxel,"[('Docetaxel', 5.0, 'uM')]",G2M,-0.006433940951722174,827,3410,Microtubule inhibitor
HCT15,plate6,Tucidinostat,"[('Tucidinostat', 5.0, 'uM')]",G1,0.932891526526335,1110,3410,HDAC inhibitor
HCT15,plate6,Tucidinostat,"[('Tucidinostat', 5.0, 'uM')]",S,-0.3154885649058022,1110,3410,HDAC inhibitor
HCT15,plate6,Tucidinostat,"[('Tucidinostat', 5.0, 'uM')]",G2M,-0.8683250346116025,1110,3410,HDAC inhibitor
HCT15,plate6,Vinblastine (sulfate),"[('Vinblastine (sulfate)', 5.0, 'uM')]",G1,0.8743414499702906,1061,3410,Microtubule inhibitor
HCT15,plate6,Vinblastine (sulfate),"[('Vinblastine (sulfate)', 5.0, 'uM')]",S,-0.39715295902578823,1061,3410,Microtubule inhibitor
HCT15,plate6,Vinblastine (sulfate),"[('Vinblastine (sulfate)', 5.0, 'uM')]",G2M,-0.7633298076770226,1061,3410,Microtubule inhibitor
HCT15,plate7,Dinaciclib,"[('Dinaciclib', 0.05, 'uM')]",G1,-1.1038494262264715,102,1132,CDK inhibitor
HCT15,plate7,Dinaciclib,"[('Dinaciclib', 0.05, 'uM')]",S,-0.36489256450902274,102,1132,CDK inhibitor
HCT15,plate7,Dinaciclib,"[('Dinaciclib', 0.05, 'uM')]",G2M,1.1888621597906712,102,1132,CDK inhibitor
HCT15,plate7,Docetaxel (Trihydrate),"[('Docetaxel (Trihydrate)', 0.05, 'uM')]",G1,-0.5113841911766063,731,1132,Microtubule inhibitor
HCT15,plate7,Docetaxel (Trihydrate),"[('Docetaxel (Trihydrate)', 0.05, 'uM')]",S,-0.06956539358845507,731,1132,Microtubule inhibitor
HCT15,plate7,Docetaxel (Trihydrate),"[('Docetaxel (Trihydrate)', 0.05, 'uM')]",G2M,0.5223257703836119,731,1132,Microtubule inhibitor
HCT15,plate7,Mebendazole,"[('Mebendazole', 0.05, 'uM')]",G1,0.10638698449038035,667,1132,Microtubule inhibitor
HCT15,plate7,Mebendazole,"[('Mebendazole', 0.05, 'uM')]",S,-0.5537058879900197,667,1132,Microtubule inhibitor
HCT15,plate7,Mebendazole,"[('Mebendazole', 0.05, 'uM')]",G2M,0.1113215849586214,667,1132,Microtubule inhibitor
HCT15,plate8,Dinaciclib,"[('Dinaciclib', 0.5, 'uM')]",G1,-1.504723565564716,129,3623,CDK inhibitor
HCT15,plate8,Dinaciclib,"[('Dinaciclib', 0.5, 'uM')]",S,1.100851008824393,129,3623,CDK inhibitor
HCT15,plate8,Dinaciclib,"[('Dinaciclib', 0.5, 'uM')]",G2M,1.0900028596191822,129,3623,CDK inhibitor
HCT15,plate8,Docetaxel (Trihydrate),"[('Docetaxel (Trihydrate)', 0.5, 'uM')]",G1,-0.3232025563989859,1143,3623,Microtubule inhibitor
HCT15,plate8,Docetaxel (Trihydrate),"[('Docetaxel (Trihydrate)', 0.5, 'uM')]",S,-0.4924176368932054,1143,3623,Microtubule inhibitor
HCT15,plate8,Docetaxel (Trihydrate),"[('Docetaxel (Trihydrate)', 0.5, 'uM')]",G2M,0.498939037688772,1143,3623,Microtubule inhibitor
HCT15,plate8,Mebendazole,"[('Mebendazole', 0.5, 'uM')]",G1,-0.3811705220971472,1109,3623,Microtubule inhibitor
HCT15,plate8,Mebendazole,"[('Mebendazole', 0.5, 'uM')]",S,-0.26010834768812663,1109,3623,Microtubule inhibitor
HCT15,plate8,Mebendazole,"[('Mebendazole', 0.5, 'uM')]",G2M,0.4986257998780883,1109,3623,Microtubule inhibitor
HCT15,plate9,Dinaciclib,"[('Dinaciclib', 5.0, 'uM')]",G1,-1.9930563696575125,71,1544,CDK inhibitor
HCT15,plate9,Dinaciclib,"[('Dinaciclib', 5.0, 'uM')]",S,0.2744820614018146,71,1544,CDK inhibitor
HCT15,plate9,Dinaciclib,"[('Dinaciclib', 5.0, 'uM')]",G2M,1.6366431747063543,71,1544,CDK inhibitor
HCT15,plate9,Docetaxel (Trihydrate),"[('Docetaxel (Trihydrate)', 5.0, 'uM')]",G1,0.17183478111940848,1141,1544,Microtubule inhibitor
HCT15,plate9,Docetaxel (Trihydrate),"[('Docetaxel (Trihydrate)', 5.0, 'uM')]",S,-0.6834261773366561,1141,1544,Microtubule inhibitor
HCT15,plate9,Docetaxel (Trihydrate),"[('Docetaxel (Trihydrate)', 5.0, 'uM')]",G2M,0.01111220523318849,1141,1544,Microtubule inhibitor
HCT15,plate9,Mebendazole,"[('Mebendazole', 5.0, 'uM')]",G1,-0.1581475941776098,1782,1544,Microtubule inhibitor
HCT15,plate9,Mebendazole,"[('Mebendazole', 5.0, 'uM')]",S,-0.20220378149577684,1782,1544,Microtubule inhibitor
HCT15,plate9,Mebendazole,"[('Mebendazole', 5.0, 'uM')]",G2M,0.21472587274455654,1782,1544,Microtubule inhibitor
HEC-1-A,plate1,Paclitaxel,"[('Paclitaxel', 0.05, 'uM')]",G1,0.4174870262016792,2608,5865,Microtubule inhibitor
HEC-1-A,plate1,Paclitaxel,"[('Paclitaxel', 0.05, 'uM')]",S,-0.13815841881442134,2608,5865,Microtubule inhibitor
HEC-1-A,plate1,Paclitaxel,"[('Paclitaxel', 0.05, 'uM')]",G2M,-0.22312632285025705,2608,5865,Microtubule inhibitor
HEC-1-A,plate1,Tubulin inhibitor 6,"[('Tubulin inhibitor 6', 0.05, 'uM')]",G1,-0.008459832509938458,2033,5865,Microtubule inhibitor
HEC-1-A,plate1,Tubulin inhibitor 6,"[('Tubulin inhibitor 6', 0.05, 'uM')]",S,-0.2271553442000053,2033,5865,Microtubule inhibitor
HEC-1-A,plate1,Tubulin inhibitor 6,"[('Tubulin inhibitor 6', 0.05, 'uM')]",G2M,0.1679912874347602,2033,5865,Microtubule inhibitor
HEC-1-A,plate1,palbociclib,"[('palbociclib', 0.05, 'uM')]",G1,0.42695278883831794,1514,5865,CDK inhibitor
HEC-1-A,plate1,palbociclib,"[('palbociclib', 0.05, 'uM')]",S,-0.3823264556687129,1514,5865,CDK inhibitor
HEC-1-A,plate1,palbociclib,"[('palbociclib', 0.05, 'uM')]",G2M,-0.06764409265389411,1514,5865,CDK inhibitor
HEC-1-A,plate1,vincristine,"[('vincristine', 0.05, 'uM')]",G1,-0.32862338393004153,2130,5865,Microtubule inhibitor
HEC-1-A,plate1,vincristine,"[('vincristine', 0.05, 'uM')]",S,-0.09338555204756906,2130,5865,Microtubule inhibitor
HEC-1-A,plate1,vincristine,"[('vincristine', 0.05, 'uM')]",G2M,0.293098724461155,2130,5865,Microtubule inhibitor
HEC-1-A,plate10,Belinostat,"[('Belinostat', 0.05, 'uM')]",G1,-0.4002862758544584,1375,3843,HDAC inhibitor
HEC-1-A,plate10,Belinostat,"[('Belinostat', 0.05, 'uM')]",S,-0.3000097968871592,1375,3843,HDAC inhibitor
HEC-1-A,plate10,Belinostat,"[('Belinostat', 0.05, 'uM')]",G2M,0.5305924227167159,1375,3843,HDAC inhibitor
HEC-1-A,plate10,Carbamazepine,"[('Carbamazepine', 0.05, 'uM')]",G1,-0.04059000578894416,1262,3843,HDAC inhibitor
HEC-1-A,plate10,Carbamazepine,"[('Carbamazepine', 0.05, 'uM')]",S,-0.2894809118173464,1262,3843,HDAC inhibitor
HEC-1-A,plate10,Carbamazepine,"[('Carbamazepine', 0.05, 'uM')]",G2M,0.1601609256675053,1262,3843,HDAC inhibitor
HEC-1-A,plate10,Panobinostat,"[('Panobinostat', 0.05, 'uM')]",G1,0.1653880337982325,1907,3843,HDAC inhibitor
HEC-1-A,plate10,Panobinostat,"[('Panobinostat', 0.05, 'uM')]",S,-1.2263065118579775,1907,3843,HDAC inhibitor
HEC-1-A,plate10,Panobinostat,"[('Panobinostat', 0.05, 'uM')]",G2M,0.20716334486352597,1907,3843,HDAC inhibitor
HEC-1-A,plate11,Belinostat,"[('Belinostat', 0.5, 'uM')]",G1,-0.6098468652745587,703,3836,HDAC inhibitor
HEC-1-A,plate11,Belinostat,"[('Belinostat', 0.5, 'uM')]",S,-0.17205184233123122,703,3836,HDAC inhibitor
HEC-1-A,plate11,Belinostat,"[('Belinostat', 0.5, 'uM')]",G2M,0.6063587517676932,703,3836,HDAC inhibitor
HEC-1-A,plate11,Carbamazepine,"[('Carbamazepine', 0.5, 'uM')]",G1,-0.2457702959402268,1213,3836,HDAC inhibitor
HEC-1-A,plate11,Carbamazepine,"[('Carbamazepine', 0.5, 'uM')]",S,0.03948195486607072,1213,3836,HDAC inhibitor
HEC-1-A,plate11,Carbamazepine,"[('Carbamazepine', 0.5, 'uM')]",G2M,0.19223915269030156,1213,3836,HDAC inhibitor
HEC-1-A,plate11,Panobinostat,"[('Panobinostat', 0.5, 'uM')]",G1,-0.7641727382746438,1646,3836,HDAC inhibitor
HEC-1-A,plate11,Panobinostat,"[('Panobinostat', 0.5, 'uM')]",S,-0.09509717291993469,1646,3836,HDAC inhibitor
HEC-1-A,plate11,Panobinostat,"[('Panobinostat', 0.5, 'uM')]",G2M,0.678630249596693,1646,3836,HDAC inhibitor
HEC-1-A,plate12,Belinostat,"[('Belinostat', 5.0, 'uM')]",G1,-1.0184909917802063,1913,2988,HDAC inhibitor
HEC-1-A,plate12,Belinostat,"[('Belinostat', 5.0, 'uM')]",S,-0.24538233531928078,1913,2988,HDAC inhibitor
HEC-1-A,plate12,Belinostat,"[('Belinostat', 5.0, 'uM')]",G2M,0.9136304202763972,1913,2988,HDAC inhibitor
HEC-1-A,plate12,Carbamazepine,"[('Carbamazepine', 5.0, 'uM')]",G1,-0.31488399456043104,866,2988,HDAC inhibitor
HEC-1-A,plate12,Carbamazepine,"[('Carbamazepine', 5.0, 'uM')]",S,0.11315314816061163,866,2988,HDAC inhibitor
HEC-1-A,plate12,Carbamazepine,"[('Carbamazepine', 5.0, 'uM')]",G2M,0.18931355064208524,866,2988,HDAC inhibitor
HEC-1-A,plate12,Panobinostat,"[('Panobinostat', 5.0, 'uM')]",G1,-1.0236347358688445,1697,2988,HDAC inhibitor
HEC-1-A,plate12,Panobinostat,"[('Panobinostat', 5.0, 'uM')]",S,-0.45951133327805,1697,2988,HDAC inhibitor
HEC-1-A,plate12,Panobinostat,"[('Panobinostat', 5.0, 'uM')]",G2M,1.0423034219982128,1697,2988,HDAC inhibitor
HEC-1-A,plate13,Abemaciclib,"[('Abemaciclib', 0.05, 'uM')]",G1,-1.0715631755373434,1757,2108,CDK inhibitor
HEC-1-A,plate13,Abemaciclib,"[('Abemaciclib', 0.05, 'uM')]",S,1.1618893537785002,1757,2108,CDK inhibitor
HEC-1-A,plate13,Abemaciclib,"[('Abemaciclib', 0.05, 'uM')]",G2M,0.351230211387466,1757,2108,CDK inhibitor
HEC-1-A,plate13,Ribociclib,"[('Ribociclib', 0.05, 'uM')]",G1,0.1284232907933313,1907,2108,CDK inhibitor
HEC-1-A,plate13,Ribociclib,"[('Ribociclib', 0.05, 'uM')]",S,0.09009206944682618,1907,2108,CDK inhibitor
HEC-1-A,plate13,Ribociclib,"[('Ribociclib', 0.05, 'uM')]",G2M,-0.17279552355886432,1907,2108,CDK inhibitor
HEC-1-A,plate13,Ribociclib,"[('Ribociclib', 0.5, 'uM')]",G1,0.06578897983677899,1755,2108,CDK inhibitor
HEC-1-A,plate13,Ribociclib,"[('Ribociclib', 0.5, 'uM')]",S,0.08193549596603232,1755,2108,CDK inhibitor
HEC-1-A,plate13,Ribociclib,"[('Ribociclib', 0.5, 'uM')]",G2M,-0.10350735483535173,1755,2108,CDK inhibitor
HEC-1-A,plate13,Ribociclib,"[('Ribociclib', 5.0, 'uM')]",G1,0.16964197453585553,2248,2108,CDK inhibitor
HEC-1-A,plate13,Ribociclib,"[('Ribociclib', 5.0, 'uM')]",S,0.08746340479263338,2248,2108,CDK inhibitor
HEC-1-A,plate13,Ribociclib,"[('Ribociclib', 5.0, 'uM')]",G2M,-0.215305739840627,2248,2108,CDK inhibitor
HEC-1-A,plate14,Docetaxel,"[('Docetaxel', 5.0, 'uM')]",G1,-0.4978043943975257,3452,3351,Microtubule inhibitor
HEC-1-A,plate14,Docetaxel,"[('Docetaxel', 5.0, 'uM')]",S,-0.2329110276002096,3452,3351,Microtubule inhibitor
HEC-1-A,plate14,Docetaxel,"[('Docetaxel', 5.0, 'uM')]",G2M,0.4970256229444008,3452,3351,Microtubule inhibitor
HEC-1-A,plate14,Tucidinostat,"[('Tucidinostat', 5.0, 'uM')]",G1,-0.022898719299902275,2691,3351,HDAC inhibitor
HEC-1-A,plate14,Tucidinostat,"[('Tucidinostat', 5.0, 'uM')]",S,-0.25502124588228964,2691,3351,HDAC inhibitor
HEC-1-A,plate14,Tucidinostat,"[('Tucidinostat', 5.0, 'uM')]",G2M,0.22914901461057982,2691,3351,HDAC inhibitor
HEC-1-A,plate14,Vinblastine (sulfate),"[('Vinblastine (sulfate)', 5.0, 'uM')]",G1,0.18518324988196283,2862,3351,Microtubule inhibitor
HEC-1-A,plate14,Vinblastine (sulfate),"[('Vinblastine (sulfate)', 5.0, 'uM')]",S,-0.34347360723308806,2862,3351,Microtubule inhibitor
HEC-1-A,plate14,Vinblastine (sulfate),"[('Vinblastine (sulfate)', 5.0, 'uM')]",G2M,0.15595115284105632,2862,3351,Microtubule inhibitor
HEC-1-A,plate2,Abemaciclib,"[('Abemaciclib', 0.5, 'uM')]",G1,0.23004799751419186,3455,8055,CDK inhibitor
HEC-1-A,plate2,Abemaciclib,"[('Abemaciclib', 0.5, 'uM')]",S,-0.35265968347445825,3455,8055,CDK inhibitor
HEC-1-A,plate2,Abemaciclib,"[('Abemaciclib', 0.5, 'uM')]",G2M,0.14777701849620317,3455,8055,CDK inhibitor
HEC-1-A,plate2,Paclitaxel,"[('Paclitaxel', 0.5, 'uM')]",G1,0.44507422347922954,5725,8055,Microtubule inhibitor
HEC-1-A,plate2,Paclitaxel,"[('Paclitaxel', 0.5, 'uM')]",S,-0.7827790859166022,5725,8055,Microtubule inhibitor
HEC-1-A,plate2,Paclitaxel,"[('Paclitaxel', 0.5, 'uM')]",G2M,0.3202697811658753,5725,8055,Microtubule inhibitor
HEC-1-A,plate2,Tubulin inhibitor 6,"[('Tubulin inhibitor 6', 0.5, 'uM')]",G1,0.24017088368882883,4511,8055,Microtubule inhibitor
HEC-1-A,plate2,Tubulin inhibitor 6,"[('Tubulin inhibitor 6', 0.5, 'uM')]",S,-0.22248217649423094,4511,8055,Microtubule inhibitor
HEC-1-A,plate2,Tubulin inhibitor 6,"[('Tubulin inhibitor 6', 0.5, 'uM')]",G2M,0.027315381420605987,4511,8055,Microtubule inhibitor
HEC-1-A,plate2,palbociclib,"[('palbociclib', 0.5, 'uM')]",G1,1.4261614949044827,3307,8055,CDK inhibitor
HEC-1-A,plate2,palbociclib,"[('palbociclib', 0.5, 'uM')]",S,-1.2233461644345827,3307,8055,CDK inhibitor
HEC-1-A,plate2,palbociclib,"[('palbociclib', 0.5, 'uM')]",G2M,-0.2814661012198099,3307,8055,CDK inhibitor
HEC-1-A,plate2,vincristine,"[('vincristine', 0.5, 'uM')]",G1,-0.7729337464982862,1153,8055,Microtubule inhibitor
HEC-1-A,plate2,vincristine,"[('vincristine', 0.5, 'uM')]",S,-0.4366991342428596,1153,8055,Microtubule inhibitor
HEC-1-A,plate2,vincristine,"[('vincristine', 0.5, 'uM')]",G2M,0.8370608360374044,1153,8055,Microtubule inhibitor
HEC-1-A,plate3,Abemaciclib,"[('Abemaciclib', 5.0, 'uM')]",G1,0.18622073899196823,1936,2448,CDK inhibitor
HEC-1-A,plate3,Abemaciclib,"[('Abemaciclib', 5.0, 'uM')]",S,0.05013542529564571,1936,2448,CDK inhibitor
HEC-1-A,plate3,Abemaciclib,"[('Abemaciclib', 5.0, 'uM')]",G2M,-0.17561855173131213,1936,2448,CDK inhibitor
HEC-1-A,plate3,Paclitaxel,"[('Paclitaxel', 5.0, 'uM')]",G1,-0.09622865568455734,4044,2448,Microtubule inhibitor
HEC-1-A,plate3,Paclitaxel,"[('Paclitaxel', 5.0, 'uM')]",S,-0.04116374686553359,4044,2448,Microtubule inhibitor
HEC-1-A,plate3,Paclitaxel,"[('Paclitaxel', 5.0, 'uM')]",G2M,0.0980332676502496,4044,2448,Microtubule inhibitor
HEC-1-A,plate3,Tubulin inhibitor 6,"[('Tubulin inhibitor 6', 5.0, 'uM')]",G1,-0.10927802941793763,929,2448,Microtubule inhibitor
HEC-1-A,plate3,Tubulin inhibitor 6,"[('Tubulin inhibitor 6', 5.0, 'uM')]",S,-0.0911674400516765,929,2448,Microtubule inhibitor
HEC-1-A,plate3,Tubulin inhibitor 6,"[('Tubulin inhibitor 6', 5.0, 'uM')]",G2M,0.14574880595356945,929,2448,Microtubule inhibitor
HEC-1-A,plate3,palbociclib,"[('palbociclib', 5.0, 'uM')]",G1,1.591758721673358,1070,2448,CDK inhibitor
HEC-1-A,plate3,palbociclib,"[('palbociclib', 5.0, 'uM')]",S,-1.9446962395283505,1070,2448,CDK inhibitor
HEC-1-A,plate3,palbociclib,"[('palbociclib', 5.0, 'uM')]",G2M,-0.46054062436157417,1070,2448,CDK inhibitor
HEC-1-A,plate3,vincristine,"[('vincristine', 5.0, 'uM')]",G1,-1.0750413920653428,748,2448,Microtubule inhibitor
HEC-1-A,plate3,vincristine,"[('vincristine', 5.0, 'uM')]",S,-0.4142559158916958,748,2448,Microtubule inhibitor
HEC-1-A,plate3,vincristine,"[('vincristine', 5.0, 'uM')]",G2M,0.9552445431256099,748,2448,Microtubule inhibitor
HEC-1-A,plate4,Docetaxel,"[('Docetaxel', 0.05, 'uM')]",G1,-0.5124965175944823,617,4468,Microtubule inhibitor
HEC-1-A,plate4,Docetaxel,"[('Docetaxel', 0.05, 'uM')]",S,-0.5954982388416514,617,4468,Microtubule inhibitor
HEC-1-A,plate4,Docetaxel,"[('Docetaxel', 0.05, 'uM')]",G2M,0.7421256063549683,617,4468,Microtubule inhibitor
HEC-1-A,plate4,Tucidinostat,"[('Tucidinostat', 0.05, 'uM')]",G1,0.12924198267133133,2471,4468,HDAC inhibitor
HEC-1-A,plate4,Tucidinostat,"[('Tucidinostat', 0.05, 'uM')]",S,0.18269728938717197,2471,4468,HDAC inhibitor
HEC-1-A,plate4,Tucidinostat,"[('Tucidinostat', 0.05, 'uM')]",G2M,-0.2273191242607545,2471,4468,HDAC inhibitor
HEC-1-A,plate4,Vinblastine (sulfate),"[('Vinblastine (sulfate)', 0.05, 'uM')]",G1,-0.7502036338774516,2877,4468,Microtubule inhibitor
HEC-1-A,plate4,Vinblastine (sulfate),"[('Vinblastine (sulfate)', 0.05, 'uM')]",S,0.0077437436741481114,2877,4468,Microtubule inhibitor
HEC-1-A,plate4,Vinblastine (sulfate),"[('Vinblastine (sulfate)', 0.05, 'uM')]",G2M,0.49121833201511067,2877,4468,Microtubule inhibitor
HEC-1-A,plate5,Docetaxel,"[('Docetaxel', 0.5, 'uM')]",G1,-0.6273169140076015,2265,4609,Microtubule inhibitor
HEC-1-A,plate5,Docetaxel,"[('Docetaxel', 0.5, 'uM')]",S,-0.8723322577436463,2265,4609,Microtubule inhibitor
HEC-1-A,plate5,Docetaxel,"[('Docetaxel', 0.5, 'uM')]",G2M,0.9693332937627781,2265,4609,Microtubule inhibitor
HEC-1-A,plate5,Tucidinostat,"[('Tucidinostat', 0.5, 'uM')]",G1,0.4744666052345609,1635,4609,HDAC inhibitor
HEC-1-A,plate5,Tucidinostat,"[('Tucidinostat', 0.5, 'uM')]",S,-0.9516740355993992,1635,4609,HDAC inhibitor
HEC-1-A,plate5,Tucidinostat,"[('Tucidinostat', 0.5, 'uM')]",G2M,0.35419839106668916,1635,4609,HDAC inhibitor
HEC-1-A,plate5,Vinblastine (sulfate),"[('Vinblastine (sulfate)', 0.5, 'uM')]",G1,0.05375772947025323,989,4609,Microtubule inhibitor
HEC-1-A,plate5,Vinblastine (sulfate),"[('Vinblastine (sulfate)', 0.5, 'uM')]",S,-0.45501059871292404,989,4609,Microtubule inhibitor
HEC-1-A,plate5,Vinblastine (sulfate),"[('Vinblastine (sulfate)', 0.5, 'uM')]",G2M,0.3135321282175237,989,4609,Microtubule inhibitor
HEC-1-A,plate6,Docetaxel,"[('Docetaxel', 5.0, 'uM')]",G1,-0.16812166522783942,1588,5275,Microtubule inhibitor
HEC-1-A,plate6,Docetaxel,"[('Docetaxel', 5.0, 'uM')]",S,-0.42856319547615307,1588,5275,Microtubule inhibitor
HEC-1-A,plate6,Docetaxel,"[('Docetaxel', 5.0, 'uM')]",G2M,0.4227328180217154,1588,5275,Microtubule inhibitor
HEC-1-A,plate6,Tucidinostat,"[('Tucidinostat', 5.0, 'uM')]",G1,0.8552642109327778,2226,5275,HDAC inhibitor
HEC-1-A,plate6,Tucidinostat,"[('Tucidinostat', 5.0, 'uM')]",S,-1.0445259748633888,2226,5275,HDAC inhibitor
HEC-1-A,plate6,Tucidinostat,"[('Tucidinostat', 5.0, 'uM')]",G2M,0.09705090615061397,2226,5275,HDAC inhibitor
HEC-1-A,plate6,Vinblastine (sulfate),"[('Vinblastine (sulfate)', 5.0, 'uM')]",G1,0.17285661620898862,1553,5275,Microtubule inhibitor
HEC-1-A,plate6,Vinblastine (sulfate),"[('Vinblastine (sulfate)', 5.0, 'uM')]",S,-0.2918240415586552,1553,5275,Microtubule inhibitor
HEC-1-A,plate6,Vinblastine (sulfate),"[('Vinblastine (sulfate)', 5.0, 'uM')]",G2M,0.11974815356309183,1553,5275,Microtubule inhibitor
HEC-1-A,plate7,Dinaciclib,"[('Dinaciclib', 0.05, 'uM')]",G1,-0.5444348994640822,223,1578,CDK inhibitor
HEC-1-A,plate7,Dinaciclib,"[('Dinaciclib', 0.05, 'uM')]",S,-1.3038978648642139,223,1578,CDK inhibitor
HEC-1-A,plate7,Dinaciclib,"[('Dinaciclib', 0.05, 'uM')]",G2M,1.1002206998017428,223,1578,CDK inhibitor
HEC-1-A,plate7,Docetaxel (Trihydrate),"[('Docetaxel (Trihydrate)', 0.05, 'uM')]",G1,0.07989715468260968,907,1578,Microtubule inhibitor
HEC-1-A,plate7,Docetaxel (Trihydrate),"[('Docetaxel (Trihydrate)', 0.05, 'uM')]",S,-0.6329682730852594,907,1578,Microtubule inhibitor
HEC-1-A,plate7,Docetaxel (Trihydrate),"[('Docetaxel (Trihydrate)', 0.05, 'uM')]",G2M,0.30206201623763346,907,1578,Microtubule inhibitor
HEC-1-A,plate7,Mebendazole,"[('Mebendazole', 0.05, 'uM')]",G1,0.11945410719929238,1155,1578,Microtubule inhibitor
HEC-1-A,plate7,Mebendazole,"[('Mebendazole', 0.05, 'uM')]",S,-0.41725752247819,1155,1578,Microtubule inhibitor
HEC-1-A,plate7,Mebendazole,"[('Mebendazole', 0.05, 'uM')]",G2M,0.15735645013018904,1155,1578,Microtubule inhibitor
HEC-1-A,plate8,Dinaciclib,"[('Dinaciclib', 0.5, 'uM')]",G1,-0.3788629734316481,577,3696,CDK inhibitor
HEC-1-A,plate8,Dinaciclib,"[('Dinaciclib', 0.5, 'uM')]",S,-0.33510986539189136,577,3696,CDK inhibitor
HEC-1-A,plate8,Dinaciclib,"[('Dinaciclib', 0.5, 'uM')]",G2M,0.5567568872886847,577,3696,CDK inhibitor
HEC-1-A,plate8,Docetaxel (Trihydrate),"[('Docetaxel (Trihydrate)', 0.5, 'uM')]",G1,-0.3382575118613441,1346,3696,Microtubule inhibitor
HEC-1-A,plate8,Docetaxel (Trihydrate),"[('Docetaxel (Trihydrate)', 0.5, 'uM')]",S,-0.5073442676581246,1346,3696,Microtubule inhibitor
HEC-1-A,plate8,Docetaxel (Trihydrate),"[('Docetaxel (Trihydrate)', 0.5, 'uM')]",G2M,0.5744903244098561,1346,3696,Microtubule inhibitor
HEC-1-A,plate8,Mebendazole,"[('Mebendazole', 0.5, 'uM')]",G1,-0.18173515715526237,1407,3696,Microtubule inhibitor
HEC-1-A,plate8,Mebendazole,"[('Mebendazole', 0.5, 'uM')]",S,-0.5274673327321774,1407,3696,Microtubule inhibitor
HEC-1-A,plate8,Mebendazole,"[('Mebendazole', 0.5, 'uM')]",G2M,0.41911032056224895,1407,3696,Microtubule inhibitor
HEC-1-A,plate9,Dinaciclib,"[('Dinaciclib', 5.0, 'uM')]",G1,-1.0042070793034774,153,2213,CDK inhibitor
HEC-1-A,plate9,Dinaciclib,"[('Dinaciclib', 5.0, 'uM')]",S,0.3596280426633268,153,2213,CDK inhibitor
HEC-1-A,plate9,Dinaciclib,"[('Dinaciclib', 5.0, 'uM')]",G2M,0.5415044931478004,153,2213,CDK inhibitor
HEC-1-A,plate9,Docetaxel (Trihydrate),"[('Docetaxel (Trihydrate)', 5.0, 'uM')]",G1,-0.012409173687844619,1351,2213,Microtubule inhibitor
HEC-1-A,plate9,Docetaxel (Trihydrate),"[('Docetaxel (Trihydrate)', 5.0, 'uM')]",S,-0.021391073821157854,1351,2213,Microtubule inhibitor
HEC-1-A,plate9,Docetaxel (Trihydrate),"[('Docetaxel (Trihydrate)', 5.0, 'uM')]",G2M,0.020998881095829862,1351,2213,Microtubule inhibitor
HEC-1-A,plate9,Mebendazole,"[('Mebendazole', 5.0, 'uM')]",G1,0.11025889954835559,2653,2213,Microtubule inhibitor
HEC-1-A,plate9,Mebendazole,"[('Mebendazole', 5.0, 'uM')]",S,-0.10237271911073001,2653,2213,Microtubule inhibitor
HEC-1-A,plate9,Mebendazole,"[('Mebendazole', 5.0, 'uM')]",G2M,-0.044952452061407695,2653,2213,Microtubule inhibitor
HOP62,plate1,Paclitaxel,"[('Paclitaxel', 0.05, 'uM')]",G1,0.7253445478348374,2304,4707,Microtubule inhibitor
HOP62,plate1,Paclitaxel,"[('Paclitaxel', 0.05, 'uM')]",S,-0.6117871399267196,2304,4707,Microtubule inhibitor
HOP62,plate1,Paclitaxel,"[('Paclitaxel', 0.05, 'uM')]",G2M,-0.6120694599232748,2304,4707,Microtubule inhibitor
HOP62,plate1,Tubulin inhibitor 6,"[('Tubulin inhibitor 6', 0.05, 'uM')]",G1,0.12056402387606038,1445,4707,Microtubule inhibitor
HOP62,plate1,Tubulin inhibitor 6,"[('Tubulin inhibitor 6', 0.05, 'uM')]",S,0.06399279633550588,1445,4707,Microtubule inhibitor
HOP62,plate1,Tubulin inhibitor 6,"[('Tubulin inhibitor 6', 0.05, 'uM')]",G2M,-0.1517995380638032,1445,4707,Microtubule inhibitor
HOP62,plate1,palbociclib,"[('palbociclib', 0.05, 'uM')]",G1,0.531697735966326,1272,4707,CDK inhibitor
HOP62,plate1,palbociclib,"[('palbociclib', 0.05, 'uM')]",S,-0.11320264901205723,1272,4707,CDK inhibitor
HOP62,plate1,palbociclib,"[('palbociclib', 0.05, 'uM')]",G2M,-0.5492768137777604,1272,4707,CDK inhibitor
HOP62,plate1,vincristine,"[('vincristine', 0.05, 'uM')]",G1,-0.03868682688608582,1557,4707,Microtubule inhibitor
HOP62,plate1,vincristine,"[('vincristine', 0.05, 'uM')]",S,0.06633361420978942,1557,4707,Microtubule inhibitor
HOP62,plate1,vincristine,"[('vincristine', 0.05, 'uM')]",G2M,0.020265741383869797,1557,4707,Microtubule inhibitor
HOP62,plate10,Belinostat,"[('Belinostat', 0.05, 'uM')]",G1,-0.4691026354926781,2657,7323,HDAC inhibitor
HOP62,plate10,Belinostat,"[('Belinostat', 0.05, 'uM')]",S,-0.4906985692330379,2657,7323,HDAC inhibitor
HOP62,plate10,Belinostat,"[('Belinostat', 0.05, 'uM')]",G2M,0.5594162798608604,2657,7323,HDAC inhibitor
HOP62,plate10,Carbamazepine,"[('Carbamazepine', 0.05, 'uM')]",G1,-0.3739325502191744,2335,7323,HDAC inhibitor
HOP62,plate10,Carbamazepine,"[('Carbamazepine', 0.05, 'uM')]",S,-0.3230574395489079,2335,7323,HDAC inhibitor
HOP62,plate10,Carbamazepine,"[('Carbamazepine', 0.05, 'uM')]",G2M,0.44229564994470383,2335,7323,HDAC inhibitor
HOP62,plate10,Panobinostat,"[('Panobinostat', 0.05, 'uM')]",G1,-0.39088555533167557,3477,7323,HDAC inhibitor
HOP62,plate10,Panobinostat,"[('Panobinostat', 0.05, 'uM')]",S,-1.194161879944536,3477,7323,HDAC inhibitor
HOP62,plate10,Panobinostat,"[('Panobinostat', 0.05, 'uM')]",G2M,0.53749973266274,3477,7323,HDAC inhibitor
HOP62,plate11,Belinostat,"[('Belinostat', 0.5, 'uM')]",G1,-0.6445182754169627,1516,6882,HDAC inhibitor
HOP62,plate11,Belinostat,"[('Belinostat', 0.5, 'uM')]",S,0.29847843466831436,1516,6882,HDAC inhibitor
HOP62,plate11,Belinostat,"[('Belinostat', 0.5, 'uM')]",G2M,0.5874358325716711,1516,6882,HDAC inhibitor
HOP62,plate11,Carbamazepine,"[('Carbamazepine', 0.5, 'uM')]",G1,-0.19463610051044175,1978,6882,HDAC inhibitor
HOP62,plate11,Carbamazepine,"[('Carbamazepine', 0.5, 'uM')]",S,0.14649928459729117,1978,6882,HDAC inhibitor
HOP62,plate11,Carbamazepine,"[('Carbamazepine', 0.5, 'uM')]",G2M,0.1683068028882666,1978,6882,HDAC inhibitor
HOP62,plate11,Panobinostat,"[('Panobinostat', 0.5, 'uM')]",G1,-0.8427538531655163,3172,6882,HDAC inhibitor
HOP62,plate11,Panobinostat,"[('Panobinostat', 0.5, 'uM')]",S,1.3571947855308288,3172,6882,HDAC inhibitor
HOP62,plate11,Panobinostat,"[('Panobinostat', 0.5, 'uM')]",G2M,0.3918801221168646,3172,6882,HDAC inhibitor
HOP62,plate12,Belinostat,"[('Belinostat', 5.0, 'uM')]",G1,-1.3513087943114688,3665,5498,HDAC inhibitor
HOP62,plate12,Belinostat,"[('Belinostat', 5.0, 'uM')]",S,0.9742712041082614,3665,5498,HDAC inhibitor
HOP62,plate12,Belinostat,"[('Belinostat', 5.0, 'uM')]",G2M,1.0549319910123658,3665,5498,HDAC inhibitor
HOP62,plate12,Carbamazepine,"[('Carbamazepine', 5.0, 'uM')]",G1,0.12397116833280548,2127,5498,HDAC inhibitor
HOP62,plate12,Carbamazepine,"[('Carbamazepine', 5.0, 'uM')]",S,0.27778821774660767,2127,5498,HDAC inhibitor
HOP62,plate12,Carbamazepine,"[('Carbamazepine', 5.0, 'uM')]",G2M,-0.21630841857684158,2127,5498,HDAC inhibitor
HOP62,plate12,Panobinostat,"[('Panobinostat', 5.0, 'uM')]",G1,-1.0348495461669671,2244,5498,HDAC inhibitor
HOP62,plate12,Panobinostat,"[('Panobinostat', 5.0, 'uM')]",S,1.1243336789014127,2244,5498,HDAC inhibitor
HOP62,plate12,Panobinostat,"[('Panobinostat', 5.0, 'uM')]",G2M,0.6871975482167509,2244,5498,HDAC inhibitor
HOP62,plate13,Abemaciclib,"[('Abemaciclib', 0.05, 'uM')]",G1,0.08224552620078604,3187,3784,CDK inhibitor
HOP62,plate13,Abemaciclib,"[('Abemaciclib', 0.05, 'uM')]",S,0.14978131969529623,3187,3784,CDK inhibitor
HOP62,plate13,Abemaciclib,"[('Abemaciclib', 0.05, 'uM')]",G2M,-0.12329426835150688,3187,3784,CDK inhibitor
HOP62,plate13,Ribociclib,"[('Ribociclib', 0.05, 'uM')]",G1,0.07000164503386352,3740,3784,CDK inhibitor
HOP62,plate13,Ribociclib,"[('Ribociclib', 0.05, 'uM')]",S,-0.19638724707767619,3740,3784,CDK inhibitor
HOP62,plate13,Ribociclib,"[('Ribociclib', 0.05, 'uM')]",G2M,-0.03325151816947968,3740,3784,CDK inhibitor
HOP62,plate13,Ribociclib,"[('Ribociclib', 0.5, 'uM')]",G1,0.061818665470907266,2850,3784,CDK inhibitor
HOP62,plate13,Ribociclib,"[('Ribociclib', 0.5, 'uM')]",S,-0.09769986980007388,2850,3784,CDK inhibitor
HOP62,plate13,Ribociclib,"[('Ribociclib', 0.5, 'uM')]",G2M,-0.0444070571886535,2850,3784,CDK inhibitor
HOP62,plate13,Ribociclib,"[('Ribociclib', 5.0, 'uM')]",G1,0.10882893009106286,3596,3784,CDK inhibitor
HOP62,plate13,Ribociclib,"[('Ribociclib', 5.0, 'uM')]",S,-0.26572084852872346,3596,3784,CDK inhibitor
HOP62,plate13,Ribociclib,"[('Ribociclib', 5.0, 'uM')]",G2M,-0.06093852773099077,3596,3784,CDK inhibitor
HOP62,plate14,Docetaxel,"[('Docetaxel', 5.0, 'uM')]",G1,0.3441305375635957,2863,3263,Microtubule inhibitor
HOP62,plate14,Docetaxel,"[('Docetaxel', 5.0, 'uM')]",S,-0.7288825788314245,2863,3263,Microtubule inhibitor
HOP62,plate14,Docetaxel,"[('Docetaxel', 5.0, 'uM')]",G2M,-0.1081863073024848,2863,3263,Microtubule inhibitor
HOP62,plate14,Tucidinostat,"[('Tucidinostat', 5.0, 'uM')]",G1,0.11418060149014135,2459,3263,HDAC inhibitor
HOP62,plate14,Tucidinostat,"[('Tucidinostat', 5.0, 'uM')]",S,-0.023555106512611126,2459,3263,HDAC inhibitor
HOP62,plate14,Tucidinostat,"[('Tucidinostat', 5.0, 'uM')]",G2M,-0.1182589135323672,2459,3263,HDAC inhibitor
HOP62,plate14,Vinblastine (sulfate),"[('Vinblastine (sulfate)', 5.0, 'uM')]",G1,-0.03204960710096139,2443,3263,Microtubule inhibitor
HOP62,plate14,Vinblastine (sulfate),"[('Vinblastine (sulfate)', 5.0, 'uM')]",S,0.016682566447584184,2443,3263,Microtubule inhibitor
HOP62,plate14,Vinblastine (sulfate),"[('Vinblastine (sulfate)', 5.0, 'uM')]",G2M,0.028660631405359,2443,3263,Microtubule inhibitor
HOP62,plate2,Abemaciclib,"[('Abemaciclib', 0.5, 'uM')]",G1,-0.23949875051629665,2799,8616,CDK inhibitor
HOP62,plate2,Abemaciclib,"[('Abemaciclib', 0.5, 'uM')]",S,0.48475325407473147,2799,8616,CDK inhibitor
HOP62,plate2,Abemaciclib,"[('Abemaciclib', 0.5, 'uM')]",G2M,0.021744072774039457,2799,8616,CDK inhibitor
HOP62,plate2,Paclitaxel,"[('Paclitaxel', 0.5, 'uM')]",G1,0.38075980219576866,4974,8616,Microtubule inhibitor
HOP62,plate2,Paclitaxel,"[('Paclitaxel', 0.5, 'uM')]",S,-0.5848950636994666,4974,8616,Microtubule inhibitor
HOP62,plate2,Paclitaxel,"[('Paclitaxel', 0.5, 'uM')]",G2M,-0.20128317229698803,4974,8616,Microtubule inhibitor
HOP62,plate2,Tubulin inhibitor 6,"[('Tubulin inhibitor 6', 0.5, 'uM')]",G1,0.2297513050930181,3795,8616,Microtubule inhibitor
HOP62,plate2,Tubulin inhibitor 6,"[('Tubulin inhibitor 6', 0.5, 'uM')]",S,-0.04843474537506357,3795,8616,Microtubule inhibitor
HOP62,plate2,Tubulin inhibitor 6,"[('Tubulin inhibitor 6', 0.5, 'uM')]",G2M,-0.25998047737069063,3795,8616,Microtubule inhibitor
HOP62,plate2,palbociclib,"[('palbociclib', 0.5, 'uM')]",G1,1.2690076575274465,2890,8616,CDK inhibitor
HOP62,plate2,palbociclib,"[('palbociclib', 0.5, 'uM')]",S,-1.2811220902128142,2890,8616,CDK inhibitor
HOP62,plate2,palbociclib,"[('palbociclib', 0.5, 'uM')]",G2M,-1.0306936648802274,2890,8616,CDK inhibitor
HOP62,plate2,vincristine,"[('vincristine', 0.5, 'uM')]",G1,-0.9656576557534384,971,8616,Microtubule inhibitor
HOP62,plate2,vincristine,"[('vincristine', 0.5, 'uM')]",S,0.18547703865373144,971,8616,Microtubule inhibitor
HOP62,plate2,vincristine,"[('vincristine', 0.5, 'uM')]",G2M,1.0003542458569177,971,8616,Microtubule inhibitor
HOP62,plate3,Abemaciclib,"[('Abemaciclib', 5.0, 'uM')]",G1,0.5977374627850263,1328,2489,CDK inhibitor
HOP62,plate3,Abemaciclib,"[('Abemaciclib', 5.0, 'uM')]",S,-0.5435200847384873,1328,2489,CDK inhibitor
HOP62,plate3,Abemaciclib,"[('Abemaciclib', 5.0, 'uM')]",G2M,-0.42023115373419123,1328,2489,CDK inhibitor
HOP62,plate3,Paclitaxel,"[('Paclitaxel', 5.0, 'uM')]",G1,0.8210818971666239,3795,2489,Microtubule inhibitor
HOP62,plate3,Paclitaxel,"[('Paclitaxel', 5.0, 'uM')]",S,-1.1812965431549531,3795,2489,Microtubule inhibitor
HOP62,plate3,Paclitaxel,"[('Paclitaxel', 5.0, 'uM')]",G2M,-0.4578804940131218,3795,2489,Microtubule inhibitor
HOP62,plate3,Tubulin inhibitor 6,"[('Tubulin inhibitor 6', 5.0, 'uM')]",G1,0.3786587593265404,837,2489,Microtubule inhibitor
HOP62,plate3,Tubulin inhibitor 6,"[('Tubulin inhibitor 6', 5.0, 'uM')]",S,-0.32051410951479903,837,2489,Microtubule inhibitor
HOP62,plate3,Tubulin inhibitor 6,"[('Tubulin inhibitor 6', 5.0, 'uM')]",G2M,-0.26530699792699547,837,2489,Microtubule inhibitor
HOP62,plate3,palbociclib,"[('palbociclib', 5.0, 'uM')]",G1,1.8824429485018561,1158,2489,CDK inhibitor
HOP62,plate3,palbociclib,"[('palbociclib', 5.0, 'uM')]",S,-1.3413003644783308,1158,2489,CDK inhibitor
HOP62,plate3,palbociclib,"[('palbociclib', 5.0, 'uM')]",G2M,-1.647421116879385,1158,2489,CDK inhibitor
HOP62,plate3,vincristine,"[('vincristine', 5.0, 'uM')]",G1,-1.3600927810189638,673,2489,Microtubule inhibitor
HOP62,plate3,vincristine,"[('vincristine', 5.0, 'uM')]",S,-0.09838352481461131,673,2489,Microtubule inhibitor
HOP62,plate3,vincristine,"[('vincristine', 5.0, 'uM')]",G2M,1.3403390484376447,673,2489,Microtubule inhibitor
HOP62,plate4,Docetaxel,"[('Docetaxel', 0.05, 'uM')]",G1,-1.374320938927284,396,4950,Microtubule inhibitor
HOP62,plate4,Docetaxel,"[('Docetaxel', 0.05, 'uM')]",S,-0.33968297214448584,396,4950,Microtubule inhibitor
HOP62,plate4,Docetaxel,"[('Docetaxel', 0.05, 'uM')]",G2M,1.4822584595230257,396,4950,Microtubule inhibitor
HOP62,plate4,Tucidinostat,"[('Tucidinostat', 0.05, 'uM')]",G1,0.5335079754542493,2627,4950,HDAC inhibitor
HOP62,plate4,Tucidinostat,"[('Tucidinostat', 0.05, 'uM')]",S,-0.2955185142071843,2627,4950,HDAC inhibitor
HOP62,plate4,Tucidinostat,"[('Tucidinostat', 0.05, 'uM')]",G2M,-0.5080549228565655,2627,4950,HDAC inhibitor
HOP62,plate4,Vinblastine (sulfate),"[('Vinblastine (sulfate)', 0.05, 'uM')]",G1,-0.9853637352324458,2792,4950,Microtubule inhibitor
HOP62,plate4,Vinblastine (sulfate),"[('Vinblastine (sulfate)', 0.05, 'uM')]",S,0.24240085444387788,2792,4950,Microtubule inhibitor
HOP62,plate4,Vinblastine (sulfate),"[('Vinblastine (sulfate)', 0.05, 'uM')]",G2M,0.9546826582071047,2792,4950,Microtubule inhibitor
HOP62,plate5,Docetaxel,"[('Docetaxel', 0.5, 'uM')]",G1,-0.3115579361947418,2618,6811,Microtubule inhibitor
HOP62,plate5,Docetaxel,"[('Docetaxel', 0.5, 'uM')]",S,-0.7788796981166002,2618,6811,Microtubule inhibitor
HOP62,plate5,Docetaxel,"[('Docetaxel', 0.5, 'uM')]",G2M,0.5319687062722538,2618,6811,Microtubule inhibitor
HOP62,plate5,Tucidinostat,"[('Tucidinostat', 0.5, 'uM')]",G1,1.269237288815879,1840,6811,HDAC inhibitor
HOP62,plate5,Tucidinostat,"[('Tucidinostat', 0.5, 'uM')]",S,-1.6725420805000955,1840,6811,HDAC inhibitor
HOP62,plate5,Tucidinostat,"[('Tucidinostat', 0.5, 'uM')]",G2M,-0.9573212206372401,1840,6811,HDAC inhibitor
HOP62,plate5,Vinblastine (sulfate),"[('Vinblastine (sulfate)', 0.5, 'uM')]",G1,-0.6529454448695643,1039,6811,Microtubule inhibitor
HOP62,plate5,Vinblastine (sulfate),"[('Vinblastine (sulfate)', 0.5, 'uM')]",S,-0.10014389625055627,1039,6811,Microtubule inhibitor
HOP62,plate5,Vinblastine (sulfate),"[('Vinblastine (sulfate)', 0.5, 'uM')]",G2M,0.6936538581050674,1039,6811,Microtubule inhibitor
HOP62,plate6,Docetaxel,"[('Docetaxel', 5.0, 'uM')]",G1,-0.11238819649076537,1315,7119,Microtubule inhibitor
HOP62,plate6,Docetaxel,"[('Docetaxel', 5.0, 'uM')]",S,-0.4922933157205039,1315,7119,Microtubule inhibitor
HOP62,plate6,Docetaxel,"[('Docetaxel', 5.0, 'uM')]",G2M,0.25688461007228686,1315,7119,Microtubule inhibitor
HOP62,plate6,Tucidinostat,"[('Tucidinostat', 5.0, 'uM')]",G1,1.0455302455296982,1634,7119,HDAC inhibitor
HOP62,plate6,Tucidinostat,"[('Tucidinostat', 5.0, 'uM')]",S,-2.4339635546593343,1634,7119,HDAC inhibitor
HOP62,plate6,Tucidinostat,"[('Tucidinostat', 5.0, 'uM')]",G2M,-0.6778138790259827,1634,7119,HDAC inhibitor
HOP62,plate6,Vinblastine (sulfate),"[('Vinblastine (sulfate)', 5.0, 'uM')]",G1,-0.6766256605167521,1264,7119,Microtubule inhibitor
HOP62,plate6,Vinblastine (sulfate),"[('Vinblastine (sulfate)', 5.0, 'uM')]",S,-0.08465883004409193,1264,7119,Microtubule inhibitor
HOP62,plate6,Vinblastine (sulfate),"[('Vinblastine (sulfate)', 5.0, 'uM')]",G2M,0.7328920806037613,1264,7119,Microtubule inhibitor
HOP62,plate7,Dinaciclib,"[('Dinaciclib', 0.05, 'uM')]",G1,-2.222652467909247,744,3312,CDK inhibitor
HOP62,plate7,Dinaciclib,"[('Dinaciclib', 0.05, 'uM')]",S,1.246480693169258,744,3312,CDK inhibitor
HOP62,plate7,Dinaciclib,"[('Dinaciclib', 0.05, 'uM')]",G2M,1.365766664444472,744,3312,CDK inhibitor
HOP62,plate7,Docetaxel (Trihydrate),"[('Docetaxel (Trihydrate)', 0.05, 'uM')]",G1,-0.23794009187530013,1522,3312,Microtubule inhibitor
HOP62,plate7,Docetaxel (Trihydrate),"[('Docetaxel (Trihydrate)', 0.05, 'uM')]",S,-0.6575504933741936,1522,3312,Microtubule inhibitor
HOP62,plate7,Docetaxel (Trihydrate),"[('Docetaxel (Trihydrate)', 0.05, 'uM')]",G2M,0.40885830203491885,1522,3312,Microtubule inhibitor
HOP62,plate7,Mebendazole,"[('Mebendazole', 0.05, 'uM')]",G1,0.16372676810019293,2487,3312,Microtubule inhibitor
HOP62,plate7,Mebendazole,"[('Mebendazole', 0.05, 'uM')]",S,-0.11553924875612609,2487,3312,Microtubule inhibitor
HOP62,plate7,Mebendazole,"[('Mebendazole', 0.05, 'uM')]",G2M,-0.13425520150268846,2487,3312,Microtubule inhibitor
HOP62,plate8,Dinaciclib,"[('Dinaciclib', 0.5, 'uM')]",G1,-1.0728747522788196,1878,6202,CDK inhibitor
HOP62,plate8,Dinaciclib,"[('Dinaciclib', 0.5, 'uM')]",S,1.6145330216026117,1878,6202,CDK inhibitor
HOP62,plate8,Dinaciclib,"[('Dinaciclib', 0.5, 'uM')]",G2M,0.6233406028437732,1878,6202,CDK inhibitor
HOP62,plate8,Docetaxel (Trihydrate),"[('Docetaxel (Trihydrate)', 0.5, 'uM')]",G1,-0.7095599555492124,2126,6202,Microtubule inhibitor
HOP62,plate8,Docetaxel (Trihydrate),"[('Docetaxel (Trihydrate)', 0.5, 'uM')]",S,-0.7278043778583868,2126,6202,Microtubule inhibitor
HOP62,plate8,Docetaxel (Trihydrate),"[('Docetaxel (Trihydrate)', 0.5, 'uM')]",G2M,0.8652134377038103,2126,6202,Microtubule inhibitor
HOP62,plate8,Mebendazole,"[('Mebendazole', 0.5, 'uM')]",G1,-0.5173797420343673,2487,6202,Microtubule inhibitor
HOP62,plate8,Mebendazole,"[('Mebendazole', 0.5, 'uM')]",S,-0.07176632472353782,2487,6202,Microtubule inhibitor
HOP62,plate8,Mebendazole,"[('Mebendazole', 0.5, 'uM')]",G2M,0.5692945913233719,2487,6202,Microtubule inhibitor
HOP62,plate9,Dinaciclib,"[('Dinaciclib', 5.0, 'uM')]",G1,-2.150004488234743,724,4475,CDK inhibitor
HOP62,plate9,Dinaciclib,"[('Dinaciclib', 5.0, 'uM')]",S,2.0014068763746775,724,4475,CDK inhibitor
HOP62,plate9,Dinaciclib,"[('Dinaciclib', 5.0, 'uM')]",G2M,1.0820696095419586,724,4475,CDK inhibitor
HOP62,plate9,Docetaxel (Trihydrate),"[('Docetaxel (Trihydrate)', 5.0, 'uM')]",G1,0.0834330533518094,1531,4475,Microtubule inhibitor
HOP62,plate9,Docetaxel (Trihydrate),"[('Docetaxel (Trihydrate)', 5.0, 'uM')]",S,-0.7027183196025607,1531,4475,Microtubule inhibitor
HOP62,plate9,Docetaxel (Trihydrate),"[('Docetaxel (Trihydrate)', 5.0, 'uM')]",G2M,0.04022384342765558,1531,4475,Microtubule inhibitor
HOP62,plate9,Mebendazole,"[('Mebendazole', 5.0, 'uM')]",G1,-0.42040084989471427,5288,4475,Microtubule inhibitor
HOP62,plate9,Mebendazole,"[('Mebendazole', 5.0, 'uM')]",S,-0.302590557232251,5288,4475,Microtubule inhibitor
HOP62,plate9,Mebendazole,"[('Mebendazole', 5.0, 'uM')]",G2M,0.48042766149658206,5288,4475,Microtubule inhibitor
HS-578T,plate1,Paclitaxel,"[('Paclitaxel', 0.05, 'uM')]",G1,0.28392781303960496,1174,2569,Microtubule inhibitor
HS-578T,plate1,Paclitaxel,"[('Paclitaxel', 0.05, 'uM')]",S,-0.43765103549866485,1174,2569,Microtubule inhibitor
HS-578T,plate1,Paclitaxel,"[('Paclitaxel', 0.05, 'uM')]",G2M,-0.24793454571524345,1174,2569,Microtubule inhibitor
HS-578T,plate1,Tubulin inhibitor 6,"[('Tubulin inhibitor 6', 0.05, 'uM')]",G1,0.025029571385705118,769,2569,Microtubule inhibitor
HS-578T,plate1,Tubulin inhibitor 6,"[('Tubulin inhibitor 6', 0.05, 'uM')]",S,0.10218039480647817,769,2569,Microtubule inhibitor
HS-578T,plate1,Tubulin inhibitor 6,"[('Tubulin inhibitor 6', 0.05, 'uM')]",G2M,-0.038460598376600916,769,2569,Microtubule inhibitor
HS-578T,plate1,palbociclib,"[('palbociclib', 0.05, 'uM')]",G1,0.2133430678476836,591,2569,CDK inhibitor
HS-578T,plate1,palbociclib,"[('palbociclib', 0.05, 'uM')]",S,0.4915650838074291,591,2569,CDK inhibitor
HS-578T,plate1,palbociclib,"[('palbociclib', 0.05, 'uM')]",G2M,-0.32517936386424445,591,2569,CDK inhibitor
HS-578T,plate1,vincristine,"[('vincristine', 0.05, 'uM')]",G1,-0.2191518172723497,718,2569,Microtubule inhibitor
HS-578T,plate1,vincristine,"[('vincristine', 0.05, 'uM')]",S,0.3636671212060711,718,2569,Microtubule inhibitor
HS-578T,plate1,vincristine,"[('vincristine', 0.05, 'uM')]",G2M,0.18786320889741348,718,2569,Microtubule inhibitor
HS-578T,plate10,Belinostat,"[('Belinostat', 0.05, 'uM')]",G1,-0.2344802288863755,1472,4484,HDAC inhibitor
HS-578T,plate10,Belinostat,"[('Belinostat', 0.05, 'uM')]",S,0.1797462608459393,1472,4484,HDAC inhibitor
HS-578T,plate10,Belinostat,"[('Belinostat', 0.05, 'uM')]",G2M,0.23408696046821909,1472,4484,HDAC inhibitor
HS-578T,plate10,Carbamazepine,"[('Carbamazepine', 0.05, 'uM')]",G1,-0.05867154321693081,1157,4484,HDAC inhibitor
HS-578T,plate10,Carbamazepine,"[('Carbamazepine', 0.05, 'uM')]",S,-0.11824615541002194,1157,4484,HDAC inhibitor
HS-578T,plate10,Carbamazepine,"[('Carbamazepine', 0.05, 'uM')]",G2M,0.07441217271958839,1157,4484,HDAC inhibitor
HS-578T,plate10,Panobinostat,"[('Panobinostat', 0.05, 'uM')]",G1,-0.6913802074281427,1570,4484,HDAC inhibitor
HS-578T,plate10,Panobinostat,"[('Panobinostat', 0.05, 'uM')]",S,0.47822680123320055,1570,4484,HDAC inhibitor
HS-578T,plate10,Panobinostat,"[('Panobinostat', 0.05, 'uM')]",G2M,0.6869059549026754,1570,4484,HDAC inhibitor
HS-578T,plate11,Belinostat,"[('Belinostat', 0.5, 'uM')]",G1,-0.7025239886742967,819,4032,HDAC inhibitor
HS-578T,plate11,Belinostat,"[('Belinostat', 0.5, 'uM')]",S,0.7565610742414429,819,4032,HDAC inhibitor
HS-578T,plate11,Belinostat,"[('Belinostat', 0.5, 'uM')]",G2M,0.5755755995181181,819,4032,HDAC inhibitor
HS-578T,plate11,Carbamazepine,"[('Carbamazepine', 0.5, 'uM')]",G1,0.021560371403965155,1174,4032,HDAC inhibitor
HS-578T,plate11,Carbamazepine,"[('Carbamazepine', 0.5, 'uM')]",S,0.07080513992452914,1174,4032,HDAC inhibitor
HS-578T,plate11,Carbamazepine,"[('Carbamazepine', 0.5, 'uM')]",G2M,-0.03750390651807637,1174,4032,HDAC inhibitor
HS-578T,plate11,Panobinostat,"[('Panobinostat', 0.5, 'uM')]",G1,-0.9095033074669535,1448,4032,HDAC inhibitor
HS-578T,plate11,Panobinostat,"[('Panobinostat', 0.5, 'uM')]",S,1.5163247797548935,1448,4032,HDAC inhibitor
HS-578T,plate11,Panobinostat,"[('Panobinostat', 0.5, 'uM')]",G2M,0.5147761158158618,1448,4032,HDAC inhibitor
HS-578T,plate12,Belinostat,"[('Belinostat', 5.0, 'uM')]",G1,-1.6124938936516304,1515,2811,HDAC inhibitor
HS-578T,plate12,Belinostat,"[('Belinostat', 5.0, 'uM')]",S,2.0089371047095232,1515,2811,HDAC inhibitor
HS-578T,plate12,Belinostat,"[('Belinostat', 5.0, 'uM')]",G2M,1.3278510575327047,1515,2811,HDAC inhibitor
HS-578T,plate12,Carbamazepine,"[('Carbamazepine', 5.0, 'uM')]",G1,0.04893116687450453,1004,2811,HDAC inhibitor
HS-578T,plate12,Carbamazepine,"[('Carbamazepine', 5.0, 'uM')]",S,0.13362419580442111,1004,2811,HDAC inhibitor
HS-578T,plate12,Carbamazepine,"[('Carbamazepine', 5.0, 'uM')]",G2M,-0.06618827616549008,1004,2811,HDAC inhibitor
HS-578T,plate12,Panobinostat,"[('Panobinostat', 5.0, 'uM')]",G1,-1.4817155278466263,1014,2811,HDAC inhibitor
HS-578T,plate12,Panobinostat,"[('Panobinostat', 5.0, 'uM')]",S,2.443472808080906,1014,2811,HDAC inhibitor
HS-578T,plate12,Panobinostat,"[('Panobinostat', 5.0, 'uM')]",G2M,1.042677467493925,1014,2811,HDAC inhibitor
HS-578T,plate13,Abemaciclib,"[('Abemaciclib', 0.05, 'uM')]",G1,-0.10514394847953114,1692,1735,CDK inhibitor
HS-578T,plate13,Abemaciclib,"[('Abemaciclib', 0.05, 'uM')]",S,-0.375883035902594,1692,1735,CDK inhibitor
HS-578T,plate13,Abemaciclib,"[('Abemaciclib', 0.05, 'uM')]",G2M,0.14320851268924292,1692,1735,CDK inhibitor
HS-578T,plate13,Ribociclib,"[('Ribociclib', 0.05, 'uM')]",G1,-0.1639333632014847,2011,1735,CDK inhibitor
HS-578T,plate13,Ribociclib,"[('Ribociclib', 0.05, 'uM')]",S,0.37055708353636996,2011,1735,CDK inhibitor
HS-578T,plate13,Ribociclib,"[('Ribociclib', 0.05, 'uM')]",G2M,0.13258955745007606,2011,1735,CDK inhibitor
HS-578T,plate13,Ribociclib,"[('Ribociclib', 0.5, 'uM')]",G1,0.04302129413497849,1490,1735,CDK inhibitor
HS-578T,plate13,Ribociclib,"[('Ribociclib', 0.5, 'uM')]",S,0.505014319650532,1490,1735,CDK inhibitor
HS-578T,plate13,Ribociclib,"[('Ribociclib', 0.5, 'uM')]",G2M,-0.10817049399450453,1490,1735,CDK inhibitor
HS-578T,plate13,Ribociclib,"[('Ribociclib', 5.0, 'uM')]",G1,-0.09024294512707395,1892,1735,CDK inhibitor
HS-578T,plate13,Ribociclib,"[('Ribociclib', 5.0, 'uM')]",S,0.3525241973706586,1892,1735,CDK inhibitor
HS-578T,plate13,Ribociclib,"[('Ribociclib', 5.0, 'uM')]",G2M,0.05609052806423851,1892,1735,CDK inhibitor
HS-578T,plate14,Docetaxel,"[('Docetaxel', 5.0, 'uM')]",G1,0.13682281715919642,1492,1511,Microtubule inhibitor
HS-578T,plate14,Docetaxel,"[('Docetaxel', 5.0, 'uM')]",S,-0.4126947753246013,1492,1511,Microtubule inhibitor
HS-578T,plate14,Docetaxel,"[('Docetaxel', 5.0, 'uM')]",G2M,-0.07585738987355013,1492,1511,Microtubule inhibitor
HS-578T,plate14,Tucidinostat,"[('Tucidinostat', 5.0, 'uM')]",G1,-0.10730233364287768,1268,1511,HDAC inhibitor
HS-578T,plate14,Tucidinostat,"[('Tucidinostat', 5.0, 'uM')]",S,0.11710878305714345,1268,1511,HDAC inhibitor
HS-578T,plate14,Tucidinostat,"[('Tucidinostat', 5.0, 'uM')]",G2M,0.09803657586089623,1268,1511,HDAC inhibitor
HS-578T,plate14,Vinblastine (sulfate),"[('Vinblastine (sulfate)', 5.0, 'uM')]",G1,-0.5991705680714009,1020,1511,Microtubule inhibitor
HS-578T,plate14,Vinblastine (sulfate),"[('Vinblastine (sulfate)', 5.0, 'uM')]",S,0.3642215026934736,1020,1511,Microtubule inhibitor
HS-578T,plate14,Vinblastine (sulfate),"[('Vinblastine (sulfate)', 5.0, 'uM')]",G2M,0.6011663706066731,1020,1511,Microtubule inhibitor
HS-578T,plate2,Abemaciclib,"[('Abemaciclib', 0.5, 'uM')]",G1,-0.5261839914960107,1306,3831,CDK inhibitor
HS-578T,plate2,Abemaciclib,"[('Abemaciclib', 0.5, 'uM')]",S,0.8136865381334472,1306,3831,CDK inhibitor
HS-578T,plate2,Abemaciclib,"[('Abemaciclib', 0.5, 'uM')]",G2M,0.41289815743193925,1306,3831,CDK inhibitor
HS-578T,plate2,Paclitaxel,"[('Paclitaxel', 0.5, 'uM')]",G1,-0.46603274455278576,2317,3831,Microtubule inhibitor
HS-578T,plate2,Paclitaxel,"[('Paclitaxel', 0.5, 'uM')]",S,0.5227099793555674,2317,3831,Microtubule inhibitor
HS-578T,plate2,Paclitaxel,"[('Paclitaxel', 0.5, 'uM')]",G2M,0.4192330315177609,2317,3831,Microtubule inhibitor
HS-578T,plate2,Tubulin inhibitor 6,"[('Tubulin inhibitor 6', 0.5, 'uM')]",G1,-0.2918002840799615,1822,3831,Microtubule inhibitor
HS-578T,plate2,Tubulin inhibitor 6,"[('Tubulin inhibitor 6', 0.5, 'uM')]",S,0.36475761957933106,1822,3831,Microtubule inhibitor
HS-578T,plate2,Tubulin inhibitor 6,"[('Tubulin inhibitor 6', 0.5, 'uM')]",G2M,0.25652545293836704,1822,3831,Microtubule inhibitor
HS-578T,plate2,palbociclib,"[('palbociclib', 0.5, 'uM')]",G1,0.390608374624611,1234,3831,CDK inhibitor
HS-578T,plate2,palbociclib,"[('palbociclib', 0.5, 'uM')]",S,-0.3384677875301746,1234,3831,CDK inhibitor
HS-578T,plate2,palbociclib,"[('palbociclib', 0.5, 'uM')]",G2M,-0.3764628795065047,1234,3831,CDK inhibitor
HS-578T,plate2,vincristine,"[('vincristine', 0.5, 'uM')]",G1,-0.7414876110957583,520,3831,Microtubule inhibitor
HS-578T,plate2,vincristine,"[('vincristine', 0.5, 'uM')]",S,1.5817033330177135,520,3831,Microtubule inhibitor
HS-578T,plate2,vincristine,"[('vincristine', 0.5, 'uM')]",G2M,0.39399642768095317,520,3831,Microtubule inhibitor
HS-578T,plate3,Abemaciclib,"[('Abemaciclib', 5.0, 'uM')]",G1,0.08592002546470598,766,1694,CDK inhibitor
HS-578T,plate3,Abemaciclib,"[('Abemaciclib', 5.0, 'uM')]",S,-0.10271291733507175,766,1694,CDK inhibitor
HS-578T,plate3,Abemaciclib,"[('Abemaciclib', 5.0, 'uM')]",G2M,-0.0627553173146192,766,1694,CDK inhibitor
HS-578T,plate3,Paclitaxel,"[('Paclitaxel', 5.0, 'uM')]",G1,0.06423325374011504,1855,1694,Microtubule inhibitor
HS-578T,plate3,Paclitaxel,"[('Paclitaxel', 5.0, 'uM')]",S,-0.8213474166351573,1855,1694,Microtubule inhibitor
HS-578T,plate3,Paclitaxel,"[('Paclitaxel', 5.0, 'uM')]",G2M,0.17392946696020709,1855,1694,Microtubule inhibitor
HS-578T,plate3,Tubulin inhibitor 6,"[('Tubulin inhibitor 6', 5.0, 'uM')]",G1,0.11036539256632033,474,1694,Microtubule inhibitor
HS-578T,plate3,Tubulin inhibitor 6,"[('Tubulin inhibitor 6', 5.0, 'uM')]",S,-0.19669569339863172,474,1694,Microtubule inhibitor
HS-578T,plate3,Tubulin inhibitor 6,"[('Tubulin inhibitor 6', 5.0, 'uM')]",G2M,-0.05335414245724814,474,1694,Microtubule inhibitor
HS-578T,plate3,palbociclib,"[('palbociclib', 5.0, 'uM')]",G1,0.5272875386895816,707,1694,CDK inhibitor
HS-578T,plate3,palbociclib,"[('palbociclib', 5.0, 'uM')]",S,-0.5889917717209172,707,1694,CDK inhibitor
HS-578T,plate3,palbociclib,"[('palbociclib', 5.0, 'uM')]",G2M,-0.43255810408791046,707,1694,CDK inhibitor
HS-578T,plate3,vincristine,"[('vincristine', 5.0, 'uM')]",G1,-0.6199687373527792,462,1694,Microtubule inhibitor
HS-578T,plate3,vincristine,"[('vincristine', 5.0, 'uM')]",S,0.6509976453734843,462,1694,Microtubule inhibitor
HS-578T,plate3,vincristine,"[('vincristine', 5.0, 'uM')]",G2M,0.48878190228088864,462,1694,Microtubule inhibitor
HS-578T,plate4,Docetaxel,"[('Docetaxel', 0.05, 'uM')]",G1,-1.2805981454608153,271,2654,Microtubule inhibitor
HS-578T,plate4,Docetaxel,"[('Docetaxel', 0.05, 'uM')]",S,0.703500179384049,271,2654,Microtubule inhibitor
HS-578T,plate4,Docetaxel,"[('Docetaxel', 0.05, 'uM')]",G2M,1.2724640201651791,271,2654,Microtubule inhibitor
HS-578T,plate4,Tucidinostat,"[('Tucidinostat', 0.05, 'uM')]",G1,0.17478330299069458,1329,2654,HDAC inhibitor
HS-578T,plate4,Tucidinostat,"[('Tucidinostat', 0.05, 'uM')]",S,-0.603074796105696,1329,2654,HDAC inhibitor
HS-578T,plate4,Tucidinostat,"[('Tucidinostat', 0.05, 'uM')]",G2M,-0.08629733924331508,1329,2654,HDAC inhibitor
HS-578T,plate4,Vinblastine (sulfate),"[('Vinblastine (sulfate)', 0.05, 'uM')]",G1,-0.10089924482251111,1210,2654,Microtubule inhibitor
HS-578T,plate4,Vinblastine (sulfate),"[('Vinblastine (sulfate)', 0.05, 'uM')]",S,-0.2177350826861979,1210,2654,Microtubule inhibitor
HS-578T,plate4,Vinblastine (sulfate),"[('Vinblastine (sulfate)', 0.05, 'uM')]",G2M,0.15612509471594427,1210,2654,Microtubule inhibitor
HS-578T,plate5,Docetaxel,"[('Docetaxel', 0.5, 'uM')]",G1,-0.611365499818145,1234,3404,Microtubule inhibitor
HS-578T,plate5,Docetaxel,"[('Docetaxel', 0.5, 'uM')]",S,-0.4835745845920011,1234,3404,Microtubule inhibitor
HS-578T,plate5,Docetaxel,"[('Docetaxel', 0.5, 'uM')]",G2M,0.7618328253966303,1234,3404,Microtubule inhibitor
HS-578T,plate5,Tucidinostat,"[('Tucidinostat', 0.5, 'uM')]",G1,0.07035842006811845,1044,3404,HDAC inhibitor
HS-578T,plate5,Tucidinostat,"[('Tucidinostat', 0.5, 'uM')]",S,-0.29615549550108256,1044,3404,HDAC inhibitor
HS-578T,plate5,Tucidinostat,"[('Tucidinostat', 0.5, 'uM')]",G2M,-0.013983438760385524,1044,3404,HDAC inhibitor
HS-578T,plate5,Vinblastine (sulfate),"[('Vinblastine (sulfate)', 0.5, 'uM')]",G1,-0.8976369609731178,479,3404,Microtubule inhibitor
HS-578T,plate5,Vinblastine (sulfate),"[('Vinblastine (sulfate)', 0.5, 'uM')]",S,0.6696819585234719,479,3404,Microtubule inhibitor
HS-578T,plate5,Vinblastine (sulfate),"[('Vinblastine (sulfate)', 0.5, 'uM')]",G2M,0.8787506432916079,479,3404,Microtubule inhibitor
HS-578T,plate6,Docetaxel,"[('Docetaxel', 5.0, 'uM')]",G1,-0.26292870754731923,653,3429,Microtubule inhibitor
HS-578T,plate6,Docetaxel,"[('Docetaxel', 5.0, 'uM')]",S,-0.07502373686006458,653,3429,Microtubule inhibitor
HS-578T,plate6,Docetaxel,"[('Docetaxel', 5.0, 'uM')]",G2M,0.314441462683522,653,3429,Microtubule inhibitor
HS-578T,plate6,Tucidinostat,"[('Tucidinostat', 5.0, 'uM')]",G1,0.04437221459370653,945,3429,HDAC inhibitor
HS-578T,plate6,Tucidinostat,"[('Tucidinostat', 5.0, 'uM')]",S,-0.9841328991439102,945,3429,HDAC inhibitor
HS-578T,plate6,Tucidinostat,"[('Tucidinostat', 5.0, 'uM')]",G2M,0.08948582858557284,945,3429,HDAC inhibitor
HS-578T,plate6,Vinblastine (sulfate),"[('Vinblastine (sulfate)', 5.0, 'uM')]",G1,-0.8697948408750811,566,3429,Microtubule inhibitor
HS-578T,plate6,Vinblastine (sulfate),"[('Vinblastine (sulfate)', 5.0, 'uM')]",S,0.7566178402642925,566,3429,Microtubule inhibitor
HS-578T,plate6,Vinblastine (sulfate),"[('Vinblastine (sulfate)', 5.0, 'uM')]",G2M,0.8387152737561373,566,3429,Microtubule inhibitor
HS-578T,plate7,Dinaciclib,"[('Dinaciclib', 0.05, 'uM')]",G1,-1.666989773242561,429,1757,CDK inhibitor
HS-578T,plate7,Dinaciclib,"[('Dinaciclib', 0.05, 'uM')]",S,1.3673037551315206,429,1757,CDK inhibitor
HS-578T,plate7,Dinaciclib,"[('Dinaciclib', 0.05, 'uM')]",G2M,1.3067395742249956,429,1757,CDK inhibitor
HS-578T,plate7,Docetaxel (Trihydrate),"[('Docetaxel (Trihydrate)', 0.05, 'uM')]",G1,-0.12331964843812647,761,1757,Microtubule inhibitor
HS-578T,plate7,Docetaxel (Trihydrate),"[('Docetaxel (Trihydrate)', 0.05, 'uM')]",S,-0.7304065758241881,761,1757,Microtubule inhibitor
HS-578T,plate7,Docetaxel (Trihydrate),"[('Docetaxel (Trihydrate)', 0.05, 'uM')]",G2M,0.2872372356382534,761,1757,Microtubule inhibitor
HS-578T,plate7,Mebendazole,"[('Mebendazole', 0.05, 'uM')]",G1,0.16569604779817648,1438,1757,Microtubule inhibitor
HS-578T,plate7,Mebendazole,"[('Mebendazole', 0.05, 'uM')]",S,-1.2256066551080638,1438,1757,Microtubule inhibitor
HS-578T,plate7,Mebendazole,"[('Mebendazole', 0.05, 'uM')]",G2M,0.04740096338557057,1438,1757,Microtubule inhibitor
HS-578T,plate8,Dinaciclib,"[('Dinaciclib', 0.5, 'uM')]",G1,-1.5832167969129405,1016,3198,CDK inhibitor
HS-578T,plate8,Dinaciclib,"[('Dinaciclib', 0.5, 'uM')]",S,3.5846346200099943,1016,3198,CDK inhibitor
HS-578T,plate8,Dinaciclib,"[('Dinaciclib', 0.5, 'uM')]",G2M,0.9576029325328744,1016,3198,CDK inhibitor
HS-578T,plate8,Docetaxel (Trihydrate),"[('Docetaxel (Trihydrate)', 0.5, 'uM')]",G1,-0.5045802751103848,1013,3198,Microtubule inhibitor
HS-578T,plate8,Docetaxel (Trihydrate),"[('Docetaxel (Trihydrate)', 0.5, 'uM')]",S,1.3296337372821452,1013,3198,Microtubule inhibitor
HS-578T,plate8,Docetaxel (Trihydrate),"[('Docetaxel (Trihydrate)', 0.5, 'uM')]",G2M,0.3946300532675487,1013,3198,Microtubule inhibitor
HS-578T,plate8,Mebendazole,"[('Mebendazole', 0.5, 'uM')]",G1,-0.7096690369597028,1146,3198,Microtubule inhibitor
HS-578T,plate8,Mebendazole,"[('Mebendazole', 0.5, 'uM')]",S,1.5064924628085596,1146,3198,Microtubule inhibitor
HS-578T,plate8,Mebendazole,"[('Mebendazole', 0.5, 'uM')]",G2M,0.5896247151098768,1146,3198,Microtubule inhibitor
HS-578T,plate9,Dinaciclib,"[('Dinaciclib', 5.0, 'uM')]",G1,-2.367297700220087,398,2745,CDK inhibitor
HS-578T,plate9,Dinaciclib,"[('Dinaciclib', 5.0, 'uM')]",S,2.7123161713422697,398,2745,CDK inhibitor
HS-578T,plate9,Dinaciclib,"[('Dinaciclib', 5.0, 'uM')]",G2M,1.392497930212086,398,2745,CDK inhibitor
HS-578T,plate9,Docetaxel (Trihydrate),"[('Docetaxel (Trihydrate)', 5.0, 'uM')]",G1,0.1506745389977118,759,2745,Microtubule inhibitor
HS-578T,plate9,Docetaxel (Trihydrate),"[('Docetaxel (Trihydrate)', 5.0, 'uM')]",S,-1.6295799494063827,759,2745,Microtubule inhibitor
HS-578T,plate9,Docetaxel (Trihydrate),"[('Docetaxel (Trihydrate)', 5.0, 'uM')]",G2M,0.027632795810570654,759,2745,Microtubule inhibitor
HS-578T,plate9,Mebendazole,"[('Mebendazole', 5.0, 'uM')]",G1,-0.30281446194137207,3493,2745,Microtubule inhibitor
HS-578T,plate9,Mebendazole,"[('Mebendazole', 5.0, 'uM')]",S,0.36242876573371824,3493,2745,Microtubule inhibitor
HS-578T,plate9,Mebendazole,"[('Mebendazole', 5.0, 'uM')]",G2M,0.25425754547861834,3493,2745,Microtubule inhibitor
HT-29,plate1,Paclitaxel,"[('Paclitaxel', 0.05, 'uM')]",G1,0.2826123878622229,1941,5142,Microtubule inhibitor
HT-29,plate1,Paclitaxel,"[('Paclitaxel', 0.05, 'uM')]",S,-0.07758059404279705,1941,5142,Microtubule inhibitor
HT-29,plate1,Paclitaxel,"[('Paclitaxel', 0.05, 'uM')]",G2M,-0.30417174232912914,1941,5142,Microtubule inhibitor
HT-29,plate1,Tubulin inhibitor 6,"[('Tubulin inhibitor 6', 0.05, 'uM')]",G1,0.2057439660662234,1611,5142,Microtubule inhibitor
HT-29,plate1,Tubulin inhibitor 6,"[('Tubulin inhibitor 6', 0.05, 'uM')]",S,-0.23903709590253572,1611,5142,Microtubule inhibitor
HT-29,plate1,Tubulin inhibitor 6,"[('Tubulin inhibitor 6', 0.05, 'uM')]",G2M,-0.16866952002610974,1611,5142,Microtubule inhibitor
HT-29,plate1,palbociclib,"[('palbociclib', 0.05, 'uM')]",G1,0.8676888307722355,1262,5142,CDK inhibitor
HT-29,plate1,palbociclib,"[('palbociclib', 0.05, 'uM')]",S,-0.6605312593528108,1262,5142,CDK inhibitor
HT-29,plate1,palbociclib,"[('palbociclib', 0.05, 'uM')]",G2M,-0.8282180463999115,1262,5142,CDK inhibitor
HT-29,plate1,vincristine,"[('vincristine', 0.05, 'uM')]",G1,-0.6310199821445185,1317,5142,Microtubule inhibitor
HT-29,plate1,vincristine,"[('vincristine', 0.05, 'uM')]",S,0.262592458925915,1317,5142,Microtubule inhibitor
HT-29,plate1,vincristine,"[('vincristine', 0.05, 'uM')]",G2M,0.6336169979910777,1317,5142,Microtubule inhibitor
HT-29,plate10,Belinostat,"[('Belinostat', 0.05, 'uM')]",G1,-0.6354372881024463,1450,4272,HDAC inhibitor
HT-29,plate10,Belinostat,"[('Belinostat', 0.05, 'uM')]",S,1.0060227083756583,1450,4272,HDAC inhibitor
HT-29,plate10,Belinostat,"[('Belinostat', 0.05, 'uM')]",G2M,0.5047886681765485,1450,4272,HDAC inhibitor
HT-29,plate10,Carbamazepine,"[('Carbamazepine', 0.05, 'uM')]",G1,-0.22022938475756304,1512,4272,HDAC inhibitor
HT-29,plate10,Carbamazepine,"[('Carbamazepine', 0.05, 'uM')]",S,0.26473096515182365,1512,4272,HDAC inhibitor
HT-29,plate10,Carbamazepine,"[('Carbamazepine', 0.05, 'uM')]",G2M,0.19938450726841264,1512,4272,HDAC inhibitor
HT-29,plate10,Panobinostat,"[('Panobinostat', 0.05, 'uM')]",G1,-1.0577605547608522,2046,4272,HDAC inhibitor
HT-29,plate10,Panobinostat,"[('Panobinostat', 0.05, 'uM')]",S,1.641145120892082,2046,4272,HDAC inhibitor
HT-29,plate10,Panobinostat,"[('Panobinostat', 0.05, 'uM')]",G2M,0.7938910389171873,2046,4272,HDAC inhibitor
HT-29,plate11,Belinostat,"[('Belinostat', 0.5, 'uM')]",G1,-1.4579180632298239,771,3868,HDAC inhibitor
HT-29,plate11,Belinostat,"[('Belinostat', 0.5, 'uM')]",S,1.0742349556004374,771,3868,HDAC inhibitor
HT-29,plate11,Belinostat,"[('Belinostat', 0.5, 'uM')]",G2M,1.1539650513543307,771,3868,HDAC inhibitor
HT-29,plate11,Carbamazepine,"[('Carbamazepine', 0.5, 'uM')]",G1,-0.20746380971174141,1170,3868,HDAC inhibitor
HT-29,plate11,Carbamazepine,"[('Carbamazepine', 0.5, 'uM')]",S,0.2881023803735738,1170,3868,HDAC inhibitor
HT-29,plate11,Carbamazepine,"[('Carbamazepine', 0.5, 'uM')]",G2M,0.13972683562001714,1170,3868,HDAC inhibitor
HT-29,plate11,Panobinostat,"[('Panobinostat', 0.5, 'uM')]",G1,-1.9426486846551914,1706,3868,HDAC inhibitor
HT-29,plate11,Panobinostat,"[('Panobinostat', 0.5, 'uM')]",S,1.6959985722634212,1706,3868,HDAC inhibitor
HT-29,plate11,Panobinostat,"[('Panobinostat', 0.5, 'uM')]",G2M,1.2745918409349566,1706,3868,HDAC inhibitor
HT-29,plate12,Belinostat,"[('Belinostat', 5.0, 'uM')]",G1,-2.2659930110002087,1752,3703,HDAC inhibitor
HT-29,plate12,Belinostat,"[('Belinostat', 5.0, 'uM')]",S,1.7950197302421622,1752,3703,HDAC inhibitor
HT-29,plate12,Belinostat,"[('Belinostat', 5.0, 'uM')]",G2M,1.5694456639129628,1752,3703,HDAC inhibitor
HT-29,plate12,Carbamazepine,"[('Carbamazepine', 5.0, 'uM')]",G1,0.06371385788799454,1053,3703,HDAC inhibitor
HT-29,plate12,Carbamazepine,"[('Carbamazepine', 5.0, 'uM')]",S,-0.35105467163302434,1053,3703,HDAC inhibitor
HT-29,plate12,Carbamazepine,"[('Carbamazepine', 5.0, 'uM')]",G2M,0.031279932553148294,1053,3703,HDAC inhibitor
HT-29,plate12,Panobinostat,"[('Panobinostat', 5.0, 'uM')]",G1,-2.1827192504402424,1770,3703,HDAC inhibitor
HT-29,plate12,Panobinostat,"[('Panobinostat', 5.0, 'uM')]",S,1.905848292526821,1770,3703,HDAC inhibitor
HT-29,plate12,Panobinostat,"[('Panobinostat', 5.0, 'uM')]",G2M,1.4262323626409943,1770,3703,HDAC inhibitor
HT-29,plate13,Abemaciclib,"[('Abemaciclib', 0.05, 'uM')]",G1,-0.17096433841979963,1851,2578,CDK inhibitor
HT-29,plate13,Abemaciclib,"[('Abemaciclib', 0.05, 'uM')]",S,-0.18696647427154678,1851,2578,CDK inhibitor
HT-29,plate13,Abemaciclib,"[('Abemaciclib', 0.05, 'uM')]",G2M,0.2439912940373939,1851,2578,CDK inhibitor
HT-29,plate13,Ribociclib,"[('Ribociclib', 0.05, 'uM')]",G1,0.14907278698269788,1857,2578,CDK inhibitor
HT-29,plate13,Ribociclib,"[('Ribociclib', 0.05, 'uM')]",S,-0.38778590563728343,1857,2578,CDK inhibitor
HT-29,plate13,Ribociclib,"[('Ribociclib', 0.05, 'uM')]",G2M,-0.0659526270038896,1857,2578,CDK inhibitor
HT-29,plate13,Ribociclib,"[('Ribociclib', 0.5, 'uM')]",G1,-0.008558701056474372,1863,2578,CDK inhibitor
HT-29,plate13,Ribociclib,"[('Ribociclib', 0.5, 'uM')]",S,-0.19676132971177168,1863,2578,CDK inhibitor
HT-29,plate13,Ribociclib,"[('Ribociclib', 0.5, 'uM')]",G2M,0.06467417173137689,1863,2578,CDK inhibitor
HT-29,plate13,Ribociclib,"[('Ribociclib', 5.0, 'uM')]",G1,-0.06908791072104091,1733,2578,CDK inhibitor
HT-29,plate13,Ribociclib,"[('Ribociclib', 5.0, 'uM')]",S,-0.004954731366799563,1733,2578,CDK inhibitor
HT-29,plate13,Ribociclib,"[('Ribociclib', 5.0, 'uM')]",G2M,0.0814843224034325,1733,2578,CDK inhibitor
HT-29,plate14,Docetaxel,"[('Docetaxel', 5.0, 'uM')]",G1,-0.9621974680199037,2152,2387,Microtubule inhibitor
HT-29,plate14,Docetaxel,"[('Docetaxel', 5.0, 'uM')]",S,-0.0011373877474141687,2152,2387,Microtubule inhibitor
HT-29,plate14,Docetaxel,"[('Docetaxel', 5.0, 'uM')]",G2M,1.0885270948284356,2152,2387,Microtubule inhibitor
HT-29,plate14,Tucidinostat,"[('Tucidinostat', 5.0, 'uM')]",G1,0.31249497031533496,1957,2387,HDAC inhibitor
HT-29,plate14,Tucidinostat,"[('Tucidinostat', 5.0, 'uM')]",S,-0.2508432892795929,1957,2387,HDAC inhibitor
HT-29,plate14,Tucidinostat,"[('Tucidinostat', 5.0, 'uM')]",G2M,-0.28692253973033993,1957,2387,HDAC inhibitor
HT-29,plate14,Vinblastine (sulfate),"[('Vinblastine (sulfate)', 5.0, 'uM')]",G1,-0.12690821334805383,1621,2387,Microtubule inhibitor
HT-29,plate14,Vinblastine (sulfate),"[('Vinblastine (sulfate)', 5.0, 'uM')]",S,0.011308837512702995,1621,2387,Microtubule inhibitor
HT-29,plate14,Vinblastine (sulfate),"[('Vinblastine (sulfate)', 5.0, 'uM')]",G2M,0.14901720281092556,1621,2387,Microtubule inhibitor
HT-29,plate2,Abemaciclib,"[('Abemaciclib', 0.5, 'uM')]",G1,-0.4006365605412425,2047,5453,CDK inhibitor
HT-29,plate2,Abemaciclib,"[('Abemaciclib', 0.5, 'uM')]",S,-0.3147814127426969,2047,5453,CDK inhibitor
HT-29,plate2,Abemaciclib,"[('Abemaciclib', 0.5, 'uM')]",G2M,0.5843835554450699,2047,5453,CDK inhibitor
HT-29,plate2,Paclitaxel,"[('Paclitaxel', 0.5, 'uM')]",G1,0.08297672633495477,3576,5453,Microtubule inhibitor
HT-29,plate2,Paclitaxel,"[('Paclitaxel', 0.5, 'uM')]",S,-0.03393768887091747,3576,5453,Microtubule inhibitor
HT-29,plate2,Paclitaxel,"[('Paclitaxel', 0.5, 'uM')]",G2M,-0.08917343405069708,3576,5453,Microtubule inhibitor
HT-29,plate2,Tubulin inhibitor 6,"[('Tubulin inhibitor 6', 0.5, 'uM')]",G1,0.2748351111539209,3176,5453,Microtubule inhibitor
HT-29,plate2,Tubulin inhibitor 6,"[('Tubulin inhibitor 6', 0.5, 'uM')]",S,0.07485555710235274,3176,5453,Microtubule inhibitor
HT-29,plate2,Tubulin inhibitor 6,"[('Tubulin inhibitor 6', 0.5, 'uM')]",G2M,-0.39270895526262306,3176,5453,Microtubule inhibitor
HT-29,plate2,palbociclib,"[('palbociclib', 0.5, 'uM')]",G1,1.668987358130585,2213,5453,CDK inhibitor
HT-29,plate2,palbociclib,"[('palbociclib', 0.5, 'uM')]",S,-1.3737137437303097,2213,5453,CDK inhibitor
HT-29,plate2,palbociclib,"[('palbociclib', 0.5, 'uM')]",G2M,-1.6036011174733753,2213,5453,CDK inhibitor
HT-29,plate2,vincristine,"[('vincristine', 0.5, 'uM')]",G1,-0.7223019689197799,692,5453,Microtubule inhibitor
HT-29,plate2,vincristine,"[('vincristine', 0.5, 'uM')]",S,-0.04727931034478534,692,5453,Microtubule inhibitor
HT-29,plate2,vincristine,"[('vincristine', 0.5, 'uM')]",G2M,0.8674663254088202,692,5453,Microtubule inhibitor
HT-29,plate3,Abemaciclib,"[('Abemaciclib', 5.0, 'uM')]",G1,0.44372671512150924,1394,1926,CDK inhibitor
HT-29,plate3,Abemaciclib,"[('Abemaciclib', 5.0, 'uM')]",S,-0.7461448420636814,1394,1926,CDK inhibitor
HT-29,plate3,Abemaciclib,"[('Abemaciclib', 5.0, 'uM')]",G2M,-0.24392907044323894,1394,1926,CDK inhibitor
HT-29,plate3,Paclitaxel,"[('Paclitaxel', 5.0, 'uM')]",G1,0.12708898718077397,2838,1926,Microtubule inhibitor
HT-29,plate3,Paclitaxel,"[('Paclitaxel', 5.0, 'uM')]",S,-0.6405436388168413,2838,1926,Microtubule inhibitor
HT-29,plate3,Paclitaxel,"[('Paclitaxel', 5.0, 'uM')]",G2M,0.08360772611664317,2838,1926,Microtubule inhibitor
HT-29,plate3,Tubulin inhibitor 6,"[('Tubulin inhibitor 6', 5.0, 'uM')]",G1,0.31759904073430256,824,1926,Microtubule inhibitor
HT-29,plate3,Tubulin inhibitor 6,"[('Tubulin inhibitor 6', 5.0, 'uM')]",S,-0.20504977486973505,824,1926,Microtubule inhibitor
HT-29,plate3,Tubulin inhibitor 6,"[('Tubulin inhibitor 6', 5.0, 'uM')]",G2M,-0.2900226941732466,824,1926,Microtubule inhibitor
HT-29,plate3,palbociclib,"[('palbociclib', 5.0, 'uM')]",G1,1.3898651225888556,942,1926,CDK inhibitor
HT-29,plate3,palbociclib,"[('palbociclib', 5.0, 'uM')]",S,-1.1579075436456694,942,1926,CDK inhibitor
HT-29,plate3,palbociclib,"[('palbociclib', 5.0, 'uM')]",G2M,-1.2482191064235553,942,1926,CDK inhibitor
HT-29,plate3,vincristine,"[('vincristine', 5.0, 'uM')]",G1,-0.4159342876396255,506,1926,Microtubule inhibitor
HT-29,plate3,vincristine,"[('vincristine', 5.0, 'uM')]",S,-0.4924093558905185,506,1926,Microtubule inhibitor
HT-29,plate3,vincristine,"[('vincristine', 5.0, 'uM')]",G2M,0.6404183234283272,506,1926,Microtubule inhibitor
HT-29,plate4,Docetaxel,"[('Docetaxel', 0.05, 'uM')]",G1,-1.9157422601344711,805,3754,Microtubule inhibitor
HT-29,plate4,Docetaxel,"[('Docetaxel', 0.05, 'uM')]",S,0.047753801651513855,805,3754,Microtubule inhibitor
HT-29,plate4,Docetaxel,"[('Docetaxel', 0.05, 'uM')]",G2M,1.9840301881343163,805,3754,Microtubule inhibitor
HT-29,plate4,Tucidinostat,"[('Tucidinostat', 0.05, 'uM')]",G1,0.19067282824768073,1818,3754,HDAC inhibitor
HT-29,plate4,Tucidinostat,"[('Tucidinostat', 0.05, 'uM')]",S,0.1354730112451102,1818,3754,HDAC inhibitor
HT-29,plate4,Tucidinostat,"[('Tucidinostat', 0.05, 'uM')]",G2M,-0.2644026369138638,1818,3754,HDAC inhibitor
HT-29,plate4,Vinblastine (sulfate),"[('Vinblastine (sulfate)', 0.05, 'uM')]",G1,-0.7872340864123433,1764,3754,Microtubule inhibitor
HT-29,plate4,Vinblastine (sulfate),"[('Vinblastine (sulfate)', 0.05, 'uM')]",S,0.040119943374892886,1764,3754,Microtubule inhibitor
HT-29,plate4,Vinblastine (sulfate),"[('Vinblastine (sulfate)', 0.05, 'uM')]",G2M,0.8512850563222001,1764,3754,Microtubule inhibitor
HT-29,plate5,Docetaxel,"[('Docetaxel', 0.5, 'uM')]",G1,-1.17654918857881,1555,4411,Microtubule inhibitor
HT-29,plate5,Docetaxel,"[('Docetaxel', 0.5, 'uM')]",S,-0.004743635409317489,1555,4411,Microtubule inhibitor
HT-29,plate5,Docetaxel,"[('Docetaxel', 0.5, 'uM')]",G2M,1.2345307650986352,1555,4411,Microtubule inhibitor
HT-29,plate5,Tucidinostat,"[('Tucidinostat', 0.5, 'uM')]",G1,0.5305984867818183,1305,4411,HDAC inhibitor
HT-29,plate5,Tucidinostat,"[('Tucidinostat', 0.5, 'uM')]",S,-0.6563817718253905,1305,4411,HDAC inhibitor
HT-29,plate5,Tucidinostat,"[('Tucidinostat', 0.5, 'uM')]",G2M,-0.43825905533382403,1305,4411,HDAC inhibitor
HT-29,plate5,Vinblastine (sulfate),"[('Vinblastine (sulfate)', 0.5, 'uM')]",G1,-0.278570619767488,678,4411,Microtubule inhibitor
HT-29,plate5,Vinblastine (sulfate),"[('Vinblastine (sulfate)', 0.5, 'uM')]",S,-0.1325801040149649,678,4411,Microtubule inhibitor
HT-29,plate5,Vinblastine (sulfate),"[('Vinblastine (sulfate)', 0.5, 'uM')]",G2M,0.3369063823912099,678,4411,Microtubule inhibitor
HT-29,plate6,Docetaxel,"[('Docetaxel', 5.0, 'uM')]",G1,-0.916649137342271,940,4715,Microtubule inhibitor
HT-29,plate6,Docetaxel,"[('Docetaxel', 5.0, 'uM')]",S,-0.14898483661699244,940,4715,Microtubule inhibitor
HT-29,plate6,Docetaxel,"[('Docetaxel', 5.0, 'uM')]",G2M,1.0161707891653433,940,4715,Microtubule inhibitor
HT-29,plate6,Tucidinostat,"[('Tucidinostat', 5.0, 'uM')]",G1,0.5654298952203347,1456,4715,HDAC inhibitor
HT-29,plate6,Tucidinostat,"[('Tucidinostat', 5.0, 'uM')]",S,-1.1841085973805872,1456,4715,HDAC inhibitor
HT-29,plate6,Tucidinostat,"[('Tucidinostat', 5.0, 'uM')]",G2M,-0.4035399026233989,1456,4715,HDAC inhibitor
HT-29,plate6,Vinblastine (sulfate),"[('Vinblastine (sulfate)', 5.0, 'uM')]",G1,-0.4490633412956432,875,4715,Microtubule inhibitor
HT-29,plate6,Vinblastine (sulfate),"[('Vinblastine (sulfate)', 5.0, 'uM')]",S,-0.5839930393797577,875,4715,Microtubule inhibitor
HT-29,plate6,Vinblastine (sulfate),"[('Vinblastine (sulfate)', 5.0, 'uM')]",G2M,0.5968328985184986,875,4715,Microtubule inhibitor
HT-29,plate7,Dinaciclib,"[('Dinaciclib', 0.05, 'uM')]",G1,-2.9376884261575156,345,1766,CDK inhibitor
HT-29,plate7,Dinaciclib,"[('Dinaciclib', 0.05, 'uM')]",S,1.65143789554892,345,1766,CDK inhibitor
HT-29,plate7,Dinaciclib,"[('Dinaciclib', 0.05, 'uM')]",G2M,1.856156948888795,345,1766,CDK inhibitor
HT-29,plate7,Docetaxel (Trihydrate),"[('Docetaxel (Trihydrate)', 0.05, 'uM')]",G1,-0.934319618583161,906,1766,Microtubule inhibitor
HT-29,plate7,Docetaxel (Trihydrate),"[('Docetaxel (Trihydrate)', 0.05, 'uM')]",S,-0.024078479182447467,906,1766,Microtubule inhibitor
HT-29,plate7,Docetaxel (Trihydrate),"[('Docetaxel (Trihydrate)', 0.05, 'uM')]",G2M,0.9860559098564835,906,1766,Microtubule inhibitor
HT-29,plate7,Mebendazole,"[('Mebendazole', 0.05, 'uM')]",G1,-0.1185035794586107,1228,1766,Microtubule inhibitor
HT-29,plate7,Mebendazole,"[('Mebendazole', 0.05, 'uM')]",S,-0.19269648294696018,1228,1766,Microtubule inhibitor
HT-29,plate7,Mebendazole,"[('Mebendazole', 0.05, 'uM')]",G2M,0.18937691315106397,1228,1766,Microtubule inhibitor
HT-29,plate8,Dinaciclib,"[('Dinaciclib', 0.5, 'uM')]",G1,-1.9925788312476,777,4047,CDK inhibitor
HT-29,plate8,Dinaciclib,"[('Dinaciclib', 0.5, 'uM')]",S,1.8218778477943056,777,4047,CDK inhibitor
HT-29,plate8,Dinaciclib,"[('Dinaciclib', 0.5, 'uM')]",G2M,1.5145882806822974,777,4047,CDK inhibitor
HT-29,plate8,Docetaxel (Trihydrate),"[('Docetaxel (Trihydrate)', 0.5, 'uM')]",G1,-1.2087952913656388,1279,4047,Microtubule inhibitor
HT-29,plate8,Docetaxel (Trihydrate),"[('Docetaxel (Trihydrate)', 0.5, 'uM')]",S,0.009999677577745442,1279,4047,Microtubule inhibitor
HT-29,plate8,Docetaxel (Trihydrate),"[('Docetaxel (Trihydrate)', 0.5, 'uM')]",G2M,1.3328007751763569,1279,4047,Microtubule inhibitor
HT-29,plate8,Mebendazole,"[('Mebendazole', 0.5, 'uM')]",G1,-0.9067031483356136,1728,4047,Microtubule inhibitor
HT-29,plate8,Mebendazole,"[('Mebendazole', 0.5, 'uM')]",S,0.04024767300335666,1728,4047,Microtubule inhibitor
HT-29,plate8,Mebendazole,"[('Mebendazole', 0.5, 'uM')]",G2M,1.006667104202132,1728,4047,Microtubule inhibitor
HT-29,plate9,Dinaciclib,"[('Dinaciclib', 5.0, 'uM')]",G1,-3.1831674305215585,309,2530,CDK inhibitor
HT-29,plate9,Dinaciclib,"[('Dinaciclib', 5.0, 'uM')]",S,1.8960739155377913,309,2530,CDK inhibitor
HT-29,plate9,Dinaciclib,"[('Dinaciclib', 5.0, 'uM')]",G2M,1.8154144903160694,309,2530,CDK inhibitor
HT-29,plate9,Docetaxel (Trihydrate),"[('Docetaxel (Trihydrate)', 5.0, 'uM')]",G1,-0.796512633959214,1227,2530,Microtubule inhibitor
HT-29,plate9,Docetaxel (Trihydrate),"[('Docetaxel (Trihydrate)', 5.0, 'uM')]",S,-0.3986968472661364,1227,2530,Microtubule inhibitor
HT-29,plate9,Docetaxel (Trihydrate),"[('Docetaxel (Trihydrate)', 5.0, 'uM')]",G2M,0.9272053411491789,1227,2530,Microtubule inhibitor
HT-29,plate9,Mebendazole,"[('Mebendazole', 5.0, 'uM')]",G1,-0.8461710829526647,2695,2530,Microtubule inhibitor
HT-29,plate9,Mebendazole,"[('Mebendazole', 5.0, 'uM')]",S,-0.37959707866889175,2695,2530,Microtubule inhibitor
HT-29,plate9,Mebendazole,"[('Mebendazole', 5.0, 'uM')]",G2M,0.9711295209512155,2695,2530,Microtubule inhibitor
HepG2/C3A,plate1,Paclitaxel,"[('Paclitaxel', 0.05, 'uM')]",G1,-0.3149149452693326,1274,3161,Microtubule inhibitor
HepG2/C3A,plate1,Paclitaxel,"[('Paclitaxel', 0.05, 'uM')]",S,0.4243368591464265,1274,3161,Microtubule inhibitor
HepG2/C3A,plate1,Paclitaxel,"[('Paclitaxel', 0.05, 'uM')]",G2M,0.27904648356375933,1274,3161,Microtubule inhibitor
HepG2/C3A,plate1,Tubulin inhibitor 6,"[('Tubulin inhibitor 6', 0.05, 'uM')]",G1,-0.16328729413914225,1041,3161,Microtubule inhibitor
HepG2/C3A,plate1,Tubulin inhibitor 6,"[('Tubulin inhibitor 6', 0.05, 'uM')]",S,0.3854334482453252,1041,3161,Microtubule inhibitor
HepG2/C3A,plate1,Tubulin inhibitor 6,"[('Tubulin inhibitor 6', 0.05, 'uM')]",G2M,0.10358671306714551,1041,3161,Microtubule inhibitor
HepG2/C3A,plate1,palbociclib,"[('palbociclib', 0.05, 'uM')]",G1,-0.7298665178702861,663,3161,CDK inhibitor
HepG2/C3A,plate1,palbociclib,"[('palbociclib', 0.05, 'uM')]",S,1.619058056371971,663,3161,CDK inhibitor
HepG2/C3A,plate1,palbociclib,"[('palbociclib', 0.05, 'uM')]",G2M,0.3525814403630946,663,3161,CDK inhibitor
HepG2/C3A,plate1,vincristine,"[('vincristine', 0.05, 'uM')]",G1,-0.2568419523026519,1174,3161,Microtubule inhibitor
HepG2/C3A,plate1,vincristine,"[('vincristine', 0.05, 'uM')]",S,0.13182017220494732,1174,3161,Microtubule inhibitor
HepG2/C3A,plate1,vincristine,"[('vincristine', 0.05, 'uM')]",G2M,0.283691525044196,1174,3161,Microtubule inhibitor
HepG2/C3A,plate10,Belinostat,"[('Belinostat', 0.05, 'uM')]",G1,-0.11934474256900512,528,1715,HDAC inhibitor
HepG2/C3A,plate10,Belinostat,"[('Belinostat', 0.05, 'uM')]",S,0.6080564191300167,528,1715,HDAC inhibitor
HepG2/C3A,plate10,Belinostat,"[('Belinostat', 0.05, 'uM')]",G2M,0.03945726370541019,528,1715,HDAC inhibitor
HepG2/C3A,plate10,Carbamazepine,"[('Carbamazepine', 0.05, 'uM')]",G1,0.681579948704252,507,1715,HDAC inhibitor
HepG2/C3A,plate10,Carbamazepine,"[('Carbamazepine', 0.05, 'uM')]",S,-0.27960899226451136,507,1715,HDAC inhibitor
HepG2/C3A,plate10,Carbamazepine,"[('Carbamazepine', 0.05, 'uM')]",G2M,-0.7093965018825154,507,1715,HDAC inhibitor
HepG2/C3A,plate10,Panobinostat,"[('Panobinostat', 0.05, 'uM')]",G1,-0.27551824925945145,749,1715,HDAC inhibitor
HepG2/C3A,plate10,Panobinostat,"[('Panobinostat', 0.05, 'uM')]",S,0.5693386390372245,749,1715,HDAC inhibitor
HepG2/C3A,plate10,Panobinostat,"[('Panobinostat', 0.05, 'uM')]",G2M,0.22221278821612475,749,1715,HDAC inhibitor
HepG2/C3A,plate11,Belinostat,"[('Belinostat', 0.5, 'uM')]",G1,-0.5090600442568705,193,1372,HDAC inhibitor
HepG2/C3A,plate11,Belinostat,"[('Belinostat', 0.5, 'uM')]",S,0.3235067508120306,193,1372,HDAC inhibitor
HepG2/C3A,plate11,Belinostat,"[('Belinostat', 0.5, 'uM')]",G2M,0.5334064930562615,193,1372,HDAC inhibitor
HepG2/C3A,plate11,Carbamazepine,"[('Carbamazepine', 0.5, 'uM')]",G1,0.018862128402719457,411,1372,HDAC inhibitor
HepG2/C3A,plate11,Carbamazepine,"[('Carbamazepine', 0.5, 'uM')]",S,0.09433854086539138,411,1372,HDAC inhibitor
HepG2/C3A,plate11,Carbamazepine,"[('Carbamazepine', 0.5, 'uM')]",G2M,-0.04055244753025921,411,1372,HDAC inhibitor
HepG2/C3A,plate11,Panobinostat,"[('Panobinostat', 0.5, 'uM')]",G1,-1.8862805426115685,734,1372,HDAC inhibitor
HepG2/C3A,plate11,Panobinostat,"[('Panobinostat', 0.5, 'uM')]",S,2.3481078554579504,734,1372,HDAC inhibitor
HepG2/C3A,plate11,Panobinostat,"[('Panobinostat', 0.5, 'uM')]",G2M,1.2772976622528693,734,1372,HDAC inhibitor
HepG2/C3A,plate12,Belinostat,"[('Belinostat', 5.0, 'uM')]",G1,-1.7085202872820404,636,1665,HDAC inhibitor
HepG2/C3A,plate12,Belinostat,"[('Belinostat', 5.0, 'uM')]",S,2.5316947063322877,636,1665,HDAC inhibitor
HepG2/C3A,plate12,Belinostat,"[('Belinostat', 5.0, 'uM')]",G2M,1.0969463830349602,636,1665,HDAC inhibitor
HepG2/C3A,plate12,Carbamazepine,"[('Carbamazepine', 5.0, 'uM')]",G1,-0.06266840124648636,585,1665,HDAC inhibitor
HepG2/C3A,plate12,Carbamazepine,"[('Carbamazepine', 5.0, 'uM')]",S,-0.7021900171704138,585,1665,HDAC inhibitor
HepG2/C3A,plate12,Carbamazepine,"[('Carbamazepine', 5.0, 'uM')]",G2M,0.200347207464131,585,1665,HDAC inhibitor
HepG2/C3A,plate12,Panobinostat,"[('Panobinostat', 5.0, 'uM')]",G1,-1.8416295179782032,759,1665,HDAC inhibitor
HepG2/C3A,plate12,Panobinostat,"[('Panobinostat', 5.0, 'uM')]",S,2.387492661836436,759,1665,HDAC inhibitor
HepG2/C3A,plate12,Panobinostat,"[('Panobinostat', 5.0, 'uM')]",G2M,1.3479366326090265,759,1665,HDAC inhibitor
HepG2/C3A,plate13,Abemaciclib,"[('Abemaciclib', 0.05, 'uM')]",G1,-0.507054213999959,1135,943,CDK inhibitor
HepG2/C3A,plate13,Abemaciclib,"[('Abemaciclib', 0.05, 'uM')]",S,0.5167882919147335,1135,943,CDK inhibitor
HepG2/C3A,plate13,Abemaciclib,"[('Abemaciclib', 0.05, 'uM')]",G2M,0.47912732872090796,1135,943,CDK inhibitor
HepG2/C3A,plate13,Ribociclib,"[('Ribociclib', 0.05, 'uM')]",G1,-0.4174179256967773,784,943,CDK inhibitor
HepG2/C3A,plate13,Ribociclib,"[('Ribociclib', 0.05, 'uM')]",S,0.7543421974537922,784,943,CDK inhibitor
HepG2/C3A,plate13,Ribociclib,"[('Ribociclib', 0.05, 'uM')]",G2M,0.313149943162103,784,943,CDK inhibitor
HepG2/C3A,plate13,Ribociclib,"[('Ribociclib', 0.5, 'uM')]",G1,-0.3824299943570668,729,943,CDK inhibitor
HepG2/C3A,plate13,Ribociclib,"[('Ribociclib', 0.5, 'uM')]",S,0.3779678988396045,729,943,CDK inhibitor
HepG2/C3A,plate13,Ribociclib,"[('Ribociclib', 0.5, 'uM')]",G2M,0.3681136773722303,729,943,CDK inhibitor
HepG2/C3A,plate13,Ribociclib,"[('Ribociclib', 5.0, 'uM')]",G1,-0.6251015016225919,775,943,CDK inhibitor
HepG2/C3A,plate13,Ribociclib,"[('Ribociclib', 5.0, 'uM')]",S,0.08485576437440336,775,943,CDK inhibitor
HepG2/C3A,plate13,Ribociclib,"[('Ribociclib', 5.0, 'uM')]",G2M,0.6974477570421235,775,943,CDK inhibitor
HepG2/C3A,plate14,Docetaxel,"[('Docetaxel', 5.0, 'uM')]",G1,-0.1442524268610491,2068,2014,Microtubule inhibitor
HepG2/C3A,plate14,Docetaxel,"[('Docetaxel', 5.0, 'uM')]",S,-0.14925162585793286,2068,2014,Microtubule inhibitor
HepG2/C3A,plate14,Docetaxel,"[('Docetaxel', 5.0, 'uM')]",G2M,0.2741645750662416,2068,2014,Microtubule inhibitor
HepG2/C3A,plate14,Tucidinostat,"[('Tucidinostat', 5.0, 'uM')]",G1,-0.10102145925485782,1659,2014,HDAC inhibitor
HepG2/C3A,plate14,Tucidinostat,"[('Tucidinostat', 5.0, 'uM')]",S,0.03614296879777717,1659,2014,HDAC inhibitor
HepG2/C3A,plate14,Tucidinostat,"[('Tucidinostat', 5.0, 'uM')]",G2M,0.12865548332172433,1659,2014,HDAC inhibitor
HepG2/C3A,plate14,Vinblastine (sulfate),"[('Vinblastine (sulfate)', 5.0, 'uM')]",G1,-0.09930359181094242,1307,2014,Microtubule inhibitor
HepG2/C3A,plate14,Vinblastine (sulfate),"[('Vinblastine (sulfate)', 5.0, 'uM')]",S,0.02386648716714589,1307,2014,Microtubule inhibitor
HepG2/C3A,plate14,Vinblastine (sulfate),"[('Vinblastine (sulfate)', 5.0, 'uM')]",G2M,0.1342556734502661,1307,2014,Microtubule inhibitor
HepG2/C3A,plate2,Abemaciclib,"[('Abemaciclib', 0.5, 'uM')]",G1,-0.21736095780507153,1704,4655,CDK inhibitor
HepG2/C3A,plate2,Abemaciclib,"[('Abemaciclib', 0.5, 'uM')]",S,-0.021932159794992467,1704,4655,CDK inhibitor
HepG2/C3A,plate2,Abemaciclib,"[('Abemaciclib', 0.5, 'uM')]",G2M,0.3832896374025028,1704,4655,CDK inhibitor
HepG2/C3A,plate2,Paclitaxel,"[('Paclitaxel', 0.5, 'uM')]",G1,-0.5579881776466588,2625,4655,Microtubule inhibitor
HepG2/C3A,plate2,Paclitaxel,"[('Paclitaxel', 0.5, 'uM')]",S,0.3548021214170793,2625,4655,Microtubule inhibitor
HepG2/C3A,plate2,Paclitaxel,"[('Paclitaxel', 0.5, 'uM')]",G2M,0.6639308870063491,2625,4655,Microtubule inhibitor
HepG2/C3A,plate2,Tubulin inhibitor 6,"[('Tubulin inhibitor 6', 0.5, 'uM')]",G1,0.01877271667528937,2548,4655,Microtubule inhibitor
HepG2/C3A,plate2,Tubulin inhibitor 6,"[('Tubulin inhibitor 6', 0.5, 'uM')]",S,0.017054235530780486,2548,4655,Microtubule inhibitor
HepG2/C3A,plate2,Tubulin inhibitor 6,"[('Tubulin inhibitor 6', 0.5, 'uM')]",G2M,-0.045243638513210234,2548,4655,Microtubule inhibitor
HepG2/C3A,plate2,palbociclib,"[('palbociclib', 0.5, 'uM')]",G1,0.12157335307360534,1642,4655,CDK inhibitor
HepG2/C3A,plate2,palbociclib,"[('palbociclib', 0.5, 'uM')]",S,0.056458005878472946,1642,4655,CDK inhibitor
HepG2/C3A,plate2,palbociclib,"[('palbociclib', 0.5, 'uM')]",G2M,-0.2716051763157336,1642,4655,CDK inhibitor
HepG2/C3A,plate2,vincristine,"[('vincristine', 0.5, 'uM')]",G1,-0.5925758702172292,588,4655,Microtubule inhibitor
HepG2/C3A,plate2,vincristine,"[('vincristine', 0.5, 'uM')]",S,0.6171658316770772,588,4655,Microtubule inhibitor
HepG2/C3A,plate2,vincristine,"[('vincristine', 0.5, 'uM')]",G2M,0.527150145789506,588,4655,Microtubule inhibitor
HepG2/C3A,plate3,Abemaciclib,"[('Abemaciclib', 5.0, 'uM')]",G1,-0.2962432471135361,718,648,CDK inhibitor
HepG2/C3A,plate3,Abemaciclib,"[('Abemaciclib', 5.0, 'uM')]",S,0.47037622079689057,718,648,CDK inhibitor
HepG2/C3A,plate3,Abemaciclib,"[('Abemaciclib', 5.0, 'uM')]",G2M,0.14342745945409296,718,648,CDK inhibitor
HepG2/C3A,plate3,Paclitaxel,"[('Paclitaxel', 5.0, 'uM')]",G1,-0.10573212382434725,2128,648,Microtubule inhibitor
HepG2/C3A,plate3,Paclitaxel,"[('Paclitaxel', 5.0, 'uM')]",S,-0.20433548846542096,2128,648,Microtubule inhibitor
HepG2/C3A,plate3,Paclitaxel,"[('Paclitaxel', 5.0, 'uM')]",G2M,0.24649725651742663,2128,648,Microtubule inhibitor
HepG2/C3A,plate3,Tubulin inhibitor 6,"[('Tubulin inhibitor 6', 5.0, 'uM')]",G1,-0.49257971764591457,309,648,Microtubule inhibitor
HepG2/C3A,plate3,Tubulin inhibitor 6,"[('Tubulin inhibitor 6', 5.0, 'uM')]",S,0.7167523732766977,309,648,Microtubule inhibitor
HepG2/C3A,plate3,Tubulin inhibitor 6,"[('Tubulin inhibitor 6', 5.0, 'uM')]",G2M,0.28708046443794094,309,648,Microtubule inhibitor
HepG2/C3A,plate3,palbociclib,"[('palbociclib', 5.0, 'uM')]",G1,-0.36560709195188335,430,648,CDK inhibitor
HepG2/C3A,plate3,palbociclib,"[('palbociclib', 5.0, 'uM')]",S,0.33991572481894095,430,648,CDK inhibitor
HepG2/C3A,plate3,palbociclib,"[('palbociclib', 5.0, 'uM')]",G2M,0.3439145234148843,430,648,CDK inhibitor
HepG2/C3A,plate3,vincristine,"[('vincristine', 5.0, 'uM')]",G1,0.11375798243115715,228,648,Microtubule inhibitor
HepG2/C3A,plate3,vincristine,"[('vincristine', 5.0, 'uM')]",S,0.01314537605692217,228,648,Microtubule inhibitor
HepG2/C3A,plate3,vincristine,"[('vincristine', 5.0, 'uM')]",G2M,-0.15063053598171802,228,648,Microtubule inhibitor
HepG2/C3A,plate4,Docetaxel,"[('Docetaxel', 0.05, 'uM')]",G1,-0.986556604444466,424,2599,Microtubule inhibitor
HepG2/C3A,plate4,Docetaxel,"[('Docetaxel', 0.05, 'uM')]",S,0.35228505595752996,424,2599,Microtubule inhibitor
HepG2/C3A,plate4,Docetaxel,"[('Docetaxel', 0.05, 'uM')]",G2M,1.2094075123486272,424,2599,Microtubule inhibitor
HepG2/C3A,plate4,Tucidinostat,"[('Tucidinostat', 0.05, 'uM')]",G1,0.2749982810007384,1309,2599,HDAC inhibitor
HepG2/C3A,plate4,Tucidinostat,"[('Tucidinostat', 0.05, 'uM')]",S,-0.4867965303929214,1309,2599,HDAC inhibitor
HepG2/C3A,plate4,Tucidinostat,"[('Tucidinostat', 0.05, 'uM')]",G2M,-0.13995389659043905,1309,2599,HDAC inhibitor
HepG2/C3A,plate4,Vinblastine (sulfate),"[('Vinblastine (sulfate)', 0.05, 'uM')]",G1,0.14679094581600888,2198,2599,Microtubule inhibitor
HepG2/C3A,plate4,Vinblastine (sulfate),"[('Vinblastine (sulfate)', 0.05, 'uM')]",S,-0.855141832193191,2198,2599,Microtubule inhibitor
HepG2/C3A,plate4,Vinblastine (sulfate),"[('Vinblastine (sulfate)', 0.05, 'uM')]",G2M,0.16614326763461554,2198,2599,Microtubule inhibitor
HepG2/C3A,plate5,Docetaxel,"[('Docetaxel', 0.5, 'uM')]",G1,-0.5835967509926716,1425,2995,Microtubule inhibitor
HepG2/C3A,plate5,Docetaxel,"[('Docetaxel', 0.5, 'uM')]",S,-0.019991140231048306,1425,2995,Microtubule inhibitor
HepG2/C3A,plate5,Docetaxel,"[('Docetaxel', 0.5, 'uM')]",G2M,0.7837138507666307,1425,2995,Microtubule inhibitor
HepG2/C3A,plate5,Tucidinostat,"[('Tucidinostat', 0.5, 'uM')]",G1,-0.05944708204502215,789,2995,HDAC inhibitor
HepG2/C3A,plate5,Tucidinostat,"[('Tucidinostat', 0.5, 'uM')]",S,-0.2255006594689221,789,2995,HDAC inhibitor
HepG2/C3A,plate5,Tucidinostat,"[('Tucidinostat', 0.5, 'uM')]",G2M,0.19002811253264634,789,2995,HDAC inhibitor
HepG2/C3A,plate5,Vinblastine (sulfate),"[('Vinblastine (sulfate)', 0.5, 'uM')]",G1,-0.32380254465128644,503,2995,Microtubule inhibitor
HepG2/C3A,plate5,Vinblastine (sulfate),"[('Vinblastine (sulfate)', 0.5, 'uM')]",S,-0.29246656432465123,503,2995,Microtubule inhibitor
HepG2/C3A,plate5,Vinblastine (sulfate),"[('Vinblastine (sulfate)', 0.5, 'uM')]",G2M,0.5555190223944904,503,2995,Microtubule inhibitor
HepG2/C3A,plate6,Docetaxel,"[('Docetaxel', 5.0, 'uM')]",G1,-0.5654708587638849,1196,4043,Microtubule inhibitor
HepG2/C3A,plate6,Docetaxel,"[('Docetaxel', 5.0, 'uM')]",S,0.09151681761087012,1196,4043,Microtubule inhibitor
HepG2/C3A,plate6,Docetaxel,"[('Docetaxel', 5.0, 'uM')]",G2M,0.7343321257981978,1196,4043,Microtubule inhibitor
HepG2/C3A,plate6,Tucidinostat,"[('Tucidinostat', 5.0, 'uM')]",G1,0.011574013070041514,1085,4043,HDAC inhibitor
HepG2/C3A,plate6,Tucidinostat,"[('Tucidinostat', 5.0, 'uM')]",S,-1.229405564415347,1085,4043,HDAC inhibitor
HepG2/C3A,plate6,Tucidinostat,"[('Tucidinostat', 5.0, 'uM')]",G2M,0.3610277412060309,1085,4043,HDAC inhibitor
HepG2/C3A,plate6,Vinblastine (sulfate),"[('Vinblastine (sulfate)', 5.0, 'uM')]",G1,-0.3663450826807009,1161,4043,Microtubule inhibitor
HepG2/C3A,plate6,Vinblastine (sulfate),"[('Vinblastine (sulfate)', 5.0, 'uM')]",S,0.5820709537439479,1161,4043,Microtubule inhibitor
HepG2/C3A,plate6,Vinblastine (sulfate),"[('Vinblastine (sulfate)', 5.0, 'uM')]",G2M,0.23363950686489346,1161,4043,Microtubule inhibitor
HepG2/C3A,plate7,Dinaciclib,"[('Dinaciclib', 0.05, 'uM')]",G1,-2.010768340009496,106,687,CDK inhibitor
HepG2/C3A,plate7,Dinaciclib,"[('Dinaciclib', 0.05, 'uM')]",S,1.4629850429466222,106,687,CDK inhibitor
HepG2/C3A,plate7,Dinaciclib,"[('Dinaciclib', 0.05, 'uM')]",G2M,1.7747579291141635,106,687,CDK inhibitor
HepG2/C3A,plate7,Docetaxel (Trihydrate),"[('Docetaxel (Trihydrate)', 0.05, 'uM')]",G1,-0.7066825544418089,363,687,Microtubule inhibitor
HepG2/C3A,plate7,Docetaxel (Trihydrate),"[('Docetaxel (Trihydrate)', 0.05, 'uM')]",S,-0.5565462138361726,363,687,Microtubule inhibitor
HepG2/C3A,plate7,Docetaxel (Trihydrate),"[('Docetaxel (Trihydrate)', 0.05, 'uM')]",G2M,0.9136217460683574,363,687,Microtubule inhibitor
HepG2/C3A,plate7,Mebendazole,"[('Mebendazole', 0.05, 'uM')]",G1,0.06388757980052877,354,687,Microtubule inhibitor
HepG2/C3A,plate7,Mebendazole,"[('Mebendazole', 0.05, 'uM')]",S,-0.2794829887336515,354,687,Microtubule inhibitor
HepG2/C3A,plate7,Mebendazole,"[('Mebendazole', 0.05, 'uM')]",G2M,0.010106595039040486,354,687,Microtubule inhibitor
HepG2/C3A,plate8,Dinaciclib,"[('Dinaciclib', 0.5, 'uM')]",G1,-2.040361516215853,203,1691,CDK inhibitor
HepG2/C3A,plate8,Dinaciclib,"[('Dinaciclib', 0.5, 'uM')]",S,2.3037520953383965,203,1691,CDK inhibitor
HepG2/C3A,plate8,Dinaciclib,"[('Dinaciclib', 0.5, 'uM')]",G2M,1.733009695414029,203,1691,CDK inhibitor
HepG2/C3A,plate8,Docetaxel (Trihydrate),"[('Docetaxel (Trihydrate)', 0.5, 'uM')]",G1,-0.9619039716225347,484,1691,Microtubule inhibitor
HepG2/C3A,plate8,Docetaxel (Trihydrate),"[('Docetaxel (Trihydrate)', 0.5, 'uM')]",S,0.9732942011074408,484,1691,Microtubule inhibitor
HepG2/C3A,plate8,Docetaxel (Trihydrate),"[('Docetaxel (Trihydrate)', 0.5, 'uM')]",G2M,0.9047372950441565,484,1691,Microtubule inhibitor
HepG2/C3A,plate8,Mebendazole,"[('Mebendazole', 0.5, 'uM')]",G1,-0.5488461415012444,537,1691,Microtubule inhibitor
HepG2/C3A,plate8,Mebendazole,"[('Mebendazole', 0.5, 'uM')]",S,-0.5147442389759965,537,1691,Microtubule inhibitor
HepG2/C3A,plate8,Mebendazole,"[('Mebendazole', 0.5, 'uM')]",G2M,0.7323187696770342,537,1691,Microtubule inhibitor
HepG2/C3A,plate9,Dinaciclib,"[('Dinaciclib', 5.0, 'uM')]",G1,-2.0824838817755875,99,858,CDK inhibitor
HepG2/C3A,plate9,Dinaciclib,"[('Dinaciclib', 5.0, 'uM')]",S,2.238472014289353,99,858,CDK inhibitor
HepG2/C3A,plate9,Dinaciclib,"[('Dinaciclib', 5.0, 'uM')]",G2M,1.6113678077523514,99,858,CDK inhibitor
HepG2/C3A,plate9,Docetaxel (Trihydrate),"[('Docetaxel (Trihydrate)', 5.0, 'uM')]",G1,0.00257798324453673,517,858,Microtubule inhibitor
HepG2/C3A,plate9,Docetaxel (Trihydrate),"[('Docetaxel (Trihydrate)', 5.0, 'uM')]",S,-0.10057073591680635,517,858,Microtubule inhibitor
HepG2/C3A,plate9,Docetaxel (Trihydrate),"[('Docetaxel (Trihydrate)', 5.0, 'uM')]",G2M,0.020956865041872146,517,858,Microtubule inhibitor
HepG2/C3A,plate9,Mebendazole,"[('Mebendazole', 5.0, 'uM')]",G1,0.16953516868771357,1117,858,Microtubule inhibitor
HepG2/C3A,plate9,Mebendazole,"[('Mebendazole', 5.0, 'uM')]",S,-0.28726990306375594,1117,858,Microtubule inhibitor
HepG2/C3A,plate9,Mebendazole,"[('Mebendazole', 5.0, 'uM')]",G2M,-0.13555477347514727,1117,858,Microtubule inhibitor
Hs 766T,plate1,Paclitaxel,"[('Paclitaxel', 0.05, 'uM')]",G1,0.4207970238980592,857,2137,Microtubule inhibitor
Hs 766T,plate1,Paclitaxel,"[('Paclitaxel', 0.05, 'uM')]",S,-0.7336301392035064,857,2137,Microtubule inhibitor
Hs 766T,plate1,Paclitaxel,"[('Paclitaxel', 0.05, 'uM')]",G2M,-0.23978448189902823,857,2137,Microtubule inhibitor
Hs 766T,plate1,Tubulin inhibitor 6,"[('Tubulin inhibitor 6', 0.05, 'uM')]",G1,0.20835258919117522,719,2137,Microtubule inhibitor
Hs 766T,plate1,Tubulin inhibitor 6,"[('Tubulin inhibitor 6', 0.05, 'uM')]",S,-0.3278553329835956,719,2137,Microtubule inhibitor
Hs 766T,plate1,Tubulin inhibitor 6,"[('Tubulin inhibitor 6', 0.05, 'uM')]",G2M,-0.1197286038617876,719,2137,Microtubule inhibitor
Hs 766T,plate1,palbociclib,"[('palbociclib', 0.05, 'uM')]",G1,0.36012608850401207,545,2137,CDK inhibitor
Hs 766T,plate1,palbociclib,"[('palbociclib', 0.05, 'uM')]",S,-0.7083204739178899,545,2137,CDK inhibitor
Hs 766T,plate1,palbociclib,"[('palbociclib', 0.05, 'uM')]",G2M,-0.17368256430140042,545,2137,CDK inhibitor
Hs 766T,plate1,vincristine,"[('vincristine', 0.05, 'uM')]",G1,-0.18926340962853533,727,2137,Microtubule inhibitor
Hs 766T,plate1,vincristine,"[('vincristine', 0.05, 'uM')]",S,-0.04254463564157854,727,2137,Microtubule inhibitor
Hs 766T,plate1,vincristine,"[('vincristine', 0.05, 'uM')]",G2M,0.24385663979710998,727,2137,Microtubule inhibitor
Hs 766T,plate10,Belinostat,"[('Belinostat', 0.05, 'uM')]",G1,-0.6154549597760355,2911,8234,HDAC inhibitor
Hs 766T,plate10,Belinostat,"[('Belinostat', 0.05, 'uM')]",S,-0.06159313967323608,2911,8234,HDAC inhibitor
Hs 766T,plate10,Belinostat,"[('Belinostat', 0.05, 'uM')]",G2M,0.675847263233873,2911,8234,HDAC inhibitor
Hs 766T,plate10,Carbamazepine,"[('Carbamazepine', 0.05, 'uM')]",G1,-0.3818841389767613,2637,8234,HDAC inhibitor
Hs 766T,plate10,Carbamazepine,"[('Carbamazepine', 0.05, 'uM')]",S,0.006422221017494004,2637,8234,HDAC inhibitor
Hs 766T,plate10,Carbamazepine,"[('Carbamazepine', 0.05, 'uM')]",G2M,0.41783158726705366,2637,8234,HDAC inhibitor
Hs 766T,plate10,Panobinostat,"[('Panobinostat', 0.05, 'uM')]",G1,-0.9469930904135301,4118,8234,HDAC inhibitor
Hs 766T,plate10,Panobinostat,"[('Panobinostat', 0.05, 'uM')]",S,-0.10212795754003336,4118,8234,HDAC inhibitor
Hs 766T,plate10,Panobinostat,"[('Panobinostat', 0.05, 'uM')]",G2M,1.028548506943814,4118,8234,HDAC inhibitor
Hs 766T,plate11,Belinostat,"[('Belinostat', 0.5, 'uM')]",G1,-0.6980662784115395,1604,7493,HDAC inhibitor
Hs 766T,plate11,Belinostat,"[('Belinostat', 0.5, 'uM')]",S,0.6066455329930516,1604,7493,HDAC inhibitor
Hs 766T,plate11,Belinostat,"[('Belinostat', 0.5, 'uM')]",G2M,0.5901478555253414,1604,7493,HDAC inhibitor
Hs 766T,plate11,Carbamazepine,"[('Carbamazepine', 0.5, 'uM')]",G1,0.0012571935515791664,2094,7493,HDAC inhibitor
Hs 766T,plate11,Carbamazepine,"[('Carbamazepine', 0.5, 'uM')]",S,-0.21958282591222272,2094,7493,HDAC inhibitor
Hs 766T,plate11,Carbamazepine,"[('Carbamazepine', 0.5, 'uM')]",G2M,0.04733133780702745,2094,7493,HDAC inhibitor
Hs 766T,plate11,Panobinostat,"[('Panobinostat', 0.5, 'uM')]",G1,-1.5675246542947545,3604,7493,HDAC inhibitor
Hs 766T,plate11,Panobinostat,"[('Panobinostat', 0.5, 'uM')]",S,1.2604481261157132,3604,7493,HDAC inhibitor
Hs 766T,plate11,Panobinostat,"[('Panobinostat', 0.5, 'uM')]",G2M,1.237488197007966,3604,7493,HDAC inhibitor
Hs 766T,plate12,Belinostat,"[('Belinostat', 5.0, 'uM')]",G1,-1.8924691436714185,4509,6850,HDAC inhibitor
Hs 766T,plate12,Belinostat,"[('Belinostat', 5.0, 'uM')]",S,1.534400144406228,4509,6850,HDAC inhibitor
Hs 766T,plate12,Belinostat,"[('Belinostat', 5.0, 'uM')]",G2M,1.5136784567829291,4509,6850,HDAC inhibitor
Hs 766T,plate12,Carbamazepine,"[('Carbamazepine', 5.0, 'uM')]",G1,0.11797534377580635,2287,6850,HDAC inhibitor
Hs 766T,plate12,Carbamazepine,"[('Carbamazepine', 5.0, 'uM')]",S,-0.13541984196998424,2287,6850,HDAC inhibitor
Hs 766T,plate12,Carbamazepine,"[('Carbamazepine', 5.0, 'uM')]",G2M,-0.10005458146930271,2287,6850,HDAC inhibitor
Hs 766T,plate12,Panobinostat,"[('Panobinostat', 5.0, 'uM')]",G1,-1.8786973406977174,3238,6850,HDAC inhibitor
Hs 766T,plate12,Panobinostat,"[('Panobinostat', 5.0, 'uM')]",S,1.5048161898013765,3238,6850,HDAC inhibitor
Hs 766T,plate12,Panobinostat,"[('Panobinostat', 5.0, 'uM')]",G2M,1.5130222851160948,3238,6850,HDAC inhibitor
Hs 766T,plate13,Abemaciclib,"[('Abemaciclib', 0.05, 'uM')]",G1,0.10074028959135777,3862,4308,CDK inhibitor
Hs 766T,plate13,Abemaciclib,"[('Abemaciclib', 0.05, 'uM')]",S,0.3904584043549284,3862,4308,CDK inhibitor
Hs 766T,plate13,Abemaciclib,"[('Abemaciclib', 0.05, 'uM')]",G2M,-0.15690144639094303,3862,4308,CDK inhibitor
Hs 766T,plate13,Ribociclib,"[('Ribociclib', 0.05, 'uM')]",G1,0.18060516402626559,3855,4308,CDK inhibitor
Hs 766T,plate13,Ribociclib,"[('Ribociclib', 0.05, 'uM')]",S,0.6772676240424662,3855,4308,CDK inhibitor
Hs 766T,plate13,Ribociclib,"[('Ribociclib', 0.05, 'uM')]",G2M,-0.29213837313304175,3855,4308,CDK inhibitor
Hs 766T,plate13,Ribociclib,"[('Ribociclib', 0.5, 'uM')]",G1,0.11169429384641821,3285,4308,CDK inhibitor
Hs 766T,plate13,Ribociclib,"[('Ribociclib', 0.5, 'uM')]",S,0.5428827535943931,3285,4308,CDK inhibitor
Hs 766T,plate13,Ribociclib,"[('Ribociclib', 0.5, 'uM')]",G2M,-0.19256154299218498,3285,4308,CDK inhibitor
Hs 766T,plate13,Ribociclib,"[('Ribociclib', 5.0, 'uM')]",G1,0.12007562614678947,3771,4308,CDK inhibitor
Hs 766T,plate13,Ribociclib,"[('Ribociclib', 5.0, 'uM')]",S,0.2767733588504796,3771,4308,CDK inhibitor
Hs 766T,plate13,Ribociclib,"[('Ribociclib', 5.0, 'uM')]",G2M,-0.16137513333486442,3771,4308,CDK inhibitor
Hs 766T,plate14,Docetaxel,"[('Docetaxel', 5.0, 'uM')]",G1,-0.09094475429600342,1128,1104,Microtubule inhibitor
Hs 766T,plate14,Docetaxel,"[('Docetaxel', 5.0, 'uM')]",S,-0.24215937255566017,1128,1104,Microtubule inhibitor
Hs 766T,plate14,Docetaxel,"[('Docetaxel', 5.0, 'uM')]",G2M,0.231478639370599,1128,1104,Microtubule inhibitor
Hs 766T,plate14,Tucidinostat,"[('Tucidinostat', 5.0, 'uM')]",G1,0.23719481224612385,929,1104,HDAC inhibitor
Hs 766T,plate14,Tucidinostat,"[('Tucidinostat', 5.0, 'uM')]",S,-0.3418394191863023,929,1104,HDAC inhibitor
Hs 766T,plate14,Tucidinostat,"[('Tucidinostat', 5.0, 'uM')]",G2M,-0.13266923685766507,929,1104,HDAC inhibitor
Hs 766T,plate14,Vinblastine (sulfate),"[('Vinblastine (sulfate)', 5.0, 'uM')]",G1,0.14637513618676817,931,1104,Microtubule inhibitor
Hs 766T,plate14,Vinblastine (sulfate),"[('Vinblastine (sulfate)', 5.0, 'uM')]",S,-0.10110298903116863,931,1104,Microtubule inhibitor
Hs 766T,plate14,Vinblastine (sulfate),"[('Vinblastine (sulfate)', 5.0, 'uM')]",G2M,-0.13646830433512822,931,1104,Microtubule inhibitor
Hs 766T,plate2,Abemaciclib,"[('Abemaciclib', 0.5, 'uM')]",G1,0.10822224348319937,1189,2735,CDK inhibitor
Hs 766T,plate2,Abemaciclib,"[('Abemaciclib', 0.5, 'uM')]",S,-0.010176156088045282,1189,2735,CDK inhibitor
Hs 766T,plate2,Abemaciclib,"[('Abemaciclib', 0.5, 'uM')]",G2M,-0.13993934638329403,1189,2735,CDK inhibitor
Hs 766T,plate2,Paclitaxel,"[('Paclitaxel', 0.5, 'uM')]",G1,-0.05925871651569712,1808,2735,Microtubule inhibitor
Hs 766T,plate2,Paclitaxel,"[('Paclitaxel', 0.5, 'uM')]",S,-0.24469444873874563,1808,2735,Microtubule inhibitor
Hs 766T,plate2,Paclitaxel,"[('Paclitaxel', 0.5, 'uM')]",G2M,0.20119102235482997,1808,2735,Microtubule inhibitor
Hs 766T,plate2,Tubulin inhibitor 6,"[('Tubulin inhibitor 6', 0.5, 'uM')]",G1,0.1573429583122653,1506,2735,Microtubule inhibitor
Hs 766T,plate2,Tubulin inhibitor 6,"[('Tubulin inhibitor 6', 0.5, 'uM')]",S,-0.11670205377044739,1506,2735,Microtubule inhibitor
Hs 766T,plate2,Tubulin inhibitor 6,"[('Tubulin inhibitor 6', 0.5, 'uM')]",G2M,-0.1467838971382143,1506,2735,Microtubule inhibitor
Hs 766T,plate2,palbociclib,"[('palbociclib', 0.5, 'uM')]",G1,1.1224452752217489,1098,2735,CDK inhibitor
Hs 766T,plate2,palbociclib,"[('palbociclib', 0.5, 'uM')]",S,-1.3261462055290523,1098,2735,CDK inhibitor
Hs 766T,plate2,palbociclib,"[('palbociclib', 0.5, 'uM')]",G2M,-0.8680366484557777,1098,2735,CDK inhibitor
Hs 766T,plate2,vincristine,"[('vincristine', 0.5, 'uM')]",G1,-0.9192114273290745,363,2735,Microtubule inhibitor
Hs 766T,plate2,vincristine,"[('vincristine', 0.5, 'uM')]",S,0.5744544235363083,363,2735,Microtubule inhibitor
Hs 766T,plate2,vincristine,"[('vincristine', 0.5, 'uM')]",G2M,0.8682010980053684,363,2735,Microtubule inhibitor
Hs 766T,plate3,Abemaciclib,"[('Abemaciclib', 5.0, 'uM')]",G1,0.14080847810937225,361,705,CDK inhibitor
Hs 766T,plate3,Abemaciclib,"[('Abemaciclib', 5.0, 'uM')]",S,-0.051587044979032166,361,705,CDK inhibitor
Hs 766T,plate3,Abemaciclib,"[('Abemaciclib', 5.0, 'uM')]",G2M,-0.14314743483003714,361,705,CDK inhibitor
Hs 766T,plate3,Paclitaxel,"[('Paclitaxel', 5.0, 'uM')]",G1,0.6327838491553772,1416,705,Microtubule inhibitor
Hs 766T,plate3,Paclitaxel,"[('Paclitaxel', 5.0, 'uM')]",S,-0.5773576089182118,1416,705,Microtubule inhibitor
Hs 766T,plate3,Paclitaxel,"[('Paclitaxel', 5.0, 'uM')]",G2M,-0.524040487002209,1416,705,Microtubule inhibitor
Hs 766T,plate3,Tubulin inhibitor 6,"[('Tubulin inhibitor 6', 5.0, 'uM')]",G1,0.061510953993043085,276,705,Microtubule inhibitor
Hs 766T,plate3,Tubulin inhibitor 6,"[('Tubulin inhibitor 6', 5.0, 'uM')]",S,-0.2158247164612322,276,705,Microtubule inhibitor
Hs 766T,plate3,Tubulin inhibitor 6,"[('Tubulin inhibitor 6', 5.0, 'uM')]",G2M,0.03410988106354145,276,705,Microtubule inhibitor
Hs 766T,plate3,palbociclib,"[('palbociclib', 5.0, 'uM')]",G1,0.7664614283602225,388,705,CDK inhibitor
Hs 766T,plate3,palbociclib,"[('palbociclib', 5.0, 'uM')]",S,-0.7454601431490121,388,705,CDK inhibitor
Hs 766T,plate3,palbociclib,"[('palbociclib', 5.0, 'uM')]",G2M,-0.611877958729438,388,705,CDK inhibitor
Hs 766T,plate3,vincristine,"[('vincristine', 5.0, 'uM')]",G1,-0.43895298237474256,193,705,Microtubule inhibitor
Hs 766T,plate3,vincristine,"[('vincristine', 5.0, 'uM')]",S,-0.48025402163276254,193,705,Microtubule inhibitor
Hs 766T,plate3,vincristine,"[('vincristine', 5.0, 'uM')]",G2M,0.70091037019001,193,705,Microtubule inhibitor
Hs 766T,plate4,Docetaxel,"[('Docetaxel', 0.05, 'uM')]",G1,-0.5696613575840587,263,1889,Microtubule inhibitor
Hs 766T,plate4,Docetaxel,"[('Docetaxel', 0.05, 'uM')]",S,-0.18940557034645888,263,1889,Microtubule inhibitor
Hs 766T,plate4,Docetaxel,"[('Docetaxel', 0.05, 'uM')]",G2M,0.7182543850935621,263,1889,Microtubule inhibitor
Hs 766T,plate4,Tucidinostat,"[('Tucidinostat', 0.05, 'uM')]",G1,0.43813877289146463,1043,1889,HDAC inhibitor
Hs 766T,plate4,Tucidinostat,"[('Tucidinostat', 0.05, 'uM')]",S,-0.6423238164163241,1043,1889,HDAC inhibitor
Hs 766T,plate4,Tucidinostat,"[('Tucidinostat', 0.05, 'uM')]",G2M,-0.3102837660708914,1043,1889,HDAC inhibitor
Hs 766T,plate4,Vinblastine (sulfate),"[('Vinblastine (sulfate)', 0.05, 'uM')]",G1,-0.40016911905927705,1140,1889,Microtubule inhibitor
Hs 766T,plate4,Vinblastine (sulfate),"[('Vinblastine (sulfate)', 0.05, 'uM')]",S,0.548370336992965,1140,1889,Microtubule inhibitor
Hs 766T,plate4,Vinblastine (sulfate),"[('Vinblastine (sulfate)', 0.05, 'uM')]",G2M,0.25727637124810593,1140,1889,Microtubule inhibitor
Hs 766T,plate5,Docetaxel,"[('Docetaxel', 0.5, 'uM')]",G1,-0.22950527288440375,888,2152,Microtubule inhibitor
Hs 766T,plate5,Docetaxel,"[('Docetaxel', 0.5, 'uM')]",S,-0.7639700738625443,888,2152,Microtubule inhibitor
Hs 766T,plate5,Docetaxel,"[('Docetaxel', 0.5, 'uM')]",G2M,0.5080658395933401,888,2152,Microtubule inhibitor
Hs 766T,plate5,Tucidinostat,"[('Tucidinostat', 0.5, 'uM')]",G1,0.7110092431602505,658,2152,HDAC inhibitor
Hs 766T,plate5,Tucidinostat,"[('Tucidinostat', 0.5, 'uM')]",S,-1.1615972239198282,658,2152,HDAC inhibitor
Hs 766T,plate5,Tucidinostat,"[('Tucidinostat', 0.5, 'uM')]",G2M,-0.44488591742206085,658,2152,HDAC inhibitor
Hs 766T,plate5,Vinblastine (sulfate),"[('Vinblastine (sulfate)', 0.5, 'uM')]",G1,0.18367992758011828,434,2152,Microtubule inhibitor
Hs 766T,plate5,Vinblastine (sulfate),"[('Vinblastine (sulfate)', 0.5, 'uM')]",S,0.00941163142280816,434,2152,Microtubule inhibitor
Hs 766T,plate5,Vinblastine (sulfate),"[('Vinblastine (sulfate)', 0.5, 'uM')]",G2M,-0.22255594620216715,434,2152,Microtubule inhibitor
Hs 766T,plate6,Docetaxel,"[('Docetaxel', 5.0, 'uM')]",G1,-0.13303635193668836,527,2725,Microtubule inhibitor
Hs 766T,plate6,Docetaxel,"[('Docetaxel', 5.0, 'uM')]",S,-0.4497896301473317,527,2725,Microtubule inhibitor
Hs 766T,plate6,Docetaxel,"[('Docetaxel', 5.0, 'uM')]",G2M,0.2988053082702837,527,2725,Microtubule inhibitor
Hs 766T,plate6,Tucidinostat,"[('Tucidinostat', 5.0, 'uM')]",G1,0.9987162957266241,845,2725,HDAC inhibitor
Hs 766T,plate6,Tucidinostat,"[('Tucidinostat', 5.0, 'uM')]",S,-1.7726790643748358,845,2725,HDAC inhibitor
Hs 766T,plate6,Tucidinostat,"[('Tucidinostat', 5.0, 'uM')]",G2M,-0.6995387326586343,845,2725,HDAC inhibitor
Hs 766T,plate6,Vinblastine (sulfate),"[('Vinblastine (sulfate)', 5.0, 'uM')]",G1,0.2935703801256867,588,2725,Microtubule inhibitor
Hs 766T,plate6,Vinblastine (sulfate),"[('Vinblastine (sulfate)', 5.0, 'uM')]",S,-0.40228032701877886,588,2725,Microtubule inhibitor
Hs 766T,plate6,Vinblastine (sulfate),"[('Vinblastine (sulfate)', 5.0, 'uM')]",G2M,-0.20606056940039072,588,2725,Microtubule inhibitor
Hs 766T,plate7,Dinaciclib,"[('Dinaciclib', 0.05, 'uM')]",G1,-1.743344475946889,270,2934,CDK inhibitor
Hs 766T,plate7,Dinaciclib,"[('Dinaciclib', 0.05, 'uM')]",S,0.8771929689521654,270,2934,CDK inhibitor
Hs 766T,plate7,Dinaciclib,"[('Dinaciclib', 0.05, 'uM')]",G2M,1.4592400265052778,270,2934,CDK inhibitor
Hs 766T,plate7,Docetaxel (Trihydrate),"[('Docetaxel (Trihydrate)', 0.05, 'uM')]",G1,-0.058515119601172894,1625,2934,Microtubule inhibitor
Hs 766T,plate7,Docetaxel (Trihydrate),"[('Docetaxel (Trihydrate)', 0.05, 'uM')]",S,-0.3543873705385119,1625,2934,Microtubule inhibitor
Hs 766T,plate7,Docetaxel (Trihydrate),"[('Docetaxel (Trihydrate)', 0.05, 'uM')]",G2M,0.14099785714886312,1625,2934,Microtubule inhibitor
Hs 766T,plate7,Mebendazole,"[('Mebendazole', 0.05, 'uM')]",G1,-0.03201511801130242,1993,2934,Microtubule inhibitor
Hs 766T,plate7,Mebendazole,"[('Mebendazole', 0.05, 'uM')]",S,-0.18140741701205168,1993,2934,Microtubule inhibitor
Hs 766T,plate7,Mebendazole,"[('Mebendazole', 0.05, 'uM')]",G2M,0.07699118065270148,1993,2934,Microtubule inhibitor
Hs 766T,plate8,Dinaciclib,"[('Dinaciclib', 0.5, 'uM')]",G1,-1.689864550094177,557,7681,CDK inhibitor
Hs 766T,plate8,Dinaciclib,"[('Dinaciclib', 0.5, 'uM')]",S,1.9237354782004825,557,7681,CDK inhibitor
Hs 766T,plate8,Dinaciclib,"[('Dinaciclib', 0.5, 'uM')]",G2M,1.38793124243054,557,7681,CDK inhibitor
Hs 766T,plate8,Docetaxel (Trihydrate),"[('Docetaxel (Trihydrate)', 0.5, 'uM')]",G1,-0.5966170655124093,2698,7681,Microtubule inhibitor
Hs 766T,plate8,Docetaxel (Trihydrate),"[('Docetaxel (Trihydrate)', 0.5, 'uM')]",S,0.3222015332784737,2698,7681,Microtubule inhibitor
Hs 766T,plate8,Docetaxel (Trihydrate),"[('Docetaxel (Trihydrate)', 0.5, 'uM')]",G2M,0.6023870826109908,2698,7681,Microtubule inhibitor
Hs 766T,plate8,Mebendazole,"[('Mebendazole', 0.5, 'uM')]",G1,-0.3686166693487179,2410,7681,Microtubule inhibitor
Hs 766T,plate8,Mebendazole,"[('Mebendazole', 0.5, 'uM')]",S,0.036585920213393054,2410,7681,Microtubule inhibitor
Hs 766T,plate8,Mebendazole,"[('Mebendazole', 0.5, 'uM')]",G2M,0.4015326031482893,2410,7681,Microtubule inhibitor
Hs 766T,plate9,Dinaciclib,"[('Dinaciclib', 5.0, 'uM')]",G1,-2.9126794755194245,125,4255,CDK inhibitor
Hs 766T,plate9,Dinaciclib,"[('Dinaciclib', 5.0, 'uM')]",S,2.118048550912725,125,4255,CDK inhibitor
Hs 766T,plate9,Dinaciclib,"[('Dinaciclib', 5.0, 'uM')]",G2M,1.815658201837324,125,4255,CDK inhibitor
Hs 766T,plate9,Docetaxel (Trihydrate),"[('Docetaxel (Trihydrate)', 5.0, 'uM')]",G1,0.11967356689844429,2155,4255,Microtubule inhibitor
Hs 766T,plate9,Docetaxel (Trihydrate),"[('Docetaxel (Trihydrate)', 5.0, 'uM')]",S,-0.5413700349791465,2155,4255,Microtubule inhibitor
Hs 766T,plate9,Docetaxel (Trihydrate),"[('Docetaxel (Trihydrate)', 5.0, 'uM')]",G2M,-0.027826389613048168,2155,4255,Microtubule inhibitor
Hs 766T,plate9,Mebendazole,"[('Mebendazole', 5.0, 'uM')]",G1,-0.03615956161657523,4771,4255,Microtubule inhibitor
Hs 766T,plate9,Mebendazole,"[('Mebendazole', 5.0, 'uM')]",S,-0.4094288209103858,4771,4255,Microtubule inhibitor
Hs 766T,plate9,Mebendazole,"[('Mebendazole', 5.0, 'uM')]",G2M,0.1133494851016899,4771,4255,Microtubule inhibitor
J82,plate1,Paclitaxel,"[('Paclitaxel', 0.05, 'uM')]",G1,0.013475152770594991,1470,3787,Microtubule inhibitor
J82,plate1,Paclitaxel,"[('Paclitaxel', 0.05, 'uM')]",S,0.17441627783011884,1470,3787,Microtubule inhibitor
J82,plate1,Paclitaxel,"[('Paclitaxel', 0.05, 'uM')]",G2M,-0.1612999442208988,1470,3787,Microtubule inhibitor
J82,plate1,Tubulin inhibitor 6,"[('Tubulin inhibitor 6', 0.05, 'uM')]",G1,-0.06702042742965647,882,3787,Microtubule inhibitor
J82,plate1,Tubulin inhibitor 6,"[('Tubulin inhibitor 6', 0.05, 'uM')]",S,0.05361418177965867,882,3787,Microtubule inhibitor
J82,plate1,Tubulin inhibitor 6,"[('Tubulin inhibitor 6', 0.05, 'uM')]",G2M,0.007955128888220243,882,3787,Microtubule inhibitor
J82,plate1,palbociclib,"[('palbociclib', 0.05, 'uM')]",G1,-0.34212977331462074,928,3787,CDK inhibitor
J82,plate1,palbociclib,"[('palbociclib', 0.05, 'uM')]",S,0.2670988390076395,928,3787,CDK inhibitor
J82,plate1,palbociclib,"[('palbociclib', 0.05, 'uM')]",G2M,0.016721610668487614,928,3787,CDK inhibitor
J82,plate1,vincristine,"[('vincristine', 0.05, 'uM')]",G1,-0.5207931756773992,921,3787,Microtubule inhibitor
J82,plate1,vincristine,"[('vincristine', 0.05, 'uM')]",S,0.0023182091213403222,921,3787,Microtubule inhibitor
J82,plate1,vincristine,"[('vincristine', 0.05, 'uM')]",G2M,0.36288701873560836,921,3787,Microtubule inhibitor
J82,plate10,Belinostat,"[('Belinostat', 0.05, 'uM')]",G1,-0.43348385459087074,1792,4858,HDAC inhibitor
J82,plate10,Belinostat,"[('Belinostat', 0.05, 'uM')]",S,0.31376920916137535,1792,4858,HDAC inhibitor
J82,plate10,Belinostat,"[('Belinostat', 0.05, 'uM')]",G2M,0.2547511723227708,1792,4858,HDAC inhibitor
J82,plate10,Carbamazepine,"[('Carbamazepine', 0.05, 'uM')]",G1,-0.295807952248228,1475,4858,HDAC inhibitor
J82,plate10,Carbamazepine,"[('Carbamazepine', 0.05, 'uM')]",S,0.396986586296823,1475,4858,HDAC inhibitor
J82,plate10,Carbamazepine,"[('Carbamazepine', 0.05, 'uM')]",G2M,0.04334729725018992,1475,4858,HDAC inhibitor
J82,plate10,Panobinostat,"[('Panobinostat', 0.05, 'uM')]",G1,-0.09662014772481342,2382,4858,HDAC inhibitor
J82,plate10,Panobinostat,"[('Panobinostat', 0.05, 'uM')]",S,-0.33442360814062116,2382,4858,HDAC inhibitor
J82,plate10,Panobinostat,"[('Panobinostat', 0.05, 'uM')]",G2M,0.3100777309997304,2382,4858,HDAC inhibitor
J82,plate11,Belinostat,"[('Belinostat', 0.5, 'uM')]",G1,-0.4151871153202895,891,3710,HDAC inhibitor
J82,plate11,Belinostat,"[('Belinostat', 0.5, 'uM')]",S,-0.2145653660890658,891,3710,HDAC inhibitor
J82,plate11,Belinostat,"[('Belinostat', 0.5, 'uM')]",G2M,0.48652582208722656,891,3710,HDAC inhibitor
J82,plate11,Carbamazepine,"[('Carbamazepine', 0.5, 'uM')]",G1,-0.10443287989597784,1339,3710,HDAC inhibitor
J82,plate11,Carbamazepine,"[('Carbamazepine', 0.5, 'uM')]",S,0.07733240413642037,1339,3710,HDAC inhibitor
J82,plate11,Carbamazepine,"[('Carbamazepine', 0.5, 'uM')]",G2M,0.011541492892725984,1339,3710,HDAC inhibitor
J82,plate11,Panobinostat,"[('Panobinostat', 0.5, 'uM')]",G1,-0.7213446712504755,1885,3710,HDAC inhibitor
J82,plate11,Panobinostat,"[('Panobinostat', 0.5, 'uM')]",S,0.004404169779894443,1885,3710,HDAC inhibitor
J82,plate11,Panobinostat,"[('Panobinostat', 0.5, 'uM')]",G2M,0.48552074112542576,1885,3710,HDAC inhibitor
J82,plate12,Belinostat,"[('Belinostat', 5.0, 'uM')]",G1,-0.7523796838540024,2625,4026,HDAC inhibitor
J82,plate12,Belinostat,"[('Belinostat', 5.0, 'uM')]",S,-0.2175440311280604,2625,4026,HDAC inhibitor
J82,plate12,Belinostat,"[('Belinostat', 5.0, 'uM')]",G2M,0.7000855061639255,2625,4026,HDAC inhibitor
J82,plate12,Carbamazepine,"[('Carbamazepine', 5.0, 'uM')]",G1,-0.0835105012564145,1547,4026,HDAC inhibitor
J82,plate12,Carbamazepine,"[('Carbamazepine', 5.0, 'uM')]",S,-0.01702674158937772,1547,4026,HDAC inhibitor
J82,plate12,Carbamazepine,"[('Carbamazepine', 5.0, 'uM')]",G2M,0.08177193166145905,1547,4026,HDAC inhibitor
J82,plate12,Panobinostat,"[('Panobinostat', 5.0, 'uM')]",G1,-0.4540518933767897,1675,4026,HDAC inhibitor
J82,plate12,Panobinostat,"[('Panobinostat', 5.0, 'uM')]",S,-0.14158601416774655,1675,4026,HDAC inhibitor
J82,plate12,Panobinostat,"[('Panobinostat', 5.0, 'uM')]",G2M,0.4520032742463059,1675,4026,HDAC inhibitor
J82,plate13,Abemaciclib,"[('Abemaciclib', 0.05, 'uM')]",G1,-0.5337385713668581,2271,2416,CDK inhibitor
J82,plate13,Abemaciclib,"[('Abemaciclib', 0.05, 'uM')]",S,0.44196566091567513,2271,2416,CDK inhibitor
J82,plate13,Abemaciclib,"[('Abemaciclib', 0.05, 'uM')]",G2M,0.15334767600881927,2271,2416,CDK inhibitor
J82,plate13,Ribociclib,"[('Ribociclib', 0.05, 'uM')]",G1,0.4416416363648351,2580,2416,CDK inhibitor
J82,plate13,Ribociclib,"[('Ribociclib', 0.05, 'uM')]",S,-0.16863015903086584,2580,2416,CDK inhibitor
J82,plate13,Ribociclib,"[('Ribociclib', 0.05, 'uM')]",G2M,-0.34141855606246124,2580,2416,CDK inhibitor
J82,plate13,Ribociclib,"[('Ribociclib', 0.5, 'uM')]",G1,0.2639551034717634,1879,2416,CDK inhibitor
J82,plate13,Ribociclib,"[('Ribociclib', 0.5, 'uM')]",S,0.06579758922617732,1879,2416,CDK inhibitor
J82,plate13,Ribociclib,"[('Ribociclib', 0.5, 'uM')]",G2M,-0.32231578500699515,1879,2416,CDK inhibitor
J82,plate13,Ribociclib,"[('Ribociclib', 5.0, 'uM')]",G1,0.4046655662461692,2510,2416,CDK inhibitor
J82,plate13,Ribociclib,"[('Ribociclib', 5.0, 'uM')]",S,-0.2441291235777205,2510,2416,CDK inhibitor
J82,plate13,Ribociclib,"[('Ribociclib', 5.0, 'uM')]",G2M,-0.2481197143415958,2510,2416,CDK inhibitor
J82,plate14,Docetaxel,"[('Docetaxel', 5.0, 'uM')]",G1,-0.5074055541106253,1983,2417,Microtubule inhibitor
J82,plate14,Docetaxel,"[('Docetaxel', 5.0, 'uM')]",S,-0.2752027756693904,1983,2417,Microtubule inhibitor
J82,plate14,Docetaxel,"[('Docetaxel', 5.0, 'uM')]",G2M,0.6259047929499334,1983,2417,Microtubule inhibitor
J82,plate14,Tucidinostat,"[('Tucidinostat', 5.0, 'uM')]",G1,0.09786658460332077,1990,2417,HDAC inhibitor
J82,plate14,Tucidinostat,"[('Tucidinostat', 5.0, 'uM')]",S,-0.2579983719795812,1990,2417,HDAC inhibitor
J82,plate14,Tucidinostat,"[('Tucidinostat', 5.0, 'uM')]",G2M,0.14929385608237952,1990,2417,HDAC inhibitor
J82,plate14,Vinblastine (sulfate),"[('Vinblastine (sulfate)', 5.0, 'uM')]",G1,0.0009843478329883632,1524,2417,Microtubule inhibitor
J82,plate14,Vinblastine (sulfate),"[('Vinblastine (sulfate)', 5.0, 'uM')]",S,-0.15866152295416858,1524,2417,Microtubule inhibitor
J82,plate14,Vinblastine (sulfate),"[('Vinblastine (sulfate)', 5.0, 'uM')]",G2M,0.1448736814208453,1524,2417,Microtubule inhibitor
J82,plate2,Abemaciclib,"[('Abemaciclib', 0.5, 'uM')]",G1,-1.057919995677108,2289,6387,CDK inhibitor
J82,plate2,Abemaciclib,"[('Abemaciclib', 0.5, 'uM')]",S,0.6668368526454472,2289,6387,CDK inhibitor
J82,plate2,Abemaciclib,"[('Abemaciclib', 0.5, 'uM')]",G2M,0.02879622283456403,2289,6387,CDK inhibitor
J82,plate2,Paclitaxel,"[('Paclitaxel', 0.5, 'uM')]",G1,-0.07434369048432554,2694,6387,Microtubule inhibitor
J82,plate2,Paclitaxel,"[('Paclitaxel', 0.5, 'uM')]",S,-0.19607282409715932,2694,6387,Microtubule inhibitor
J82,plate2,Paclitaxel,"[('Paclitaxel', 0.5, 'uM')]",G2M,0.2522052550343458,2694,6387,Microtubule inhibitor
J82,plate2,Tubulin inhibitor 6,"[('Tubulin inhibitor 6', 0.5, 'uM')]",G1,-0.14984567551318478,2757,6387,Microtubule inhibitor
J82,plate2,Tubulin inhibitor 6,"[('Tubulin inhibitor 6', 0.5, 'uM')]",S,0.12445019332719878,2757,6387,Microtubule inhibitor
J82,plate2,Tubulin inhibitor 6,"[('Tubulin inhibitor 6', 0.5, 'uM')]",G2M,-0.003671930556136128,2757,6387,Microtubule inhibitor
J82,plate2,palbociclib,"[('palbociclib', 0.5, 'uM')]",G1,-0.1200934761571744,1609,6387,CDK inhibitor
J82,plate2,palbociclib,"[('palbociclib', 0.5, 'uM')]",S,0.11192565819946446,1609,6387,CDK inhibitor
J82,plate2,palbociclib,"[('palbociclib', 0.5, 'uM')]",G2M,-0.013896850882115432,1609,6387,CDK inhibitor
J82,plate2,vincristine,"[('vincristine', 0.5, 'uM')]",G1,-0.7170454634957769,759,6387,Microtubule inhibitor
J82,plate2,vincristine,"[('vincristine', 0.5, 'uM')]",S,-0.35860602493873633,759,6387,Microtubule inhibitor
J82,plate2,vincristine,"[('vincristine', 0.5, 'uM')]",G2M,0.8394412092644523,759,6387,Microtubule inhibitor
J82,plate3,Abemaciclib,"[('Abemaciclib', 5.0, 'uM')]",G1,-1.2026064518318687,758,2674,CDK inhibitor
J82,plate3,Abemaciclib,"[('Abemaciclib', 5.0, 'uM')]",S,0.5937855754550756,758,2674,CDK inhibitor
J82,plate3,Abemaciclib,"[('Abemaciclib', 5.0, 'uM')]",G2M,0.05693832410467834,758,2674,CDK inhibitor
J82,plate3,Paclitaxel,"[('Paclitaxel', 5.0, 'uM')]",G1,-0.38732261977991206,2257,2674,Microtubule inhibitor
J82,plate3,Paclitaxel,"[('Paclitaxel', 5.0, 'uM')]",S,-0.1197013886077306,2257,2674,Microtubule inhibitor
J82,plate3,Paclitaxel,"[('Paclitaxel', 5.0, 'uM')]",G2M,0.3481067953772508,2257,2674,Microtubule inhibitor
J82,plate3,Tubulin inhibitor 6,"[('Tubulin inhibitor 6', 5.0, 'uM')]",G1,-0.15195728033748993,832,2674,Microtubule inhibitor
J82,plate3,Tubulin inhibitor 6,"[('Tubulin inhibitor 6', 5.0, 'uM')]",S,0.15589777338745953,832,2674,Microtubule inhibitor
J82,plate3,Tubulin inhibitor 6,"[('Tubulin inhibitor 6', 5.0, 'uM')]",G2M,-0.04348612669160994,832,2674,Microtubule inhibitor
J82,plate3,palbociclib,"[('palbociclib', 5.0, 'uM')]",G1,-0.042827911161622864,981,2674,CDK inhibitor
J82,plate3,palbociclib,"[('palbociclib', 5.0, 'uM')]",S,-0.08555832333788066,981,2674,CDK inhibitor
J82,plate3,palbociclib,"[('palbociclib', 5.0, 'uM')]",G2M,0.10828635745843644,981,2674,CDK inhibitor
J82,plate3,vincristine,"[('vincristine', 5.0, 'uM')]",G1,-0.5894084806214104,694,2674,Microtubule inhibitor
J82,plate3,vincristine,"[('vincristine', 5.0, 'uM')]",S,-0.37546627443652825,694,2674,Microtubule inhibitor
J82,plate3,vincristine,"[('vincristine', 5.0, 'uM')]",G2M,0.6804388431110002,694,2674,Microtubule inhibitor
J82,plate4,Docetaxel,"[('Docetaxel', 0.05, 'uM')]",G1,-0.6127065772590183,394,4230,Microtubule inhibitor
J82,plate4,Docetaxel,"[('Docetaxel', 0.05, 'uM')]",S,-0.07025213243347508,394,4230,Microtubule inhibitor
J82,plate4,Docetaxel,"[('Docetaxel', 0.05, 'uM')]",G2M,0.5343601324422816,394,4230,Microtubule inhibitor
J82,plate4,Tucidinostat,"[('Tucidinostat', 0.05, 'uM')]",G1,-0.14011232118837835,2148,4230,HDAC inhibitor
J82,plate4,Tucidinostat,"[('Tucidinostat', 0.05, 'uM')]",S,0.2218346177999149,2148,4230,HDAC inhibitor
J82,plate4,Tucidinostat,"[('Tucidinostat', 0.05, 'uM')]",G2M,-0.0766898566373974,2148,4230,HDAC inhibitor
J82,plate4,Vinblastine (sulfate),"[('Vinblastine (sulfate)', 0.05, 'uM')]",G1,-0.8458592659239565,2319,4230,Microtubule inhibitor
J82,plate4,Vinblastine (sulfate),"[('Vinblastine (sulfate)', 0.05, 'uM')]",S,0.0904884624469226,2319,4230,Microtubule inhibitor
J82,plate4,Vinblastine (sulfate),"[('Vinblastine (sulfate)', 0.05, 'uM')]",G2M,0.5458689059517629,2319,4230,Microtubule inhibitor
J82,plate5,Docetaxel,"[('Docetaxel', 0.5, 'uM')]",G1,-1.2277346463043888,2103,6005,Microtubule inhibitor
J82,plate5,Docetaxel,"[('Docetaxel', 0.5, 'uM')]",S,-0.5009824071163461,2103,6005,Microtubule inhibitor
J82,plate5,Docetaxel,"[('Docetaxel', 0.5, 'uM')]",G2M,1.1754896930526877,2103,6005,Microtubule inhibitor
J82,plate5,Tucidinostat,"[('Tucidinostat', 0.5, 'uM')]",G1,0.14854889925804407,2224,6005,HDAC inhibitor
J82,plate5,Tucidinostat,"[('Tucidinostat', 0.5, 'uM')]",S,-0.3355198069242477,2224,6005,HDAC inhibitor
J82,plate5,Tucidinostat,"[('Tucidinostat', 0.5, 'uM')]",G2M,0.13556356500636138,2224,6005,HDAC inhibitor
J82,plate5,Vinblastine (sulfate),"[('Vinblastine (sulfate)', 0.5, 'uM')]",G1,-0.5954008403413205,826,6005,Microtubule inhibitor
J82,plate5,Vinblastine (sulfate),"[('Vinblastine (sulfate)', 0.5, 'uM')]",S,-0.032332590559303445,826,6005,Microtubule inhibitor
J82,plate5,Vinblastine (sulfate),"[('Vinblastine (sulfate)', 0.5, 'uM')]",G2M,0.4563898937102126,826,6005,Microtubule inhibitor
J82,plate6,Docetaxel,"[('Docetaxel', 5.0, 'uM')]",G1,-0.7552072959860389,1146,6002,Microtubule inhibitor
J82,plate6,Docetaxel,"[('Docetaxel', 5.0, 'uM')]",S,-0.43315661174805775,1146,6002,Microtubule inhibitor
J82,plate6,Docetaxel,"[('Docetaxel', 5.0, 'uM')]",G2M,0.8409798640733744,1146,6002,Microtubule inhibitor
J82,plate6,Tucidinostat,"[('Tucidinostat', 5.0, 'uM')]",G1,0.34492017162276445,1899,6002,HDAC inhibitor
J82,plate6,Tucidinostat,"[('Tucidinostat', 5.0, 'uM')]",S,-0.47587994182192156,1899,6002,HDAC inhibitor
J82,plate6,Tucidinostat,"[('Tucidinostat', 5.0, 'uM')]",G2M,0.0887327167861341,1899,6002,HDAC inhibitor
J82,plate6,Vinblastine (sulfate),"[('Vinblastine (sulfate)', 5.0, 'uM')]",G1,-0.18711929206651431,970,6002,Microtubule inhibitor
J82,plate6,Vinblastine (sulfate),"[('Vinblastine (sulfate)', 5.0, 'uM')]",S,-0.24092871982996303,970,6002,Microtubule inhibitor
J82,plate6,Vinblastine (sulfate),"[('Vinblastine (sulfate)', 5.0, 'uM')]",G2M,0.3317241188232255,970,6002,Microtubule inhibitor
J82,plate7,Dinaciclib,"[('Dinaciclib', 0.05, 'uM')]",G1,-1.0576439343136421,450,2601,CDK inhibitor
J82,plate7,Dinaciclib,"[('Dinaciclib', 0.05, 'uM')]",S,-0.47220416106533003,450,2601,CDK inhibitor
J82,plate7,Dinaciclib,"[('Dinaciclib', 0.05, 'uM')]",G2M,1.0237838958237409,450,2601,CDK inhibitor
J82,plate7,Docetaxel (Trihydrate),"[('Docetaxel (Trihydrate)', 0.05, 'uM')]",G1,-0.28001687359288824,1064,2601,Microtubule inhibitor
J82,plate7,Docetaxel (Trihydrate),"[('Docetaxel (Trihydrate)', 0.05, 'uM')]",S,0.0023561942496018347,1064,2601,Microtubule inhibitor
J82,plate7,Docetaxel (Trihydrate),"[('Docetaxel (Trihydrate)', 0.05, 'uM')]",G2M,0.1962426799198023,1064,2601,Microtubule inhibitor
J82,plate7,Mebendazole,"[('Mebendazole', 0.05, 'uM')]",G1,0.11849091040192977,1771,2601,Microtubule inhibitor
J82,plate7,Mebendazole,"[('Mebendazole', 0.05, 'uM')]",S,-0.12429568226588672,1771,2601,Microtubule inhibitor
J82,plate7,Mebendazole,"[('Mebendazole', 0.05, 'uM')]",G2M,0.012910289103599776,1771,2601,Microtubule inhibitor
J82,plate8,Dinaciclib,"[('Dinaciclib', 0.5, 'uM')]",G1,-0.46059945915798883,976,4445,CDK inhibitor
J82,plate8,Dinaciclib,"[('Dinaciclib', 0.5, 'uM')]",S,-0.11621090993722219,976,4445,CDK inhibitor
J82,plate8,Dinaciclib,"[('Dinaciclib', 0.5, 'uM')]",G2M,0.5959595752129666,976,4445,CDK inhibitor
J82,plate8,Docetaxel (Trihydrate),"[('Docetaxel (Trihydrate)', 0.5, 'uM')]",G1,-0.42720428834649277,1409,4445,Microtubule inhibitor
J82,plate8,Docetaxel (Trihydrate),"[('Docetaxel (Trihydrate)', 0.5, 'uM')]",S,-0.28117545346565287,1409,4445,Microtubule inhibitor
J82,plate8,Docetaxel (Trihydrate),"[('Docetaxel (Trihydrate)', 0.5, 'uM')]",G2M,0.6656572502514302,1409,4445,Microtubule inhibitor
J82,plate8,Mebendazole,"[('Mebendazole', 0.5, 'uM')]",G1,-0.21709340754308476,1573,4445,Microtubule inhibitor
J82,plate8,Mebendazole,"[('Mebendazole', 0.5, 'uM')]",S,-0.3264023187546811,1573,4445,Microtubule inhibitor
J82,plate8,Mebendazole,"[('Mebendazole', 0.5, 'uM')]",G2M,0.47391316555772445,1573,4445,Microtubule inhibitor
J82,plate9,Dinaciclib,"[('Dinaciclib', 5.0, 'uM')]",G1,-1.123569269463006,391,2881,CDK inhibitor
J82,plate9,Dinaciclib,"[('Dinaciclib', 5.0, 'uM')]",S,-0.12862507699381936,391,2881,CDK inhibitor
J82,plate9,Dinaciclib,"[('Dinaciclib', 5.0, 'uM')]",G2M,0.7449309047152056,391,2881,CDK inhibitor
J82,plate9,Docetaxel (Trihydrate),"[('Docetaxel (Trihydrate)', 5.0, 'uM')]",G1,-0.4209462854591862,998,2881,Microtubule inhibitor
J82,plate9,Docetaxel (Trihydrate),"[('Docetaxel (Trihydrate)', 5.0, 'uM')]",S,-0.3816453707536893,998,2881,Microtubule inhibitor
J82,plate9,Docetaxel (Trihydrate),"[('Docetaxel (Trihydrate)', 5.0, 'uM')]",G2M,0.5753181446465219,998,2881,Microtubule inhibitor
J82,plate9,Mebendazole,"[('Mebendazole', 5.0, 'uM')]",G1,-0.47820066845930015,2509,2881,Microtubule inhibitor
J82,plate9,Mebendazole,"[('Mebendazole', 5.0, 'uM')]",S,-0.08510801047260844,2509,2881,Microtubule inhibitor
J82,plate9,Mebendazole,"[('Mebendazole', 5.0, 'uM')]",G2M,0.3754816976403514,2509,2881,Microtubule inhibitor
KATO III,plate1,Paclitaxel,"[('Paclitaxel', 0.05, 'uM')]",G1,0.3604758286263391,1949,4864,Microtubule inhibitor
KATO III,plate1,Paclitaxel,"[('Paclitaxel', 0.05, 'uM')]",S,-0.8853056952821733,1949,4864,Microtubule inhibitor
KATO III,plate1,Paclitaxel,"[('Paclitaxel', 0.05, 'uM')]",G2M,-0.03987594465018332,1949,4864,Microtubule inhibitor
KATO III,plate1,Tubulin inhibitor 6,"[('Tubulin inhibitor 6', 0.05, 'uM')]",G1,0.17771556804755095,1626,4864,Microtubule inhibitor
KATO III,plate1,Tubulin inhibitor 6,"[('Tubulin inhibitor 6', 0.05, 'uM')]",S,-0.504575757136906,1626,4864,Microtubule inhibitor
KATO III,plate1,Tubulin inhibitor 6,"[('Tubulin inhibitor 6', 0.05, 'uM')]",G2M,0.028650058355262215,1626,4864,Microtubule inhibitor
KATO III,plate1,palbociclib,"[('palbociclib', 0.05, 'uM')]",G1,0.523454478867285,1224,4864,CDK inhibitor
KATO III,plate1,palbociclib,"[('palbociclib', 0.05, 'uM')]",S,-0.46780511940279845,1224,4864,CDK inhibitor
KATO III,plate1,palbociclib,"[('palbociclib', 0.05, 'uM')]",G2M,-0.384170713078514,1224,4864,CDK inhibitor
KATO III,plate1,vincristine,"[('vincristine', 0.05, 'uM')]",G1,-0.2563197600747881,1433,4864,Microtubule inhibitor
KATO III,plate1,vincristine,"[('vincristine', 0.05, 'uM')]",S,-0.757802929754742,1433,4864,Microtubule inhibitor
KATO III,plate1,vincristine,"[('vincristine', 0.05, 'uM')]",G2M,0.5812643544533067,1433,4864,Microtubule inhibitor
KATO III,plate10,Belinostat,"[('Belinostat', 0.05, 'uM')]",G1,-0.3546360603954122,1546,4392,HDAC inhibitor
KATO III,plate10,Belinostat,"[('Belinostat', 0.05, 'uM')]",S,-1.0730723634194812,1546,4392,HDAC inhibitor
KATO III,plate10,Belinostat,"[('Belinostat', 0.05, 'uM')]",G2M,0.6546563597239383,1546,4392,HDAC inhibitor
KATO III,plate10,Carbamazepine,"[('Carbamazepine', 0.05, 'uM')]",G1,-0.006423990879605832,1492,4392,HDAC inhibitor
KATO III,plate10,Carbamazepine,"[('Carbamazepine', 0.05, 'uM')]",S,-1.1536786639271372,1492,4392,HDAC inhibitor
KATO III,plate10,Carbamazepine,"[('Carbamazepine', 0.05, 'uM')]",G2M,0.30127349879242354,1492,4392,HDAC inhibitor
KATO III,plate10,Panobinostat,"[('Panobinostat', 0.05, 'uM')]",G1,-0.5129831990496082,2151,4392,HDAC inhibitor
KATO III,plate10,Panobinostat,"[('Panobinostat', 0.05, 'uM')]",S,-2.072123259375614,2151,4392,HDAC inhibitor
KATO III,plate10,Panobinostat,"[('Panobinostat', 0.05, 'uM')]",G2M,0.9311601414985806,2151,4392,HDAC inhibitor
KATO III,plate11,Belinostat,"[('Belinostat', 0.5, 'uM')]",G1,-0.59854223833058,754,3918,HDAC inhibitor
KATO III,plate11,Belinostat,"[('Belinostat', 0.5, 'uM')]",S,0.4298656993277072,754,3918,HDAC inhibitor
KATO III,plate11,Belinostat,"[('Belinostat', 0.5, 'uM')]",G2M,0.4689131585598939,754,3918,HDAC inhibitor
KATO III,plate11,Carbamazepine,"[('Carbamazepine', 0.5, 'uM')]",G1,0.15822372021572828,1221,3918,HDAC inhibitor
KATO III,plate11,Carbamazepine,"[('Carbamazepine', 0.5, 'uM')]",S,-0.20233229336452457,1221,3918,HDAC inhibitor
KATO III,plate11,Carbamazepine,"[('Carbamazepine', 0.5, 'uM')]",G2M,-0.1080151849838288,1221,3918,HDAC inhibitor
KATO III,plate11,Panobinostat,"[('Panobinostat', 0.5, 'uM')]",G1,-1.3283554457969862,1505,3918,HDAC inhibitor
KATO III,plate11,Panobinostat,"[('Panobinostat', 0.5, 'uM')]",S,0.8200193862255215,1505,3918,HDAC inhibitor
KATO III,plate11,Panobinostat,"[('Panobinostat', 0.5, 'uM')]",G2M,0.9838174603538441,1505,3918,HDAC inhibitor
KATO III,plate12,Belinostat,"[('Belinostat', 5.0, 'uM')]",G1,-1.4609782474322426,1799,3729,HDAC inhibitor
KATO III,plate12,Belinostat,"[('Belinostat', 5.0, 'uM')]",S,0.39907914661345456,1799,3729,HDAC inhibitor
KATO III,plate12,Belinostat,"[('Belinostat', 5.0, 'uM')]",G2M,1.2634110620056103,1799,3729,HDAC inhibitor
KATO III,plate12,Carbamazepine,"[('Carbamazepine', 5.0, 'uM')]",G1,-0.029275934314994645,1037,3729,HDAC inhibitor
KATO III,plate12,Carbamazepine,"[('Carbamazepine', 5.0, 'uM')]",S,-0.36470474229183664,1037,3729,HDAC inhibitor
KATO III,plate12,Carbamazepine,"[('Carbamazepine', 5.0, 'uM')]",G2M,0.13879598384470676,1037,3729,HDAC inhibitor
KATO III,plate12,Panobinostat,"[('Panobinostat', 5.0, 'uM')]",G1,-1.2285230737976296,1803,3729,HDAC inhibitor
KATO III,plate12,Panobinostat,"[('Panobinostat', 5.0, 'uM')]",S,0.45253243858521314,1803,3729,HDAC inhibitor
KATO III,plate12,Panobinostat,"[('Panobinostat', 5.0, 'uM')]",G2M,1.0383531605246648,1803,3729,HDAC inhibitor
KATO III,plate13,Abemaciclib,"[('Abemaciclib', 0.05, 'uM')]",G1,-0.2699809897916904,1871,2585,CDK inhibitor
KATO III,plate13,Abemaciclib,"[('Abemaciclib', 0.05, 'uM')]",S,0.9517824777029833,1871,2585,CDK inhibitor
KATO III,plate13,Abemaciclib,"[('Abemaciclib', 0.05, 'uM')]",G2M,0.020984605611207168,1871,2585,CDK inhibitor
KATO III,plate13,Ribociclib,"[('Ribociclib', 0.05, 'uM')]",G1,0.2777558445622276,2028,2585,CDK inhibitor
KATO III,plate13,Ribociclib,"[('Ribociclib', 0.05, 'uM')]",S,0.27382223390188076,2028,2585,CDK inhibitor
KATO III,plate13,Ribociclib,"[('Ribociclib', 0.05, 'uM')]",G2M,-0.3600517131645427,2028,2585,CDK inhibitor
KATO III,plate13,Ribociclib,"[('Ribociclib', 0.5, 'uM')]",G1,0.10003508208732903,1935,2585,CDK inhibitor
KATO III,plate13,Ribociclib,"[('Ribociclib', 0.5, 'uM')]",S,0.26875491943803903,1935,2585,CDK inhibitor
KATO III,plate13,Ribociclib,"[('Ribociclib', 0.5, 'uM')]",G2M,-0.16680787037262845,1935,2585,CDK inhibitor
KATO III,plate13,Ribociclib,"[('Ribociclib', 5.0, 'uM')]",G1,0.17195619131609674,1819,2585,CDK inhibitor
KATO III,plate13,Ribociclib,"[('Ribociclib', 5.0, 'uM')]",S,0.1064964645118859,1819,2585,CDK inhibitor
KATO III,plate13,Ribociclib,"[('Ribociclib', 5.0, 'uM')]",G2M,-0.2044469427793535,1819,2585,CDK inhibitor
KATO III,plate14,Docetaxel,"[('Docetaxel', 5.0, 'uM')]",G1,-0.3076137430853179,2000,2514,Microtubule inhibitor
KATO III,plate14,Docetaxel,"[('Docetaxel', 5.0, 'uM')]",S,-0.8342174956465909,2000,2514,Microtubule inhibitor
KATO III,plate14,Docetaxel,"[('Docetaxel', 5.0, 'uM')]",G2M,0.7077574150779756,2000,2514,Microtubule inhibitor
KATO III,plate14,Tucidinostat,"[('Tucidinostat', 5.0, 'uM')]",G1,0.27190437035347936,1877,2514,HDAC inhibitor
KATO III,plate14,Tucidinostat,"[('Tucidinostat', 5.0, 'uM')]",S,-0.6821392508244409,1877,2514,HDAC inhibitor
KATO III,plate14,Tucidinostat,"[('Tucidinostat', 5.0, 'uM')]",G2M,0.03773000370975457,1877,2514,HDAC inhibitor
KATO III,plate14,Vinblastine (sulfate),"[('Vinblastine (sulfate)', 5.0, 'uM')]",G1,0.4468622018140507,1955,2514,Microtubule inhibitor
KATO III,plate14,Vinblastine (sulfate),"[('Vinblastine (sulfate)', 5.0, 'uM')]",S,-1.232591073069946,1955,2514,Microtubule inhibitor
KATO III,plate14,Vinblastine (sulfate),"[('Vinblastine (sulfate)', 5.0, 'uM')]",G2M,0.04224953619292102,1955,2514,Microtubule inhibitor
KATO III,plate2,Abemaciclib,"[('Abemaciclib', 0.5, 'uM')]",G1,0.3181723753245549,2186,5886,CDK inhibitor
KATO III,plate2,Abemaciclib,"[('Abemaciclib', 0.5, 'uM')]",S,-0.8561351313774034,2186,5886,CDK inhibitor
KATO III,plate2,Abemaciclib,"[('Abemaciclib', 0.5, 'uM')]",G2M,0.07880400142647681,2186,5886,CDK inhibitor
KATO III,plate2,Paclitaxel,"[('Paclitaxel', 0.5, 'uM')]",G1,0.45943615459675197,3851,5886,Microtubule inhibitor
KATO III,plate2,Paclitaxel,"[('Paclitaxel', 0.5, 'uM')]",S,-1.101756959524239,3851,5886,Microtubule inhibitor
KATO III,plate2,Paclitaxel,"[('Paclitaxel', 0.5, 'uM')]",G2M,0.013171662925535198,3851,5886,Microtubule inhibitor
KATO III,plate2,Tubulin inhibitor 6,"[('Tubulin inhibitor 6', 0.5, 'uM')]",G1,0.44138005623381454,3375,5886,Microtubule inhibitor
KATO III,plate2,Tubulin inhibitor 6,"[('Tubulin inhibitor 6', 0.5, 'uM')]",S,-0.8145779110406915,3375,5886,Microtubule inhibitor
KATO III,plate2,Tubulin inhibitor 6,"[('Tubulin inhibitor 6', 0.5, 'uM')]",G2M,-0.08042492698868728,3375,5886,Microtubule inhibitor
KATO III,plate2,palbociclib,"[('palbociclib', 0.5, 'uM')]",G1,1.7341451869310966,2444,5886,CDK inhibitor
KATO III,plate2,palbociclib,"[('palbociclib', 0.5, 'uM')]",S,-2.154192476918034,2444,5886,CDK inhibitor
KATO III,plate2,palbociclib,"[('palbociclib', 0.5, 'uM')]",G2M,-1.132204206607186,2444,5886,CDK inhibitor
KATO III,plate2,vincristine,"[('vincristine', 0.5, 'uM')]",G1,0.27377162676286654,757,5886,Microtubule inhibitor
KATO III,plate2,vincristine,"[('vincristine', 0.5, 'uM')]",S,-1.5279145455360184,757,5886,Microtubule inhibitor
KATO III,plate2,vincristine,"[('vincristine', 0.5, 'uM')]",G2M,0.35025704443549077,757,5886,Microtubule inhibitor
KATO III,plate3,Abemaciclib,"[('Abemaciclib', 5.0, 'uM')]",G1,1.192391780616738,1393,2057,CDK inhibitor
KATO III,plate3,Abemaciclib,"[('Abemaciclib', 5.0, 'uM')]",S,-1.5175865501369177,1393,2057,CDK inhibitor
KATO III,plate3,Abemaciclib,"[('Abemaciclib', 5.0, 'uM')]",G2M,-0.6201450285293599,1393,2057,CDK inhibitor
KATO III,plate3,Paclitaxel,"[('Paclitaxel', 5.0, 'uM')]",G1,0.279784190559607,2779,2057,Microtubule inhibitor
KATO III,plate3,Paclitaxel,"[('Paclitaxel', 5.0, 'uM')]",S,-1.4264034328115984,2779,2057,Microtubule inhibitor
KATO III,plate3,Paclitaxel,"[('Paclitaxel', 5.0, 'uM')]",G2M,0.3584001833136867,2779,2057,Microtubule inhibitor
KATO III,plate3,Tubulin inhibitor 6,"[('Tubulin inhibitor 6', 5.0, 'uM')]",G1,-0.001963995886009232,734,2057,Microtubule inhibitor
KATO III,plate3,Tubulin inhibitor 6,"[('Tubulin inhibitor 6', 5.0, 'uM')]",S,-0.3456529171957514,734,2057,Microtubule inhibitor
KATO III,plate3,Tubulin inhibitor 6,"[('Tubulin inhibitor 6', 5.0, 'uM')]",G2M,0.2151263377563096,734,2057,Microtubule inhibitor
KATO III,plate3,palbociclib,"[('palbociclib', 5.0, 'uM')]",G1,2.1889046613760024,1130,2057,CDK inhibitor
KATO III,plate3,palbociclib,"[('palbociclib', 5.0, 'uM')]",S,-2.582497954387231,1130,2057,CDK inhibitor
KATO III,plate3,palbociclib,"[('palbociclib', 5.0, 'uM')]",G2M,-1.4635204187797684,1130,2057,CDK inhibitor
KATO III,plate3,vincristine,"[('vincristine', 5.0, 'uM')]",G1,0.6377975063011657,415,2057,Microtubule inhibitor
KATO III,plate3,vincristine,"[('vincristine', 5.0, 'uM')]",S,-1.8297325558069375,415,2057,Microtubule inhibitor
KATO III,plate3,vincristine,"[('vincristine', 5.0, 'uM')]",G2M,0.09534831825419854,415,2057,Microtubule inhibitor
KATO III,plate4,Docetaxel,"[('Docetaxel', 0.05, 'uM')]",G1,-1.1288543328261174,662,3878,Microtubule inhibitor
KATO III,plate4,Docetaxel,"[('Docetaxel', 0.05, 'uM')]",S,-0.950971683168364,662,3878,Microtubule inhibitor
KATO III,plate4,Docetaxel,"[('Docetaxel', 0.05, 'uM')]",G2M,1.4937346288204296,662,3878,Microtubule inhibitor
KATO III,plate4,Tucidinostat,"[('Tucidinostat', 0.05, 'uM')]",G1,0.3632078119159985,1872,3878,HDAC inhibitor
KATO III,plate4,Tucidinostat,"[('Tucidinostat', 0.05, 'uM')]",S,-0.8464930894139687,1872,3878,HDAC inhibitor
KATO III,plate4,Tucidinostat,"[('Tucidinostat', 0.05, 'uM')]",G2M,-0.0477766288851529,1872,3878,HDAC inhibitor
KATO III,plate4,Vinblastine (sulfate),"[('Vinblastine (sulfate)', 0.05, 'uM')]",G1,-0.2561108319939999,1798,3878,Microtubule inhibitor
KATO III,plate4,Vinblastine (sulfate),"[('Vinblastine (sulfate)', 0.05, 'uM')]",S,-0.9403723776425165,1798,3878,Microtubule inhibitor
KATO III,plate4,Vinblastine (sulfate),"[('Vinblastine (sulfate)', 0.05, 'uM')]",G2M,0.6361488625323433,1798,3878,Microtubule inhibitor
KATO III,plate5,Docetaxel,"[('Docetaxel', 0.5, 'uM')]",G1,-0.5525589100928154,1322,4399,Microtubule inhibitor
KATO III,plate5,Docetaxel,"[('Docetaxel', 0.5, 'uM')]",S,-1.0835197026766143,1322,4399,Microtubule inhibitor
KATO III,plate5,Docetaxel,"[('Docetaxel', 0.5, 'uM')]",G2M,0.9991500240902946,1322,4399,Microtubule inhibitor
KATO III,plate5,Tucidinostat,"[('Tucidinostat', 0.5, 'uM')]",G1,0.9734807455492918,1198,4399,HDAC inhibitor
KATO III,plate5,Tucidinostat,"[('Tucidinostat', 0.5, 'uM')]",S,-1.419684558856112,1198,4399,HDAC inhibitor
KATO III,plate5,Tucidinostat,"[('Tucidinostat', 0.5, 'uM')]",G2M,-0.4705837355856034,1198,4399,HDAC inhibitor
KATO III,plate5,Vinblastine (sulfate),"[('Vinblastine (sulfate)', 0.5, 'uM')]",G1,0.9127726234444808,760,4399,Microtubule inhibitor
KATO III,plate5,Vinblastine (sulfate),"[('Vinblastine (sulfate)', 0.5, 'uM')]",S,-2.0707957232734038,760,4399,Microtubule inhibitor
KATO III,plate5,Vinblastine (sulfate),"[('Vinblastine (sulfate)', 0.5, 'uM')]",G2M,-0.2512734212696837,760,4399,Microtubule inhibitor
KATO III,plate6,Docetaxel,"[('Docetaxel', 5.0, 'uM')]",G1,-0.021573405741544767,857,5080,Microtubule inhibitor
KATO III,plate6,Docetaxel,"[('Docetaxel', 5.0, 'uM')]",S,-1.3349287333888507,857,5080,Microtubule inhibitor
KATO III,plate6,Docetaxel,"[('Docetaxel', 5.0, 'uM')]",G2M,0.6196870278262753,857,5080,Microtubule inhibitor
KATO III,plate6,Tucidinostat,"[('Tucidinostat', 5.0, 'uM')]",G1,1.3228805182859238,1389,5080,HDAC inhibitor
KATO III,plate6,Tucidinostat,"[('Tucidinostat', 5.0, 'uM')]",S,-3.0812076191408533,1389,5080,HDAC inhibitor
KATO III,plate6,Tucidinostat,"[('Tucidinostat', 5.0, 'uM')]",G2M,-0.4424984286347044,1389,5080,HDAC inhibitor
KATO III,plate6,Vinblastine (sulfate),"[('Vinblastine (sulfate)', 5.0, 'uM')]",G1,1.4056130389007113,1125,5080,Microtubule inhibitor
KATO III,plate6,Vinblastine (sulfate),"[('Vinblastine (sulfate)', 5.0, 'uM')]",S,-3.688760295894742,1125,5080,Microtubule inhibitor
KATO III,plate6,Vinblastine (sulfate),"[('Vinblastine (sulfate)', 5.0, 'uM')]",G2M,-0.468274593462653,1125,5080,Microtubule inhibitor
KATO III,plate7,Dinaciclib,"[('Dinaciclib', 0.05, 'uM')]",G1,-2.4688000035021873,133,1764,CDK inhibitor
KATO III,plate7,Dinaciclib,"[('Dinaciclib', 0.05, 'uM')]",S,1.373878950862687,133,1764,CDK inhibitor
KATO III,plate7,Dinaciclib,"[('Dinaciclib', 0.05, 'uM')]",G2M,1.4495616518754626,133,1764,CDK inhibitor
KATO III,plate7,Docetaxel (Trihydrate),"[('Docetaxel (Trihydrate)', 0.05, 'uM')]",G1,-0.29299335855637976,860,1764,Microtubule inhibitor
KATO III,plate7,Docetaxel (Trihydrate),"[('Docetaxel (Trihydrate)', 0.05, 'uM')]",S,-0.6575837661757709,860,1764,Microtubule inhibitor
KATO III,plate7,Docetaxel (Trihydrate),"[('Docetaxel (Trihydrate)', 0.05, 'uM')]",G2M,0.43718206864417053,860,1764,Microtubule inhibitor
KATO III,plate7,Mebendazole,"[('Mebendazole', 0.05, 'uM')]",G1,0.12956406351677302,1247,1764,Microtubule inhibitor
KATO III,plate7,Mebendazole,"[('Mebendazole', 0.05, 'uM')]",S,0.08980354717236519,1247,1764,Microtubule inhibitor
KATO III,plate7,Mebendazole,"[('Mebendazole', 0.05, 'uM')]",G2M,-0.1553391446438931,1247,1764,Microtubule inhibitor
KATO III,plate8,Dinaciclib,"[('Dinaciclib', 0.5, 'uM')]",G1,-1.2212851468814636,339,4345,CDK inhibitor
KATO III,plate8,Dinaciclib,"[('Dinaciclib', 0.5, 'uM')]",S,1.2214422807662946,339,4345,CDK inhibitor
KATO III,plate8,Dinaciclib,"[('Dinaciclib', 0.5, 'uM')]",G2M,0.8777947001822682,339,4345,CDK inhibitor
KATO III,plate8,Docetaxel (Trihydrate),"[('Docetaxel (Trihydrate)', 0.5, 'uM')]",G1,-0.505515927487909,1227,4345,Microtubule inhibitor
KATO III,plate8,Docetaxel (Trihydrate),"[('Docetaxel (Trihydrate)', 0.5, 'uM')]",S,-0.20175485891716155,1227,4345,Microtubule inhibitor
KATO III,plate8,Docetaxel (Trihydrate),"[('Docetaxel (Trihydrate)', 0.5, 'uM')]",G2M,0.6118460367976074,1227,4345,Microtubule inhibitor
KATO III,plate8,Mebendazole,"[('Mebendazole', 0.5, 'uM')]",G1,-0.3351847210883183,1629,4345,Microtubule inhibitor
KATO III,plate8,Mebendazole,"[('Mebendazole', 0.5, 'uM')]",S,-0.6311846082917314,1629,4345,Microtubule inhibitor
KATO III,plate8,Mebendazole,"[('Mebendazole', 0.5, 'uM')]",G2M,0.5194826644234916,1629,4345,Microtubule inhibitor
KATO III,plate9,Dinaciclib,"[('Dinaciclib', 5.0, 'uM')]",G1,-2.361806731648032,121,2538,CDK inhibitor
KATO III,plate9,Dinaciclib,"[('Dinaciclib', 5.0, 'uM')]",S,1.7369154920640766,121,2538,CDK inhibitor
KATO III,plate9,Dinaciclib,"[('Dinaciclib', 5.0, 'uM')]",G2M,1.0650265450250127,121,2538,CDK inhibitor
KATO III,plate9,Docetaxel (Trihydrate),"[('Docetaxel (Trihydrate)', 5.0, 'uM')]",G1,-0.26547689352480497,1178,2538,Microtubule inhibitor
KATO III,plate9,Docetaxel (Trihydrate),"[('Docetaxel (Trihydrate)', 5.0, 'uM')]",S,-1.0840438453194847,1178,2538,Microtubule inhibitor
KATO III,plate9,Docetaxel (Trihydrate),"[('Docetaxel (Trihydrate)', 5.0, 'uM')]",G2M,0.4782472206395266,1178,2538,Microtubule inhibitor
KATO III,plate9,Mebendazole,"[('Mebendazole', 5.0, 'uM')]",G1,-0.5008688241731047,2595,2538,Microtubule inhibitor
KATO III,plate9,Mebendazole,"[('Mebendazole', 5.0, 'uM')]",S,-0.6911616359005607,2595,2538,Microtubule inhibitor
KATO III,plate9,Mebendazole,"[('Mebendazole', 5.0, 'uM')]",G2M,0.6408133728184278,2595,2538,Microtubule inhibitor
LOX-IMVI,plate1,Paclitaxel,"[('Paclitaxel', 0.05, 'uM')]",G1,0.18164452129178518,1464,3715,Microtubule inhibitor
LOX-IMVI,plate1,Paclitaxel,"[('Paclitaxel', 0.05, 'uM')]",S,-0.4195825978085977,1464,3715,Microtubule inhibitor
LOX-IMVI,plate1,Paclitaxel,"[('Paclitaxel', 0.05, 'uM')]",G2M,-0.09464186504481326,1464,3715,Microtubule inhibitor
LOX-IMVI,plate1,Tubulin inhibitor 6,"[('Tubulin inhibitor 6', 0.05, 'uM')]",G1,-0.13487168162498617,1072,3715,Microtubule inhibitor
LOX-IMVI,plate1,Tubulin inhibitor 6,"[('Tubulin inhibitor 6', 0.05, 'uM')]",S,0.3665434222274534,1072,3715,Microtubule inhibitor
LOX-IMVI,plate1,Tubulin inhibitor 6,"[('Tubulin inhibitor 6', 0.05, 'uM')]",G2M,0.039982131633010634,1072,3715,Microtubule inhibitor
LOX-IMVI,plate1,palbociclib,"[('palbociclib', 0.05, 'uM')]",G1,0.28449091177223484,998,3715,CDK inhibitor
LOX-IMVI,plate1,palbociclib,"[('palbociclib', 0.05, 'uM')]",S,0.2764962968587925,998,3715,CDK inhibitor
LOX-IMVI,plate1,palbociclib,"[('palbociclib', 0.05, 'uM')]",G2M,-0.40956716660764786,998,3715,CDK inhibitor
LOX-IMVI,plate1,vincristine,"[('vincristine', 0.05, 'uM')]",G1,0.40516133202053395,911,3715,Microtubule inhibitor
LOX-IMVI,plate1,vincristine,"[('vincristine', 0.05, 'uM')]",S,-0.40241690829776156,911,3715,Microtubule inhibitor
LOX-IMVI,plate1,vincristine,"[('vincristine', 0.05, 'uM')]",G2M,-0.3432949118969034,911,3715,Microtubule inhibitor
LOX-IMVI,plate10,Belinostat,"[('Belinostat', 0.05, 'uM')]",G1,-0.724303571625761,1739,4704,HDAC inhibitor
LOX-IMVI,plate10,Belinostat,"[('Belinostat', 0.05, 'uM')]",S,0.37021158806445875,1739,4704,HDAC inhibitor
LOX-IMVI,plate10,Belinostat,"[('Belinostat', 0.05, 'uM')]",G2M,0.7260643268166833,1739,4704,HDAC inhibitor
LOX-IMVI,plate10,Carbamazepine,"[('Carbamazepine', 0.05, 'uM')]",G1,-0.32312734307826674,1634,4704,HDAC inhibitor
LOX-IMVI,plate10,Carbamazepine,"[('Carbamazepine', 0.05, 'uM')]",S,-0.5326008090352097,1634,4704,HDAC inhibitor
LOX-IMVI,plate10,Carbamazepine,"[('Carbamazepine', 0.05, 'uM')]",G2M,0.37934132440095,1634,4704,HDAC inhibitor
LOX-IMVI,plate10,Panobinostat,"[('Panobinostat', 0.05, 'uM')]",G1,-1.034176903893328,1911,4704,HDAC inhibitor
LOX-IMVI,plate10,Panobinostat,"[('Panobinostat', 0.05, 'uM')]",S,0.9863416693410592,1911,4704,HDAC inhibitor
LOX-IMVI,plate10,Panobinostat,"[('Panobinostat', 0.05, 'uM')]",G2M,0.9788847149876059,1911,4704,HDAC inhibitor
LOX-IMVI,plate11,Belinostat,"[('Belinostat', 0.5, 'uM')]",G1,-0.727899567746707,808,3892,HDAC inhibitor
LOX-IMVI,plate11,Belinostat,"[('Belinostat', 0.5, 'uM')]",S,0.9399253748523104,808,3892,HDAC inhibitor
LOX-IMVI,plate11,Belinostat,"[('Belinostat', 0.5, 'uM')]",G2M,0.5476340079512384,808,3892,HDAC inhibitor
LOX-IMVI,plate11,Carbamazepine,"[('Carbamazepine', 0.5, 'uM')]",G1,0.08943505015001069,1471,3892,HDAC inhibitor
LOX-IMVI,plate11,Carbamazepine,"[('Carbamazepine', 0.5, 'uM')]",S,0.09171992748443356,1471,3892,HDAC inhibitor
LOX-IMVI,plate11,Carbamazepine,"[('Carbamazepine', 0.5, 'uM')]",G2M,-0.11361262207402902,1471,3892,HDAC inhibitor
LOX-IMVI,plate11,Panobinostat,"[('Panobinostat', 0.5, 'uM')]",G1,-2.740089375798736,1210,3892,HDAC inhibitor
LOX-IMVI,plate11,Panobinostat,"[('Panobinostat', 0.5, 'uM')]",S,3.185939429679116,1210,3892,HDAC inhibitor
LOX-IMVI,plate11,Panobinostat,"[('Panobinostat', 0.5, 'uM')]",G2M,1.1611399291674995,1210,3892,HDAC inhibitor
LOX-IMVI,plate12,Belinostat,"[('Belinostat', 5.0, 'uM')]",G1,-2.6382937899914896,1628,4313,HDAC inhibitor
LOX-IMVI,plate12,Belinostat,"[('Belinostat', 5.0, 'uM')]",S,2.8213076687306713,1628,4313,HDAC inhibitor
LOX-IMVI,plate12,Belinostat,"[('Belinostat', 5.0, 'uM')]",G2M,1.5814261425598295,1628,4313,HDAC inhibitor
LOX-IMVI,plate12,Carbamazepine,"[('Carbamazepine', 5.0, 'uM')]",G1,0.047865069555356875,1608,4313,HDAC inhibitor
LOX-IMVI,plate12,Carbamazepine,"[('Carbamazepine', 5.0, 'uM')]",S,-0.34579108041119727,1608,4313,HDAC inhibitor
LOX-IMVI,plate12,Carbamazepine,"[('Carbamazepine', 5.0, 'uM')]",G2M,0.002267442672812717,1608,4313,HDAC inhibitor
LOX-IMVI,plate12,Panobinostat,"[('Panobinostat', 5.0, 'uM')]",G1,-2.8435296708172526,1233,4313,HDAC inhibitor
LOX-IMVI,plate12,Panobinostat,"[('Panobinostat', 5.0, 'uM')]",S,3.345043370201381,1233,4313,HDAC inhibitor
LOX-IMVI,plate12,Panobinostat,"[('Panobinostat', 5.0, 'uM')]",G2M,1.3579117372321834,1233,4313,HDAC inhibitor
LOX-IMVI,plate13,Abemaciclib,"[('Abemaciclib', 0.05, 'uM')]",G1,-0.1905990061061364,2409,2745,CDK inhibitor
LOX-IMVI,plate13,Abemaciclib,"[('Abemaciclib', 0.05, 'uM')]",S,-0.264244716968215,2409,2745,CDK inhibitor
LOX-IMVI,plate13,Abemaciclib,"[('Abemaciclib', 0.05, 'uM')]",G2M,0.24297650079699307,2409,2745,CDK inhibitor
LOX-IMVI,plate13,Ribociclib,"[('Ribociclib', 0.05, 'uM')]",G1,0.0090103177513285,2242,2745,CDK inhibitor
LOX-IMVI,plate13,Ribociclib,"[('Ribociclib', 0.05, 'uM')]",S,0.2862700960320178,2242,2745,CDK inhibitor
LOX-IMVI,plate13,Ribociclib,"[('Ribociclib', 0.05, 'uM')]",G2M,-0.06328185502190993,2242,2745,CDK inhibitor
LOX-IMVI,plate13,Ribociclib,"[('Ribociclib', 0.5, 'uM')]",G1,-0.04989983738693349,1780,2745,CDK inhibitor
LOX-IMVI,plate13,Ribociclib,"[('Ribociclib', 0.5, 'uM')]",S,-0.2238398164040331,1780,2745,CDK inhibitor
LOX-IMVI,plate13,Ribociclib,"[('Ribociclib', 0.5, 'uM')]",G2M,0.0889654294059524,1780,2745,CDK inhibitor
LOX-IMVI,plate13,Ribociclib,"[('Ribociclib', 5.0, 'uM')]",G1,0.0684522226130002,2146,2745,CDK inhibitor
LOX-IMVI,plate13,Ribociclib,"[('Ribociclib', 5.0, 'uM')]",S,-0.7549489311937339,2146,2745,CDK inhibitor
LOX-IMVI,plate13,Ribociclib,"[('Ribociclib', 5.0, 'uM')]",G2M,0.027830955639834672,2146,2745,CDK inhibitor
LOX-IMVI,plate14,Docetaxel,"[('Docetaxel', 5.0, 'uM')]",G1,0.08267704902912565,1514,1886,Microtubule inhibitor
LOX-IMVI,plate14,Docetaxel,"[('Docetaxel', 5.0, 'uM')]",S,-0.3829456573069455,1514,1886,Microtubule inhibitor
LOX-IMVI,plate14,Docetaxel,"[('Docetaxel', 5.0, 'uM')]",G2M,0.030716398448193464,1514,1886,Microtubule inhibitor
LOX-IMVI,plate14,Tucidinostat,"[('Tucidinostat', 5.0, 'uM')]",G1,-0.04019691003293564,1645,1886,HDAC inhibitor
LOX-IMVI,plate14,Tucidinostat,"[('Tucidinostat', 5.0, 'uM')]",S,0.046061408993734836,1645,1886,HDAC inhibitor
LOX-IMVI,plate14,Tucidinostat,"[('Tucidinostat', 5.0, 'uM')]",G2M,0.02951850553030912,1645,1886,HDAC inhibitor
LOX-IMVI,plate14,Vinblastine (sulfate),"[('Vinblastine (sulfate)', 5.0, 'uM')]",G1,0.14674378071353905,1346,1886,Microtubule inhibitor
LOX-IMVI,plate14,Vinblastine (sulfate),"[('Vinblastine (sulfate)', 5.0, 'uM')]",S,-0.1684666444908116,1346,1886,Microtubule inhibitor
LOX-IMVI,plate14,Vinblastine (sulfate),"[('Vinblastine (sulfate)', 5.0, 'uM')]",G2M,-0.10863042213516527,1346,1886,Microtubule inhibitor
LOX-IMVI,plate2,Abemaciclib,"[('Abemaciclib', 0.5, 'uM')]",G1,-0.5156984546572934,1693,4961,CDK inhibitor
LOX-IMVI,plate2,Abemaciclib,"[('Abemaciclib', 0.5, 'uM')]",S,0.5636248214703656,1693,4961,CDK inhibitor
LOX-IMVI,plate2,Abemaciclib,"[('Abemaciclib', 0.5, 'uM')]",G2M,0.3498589119221755,1693,4961,CDK inhibitor
LOX-IMVI,plate2,Paclitaxel,"[('Paclitaxel', 0.5, 'uM')]",G1,0.009976246169080669,2845,4961,Microtubule inhibitor
LOX-IMVI,plate2,Paclitaxel,"[('Paclitaxel', 0.5, 'uM')]",S,-0.17103578303137942,2845,4961,Microtubule inhibitor
LOX-IMVI,plate2,Paclitaxel,"[('Paclitaxel', 0.5, 'uM')]",G2M,0.062499894549034776,2845,4961,Microtubule inhibitor
LOX-IMVI,plate2,Tubulin inhibitor 6,"[('Tubulin inhibitor 6', 0.5, 'uM')]",G1,0.20340288485261493,2635,4961,Microtubule inhibitor
LOX-IMVI,plate2,Tubulin inhibitor 6,"[('Tubulin inhibitor 6', 0.5, 'uM')]",S,-0.15277224110422144,2635,4961,Microtubule inhibitor
LOX-IMVI,plate2,Tubulin inhibitor 6,"[('Tubulin inhibitor 6', 0.5, 'uM')]",G2M,-0.18278474312588053,2635,4961,Microtubule inhibitor
LOX-IMVI,plate2,palbociclib,"[('palbociclib', 0.5, 'uM')]",G1,1.67301278036153,1610,4961,CDK inhibitor
LOX-IMVI,plate2,palbociclib,"[('palbociclib', 0.5, 'uM')]",S,-1.0825983356259983,1610,4961,CDK inhibitor
LOX-IMVI,plate2,palbociclib,"[('palbociclib', 0.5, 'uM')]",G2M,-1.7100811471462798,1610,4961,CDK inhibitor
LOX-IMVI,plate2,vincristine,"[('vincristine', 0.5, 'uM')]",G1,-0.15663796413909373,778,4961,Microtubule inhibitor
LOX-IMVI,plate2,vincristine,"[('vincristine', 0.5, 'uM')]",S,0.29125851327219715,778,4961,Microtubule inhibitor
LOX-IMVI,plate2,vincristine,"[('vincristine', 0.5, 'uM')]",G2M,0.055713304451914504,778,4961,Microtubule inhibitor
LOX-IMVI,plate3,Abemaciclib,"[('Abemaciclib', 5.0, 'uM')]",G1,0.16220099026486667,757,2021,CDK inhibitor
LOX-IMVI,plate3,Abemaciclib,"[('Abemaciclib', 5.0, 'uM')]",S,-0.052402164186036444,757,2021,CDK inhibitor
LOX-IMVI,plate3,Abemaciclib,"[('Abemaciclib', 5.0, 'uM')]",G2M,-0.16241304985640884,757,2021,CDK inhibitor
LOX-IMVI,plate3,Paclitaxel,"[('Paclitaxel', 5.0, 'uM')]",G1,0.5079411661696273,2015,2021,Microtubule inhibitor
LOX-IMVI,plate3,Paclitaxel,"[('Paclitaxel', 5.0, 'uM')]",S,-0.7728332896576302,2015,2021,Microtubule inhibitor
LOX-IMVI,plate3,Paclitaxel,"[('Paclitaxel', 5.0, 'uM')]",G2M,-0.25607068487952767,2015,2021,Microtubule inhibitor
LOX-IMVI,plate3,Tubulin inhibitor 6,"[('Tubulin inhibitor 6', 5.0, 'uM')]",G1,0.30525090916290754,712,2021,Microtubule inhibitor
LOX-IMVI,plate3,Tubulin inhibitor 6,"[('Tubulin inhibitor 6', 5.0, 'uM')]",S,-0.3394354830393869,712,2021,Microtubule inhibitor
LOX-IMVI,plate3,Tubulin inhibitor 6,"[('Tubulin inhibitor 6', 5.0, 'uM')]",G2M,-0.19192226477632213,712,2021,Microtubule inhibitor
LOX-IMVI,plate3,palbociclib,"[('palbociclib', 5.0, 'uM')]",G1,1.6812452109197946,965,2021,CDK inhibitor
LOX-IMVI,plate3,palbociclib,"[('palbociclib', 5.0, 'uM')]",S,-1.0050306975594525,965,2021,CDK inhibitor
LOX-IMVI,plate3,palbociclib,"[('palbociclib', 5.0, 'uM')]",G2M,-1.6493967278273065,965,2021,CDK inhibitor
LOX-IMVI,plate3,vincristine,"[('vincristine', 5.0, 'uM')]",G1,-0.2574504948679021,583,2021,Microtubule inhibitor
LOX-IMVI,plate3,vincristine,"[('vincristine', 5.0, 'uM')]",S,-0.402777986389517,583,2021,Microtubule inhibitor
LOX-IMVI,plate3,vincristine,"[('vincristine', 5.0, 'uM')]",G2M,0.4681700544698625,583,2021,Microtubule inhibitor
LOX-IMVI,plate4,Docetaxel,"[('Docetaxel', 0.05, 'uM')]",G1,-0.2809114802392219,546,3690,Microtubule inhibitor
LOX-IMVI,plate4,Docetaxel,"[('Docetaxel', 0.05, 'uM')]",S,-0.23417344714335409,546,3690,Microtubule inhibitor
LOX-IMVI,plate4,Docetaxel,"[('Docetaxel', 0.05, 'uM')]",G2M,0.37957564345705935,546,3690,Microtubule inhibitor
LOX-IMVI,plate4,Tucidinostat,"[('Tucidinostat', 0.05, 'uM')]",G1,0.2268335828443717,1768,3690,HDAC inhibitor
LOX-IMVI,plate4,Tucidinostat,"[('Tucidinostat', 0.05, 'uM')]",S,0.08736305959529952,1768,3690,HDAC inhibitor
LOX-IMVI,plate4,Tucidinostat,"[('Tucidinostat', 0.05, 'uM')]",G2M,-0.2904384560868845,1768,3690,HDAC inhibitor
LOX-IMVI,plate4,Vinblastine (sulfate),"[('Vinblastine (sulfate)', 0.05, 'uM')]",G1,0.04426287598074918,1655,3690,Microtubule inhibitor
LOX-IMVI,plate4,Vinblastine (sulfate),"[('Vinblastine (sulfate)', 0.05, 'uM')]",S,-0.23198856715862373,1655,3690,Microtubule inhibitor
LOX-IMVI,plate4,Vinblastine (sulfate),"[('Vinblastine (sulfate)', 0.05, 'uM')]",G2M,0.019589657048522044,1655,3690,Microtubule inhibitor
LOX-IMVI,plate5,Docetaxel,"[('Docetaxel', 0.5, 'uM')]",G1,-0.19169918420724474,1756,4724,Microtubule inhibitor
LOX-IMVI,plate5,Docetaxel,"[('Docetaxel', 0.5, 'uM')]",S,-0.3591957146123334,1756,4724,Microtubule inhibitor
LOX-IMVI,plate5,Docetaxel,"[('Docetaxel', 0.5, 'uM')]",G2M,0.3080968811788343,1756,4724,Microtubule inhibitor
LOX-IMVI,plate5,Tucidinostat,"[('Tucidinostat', 0.5, 'uM')]",G1,0.12861393787744954,1672,4724,HDAC inhibitor
LOX-IMVI,plate5,Tucidinostat,"[('Tucidinostat', 0.5, 'uM')]",S,-0.3146171791552851,1672,4724,HDAC inhibitor
LOX-IMVI,plate5,Tucidinostat,"[('Tucidinostat', 0.5, 'uM')]",G2M,-0.04851934424991863,1672,4724,HDAC inhibitor
LOX-IMVI,plate5,Vinblastine (sulfate),"[('Vinblastine (sulfate)', 0.5, 'uM')]",G1,0.10044389437483275,751,4724,Microtubule inhibitor
LOX-IMVI,plate5,Vinblastine (sulfate),"[('Vinblastine (sulfate)', 0.5, 'uM')]",S,-0.12756814726861468,751,4724,Microtubule inhibitor
LOX-IMVI,plate5,Vinblastine (sulfate),"[('Vinblastine (sulfate)', 0.5, 'uM')]",G2M,-0.06805928838765478,751,4724,Microtubule inhibitor
LOX-IMVI,plate6,Docetaxel,"[('Docetaxel', 5.0, 'uM')]",G1,0.0707032084211356,923,5198,Microtubule inhibitor
LOX-IMVI,plate6,Docetaxel,"[('Docetaxel', 5.0, 'uM')]",S,-0.6407880175827936,923,5198,Microtubule inhibitor
LOX-IMVI,plate6,Docetaxel,"[('Docetaxel', 5.0, 'uM')]",G2M,0.0961059667538274,923,5198,Microtubule inhibitor
LOX-IMVI,plate6,Tucidinostat,"[('Tucidinostat', 5.0, 'uM')]",G1,0.11933596476019676,1527,5198,HDAC inhibitor
LOX-IMVI,plate6,Tucidinostat,"[('Tucidinostat', 5.0, 'uM')]",S,-0.6147808437622726,1527,5198,HDAC inhibitor
LOX-IMVI,plate6,Tucidinostat,"[('Tucidinostat', 5.0, 'uM')]",G2M,0.03596073316477088,1527,5198,HDAC inhibitor
LOX-IMVI,plate6,Vinblastine (sulfate),"[('Vinblastine (sulfate)', 5.0, 'uM')]",G1,0.2787289295320784,899,5198,Microtubule inhibitor
LOX-IMVI,plate6,Vinblastine (sulfate),"[('Vinblastine (sulfate)', 5.0, 'uM')]",S,-0.5312528079233292,899,5198,Microtubule inhibitor
LOX-IMVI,plate6,Vinblastine (sulfate),"[('Vinblastine (sulfate)', 5.0, 'uM')]",G2M,-0.1579559915247215,899,5198,Microtubule inhibitor
LOX-IMVI,plate7,Dinaciclib,"[('Dinaciclib', 0.05, 'uM')]",G1,-2.2383453492881547,415,2529,CDK inhibitor
LOX-IMVI,plate7,Dinaciclib,"[('Dinaciclib', 0.05, 'uM')]",S,2.0944812849279657,415,2529,CDK inhibitor
LOX-IMVI,plate7,Dinaciclib,"[('Dinaciclib', 0.05, 'uM')]",G2M,1.2862967600472561,415,2529,CDK inhibitor
LOX-IMVI,plate7,Docetaxel (Trihydrate),"[('Docetaxel (Trihydrate)', 0.05, 'uM')]",G1,-0.17574708675190123,1028,2529,Microtubule inhibitor
LOX-IMVI,plate7,Docetaxel (Trihydrate),"[('Docetaxel (Trihydrate)', 0.05, 'uM')]",S,-0.5427802440862138,1028,2529,Microtubule inhibitor
LOX-IMVI,plate7,Docetaxel (Trihydrate),"[('Docetaxel (Trihydrate)', 0.05, 'uM')]",G2M,0.29371076629592535,1028,2529,Microtubule inhibitor
LOX-IMVI,plate7,Mebendazole,"[('Mebendazole', 0.05, 'uM')]",G1,0.16570176835439984,1638,2529,Microtubule inhibitor
LOX-IMVI,plate7,Mebendazole,"[('Mebendazole', 0.05, 'uM')]",S,-0.6144428757723024,1638,2529,Microtubule inhibitor
LOX-IMVI,plate7,Mebendazole,"[('Mebendazole', 0.05, 'uM')]",G2M,-0.052212339974813,1638,2529,Microtubule inhibitor
LOX-IMVI,plate8,Dinaciclib,"[('Dinaciclib', 0.5, 'uM')]",G1,-1.6524113278841224,833,4814,CDK inhibitor
LOX-IMVI,plate8,Dinaciclib,"[('Dinaciclib', 0.5, 'uM')]",S,2.541061184651568,833,4814,CDK inhibitor
LOX-IMVI,plate8,Dinaciclib,"[('Dinaciclib', 0.5, 'uM')]",G2M,1.0322499483842913,833,4814,CDK inhibitor
LOX-IMVI,plate8,Docetaxel (Trihydrate),"[('Docetaxel (Trihydrate)', 0.5, 'uM')]",G1,-0.9089729497574978,1566,4814,Microtubule inhibitor
LOX-IMVI,plate8,Docetaxel (Trihydrate),"[('Docetaxel (Trihydrate)', 0.5, 'uM')]",S,0.40661958719738595,1566,4814,Microtubule inhibitor
LOX-IMVI,plate8,Docetaxel (Trihydrate),"[('Docetaxel (Trihydrate)', 0.5, 'uM')]",G2M,0.9162361263187659,1566,4814,Microtubule inhibitor
LOX-IMVI,plate8,Mebendazole,"[('Mebendazole', 0.5, 'uM')]",G1,-0.6803387507409777,1761,4814,Microtubule inhibitor
LOX-IMVI,plate8,Mebendazole,"[('Mebendazole', 0.5, 'uM')]",S,0.09587138799936398,1761,4814,Microtubule inhibitor
LOX-IMVI,plate8,Mebendazole,"[('Mebendazole', 0.5, 'uM')]",G2M,0.7216248821649343,1761,4814,Microtubule inhibitor
LOX-IMVI,plate9,Dinaciclib,"[('Dinaciclib', 5.0, 'uM')]",G1,-2.853760105424728,263,3235,CDK inhibitor
LOX-IMVI,plate9,Dinaciclib,"[('Dinaciclib', 5.0, 'uM')]",S,2.7198974629319057,263,3235,CDK inhibitor
LOX-IMVI,plate9,Dinaciclib,"[('Dinaciclib', 5.0, 'uM')]",G2M,1.3896608057995528,263,3235,CDK inhibitor
LOX-IMVI,plate9,Docetaxel (Trihydrate),"[('Docetaxel (Trihydrate)', 5.0, 'uM')]",G1,-0.05890776744298716,1117,3235,Microtubule inhibitor
LOX-IMVI,plate9,Docetaxel (Trihydrate),"[('Docetaxel (Trihydrate)', 5.0, 'uM')]",S,-0.28834396602252277,1117,3235,Microtubule inhibitor
LOX-IMVI,plate9,Docetaxel (Trihydrate),"[('Docetaxel (Trihydrate)', 5.0, 'uM')]",G2M,0.1115496829889183,1117,3235,Microtubule inhibitor
LOX-IMVI,plate9,Mebendazole,"[('Mebendazole', 5.0, 'uM')]",G1,-0.5632634217565338,2191,3235,Microtubule inhibitor
LOX-IMVI,plate9,Mebendazole,"[('Mebendazole', 5.0, 'uM')]",S,-0.031872562064752606,2191,3235,Microtubule inhibitor
LOX-IMVI,plate9,Mebendazole,"[('Mebendazole', 5.0, 'uM')]",G2M,0.5837124582657316,2191,3235,Microtubule inhibitor
LS 180,plate1,Paclitaxel,"[('Paclitaxel', 0.05, 'uM')]",G1,0.5560577919209584,1906,4248,Microtubule inhibitor
LS 180,plate1,Paclitaxel,"[('Paclitaxel', 0.05, 'uM')]",S,-0.4188474410142352,1906,4248,Microtubule inhibitor
LS 180,plate1,Paclitaxel,"[('Paclitaxel', 0.05, 'uM')]",G2M,-0.49629272800659396,1906,4248,Microtubule inhibitor
LS 180,plate1,Tubulin inhibitor 6,"[('Tubulin inhibitor 6', 0.05, 'uM')]",G1,0.18271204885002582,1653,4248,Microtubule inhibitor
LS 180,plate1,Tubulin inhibitor 6,"[('Tubulin inhibitor 6', 0.05, 'uM')]",S,-0.32172324101419886,1653,4248,Microtubule inhibitor
LS 180,plate1,Tubulin inhibitor 6,"[('Tubulin inhibitor 6', 0.05, 'uM')]",G2M,-0.10689874421615196,1653,4248,Microtubule inhibitor
LS 180,plate1,palbociclib,"[('palbociclib', 0.05, 'uM')]",G1,0.4971086742980901,1135,4248,CDK inhibitor
LS 180,plate1,palbociclib,"[('palbociclib', 0.05, 'uM')]",S,-0.17853847437069192,1135,4248,CDK inhibitor
LS 180,plate1,palbociclib,"[('palbociclib', 0.05, 'uM')]",G2M,-0.5001327238303648,1135,4248,CDK inhibitor
LS 180,plate1,vincristine,"[('vincristine', 0.05, 'uM')]",G1,0.42561005216548214,1565,4248,Microtubule inhibitor
LS 180,plate1,vincristine,"[('vincristine', 0.05, 'uM')]",S,-1.0646397723930674,1565,4248,Microtubule inhibitor
LS 180,plate1,vincristine,"[('vincristine', 0.05, 'uM')]",G2M,-0.2107773845424812,1565,4248,Microtubule inhibitor
LS 180,plate10,Belinostat,"[('Belinostat', 0.05, 'uM')]",G1,0.13010275562809717,1312,3629,HDAC inhibitor
LS 180,plate10,Belinostat,"[('Belinostat', 0.05, 'uM')]",S,-1.1337572500599726,1312,3629,HDAC inhibitor
LS 180,plate10,Belinostat,"[('Belinostat', 0.05, 'uM')]",G2M,0.013764946905724414,1312,3629,HDAC inhibitor
LS 180,plate10,Carbamazepine,"[('Carbamazepine', 0.05, 'uM')]",G1,-0.19530182742746235,1172,3629,HDAC inhibitor
LS 180,plate10,Carbamazepine,"[('Carbamazepine', 0.05, 'uM')]",S,-0.30414899660485983,1172,3629,HDAC inhibitor
LS 180,plate10,Carbamazepine,"[('Carbamazepine', 0.05, 'uM')]",G2M,0.26756690384600945,1172,3629,HDAC inhibitor
LS 180,plate10,Panobinostat,"[('Panobinostat', 0.05, 'uM')]",G1,0.5219397858707611,1788,3629,HDAC inhibitor
LS 180,plate10,Panobinostat,"[('Panobinostat', 0.05, 'uM')]",S,-1.5852196999981913,1788,3629,HDAC inhibitor
LS 180,plate10,Panobinostat,"[('Panobinostat', 0.05, 'uM')]",G2M,-0.36279923511083056,1788,3629,HDAC inhibitor
LS 180,plate11,Belinostat,"[('Belinostat', 0.5, 'uM')]",G1,0.3586228319075882,744,3638,HDAC inhibitor
LS 180,plate11,Belinostat,"[('Belinostat', 0.5, 'uM')]",S,-0.9573538710072681,744,3638,HDAC inhibitor
LS 180,plate11,Belinostat,"[('Belinostat', 0.5, 'uM')]",G2M,-0.20900998573246468,744,3638,HDAC inhibitor
LS 180,plate11,Carbamazepine,"[('Carbamazepine', 0.5, 'uM')]",G1,0.129881644314729,1011,3638,HDAC inhibitor
LS 180,plate11,Carbamazepine,"[('Carbamazepine', 0.5, 'uM')]",S,-0.8488155139165605,1011,3638,HDAC inhibitor
LS 180,plate11,Carbamazepine,"[('Carbamazepine', 0.5, 'uM')]",G2M,0.01782700827119725,1011,3638,HDAC inhibitor
LS 180,plate11,Panobinostat,"[('Panobinostat', 0.5, 'uM')]",G1,-0.7351353471403218,1827,3638,HDAC inhibitor
LS 180,plate11,Panobinostat,"[('Panobinostat', 0.5, 'uM')]",S,0.9123493845550472,1827,3638,HDAC inhibitor
LS 180,plate11,Panobinostat,"[('Panobinostat', 0.5, 'uM')]",G2M,0.5381392042315916,1827,3638,HDAC inhibitor
LS 180,plate12,Belinostat,"[('Belinostat', 5.0, 'uM')]",G1,-0.9006581906297073,1691,3031,HDAC inhibitor
LS 180,plate12,Belinostat,"[('Belinostat', 5.0, 'uM')]",S,0.5666147092443554,1691,3031,HDAC inhibitor
LS 180,plate12,Belinostat,"[('Belinostat', 5.0, 'uM')]",G2M,0.8312966982641671,1691,3031,HDAC inhibitor
LS 180,plate12,Carbamazepine,"[('Carbamazepine', 5.0, 'uM')]",G1,-0.6029515435001346,876,3031,HDAC inhibitor
LS 180,plate12,Carbamazepine,"[('Carbamazepine', 5.0, 'uM')]",S,-0.3212464357014992,876,3031,HDAC inhibitor
LS 180,plate12,Carbamazepine,"[('Carbamazepine', 5.0, 'uM')]",G2M,0.7350637978861563,876,3031,HDAC inhibitor
LS 180,plate12,Panobinostat,"[('Panobinostat', 5.0, 'uM')]",G1,-1.061562099010438,1579,3031,HDAC inhibitor
LS 180,plate12,Panobinostat,"[('Panobinostat', 5.0, 'uM')]",S,0.886522659704525,1579,3031,HDAC inhibitor
LS 180,plate12,Panobinostat,"[('Panobinostat', 5.0, 'uM')]",G2M,0.8939404406899781,1579,3031,HDAC inhibitor
LS 180,plate13,Abemaciclib,"[('Abemaciclib', 0.05, 'uM')]",G1,-0.54557827807114,1447,1977,CDK inhibitor
LS 180,plate13,Abemaciclib,"[('Abemaciclib', 0.05, 'uM')]",S,0.4395299666702701,1447,1977,CDK inhibitor
LS 180,plate13,Abemaciclib,"[('Abemaciclib', 0.05, 'uM')]",G2M,0.5144117978796499,1447,1977,CDK inhibitor
LS 180,plate13,Ribociclib,"[('Ribociclib', 0.05, 'uM')]",G1,-0.032177104897704326,1698,1977,CDK inhibitor
LS 180,plate13,Ribociclib,"[('Ribociclib', 0.05, 'uM')]",S,0.11893287286348773,1698,1977,CDK inhibitor
LS 180,plate13,Ribociclib,"[('Ribociclib', 0.05, 'uM')]",G2M,0.015324486503504431,1698,1977,CDK inhibitor
LS 180,plate13,Ribociclib,"[('Ribociclib', 0.5, 'uM')]",G1,-0.02316558414275799,1482,1977,CDK inhibitor
LS 180,plate13,Ribociclib,"[('Ribociclib', 0.5, 'uM')]",S,0.047160122813800755,1482,1977,CDK inhibitor
LS 180,plate13,Ribociclib,"[('Ribociclib', 0.5, 'uM')]",G2M,0.018124686659955893,1482,1977,CDK inhibitor
LS 180,plate13,Ribociclib,"[('Ribociclib', 5.0, 'uM')]",G1,-0.0350062806603831,1676,1977,CDK inhibitor
LS 180,plate13,Ribociclib,"[('Ribociclib', 5.0, 'uM')]",S,0.2197318546840371,1676,1977,CDK inhibitor
LS 180,plate13,Ribociclib,"[('Ribociclib', 5.0, 'uM')]",G2M,0.00016205144723154636,1676,1977,CDK inhibitor
LS 180,plate14,Docetaxel,"[('Docetaxel', 5.0, 'uM')]",G1,0.17634263598209796,2182,2221,Microtubule inhibitor
LS 180,plate14,Docetaxel,"[('Docetaxel', 5.0, 'uM')]",S,-0.9015939495077413,2182,2221,Microtubule inhibitor
LS 180,plate14,Docetaxel,"[('Docetaxel', 5.0, 'uM')]",G2M,0.0830970814627349,2182,2221,Microtubule inhibitor
LS 180,plate14,Tucidinostat,"[('Tucidinostat', 5.0, 'uM')]",G1,0.4842239510020396,1841,2221,HDAC inhibitor
LS 180,plate14,Tucidinostat,"[('Tucidinostat', 5.0, 'uM')]",S,-0.6283421107470426,1841,2221,HDAC inhibitor
LS 180,plate14,Tucidinostat,"[('Tucidinostat', 5.0, 'uM')]",G2M,-0.3300736311806663,1841,2221,HDAC inhibitor
LS 180,plate14,Vinblastine (sulfate),"[('Vinblastine (sulfate)', 5.0, 'uM')]",G1,0.6281195700249237,1705,2221,Microtubule inhibitor
LS 180,plate14,Vinblastine (sulfate),"[('Vinblastine (sulfate)', 5.0, 'uM')]",S,-0.6217715604582014,1705,2221,Microtubule inhibitor
LS 180,plate14,Vinblastine (sulfate),"[('Vinblastine (sulfate)', 5.0, 'uM')]",G2M,-0.4978282830893299,1705,2221,Microtubule inhibitor
LS 180,plate2,Abemaciclib,"[('Abemaciclib', 0.5, 'uM')]",G1,0.4516319292204338,2056,5204,CDK inhibitor
LS 180,plate2,Abemaciclib,"[('Abemaciclib', 0.5, 'uM')]",S,-0.6678201137300945,2056,5204,CDK inhibitor
LS 180,plate2,Abemaciclib,"[('Abemaciclib', 0.5, 'uM')]",G2M,-0.2684941378126204,2056,5204,CDK inhibitor
LS 180,plate2,Paclitaxel,"[('Paclitaxel', 0.5, 'uM')]",G1,0.18221676760954092,3620,5204,Microtubule inhibitor
LS 180,plate2,Paclitaxel,"[('Paclitaxel', 0.5, 'uM')]",S,-0.1423352014049403,3620,5204,Microtubule inhibitor
LS 180,plate2,Paclitaxel,"[('Paclitaxel', 0.5, 'uM')]",G2M,-0.1591835548732125,3620,5204,Microtubule inhibitor
LS 180,plate2,Tubulin inhibitor 6,"[('Tubulin inhibitor 6', 0.5, 'uM')]",G1,0.4268823048537999,2785,5204,Microtubule inhibitor
LS 180,plate2,Tubulin inhibitor 6,"[('Tubulin inhibitor 6', 0.5, 'uM')]",S,-0.29567163772290944,2785,5204,Microtubule inhibitor
LS 180,plate2,Tubulin inhibitor 6,"[('Tubulin inhibitor 6', 0.5, 'uM')]",G2M,-0.3978401186740794,2785,5204,Microtubule inhibitor
LS 180,plate2,palbociclib,"[('palbociclib', 0.5, 'uM')]",G1,1.6959279508776444,2332,5204,CDK inhibitor
LS 180,plate2,palbociclib,"[('palbociclib', 0.5, 'uM')]",S,-1.0782273663733988,2332,5204,CDK inhibitor
LS 180,plate2,palbociclib,"[('palbociclib', 0.5, 'uM')]",G2M,-1.7484093296195808,2332,5204,CDK inhibitor
LS 180,plate2,vincristine,"[('vincristine', 0.5, 'uM')]",G1,-0.09704948901231643,597,5204,Microtubule inhibitor
LS 180,plate2,vincristine,"[('vincristine', 0.5, 'uM')]",S,-0.493360668042733,597,5204,Microtubule inhibitor
LS 180,plate2,vincristine,"[('vincristine', 0.5, 'uM')]",G2M,0.32184740108996507,597,5204,Microtubule inhibitor
LS 180,plate3,Abemaciclib,"[('Abemaciclib', 5.0, 'uM')]",G1,1.147330781466684,1204,1530,CDK inhibitor
LS 180,plate3,Abemaciclib,"[('Abemaciclib', 5.0, 'uM')]",S,-0.6865691933085635,1204,1530,CDK inhibitor
LS 180,plate3,Abemaciclib,"[('Abemaciclib', 5.0, 'uM')]",G2M,-1.0984737126394446,1204,1530,CDK inhibitor
LS 180,plate3,Paclitaxel,"[('Paclitaxel', 5.0, 'uM')]",G1,0.608826889552297,2892,1530,Microtubule inhibitor
LS 180,plate3,Paclitaxel,"[('Paclitaxel', 5.0, 'uM')]",S,-0.38807081289646406,2892,1530,Microtubule inhibitor
LS 180,plate3,Paclitaxel,"[('Paclitaxel', 5.0, 'uM')]",G2M,-0.556236899220284,2892,1530,Microtubule inhibitor
LS 180,plate3,Tubulin inhibitor 6,"[('Tubulin inhibitor 6', 5.0, 'uM')]",G1,-0.1730186973711071,584,1530,Microtubule inhibitor
LS 180,plate3,Tubulin inhibitor 6,"[('Tubulin inhibitor 6', 5.0, 'uM')]",S,-0.10680649657789629,584,1530,Microtubule inhibitor
LS 180,plate3,Tubulin inhibitor 6,"[('Tubulin inhibitor 6', 5.0, 'uM')]",G2M,0.24052399668924437,584,1530,Microtubule inhibitor
LS 180,plate3,palbociclib,"[('palbociclib', 5.0, 'uM')]",G1,1.7994417209701246,724,1530,CDK inhibitor
LS 180,plate3,palbociclib,"[('palbociclib', 5.0, 'uM')]",S,-1.2370843283481538,724,1530,CDK inhibitor
LS 180,plate3,palbociclib,"[('palbociclib', 5.0, 'uM')]",G2M,-1.7066224451720686,724,1530,CDK inhibitor
LS 180,plate3,vincristine,"[('vincristine', 5.0, 'uM')]",G1,-0.06511178586668849,348,1530,Microtubule inhibitor
LS 180,plate3,vincristine,"[('vincristine', 5.0, 'uM')]",S,-0.3150724128940572,348,1530,Microtubule inhibitor
LS 180,plate3,vincristine,"[('vincristine', 5.0, 'uM')]",G2M,0.20073839302512883,348,1530,Microtubule inhibitor
LS 180,plate4,Docetaxel,"[('Docetaxel', 0.05, 'uM')]",G1,-1.1200611698173868,407,2775,Microtubule inhibitor
LS 180,plate4,Docetaxel,"[('Docetaxel', 0.05, 'uM')]",S,-0.3280025155526963,407,2775,Microtubule inhibitor
LS 180,plate4,Docetaxel,"[('Docetaxel', 0.05, 'uM')]",G2M,1.2525540419784884,407,2775,Microtubule inhibitor
LS 180,plate4,Tucidinostat,"[('Tucidinostat', 0.05, 'uM')]",G1,0.6193835866837576,1563,2775,HDAC inhibitor
LS 180,plate4,Tucidinostat,"[('Tucidinostat', 0.05, 'uM')]",S,-0.6998295284146067,1563,2775,HDAC inhibitor
LS 180,plate4,Tucidinostat,"[('Tucidinostat', 0.05, 'uM')]",G2M,-0.5041046335976345,1563,2775,HDAC inhibitor
LS 180,plate4,Vinblastine (sulfate),"[('Vinblastine (sulfate)', 0.05, 'uM')]",G1,-0.2522074079725266,1586,2775,Microtubule inhibitor
LS 180,plate4,Vinblastine (sulfate),"[('Vinblastine (sulfate)', 0.05, 'uM')]",S,-0.4743278934704285,1586,2775,Microtubule inhibitor
LS 180,plate4,Vinblastine (sulfate),"[('Vinblastine (sulfate)', 0.05, 'uM')]",G2M,0.3923917185595799,1586,2775,Microtubule inhibitor
LS 180,plate5,Docetaxel,"[('Docetaxel', 0.5, 'uM')]",G1,-0.22664057832660336,1252,3175,Microtubule inhibitor
LS 180,plate5,Docetaxel,"[('Docetaxel', 0.5, 'uM')]",S,-1.0854393920435903,1252,3175,Microtubule inhibitor
LS 180,plate5,Docetaxel,"[('Docetaxel', 0.5, 'uM')]",G2M,0.495706473135035,1252,3175,Microtubule inhibitor
LS 180,plate5,Tucidinostat,"[('Tucidinostat', 0.5, 'uM')]",G1,1.5149789698634206,1013,3175,HDAC inhibitor
LS 180,plate5,Tucidinostat,"[('Tucidinostat', 0.5, 'uM')]",S,-2.376433663262936,1013,3175,HDAC inhibitor
LS 180,plate5,Tucidinostat,"[('Tucidinostat', 0.5, 'uM')]",G2M,-1.1406994121544827,1013,3175,HDAC inhibitor
LS 180,plate5,Vinblastine (sulfate),"[('Vinblastine (sulfate)', 0.5, 'uM')]",G1,0.9303135094449235,549,3175,Microtubule inhibitor
LS 180,plate5,Vinblastine (sulfate),"[('Vinblastine (sulfate)', 0.5, 'uM')]",S,-1.049446633018354,549,3175,Microtubule inhibitor
LS 180,plate5,Vinblastine (sulfate),"[('Vinblastine (sulfate)', 0.5, 'uM')]",G2M,-0.7120127492598758,549,3175,Microtubule inhibitor
LS 180,plate6,Docetaxel,"[('Docetaxel', 5.0, 'uM')]",G1,-0.028833538267969867,710,3292,Microtubule inhibitor
LS 180,plate6,Docetaxel,"[('Docetaxel', 5.0, 'uM')]",S,-1.0413074742663462,710,3292,Microtubule inhibitor
LS 180,plate6,Docetaxel,"[('Docetaxel', 5.0, 'uM')]",G2M,0.3138544052628624,710,3292,Microtubule inhibitor
LS 180,plate6,Tucidinostat,"[('Tucidinostat', 5.0, 'uM')]",G1,1.741750142827581,1202,3292,HDAC inhibitor
LS 180,plate6,Tucidinostat,"[('Tucidinostat', 5.0, 'uM')]",S,-3.4849264099900603,1202,3292,HDAC inhibitor
LS 180,plate6,Tucidinostat,"[('Tucidinostat', 5.0, 'uM')]",G2M,-1.2700258035539058,1202,3292,HDAC inhibitor
LS 180,plate6,Vinblastine (sulfate),"[('Vinblastine (sulfate)', 5.0, 'uM')]",G1,0.9618887235253492,840,3292,Microtubule inhibitor
LS 180,plate6,Vinblastine (sulfate),"[('Vinblastine (sulfate)', 5.0, 'uM')]",S,-1.2044765482534203,840,3292,Microtubule inhibitor
LS 180,plate6,Vinblastine (sulfate),"[('Vinblastine (sulfate)', 5.0, 'uM')]",G2M,-0.719855767891017,840,3292,Microtubule inhibitor
LS 180,plate7,Dinaciclib,"[('Dinaciclib', 0.05, 'uM')]",G1,-1.9393006172576714,182,1332,CDK inhibitor
LS 180,plate7,Dinaciclib,"[('Dinaciclib', 0.05, 'uM')]",S,1.535047009035654,182,1332,CDK inhibitor
LS 180,plate7,Dinaciclib,"[('Dinaciclib', 0.05, 'uM')]",G2M,1.431448533185304,182,1332,CDK inhibitor
LS 180,plate7,Docetaxel (Trihydrate),"[('Docetaxel (Trihydrate)', 0.05, 'uM')]",G1,-0.13487806845992975,767,1332,Microtubule inhibitor
LS 180,plate7,Docetaxel (Trihydrate),"[('Docetaxel (Trihydrate)', 0.05, 'uM')]",S,-0.8890575003725902,767,1332,Microtubule inhibitor
LS 180,plate7,Docetaxel (Trihydrate),"[('Docetaxel (Trihydrate)', 0.05, 'uM')]",G2M,0.28575065362340013,767,1332,Microtubule inhibitor
LS 180,plate7,Mebendazole,"[('Mebendazole', 0.05, 'uM')]",G1,-0.05973572340015099,981,1332,Microtubule inhibitor
LS 180,plate7,Mebendazole,"[('Mebendazole', 0.05, 'uM')]",S,-0.31029108666975036,981,1332,Microtubule inhibitor
LS 180,plate7,Mebendazole,"[('Mebendazole', 0.05, 'uM')]",G2M,0.12433362911142469,981,1332,Microtubule inhibitor
LS 180,plate8,Dinaciclib,"[('Dinaciclib', 0.5, 'uM')]",G1,-1.6648638571099956,403,3342,CDK inhibitor
LS 180,plate8,Dinaciclib,"[('Dinaciclib', 0.5, 'uM')]",S,2.2819158069853804,403,3342,CDK inhibitor
LS 180,plate8,Dinaciclib,"[('Dinaciclib', 0.5, 'uM')]",G2M,1.16361341348772,403,3342,CDK inhibitor
LS 180,plate8,Docetaxel (Trihydrate),"[('Docetaxel (Trihydrate)', 0.5, 'uM')]",G1,-0.376558599219158,1111,3342,Microtubule inhibitor
LS 180,plate8,Docetaxel (Trihydrate),"[('Docetaxel (Trihydrate)', 0.5, 'uM')]",S,0.00311501209426745,1111,3342,Microtubule inhibitor
LS 180,plate8,Docetaxel (Trihydrate),"[('Docetaxel (Trihydrate)', 0.5, 'uM')]",G2M,0.4178565178930683,1111,3342,Microtubule inhibitor
LS 180,plate8,Mebendazole,"[('Mebendazole', 0.5, 'uM')]",G1,-0.1395982700359115,1556,3342,Microtubule inhibitor
LS 180,plate8,Mebendazole,"[('Mebendazole', 0.5, 'uM')]",S,-1.1013333151854585,1556,3342,Microtubule inhibitor
LS 180,plate8,Mebendazole,"[('Mebendazole', 0.5, 'uM')]",G2M,0.29511966452638116,1556,3342,Microtubule inhibitor
LS 180,plate9,Dinaciclib,"[('Dinaciclib', 5.0, 'uM')]",G1,-2.5220840385091483,105,2220,CDK inhibitor
LS 180,plate9,Dinaciclib,"[('Dinaciclib', 5.0, 'uM')]",S,2.25360543348201,105,2220,CDK inhibitor
LS 180,plate9,Dinaciclib,"[('Dinaciclib', 5.0, 'uM')]",G2M,1.4956212715605128,105,2220,CDK inhibitor
LS 180,plate9,Docetaxel (Trihydrate),"[('Docetaxel (Trihydrate)', 5.0, 'uM')]",G1,0.2415386686578342,1095,2220,Microtubule inhibitor
LS 180,plate9,Docetaxel (Trihydrate),"[('Docetaxel (Trihydrate)', 5.0, 'uM')]",S,-1.717307329153391,1095,2220,Microtubule inhibitor
LS 180,plate9,Docetaxel (Trihydrate),"[('Docetaxel (Trihydrate)', 5.0, 'uM')]",G2M,-0.02380787346750922,1095,2220,Microtubule inhibitor
LS 180,plate9,Mebendazole,"[('Mebendazole', 5.0, 'uM')]",G1,-0.08830877524340419,2811,2220,Microtubule inhibitor
LS 180,plate9,Mebendazole,"[('Mebendazole', 5.0, 'uM')]",S,-1.4877255374634768,2811,2220,Microtubule inhibitor
LS 180,plate9,Mebendazole,"[('Mebendazole', 5.0, 'uM')]",G2M,0.29406319931245506,2811,2220,Microtubule inhibitor
LoVo,plate1,Paclitaxel,"[('Paclitaxel', 0.05, 'uM')]",G1,0.3181784028816406,3074,7271,Microtubule inhibitor
LoVo,plate1,Paclitaxel,"[('Paclitaxel', 0.05, 'uM')]",S,-0.7348260096630906,3074,7271,Microtubule inhibitor
LoVo,plate1,Paclitaxel,"[('Paclitaxel', 0.05, 'uM')]",G2M,-0.14185972248468814,3074,7271,Microtubule inhibitor
LoVo,plate1,Tubulin inhibitor 6,"[('Tubulin inhibitor 6', 0.05, 'uM')]",G1,0.07610644803450696,2777,7271,Microtubule inhibitor
LoVo,plate1,Tubulin inhibitor 6,"[('Tubulin inhibitor 6', 0.05, 'uM')]",S,-0.5184019498229389,2777,7271,Microtubule inhibitor
LoVo,plate1,Tubulin inhibitor 6,"[('Tubulin inhibitor 6', 0.05, 'uM')]",G2M,0.08372916274537043,2777,7271,Microtubule inhibitor
LoVo,plate1,palbociclib,"[('palbociclib', 0.05, 'uM')]",G1,0.31790679221328155,1808,7271,CDK inhibitor
LoVo,plate1,palbociclib,"[('palbociclib', 0.05, 'uM')]",S,-0.7670978148890292,1808,7271,CDK inhibitor
LoVo,plate1,palbociclib,"[('palbociclib', 0.05, 'uM')]",G2M,-0.1316775762329265,1808,7271,CDK inhibitor
LoVo,plate1,vincristine,"[('vincristine', 0.05, 'uM')]",G1,0.13222797751325294,2775,7271,Microtubule inhibitor
LoVo,plate1,vincristine,"[('vincristine', 0.05, 'uM')]",S,-0.9631336550772943,2775,7271,Microtubule inhibitor
LoVo,plate1,vincristine,"[('vincristine', 0.05, 'uM')]",G2M,0.1267434056126538,2775,7271,Microtubule inhibitor
LoVo,plate10,Belinostat,"[('Belinostat', 0.05, 'uM')]",G1,-0.770796525226765,1861,4829,HDAC inhibitor
LoVo,plate10,Belinostat,"[('Belinostat', 0.05, 'uM')]",S,-0.6674612814166028,1861,4829,HDAC inhibitor
LoVo,plate10,Belinostat,"[('Belinostat', 0.05, 'uM')]",G2M,0.8739963144893055,1861,4829,HDAC inhibitor
LoVo,plate10,Carbamazepine,"[('Carbamazepine', 0.05, 'uM')]",G1,-0.20528812642127237,1758,4829,HDAC inhibitor
LoVo,plate10,Carbamazepine,"[('Carbamazepine', 0.05, 'uM')]",S,-0.6312866973114859,1758,4829,HDAC inhibitor
LoVo,plate10,Carbamazepine,"[('Carbamazepine', 0.05, 'uM')]",G2M,0.28954383307954495,1758,4829,HDAC inhibitor
LoVo,plate10,Panobinostat,"[('Panobinostat', 0.05, 'uM')]",G1,-1.1682846158806586,2236,4829,HDAC inhibitor
LoVo,plate10,Panobinostat,"[('Panobinostat', 0.05, 'uM')]",S,0.7063037195327325,2236,4829,HDAC inhibitor
LoVo,plate10,Panobinostat,"[('Panobinostat', 0.05, 'uM')]",G2M,1.1231360088345377,2236,4829,HDAC inhibitor
LoVo,plate11,Belinostat,"[('Belinostat', 0.5, 'uM')]",G1,-1.130125266651015,734,4280,HDAC inhibitor
LoVo,plate11,Belinostat,"[('Belinostat', 0.5, 'uM')]",S,0.9248305285326378,734,4280,HDAC inhibitor
LoVo,plate11,Belinostat,"[('Belinostat', 0.5, 'uM')]",G2M,0.9031803522220053,734,4280,HDAC inhibitor
LoVo,plate11,Carbamazepine,"[('Carbamazepine', 0.5, 'uM')]",G1,0.15144765578699648,1572,4280,HDAC inhibitor
LoVo,plate11,Carbamazepine,"[('Carbamazepine', 0.5, 'uM')]",S,-0.22639735031608701,1572,4280,HDAC inhibitor
LoVo,plate11,Carbamazepine,"[('Carbamazepine', 0.5, 'uM')]",G2M,-0.11348728749170718,1572,4280,HDAC inhibitor
LoVo,plate11,Panobinostat,"[('Panobinostat', 0.5, 'uM')]",G1,-1.9206483247909536,1606,4280,HDAC inhibitor
LoVo,plate11,Panobinostat,"[('Panobinostat', 0.5, 'uM')]",S,1.8341760491548103,1606,4280,HDAC inhibitor
LoVo,plate11,Panobinostat,"[('Panobinostat', 0.5, 'uM')]",G2M,1.2117300050766349,1606,4280,HDAC inhibitor
LoVo,plate12,Belinostat,"[('Belinostat', 5.0, 'uM')]",G1,-2.2209368501541933,2147,4512,HDAC inhibitor
LoVo,plate12,Belinostat,"[('Belinostat', 5.0, 'uM')]",S,2.418048363787243,2147,4512,HDAC inhibitor
LoVo,plate12,Belinostat,"[('Belinostat', 5.0, 'uM')]",G2M,1.4645845375075768,2147,4512,HDAC inhibitor
LoVo,plate12,Carbamazepine,"[('Carbamazepine', 5.0, 'uM')]",G1,-0.48110651774407187,1312,4512,HDAC inhibitor
LoVo,plate12,Carbamazepine,"[('Carbamazepine', 5.0, 'uM')]",S,-0.09631838699192462,1312,4512,HDAC inhibitor
LoVo,plate12,Carbamazepine,"[('Carbamazepine', 5.0, 'uM')]",G2M,0.5130489998040343,1312,4512,HDAC inhibitor
LoVo,plate12,Panobinostat,"[('Panobinostat', 5.0, 'uM')]",G1,-2.4041724431241427,2071,4512,HDAC inhibitor
LoVo,plate12,Panobinostat,"[('Panobinostat', 5.0, 'uM')]",S,2.7202975080396157,2071,4512,HDAC inhibitor
LoVo,plate12,Panobinostat,"[('Panobinostat', 5.0, 'uM')]",G2M,1.4408163683262123,2071,4512,HDAC inhibitor
LoVo,plate13,Abemaciclib,"[('Abemaciclib', 0.05, 'uM')]",G1,-0.8912327939510006,2387,3231,CDK inhibitor
LoVo,plate13,Abemaciclib,"[('Abemaciclib', 0.05, 'uM')]",S,1.6624827008907892,2387,3231,CDK inhibitor
LoVo,plate13,Abemaciclib,"[('Abemaciclib', 0.05, 'uM')]",G2M,0.6927519826196896,2387,3231,CDK inhibitor
LoVo,plate13,Ribociclib,"[('Ribociclib', 0.05, 'uM')]",G1,0.1693709959839289,2659,3231,CDK inhibitor
LoVo,plate13,Ribociclib,"[('Ribociclib', 0.05, 'uM')]",S,1.1457851865145061,2659,3231,CDK inhibitor
LoVo,plate13,Ribociclib,"[('Ribociclib', 0.05, 'uM')]",G2M,-0.32388479948911164,2659,3231,CDK inhibitor
LoVo,plate13,Ribociclib,"[('Ribociclib', 0.5, 'uM')]",G1,0.11623962959726124,2439,3231,CDK inhibitor
LoVo,plate13,Ribociclib,"[('Ribociclib', 0.5, 'uM')]",S,0.8568494029201914,2439,3231,CDK inhibitor
LoVo,plate13,Ribociclib,"[('Ribociclib', 0.5, 'uM')]",G2M,-0.2176700249328573,2439,3231,CDK inhibitor
LoVo,plate13,Ribociclib,"[('Ribociclib', 5.0, 'uM')]",G1,0.18561769825713692,2868,3231,CDK inhibitor
LoVo,plate13,Ribociclib,"[('Ribociclib', 5.0, 'uM')]",S,0.49677253255638426,2868,3231,CDK inhibitor
LoVo,plate13,Ribociclib,"[('Ribociclib', 5.0, 'uM')]",G2M,-0.24230208929290195,2868,3231,CDK inhibitor
LoVo,plate14,Docetaxel,"[('Docetaxel', 5.0, 'uM')]",G1,0.10723955846742647,3359,3510,Microtubule inhibitor
LoVo,plate14,Docetaxel,"[('Docetaxel', 5.0, 'uM')]",S,-0.6589592001920493,3359,3510,Microtubule inhibitor
LoVo,plate14,Docetaxel,"[('Docetaxel', 5.0, 'uM')]",G2M,0.1713334490076911,3359,3510,Microtubule inhibitor
LoVo,plate14,Tucidinostat,"[('Tucidinostat', 5.0, 'uM')]",G1,0.2076414875006343,3277,3510,HDAC inhibitor
LoVo,plate14,Tucidinostat,"[('Tucidinostat', 5.0, 'uM')]",S,-0.49223124747554836,3277,3510,HDAC inhibitor
LoVo,plate14,Tucidinostat,"[('Tucidinostat', 5.0, 'uM')]",G2M,-0.022967517959863102,3277,3510,HDAC inhibitor
LoVo,plate14,Vinblastine (sulfate),"[('Vinblastine (sulfate)', 5.0, 'uM')]",G1,0.3523142682254293,2968,3510,Microtubule inhibitor
LoVo,plate14,Vinblastine (sulfate),"[('Vinblastine (sulfate)', 5.0, 'uM')]",S,-0.7540478175488456,2968,3510,Microtubule inhibitor
LoVo,plate14,Vinblastine (sulfate),"[('Vinblastine (sulfate)', 5.0, 'uM')]",G2M,-0.09769145662565042,2968,3510,Microtubule inhibitor
LoVo,plate2,Abemaciclib,"[('Abemaciclib', 0.5, 'uM')]",G1,-0.09989803412876798,4141,9330,CDK inhibitor
LoVo,plate2,Abemaciclib,"[('Abemaciclib', 0.5, 'uM')]",S,-0.14115327673705585,4141,9330,CDK inhibitor
LoVo,plate2,Abemaciclib,"[('Abemaciclib', 0.5, 'uM')]",G2M,0.22783782970527305,4141,9330,CDK inhibitor
LoVo,plate2,Paclitaxel,"[('Paclitaxel', 0.5, 'uM')]",G1,-0.06415533780194121,5963,9330,Microtubule inhibitor
LoVo,plate2,Paclitaxel,"[('Paclitaxel', 0.5, 'uM')]",S,-0.3721614934070568,5963,9330,Microtubule inhibitor
LoVo,plate2,Paclitaxel,"[('Paclitaxel', 0.5, 'uM')]",G2M,0.29640971744898537,5963,9330,Microtubule inhibitor
LoVo,plate2,Tubulin inhibitor 6,"[('Tubulin inhibitor 6', 0.5, 'uM')]",G1,0.16377491735234576,5383,9330,Microtubule inhibitor
LoVo,plate2,Tubulin inhibitor 6,"[('Tubulin inhibitor 6', 0.5, 'uM')]",S,-0.509096927716437,5383,9330,Microtubule inhibitor
LoVo,plate2,Tubulin inhibitor 6,"[('Tubulin inhibitor 6', 0.5, 'uM')]",G2M,0.059897583791921845,5383,9330,Microtubule inhibitor
LoVo,plate2,palbociclib,"[('palbociclib', 0.5, 'uM')]",G1,0.9439917344253919,3868,9330,CDK inhibitor
LoVo,plate2,palbociclib,"[('palbociclib', 0.5, 'uM')]",S,-1.3781478689473143,3868,9330,CDK inhibitor
LoVo,plate2,palbociclib,"[('palbociclib', 0.5, 'uM')]",G2M,-0.5987966205293697,3868,9330,CDK inhibitor
LoVo,plate2,vincristine,"[('vincristine', 0.5, 'uM')]",G1,0.027252638965450243,970,9330,Microtubule inhibitor
LoVo,plate2,vincristine,"[('vincristine', 0.5, 'uM')]",S,-0.47217658113812694,970,9330,Microtubule inhibitor
LoVo,plate2,vincristine,"[('vincristine', 0.5, 'uM')]",G2M,0.22772291981620948,970,9330,Microtubule inhibitor
LoVo,plate3,Abemaciclib,"[('Abemaciclib', 5.0, 'uM')]",G1,0.5110330239026586,2119,2592,CDK inhibitor
LoVo,plate3,Abemaciclib,"[('Abemaciclib', 5.0, 'uM')]",S,-0.06598524477150107,2119,2592,CDK inhibitor
LoVo,plate3,Abemaciclib,"[('Abemaciclib', 5.0, 'uM')]",G2M,-0.667227039882479,2119,2592,CDK inhibitor
LoVo,plate3,Paclitaxel,"[('Paclitaxel', 5.0, 'uM')]",G1,0.3317806159548464,4299,2592,Microtubule inhibitor
LoVo,plate3,Paclitaxel,"[('Paclitaxel', 5.0, 'uM')]",S,-0.6083681803466024,4299,2592,Microtubule inhibitor
LoVo,plate3,Paclitaxel,"[('Paclitaxel', 5.0, 'uM')]",G2M,-0.1631837129713547,4299,2592,Microtubule inhibitor
LoVo,plate3,Tubulin inhibitor 6,"[('Tubulin inhibitor 6', 5.0, 'uM')]",G1,-0.03503883998488346,1006,2592,Microtubule inhibitor
LoVo,plate3,Tubulin inhibitor 6,"[('Tubulin inhibitor 6', 5.0, 'uM')]",S,-0.030578581665025056,1006,2592,Microtubule inhibitor
LoVo,plate3,Tubulin inhibitor 6,"[('Tubulin inhibitor 6', 5.0, 'uM')]",G2M,0.06258449744861037,1006,2592,Microtubule inhibitor
LoVo,plate3,palbociclib,"[('palbociclib', 5.0, 'uM')]",G1,0.9965857150927591,1096,2592,CDK inhibitor
LoVo,plate3,palbociclib,"[('palbociclib', 5.0, 'uM')]",S,-1.6748731105148504,1096,2592,CDK inhibitor
LoVo,plate3,palbociclib,"[('palbociclib', 5.0, 'uM')]",G2M,-0.6459916153319262,1096,2592,CDK inhibitor
LoVo,plate3,vincristine,"[('vincristine', 5.0, 'uM')]",G1,0.754889179301118,748,2592,Microtubule inhibitor
LoVo,plate3,vincristine,"[('vincristine', 5.0, 'uM')]",S,-1.1063565380297868,748,2592,Microtubule inhibitor
LoVo,plate3,vincristine,"[('vincristine', 5.0, 'uM')]",G2M,-0.5089086824186715,748,2592,Microtubule inhibitor
LoVo,plate4,Docetaxel,"[('Docetaxel', 0.05, 'uM')]",G1,-0.761073878872421,1051,5109,Microtubule inhibitor
LoVo,plate4,Docetaxel,"[('Docetaxel', 0.05, 'uM')]",S,-0.5909355588051854,1051,5109,Microtubule inhibitor
LoVo,plate4,Docetaxel,"[('Docetaxel', 0.05, 'uM')]",G2M,1.0004178938668091,1051,5109,Microtubule inhibitor
LoVo,plate4,Tucidinostat,"[('Tucidinostat', 0.05, 'uM')]",G1,0.10289515945012988,2708,5109,HDAC inhibitor
LoVo,plate4,Tucidinostat,"[('Tucidinostat', 0.05, 'uM')]",S,-0.1728415454469091,2708,5109,HDAC inhibitor
LoVo,plate4,Tucidinostat,"[('Tucidinostat', 0.05, 'uM')]",G2M,-0.06628996888711944,2708,5109,HDAC inhibitor
LoVo,plate4,Vinblastine (sulfate),"[('Vinblastine (sulfate)', 0.05, 'uM')]",G1,0.09916235437604201,3189,5109,Microtubule inhibitor
LoVo,plate4,Vinblastine (sulfate),"[('Vinblastine (sulfate)', 0.05, 'uM')]",S,-0.23073880612740433,3189,5109,Microtubule inhibitor
LoVo,plate4,Vinblastine (sulfate),"[('Vinblastine (sulfate)', 0.05, 'uM')]",G2M,-0.043986091860872656,3189,5109,Microtubule inhibitor
LoVo,plate5,Docetaxel,"[('Docetaxel', 0.5, 'uM')]",G1,-0.1336827573470669,2139,5951,Microtubule inhibitor
LoVo,plate5,Docetaxel,"[('Docetaxel', 0.5, 'uM')]",S,-0.9147723778188732,2139,5951,Microtubule inhibitor
LoVo,plate5,Docetaxel,"[('Docetaxel', 0.5, 'uM')]",G2M,0.410477716962371,2139,5951,Microtubule inhibitor
LoVo,plate5,Tucidinostat,"[('Tucidinostat', 0.5, 'uM')]",G1,0.15516052377432266,1909,5951,HDAC inhibitor
LoVo,plate5,Tucidinostat,"[('Tucidinostat', 0.5, 'uM')]",S,-0.39285281053583143,1909,5951,HDAC inhibitor
LoVo,plate5,Tucidinostat,"[('Tucidinostat', 0.5, 'uM')]",G2M,-0.04560633802230799,1909,5951,HDAC inhibitor
LoVo,plate5,Vinblastine (sulfate),"[('Vinblastine (sulfate)', 0.5, 'uM')]",G1,0.7580371011865816,1177,5951,Microtubule inhibitor
LoVo,plate5,Vinblastine (sulfate),"[('Vinblastine (sulfate)', 0.5, 'uM')]",S,-1.735736538410438,1177,5951,Microtubule inhibitor
LoVo,plate5,Vinblastine (sulfate),"[('Vinblastine (sulfate)', 0.5, 'uM')]",G2M,-0.42553419316284835,1177,5951,Microtubule inhibitor
LoVo,plate6,Docetaxel,"[('Docetaxel', 5.0, 'uM')]",G1,-0.09573703002596257,1434,6923,Microtubule inhibitor
LoVo,plate6,Docetaxel,"[('Docetaxel', 5.0, 'uM')]",S,-0.9925518721492137,1434,6923,Microtubule inhibitor
LoVo,plate6,Docetaxel,"[('Docetaxel', 5.0, 'uM')]",G2M,0.4081876896479983,1434,6923,Microtubule inhibitor
LoVo,plate6,Tucidinostat,"[('Tucidinostat', 5.0, 'uM')]",G1,0.06513745852015847,2318,6923,HDAC inhibitor
LoVo,plate6,Tucidinostat,"[('Tucidinostat', 5.0, 'uM')]",S,-0.5680851350846842,2318,6923,HDAC inhibitor
LoVo,plate6,Tucidinostat,"[('Tucidinostat', 5.0, 'uM')]",G2M,0.1222838744958243,2318,6923,HDAC inhibitor
LoVo,plate6,Vinblastine (sulfate),"[('Vinblastine (sulfate)', 5.0, 'uM')]",G1,0.8804948040410876,1786,6923,Microtubule inhibitor
LoVo,plate6,Vinblastine (sulfate),"[('Vinblastine (sulfate)', 5.0, 'uM')]",S,-1.8746477974284095,1786,6923,Microtubule inhibitor
LoVo,plate6,Vinblastine (sulfate),"[('Vinblastine (sulfate)', 5.0, 'uM')]",G2M,-0.5300922173803878,1786,6923,Microtubule inhibitor
LoVo,plate7,Dinaciclib,"[('Dinaciclib', 0.05, 'uM')]",G1,-1.8390188055641599,230,2201,CDK inhibitor
LoVo,plate7,Dinaciclib,"[('Dinaciclib', 0.05, 'uM')]",S,2.105503468283145,230,2201,CDK inhibitor
LoVo,plate7,Dinaciclib,"[('Dinaciclib', 0.05, 'uM')]",G2M,1.0679759898440022,230,2201,CDK inhibitor
LoVo,plate7,Docetaxel (Trihydrate),"[('Docetaxel (Trihydrate)', 0.05, 'uM')]",G1,-0.3361409217253774,1220,2201,Microtubule inhibitor
LoVo,plate7,Docetaxel (Trihydrate),"[('Docetaxel (Trihydrate)', 0.05, 'uM')]",S,0.10033850210631196,1220,2201,Microtubule inhibitor
LoVo,plate7,Docetaxel (Trihydrate),"[('Docetaxel (Trihydrate)', 0.05, 'uM')]",G2M,0.32295225707287323,1220,2201,Microtubule inhibitor
LoVo,plate7,Mebendazole,"[('Mebendazole', 0.05, 'uM')]",G1,0.16211294142181448,1441,2201,Microtubule inhibitor
LoVo,plate7,Mebendazole,"[('Mebendazole', 0.05, 'uM')]",S,-0.2105534898075264,1441,2201,Microtubule inhibitor
LoVo,plate7,Mebendazole,"[('Mebendazole', 0.05, 'uM')]",G2M,-0.13445364796062978,1441,2201,Microtubule inhibitor
LoVo,plate8,Dinaciclib,"[('Dinaciclib', 0.5, 'uM')]",G1,-1.2147308326335553,349,5092,CDK inhibitor
LoVo,plate8,Dinaciclib,"[('Dinaciclib', 0.5, 'uM')]",S,1.822911950201109,349,5092,CDK inhibitor
LoVo,plate8,Dinaciclib,"[('Dinaciclib', 0.5, 'uM')]",G2M,0.8935024313861859,349,5092,CDK inhibitor
LoVo,plate8,Docetaxel (Trihydrate),"[('Docetaxel (Trihydrate)', 0.5, 'uM')]",G1,-0.9084517125136747,1736,5092,Microtubule inhibitor
LoVo,plate8,Docetaxel (Trihydrate),"[('Docetaxel (Trihydrate)', 0.5, 'uM')]",S,0.008256562124639306,1736,5092,Microtubule inhibitor
LoVo,plate8,Docetaxel (Trihydrate),"[('Docetaxel (Trihydrate)', 0.5, 'uM')]",G2M,0.9571610686085038,1736,5092,Microtubule inhibitor
LoVo,plate8,Mebendazole,"[('Mebendazole', 0.5, 'uM')]",G1,-0.5420904875513332,2138,5092,Microtubule inhibitor
LoVo,plate8,Mebendazole,"[('Mebendazole', 0.5, 'uM')]",S,-0.3631249735841129,2138,5092,Microtubule inhibitor
LoVo,plate8,Mebendazole,"[('Mebendazole', 0.5, 'uM')]",G2M,0.6177580825486346,2138,5092,Microtubule inhibitor
LoVo,plate9,Dinaciclib,"[('Dinaciclib', 5.0, 'uM')]",G1,-1.8406642335825243,126,3002,CDK inhibitor
LoVo,plate9,Dinaciclib,"[('Dinaciclib', 5.0, 'uM')]",S,1.810197401709752,126,3002,CDK inhibitor
LoVo,plate9,Dinaciclib,"[('Dinaciclib', 5.0, 'uM')]",G2M,1.2412687965615383,126,3002,CDK inhibitor
LoVo,plate9,Docetaxel (Trihydrate),"[('Docetaxel (Trihydrate)', 5.0, 'uM')]",G1,-0.16096679294827473,1604,3002,Microtubule inhibitor
LoVo,plate9,Docetaxel (Trihydrate),"[('Docetaxel (Trihydrate)', 5.0, 'uM')]",S,-1.4155879975965748,1604,3002,Microtubule inhibitor
LoVo,plate9,Docetaxel (Trihydrate),"[('Docetaxel (Trihydrate)', 5.0, 'uM')]",G2M,0.2996203533563491,1604,3002,Microtubule inhibitor
LoVo,plate9,Mebendazole,"[('Mebendazole', 5.0, 'uM')]",G1,-0.6898750632646748,2932,3002,Microtubule inhibitor
LoVo,plate9,Mebendazole,"[('Mebendazole', 5.0, 'uM')]",S,-0.38344416551124016,2932,3002,Microtubule inhibitor
LoVo,plate9,Mebendazole,"[('Mebendazole', 5.0, 'uM')]",G2M,0.7383211736612374,2932,3002,Microtubule inhibitor
MIA PaCa-2,plate1,Paclitaxel,"[('Paclitaxel', 0.05, 'uM')]",G1,0.6169368390362313,625,1857,Microtubule inhibitor
MIA PaCa-2,plate1,Paclitaxel,"[('Paclitaxel', 0.05, 'uM')]",S,-0.3912662174787,625,1857,Microtubule inhibitor
MIA PaCa-2,plate1,Paclitaxel,"[('Paclitaxel', 0.05, 'uM')]",G2M,-0.5967211621285766,625,1857,Microtubule inhibitor
MIA PaCa-2,plate1,Tubulin inhibitor 6,"[('Tubulin inhibitor 6', 0.05, 'uM')]",G1,0.1980052239971933,506,1857,Microtubule inhibitor
MIA PaCa-2,plate1,Tubulin inhibitor 6,"[('Tubulin inhibitor 6', 0.05, 'uM')]",S,0.1112438352862326,506,1857,Microtubule inhibitor
MIA PaCa-2,plate1,Tubulin inhibitor 6,"[('Tubulin inhibitor 6', 0.05, 'uM')]",G2M,-0.27219967382590754,506,1857,Microtubule inhibitor
MIA PaCa-2,plate1,palbociclib,"[('palbociclib', 0.05, 'uM')]",G1,0.46323730772464455,489,1857,CDK inhibitor
MIA PaCa-2,plate1,palbociclib,"[('palbociclib', 0.05, 'uM')]",S,-0.16494410759474198,489,1857,CDK inhibitor
MIA PaCa-2,plate1,palbociclib,"[('palbociclib', 0.05, 'uM')]",G2M,-0.48855648804926494,489,1857,CDK inhibitor
MIA PaCa-2,plate1,vincristine,"[('vincristine', 0.05, 'uM')]",G1,0.12041008107010723,525,1857,Microtubule inhibitor
MIA PaCa-2,plate1,vincristine,"[('vincristine', 0.05, 'uM')]",S,0.39887220855969824,525,1857,Microtubule inhibitor
MIA PaCa-2,plate1,vincristine,"[('vincristine', 0.05, 'uM')]",G2M,-0.30453121311879605,525,1857,Microtubule inhibitor
MIA PaCa-2,plate10,Belinostat,"[('Belinostat', 0.05, 'uM')]",G1,-0.4730602668000816,2750,6941,HDAC inhibitor
MIA PaCa-2,plate10,Belinostat,"[('Belinostat', 0.05, 'uM')]",S,-0.021789005285002654,2750,6941,HDAC inhibitor
MIA PaCa-2,plate10,Belinostat,"[('Belinostat', 0.05, 'uM')]",G2M,0.5046093795789188,2750,6941,HDAC inhibitor
MIA PaCa-2,plate10,Carbamazepine,"[('Carbamazepine', 0.05, 'uM')]",G1,-0.4001346166835055,2457,6941,HDAC inhibitor
MIA PaCa-2,plate10,Carbamazepine,"[('Carbamazepine', 0.05, 'uM')]",S,-0.205786480587573,2457,6941,HDAC inhibitor
MIA PaCa-2,plate10,Carbamazepine,"[('Carbamazepine', 0.05, 'uM')]",G2M,0.447564697242599,2457,6941,HDAC inhibitor
MIA PaCa-2,plate10,Panobinostat,"[('Panobinostat', 0.05, 'uM')]",G1,-0.7097200747837918,3660,6941,HDAC inhibitor
MIA PaCa-2,plate10,Panobinostat,"[('Panobinostat', 0.05, 'uM')]",S,0.3540812107388249,3660,6941,HDAC inhibitor
MIA PaCa-2,plate10,Panobinostat,"[('Panobinostat', 0.05, 'uM')]",G2M,0.7071733945659259,3660,6941,HDAC inhibitor
MIA PaCa-2,plate11,Belinostat,"[('Belinostat', 0.5, 'uM')]",G1,-0.5958428480124042,1556,5721,HDAC inhibitor
MIA PaCa-2,plate11,Belinostat,"[('Belinostat', 0.5, 'uM')]",S,0.5804256793622203,1556,5721,HDAC inhibitor
MIA PaCa-2,plate11,Belinostat,"[('Belinostat', 0.5, 'uM')]",G2M,0.4494953394420073,1556,5721,HDAC inhibitor
MIA PaCa-2,plate11,Carbamazepine,"[('Carbamazepine', 0.5, 'uM')]",G1,0.006463430379290197,2119,5721,HDAC inhibitor
MIA PaCa-2,plate11,Carbamazepine,"[('Carbamazepine', 0.5, 'uM')]",S,-0.04573232909372114,2119,5721,HDAC inhibitor
MIA PaCa-2,plate11,Carbamazepine,"[('Carbamazepine', 0.5, 'uM')]",G2M,0.0065562249933548465,2119,5721,HDAC inhibitor
MIA PaCa-2,plate11,Panobinostat,"[('Panobinostat', 0.5, 'uM')]",G1,-1.3506457189957142,2656,5721,HDAC inhibitor
MIA PaCa-2,plate11,Panobinostat,"[('Panobinostat', 0.5, 'uM')]",S,1.3422305540071355,2656,5721,HDAC inhibitor
MIA PaCa-2,plate11,Panobinostat,"[('Panobinostat', 0.5, 'uM')]",G2M,0.8661889278908433,2656,5721,HDAC inhibitor
MIA PaCa-2,plate12,Belinostat,"[('Belinostat', 5.0, 'uM')]",G1,-1.5959507207584087,3827,6924,HDAC inhibitor
MIA PaCa-2,plate12,Belinostat,"[('Belinostat', 5.0, 'uM')]",S,1.641565122235225,3827,6924,HDAC inhibitor
MIA PaCa-2,plate12,Belinostat,"[('Belinostat', 5.0, 'uM')]",G2M,1.1499163998968884,3827,6924,HDAC inhibitor
MIA PaCa-2,plate12,Carbamazepine,"[('Carbamazepine', 5.0, 'uM')]",G1,-0.24040939213754337,2191,6924,HDAC inhibitor
MIA PaCa-2,plate12,Carbamazepine,"[('Carbamazepine', 5.0, 'uM')]",S,-0.2059281227100537,2191,6924,HDAC inhibitor
MIA PaCa-2,plate12,Carbamazepine,"[('Carbamazepine', 5.0, 'uM')]",G2M,0.2917422741089319,2191,6924,HDAC inhibitor
MIA PaCa-2,plate12,Panobinostat,"[('Panobinostat', 5.0, 'uM')]",G1,-1.9715490247001863,2692,6924,HDAC inhibitor
MIA PaCa-2,plate12,Panobinostat,"[('Panobinostat', 5.0, 'uM')]",S,2.3875444497211538,2692,6924,HDAC inhibitor
MIA PaCa-2,plate12,Panobinostat,"[('Panobinostat', 5.0, 'uM')]",G2M,1.0989673025761186,2692,6924,HDAC inhibitor
MIA PaCa-2,plate13,Abemaciclib,"[('Abemaciclib', 0.05, 'uM')]",G1,0.06502882607133807,3130,4488,CDK inhibitor
MIA PaCa-2,plate13,Abemaciclib,"[('Abemaciclib', 0.05, 'uM')]",S,0.4596041343375007,3130,4488,CDK inhibitor
MIA PaCa-2,plate13,Abemaciclib,"[('Abemaciclib', 0.05, 'uM')]",G2M,-0.17203800443232706,3130,4488,CDK inhibitor
MIA PaCa-2,plate13,Ribociclib,"[('Ribociclib', 0.05, 'uM')]",G1,0.16829971854670076,3454,4488,CDK inhibitor
MIA PaCa-2,plate13,Ribociclib,"[('Ribociclib', 0.05, 'uM')]",S,0.20678693501399328,3454,4488,CDK inhibitor
MIA PaCa-2,plate13,Ribociclib,"[('Ribociclib', 0.05, 'uM')]",G2M,-0.2228258295352772,3454,4488,CDK inhibitor
MIA PaCa-2,plate13,Ribociclib,"[('Ribociclib', 0.5, 'uM')]",G1,0.08722867592062443,2713,4488,CDK inhibitor
MIA PaCa-2,plate13,Ribociclib,"[('Ribociclib', 0.5, 'uM')]",S,0.07845776806594396,2713,4488,CDK inhibitor
MIA PaCa-2,plate13,Ribociclib,"[('Ribociclib', 0.5, 'uM')]",G2M,-0.10765587945618736,2713,4488,CDK inhibitor
MIA PaCa-2,plate13,Ribociclib,"[('Ribociclib', 5.0, 'uM')]",G1,0.16420701013310365,3534,4488,CDK inhibitor
MIA PaCa-2,plate13,Ribociclib,"[('Ribociclib', 5.0, 'uM')]",S,0.024765386279477265,3534,4488,CDK inhibitor
MIA PaCa-2,plate13,Ribociclib,"[('Ribociclib', 5.0, 'uM')]",G2M,-0.17957151053347992,3534,4488,CDK inhibitor
MIA PaCa-2,plate14,Docetaxel,"[('Docetaxel', 5.0, 'uM')]",G1,-0.158812797096601,961,1096,Microtubule inhibitor
MIA PaCa-2,plate14,Docetaxel,"[('Docetaxel', 5.0, 'uM')]",S,-0.1672374214672638,961,1096,Microtubule inhibitor
MIA PaCa-2,plate14,Docetaxel,"[('Docetaxel', 5.0, 'uM')]",G2M,0.3412940575236889,961,1096,Microtubule inhibitor
MIA PaCa-2,plate14,Tucidinostat,"[('Tucidinostat', 5.0, 'uM')]",G1,0.19242604901382118,722,1096,HDAC inhibitor
MIA PaCa-2,plate14,Tucidinostat,"[('Tucidinostat', 5.0, 'uM')]",S,-0.1889603793151239,722,1096,HDAC inhibitor
MIA PaCa-2,plate14,Tucidinostat,"[('Tucidinostat', 5.0, 'uM')]",G2M,-0.12042967723011638,722,1096,HDAC inhibitor
MIA PaCa-2,plate14,Vinblastine (sulfate),"[('Vinblastine (sulfate)', 5.0, 'uM')]",G1,0.7268248830842592,927,1096,Microtubule inhibitor
MIA PaCa-2,plate14,Vinblastine (sulfate),"[('Vinblastine (sulfate)', 5.0, 'uM')]",S,-0.4798960403152379,927,1096,Microtubule inhibitor
MIA PaCa-2,plate14,Vinblastine (sulfate),"[('Vinblastine (sulfate)', 5.0, 'uM')]",G2M,-0.6940135481803539,927,1096,Microtubule inhibitor
MIA PaCa-2,plate2,Abemaciclib,"[('Abemaciclib', 0.5, 'uM')]",G1,-0.7820050873858226,1170,2972,CDK inhibitor
MIA PaCa-2,plate2,Abemaciclib,"[('Abemaciclib', 0.5, 'uM')]",S,0.8669178019580412,1170,2972,CDK inhibitor
MIA PaCa-2,plate2,Abemaciclib,"[('Abemaciclib', 0.5, 'uM')]",G2M,0.35484175180326466,1170,2972,CDK inhibitor
MIA PaCa-2,plate2,Paclitaxel,"[('Paclitaxel', 0.5, 'uM')]",G1,0.13418958820866267,1596,2972,Microtubule inhibitor
MIA PaCa-2,plate2,Paclitaxel,"[('Paclitaxel', 0.5, 'uM')]",S,-0.3423570876708209,1596,2972,Microtubule inhibitor
MIA PaCa-2,plate2,Paclitaxel,"[('Paclitaxel', 0.5, 'uM')]",G2M,0.08831134073717417,1596,2972,Microtubule inhibitor
MIA PaCa-2,plate2,Tubulin inhibitor 6,"[('Tubulin inhibitor 6', 0.5, 'uM')]",G1,0.10543790432605311,1584,2972,Microtubule inhibitor
MIA PaCa-2,plate2,Tubulin inhibitor 6,"[('Tubulin inhibitor 6', 0.5, 'uM')]",S,-0.3943187890513256,1584,2972,Microtubule inhibitor
MIA PaCa-2,plate2,Tubulin inhibitor 6,"[('Tubulin inhibitor 6', 0.5, 'uM')]",G2M,0.1702348418573174,1584,2972,Microtubule inhibitor
MIA PaCa-2,plate2,palbociclib,"[('palbociclib', 0.5, 'uM')]",G1,0.8758053173686097,962,2972,CDK inhibitor
MIA PaCa-2,plate2,palbociclib,"[('palbociclib', 0.5, 'uM')]",S,-0.9886599392665779,962,2972,CDK inhibitor
MIA PaCa-2,plate2,palbociclib,"[('palbociclib', 0.5, 'uM')]",G2M,-0.563655252321207,962,2972,CDK inhibitor
MIA PaCa-2,plate2,vincristine,"[('vincristine', 0.5, 'uM')]",G1,-0.11712512961416875,521,2972,Microtubule inhibitor
MIA PaCa-2,plate2,vincristine,"[('vincristine', 0.5, 'uM')]",S,-0.07293013742695373,521,2972,Microtubule inhibitor
MIA PaCa-2,plate2,vincristine,"[('vincristine', 0.5, 'uM')]",G2M,0.25801382688262714,521,2972,Microtubule inhibitor
MIA PaCa-2,plate3,Abemaciclib,"[('Abemaciclib', 5.0, 'uM')]",G1,-0.33522940647003524,487,1354,CDK inhibitor
MIA PaCa-2,plate3,Abemaciclib,"[('Abemaciclib', 5.0, 'uM')]",S,1.1993961423899395,487,1354,CDK inhibitor
MIA PaCa-2,plate3,Abemaciclib,"[('Abemaciclib', 5.0, 'uM')]",G2M,-0.7291884283851767,487,1354,CDK inhibitor
MIA PaCa-2,plate3,Paclitaxel,"[('Paclitaxel', 5.0, 'uM')]",G1,0.8468244310328165,1233,1354,Microtubule inhibitor
MIA PaCa-2,plate3,Paclitaxel,"[('Paclitaxel', 5.0, 'uM')]",S,-0.6338131602338761,1233,1354,Microtubule inhibitor
MIA PaCa-2,plate3,Paclitaxel,"[('Paclitaxel', 5.0, 'uM')]",G2M,-0.7604817927981865,1233,1354,Microtubule inhibitor
MIA PaCa-2,plate3,Tubulin inhibitor 6,"[('Tubulin inhibitor 6', 5.0, 'uM')]",G1,0.05651091763727846,437,1354,Microtubule inhibitor
MIA PaCa-2,plate3,Tubulin inhibitor 6,"[('Tubulin inhibitor 6', 5.0, 'uM')]",S,-0.5345233946997306,437,1354,Microtubule inhibitor
MIA PaCa-2,plate3,Tubulin inhibitor 6,"[('Tubulin inhibitor 6', 5.0, 'uM')]",G2M,0.24064069952342831,437,1354,Microtubule inhibitor
MIA PaCa-2,plate3,palbociclib,"[('palbociclib', 5.0, 'uM')]",G1,0.7156342689782973,341,1354,CDK inhibitor
MIA PaCa-2,plate3,palbociclib,"[('palbociclib', 5.0, 'uM')]",S,-0.4722985898130738,341,1354,CDK inhibitor
MIA PaCa-2,plate3,palbociclib,"[('palbociclib', 5.0, 'uM')]",G2M,-0.668186279007042,341,1354,CDK inhibitor
MIA PaCa-2,plate3,vincristine,"[('vincristine', 5.0, 'uM')]",G1,-0.419668493831822,449,1354,Microtubule inhibitor
MIA PaCa-2,plate3,vincristine,"[('vincristine', 5.0, 'uM')]",S,0.10425975914357885,449,1354,Microtubule inhibitor
MIA PaCa-2,plate3,vincristine,"[('vincristine', 5.0, 'uM')]",G2M,0.47444251034410523,449,1354,Microtubule inhibitor
MIA PaCa-2,plate4,Docetaxel,"[('Docetaxel', 0.05, 'uM')]",G1,-0.868995000833451,266,2437,Microtubule inhibitor
MIA PaCa-2,plate4,Docetaxel,"[('Docetaxel', 0.05, 'uM')]",S,0.666038461652016,266,2437,Microtubule inhibitor
MIA PaCa-2,plate4,Docetaxel,"[('Docetaxel', 0.05, 'uM')]",G2M,0.7277651181360375,266,2437,Microtubule inhibitor
MIA PaCa-2,plate4,Tucidinostat,"[('Tucidinostat', 0.05, 'uM')]",G1,0.5996756414977925,1213,2437,HDAC inhibitor
MIA PaCa-2,plate4,Tucidinostat,"[('Tucidinostat', 0.05, 'uM')]",S,-0.5371774756065323,1213,2437,HDAC inhibitor
MIA PaCa-2,plate4,Tucidinostat,"[('Tucidinostat', 0.05, 'uM')]",G2M,-0.5175083891533374,1213,2437,HDAC inhibitor
MIA PaCa-2,plate4,Vinblastine (sulfate),"[('Vinblastine (sulfate)', 0.05, 'uM')]",G1,-0.7264288747708668,1176,2437,Microtubule inhibitor
MIA PaCa-2,plate4,Vinblastine (sulfate),"[('Vinblastine (sulfate)', 0.05, 'uM')]",S,0.7556358981468114,1176,2437,Microtubule inhibitor
MIA PaCa-2,plate4,Vinblastine (sulfate),"[('Vinblastine (sulfate)', 0.05, 'uM')]",G2M,0.5007621754895437,1176,2437,Microtubule inhibitor
MIA PaCa-2,plate5,Docetaxel,"[('Docetaxel', 0.5, 'uM')]",G1,-0.7039740626278368,1090,3078,Microtubule inhibitor
MIA PaCa-2,plate5,Docetaxel,"[('Docetaxel', 0.5, 'uM')]",S,0.24624711454358147,1090,3078,Microtubule inhibitor
MIA PaCa-2,plate5,Docetaxel,"[('Docetaxel', 0.5, 'uM')]",G2M,0.6810365296732582,1090,3078,Microtubule inhibitor
MIA PaCa-2,plate5,Tucidinostat,"[('Tucidinostat', 0.5, 'uM')]",G1,0.7584452694042572,1002,3078,HDAC inhibitor
MIA PaCa-2,plate5,Tucidinostat,"[('Tucidinostat', 0.5, 'uM')]",S,-0.35288368998539155,1002,3078,HDAC inhibitor
MIA PaCa-2,plate5,Tucidinostat,"[('Tucidinostat', 0.5, 'uM')]",G2M,-0.7776934483461725,1002,3078,HDAC inhibitor
MIA PaCa-2,plate5,Vinblastine (sulfate),"[('Vinblastine (sulfate)', 0.5, 'uM')]",G1,0.5656158794059915,659,3078,Microtubule inhibitor
MIA PaCa-2,plate5,Vinblastine (sulfate),"[('Vinblastine (sulfate)', 0.5, 'uM')]",S,0.11102980064063993,659,3078,Microtubule inhibitor
MIA PaCa-2,plate5,Vinblastine (sulfate),"[('Vinblastine (sulfate)', 0.5, 'uM')]",G2M,-0.8243827536071272,659,3078,Microtubule inhibitor
MIA PaCa-2,plate6,Docetaxel,"[('Docetaxel', 5.0, 'uM')]",G1,-0.2065242073126386,617,3208,Microtubule inhibitor
MIA PaCa-2,plate6,Docetaxel,"[('Docetaxel', 5.0, 'uM')]",S,-1.121559040744939e-05,617,3208,Microtubule inhibitor
MIA PaCa-2,plate6,Docetaxel,"[('Docetaxel', 5.0, 'uM')]",G2M,0.2570269075353614,617,3208,Microtubule inhibitor
MIA PaCa-2,plate6,Tucidinostat,"[('Tucidinostat', 5.0, 'uM')]",G1,0.6982434163134426,984,3208,HDAC inhibitor
MIA PaCa-2,plate6,Tucidinostat,"[('Tucidinostat', 5.0, 'uM')]",S,-0.4622878735834936,984,3208,HDAC inhibitor
MIA PaCa-2,plate6,Tucidinostat,"[('Tucidinostat', 5.0, 'uM')]",G2M,-0.6551830427030219,984,3208,HDAC inhibitor
MIA PaCa-2,plate6,Vinblastine (sulfate),"[('Vinblastine (sulfate)', 5.0, 'uM')]",G1,0.6069603846030979,830,3208,Microtubule inhibitor
MIA PaCa-2,plate6,Vinblastine (sulfate),"[('Vinblastine (sulfate)', 5.0, 'uM')]",S,-0.4718968088228901,830,3208,Microtubule inhibitor
MIA PaCa-2,plate6,Vinblastine (sulfate),"[('Vinblastine (sulfate)', 5.0, 'uM')]",G2M,-0.5278334653530912,830,3208,Microtubule inhibitor
MIA PaCa-2,plate7,Dinaciclib,"[('Dinaciclib', 0.05, 'uM')]",G1,-2.555110191435071,435,3665,CDK inhibitor
MIA PaCa-2,plate7,Dinaciclib,"[('Dinaciclib', 0.05, 'uM')]",S,0.9857072516114921,435,3665,CDK inhibitor
MIA PaCa-2,plate7,Dinaciclib,"[('Dinaciclib', 0.05, 'uM')]",G2M,1.9988569962488976,435,3665,CDK inhibitor
MIA PaCa-2,plate7,Docetaxel (Trihydrate),"[('Docetaxel (Trihydrate)', 0.05, 'uM')]",G1,-0.3388882666538231,1605,3665,Microtubule inhibitor
MIA PaCa-2,plate7,Docetaxel (Trihydrate),"[('Docetaxel (Trihydrate)', 0.05, 'uM')]",S,-0.500084890157493,1605,3665,Microtubule inhibitor
MIA PaCa-2,plate7,Docetaxel (Trihydrate),"[('Docetaxel (Trihydrate)', 0.05, 'uM')]",G2M,0.47059224853209963,1605,3665,Microtubule inhibitor
MIA PaCa-2,plate7,Mebendazole,"[('Mebendazole', 0.05, 'uM')]",G1,0.026828353128860165,2404,3665,Microtubule inhibitor
MIA PaCa-2,plate7,Mebendazole,"[('Mebendazole', 0.05, 'uM')]",S,-0.4320884940247422,2404,3665,Microtubule inhibitor
MIA PaCa-2,plate7,Mebendazole,"[('Mebendazole', 0.05, 'uM')]",G2M,0.07800086128739638,2404,3665,Microtubule inhibitor
MIA PaCa-2,plate8,Dinaciclib,"[('Dinaciclib', 0.5, 'uM')]",G1,-2.2578688294157874,864,7909,CDK inhibitor
MIA PaCa-2,plate8,Dinaciclib,"[('Dinaciclib', 0.5, 'uM')]",S,1.7913402006566934,864,7909,CDK inhibitor
MIA PaCa-2,plate8,Dinaciclib,"[('Dinaciclib', 0.5, 'uM')]",G2M,1.7927050094428936,864,7909,CDK inhibitor
MIA PaCa-2,plate8,Docetaxel (Trihydrate),"[('Docetaxel (Trihydrate)', 0.5, 'uM')]",G1,-0.6732190123720473,2876,7909,Microtubule inhibitor
MIA PaCa-2,plate8,Docetaxel (Trihydrate),"[('Docetaxel (Trihydrate)', 0.5, 'uM')]",S,-0.21089827153930613,2876,7909,Microtubule inhibitor
MIA PaCa-2,plate8,Docetaxel (Trihydrate),"[('Docetaxel (Trihydrate)', 0.5, 'uM')]",G2M,0.7607535092845482,2876,7909,Microtubule inhibitor
MIA PaCa-2,plate8,Mebendazole,"[('Mebendazole', 0.5, 'uM')]",G1,-0.576907785958826,3126,7909,Microtubule inhibitor
MIA PaCa-2,plate8,Mebendazole,"[('Mebendazole', 0.5, 'uM')]",S,0.00037103047168860636,3126,7909,Microtubule inhibitor
MIA PaCa-2,plate8,Mebendazole,"[('Mebendazole', 0.5, 'uM')]",G2M,0.6244896846213661,3126,7909,Microtubule inhibitor
MIA PaCa-2,plate9,Dinaciclib,"[('Dinaciclib', 5.0, 'uM')]",G1,-3.127550097708752,248,4733,CDK inhibitor
MIA PaCa-2,plate9,Dinaciclib,"[('Dinaciclib', 5.0, 'uM')]",S,1.9061699471021263,248,4733,CDK inhibitor
MIA PaCa-2,plate9,Dinaciclib,"[('Dinaciclib', 5.0, 'uM')]",G2M,1.8198450908532995,248,4733,CDK inhibitor
MIA PaCa-2,plate9,Docetaxel (Trihydrate),"[('Docetaxel (Trihydrate)', 5.0, 'uM')]",G1,-0.06900279673543688,1990,4733,Microtubule inhibitor
MIA PaCa-2,plate9,Docetaxel (Trihydrate),"[('Docetaxel (Trihydrate)', 5.0, 'uM')]",S,-0.6178294711686793,1990,4733,Microtubule inhibitor
MIA PaCa-2,plate9,Docetaxel (Trihydrate),"[('Docetaxel (Trihydrate)', 5.0, 'uM')]",G2M,0.1843224879400727,1990,4733,Microtubule inhibitor
MIA PaCa-2,plate9,Mebendazole,"[('Mebendazole', 5.0, 'uM')]",G1,-0.23233570521613056,3761,4733,Microtubule inhibitor
MIA PaCa-2,plate9,Mebendazole,"[('Mebendazole', 5.0, 'uM')]",S,-0.16940396664240992,3761,4733,Microtubule inhibitor
MIA PaCa-2,plate9,Mebendazole,"[('Mebendazole', 5.0, 'uM')]",G2M,0.27343330551203787,3761,4733,Microtubule inhibitor
NCI-H1573,plate1,Paclitaxel,"[('Paclitaxel', 0.05, 'uM')]",G1,-0.07208322258249308,1764,4446,Microtubule inhibitor
NCI-H1573,plate1,Paclitaxel,"[('Paclitaxel', 0.05, 'uM')]",S,-0.4681356408950354,1764,4446,Microtubule inhibitor
NCI-H1573,plate1,Paclitaxel,"[('Paclitaxel', 0.05, 'uM')]",G2M,0.19641555226657753,1764,4446,Microtubule inhibitor
NCI-H1573,plate1,Tubulin inhibitor 6,"[('Tubulin inhibitor 6', 0.05, 'uM')]",G1,0.24822313575721913,1635,4446,Microtubule inhibitor
NCI-H1573,plate1,Tubulin inhibitor 6,"[('Tubulin inhibitor 6', 0.05, 'uM')]",S,-0.8368306386871903,1635,4446,Microtubule inhibitor
NCI-H1573,plate1,Tubulin inhibitor 6,"[('Tubulin inhibitor 6', 0.05, 'uM')]",G2M,-0.09972307382636328,1635,4446,Microtubule inhibitor
NCI-H1573,plate1,palbociclib,"[('palbociclib', 0.05, 'uM')]",G1,0.03819963105056622,1001,4446,CDK inhibitor
NCI-H1573,plate1,palbociclib,"[('palbociclib', 0.05, 'uM')]",S,-0.11326478519217568,1001,4446,CDK inhibitor
NCI-H1573,plate1,palbociclib,"[('palbociclib', 0.05, 'uM')]",G2M,-0.00944261684726608,1001,4446,CDK inhibitor
NCI-H1573,plate1,vincristine,"[('vincristine', 0.05, 'uM')]",G1,-0.3058388318925365,1586,4446,Microtubule inhibitor
NCI-H1573,plate1,vincristine,"[('vincristine', 0.05, 'uM')]",S,0.13973690449750506,1586,4446,Microtubule inhibitor
NCI-H1573,plate1,vincristine,"[('vincristine', 0.05, 'uM')]",G2M,0.33101027411428713,1586,4446,Microtubule inhibitor
NCI-H1573,plate10,Belinostat,"[('Belinostat', 0.05, 'uM')]",G1,-0.4977384899393787,1381,3547,HDAC inhibitor
NCI-H1573,plate10,Belinostat,"[('Belinostat', 0.05, 'uM')]",S,-0.06129685281023065,1381,3547,HDAC inhibitor
NCI-H1573,plate10,Belinostat,"[('Belinostat', 0.05, 'uM')]",G2M,0.5430795230219982,1381,3547,HDAC inhibitor
NCI-H1573,plate10,Carbamazepine,"[('Carbamazepine', 0.05, 'uM')]",G1,-0.4226115605921444,1398,3547,HDAC inhibitor
NCI-H1573,plate10,Carbamazepine,"[('Carbamazepine', 0.05, 'uM')]",S,-0.6462174577139845,1398,3547,HDAC inhibitor
NCI-H1573,plate10,Carbamazepine,"[('Carbamazepine', 0.05, 'uM')]",G2M,0.506096006993067,1398,3547,HDAC inhibitor
NCI-H1573,plate10,Panobinostat,"[('Panobinostat', 0.05, 'uM')]",G1,-0.8722602566924664,2083,3547,HDAC inhibitor
NCI-H1573,plate10,Panobinostat,"[('Panobinostat', 0.05, 'uM')]",S,0.4651057434566573,2083,3547,HDAC inhibitor
NCI-H1573,plate10,Panobinostat,"[('Panobinostat', 0.05, 'uM')]",G2M,0.8892511242693607,2083,3547,HDAC inhibitor
NCI-H1573,plate11,Belinostat,"[('Belinostat', 0.5, 'uM')]",G1,-0.679556087977478,775,2887,HDAC inhibitor
NCI-H1573,plate11,Belinostat,"[('Belinostat', 0.5, 'uM')]",S,-0.0645641018759191,775,2887,HDAC inhibitor
NCI-H1573,plate11,Belinostat,"[('Belinostat', 0.5, 'uM')]",G2M,0.7273371780477684,775,2887,HDAC inhibitor
NCI-H1573,plate11,Carbamazepine,"[('Carbamazepine', 0.5, 'uM')]",G1,-0.12376570064398806,1059,2887,HDAC inhibitor
NCI-H1573,plate11,Carbamazepine,"[('Carbamazepine', 0.5, 'uM')]",S,-0.5213271707940172,1059,2887,HDAC inhibitor
NCI-H1573,plate11,Carbamazepine,"[('Carbamazepine', 0.5, 'uM')]",G2M,0.18463618850623076,1059,2887,HDAC inhibitor
NCI-H1573,plate11,Panobinostat,"[('Panobinostat', 0.5, 'uM')]",G1,-1.488108536700066,1623,2887,HDAC inhibitor
NCI-H1573,plate11,Panobinostat,"[('Panobinostat', 0.5, 'uM')]",S,2.902586734780969,1623,2887,HDAC inhibitor
NCI-H1573,plate11,Panobinostat,"[('Panobinostat', 0.5, 'uM')]",G2M,0.8824731121397783,1623,2887,HDAC inhibitor
NCI-H1573,plate12,Belinostat,"[('Belinostat', 5.0, 'uM')]",G1,-1.8719265323315673,2379,3781,HDAC inhibitor
NCI-H1573,plate12,Belinostat,"[('Belinostat', 5.0, 'uM')]",S,3.392870662324857,2379,3781,HDAC inhibitor
NCI-H1573,plate12,Belinostat,"[('Belinostat', 5.0, 'uM')]",G2M,1.2836571458354533,2379,3781,HDAC inhibitor
NCI-H1573,plate12,Carbamazepine,"[('Carbamazepine', 5.0, 'uM')]",G1,-0.2380721478565623,948,3781,HDAC inhibitor
NCI-H1573,plate12,Carbamazepine,"[('Carbamazepine', 5.0, 'uM')]",S,1.175359128166522,948,3781,HDAC inhibitor
NCI-H1573,plate12,Carbamazepine,"[('Carbamazepine', 5.0, 'uM')]",G2M,0.11478756028172615,948,3781,HDAC inhibitor
NCI-H1573,plate12,Panobinostat,"[('Panobinostat', 5.0, 'uM')]",G1,-1.8703808812359952,2128,3781,HDAC inhibitor
NCI-H1573,plate12,Panobinostat,"[('Panobinostat', 5.0, 'uM')]",S,3.7521924787681264,2128,3781,HDAC inhibitor
NCI-H1573,plate12,Panobinostat,"[('Panobinostat', 5.0, 'uM')]",G2M,1.0979621176315852,2128,3781,HDAC inhibitor
NCI-H1573,plate13,Abemaciclib,"[('Abemaciclib', 0.05, 'uM')]",G1,0.14996852363146707,1633,2312,CDK inhibitor
NCI-H1573,plate13,Abemaciclib,"[('Abemaciclib', 0.05, 'uM')]",S,0.9168237084208527,1633,2312,CDK inhibitor
NCI-H1573,plate13,Abemaciclib,"[('Abemaciclib', 0.05, 'uM')]",G2M,-0.22779465036702942,1633,2312,CDK inhibitor
NCI-H1573,plate13,Ribociclib,"[('Ribociclib', 0.05, 'uM')]",G1,0.22815516211891387,1887,2312,CDK inhibitor
NCI-H1573,plate13,Ribociclib,"[('Ribociclib', 0.05, 'uM')]",S,0.820181279495009,1887,2312,CDK inhibitor
NCI-H1573,plate13,Ribociclib,"[('Ribociclib', 0.05, 'uM')]",G2M,-0.301635218502065,1887,2312,CDK inhibitor
NCI-H1573,plate13,Ribociclib,"[('Ribociclib', 0.5, 'uM')]",G1,0.20993924749927464,1702,2312,CDK inhibitor
NCI-H1573,plate13,Ribociclib,"[('Ribociclib', 0.5, 'uM')]",S,0.36483283074407885,1702,2312,CDK inhibitor
NCI-H1573,plate13,Ribociclib,"[('Ribociclib', 0.5, 'uM')]",G2M,-0.2409329232672284,1702,2312,CDK inhibitor
NCI-H1573,plate13,Ribociclib,"[('Ribociclib', 5.0, 'uM')]",G1,0.08037015797522126,1882,2312,CDK inhibitor
NCI-H1573,plate13,Ribociclib,"[('Ribociclib', 5.0, 'uM')]",S,1.0299902361530127,1882,2312,CDK inhibitor
NCI-H1573,plate13,Ribociclib,"[('Ribociclib', 5.0, 'uM')]",G2M,-0.16619703685231343,1882,2312,CDK inhibitor
NCI-H1573,plate14,Docetaxel,"[('Docetaxel', 5.0, 'uM')]",G1,-0.18195815495710618,2028,2302,Microtubule inhibitor
NCI-H1573,plate14,Docetaxel,"[('Docetaxel', 5.0, 'uM')]",S,-0.21522199953404575,2028,2302,Microtubule inhibitor
NCI-H1573,plate14,Docetaxel,"[('Docetaxel', 5.0, 'uM')]",G2M,0.31506506785785354,2028,2302,Microtubule inhibitor
NCI-H1573,plate14,Tucidinostat,"[('Tucidinostat', 5.0, 'uM')]",G1,0.18289165592854692,1862,2302,HDAC inhibitor
NCI-H1573,plate14,Tucidinostat,"[('Tucidinostat', 5.0, 'uM')]",S,-0.4116831706483703,1862,2302,HDAC inhibitor
NCI-H1573,plate14,Tucidinostat,"[('Tucidinostat', 5.0, 'uM')]",G2M,-0.07270228046988997,1862,2302,HDAC inhibitor
NCI-H1573,plate14,Vinblastine (sulfate),"[('Vinblastine (sulfate)', 5.0, 'uM')]",G1,-0.10604546127478125,1896,2302,Microtubule inhibitor
NCI-H1573,plate14,Vinblastine (sulfate),"[('Vinblastine (sulfate)', 5.0, 'uM')]",S,-0.013166367357830533,1896,2302,Microtubule inhibitor
NCI-H1573,plate14,Vinblastine (sulfate),"[('Vinblastine (sulfate)', 5.0, 'uM')]",G2M,0.14529640693628676,1896,2302,Microtubule inhibitor
NCI-H1573,plate2,Abemaciclib,"[('Abemaciclib', 0.5, 'uM')]",G1,-0.2238462363933227,2213,6367,CDK inhibitor
NCI-H1573,plate2,Abemaciclib,"[('Abemaciclib', 0.5, 'uM')]",S,-0.015186244358114592,2213,6367,CDK inhibitor
NCI-H1573,plate2,Abemaciclib,"[('Abemaciclib', 0.5, 'uM')]",G2M,0.3117548857905055,2213,6367,CDK inhibitor
NCI-H1573,plate2,Paclitaxel,"[('Paclitaxel', 0.5, 'uM')]",G1,-0.21675030967416367,3834,6367,Microtubule inhibitor
NCI-H1573,plate2,Paclitaxel,"[('Paclitaxel', 0.5, 'uM')]",S,-0.2205963193204497,3834,6367,Microtubule inhibitor
NCI-H1573,plate2,Paclitaxel,"[('Paclitaxel', 0.5, 'uM')]",G2M,0.38117987757348154,3834,6367,Microtubule inhibitor
NCI-H1573,plate2,Tubulin inhibitor 6,"[('Tubulin inhibitor 6', 0.5, 'uM')]",G1,0.18146559077269145,3227,6367,Microtubule inhibitor
NCI-H1573,plate2,Tubulin inhibitor 6,"[('Tubulin inhibitor 6', 0.5, 'uM')]",S,-0.6991311989175467,3227,6367,Microtubule inhibitor
NCI-H1573,plate2,Tubulin inhibitor 6,"[('Tubulin inhibitor 6', 0.5, 'uM')]",G2M,0.04271309348654749,3227,6367,Microtubule inhibitor
NCI-H1573,plate2,palbociclib,"[('palbociclib', 0.5, 'uM')]",G1,0.7037451026698766,2287,6367,CDK inhibitor
NCI-H1573,plate2,palbociclib,"[('palbociclib', 0.5, 'uM')]",S,-0.7563201172949804,2287,6367,CDK inhibitor
NCI-H1573,plate2,palbociclib,"[('palbociclib', 0.5, 'uM')]",G2M,-0.6169891117501018,2287,6367,CDK inhibitor
NCI-H1573,plate2,vincristine,"[('vincristine', 0.5, 'uM')]",G1,-0.41992250508189854,575,6367,Microtubule inhibitor
NCI-H1573,plate2,vincristine,"[('vincristine', 0.5, 'uM')]",S,0.42006128260583425,575,6367,Microtubule inhibitor
NCI-H1573,plate2,vincristine,"[('vincristine', 0.5, 'uM')]",G2M,0.37733794005128973,575,6367,Microtubule inhibitor
NCI-H1573,plate3,Abemaciclib,"[('Abemaciclib', 5.0, 'uM')]",G1,-0.44933004286428935,1119,1647,CDK inhibitor
NCI-H1573,plate3,Abemaciclib,"[('Abemaciclib', 5.0, 'uM')]",S,0.26064643119352077,1119,1647,CDK inhibitor
NCI-H1573,plate3,Abemaciclib,"[('Abemaciclib', 5.0, 'uM')]",G2M,0.4838131836537702,1119,1647,CDK inhibitor
NCI-H1573,plate3,Paclitaxel,"[('Paclitaxel', 5.0, 'uM')]",G1,-0.17787607992078908,2687,1647,Microtubule inhibitor
NCI-H1573,plate3,Paclitaxel,"[('Paclitaxel', 5.0, 'uM')]",S,0.060571892270849546,2687,1647,Microtubule inhibitor
NCI-H1573,plate3,Paclitaxel,"[('Paclitaxel', 5.0, 'uM')]",G2M,0.21262546038685723,2687,1647,Microtubule inhibitor
NCI-H1573,plate3,Tubulin inhibitor 6,"[('Tubulin inhibitor 6', 5.0, 'uM')]",G1,-0.11975908373590388,654,1647,Microtubule inhibitor
NCI-H1573,plate3,Tubulin inhibitor 6,"[('Tubulin inhibitor 6', 5.0, 'uM')]",S,-0.24964149471709696,654,1647,Microtubule inhibitor
NCI-H1573,plate3,Tubulin inhibitor 6,"[('Tubulin inhibitor 6', 5.0, 'uM')]",G2M,0.2770838764953024,654,1647,Microtubule inhibitor
NCI-H1573,plate3,palbociclib,"[('palbociclib', 5.0, 'uM')]",G1,0.5291787689205409,775,1647,CDK inhibitor
NCI-H1573,plate3,palbociclib,"[('palbociclib', 5.0, 'uM')]",S,-1.3679305050567485,775,1647,CDK inhibitor
NCI-H1573,plate3,palbociclib,"[('palbociclib', 5.0, 'uM')]",G2M,-0.18154898460393923,775,1647,CDK inhibitor
NCI-H1573,plate3,vincristine,"[('vincristine', 5.0, 'uM')]",G1,-0.045443984875640345,520,1647,Microtubule inhibitor
NCI-H1573,plate3,vincristine,"[('vincristine', 5.0, 'uM')]",S,-0.45309272413102825,520,1647,Microtubule inhibitor
NCI-H1573,plate3,vincristine,"[('vincristine', 5.0, 'uM')]",G2M,0.2594334678088825,520,1647,Microtubule inhibitor
NCI-H1573,plate4,Docetaxel,"[('Docetaxel', 0.05, 'uM')]",G1,-1.171764844815894,451,3397,Microtubule inhibitor
NCI-H1573,plate4,Docetaxel,"[('Docetaxel', 0.05, 'uM')]",S,0.35767615070235315,451,3397,Microtubule inhibitor
NCI-H1573,plate4,Docetaxel,"[('Docetaxel', 0.05, 'uM')]",G2M,1.3046547539039135,451,3397,Microtubule inhibitor
NCI-H1573,plate4,Tucidinostat,"[('Tucidinostat', 0.05, 'uM')]",G1,0.0886872881293371,1628,3397,HDAC inhibitor
NCI-H1573,plate4,Tucidinostat,"[('Tucidinostat', 0.05, 'uM')]",S,-0.7894987701774475,1628,3397,HDAC inhibitor
NCI-H1573,plate4,Tucidinostat,"[('Tucidinostat', 0.05, 'uM')]",G2M,0.10649499941428751,1628,3397,HDAC inhibitor
NCI-H1573,plate4,Vinblastine (sulfate),"[('Vinblastine (sulfate)', 0.05, 'uM')]",G1,-0.5786175550779417,1987,3397,Microtubule inhibitor
NCI-H1573,plate4,Vinblastine (sulfate),"[('Vinblastine (sulfate)', 0.05, 'uM')]",S,0.3705362583703253,1987,3397,Microtubule inhibitor
NCI-H1573,plate4,Vinblastine (sulfate),"[('Vinblastine (sulfate)', 0.05, 'uM')]",G2M,0.5987847745495355,1987,3397,Microtubule inhibitor
NCI-H1573,plate5,Docetaxel,"[('Docetaxel', 0.5, 'uM')]",G1,-0.7746101917978795,1581,4186,Microtubule inhibitor
NCI-H1573,plate5,Docetaxel,"[('Docetaxel', 0.5, 'uM')]",S,-0.11390799780624665,1581,4186,Microtubule inhibitor
NCI-H1573,plate5,Docetaxel,"[('Docetaxel', 0.5, 'uM')]",G2M,0.9582041390941989,1581,4186,Microtubule inhibitor
NCI-H1573,plate5,Tucidinostat,"[('Tucidinostat', 0.5, 'uM')]",G1,0.015067539580917397,1164,4186,HDAC inhibitor
NCI-H1573,plate5,Tucidinostat,"[('Tucidinostat', 0.5, 'uM')]",S,-0.9344382824966371,1164,4186,HDAC inhibitor
NCI-H1573,plate5,Tucidinostat,"[('Tucidinostat', 0.5, 'uM')]",G2M,0.2280975774657758,1164,4186,HDAC inhibitor
NCI-H1573,plate5,Vinblastine (sulfate),"[('Vinblastine (sulfate)', 0.5, 'uM')]",G1,0.12957783818413848,899,4186,Microtubule inhibitor
NCI-H1573,plate5,Vinblastine (sulfate),"[('Vinblastine (sulfate)', 0.5, 'uM')]",S,-0.1656168696932734,899,4186,Microtubule inhibitor
NCI-H1573,plate5,Vinblastine (sulfate),"[('Vinblastine (sulfate)', 0.5, 'uM')]",G2M,-0.09942792692167246,899,4186,Microtubule inhibitor
NCI-H1573,plate6,Docetaxel,"[('Docetaxel', 5.0, 'uM')]",G1,-0.6268224622617327,931,4747,Microtubule inhibitor
NCI-H1573,plate6,Docetaxel,"[('Docetaxel', 5.0, 'uM')]",S,0.2241712028583475,931,4747,Microtubule inhibitor
NCI-H1573,plate6,Docetaxel,"[('Docetaxel', 5.0, 'uM')]",G2M,0.7219838050495454,931,4747,Microtubule inhibitor
NCI-H1573,plate6,Tucidinostat,"[('Tucidinostat', 5.0, 'uM')]",G1,-0.29334455667486775,1316,4747,HDAC inhibitor
NCI-H1573,plate6,Tucidinostat,"[('Tucidinostat', 5.0, 'uM')]",S,-0.41592846930187255,1316,4747,HDAC inhibitor
NCI-H1573,plate6,Tucidinostat,"[('Tucidinostat', 5.0, 'uM')]",G2M,0.4964340158944158,1316,4747,HDAC inhibitor
NCI-H1573,plate6,Vinblastine (sulfate),"[('Vinblastine (sulfate)', 5.0, 'uM')]",G1,0.22926056564413752,1631,4747,Microtubule inhibitor
NCI-H1573,plate6,Vinblastine (sulfate),"[('Vinblastine (sulfate)', 5.0, 'uM')]",S,-0.291273166581433,1631,4747,Microtubule inhibitor
NCI-H1573,plate6,Vinblastine (sulfate),"[('Vinblastine (sulfate)', 5.0, 'uM')]",G2M,-0.18532777833886283,1631,4747,Microtubule inhibitor
NCI-H1573,plate7,Dinaciclib,"[('Dinaciclib', 0.05, 'uM')]",G1,-1.765424948841834,103,1420,CDK inhibitor
NCI-H1573,plate7,Dinaciclib,"[('Dinaciclib', 0.05, 'uM')]",S,2.7730346362806126,103,1420,CDK inhibitor
NCI-H1573,plate7,Dinaciclib,"[('Dinaciclib', 0.05, 'uM')]",G2M,1.0903175800810767,103,1420,CDK inhibitor
NCI-H1573,plate7,Docetaxel (Trihydrate),"[('Docetaxel (Trihydrate)', 0.05, 'uM')]",G1,-0.04067775027346662,790,1420,Microtubule inhibitor
NCI-H1573,plate7,Docetaxel (Trihydrate),"[('Docetaxel (Trihydrate)', 0.05, 'uM')]",S,0.2570097873968306,790,1420,Microtubule inhibitor
NCI-H1573,plate7,Docetaxel (Trihydrate),"[('Docetaxel (Trihydrate)', 0.05, 'uM')]",G2M,0.011694666527897338,790,1420,Microtubule inhibitor
NCI-H1573,plate7,Mebendazole,"[('Mebendazole', 0.05, 'uM')]",G1,0.059785777409588174,1171,1420,Microtubule inhibitor
NCI-H1573,plate7,Mebendazole,"[('Mebendazole', 0.05, 'uM')]",S,-0.598704940477717,1171,1420,Microtubule inhibitor
NCI-H1573,plate7,Mebendazole,"[('Mebendazole', 0.05, 'uM')]",G2M,-0.0032408610311427505,1171,1420,Microtubule inhibitor
NCI-H1573,plate8,Dinaciclib,"[('Dinaciclib', 0.5, 'uM')]",G1,-2.0367992152042147,145,3837,CDK inhibitor
NCI-H1573,plate8,Dinaciclib,"[('Dinaciclib', 0.5, 'uM')]",S,4.00493716102203,145,3837,CDK inhibitor
NCI-H1573,plate8,Dinaciclib,"[('Dinaciclib', 0.5, 'uM')]",G2M,1.3143181933518446,145,3837,CDK inhibitor
NCI-H1573,plate8,Docetaxel (Trihydrate),"[('Docetaxel (Trihydrate)', 0.5, 'uM')]",G1,-0.6543910145089697,1149,3837,Microtubule inhibitor
NCI-H1573,plate8,Docetaxel (Trihydrate),"[('Docetaxel (Trihydrate)', 0.5, 'uM')]",S,0.3070340501997124,1149,3837,Microtubule inhibitor
NCI-H1573,plate8,Docetaxel (Trihydrate),"[('Docetaxel (Trihydrate)', 0.5, 'uM')]",G2M,0.6661604523506213,1149,3837,Microtubule inhibitor
NCI-H1573,plate8,Mebendazole,"[('Mebendazole', 0.5, 'uM')]",G1,-0.3667333708333184,1519,3837,Microtubule inhibitor
NCI-H1573,plate8,Mebendazole,"[('Mebendazole', 0.5, 'uM')]",S,-0.09956893857690285,1519,3837,Microtubule inhibitor
NCI-H1573,plate8,Mebendazole,"[('Mebendazole', 0.5, 'uM')]",G2M,0.39310208984236195,1519,3837,Microtubule inhibitor
NCI-H1573,plate9,Docetaxel (Trihydrate),"[('Docetaxel (Trihydrate)', 5.0, 'uM')]",G1,0.00532214217900681,1178,1991,Microtubule inhibitor
NCI-H1573,plate9,Docetaxel (Trihydrate),"[('Docetaxel (Trihydrate)', 5.0, 'uM')]",S,0.27712001722058566,1178,1991,Microtubule inhibitor
NCI-H1573,plate9,Docetaxel (Trihydrate),"[('Docetaxel (Trihydrate)', 5.0, 'uM')]",G2M,-0.035282004865158374,1178,1991,Microtubule inhibitor
NCI-H1573,plate9,Mebendazole,"[('Mebendazole', 5.0, 'uM')]",G1,-0.060001896748391056,2568,1991,Microtubule inhibitor
NCI-H1573,plate9,Mebendazole,"[('Mebendazole', 5.0, 'uM')]",S,-0.09642074339691659,2568,1991,Microtubule inhibitor
NCI-H1573,plate9,Mebendazole,"[('Mebendazole', 5.0, 'uM')]",G2M,0.0716911043038128,2568,1991,Microtubule inhibitor
NCI-H1792,plate1,Paclitaxel,"[('Paclitaxel', 0.05, 'uM')]",G1,0.08775021091748338,1128,2922,Microtubule inhibitor
NCI-H1792,plate1,Paclitaxel,"[('Paclitaxel', 0.05, 'uM')]",S,0.1852970810163883,1128,2922,Microtubule inhibitor
NCI-H1792,plate1,Paclitaxel,"[('Paclitaxel', 0.05, 'uM')]",G2M,-0.12626201667802817,1128,2922,Microtubule inhibitor
NCI-H1792,plate1,Tubulin inhibitor 6,"[('Tubulin inhibitor 6', 0.05, 'uM')]",G1,-0.08113497830463258,987,2922,Microtubule inhibitor
NCI-H1792,plate1,Tubulin inhibitor 6,"[('Tubulin inhibitor 6', 0.05, 'uM')]",S,0.3800665542298354,987,2922,Microtubule inhibitor
NCI-H1792,plate1,Tubulin inhibitor 6,"[('Tubulin inhibitor 6', 0.05, 'uM')]",G2M,0.03367688576247653,987,2922,Microtubule inhibitor
NCI-H1792,plate1,palbociclib,"[('palbociclib', 0.05, 'uM')]",G1,-0.11472768491013229,732,2922,CDK inhibitor
NCI-H1792,plate1,palbociclib,"[('palbociclib', 0.05, 'uM')]",S,0.07026721860591127,732,2922,CDK inhibitor
NCI-H1792,plate1,palbociclib,"[('palbociclib', 0.05, 'uM')]",G2M,0.13002897205412817,732,2922,CDK inhibitor
NCI-H1792,plate1,vincristine,"[('vincristine', 0.05, 'uM')]",G1,-0.3435015985393138,985,2922,Microtubule inhibitor
NCI-H1792,plate1,vincristine,"[('vincristine', 0.05, 'uM')]",S,0.1285277872338711,985,2922,Microtubule inhibitor
NCI-H1792,plate1,vincristine,"[('vincristine', 0.05, 'uM')]",G2M,0.37317622927321614,985,2922,Microtubule inhibitor
NCI-H1792,plate10,Belinostat,"[('Belinostat', 0.05, 'uM')]",G1,-0.9558524374627758,1421,3881,HDAC inhibitor
NCI-H1792,plate10,Belinostat,"[('Belinostat', 0.05, 'uM')]",S,1.303359106635419,1421,3881,HDAC inhibitor
NCI-H1792,plate10,Belinostat,"[('Belinostat', 0.05, 'uM')]",G2M,0.9146588379885758,1421,3881,HDAC inhibitor
NCI-H1792,plate10,Carbamazepine,"[('Carbamazepine', 0.05, 'uM')]",G1,-0.16227525484907848,1334,3881,HDAC inhibitor
NCI-H1792,plate10,Carbamazepine,"[('Carbamazepine', 0.05, 'uM')]",S,-0.045225795532563645,1334,3881,HDAC inhibitor
NCI-H1792,plate10,Carbamazepine,"[('Carbamazepine', 0.05, 'uM')]",G2M,0.1752869702904186,1334,3881,HDAC inhibitor
NCI-H1792,plate10,Panobinostat,"[('Panobinostat', 0.05, 'uM')]",G1,-1.2734236929173557,1660,3881,HDAC inhibitor
NCI-H1792,plate10,Panobinostat,"[('Panobinostat', 0.05, 'uM')]",S,1.9829568074494022,1660,3881,HDAC inhibitor
NCI-H1792,plate10,Panobinostat,"[('Panobinostat', 0.05, 'uM')]",G2M,1.181438473616757,1660,3881,HDAC inhibitor
NCI-H1792,plate11,Belinostat,"[('Belinostat', 0.5, 'uM')]",G1,-1.078024012235452,723,3921,HDAC inhibitor
NCI-H1792,plate11,Belinostat,"[('Belinostat', 0.5, 'uM')]",S,1.422310845119683,723,3921,HDAC inhibitor
NCI-H1792,plate11,Belinostat,"[('Belinostat', 0.5, 'uM')]",G2M,0.9209053835716872,723,3921,HDAC inhibitor
NCI-H1792,plate11,Carbamazepine,"[('Carbamazepine', 0.5, 'uM')]",G1,-0.02780746435845776,1139,3921,HDAC inhibitor
NCI-H1792,plate11,Carbamazepine,"[('Carbamazepine', 0.5, 'uM')]",S,0.439424028836617,1139,3921,HDAC inhibitor
NCI-H1792,plate11,Carbamazepine,"[('Carbamazepine', 0.5, 'uM')]",G2M,-0.0335542851824123,1139,3921,HDAC inhibitor
NCI-H1792,plate11,Panobinostat,"[('Panobinostat', 0.5, 'uM')]",G1,-1.8670487151893724,514,3921,HDAC inhibitor
NCI-H1792,plate11,Panobinostat,"[('Panobinostat', 0.5, 'uM')]",S,2.772381119813723,514,3921,HDAC inhibitor
NCI-H1792,plate11,Panobinostat,"[('Panobinostat', 0.5, 'uM')]",G2M,1.3155731407185467,514,3921,HDAC inhibitor
NCI-H1792,plate12,Belinostat,"[('Belinostat', 5.0, 'uM')]",G1,-2.6739420717453903,1242,3446,HDAC inhibitor
NCI-H1792,plate12,Belinostat,"[('Belinostat', 5.0, 'uM')]",S,3.27097167766141,1242,3446,HDAC inhibitor
NCI-H1792,plate12,Belinostat,"[('Belinostat', 5.0, 'uM')]",G2M,2.126102975759999,1242,3446,HDAC inhibitor
NCI-H1792,plate12,Carbamazepine,"[('Carbamazepine', 5.0, 'uM')]",G1,0.03791200390097344,1107,3446,HDAC inhibitor
NCI-H1792,plate12,Carbamazepine,"[('Carbamazepine', 5.0, 'uM')]",S,0.25077244980271163,1107,3446,HDAC inhibitor
NCI-H1792,plate12,Carbamazepine,"[('Carbamazepine', 5.0, 'uM')]",G2M,-0.06778476651296945,1107,3446,HDAC inhibitor
NCI-H1792,plate12,Panobinostat,"[('Panobinostat', 5.0, 'uM')]",G1,-2.9340910671704257,572,3446,HDAC inhibitor
NCI-H1792,plate12,Panobinostat,"[('Panobinostat', 5.0, 'uM')]",S,3.496746246117626,572,3446,HDAC inhibitor
NCI-H1792,plate12,Panobinostat,"[('Panobinostat', 5.0, 'uM')]",G2M,2.2823038160982447,572,3446,HDAC inhibitor
NCI-H1792,plate13,Abemaciclib,"[('Abemaciclib', 0.05, 'uM')]",G1,-0.016705238014607392,1977,2372,CDK inhibitor
NCI-H1792,plate13,Abemaciclib,"[('Abemaciclib', 0.05, 'uM')]",S,-1.1022156936544463,1977,2372,CDK inhibitor
NCI-H1792,plate13,Abemaciclib,"[('Abemaciclib', 0.05, 'uM')]",G2M,0.1029137479216377,1977,2372,CDK inhibitor
NCI-H1792,plate13,Ribociclib,"[('Ribociclib', 0.05, 'uM')]",G1,0.23752994010217765,2225,2372,CDK inhibitor
NCI-H1792,plate13,Ribociclib,"[('Ribociclib', 0.05, 'uM')]",S,-0.8159011002661067,2225,2372,CDK inhibitor
NCI-H1792,plate13,Ribociclib,"[('Ribociclib', 0.05, 'uM')]",G2M,-0.17913112772542608,2225,2372,CDK inhibitor
NCI-H1792,plate13,Ribociclib,"[('Ribociclib', 0.5, 'uM')]",G1,0.33566664052406403,1783,2372,CDK inhibitor
NCI-H1792,plate13,Ribociclib,"[('Ribociclib', 0.5, 'uM')]",S,-1.3172229355156566,1783,2372,CDK inhibitor
NCI-H1792,plate13,Ribociclib,"[('Ribociclib', 0.5, 'uM')]",G2M,-0.2503865336622794,1783,2372,CDK inhibitor
NCI-H1792,plate13,Ribociclib,"[('Ribociclib', 5.0, 'uM')]",G1,0.11250147892203273,2235,2372,CDK inhibitor
NCI-H1792,plate13,Ribociclib,"[('Ribociclib', 5.0, 'uM')]",S,-0.5374173051274194,2235,2372,CDK inhibitor
NCI-H1792,plate13,Ribociclib,"[('Ribociclib', 5.0, 'uM')]",G2M,-0.06849949428954101,2235,2372,CDK inhibitor
NCI-H1792,plate14,Docetaxel,"[('Docetaxel', 5.0, 'uM')]",G1,0.16327105121178087,1560,1582,Microtubule inhibitor
NCI-H1792,plate14,Docetaxel,"[('Docetaxel', 5.0, 'uM')]",S,-0.9821893664410699,1560,1582,Microtubule inhibitor
NCI-H1792,plate14,Docetaxel,"[('Docetaxel', 5.0, 'uM')]",G2M,0.09526616912533077,1560,1582,Microtubule inhibitor
NCI-H1792,plate14,Tucidinostat,"[('Tucidinostat', 5.0, 'uM')]",G1,0.19966450583332776,1522,1582,HDAC inhibitor
NCI-H1792,plate14,Tucidinostat,"[('Tucidinostat', 5.0, 'uM')]",S,-0.9461319739534022,1522,1582,HDAC inhibitor
NCI-H1792,plate14,Tucidinostat,"[('Tucidinostat', 5.0, 'uM')]",G2M,0.04452620917975665,1522,1582,HDAC inhibitor
NCI-H1792,plate14,Vinblastine (sulfate),"[('Vinblastine (sulfate)', 5.0, 'uM')]",G1,-0.3724598356346818,1246,1582,Microtubule inhibitor
NCI-H1792,plate14,Vinblastine (sulfate),"[('Vinblastine (sulfate)', 5.0, 'uM')]",S,0.24576530535561708,1246,1582,Microtubule inhibitor
NCI-H1792,plate14,Vinblastine (sulfate),"[('Vinblastine (sulfate)', 5.0, 'uM')]",G2M,0.40176935780755857,1246,1582,Microtubule inhibitor
NCI-H1792,plate2,Abemaciclib,"[('Abemaciclib', 0.5, 'uM')]",G1,-0.8335484206584736,1500,4144,CDK inhibitor
NCI-H1792,plate2,Abemaciclib,"[('Abemaciclib', 0.5, 'uM')]",S,0.35665826790526156,1500,4144,CDK inhibitor
NCI-H1792,plate2,Abemaciclib,"[('Abemaciclib', 0.5, 'uM')]",G2M,0.9784185575751886,1500,4144,CDK inhibitor
NCI-H1792,plate2,Paclitaxel,"[('Paclitaxel', 0.5, 'uM')]",G1,-0.5558373940825129,2204,4144,Microtubule inhibitor
NCI-H1792,plate2,Paclitaxel,"[('Paclitaxel', 0.5, 'uM')]",S,0.9188660123739043,2204,4144,Microtubule inhibitor
NCI-H1792,plate2,Paclitaxel,"[('Paclitaxel', 0.5, 'uM')]",G2M,0.32024347454184743,2204,4144,Microtubule inhibitor
NCI-H1792,plate2,Tubulin inhibitor 6,"[('Tubulin inhibitor 6', 0.5, 'uM')]",G1,-0.4955280274022327,2099,4144,Microtubule inhibitor
NCI-H1792,plate2,Tubulin inhibitor 6,"[('Tubulin inhibitor 6', 0.5, 'uM')]",S,0.5042034046183324,2099,4144,Microtubule inhibitor
NCI-H1792,plate2,Tubulin inhibitor 6,"[('Tubulin inhibitor 6', 0.5, 'uM')]",G2M,0.4682528698782485,2099,4144,Microtubule inhibitor
NCI-H1792,plate2,palbociclib,"[('palbociclib', 0.5, 'uM')]",G1,0.15339287632611878,1316,4144,CDK inhibitor
NCI-H1792,plate2,palbociclib,"[('palbociclib', 0.5, 'uM')]",S,-0.24223351700194692,1316,4144,CDK inhibitor
NCI-H1792,plate2,palbociclib,"[('palbociclib', 0.5, 'uM')]",G2M,-0.09880230883400773,1316,4144,CDK inhibitor
NCI-H1792,plate2,vincristine,"[('vincristine', 0.5, 'uM')]",G1,-1.3978794633955836,564,4144,Microtubule inhibitor
NCI-H1792,plate2,vincristine,"[('vincristine', 0.5, 'uM')]",S,0.7194683165255343,564,4144,Microtubule inhibitor
NCI-H1792,plate2,vincristine,"[('vincristine', 0.5, 'uM')]",G2M,1.573906141329206,564,4144,Microtubule inhibitor
NCI-H1792,plate3,Abemaciclib,"[('Abemaciclib', 5.0, 'uM')]",G1,-0.33934641726550935,491,1319,CDK inhibitor
NCI-H1792,plate3,Abemaciclib,"[('Abemaciclib', 5.0, 'uM')]",S,0.39927089217559625,491,1319,CDK inhibitor
NCI-H1792,plate3,Abemaciclib,"[('Abemaciclib', 5.0, 'uM')]",G2M,0.2622769898679639,491,1319,CDK inhibitor
NCI-H1792,plate3,Paclitaxel,"[('Paclitaxel', 5.0, 'uM')]",G1,0.46097599171816733,1435,1319,Microtubule inhibitor
NCI-H1792,plate3,Paclitaxel,"[('Paclitaxel', 5.0, 'uM')]",S,-0.37386208775863283,1435,1319,Microtubule inhibitor
NCI-H1792,plate3,Paclitaxel,"[('Paclitaxel', 5.0, 'uM')]",G2M,-0.46114445974064244,1435,1319,Microtubule inhibitor
NCI-H1792,plate3,Tubulin inhibitor 6,"[('Tubulin inhibitor 6', 5.0, 'uM')]",G1,0.26718870940426703,527,1319,Microtubule inhibitor
NCI-H1792,plate3,Tubulin inhibitor 6,"[('Tubulin inhibitor 6', 5.0, 'uM')]",S,0.4945864169027879,527,1319,Microtubule inhibitor
NCI-H1792,plate3,Tubulin inhibitor 6,"[('Tubulin inhibitor 6', 5.0, 'uM')]",G2M,-0.8760149243617308,527,1319,Microtubule inhibitor
NCI-H1792,plate3,palbociclib,"[('palbociclib', 5.0, 'uM')]",G1,-0.1193638723466461,497,1319,CDK inhibitor
NCI-H1792,plate3,palbociclib,"[('palbociclib', 5.0, 'uM')]",S,0.14590960544302353,497,1319,CDK inhibitor
NCI-H1792,plate3,palbociclib,"[('palbociclib', 5.0, 'uM')]",G2M,0.09722783107777101,497,1319,CDK inhibitor
NCI-H1792,plate3,vincristine,"[('vincristine', 5.0, 'uM')]",G1,-0.1322295558038291,369,1319,Microtubule inhibitor
NCI-H1792,plate3,vincristine,"[('vincristine', 5.0, 'uM')]",S,0.32805999192234053,369,1319,Microtubule inhibitor
NCI-H1792,plate3,vincristine,"[('vincristine', 5.0, 'uM')]",G2M,0.0034086136137229635,369,1319,Microtubule inhibitor
NCI-H1792,plate4,Docetaxel,"[('Docetaxel', 0.05, 'uM')]",G1,-1.3166876421914822,362,2874,Microtubule inhibitor
NCI-H1792,plate4,Docetaxel,"[('Docetaxel', 0.05, 'uM')]",S,0.7657718292637611,362,2874,Microtubule inhibitor
NCI-H1792,plate4,Docetaxel,"[('Docetaxel', 0.05, 'uM')]",G2M,1.3911093011872662,362,2874,Microtubule inhibitor
NCI-H1792,plate4,Tucidinostat,"[('Tucidinostat', 0.05, 'uM')]",G1,0.30526475436275924,1555,2874,HDAC inhibitor
NCI-H1792,plate4,Tucidinostat,"[('Tucidinostat', 0.05, 'uM')]",S,-0.8972043252084462,1555,2874,HDAC inhibitor
NCI-H1792,plate4,Tucidinostat,"[('Tucidinostat', 0.05, 'uM')]",G2M,-0.16667862940887204,1555,2874,HDAC inhibitor
NCI-H1792,plate4,Vinblastine (sulfate),"[('Vinblastine (sulfate)', 0.05, 'uM')]",G1,-0.3425497055034482,1511,2874,Microtubule inhibitor
NCI-H1792,plate4,Vinblastine (sulfate),"[('Vinblastine (sulfate)', 0.05, 'uM')]",S,-0.6670842219897418,1511,2874,Microtubule inhibitor
NCI-H1792,plate4,Vinblastine (sulfate),"[('Vinblastine (sulfate)', 0.05, 'uM')]",G2M,0.5248194500677276,1511,2874,Microtubule inhibitor
NCI-H1792,plate5,Docetaxel,"[('Docetaxel', 0.5, 'uM')]",G1,-0.6161723391019814,1240,3517,Microtubule inhibitor
NCI-H1792,plate5,Docetaxel,"[('Docetaxel', 0.5, 'uM')]",S,0.24027556681605772,1240,3517,Microtubule inhibitor
NCI-H1792,plate5,Docetaxel,"[('Docetaxel', 0.5, 'uM')]",G2M,0.6693866348832963,1240,3517,Microtubule inhibitor
NCI-H1792,plate5,Tucidinostat,"[('Tucidinostat', 0.5, 'uM')]",G1,-0.1376260206318196,1132,3517,HDAC inhibitor
NCI-H1792,plate5,Tucidinostat,"[('Tucidinostat', 0.5, 'uM')]",S,-0.19962979270896475,1132,3517,HDAC inhibitor
NCI-H1792,plate5,Tucidinostat,"[('Tucidinostat', 0.5, 'uM')]",G2M,0.20092052882328063,1132,3517,HDAC inhibitor
NCI-H1792,plate5,Vinblastine (sulfate),"[('Vinblastine (sulfate)', 0.5, 'uM')]",G1,-0.4622604259813185,655,3517,Microtubule inhibitor
NCI-H1792,plate5,Vinblastine (sulfate),"[('Vinblastine (sulfate)', 0.5, 'uM')]",S,0.47796635872206605,655,3517,Microtubule inhibitor
NCI-H1792,plate5,Vinblastine (sulfate),"[('Vinblastine (sulfate)', 0.5, 'uM')]",G2M,0.4544348526385622,655,3517,Microtubule inhibitor
NCI-H1792,plate6,Docetaxel,"[('Docetaxel', 5.0, 'uM')]",G1,-0.8833422555990066,768,3787,Microtubule inhibitor
NCI-H1792,plate6,Docetaxel,"[('Docetaxel', 5.0, 'uM')]",S,0.21088411889209946,768,3787,Microtubule inhibitor
NCI-H1792,plate6,Docetaxel,"[('Docetaxel', 5.0, 'uM')]",G2M,0.9794733999263805,768,3787,Microtubule inhibitor
NCI-H1792,plate6,Tucidinostat,"[('Tucidinostat', 5.0, 'uM')]",G1,-0.17813479901829568,1225,3787,HDAC inhibitor
NCI-H1792,plate6,Tucidinostat,"[('Tucidinostat', 5.0, 'uM')]",S,-0.46873033154424654,1225,3787,HDAC inhibitor
NCI-H1792,plate6,Tucidinostat,"[('Tucidinostat', 5.0, 'uM')]",G2M,0.2855053901027461,1225,3787,HDAC inhibitor
NCI-H1792,plate6,Vinblastine (sulfate),"[('Vinblastine (sulfate)', 5.0, 'uM')]",G1,-0.5867795081317458,839,3787,Microtubule inhibitor
NCI-H1792,plate6,Vinblastine (sulfate),"[('Vinblastine (sulfate)', 5.0, 'uM')]",S,0.5958792528217519,839,3787,Microtubule inhibitor
NCI-H1792,plate6,Vinblastine (sulfate),"[('Vinblastine (sulfate)', 5.0, 'uM')]",G2M,0.5763752093449583,839,3787,Microtubule inhibitor
NCI-H1792,plate7,Dinaciclib,"[('Dinaciclib', 0.05, 'uM')]",G1,-2.3820758727349234,343,2102,CDK inhibitor
NCI-H1792,plate7,Dinaciclib,"[('Dinaciclib', 0.05, 'uM')]",S,1.9709193133445237,343,2102,CDK inhibitor
NCI-H1792,plate7,Dinaciclib,"[('Dinaciclib', 0.05, 'uM')]",G2M,1.9701944462729384,343,2102,CDK inhibitor
NCI-H1792,plate7,Docetaxel (Trihydrate),"[('Docetaxel (Trihydrate)', 0.05, 'uM')]",G1,-0.4992421687345714,925,2102,Microtubule inhibitor
NCI-H1792,plate7,Docetaxel (Trihydrate),"[('Docetaxel (Trihydrate)', 0.05, 'uM')]",S,-0.18299578146642853,925,2102,Microtubule inhibitor
NCI-H1792,plate7,Docetaxel (Trihydrate),"[('Docetaxel (Trihydrate)', 0.05, 'uM')]",G2M,0.563705586630069,925,2102,Microtubule inhibitor
NCI-H1792,plate7,Mebendazole,"[('Mebendazole', 0.05, 'uM')]",G1,0.1679815113843042,1315,2102,Microtubule inhibitor
NCI-H1792,plate7,Mebendazole,"[('Mebendazole', 0.05, 'uM')]",S,-0.43821521480241765,1315,2102,Microtubule inhibitor
NCI-H1792,plate7,Mebendazole,"[('Mebendazole', 0.05, 'uM')]",G2M,-0.1131201688424434,1315,2102,Microtubule inhibitor
NCI-H1792,plate8,Dinaciclib,"[('Dinaciclib', 0.5, 'uM')]",G1,-2.5424356471794276,493,4211,CDK inhibitor
NCI-H1792,plate8,Dinaciclib,"[('Dinaciclib', 0.5, 'uM')]",S,3.966467037359948,493,4211,CDK inhibitor
NCI-H1792,plate8,Dinaciclib,"[('Dinaciclib', 0.5, 'uM')]",G2M,1.8584853182891987,493,4211,CDK inhibitor
NCI-H1792,plate8,Docetaxel (Trihydrate),"[('Docetaxel (Trihydrate)', 0.5, 'uM')]",G1,-0.9549932050670219,1457,4211,Microtubule inhibitor
NCI-H1792,plate8,Docetaxel (Trihydrate),"[('Docetaxel (Trihydrate)', 0.5, 'uM')]",S,0.4460179247549803,1457,4211,Microtubule inhibitor
NCI-H1792,plate8,Docetaxel (Trihydrate),"[('Docetaxel (Trihydrate)', 0.5, 'uM')]",G2M,0.974063423615375,1457,4211,Microtubule inhibitor
NCI-H1792,plate8,Mebendazole,"[('Mebendazole', 0.5, 'uM')]",G1,-0.5130824477420156,1952,4211,Microtubule inhibitor
NCI-H1792,plate8,Mebendazole,"[('Mebendazole', 0.5, 'uM')]",S,0.7202278740691326,1952,4211,Microtubule inhibitor
NCI-H1792,plate8,Mebendazole,"[('Mebendazole', 0.5, 'uM')]",G2M,0.4769590285874257,1952,4211,Microtubule inhibitor
NCI-H1792,plate9,Dinaciclib,"[('Dinaciclib', 5.0, 'uM')]",G1,-3.478497098913325,229,2786,CDK inhibitor
NCI-H1792,plate9,Dinaciclib,"[('Dinaciclib', 5.0, 'uM')]",S,3.04318039659261,229,2786,CDK inhibitor
NCI-H1792,plate9,Dinaciclib,"[('Dinaciclib', 5.0, 'uM')]",G2M,2.4970445500769305,229,2786,CDK inhibitor
NCI-H1792,plate9,Docetaxel (Trihydrate),"[('Docetaxel (Trihydrate)', 5.0, 'uM')]",G1,-0.4765885915413178,1132,2786,Microtubule inhibitor
NCI-H1792,plate9,Docetaxel (Trihydrate),"[('Docetaxel (Trihydrate)', 5.0, 'uM')]",S,-1.1471896321747794,1132,2786,Microtubule inhibitor
NCI-H1792,plate9,Docetaxel (Trihydrate),"[('Docetaxel (Trihydrate)', 5.0, 'uM')]",G2M,0.6162096478917752,1132,2786,Microtubule inhibitor
NCI-H1792,plate9,Mebendazole,"[('Mebendazole', 5.0, 'uM')]",G1,-0.7336042831801121,2517,2786,Microtubule inhibitor
NCI-H1792,plate9,Mebendazole,"[('Mebendazole', 5.0, 'uM')]",S,-0.2717477530209078,2517,2786,Microtubule inhibitor
NCI-H1792,plate9,Mebendazole,"[('Mebendazole', 5.0, 'uM')]",G2M,0.81186528974471,2517,2786,Microtubule inhibitor
NCI-H2030,plate1,Paclitaxel,"[('Paclitaxel', 0.05, 'uM')]",G1,0.04017990105229936,2490,5288,Microtubule inhibitor
NCI-H2030,plate1,Paclitaxel,"[('Paclitaxel', 0.05, 'uM')]",S,-0.14913884085881027,2490,5288,Microtubule inhibitor
NCI-H2030,plate1,Paclitaxel,"[('Paclitaxel', 0.05, 'uM')]",G2M,-0.019354974003680223,2490,5288,Microtubule inhibitor
NCI-H2030,plate1,Tubulin inhibitor 6,"[('Tubulin inhibitor 6', 0.05, 'uM')]",G1,-0.0927341904135694,1886,5288,Microtubule inhibitor
NCI-H2030,plate1,Tubulin inhibitor 6,"[('Tubulin inhibitor 6', 0.05, 'uM')]",S,0.3835920121149041,1886,5288,Microtubule inhibitor
NCI-H2030,plate1,Tubulin inhibitor 6,"[('Tubulin inhibitor 6', 0.05, 'uM')]",G2M,0.032100669191001685,1886,5288,Microtubule inhibitor
NCI-H2030,plate1,palbociclib,"[('palbociclib', 0.05, 'uM')]",G1,-0.19632087136404422,1278,5288,CDK inhibitor
NCI-H2030,plate1,palbociclib,"[('palbociclib', 0.05, 'uM')]",S,0.3728012062033362,1278,5288,CDK inhibitor
NCI-H2030,plate1,palbociclib,"[('palbociclib', 0.05, 'uM')]",G2M,0.14700966225386053,1278,5288,CDK inhibitor
NCI-H2030,plate1,vincristine,"[('vincristine', 0.05, 'uM')]",G1,-0.3019977312740634,1615,5288,Microtubule inhibitor
NCI-H2030,plate1,vincristine,"[('vincristine', 0.05, 'uM')]",S,0.20618954640924161,1615,5288,Microtubule inhibitor
NCI-H2030,plate1,vincristine,"[('vincristine', 0.05, 'uM')]",G2M,0.2891896647708252,1615,5288,Microtubule inhibitor
NCI-H2030,plate10,Belinostat,"[('Belinostat', 0.05, 'uM')]",G1,-0.610820241386044,1007,3195,HDAC inhibitor
NCI-H2030,plate10,Belinostat,"[('Belinostat', 0.05, 'uM')]",S,0.4165461249997893,1007,3195,HDAC inhibitor
NCI-H2030,plate10,Belinostat,"[('Belinostat', 0.05, 'uM')]",G2M,0.5799879705056552,1007,3195,HDAC inhibitor
NCI-H2030,plate10,Carbamazepine,"[('Carbamazepine', 0.05, 'uM')]",G1,-0.4018612565023174,775,3195,HDAC inhibitor
NCI-H2030,plate10,Carbamazepine,"[('Carbamazepine', 0.05, 'uM')]",S,0.21187230190396028,775,3195,HDAC inhibitor
NCI-H2030,plate10,Carbamazepine,"[('Carbamazepine', 0.05, 'uM')]",G2M,0.3940919106856468,775,3195,HDAC inhibitor
NCI-H2030,plate10,Panobinostat,"[('Panobinostat', 0.05, 'uM')]",G1,-0.3459747632083504,1299,3195,HDAC inhibitor
NCI-H2030,plate10,Panobinostat,"[('Panobinostat', 0.05, 'uM')]",S,0.6364667702412065,1299,3195,HDAC inhibitor
NCI-H2030,plate10,Panobinostat,"[('Panobinostat', 0.05, 'uM')]",G2M,0.26857812928101565,1299,3195,HDAC inhibitor
NCI-H2030,plate11,Belinostat,"[('Belinostat', 0.5, 'uM')]",G1,-0.6022602494160232,782,3103,HDAC inhibitor
NCI-H2030,plate11,Belinostat,"[('Belinostat', 0.5, 'uM')]",S,0.7653378881513285,782,3103,HDAC inhibitor
NCI-H2030,plate11,Belinostat,"[('Belinostat', 0.5, 'uM')]",G2M,0.3648184092526687,782,3103,HDAC inhibitor
NCI-H2030,plate11,Carbamazepine,"[('Carbamazepine', 0.5, 'uM')]",G1,0.03595506447132294,789,3103,HDAC inhibitor
NCI-H2030,plate11,Carbamazepine,"[('Carbamazepine', 0.5, 'uM')]",S,0.038666691756233024,789,3103,HDAC inhibitor
NCI-H2030,plate11,Carbamazepine,"[('Carbamazepine', 0.5, 'uM')]",G2M,-0.04268186721221071,789,3103,HDAC inhibitor
NCI-H2030,plate11,Panobinostat,"[('Panobinostat', 0.5, 'uM')]",G1,-0.7375313539565146,1651,3103,HDAC inhibitor
NCI-H2030,plate11,Panobinostat,"[('Panobinostat', 0.5, 'uM')]",S,1.8450089988088803,1651,3103,HDAC inhibitor
NCI-H2030,plate11,Panobinostat,"[('Panobinostat', 0.5, 'uM')]",G2M,-0.03912433124989052,1651,3103,HDAC inhibitor
NCI-H2030,plate12,Belinostat,"[('Belinostat', 5.0, 'uM')]",G1,-1.2771370657402528,1330,1744,HDAC inhibitor
NCI-H2030,plate12,Belinostat,"[('Belinostat', 5.0, 'uM')]",S,1.8239685490154935,1330,1744,HDAC inhibitor
NCI-H2030,plate12,Belinostat,"[('Belinostat', 5.0, 'uM')]",G2M,0.5532138536308359,1330,1744,HDAC inhibitor
NCI-H2030,plate12,Carbamazepine,"[('Carbamazepine', 5.0, 'uM')]",G1,0.12401984324953413,676,1744,HDAC inhibitor
NCI-H2030,plate12,Carbamazepine,"[('Carbamazepine', 5.0, 'uM')]",S,-0.46734486752091464,676,1744,HDAC inhibitor
NCI-H2030,plate12,Carbamazepine,"[('Carbamazepine', 5.0, 'uM')]",G2M,-0.03708911881545001,676,1744,HDAC inhibitor
NCI-H2030,plate12,Panobinostat,"[('Panobinostat', 5.0, 'uM')]",G1,-0.7289296625590349,985,1744,HDAC inhibitor
NCI-H2030,plate12,Panobinostat,"[('Panobinostat', 5.0, 'uM')]",S,1.7637560912777857,985,1744,HDAC inhibitor
NCI-H2030,plate12,Panobinostat,"[('Panobinostat', 5.0, 'uM')]",G2M,0.08567997958486434,985,1744,HDAC inhibitor
NCI-H2030,plate13,Abemaciclib,"[('Abemaciclib', 0.05, 'uM')]",G1,0.20767173454397297,1372,1182,CDK inhibitor
NCI-H2030,plate13,Abemaciclib,"[('Abemaciclib', 0.05, 'uM')]",S,0.18945510895352896,1372,1182,CDK inhibitor
NCI-H2030,plate13,Abemaciclib,"[('Abemaciclib', 0.05, 'uM')]",G2M,-0.25695393253889004,1372,1182,CDK inhibitor
NCI-H2030,plate13,Ribociclib,"[('Ribociclib', 0.05, 'uM')]",G1,0.2587453558699356,1319,1182,CDK inhibitor
NCI-H2030,plate13,Ribociclib,"[('Ribociclib', 0.05, 'uM')]",S,-0.1413385034678249,1319,1182,CDK inhibitor
NCI-H2030,plate13,Ribociclib,"[('Ribociclib', 0.05, 'uM')]",G2M,-0.24030529691648317,1319,1182,CDK inhibitor
NCI-H2030,plate13,Ribociclib,"[('Ribociclib', 0.5, 'uM')]",G1,0.2576812332307982,1139,1182,CDK inhibitor
NCI-H2030,plate13,Ribociclib,"[('Ribociclib', 0.5, 'uM')]",S,0.1301885749588468,1139,1182,CDK inhibitor
NCI-H2030,plate13,Ribociclib,"[('Ribociclib', 0.5, 'uM')]",G2M,-0.2953919206414254,1139,1182,CDK inhibitor
NCI-H2030,plate13,Ribociclib,"[('Ribociclib', 5.0, 'uM')]",G1,0.1327000798572712,1216,1182,CDK inhibitor
NCI-H2030,plate13,Ribociclib,"[('Ribociclib', 5.0, 'uM')]",S,-0.14671535257538,1216,1182,CDK inhibitor
NCI-H2030,plate13,Ribociclib,"[('Ribociclib', 5.0, 'uM')]",G2M,-0.10839544845862234,1216,1182,CDK inhibitor
NCI-H2030,plate14,Docetaxel,"[('Docetaxel', 5.0, 'uM')]",G1,-0.2796002228797801,2362,2911,Microtubule inhibitor
NCI-H2030,plate14,Docetaxel,"[('Docetaxel', 5.0, 'uM')]",S,-0.3696354058043032,2362,2911,Microtubule inhibitor
NCI-H2030,plate14,Docetaxel,"[('Docetaxel', 5.0, 'uM')]",G2M,0.3956414110344846,2362,2911,Microtubule inhibitor
NCI-H2030,plate14,Tucidinostat,"[('Tucidinostat', 5.0, 'uM')]",G1,0.023642645568941155,2519,2911,HDAC inhibitor
NCI-H2030,plate14,Tucidinostat,"[('Tucidinostat', 5.0, 'uM')]",S,-0.09187020761464261,2519,2911,HDAC inhibitor
NCI-H2030,plate14,Tucidinostat,"[('Tucidinostat', 5.0, 'uM')]",G2M,-0.0016069039342816234,2519,2911,HDAC inhibitor
NCI-H2030,plate14,Vinblastine (sulfate),"[('Vinblastine (sulfate)', 5.0, 'uM')]",G1,-0.21597149632659235,2291,2911,Microtubule inhibitor
NCI-H2030,plate14,Vinblastine (sulfate),"[('Vinblastine (sulfate)', 5.0, 'uM')]",S,-0.26416014623983447,2291,2911,Microtubule inhibitor
NCI-H2030,plate14,Vinblastine (sulfate),"[('Vinblastine (sulfate)', 5.0, 'uM')]",G2M,0.3052534976936168,2291,2911,Microtubule inhibitor
NCI-H2030,plate2,Abemaciclib,"[('Abemaciclib', 0.5, 'uM')]",G1,-0.40046589704078306,2578,6743,CDK inhibitor
NCI-H2030,plate2,Abemaciclib,"[('Abemaciclib', 0.5, 'uM')]",S,0.839203996561182,2578,6743,CDK inhibitor
NCI-H2030,plate2,Abemaciclib,"[('Abemaciclib', 0.5, 'uM')]",G2M,0.1825407180919963,2578,6743,CDK inhibitor
NCI-H2030,plate2,Paclitaxel,"[('Paclitaxel', 0.5, 'uM')]",G1,-0.18523205306256166,4394,6743,Microtubule inhibitor
NCI-H2030,plate2,Paclitaxel,"[('Paclitaxel', 0.5, 'uM')]",S,-0.13574154093835283,4394,6743,Microtubule inhibitor
NCI-H2030,plate2,Paclitaxel,"[('Paclitaxel', 0.5, 'uM')]",G2M,0.24178233176255018,4394,6743,Microtubule inhibitor
NCI-H2030,plate2,Tubulin inhibitor 6,"[('Tubulin inhibitor 6', 0.5, 'uM')]",G1,-0.08952183880258748,3118,6743,Microtubule inhibitor
NCI-H2030,plate2,Tubulin inhibitor 6,"[('Tubulin inhibitor 6', 0.5, 'uM')]",S,-0.3736483711271824,3118,6743,Microtubule inhibitor
NCI-H2030,plate2,Tubulin inhibitor 6,"[('Tubulin inhibitor 6', 0.5, 'uM')]",G2M,0.18760059651086505,3118,6743,Microtubule inhibitor
NCI-H2030,plate2,palbociclib,"[('palbociclib', 0.5, 'uM')]",G1,0.31549486446456604,2463,6743,CDK inhibitor
NCI-H2030,plate2,palbociclib,"[('palbociclib', 0.5, 'uM')]",S,-1.4490581996875493,2463,6743,CDK inhibitor
NCI-H2030,plate2,palbociclib,"[('palbociclib', 0.5, 'uM')]",G2M,-0.08716519494387132,2463,6743,CDK inhibitor
NCI-H2030,plate2,vincristine,"[('vincristine', 0.5, 'uM')]",G1,-0.1296519877459812,919,6743,Microtubule inhibitor
NCI-H2030,plate2,vincristine,"[('vincristine', 0.5, 'uM')]",S,-0.34617860210297685,919,6743,Microtubule inhibitor
NCI-H2030,plate2,vincristine,"[('vincristine', 0.5, 'uM')]",G2M,0.22892570152844557,919,6743,Microtubule inhibitor
NCI-H2030,plate3,Abemaciclib,"[('Abemaciclib', 5.0, 'uM')]",G1,0.4000783327041737,1536,2934,CDK inhibitor
NCI-H2030,plate3,Abemaciclib,"[('Abemaciclib', 5.0, 'uM')]",S,-0.20017714947911436,1536,2934,CDK inhibitor
NCI-H2030,plate3,Abemaciclib,"[('Abemaciclib', 5.0, 'uM')]",G2M,-0.3939369858859693,1536,2934,CDK inhibitor
NCI-H2030,plate3,Paclitaxel,"[('Paclitaxel', 5.0, 'uM')]",G1,-0.15023573183940084,3219,2934,Microtubule inhibitor
NCI-H2030,plate3,Paclitaxel,"[('Paclitaxel', 5.0, 'uM')]",S,-0.45838501933641906,3219,2934,Microtubule inhibitor
NCI-H2030,plate3,Paclitaxel,"[('Paclitaxel', 5.0, 'uM')]",G2M,0.28130978215357044,3219,2934,Microtubule inhibitor
NCI-H2030,plate3,Tubulin inhibitor 6,"[('Tubulin inhibitor 6', 5.0, 'uM')]",G1,0.10071110824656741,828,2934,Microtubule inhibitor
NCI-H2030,plate3,Tubulin inhibitor 6,"[('Tubulin inhibitor 6', 5.0, 'uM')]",S,-0.207685184960425,828,2934,Microtubule inhibitor
NCI-H2030,plate3,Tubulin inhibitor 6,"[('Tubulin inhibitor 6', 5.0, 'uM')]",G2M,-0.04960017065537364,828,2934,Microtubule inhibitor
NCI-H2030,plate3,palbociclib,"[('palbociclib', 5.0, 'uM')]",G1,0.6245379291167642,1233,2934,CDK inhibitor
NCI-H2030,plate3,palbociclib,"[('palbociclib', 5.0, 'uM')]",S,-0.9078448557504453,1233,2934,CDK inhibitor
NCI-H2030,plate3,palbociclib,"[('palbociclib', 5.0, 'uM')]",G2M,-0.46886979845233107,1233,2934,CDK inhibitor
NCI-H2030,plate3,vincristine,"[('vincristine', 5.0, 'uM')]",G1,-0.08405310479375445,680,2934,Microtubule inhibitor
NCI-H2030,plate3,vincristine,"[('vincristine', 5.0, 'uM')]",S,-0.11319984782642048,680,2934,Microtubule inhibitor
NCI-H2030,plate3,vincristine,"[('vincristine', 5.0, 'uM')]",G2M,0.13002915013022837,680,2934,Microtubule inhibitor
NCI-H2030,plate4,Docetaxel,"[('Docetaxel', 0.05, 'uM')]",G1,-1.9295627721424546,446,4186,Microtubule inhibitor
NCI-H2030,plate4,Docetaxel,"[('Docetaxel', 0.05, 'uM')]",S,1.0545745474914756,446,4186,Microtubule inhibitor
NCI-H2030,plate4,Docetaxel,"[('Docetaxel', 0.05, 'uM')]",G2M,1.7994962738067057,446,4186,Microtubule inhibitor
NCI-H2030,plate4,Tucidinostat,"[('Tucidinostat', 0.05, 'uM')]",G1,-0.08568387744033823,2121,4186,HDAC inhibitor
NCI-H2030,plate4,Tucidinostat,"[('Tucidinostat', 0.05, 'uM')]",S,0.12898567149913043,2121,4186,HDAC inhibitor
NCI-H2030,plate4,Tucidinostat,"[('Tucidinostat', 0.05, 'uM')]",G2M,0.0732575168842031,2121,4186,HDAC inhibitor
NCI-H2030,plate4,Vinblastine (sulfate),"[('Vinblastine (sulfate)', 0.05, 'uM')]",G1,-0.4091761282782815,2135,4186,Microtubule inhibitor
NCI-H2030,plate4,Vinblastine (sulfate),"[('Vinblastine (sulfate)', 0.05, 'uM')]",S,0.20750545081102964,2135,4186,Microtubule inhibitor
NCI-H2030,plate4,Vinblastine (sulfate),"[('Vinblastine (sulfate)', 0.05, 'uM')]",G2M,0.4033546406457426,2135,4186,Microtubule inhibitor
NCI-H2030,plate5,Docetaxel,"[('Docetaxel', 0.5, 'uM')]",G1,-1.3052785147546515,1808,4925,Microtubule inhibitor
NCI-H2030,plate5,Docetaxel,"[('Docetaxel', 0.5, 'uM')]",S,-0.26453457636475936,1808,4925,Microtubule inhibitor
NCI-H2030,plate5,Docetaxel,"[('Docetaxel', 0.5, 'uM')]",G2M,1.3886628564145738,1808,4925,Microtubule inhibitor
NCI-H2030,plate5,Tucidinostat,"[('Tucidinostat', 0.5, 'uM')]",G1,0.14621092934098628,1780,4925,HDAC inhibitor
NCI-H2030,plate5,Tucidinostat,"[('Tucidinostat', 0.5, 'uM')]",S,-0.5611436618610456,1780,4925,HDAC inhibitor
NCI-H2030,plate5,Tucidinostat,"[('Tucidinostat', 0.5, 'uM')]",G2M,-0.07322407797613743,1780,4925,HDAC inhibitor
NCI-H2030,plate5,Vinblastine (sulfate),"[('Vinblastine (sulfate)', 0.5, 'uM')]",G1,-0.5026833892463431,697,4925,Microtubule inhibitor
NCI-H2030,plate5,Vinblastine (sulfate),"[('Vinblastine (sulfate)', 0.5, 'uM')]",S,-0.5399018570348363,697,4925,Microtubule inhibitor
NCI-H2030,plate5,Vinblastine (sulfate),"[('Vinblastine (sulfate)', 0.5, 'uM')]",G2M,0.6045983676846474,697,4925,Microtubule inhibitor
NCI-H2030,plate6,Docetaxel,"[('Docetaxel', 5.0, 'uM')]",G1,-0.9271047731699782,937,5082,Microtubule inhibitor
NCI-H2030,plate6,Docetaxel,"[('Docetaxel', 5.0, 'uM')]",S,-0.028792347240379965,937,5082,Microtubule inhibitor
NCI-H2030,plate6,Docetaxel,"[('Docetaxel', 5.0, 'uM')]",G2M,0.9872426294405244,937,5082,Microtubule inhibitor
NCI-H2030,plate6,Tucidinostat,"[('Tucidinostat', 5.0, 'uM')]",G1,0.31166251844742676,1684,5082,HDAC inhibitor
NCI-H2030,plate6,Tucidinostat,"[('Tucidinostat', 5.0, 'uM')]",S,-0.7139388183645201,1684,5082,HDAC inhibitor
NCI-H2030,plate6,Tucidinostat,"[('Tucidinostat', 5.0, 'uM')]",G2M,-0.2291618367685916,1684,5082,HDAC inhibitor
NCI-H2030,plate6,Vinblastine (sulfate),"[('Vinblastine (sulfate)', 5.0, 'uM')]",G1,-0.33390649689702995,867,5082,Microtubule inhibitor
NCI-H2030,plate6,Vinblastine (sulfate),"[('Vinblastine (sulfate)', 5.0, 'uM')]",S,-1.0130421998203194,867,5082,Microtubule inhibitor
NCI-H2030,plate6,Vinblastine (sulfate),"[('Vinblastine (sulfate)', 5.0, 'uM')]",G2M,0.4780500831481166,867,5082,Microtubule inhibitor
NCI-H2030,plate7,Dinaciclib,"[('Dinaciclib', 0.05, 'uM')]",G1,-1.6230783311206165,227,1090,CDK inhibitor
NCI-H2030,plate7,Dinaciclib,"[('Dinaciclib', 0.05, 'uM')]",S,1.4503022874948839,227,1090,CDK inhibitor
NCI-H2030,plate7,Dinaciclib,"[('Dinaciclib', 0.05, 'uM')]",G2M,0.7973949853215639,227,1090,CDK inhibitor
NCI-H2030,plate7,Docetaxel (Trihydrate),"[('Docetaxel (Trihydrate)', 0.05, 'uM')]",G1,0.04510903531456809,501,1090,Microtubule inhibitor
NCI-H2030,plate7,Docetaxel (Trihydrate),"[('Docetaxel (Trihydrate)', 0.05, 'uM')]",S,-0.3593347785253757,501,1090,Microtubule inhibitor
NCI-H2030,plate7,Docetaxel (Trihydrate),"[('Docetaxel (Trihydrate)', 0.05, 'uM')]",G2M,0.04207765795145682,501,1090,Microtubule inhibitor
NCI-H2030,plate7,Mebendazole,"[('Mebendazole', 0.05, 'uM')]",G1,0.14786487104794374,932,1090,Microtubule inhibitor
NCI-H2030,plate7,Mebendazole,"[('Mebendazole', 0.05, 'uM')]",S,0.15873413552451543,932,1090,Microtubule inhibitor
NCI-H2030,plate7,Mebendazole,"[('Mebendazole', 0.05, 'uM')]",G2M,-0.18834506265389775,932,1090,Microtubule inhibitor
NCI-H2030,plate8,Dinaciclib,"[('Dinaciclib', 0.5, 'uM')]",G1,-0.6677552916573831,545,2013,CDK inhibitor
NCI-H2030,plate8,Dinaciclib,"[('Dinaciclib', 0.5, 'uM')]",S,1.602917297929372,545,2013,CDK inhibitor
NCI-H2030,plate8,Dinaciclib,"[('Dinaciclib', 0.5, 'uM')]",G2M,0.23034584538635172,545,2013,CDK inhibitor
NCI-H2030,plate8,Docetaxel (Trihydrate),"[('Docetaxel (Trihydrate)', 0.5, 'uM')]",G1,-0.7007084728265752,660,2013,Microtubule inhibitor
NCI-H2030,plate8,Docetaxel (Trihydrate),"[('Docetaxel (Trihydrate)', 0.5, 'uM')]",S,0.2505044587853101,660,2013,Microtubule inhibitor
NCI-H2030,plate8,Docetaxel (Trihydrate),"[('Docetaxel (Trihydrate)', 0.5, 'uM')]",G2M,0.6851551819303051,660,2013,Microtubule inhibitor
NCI-H2030,plate8,Mebendazole,"[('Mebendazole', 0.5, 'uM')]",G1,-0.5833753006950105,919,2013,Microtubule inhibitor
NCI-H2030,plate8,Mebendazole,"[('Mebendazole', 0.5, 'uM')]",S,0.21336698344271557,919,2013,Microtubule inhibitor
NCI-H2030,plate8,Mebendazole,"[('Mebendazole', 0.5, 'uM')]",G2M,0.5710784734108516,919,2013,Microtubule inhibitor
NCI-H2030,plate9,Dinaciclib,"[('Dinaciclib', 5.0, 'uM')]",G1,-2.5360529002402097,246,2076,CDK inhibitor
NCI-H2030,plate9,Dinaciclib,"[('Dinaciclib', 5.0, 'uM')]",S,1.4616436000276367,246,2076,CDK inhibitor
NCI-H2030,plate9,Dinaciclib,"[('Dinaciclib', 5.0, 'uM')]",G2M,1.427695147532521,246,2076,CDK inhibitor
NCI-H2030,plate9,Docetaxel (Trihydrate),"[('Docetaxel (Trihydrate)', 5.0, 'uM')]",G1,-0.1730089515653521,645,2076,Microtubule inhibitor
NCI-H2030,plate9,Docetaxel (Trihydrate),"[('Docetaxel (Trihydrate)', 5.0, 'uM')]",S,-0.3872286440953462,645,2076,Microtubule inhibitor
NCI-H2030,plate9,Docetaxel (Trihydrate),"[('Docetaxel (Trihydrate)', 5.0, 'uM')]",G2M,0.2539310615897332,645,2076,Microtubule inhibitor
NCI-H2030,plate9,Mebendazole,"[('Mebendazole', 5.0, 'uM')]",G1,-0.25327162474202447,2450,2076,Microtubule inhibitor
NCI-H2030,plate9,Mebendazole,"[('Mebendazole', 5.0, 'uM')]",S,0.5017630608989189,2450,2076,Microtubule inhibitor
NCI-H2030,plate9,Mebendazole,"[('Mebendazole', 5.0, 'uM')]",G2M,0.10852564722959095,2450,2076,Microtubule inhibitor
NCI-H23,plate1,Paclitaxel,"[('Paclitaxel', 0.05, 'uM')]",G1,0.07601693102677501,1242,3486,Microtubule inhibitor
NCI-H23,plate1,Paclitaxel,"[('Paclitaxel', 0.05, 'uM')]",S,0.11995351712327805,1242,3486,Microtubule inhibitor
NCI-H23,plate1,Paclitaxel,"[('Paclitaxel', 0.05, 'uM')]",G2M,-0.1723746289279127,1242,3486,Microtubule inhibitor
NCI-H23,plate1,Tubulin inhibitor 6,"[('Tubulin inhibitor 6', 0.05, 'uM')]",G1,-0.1335708260182513,1028,3486,Microtubule inhibitor
NCI-H23,plate1,Tubulin inhibitor 6,"[('Tubulin inhibitor 6', 0.05, 'uM')]",S,0.34112660907039444,1028,3486,Microtubule inhibitor
NCI-H23,plate1,Tubulin inhibitor 6,"[('Tubulin inhibitor 6', 0.05, 'uM')]",G2M,-0.07593691818105267,1028,3486,Microtubule inhibitor
NCI-H23,plate1,palbociclib,"[('palbociclib', 0.05, 'uM')]",G1,-0.018071747362852664,768,3486,CDK inhibitor
NCI-H23,plate1,palbociclib,"[('palbociclib', 0.05, 'uM')]",S,0.14179961543901634,768,3486,CDK inhibitor
NCI-H23,plate1,palbociclib,"[('palbociclib', 0.05, 'uM')]",G2M,-0.06989903630875376,768,3486,CDK inhibitor
NCI-H23,plate1,vincristine,"[('vincristine', 0.05, 'uM')]",G1,-0.542805771126774,763,3486,Microtubule inhibitor
NCI-H23,plate1,vincristine,"[('vincristine', 0.05, 'uM')]",S,0.3667002437152562,763,3486,Microtubule inhibitor
NCI-H23,plate1,vincristine,"[('vincristine', 0.05, 'uM')]",G2M,0.37924727855394125,763,3486,Microtubule inhibitor
NCI-H23,plate10,Belinostat,"[('Belinostat', 0.05, 'uM')]",G1,-0.4927988438218324,1208,3499,HDAC inhibitor
NCI-H23,plate10,Belinostat,"[('Belinostat', 0.05, 'uM')]",S,0.41601192119807334,1208,3499,HDAC inhibitor
NCI-H23,plate10,Belinostat,"[('Belinostat', 0.05, 'uM')]",G2M,0.35538278552766833,1208,3499,HDAC inhibitor
NCI-H23,plate10,Carbamazepine,"[('Carbamazepine', 0.05, 'uM')]",G1,-0.13676826878669157,1034,3499,HDAC inhibitor
NCI-H23,plate10,Carbamazepine,"[('Carbamazepine', 0.05, 'uM')]",S,-0.13303805574356858,1034,3499,HDAC inhibitor
NCI-H23,plate10,Carbamazepine,"[('Carbamazepine', 0.05, 'uM')]",G2M,0.2160081891571915,1034,3499,HDAC inhibitor
NCI-H23,plate10,Panobinostat,"[('Panobinostat', 0.05, 'uM')]",G1,-0.6836914730813545,1344,3499,HDAC inhibitor
NCI-H23,plate10,Panobinostat,"[('Panobinostat', 0.05, 'uM')]",S,-0.14147872261770547,1344,3499,HDAC inhibitor
NCI-H23,plate10,Panobinostat,"[('Panobinostat', 0.05, 'uM')]",G2M,0.8037054574298349,1344,3499,HDAC inhibitor
NCI-H23,plate11,Belinostat,"[('Belinostat', 0.5, 'uM')]",G1,-0.577973769742781,583,3092,HDAC inhibitor
NCI-H23,plate11,Belinostat,"[('Belinostat', 0.5, 'uM')]",S,-0.009364270193124342,583,3092,HDAC inhibitor
NCI-H23,plate11,Belinostat,"[('Belinostat', 0.5, 'uM')]",G2M,0.5804255934312283,583,3092,HDAC inhibitor
NCI-H23,plate11,Carbamazepine,"[('Carbamazepine', 0.5, 'uM')]",G1,0.1569482120525146,1035,3092,HDAC inhibitor
NCI-H23,plate11,Carbamazepine,"[('Carbamazepine', 0.5, 'uM')]",S,0.10447307884070905,1035,3092,HDAC inhibitor
NCI-H23,plate11,Carbamazepine,"[('Carbamazepine', 0.5, 'uM')]",G2M,-0.23400969834547927,1035,3092,HDAC inhibitor
NCI-H23,plate11,Panobinostat,"[('Panobinostat', 0.5, 'uM')]",G1,-2.659292990224695,757,3092,HDAC inhibitor
NCI-H23,plate11,Panobinostat,"[('Panobinostat', 0.5, 'uM')]",S,0.6763335278104514,757,3092,HDAC inhibitor
NCI-H23,plate11,Panobinostat,"[('Panobinostat', 0.5, 'uM')]",G2M,1.550442263894766,757,3092,HDAC inhibitor
NCI-H23,plate12,Belinostat,"[('Belinostat', 5.0, 'uM')]",G1,-2.409769152508132,1065,2813,HDAC inhibitor
NCI-H23,plate12,Belinostat,"[('Belinostat', 5.0, 'uM')]",S,0.7918645055805785,1065,2813,HDAC inhibitor
NCI-H23,plate12,Belinostat,"[('Belinostat', 5.0, 'uM')]",G2M,1.3855351370811781,1065,2813,HDAC inhibitor
NCI-H23,plate12,Carbamazepine,"[('Carbamazepine', 5.0, 'uM')]",G1,-0.051113705702221554,972,2813,HDAC inhibitor
NCI-H23,plate12,Carbamazepine,"[('Carbamazepine', 5.0, 'uM')]",S,0.06722176303005196,972,2813,HDAC inhibitor
NCI-H23,plate12,Carbamazepine,"[('Carbamazepine', 5.0, 'uM')]",G2M,0.014118676903142034,972,2813,HDAC inhibitor
NCI-H23,plate12,Panobinostat,"[('Panobinostat', 5.0, 'uM')]",G1,-2.602230098602126,808,2813,HDAC inhibitor
NCI-H23,plate12,Panobinostat,"[('Panobinostat', 5.0, 'uM')]",S,0.5999788349108425,808,2813,HDAC inhibitor
NCI-H23,plate12,Panobinostat,"[('Panobinostat', 5.0, 'uM')]",G2M,1.6359413996727683,808,2813,HDAC inhibitor
NCI-H23,plate13,Abemaciclib,"[('Abemaciclib', 0.05, 'uM')]",G1,-0.1795174793786012,1797,1597,CDK inhibitor
NCI-H23,plate13,Abemaciclib,"[('Abemaciclib', 0.05, 'uM')]",S,0.5085516459724777,1797,1597,CDK inhibitor
NCI-H23,plate13,Abemaciclib,"[('Abemaciclib', 0.05, 'uM')]",G2M,-0.15049001124876604,1797,1597,CDK inhibitor
NCI-H23,plate13,Ribociclib,"[('Ribociclib', 0.05, 'uM')]",G1,0.34292513056013335,1632,1597,CDK inhibitor
NCI-H23,plate13,Ribociclib,"[('Ribociclib', 0.05, 'uM')]",S,-0.3794978881077645,1632,1597,CDK inhibitor
NCI-H23,plate13,Ribociclib,"[('Ribociclib', 0.05, 'uM')]",G2M,-0.1719977047729037,1632,1597,CDK inhibitor
NCI-H23,plate13,Ribociclib,"[('Ribociclib', 0.5, 'uM')]",G1,0.13138738895366453,1337,1597,CDK inhibitor
NCI-H23,plate13,Ribociclib,"[('Ribociclib', 0.5, 'uM')]",S,-0.2459041172106953,1337,1597,CDK inhibitor
NCI-H23,plate13,Ribociclib,"[('Ribociclib', 0.5, 'uM')]",G2M,-0.0044059684752934085,1337,1597,CDK inhibitor
NCI-H23,plate13,Ribociclib,"[('Ribociclib', 5.0, 'uM')]",G1,0.10964032536685278,1723,1597,CDK inhibitor
NCI-H23,plate13,Ribociclib,"[('Ribociclib', 5.0, 'uM')]",S,-0.16275278639422366,1723,1597,CDK inhibitor
NCI-H23,plate13,Ribociclib,"[('Ribociclib', 5.0, 'uM')]",G2M,-0.026716593420279048,1723,1597,CDK inhibitor
NCI-H23,plate14,Docetaxel,"[('Docetaxel', 5.0, 'uM')]",G1,-0.5056325597252275,1598,2204,Microtubule inhibitor
NCI-H23,plate14,Docetaxel,"[('Docetaxel', 5.0, 'uM')]",S,0.2357020722008852,1598,2204,Microtubule inhibitor
NCI-H23,plate14,Docetaxel,"[('Docetaxel', 5.0, 'uM')]",G2M,0.44009097556292215,1598,2204,Microtubule inhibitor
NCI-H23,plate14,Tucidinostat,"[('Tucidinostat', 5.0, 'uM')]",G1,-0.1282597591552693,1649,2204,HDAC inhibitor
NCI-H23,plate14,Tucidinostat,"[('Tucidinostat', 5.0, 'uM')]",S,0.13559534945625498,1649,2204,HDAC inhibitor
NCI-H23,plate14,Tucidinostat,"[('Tucidinostat', 5.0, 'uM')]",G2M,0.055017252716105025,1649,2204,HDAC inhibitor
NCI-H23,plate14,Vinblastine (sulfate),"[('Vinblastine (sulfate)', 5.0, 'uM')]",G1,-0.06946275038855007,1423,2204,Microtubule inhibitor
NCI-H23,plate14,Vinblastine (sulfate),"[('Vinblastine (sulfate)', 5.0, 'uM')]",S,0.016937172714709122,1423,2204,Microtubule inhibitor
NCI-H23,plate14,Vinblastine (sulfate),"[('Vinblastine (sulfate)', 5.0, 'uM')]",G2M,0.07805639460957033,1423,2204,Microtubule inhibitor
NCI-H23,plate2,Abemaciclib,"[('Abemaciclib', 0.5, 'uM')]",G1,-0.9150137741270885,1862,5251,CDK inhibitor
NCI-H23,plate2,Abemaciclib,"[('Abemaciclib', 0.5, 'uM')]",S,1.099620858350707,1862,5251,CDK inhibitor
NCI-H23,plate2,Abemaciclib,"[('Abemaciclib', 0.5, 'uM')]",G2M,0.11842280698210786,1862,5251,CDK inhibitor
NCI-H23,plate2,Paclitaxel,"[('Paclitaxel', 0.5, 'uM')]",G1,0.026205040190925212,2681,5251,Microtubule inhibitor
NCI-H23,plate2,Paclitaxel,"[('Paclitaxel', 0.5, 'uM')]",S,0.07566296789562342,2681,5251,Microtubule inhibitor
NCI-H23,plate2,Paclitaxel,"[('Paclitaxel', 0.5, 'uM')]",G2M,-0.09722049756330185,2681,5251,Microtubule inhibitor
NCI-H23,plate2,Tubulin inhibitor 6,"[('Tubulin inhibitor 6', 0.5, 'uM')]",G1,0.0703091368289711,2712,5251,Microtubule inhibitor
NCI-H23,plate2,Tubulin inhibitor 6,"[('Tubulin inhibitor 6', 0.5, 'uM')]",S,0.09973159991973066,2712,5251,Microtubule inhibitor
NCI-H23,plate2,Tubulin inhibitor 6,"[('Tubulin inhibitor 6', 0.5, 'uM')]",G2M,-0.17903692910677996,2712,5251,Microtubule inhibitor
NCI-H23,plate2,palbociclib,"[('palbociclib', 0.5, 'uM')]",G1,0.7965003793271105,1518,5251,CDK inhibitor
NCI-H23,plate2,palbociclib,"[('palbociclib', 0.5, 'uM')]",S,-0.6256792196119965,1518,5251,CDK inhibitor
NCI-H23,plate2,palbociclib,"[('palbociclib', 0.5, 'uM')]",G2M,-0.6140796158443937,1518,5251,CDK inhibitor
NCI-H23,plate2,vincristine,"[('vincristine', 0.5, 'uM')]",G1,-0.3245733911597372,693,5251,Microtubule inhibitor
NCI-H23,plate2,vincristine,"[('vincristine', 0.5, 'uM')]",S,0.1595296407783298,693,5251,Microtubule inhibitor
NCI-H23,plate2,vincristine,"[('vincristine', 0.5, 'uM')]",G2M,0.28933233295303945,693,5251,Microtubule inhibitor
NCI-H23,plate3,Abemaciclib,"[('Abemaciclib', 5.0, 'uM')]",G1,-1.1407897244664296,1003,1787,CDK inhibitor
NCI-H23,plate3,Abemaciclib,"[('Abemaciclib', 5.0, 'uM')]",S,1.3042352661976444,1003,1787,CDK inhibitor
NCI-H23,plate3,Abemaciclib,"[('Abemaciclib', 5.0, 'uM')]",G2M,0.058912018865308606,1003,1787,CDK inhibitor
NCI-H23,plate3,Paclitaxel,"[('Paclitaxel', 5.0, 'uM')]",G1,0.2053907296214723,1870,1787,Microtubule inhibitor
NCI-H23,plate3,Paclitaxel,"[('Paclitaxel', 5.0, 'uM')]",S,-0.19543781082646167,1870,1787,Microtubule inhibitor
NCI-H23,plate3,Paclitaxel,"[('Paclitaxel', 5.0, 'uM')]",G2M,-0.10444798074934053,1870,1787,Microtubule inhibitor
NCI-H23,plate3,Tubulin inhibitor 6,"[('Tubulin inhibitor 6', 5.0, 'uM')]",G1,0.2888210900752909,627,1787,Microtubule inhibitor
NCI-H23,plate3,Tubulin inhibitor 6,"[('Tubulin inhibitor 6', 5.0, 'uM')]",S,-0.4026777668013036,627,1787,Microtubule inhibitor
NCI-H23,plate3,Tubulin inhibitor 6,"[('Tubulin inhibitor 6', 5.0, 'uM')]",G2M,-0.06285571484955688,627,1787,Microtubule inhibitor
NCI-H23,plate3,palbociclib,"[('palbociclib', 5.0, 'uM')]",G1,0.8710290032753908,711,1787,CDK inhibitor
NCI-H23,plate3,palbociclib,"[('palbociclib', 5.0, 'uM')]",S,-1.311077217115683,711,1787,CDK inhibitor
NCI-H23,plate3,palbociclib,"[('palbociclib', 5.0, 'uM')]",G2M,-0.2822224601621443,711,1787,CDK inhibitor
NCI-H23,plate3,vincristine,"[('vincristine', 5.0, 'uM')]",G1,-0.5394214011347713,520,1787,Microtubule inhibitor
NCI-H23,plate3,vincristine,"[('vincristine', 5.0, 'uM')]",S,-0.11438563328636342,520,1787,Microtubule inhibitor
NCI-H23,plate3,vincristine,"[('vincristine', 5.0, 'uM')]",G2M,0.665052212893888,520,1787,Microtubule inhibitor
NCI-H23,plate4,Docetaxel,"[('Docetaxel', 0.05, 'uM')]",G1,-1.271532940078806,460,3833,Microtubule inhibitor
NCI-H23,plate4,Docetaxel,"[('Docetaxel', 0.05, 'uM')]",S,-0.09279072145117404,460,3833,Microtubule inhibitor
NCI-H23,plate4,Docetaxel,"[('Docetaxel', 0.05, 'uM')]",G2M,1.4310906996754165,460,3833,Microtubule inhibitor
NCI-H23,plate4,Tucidinostat,"[('Tucidinostat', 0.05, 'uM')]",G1,0.10840230142738386,1756,3833,HDAC inhibitor
NCI-H23,plate4,Tucidinostat,"[('Tucidinostat', 0.05, 'uM')]",S,-0.09372611996601904,1756,3833,HDAC inhibitor
NCI-H23,plate4,Tucidinostat,"[('Tucidinostat', 0.05, 'uM')]",G2M,-0.07456501035981998,1756,3833,HDAC inhibitor
NCI-H23,plate4,Vinblastine (sulfate),"[('Vinblastine (sulfate)', 0.05, 'uM')]",G1,-0.8518568877144819,1574,3833,Microtubule inhibitor
NCI-H23,plate4,Vinblastine (sulfate),"[('Vinblastine (sulfate)', 0.05, 'uM')]",S,0.7645530259524154,1574,3833,Microtubule inhibitor
NCI-H23,plate4,Vinblastine (sulfate),"[('Vinblastine (sulfate)', 0.05, 'uM')]",G2M,0.46271034334409655,1574,3833,Microtubule inhibitor
NCI-H23,plate5,Docetaxel,"[('Docetaxel', 0.5, 'uM')]",G1,-0.7014183538981521,1354,4179,Microtubule inhibitor
NCI-H23,plate5,Docetaxel,"[('Docetaxel', 0.5, 'uM')]",S,0.22049525536876555,1354,4179,Microtubule inhibitor
NCI-H23,plate5,Docetaxel,"[('Docetaxel', 0.5, 'uM')]",G2M,0.6342335681623769,1354,4179,Microtubule inhibitor
NCI-H23,plate5,Tucidinostat,"[('Tucidinostat', 0.5, 'uM')]",G1,0.1090696966491969,1329,4179,HDAC inhibitor
NCI-H23,plate5,Tucidinostat,"[('Tucidinostat', 0.5, 'uM')]",S,-0.043939550203550844,1329,4179,HDAC inhibitor
NCI-H23,plate5,Tucidinostat,"[('Tucidinostat', 0.5, 'uM')]",G2M,-0.10050233898837878,1329,4179,HDAC inhibitor
NCI-H23,plate5,Vinblastine (sulfate),"[('Vinblastine (sulfate)', 0.5, 'uM')]",G1,-0.268818793288428,565,4179,Microtubule inhibitor
NCI-H23,plate5,Vinblastine (sulfate),"[('Vinblastine (sulfate)', 0.5, 'uM')]",S,0.07455886491470283,565,4179,Microtubule inhibitor
NCI-H23,plate5,Vinblastine (sulfate),"[('Vinblastine (sulfate)', 0.5, 'uM')]",G2M,0.2671187826460706,565,4179,Microtubule inhibitor
NCI-H23,plate6,Docetaxel,"[('Docetaxel', 5.0, 'uM')]",G1,-0.2650572148454903,757,4641,Microtubule inhibitor
NCI-H23,plate6,Docetaxel,"[('Docetaxel', 5.0, 'uM')]",S,0.1061594079185375,757,4641,Microtubule inhibitor
NCI-H23,plate6,Docetaxel,"[('Docetaxel', 5.0, 'uM')]",G2M,0.2549947249320997,757,4641,Microtubule inhibitor
NCI-H23,plate6,Tucidinostat,"[('Tucidinostat', 5.0, 'uM')]",G1,0.12171113195948378,1309,4641,HDAC inhibitor
NCI-H23,plate6,Tucidinostat,"[('Tucidinostat', 5.0, 'uM')]",S,-0.5444273986151607,1309,4641,HDAC inhibitor
NCI-H23,plate6,Tucidinostat,"[('Tucidinostat', 5.0, 'uM')]",G2M,0.18092628548681025,1309,4641,HDAC inhibitor
NCI-H23,plate6,Vinblastine (sulfate),"[('Vinblastine (sulfate)', 5.0, 'uM')]",G1,-0.2169648601692221,790,4641,Microtubule inhibitor
NCI-H23,plate6,Vinblastine (sulfate),"[('Vinblastine (sulfate)', 5.0, 'uM')]",S,0.07122227961183324,790,4641,Microtubule inhibitor
NCI-H23,plate6,Vinblastine (sulfate),"[('Vinblastine (sulfate)', 5.0, 'uM')]",G2M,0.22122680192904814,790,4641,Microtubule inhibitor
NCI-H23,plate7,Docetaxel (Trihydrate),"[('Docetaxel (Trihydrate)', 0.05, 'uM')]",G1,-0.5314823823603373,565,1644,Microtubule inhibitor
NCI-H23,plate7,Docetaxel (Trihydrate),"[('Docetaxel (Trihydrate)', 0.05, 'uM')]",S,-0.15332626840746963,565,1644,Microtubule inhibitor
NCI-H23,plate7,Docetaxel (Trihydrate),"[('Docetaxel (Trihydrate)', 0.05, 'uM')]",G2M,0.5889424457764217,565,1644,Microtubule inhibitor
NCI-H23,plate7,Mebendazole,"[('Mebendazole', 0.05, 'uM')]",G1,0.17908451037886464,1089,1644,Microtubule inhibitor
NCI-H23,plate7,Mebendazole,"[('Mebendazole', 0.05, 'uM')]",S,-0.29405918403763914,1089,1644,Microtubule inhibitor
NCI-H23,plate7,Mebendazole,"[('Mebendazole', 0.05, 'uM')]",G2M,-0.000658448224474489,1089,1644,Microtubule inhibitor
NCI-H23,plate8,Dinaciclib,"[('Dinaciclib', 0.5, 'uM')]",G1,-0.9392116680940895,56,3288,CDK inhibitor
NCI-H23,plate8,Dinaciclib,"[('Dinaciclib', 0.5, 'uM')]",S,-0.0370262850503046,56,3288,CDK inhibitor
NCI-H23,plate8,Dinaciclib,"[('Dinaciclib', 0.5, 'uM')]",G2M,1.0747264801551137,56,3288,CDK inhibitor
NCI-H23,plate8,Docetaxel (Trihydrate),"[('Docetaxel (Trihydrate)', 0.5, 'uM')]",G1,-0.9797102914530615,745,3288,Microtubule inhibitor
NCI-H23,plate8,Docetaxel (Trihydrate),"[('Docetaxel (Trihydrate)', 0.5, 'uM')]",S,-0.09993920492627531,745,3288,Microtubule inhibitor
NCI-H23,plate8,Docetaxel (Trihydrate),"[('Docetaxel (Trihydrate)', 0.5, 'uM')]",G2M,1.0955149528262589,745,3288,Microtubule inhibitor
NCI-H23,plate8,Mebendazole,"[('Mebendazole', 0.5, 'uM')]",G1,-0.9148381115601739,872,3288,Microtubule inhibitor
NCI-H23,plate8,Mebendazole,"[('Mebendazole', 0.5, 'uM')]",S,0.01480589779236229,872,3288,Microtubule inhibitor
NCI-H23,plate8,Mebendazole,"[('Mebendazole', 0.5, 'uM')]",G2M,0.9790198726023823,872,3288,Microtubule inhibitor
NCI-H23,plate9,Docetaxel (Trihydrate),"[('Docetaxel (Trihydrate)', 5.0, 'uM')]",G1,-0.6941547173389941,596,2243,Microtubule inhibitor
NCI-H23,plate9,Docetaxel (Trihydrate),"[('Docetaxel (Trihydrate)', 5.0, 'uM')]",S,-0.19188744123165763,596,2243,Microtubule inhibitor
NCI-H23,plate9,Docetaxel (Trihydrate),"[('Docetaxel (Trihydrate)', 5.0, 'uM')]",G2M,0.7457391372274903,596,2243,Microtubule inhibitor
NCI-H23,plate9,Mebendazole,"[('Mebendazole', 5.0, 'uM')]",G1,-0.5737636102307402,1711,2243,Microtubule inhibitor
NCI-H23,plate9,Mebendazole,"[('Mebendazole', 5.0, 'uM')]",S,-0.31202766858585484,1711,2243,Microtubule inhibitor
NCI-H23,plate9,Mebendazole,"[('Mebendazole', 5.0, 'uM')]",G2M,0.7073584471383285,1711,2243,Microtubule inhibitor
NCI-H2347,plate1,Paclitaxel,"[('Paclitaxel', 0.05, 'uM')]",G1,0.095477094226311,1900,4078,Microtubule inhibitor
NCI-H2347,plate1,Paclitaxel,"[('Paclitaxel', 0.05, 'uM')]",S,-0.40268442176990965,1900,4078,Microtubule inhibitor
NCI-H2347,plate1,Paclitaxel,"[('Paclitaxel', 0.05, 'uM')]",G2M,-0.05684915924835855,1900,4078,Microtubule inhibitor
NCI-H2347,plate1,Tubulin inhibitor 6,"[('Tubulin inhibitor 6', 0.05, 'uM')]",G1,-0.19838858044724497,1399,4078,Microtubule inhibitor
NCI-H2347,plate1,Tubulin inhibitor 6,"[('Tubulin inhibitor 6', 0.05, 'uM')]",S,-0.34428981569185857,1399,4078,Microtubule inhibitor
NCI-H2347,plate1,Tubulin inhibitor 6,"[('Tubulin inhibitor 6', 0.05, 'uM')]",G2M,0.2390275026222266,1399,4078,Microtubule inhibitor
NCI-H2347,plate1,palbociclib,"[('palbociclib', 0.05, 'uM')]",G1,0.0774794289427242,1130,4078,CDK inhibitor
NCI-H2347,plate1,palbociclib,"[('palbociclib', 0.05, 'uM')]",S,-0.24450422007265496,1130,4078,CDK inhibitor
NCI-H2347,plate1,palbociclib,"[('palbociclib', 0.05, 'uM')]",G2M,-0.05193645601784868,1130,4078,CDK inhibitor
NCI-H2347,plate1,vincristine,"[('vincristine', 0.05, 'uM')]",G1,-0.2544793826252835,1456,4078,Microtubule inhibitor
NCI-H2347,plate1,vincristine,"[('vincristine', 0.05, 'uM')]",S,-0.21558383951241775,1456,4078,Microtubule inhibitor
NCI-H2347,plate1,vincristine,"[('vincristine', 0.05, 'uM')]",G2M,0.2843963951626085,1456,4078,Microtubule inhibitor
NCI-H2347,plate10,Belinostat,"[('Belinostat', 0.05, 'uM')]",G1,-0.689354506809942,1596,3540,HDAC inhibitor
NCI-H2347,plate10,Belinostat,"[('Belinostat', 0.05, 'uM')]",S,1.2071192031748872,1596,3540,HDAC inhibitor
NCI-H2347,plate10,Belinostat,"[('Belinostat', 0.05, 'uM')]",G2M,0.6201757645942938,1596,3540,HDAC inhibitor
NCI-H2347,plate10,Carbamazepine,"[('Carbamazepine', 0.05, 'uM')]",G1,-0.36505930010056564,1496,3540,HDAC inhibitor
NCI-H2347,plate10,Carbamazepine,"[('Carbamazepine', 0.05, 'uM')]",S,0.997744331859089,1496,3540,HDAC inhibitor
NCI-H2347,plate10,Carbamazepine,"[('Carbamazepine', 0.05, 'uM')]",G2M,0.30686678137991935,1496,3540,HDAC inhibitor
NCI-H2347,plate10,Panobinostat,"[('Panobinostat', 0.05, 'uM')]",G1,-0.6118469026891946,1951,3540,HDAC inhibitor
NCI-H2347,plate10,Panobinostat,"[('Panobinostat', 0.05, 'uM')]",S,0.5085402499212852,1951,3540,HDAC inhibitor
NCI-H2347,plate10,Panobinostat,"[('Panobinostat', 0.05, 'uM')]",G2M,0.5959782115393442,1951,3540,HDAC inhibitor
NCI-H2347,plate11,Belinostat,"[('Belinostat', 0.5, 'uM')]",G1,-0.43641888212434793,982,3624,HDAC inhibitor
NCI-H2347,plate11,Belinostat,"[('Belinostat', 0.5, 'uM')]",S,0.18442641847214217,982,3624,HDAC inhibitor
NCI-H2347,plate11,Belinostat,"[('Belinostat', 0.5, 'uM')]",G2M,0.39775686889959777,982,3624,HDAC inhibitor
NCI-H2347,plate11,Carbamazepine,"[('Carbamazepine', 0.5, 'uM')]",G1,0.03789069041846476,1300,3624,HDAC inhibitor
NCI-H2347,plate11,Carbamazepine,"[('Carbamazepine', 0.5, 'uM')]",S,-0.19245124460084567,1300,3624,HDAC inhibitor
NCI-H2347,plate11,Carbamazepine,"[('Carbamazepine', 0.5, 'uM')]",G2M,0.0003870611441483367,1300,3624,HDAC inhibitor
NCI-H2347,plate11,Panobinostat,"[('Panobinostat', 0.5, 'uM')]",G1,-0.8781583090098338,1788,3624,HDAC inhibitor
NCI-H2347,plate11,Panobinostat,"[('Panobinostat', 0.5, 'uM')]",S,0.757728376645462,1788,3624,HDAC inhibitor
NCI-H2347,plate11,Panobinostat,"[('Panobinostat', 0.5, 'uM')]",G2M,0.6629671176161014,1788,3624,HDAC inhibitor
NCI-H2347,plate12,Belinostat,"[('Belinostat', 5.0, 'uM')]",G1,-1.4935498221475187,2543,3435,HDAC inhibitor
NCI-H2347,plate12,Belinostat,"[('Belinostat', 5.0, 'uM')]",S,1.830405692734204,2543,3435,HDAC inhibitor
NCI-H2347,plate12,Belinostat,"[('Belinostat', 5.0, 'uM')]",G2M,1.1690729454128888,2543,3435,HDAC inhibitor
NCI-H2347,plate12,Carbamazepine,"[('Carbamazepine', 5.0, 'uM')]",G1,0.1921928133276594,1064,3435,HDAC inhibitor
NCI-H2347,plate12,Carbamazepine,"[('Carbamazepine', 5.0, 'uM')]",S,0.10729480187485801,1064,3435,HDAC inhibitor
NCI-H2347,plate12,Carbamazepine,"[('Carbamazepine', 5.0, 'uM')]",G2M,-0.2037096633943515,1064,3435,HDAC inhibitor
NCI-H2347,plate12,Panobinostat,"[('Panobinostat', 5.0, 'uM')]",G1,-1.4885593660374403,1666,3435,HDAC inhibitor
NCI-H2347,plate12,Panobinostat,"[('Panobinostat', 5.0, 'uM')]",S,2.1508363922218936,1666,3435,HDAC inhibitor
NCI-H2347,plate12,Panobinostat,"[('Panobinostat', 5.0, 'uM')]",G2M,1.0672927301543451,1666,3435,HDAC inhibitor
NCI-H2347,plate13,Abemaciclib,"[('Abemaciclib', 0.05, 'uM')]",G1,0.1683901216145522,1862,2707,CDK inhibitor
NCI-H2347,plate13,Abemaciclib,"[('Abemaciclib', 0.05, 'uM')]",S,0.004206576468468749,1862,2707,CDK inhibitor
NCI-H2347,plate13,Abemaciclib,"[('Abemaciclib', 0.05, 'uM')]",G2M,-0.17282227290386803,1862,2707,CDK inhibitor
NCI-H2347,plate13,Ribociclib,"[('Ribociclib', 0.05, 'uM')]",G1,0.25071133633381754,2253,2707,CDK inhibitor
NCI-H2347,plate13,Ribociclib,"[('Ribociclib', 0.05, 'uM')]",S,0.12703725641455096,2253,2707,CDK inhibitor
NCI-H2347,plate13,Ribociclib,"[('Ribociclib', 0.05, 'uM')]",G2M,-0.2715753179445841,2253,2707,CDK inhibitor
NCI-H2347,plate13,Ribociclib,"[('Ribociclib', 0.5, 'uM')]",G1,0.2011053991795471,1820,2707,CDK inhibitor
NCI-H2347,plate13,Ribociclib,"[('Ribociclib', 0.5, 'uM')]",S,0.1029683080047746,1820,2707,CDK inhibitor
NCI-H2347,plate13,Ribociclib,"[('Ribociclib', 0.5, 'uM')]",G2M,-0.21714622346614876,1820,2707,CDK inhibitor
NCI-H2347,plate13,Ribociclib,"[('Ribociclib', 5.0, 'uM')]",G1,0.1581902701311275,2336,2707,CDK inhibitor
NCI-H2347,plate13,Ribociclib,"[('Ribociclib', 5.0, 'uM')]",S,0.12326784921308322,2336,2707,CDK inhibitor
NCI-H2347,plate13,Ribociclib,"[('Ribociclib', 5.0, 'uM')]",G2M,-0.17545363186273785,2336,2707,CDK inhibitor
NCI-H2347,plate14,Docetaxel,"[('Docetaxel', 5.0, 'uM')]",G1,-0.07384749608297062,1934,1860,Microtubule inhibitor
NCI-H2347,plate14,Docetaxel,"[('Docetaxel', 5.0, 'uM')]",S,-0.724271035634009,1934,1860,Microtubule inhibitor
NCI-H2347,plate14,Docetaxel,"[('Docetaxel', 5.0, 'uM')]",G2M,0.1933542692606475,1934,1860,Microtubule inhibitor
NCI-H2347,plate14,Tucidinostat,"[('Tucidinostat', 5.0, 'uM')]",G1,-0.09831151621458904,1724,1860,HDAC inhibitor
NCI-H2347,plate14,Tucidinostat,"[('Tucidinostat', 5.0, 'uM')]",S,-0.32142478858110185,1724,1860,HDAC inhibitor
NCI-H2347,plate14,Tucidinostat,"[('Tucidinostat', 5.0, 'uM')]",G2M,0.1627897512270047,1724,1860,HDAC inhibitor
NCI-H2347,plate14,Vinblastine (sulfate),"[('Vinblastine (sulfate)', 5.0, 'uM')]",G1,-0.12298739453747891,2016,1860,Microtubule inhibitor
NCI-H2347,plate14,Vinblastine (sulfate),"[('Vinblastine (sulfate)', 5.0, 'uM')]",S,-0.5312313013787819,2016,1860,Microtubule inhibitor
NCI-H2347,plate14,Vinblastine (sulfate),"[('Vinblastine (sulfate)', 5.0, 'uM')]",G2M,0.21944188013069127,2016,1860,Microtubule inhibitor
NCI-H2347,plate2,Abemaciclib,"[('Abemaciclib', 0.5, 'uM')]",G1,-0.5600165641553402,2316,5342,CDK inhibitor
NCI-H2347,plate2,Abemaciclib,"[('Abemaciclib', 0.5, 'uM')]",S,0.7245534094154338,2316,5342,CDK inhibitor
NCI-H2347,plate2,Abemaciclib,"[('Abemaciclib', 0.5, 'uM')]",G2M,0.43644227017467946,2316,5342,CDK inhibitor
NCI-H2347,plate2,Paclitaxel,"[('Paclitaxel', 0.5, 'uM')]",G1,-0.36284351689876476,3499,5342,Microtubule inhibitor
NCI-H2347,plate2,Paclitaxel,"[('Paclitaxel', 0.5, 'uM')]",S,0.09550315441611537,3499,5342,Microtubule inhibitor
NCI-H2347,plate2,Paclitaxel,"[('Paclitaxel', 0.5, 'uM')]",G2M,0.36849762460185126,3499,5342,Microtubule inhibitor
NCI-H2347,plate2,Tubulin inhibitor 6,"[('Tubulin inhibitor 6', 0.5, 'uM')]",G1,-0.43983170912240954,2959,5342,Microtubule inhibitor
NCI-H2347,plate2,Tubulin inhibitor 6,"[('Tubulin inhibitor 6', 0.5, 'uM')]",S,0.07819925832851948,2959,5342,Microtubule inhibitor
NCI-H2347,plate2,Tubulin inhibitor 6,"[('Tubulin inhibitor 6', 0.5, 'uM')]",G2M,0.45257190573289185,2959,5342,Microtubule inhibitor
NCI-H2347,plate2,palbociclib,"[('palbociclib', 0.5, 'uM')]",G1,0.35652037352814203,1826,5342,CDK inhibitor
NCI-H2347,plate2,palbociclib,"[('palbociclib', 0.5, 'uM')]",S,-0.9860418001227844,1826,5342,CDK inhibitor
NCI-H2347,plate2,palbociclib,"[('palbociclib', 0.5, 'uM')]",G2M,-0.2338554624983926,1826,5342,CDK inhibitor
NCI-H2347,plate2,vincristine,"[('vincristine', 0.5, 'uM')]",G1,-0.6065127124238489,960,5342,Microtubule inhibitor
NCI-H2347,plate2,vincristine,"[('vincristine', 0.5, 'uM')]",S,0.4957271772103079,960,5342,Microtubule inhibitor
NCI-H2347,plate2,vincristine,"[('vincristine', 0.5, 'uM')]",G2M,0.5443421559461331,960,5342,Microtubule inhibitor
NCI-H2347,plate3,Abemaciclib,"[('Abemaciclib', 5.0, 'uM')]",G1,-0.2692789727362292,1414,3106,CDK inhibitor
NCI-H2347,plate3,Abemaciclib,"[('Abemaciclib', 5.0, 'uM')]",S,0.18490798643810055,1414,3106,CDK inhibitor
NCI-H2347,plate3,Abemaciclib,"[('Abemaciclib', 5.0, 'uM')]",G2M,0.23343682988319592,1414,3106,CDK inhibitor
NCI-H2347,plate3,Paclitaxel,"[('Paclitaxel', 5.0, 'uM')]",G1,-0.24502608550120036,2757,3106,Microtubule inhibitor
NCI-H2347,plate3,Paclitaxel,"[('Paclitaxel', 5.0, 'uM')]",S,-0.7041277910625995,2757,3106,Microtubule inhibitor
NCI-H2347,plate3,Paclitaxel,"[('Paclitaxel', 5.0, 'uM')]",G2M,0.412709696240039,2757,3106,Microtubule inhibitor
NCI-H2347,plate3,Tubulin inhibitor 6,"[('Tubulin inhibitor 6', 5.0, 'uM')]",G1,-0.13042714069237651,1091,3106,Microtubule inhibitor
NCI-H2347,plate3,Tubulin inhibitor 6,"[('Tubulin inhibitor 6', 5.0, 'uM')]",S,-0.16338100281064646,1091,3106,Microtubule inhibitor
NCI-H2347,plate3,Tubulin inhibitor 6,"[('Tubulin inhibitor 6', 5.0, 'uM')]",G2M,0.18367056668927687,1091,3106,Microtubule inhibitor
NCI-H2347,plate3,palbociclib,"[('palbociclib', 5.0, 'uM')]",G1,0.8349774176116495,1357,3106,CDK inhibitor
NCI-H2347,plate3,palbociclib,"[('palbociclib', 5.0, 'uM')]",S,-0.7652729648391552,1357,3106,CDK inhibitor
NCI-H2347,plate3,palbociclib,"[('palbociclib', 5.0, 'uM')]",G2M,-0.721856644285707,1357,3106,CDK inhibitor
NCI-H2347,plate3,vincristine,"[('vincristine', 5.0, 'uM')]",G1,0.02091572112617461,1262,3106,Microtubule inhibitor
NCI-H2347,plate3,vincristine,"[('vincristine', 5.0, 'uM')]",S,-0.47902508637149943,1262,3106,Microtubule inhibitor
NCI-H2347,plate3,vincristine,"[('vincristine', 5.0, 'uM')]",G2M,0.09599251905469297,1262,3106,Microtubule inhibitor
NCI-H2347,plate4,Docetaxel,"[('Docetaxel', 0.05, 'uM')]",G1,-1.2152109815233645,330,3621,Microtubule inhibitor
NCI-H2347,plate4,Docetaxel,"[('Docetaxel', 0.05, 'uM')]",S,1.1185425758973968,330,3621,Microtubule inhibitor
NCI-H2347,plate4,Docetaxel,"[('Docetaxel', 0.05, 'uM')]",G2M,1.0522584132628208,330,3621,Microtubule inhibitor
NCI-H2347,plate4,Tucidinostat,"[('Tucidinostat', 0.05, 'uM')]",G1,0.12160279003443579,1969,3621,HDAC inhibitor
NCI-H2347,plate4,Tucidinostat,"[('Tucidinostat', 0.05, 'uM')]",S,-0.019092275587803437,1969,3621,HDAC inhibitor
NCI-H2347,plate4,Tucidinostat,"[('Tucidinostat', 0.05, 'uM')]",G2M,-0.12284732115188257,1969,3621,HDAC inhibitor
NCI-H2347,plate4,Vinblastine (sulfate),"[('Vinblastine (sulfate)', 0.05, 'uM')]",G1,-0.24220450088370685,2014,3621,Microtubule inhibitor
NCI-H2347,plate4,Vinblastine (sulfate),"[('Vinblastine (sulfate)', 0.05, 'uM')]",S,0.0008742595235914291,2014,3621,Microtubule inhibitor
NCI-H2347,plate4,Vinblastine (sulfate),"[('Vinblastine (sulfate)', 0.05, 'uM')]",G2M,0.2493491171466538,2014,3621,Microtubule inhibitor
NCI-H2347,plate5,Docetaxel,"[('Docetaxel', 0.5, 'uM')]",G1,-0.6992332085107498,1944,3984,Microtubule inhibitor
NCI-H2347,plate5,Docetaxel,"[('Docetaxel', 0.5, 'uM')]",S,-0.7928263927208545,1944,3984,Microtubule inhibitor
NCI-H2347,plate5,Docetaxel,"[('Docetaxel', 0.5, 'uM')]",G2M,0.7877600636057009,1944,3984,Microtubule inhibitor
NCI-H2347,plate5,Tucidinostat,"[('Tucidinostat', 0.5, 'uM')]",G1,-0.15961555757278634,1640,3984,HDAC inhibitor
NCI-H2347,plate5,Tucidinostat,"[('Tucidinostat', 0.5, 'uM')]",S,-0.5432250685300369,1640,3984,HDAC inhibitor
NCI-H2347,plate5,Tucidinostat,"[('Tucidinostat', 0.5, 'uM')]",G2M,0.22210398247485885,1640,3984,HDAC inhibitor
NCI-H2347,plate5,Vinblastine (sulfate),"[('Vinblastine (sulfate)', 0.5, 'uM')]",G1,-0.19253382803643718,1094,3984,Microtubule inhibitor
NCI-H2347,plate5,Vinblastine (sulfate),"[('Vinblastine (sulfate)', 0.5, 'uM')]",S,0.23247111658023695,1094,3984,Microtubule inhibitor
NCI-H2347,plate5,Vinblastine (sulfate),"[('Vinblastine (sulfate)', 0.5, 'uM')]",G2M,0.17222035416153333,1094,3984,Microtubule inhibitor
NCI-H2347,plate6,Docetaxel,"[('Docetaxel', 5.0, 'uM')]",G1,-0.7471258136299244,1186,4272,Microtubule inhibitor
NCI-H2347,plate6,Docetaxel,"[('Docetaxel', 5.0, 'uM')]",S,-0.6771213579872816,1186,4272,Microtubule inhibitor
NCI-H2347,plate6,Docetaxel,"[('Docetaxel', 5.0, 'uM')]",G2M,0.8255122870297473,1186,4272,Microtubule inhibitor
NCI-H2347,plate6,Tucidinostat,"[('Tucidinostat', 5.0, 'uM')]",G1,-0.4685245567275144,1613,4272,HDAC inhibitor
NCI-H2347,plate6,Tucidinostat,"[('Tucidinostat', 5.0, 'uM')]",S,-0.013029998791712983,1613,4272,HDAC inhibitor
NCI-H2347,plate6,Tucidinostat,"[('Tucidinostat', 5.0, 'uM')]",G2M,0.48789980071460093,1613,4272,HDAC inhibitor
NCI-H2347,plate6,Vinblastine (sulfate),"[('Vinblastine (sulfate)', 5.0, 'uM')]",G1,-0.015104407329412073,1298,4272,Microtubule inhibitor
NCI-H2347,plate6,Vinblastine (sulfate),"[('Vinblastine (sulfate)', 5.0, 'uM')]",S,-0.2816621912332644,1298,4272,Microtubule inhibitor
NCI-H2347,plate6,Vinblastine (sulfate),"[('Vinblastine (sulfate)', 5.0, 'uM')]",G2M,0.04735559246332018,1298,4272,Microtubule inhibitor
NCI-H2347,plate7,Dinaciclib,"[('Dinaciclib', 0.05, 'uM')]",G1,-1.8120334467680523,549,2333,CDK inhibitor
NCI-H2347,plate7,Dinaciclib,"[('Dinaciclib', 0.05, 'uM')]",S,2.466975469504643,549,2333,CDK inhibitor
NCI-H2347,plate7,Dinaciclib,"[('Dinaciclib', 0.05, 'uM')]",G2M,0.8011321489893591,549,2333,CDK inhibitor
NCI-H2347,plate7,Docetaxel (Trihydrate),"[('Docetaxel (Trihydrate)', 0.05, 'uM')]",G1,-0.07930982418905888,1136,2333,Microtubule inhibitor
NCI-H2347,plate7,Docetaxel (Trihydrate),"[('Docetaxel (Trihydrate)', 0.05, 'uM')]",S,-0.13505544096329,1136,2333,Microtubule inhibitor
NCI-H2347,plate7,Docetaxel (Trihydrate),"[('Docetaxel (Trihydrate)', 0.05, 'uM')]",G2M,0.09907889867250631,1136,2333,Microtubule inhibitor
NCI-H2347,plate7,Mebendazole,"[('Mebendazole', 0.05, 'uM')]",G1,0.16069644126830504,1556,2333,Microtubule inhibitor
NCI-H2347,plate7,Mebendazole,"[('Mebendazole', 0.05, 'uM')]",S,-0.0582957204419589,1556,2333,Microtubule inhibitor
NCI-H2347,plate7,Mebendazole,"[('Mebendazole', 0.05, 'uM')]",G2M,-0.15279630459313867,1556,2333,Microtubule inhibitor
NCI-H2347,plate8,Dinaciclib,"[('Dinaciclib', 0.5, 'uM')]",G1,-1.171685600805654,1087,4158,CDK inhibitor
NCI-H2347,plate8,Dinaciclib,"[('Dinaciclib', 0.5, 'uM')]",S,2.7280748991448984,1087,4158,CDK inhibitor
NCI-H2347,plate8,Dinaciclib,"[('Dinaciclib', 0.5, 'uM')]",G2M,0.5539872103588788,1087,4158,CDK inhibitor
NCI-H2347,plate8,Docetaxel (Trihydrate),"[('Docetaxel (Trihydrate)', 0.5, 'uM')]",G1,-0.36796259403149634,1880,4158,Microtubule inhibitor
NCI-H2347,plate8,Docetaxel (Trihydrate),"[('Docetaxel (Trihydrate)', 0.5, 'uM')]",S,0.47118600465081856,1880,4158,Microtubule inhibitor
NCI-H2347,plate8,Docetaxel (Trihydrate),"[('Docetaxel (Trihydrate)', 0.5, 'uM')]",G2M,0.32853229648624793,1880,4158,Microtubule inhibitor
NCI-H2347,plate8,Mebendazole,"[('Mebendazole', 0.5, 'uM')]",G1,-0.5024901526053331,1988,4158,Microtubule inhibitor
NCI-H2347,plate8,Mebendazole,"[('Mebendazole', 0.5, 'uM')]",S,0.22471037017681192,1988,4158,Microtubule inhibitor
NCI-H2347,plate8,Mebendazole,"[('Mebendazole', 0.5, 'uM')]",G2M,0.4972752754317904,1988,4158,Microtubule inhibitor
NCI-H2347,plate9,Dinaciclib,"[('Dinaciclib', 5.0, 'uM')]",G1,-1.6759325111915027,515,2785,CDK inhibitor
NCI-H2347,plate9,Dinaciclib,"[('Dinaciclib', 5.0, 'uM')]",S,2.238715857670635,515,2785,CDK inhibitor
NCI-H2347,plate9,Dinaciclib,"[('Dinaciclib', 5.0, 'uM')]",G2M,0.7766985584374142,515,2785,CDK inhibitor
NCI-H2347,plate9,Docetaxel (Trihydrate),"[('Docetaxel (Trihydrate)', 5.0, 'uM')]",G1,-0.22360586338132182,1393,2785,Microtubule inhibitor
NCI-H2347,plate9,Docetaxel (Trihydrate),"[('Docetaxel (Trihydrate)', 5.0, 'uM')]",S,-0.2861779763502553,1393,2785,Microtubule inhibitor
NCI-H2347,plate9,Docetaxel (Trihydrate),"[('Docetaxel (Trihydrate)', 5.0, 'uM')]",G2M,0.2642030773807541,1393,2785,Microtubule inhibitor
NCI-H2347,plate9,Mebendazole,"[('Mebendazole', 5.0, 'uM')]",G1,0.11298504608072574,2564,2785,Microtubule inhibitor
NCI-H2347,plate9,Mebendazole,"[('Mebendazole', 5.0, 'uM')]",S,-0.0011022965539625943,2564,2785,Microtubule inhibitor
NCI-H2347,plate9,Mebendazole,"[('Mebendazole', 5.0, 'uM')]",G2M,-0.11327070972616572,2564,2785,Microtubule inhibitor
NCI-H460,plate1,Paclitaxel,"[('Paclitaxel', 0.05, 'uM')]",G1,0.024201486274068366,4445,9469,Microtubule inhibitor
NCI-H460,plate1,Paclitaxel,"[('Paclitaxel', 0.05, 'uM')]",S,-0.07382108638102325,4445,9469,Microtubule inhibitor
NCI-H460,plate1,Paclitaxel,"[('Paclitaxel', 0.05, 'uM')]",G2M,-0.00653504146653937,4445,9469,Microtubule inhibitor
NCI-H460,plate1,Tubulin inhibitor 6,"[('Tubulin inhibitor 6', 0.05, 'uM')]",G1,-0.271423736994614,3614,9469,Microtubule inhibitor
NCI-H460,plate1,Tubulin inhibitor 6,"[('Tubulin inhibitor 6', 0.05, 'uM')]",S,0.006559279663409505,3614,9469,Microtubule inhibitor
NCI-H460,plate1,Tubulin inhibitor 6,"[('Tubulin inhibitor 6', 0.05, 'uM')]",G2M,0.3142285709542363,3614,9469,Microtubule inhibitor
NCI-H460,plate1,palbociclib,"[('palbociclib', 0.05, 'uM')]",G1,-0.04923871963504189,2376,9469,CDK inhibitor
NCI-H460,plate1,palbociclib,"[('palbociclib', 0.05, 'uM')]",S,0.12122733407215287,2376,9469,CDK inhibitor
NCI-H460,plate1,palbociclib,"[('palbociclib', 0.05, 'uM')]",G2M,0.022831287837249307,2376,9469,CDK inhibitor
NCI-H460,plate1,vincristine,"[('vincristine', 0.05, 'uM')]",G1,-0.32598892717529077,2951,9469,Microtubule inhibitor
NCI-H460,plate1,vincristine,"[('vincristine', 0.05, 'uM')]",S,-0.3101584892617609,2951,9469,Microtubule inhibitor
NCI-H460,plate1,vincristine,"[('vincristine', 0.05, 'uM')]",G2M,0.44879719239885774,2951,9469,Microtubule inhibitor
NCI-H460,plate10,Belinostat,"[('Belinostat', 0.05, 'uM')]",G1,-0.6309671236297736,5174,14575,HDAC inhibitor
NCI-H460,plate10,Belinostat,"[('Belinostat', 0.05, 'uM')]",S,0.35969418879517556,5174,14575,HDAC inhibitor
NCI-H460,plate10,Belinostat,"[('Belinostat', 0.05, 'uM')]",G2M,0.635648450324155,5174,14575,HDAC inhibitor
NCI-H460,plate10,Carbamazepine,"[('Carbamazepine', 0.05, 'uM')]",G1,-0.49023740923184655,4106,14575,HDAC inhibitor
NCI-H460,plate10,Carbamazepine,"[('Carbamazepine', 0.05, 'uM')]",S,0.2629741634050192,4106,14575,HDAC inhibitor
NCI-H460,plate10,Carbamazepine,"[('Carbamazepine', 0.05, 'uM')]",G2M,0.49775269054452886,4106,14575,HDAC inhibitor
NCI-H460,plate10,Panobinostat,"[('Panobinostat', 0.05, 'uM')]",G1,-0.7247996385780168,6802,14575,HDAC inhibitor
NCI-H460,plate10,Panobinostat,"[('Panobinostat', 0.05, 'uM')]",S,0.5384841591403217,6802,14575,HDAC inhibitor
NCI-H460,plate10,Panobinostat,"[('Panobinostat', 0.05, 'uM')]",G2M,0.7098541420598367,6802,14575,HDAC inhibitor
NCI-H460,plate11,Belinostat,"[('Belinostat', 0.5, 'uM')]",G1,-0.6156114897742564,3033,15253,HDAC inhibitor
NCI-H460,plate11,Belinostat,"[('Belinostat', 0.5, 'uM')]",S,0.9701061795615018,3033,15253,HDAC inhibitor
NCI-H460,plate11,Belinostat,"[('Belinostat', 0.5, 'uM')]",G2M,0.39686513493045533,3033,15253,HDAC inhibitor
NCI-H460,plate11,Carbamazepine,"[('Carbamazepine', 0.5, 'uM')]",G1,-0.06531110365229618,3495,15253,HDAC inhibitor
NCI-H460,plate11,Carbamazepine,"[('Carbamazepine', 0.5, 'uM')]",S,0.3763365029959784,3495,15253,HDAC inhibitor
NCI-H460,plate11,Carbamazepine,"[('Carbamazepine', 0.5, 'uM')]",G2M,-0.0261024036621648,3495,15253,HDAC inhibitor
NCI-H460,plate11,Panobinostat,"[('Panobinostat', 0.5, 'uM')]",G1,-2.3023131632296234,6943,15253,HDAC inhibitor
NCI-H460,plate11,Panobinostat,"[('Panobinostat', 0.5, 'uM')]",S,2.7013422970676064,6943,15253,HDAC inhibitor
NCI-H460,plate11,Panobinostat,"[('Panobinostat', 0.5, 'uM')]",G2M,1.1861601617548139,6943,15253,HDAC inhibitor
NCI-H460,plate12,Belinostat,"[('Belinostat', 5.0, 'uM')]",G1,-2.0996056595329438,6161,8930,HDAC inhibitor
NCI-H460,plate12,Belinostat,"[('Belinostat', 5.0, 'uM')]",S,2.2005940705066767,6161,8930,HDAC inhibitor
NCI-H460,plate12,Belinostat,"[('Belinostat', 5.0, 'uM')]",G2M,1.2346607026501126,6161,8930,HDAC inhibitor
NCI-H460,plate12,Carbamazepine,"[('Carbamazepine', 5.0, 'uM')]",G1,-0.24035078973076746,3369,8930,HDAC inhibitor
NCI-H460,plate12,Carbamazepine,"[('Carbamazepine', 5.0, 'uM')]",S,-0.17732045770665453,3369,8930,HDAC inhibitor
NCI-H460,plate12,Carbamazepine,"[('Carbamazepine', 5.0, 'uM')]",G2M,0.31789853142000374,3369,8930,HDAC inhibitor
NCI-H460,plate12,Panobinostat,"[('Panobinostat', 5.0, 'uM')]",G1,-2.2612647678212543,5042,8930,HDAC inhibitor
NCI-H460,plate12,Panobinostat,"[('Panobinostat', 5.0, 'uM')]",S,2.4266306912482043,5042,8930,HDAC inhibitor
NCI-H460,plate12,Panobinostat,"[('Panobinostat', 5.0, 'uM')]",G2M,1.2190563579294542,5042,8930,HDAC inhibitor
NCI-H460,plate13,Abemaciclib,"[('Abemaciclib', 0.05, 'uM')]",G1,-0.24216910553437426,6436,6139,CDK inhibitor
NCI-H460,plate13,Abemaciclib,"[('Abemaciclib', 0.05, 'uM')]",S,0.23672649458155628,6436,6139,CDK inhibitor
NCI-H460,plate13,Abemaciclib,"[('Abemaciclib', 0.05, 'uM')]",G2M,0.20939642150110693,6436,6139,CDK inhibitor
NCI-H460,plate13,Ribociclib,"[('Ribociclib', 0.05, 'uM')]",G1,0.19570028268172374,5549,6139,CDK inhibitor
NCI-H460,plate13,Ribociclib,"[('Ribociclib', 0.05, 'uM')]",S,-0.12962613408371235,5549,6139,CDK inhibitor
NCI-H460,plate13,Ribociclib,"[('Ribociclib', 0.05, 'uM')]",G2M,-0.1879454707600553,5549,6139,CDK inhibitor
NCI-H460,plate13,Ribociclib,"[('Ribociclib', 0.5, 'uM')]",G1,0.25840291786765013,5103,6139,CDK inhibitor
NCI-H460,plate13,Ribociclib,"[('Ribociclib', 0.5, 'uM')]",S,-0.047128083209912096,5103,6139,CDK inhibitor
NCI-H460,plate13,Ribociclib,"[('Ribociclib', 0.5, 'uM')]",G2M,-0.27960059657943176,5103,6139,CDK inhibitor
NCI-H460,plate13,Ribociclib,"[('Ribociclib', 5.0, 'uM')]",G1,0.1876914373656527,5880,6139,CDK inhibitor
NCI-H460,plate13,Ribociclib,"[('Ribociclib', 5.0, 'uM')]",S,-0.4497246080566864,5880,6139,CDK inhibitor
NCI-H460,plate13,Ribociclib,"[('Ribociclib', 5.0, 'uM')]",G2M,-0.11080018820548446,5880,6139,CDK inhibitor
NCI-H460,plate14,Docetaxel,"[('Docetaxel', 5.0, 'uM')]",G1,-0.32795768777348067,5561,5715,Microtubule inhibitor
NCI-H460,plate14,Docetaxel,"[('Docetaxel', 5.0, 'uM')]",S,-0.23602041372759291,5561,5715,Microtubule inhibitor
NCI-H460,plate14,Docetaxel,"[('Docetaxel', 5.0, 'uM')]",G2M,0.48608419600741,5561,5715,Microtubule inhibitor
NCI-H460,plate14,Tucidinostat,"[('Tucidinostat', 5.0, 'uM')]",G1,-0.1385488735778802,4631,5715,HDAC inhibitor
NCI-H460,plate14,Tucidinostat,"[('Tucidinostat', 5.0, 'uM')]",S,-0.04647800048492789,4631,5715,HDAC inhibitor
NCI-H460,plate14,Tucidinostat,"[('Tucidinostat', 5.0, 'uM')]",G2M,0.19391852594939576,4631,5715,HDAC inhibitor
NCI-H460,plate14,Vinblastine (sulfate),"[('Vinblastine (sulfate)', 5.0, 'uM')]",G1,-0.0962159853592078,3924,5715,Microtubule inhibitor
NCI-H460,plate14,Vinblastine (sulfate),"[('Vinblastine (sulfate)', 5.0, 'uM')]",S,-0.23408811105782198,3924,5715,Microtubule inhibitor
NCI-H460,plate14,Vinblastine (sulfate),"[('Vinblastine (sulfate)', 5.0, 'uM')]",G2M,0.21038438752717534,3924,5715,Microtubule inhibitor
NCI-H460,plate2,Abemaciclib,"[('Abemaciclib', 0.5, 'uM')]",G1,-0.8401769836600602,6037,14583,CDK inhibitor
NCI-H460,plate2,Abemaciclib,"[('Abemaciclib', 0.5, 'uM')]",S,0.6973441629641604,6037,14583,CDK inhibitor
NCI-H460,plate2,Abemaciclib,"[('Abemaciclib', 0.5, 'uM')]",G2M,0.750329317216133,6037,14583,CDK inhibitor
NCI-H460,plate2,Paclitaxel,"[('Paclitaxel', 0.5, 'uM')]",G1,-0.42416081904103115,9283,14583,Microtubule inhibitor
NCI-H460,plate2,Paclitaxel,"[('Paclitaxel', 0.5, 'uM')]",S,0.12270382915518499,9283,14583,Microtubule inhibitor
NCI-H460,plate2,Paclitaxel,"[('Paclitaxel', 0.5, 'uM')]",G2M,0.4957024849216781,9283,14583,Microtubule inhibitor
NCI-H460,plate2,Tubulin inhibitor 6,"[('Tubulin inhibitor 6', 0.5, 'uM')]",G1,-0.08123915599465703,7284,14583,Microtubule inhibitor
NCI-H460,plate2,Tubulin inhibitor 6,"[('Tubulin inhibitor 6', 0.5, 'uM')]",S,0.10414625879219923,7284,14583,Microtubule inhibitor
NCI-H460,plate2,Tubulin inhibitor 6,"[('Tubulin inhibitor 6', 0.5, 'uM')]",G2M,0.05765039881262599,7284,14583,Microtubule inhibitor
NCI-H460,plate2,palbociclib,"[('palbociclib', 0.5, 'uM')]",G1,1.0119829396186344,6255,14583,CDK inhibitor
NCI-H460,plate2,palbociclib,"[('palbociclib', 0.5, 'uM')]",S,-0.7640723872853674,6255,14583,CDK inhibitor
NCI-H460,plate2,palbociclib,"[('palbociclib', 0.5, 'uM')]",G2M,-1.0257235052703444,6255,14583,CDK inhibitor
NCI-H460,plate2,vincristine,"[('vincristine', 0.5, 'uM')]",G1,-0.9470886293580258,1585,14583,Microtubule inhibitor
NCI-H460,plate2,vincristine,"[('vincristine', 0.5, 'uM')]",S,0.5901592993729312,1585,14583,Microtubule inhibitor
NCI-H460,plate2,vincristine,"[('vincristine', 0.5, 'uM')]",G2M,0.939307988246091,1585,14583,Microtubule inhibitor
NCI-H460,plate3,Abemaciclib,"[('Abemaciclib', 5.0, 'uM')]",G1,-0.27260917017724434,2583,2222,CDK inhibitor
NCI-H460,plate3,Abemaciclib,"[('Abemaciclib', 5.0, 'uM')]",S,0.36009268248845355,2583,2222,CDK inhibitor
NCI-H460,plate3,Abemaciclib,"[('Abemaciclib', 5.0, 'uM')]",G2M,0.14840550835581007,2583,2222,CDK inhibitor
NCI-H460,plate3,Paclitaxel,"[('Paclitaxel', 5.0, 'uM')]",G1,0.543913571056163,7248,2222,Microtubule inhibitor
NCI-H460,plate3,Paclitaxel,"[('Paclitaxel', 5.0, 'uM')]",S,-0.7441108154175773,7248,2222,Microtubule inhibitor
NCI-H460,plate3,Paclitaxel,"[('Paclitaxel', 5.0, 'uM')]",G2M,-0.3535512529395331,7248,2222,Microtubule inhibitor
NCI-H460,plate3,Tubulin inhibitor 6,"[('Tubulin inhibitor 6', 5.0, 'uM')]",G1,-0.08265197957408843,1000,2222,Microtubule inhibitor
NCI-H460,plate3,Tubulin inhibitor 6,"[('Tubulin inhibitor 6', 5.0, 'uM')]",S,0.07942535447961536,1000,2222,Microtubule inhibitor
NCI-H460,plate3,Tubulin inhibitor 6,"[('Tubulin inhibitor 6', 5.0, 'uM')]",G2M,0.0650914967748194,1000,2222,Microtubule inhibitor
NCI-H460,plate3,palbociclib,"[('palbociclib', 5.0, 'uM')]",G1,1.099543706621804,1411,2222,CDK inhibitor
NCI-H460,plate3,palbociclib,"[('palbociclib', 5.0, 'uM')]",S,-0.6410459140124434,1411,2222,CDK inhibitor
NCI-H460,plate3,palbociclib,"[('palbociclib', 5.0, 'uM')]",G2M,-1.124096532959944,1411,2222,CDK inhibitor
NCI-H460,plate3,vincristine,"[('vincristine', 5.0, 'uM')]",G1,-0.7065214132754983,579,2222,Microtubule inhibitor
NCI-H460,plate3,vincristine,"[('vincristine', 5.0, 'uM')]",S,-0.32718258897587305,579,2222,Microtubule inhibitor
NCI-H460,plate3,vincristine,"[('vincristine', 5.0, 'uM')]",G2M,0.9380380092736058,579,2222,Microtubule inhibitor
NCI-H460,plate4,Docetaxel,"[('Docetaxel', 0.05, 'uM')]",G1,-1.1438159550288682,675,8342,Microtubule inhibitor
NCI-H460,plate4,Docetaxel,"[('Docetaxel', 0.05, 'uM')]",S,0.18644326183053964,675,8342,Microtubule inhibitor
NCI-H460,plate4,Docetaxel,"[('Docetaxel', 0.05, 'uM')]",G2M,1.24557847192941,675,8342,Microtubule inhibitor
NCI-H460,plate4,Tucidinostat,"[('Tucidinostat', 0.05, 'uM')]",G1,0.2266298552607394,4259,8342,HDAC inhibitor
NCI-H460,plate4,Tucidinostat,"[('Tucidinostat', 0.05, 'uM')]",S,-0.2998553398717431,4259,8342,HDAC inhibitor
NCI-H460,plate4,Tucidinostat,"[('Tucidinostat', 0.05, 'uM')]",G2M,-0.1825463415738318,4259,8342,HDAC inhibitor
NCI-H460,plate4,Vinblastine (sulfate),"[('Vinblastine (sulfate)', 0.05, 'uM')]",G1,-0.8345138625466025,4063,8342,Microtubule inhibitor
NCI-H460,plate4,Vinblastine (sulfate),"[('Vinblastine (sulfate)', 0.05, 'uM')]",S,0.3138809506368315,4063,8342,Microtubule inhibitor
NCI-H460,plate4,Vinblastine (sulfate),"[('Vinblastine (sulfate)', 0.05, 'uM')]",G2M,0.8738761527478011,4063,8342,Microtubule inhibitor
NCI-H460,plate5,Docetaxel,"[('Docetaxel', 0.5, 'uM')]",G1,-0.6098280137147161,3246,7556,Microtubule inhibitor
NCI-H460,plate5,Docetaxel,"[('Docetaxel', 0.5, 'uM')]",S,-0.287060193217882,3246,7556,Microtubule inhibitor
NCI-H460,plate5,Docetaxel,"[('Docetaxel', 0.5, 'uM')]",G2M,0.752126123940083,3246,7556,Microtubule inhibitor
NCI-H460,plate5,Tucidinostat,"[('Tucidinostat', 0.5, 'uM')]",G1,0.3626968096403667,2195,7556,HDAC inhibitor
NCI-H460,plate5,Tucidinostat,"[('Tucidinostat', 0.5, 'uM')]",S,-1.2002466981611537,2195,7556,HDAC inhibitor
NCI-H460,plate5,Tucidinostat,"[('Tucidinostat', 0.5, 'uM')]",G2M,-0.13971984700637963,2195,7556,HDAC inhibitor
NCI-H460,plate5,Vinblastine (sulfate),"[('Vinblastine (sulfate)', 0.5, 'uM')]",G1,-0.23315465097512228,1324,7556,Microtubule inhibitor
NCI-H460,plate5,Vinblastine (sulfate),"[('Vinblastine (sulfate)', 0.5, 'uM')]",S,-0.24030844891147024,1324,7556,Microtubule inhibitor
NCI-H460,plate5,Vinblastine (sulfate),"[('Vinblastine (sulfate)', 0.5, 'uM')]",G2M,0.3333152297768944,1324,7556,Microtubule inhibitor
NCI-H460,plate6,Docetaxel,"[('Docetaxel', 5.0, 'uM')]",G1,-0.41012916800027344,2318,9518,Microtubule inhibitor
NCI-H460,plate6,Docetaxel,"[('Docetaxel', 5.0, 'uM')]",S,0.03402256096111343,2318,9518,Microtubule inhibitor
NCI-H460,plate6,Docetaxel,"[('Docetaxel', 5.0, 'uM')]",G2M,0.4706020074542335,2318,9518,Microtubule inhibitor
NCI-H460,plate6,Tucidinostat,"[('Tucidinostat', 5.0, 'uM')]",G1,0.1882613407765105,3533,9518,HDAC inhibitor
NCI-H460,plate6,Tucidinostat,"[('Tucidinostat', 5.0, 'uM')]",S,-0.8624692154885569,3533,9518,HDAC inhibitor
NCI-H460,plate6,Tucidinostat,"[('Tucidinostat', 5.0, 'uM')]",G2M,-0.00955126974933861,3533,9518,HDAC inhibitor
NCI-H460,plate6,Vinblastine (sulfate),"[('Vinblastine (sulfate)', 5.0, 'uM')]",G1,-0.2915661969378026,2510,9518,Microtubule inhibitor
NCI-H460,plate6,Vinblastine (sulfate),"[('Vinblastine (sulfate)', 5.0, 'uM')]",S,-0.4712428306990851,2510,9518,Microtubule inhibitor
NCI-H460,plate6,Vinblastine (sulfate),"[('Vinblastine (sulfate)', 5.0, 'uM')]",G2M,0.4511541467552521,2510,9518,Microtubule inhibitor
NCI-H460,plate7,Dinaciclib,"[('Dinaciclib', 0.05, 'uM')]",G1,-1.1538417835403962,500,5214,CDK inhibitor
NCI-H460,plate7,Dinaciclib,"[('Dinaciclib', 0.05, 'uM')]",S,0.7581286866522899,500,5214,CDK inhibitor
NCI-H460,plate7,Dinaciclib,"[('Dinaciclib', 0.05, 'uM')]",G2M,0.9120355569090822,500,5214,CDK inhibitor
NCI-H460,plate7,Docetaxel (Trihydrate),"[('Docetaxel (Trihydrate)', 0.05, 'uM')]",G1,-0.3286982220907804,2232,5214,Microtubule inhibitor
NCI-H460,plate7,Docetaxel (Trihydrate),"[('Docetaxel (Trihydrate)', 0.05, 'uM')]",S,-0.7242219829434712,2232,5214,Microtubule inhibitor
NCI-H460,plate7,Docetaxel (Trihydrate),"[('Docetaxel (Trihydrate)', 0.05, 'uM')]",G2M,0.5224954858848008,2232,5214,Microtubule inhibitor
NCI-H460,plate7,Mebendazole,"[('Mebendazole', 0.05, 'uM')]",G1,0.14234561521577557,3153,5214,Microtubule inhibitor
NCI-H460,plate7,Mebendazole,"[('Mebendazole', 0.05, 'uM')]",S,-0.31644341451209,3153,5214,Microtubule inhibitor
NCI-H460,plate7,Mebendazole,"[('Mebendazole', 0.05, 'uM')]",G2M,-0.061939686244243106,3153,5214,Microtubule inhibitor
NCI-H460,plate8,Dinaciclib,"[('Dinaciclib', 0.5, 'uM')]",G1,-1.529945582398114,816,10638,CDK inhibitor
NCI-H460,plate8,Dinaciclib,"[('Dinaciclib', 0.5, 'uM')]",S,1.5669758164423877,816,10638,CDK inhibitor
NCI-H460,plate8,Dinaciclib,"[('Dinaciclib', 0.5, 'uM')]",G2M,1.1866935760883228,816,10638,CDK inhibitor
NCI-H460,plate8,Docetaxel (Trihydrate),"[('Docetaxel (Trihydrate)', 0.5, 'uM')]",G1,-0.6196578034968316,2938,10638,Microtubule inhibitor
NCI-H460,plate8,Docetaxel (Trihydrate),"[('Docetaxel (Trihydrate)', 0.5, 'uM')]",S,-0.313501954958993,2938,10638,Microtubule inhibitor
NCI-H460,plate8,Docetaxel (Trihydrate),"[('Docetaxel (Trihydrate)', 0.5, 'uM')]",G2M,0.7498908802577008,2938,10638,Microtubule inhibitor
NCI-H460,plate8,Mebendazole,"[('Mebendazole', 0.5, 'uM')]",G1,-0.27959505536200835,3577,10638,Microtubule inhibitor
NCI-H460,plate8,Mebendazole,"[('Mebendazole', 0.5, 'uM')]",S,-0.2782289672424238,3577,10638,Microtubule inhibitor
NCI-H460,plate8,Mebendazole,"[('Mebendazole', 0.5, 'uM')]",G2M,0.3768041170816691,3577,10638,Microtubule inhibitor
NCI-H460,plate9,Dinaciclib,"[('Dinaciclib', 5.0, 'uM')]",G1,-3.3558344662914155,260,8191,CDK inhibitor
NCI-H460,plate9,Dinaciclib,"[('Dinaciclib', 5.0, 'uM')]",S,1.5357180943178377,260,8191,CDK inhibitor
NCI-H460,plate9,Dinaciclib,"[('Dinaciclib', 5.0, 'uM')]",G2M,2.369965083120472,260,8191,CDK inhibitor
NCI-H460,plate9,Docetaxel (Trihydrate),"[('Docetaxel (Trihydrate)', 5.0, 'uM')]",G1,0.00022610502587505778,2793,8191,Microtubule inhibitor
NCI-H460,plate9,Docetaxel (Trihydrate),"[('Docetaxel (Trihydrate)', 5.0, 'uM')]",S,-1.1362665227215092,2793,8191,Microtubule inhibitor
NCI-H460,plate9,Docetaxel (Trihydrate),"[('Docetaxel (Trihydrate)', 5.0, 'uM')]",G2M,0.21198552071986554,2793,8191,Microtubule inhibitor
NCI-H460,plate9,Mebendazole,"[('Mebendazole', 5.0, 'uM')]",G1,-0.35270199709798933,9456,8191,Microtubule inhibitor
NCI-H460,plate9,Mebendazole,"[('Mebendazole', 5.0, 'uM')]",S,-0.3296965736913292,9456,8191,Microtubule inhibitor
NCI-H460,plate9,Mebendazole,"[('Mebendazole', 5.0, 'uM')]",G2M,0.4497941943371297,9456,8191,Microtubule inhibitor
PANC-1,plate1,Paclitaxel,"[('Paclitaxel', 0.05, 'uM')]",G1,0.04477999655504857,2179,5341,Microtubule inhibitor
PANC-1,plate1,Paclitaxel,"[('Paclitaxel', 0.05, 'uM')]",S,-0.031798672175198536,2179,5341,Microtubule inhibitor
PANC-1,plate1,Paclitaxel,"[('Paclitaxel', 0.05, 'uM')]",G2M,-0.03994656104833613,2179,5341,Microtubule inhibitor
PANC-1,plate1,Tubulin inhibitor 6,"[('Tubulin inhibitor 6', 0.05, 'uM')]",G1,-0.16850905666038254,1499,5341,Microtubule inhibitor
PANC-1,plate1,Tubulin inhibitor 6,"[('Tubulin inhibitor 6', 0.05, 'uM')]",S,0.5697550353979961,1499,5341,Microtubule inhibitor
PANC-1,plate1,Tubulin inhibitor 6,"[('Tubulin inhibitor 6', 0.05, 'uM')]",G2M,0.05702534556049666,1499,5341,Microtubule inhibitor
PANC-1,plate1,palbociclib,"[('palbociclib', 0.05, 'uM')]",G1,0.20551960367373526,1278,5341,CDK inhibitor
PANC-1,plate1,palbociclib,"[('palbociclib', 0.05, 'uM')]",S,0.3649299441904773,1278,5341,CDK inhibitor
PANC-1,plate1,palbociclib,"[('palbociclib', 0.05, 'uM')]",G2M,-0.28665741232451547,1278,5341,CDK inhibitor
PANC-1,plate1,vincristine,"[('vincristine', 0.05, 'uM')]",G1,-0.7352041980912051,1231,5341,Microtubule inhibitor
PANC-1,plate1,vincristine,"[('vincristine', 0.05, 'uM')]",S,0.30983275911051733,1231,5341,Microtubule inhibitor
PANC-1,plate1,vincristine,"[('vincristine', 0.05, 'uM')]",G2M,0.6871458615828605,1231,5341,Microtubule inhibitor
PANC-1,plate10,Belinostat,"[('Belinostat', 0.05, 'uM')]",G1,-0.3367036972539355,3493,10306,HDAC inhibitor
PANC-1,plate10,Belinostat,"[('Belinostat', 0.05, 'uM')]",S,0.07895790061206459,3493,10306,HDAC inhibitor
PANC-1,plate10,Belinostat,"[('Belinostat', 0.05, 'uM')]",G2M,0.3449763925219688,3493,10306,HDAC inhibitor
PANC-1,plate10,Carbamazepine,"[('Carbamazepine', 0.05, 'uM')]",G1,-0.2779630668002331,3271,10306,HDAC inhibitor
PANC-1,plate10,Carbamazepine,"[('Carbamazepine', 0.05, 'uM')]",S,-0.12084351216280442,3271,10306,HDAC inhibitor
PANC-1,plate10,Carbamazepine,"[('Carbamazepine', 0.05, 'uM')]",G2M,0.30675921083767405,3271,10306,HDAC inhibitor
PANC-1,plate10,Panobinostat,"[('Panobinostat', 0.05, 'uM')]",G1,-0.009540355846229757,4610,10306,HDAC inhibitor
PANC-1,plate10,Panobinostat,"[('Panobinostat', 0.05, 'uM')]",S,0.09222185341394266,4610,10306,HDAC inhibitor
PANC-1,plate10,Panobinostat,"[('Panobinostat', 0.05, 'uM')]",G2M,-0.0016354459953730478,4610,10306,HDAC inhibitor
PANC-1,plate11,Belinostat,"[('Belinostat', 0.5, 'uM')]",G1,-0.04657689434412132,2091,9077,HDAC inhibitor
PANC-1,plate11,Belinostat,"[('Belinostat', 0.5, 'uM')]",S,0.7502729454914576,2091,9077,HDAC inhibitor
PANC-1,plate11,Belinostat,"[('Belinostat', 0.5, 'uM')]",G2M,-0.15948905048045225,2091,9077,HDAC inhibitor
PANC-1,plate11,Carbamazepine,"[('Carbamazepine', 0.5, 'uM')]",G1,0.05985293637496586,2803,9077,HDAC inhibitor
PANC-1,plate11,Carbamazepine,"[('Carbamazepine', 0.5, 'uM')]",S,0.007237725463677376,2803,9077,HDAC inhibitor
PANC-1,plate11,Carbamazepine,"[('Carbamazepine', 0.5, 'uM')]",G2M,-0.06257164701815617,2803,9077,HDAC inhibitor
PANC-1,plate11,Panobinostat,"[('Panobinostat', 0.5, 'uM')]",G1,-0.8454791539412664,4157,9077,HDAC inhibitor
PANC-1,plate11,Panobinostat,"[('Panobinostat', 0.5, 'uM')]",S,2.0580841883663314,4157,9077,HDAC inhibitor
PANC-1,plate11,Panobinostat,"[('Panobinostat', 0.5, 'uM')]",G2M,0.016451504618889445,4157,9077,HDAC inhibitor
PANC-1,plate12,Belinostat,"[('Belinostat', 5.0, 'uM')]",G1,-0.9685653514581647,5068,8188,HDAC inhibitor
PANC-1,plate12,Belinostat,"[('Belinostat', 5.0, 'uM')]",S,1.9264108045638395,5068,8188,HDAC inhibitor
PANC-1,plate12,Belinostat,"[('Belinostat', 5.0, 'uM')]",G2M,0.23523185582052641,5068,8188,HDAC inhibitor
PANC-1,plate12,Carbamazepine,"[('Carbamazepine', 5.0, 'uM')]",G1,-0.15211247387656046,2511,8188,HDAC inhibitor
PANC-1,plate12,Carbamazepine,"[('Carbamazepine', 5.0, 'uM')]",S,0.1869588426177798,2511,8188,HDAC inhibitor
PANC-1,plate12,Carbamazepine,"[('Carbamazepine', 5.0, 'uM')]",G2M,0.11543408440308485,2511,8188,HDAC inhibitor
PANC-1,plate12,Panobinostat,"[('Panobinostat', 5.0, 'uM')]",G1,-1.0417337769444004,3388,8188,HDAC inhibitor
PANC-1,plate12,Panobinostat,"[('Panobinostat', 5.0, 'uM')]",S,2.207614571311919,3388,8188,HDAC inhibitor
PANC-1,plate12,Panobinostat,"[('Panobinostat', 5.0, 'uM')]",G2M,0.12324987931551802,3388,8188,HDAC inhibitor
PANC-1,plate13,Abemaciclib,"[('Abemaciclib', 0.05, 'uM')]",G1,-0.294111933990573,4324,5367,CDK inhibitor
PANC-1,plate13,Abemaciclib,"[('Abemaciclib', 0.05, 'uM')]",S,0.4273972343537031,4324,5367,CDK inhibitor
PANC-1,plate13,Abemaciclib,"[('Abemaciclib', 0.05, 'uM')]",G2M,0.2053573302290904,4324,5367,CDK inhibitor
PANC-1,plate13,Ribociclib,"[('Ribociclib', 0.05, 'uM')]",G1,0.29315438306565333,5060,5367,CDK inhibitor
PANC-1,plate13,Ribociclib,"[('Ribociclib', 0.05, 'uM')]",S,-0.11375854574236406,5060,5367,CDK inhibitor
PANC-1,plate13,Ribociclib,"[('Ribociclib', 0.05, 'uM')]",G2M,-0.28676457899871927,5060,5367,CDK inhibitor
PANC-1,plate13,Ribociclib,"[('Ribociclib', 0.5, 'uM')]",G1,0.30620765220049695,4072,5367,CDK inhibitor
PANC-1,plate13,Ribociclib,"[('Ribociclib', 0.5, 'uM')]",S,-0.42112529983271163,4072,5367,CDK inhibitor
PANC-1,plate13,Ribociclib,"[('Ribociclib', 0.5, 'uM')]",G2M,-0.24145364472835273,4072,5367,CDK inhibitor
PANC-1,plate13,Ribociclib,"[('Ribociclib', 5.0, 'uM')]",G1,0.21214625553556601,4776,5367,CDK inhibitor
PANC-1,plate13,Ribociclib,"[('Ribociclib', 5.0, 'uM')]",S,-0.28913707110437725,4776,5367,CDK inhibitor
PANC-1,plate13,Ribociclib,"[('Ribociclib', 5.0, 'uM')]",G2M,-0.16585782167563107,4776,5367,CDK inhibitor
PANC-1,plate14,Docetaxel,"[('Docetaxel', 5.0, 'uM')]",G1,-0.44304248235096194,2589,3353,Microtubule inhibitor
PANC-1,plate14,Docetaxel,"[('Docetaxel', 5.0, 'uM')]",S,-0.2777094917237937,2589,3353,Microtubule inhibitor
PANC-1,plate14,Docetaxel,"[('Docetaxel', 5.0, 'uM')]",G2M,0.538509454226785,2589,3353,Microtubule inhibitor
PANC-1,plate14,Tucidinostat,"[('Tucidinostat', 5.0, 'uM')]",G1,-0.11768567700250902,2584,3353,HDAC inhibitor
PANC-1,plate14,Tucidinostat,"[('Tucidinostat', 5.0, 'uM')]",S,0.3262574023906403,2584,3353,HDAC inhibitor
PANC-1,plate14,Tucidinostat,"[('Tucidinostat', 5.0, 'uM')]",G2M,0.012950479036033781,2584,3353,HDAC inhibitor
PANC-1,plate14,Vinblastine (sulfate),"[('Vinblastine (sulfate)', 5.0, 'uM')]",G1,-0.05822806768450448,2706,3353,Microtubule inhibitor
PANC-1,plate14,Vinblastine (sulfate),"[('Vinblastine (sulfate)', 5.0, 'uM')]",S,-0.07307475623235044,2706,3353,Microtubule inhibitor
PANC-1,plate14,Vinblastine (sulfate),"[('Vinblastine (sulfate)', 5.0, 'uM')]",G2M,0.08479379973015476,2706,3353,Microtubule inhibitor
PANC-1,plate2,Abemaciclib,"[('Abemaciclib', 0.5, 'uM')]",G1,-0.6891032099386594,2934,8795,CDK inhibitor
PANC-1,plate2,Abemaciclib,"[('Abemaciclib', 0.5, 'uM')]",S,0.9406459738138523,2934,8795,CDK inhibitor
PANC-1,plate2,Abemaciclib,"[('Abemaciclib', 0.5, 'uM')]",G2M,0.3587064106752338,2934,8795,CDK inhibitor
PANC-1,plate2,Paclitaxel,"[('Paclitaxel', 0.5, 'uM')]",G1,-0.1158646685659972,4692,8795,Microtubule inhibitor
PANC-1,plate2,Paclitaxel,"[('Paclitaxel', 0.5, 'uM')]",S,-0.18356176338385094,4692,8795,Microtubule inhibitor
PANC-1,plate2,Paclitaxel,"[('Paclitaxel', 0.5, 'uM')]",G2M,0.1750742906229593,4692,8795,Microtubule inhibitor
PANC-1,plate2,Tubulin inhibitor 6,"[('Tubulin inhibitor 6', 0.5, 'uM')]",G1,-0.0629576260700846,3850,8795,Microtubule inhibitor
PANC-1,plate2,Tubulin inhibitor 6,"[('Tubulin inhibitor 6', 0.5, 'uM')]",S,0.32661841335959935,3850,8795,Microtubule inhibitor
PANC-1,plate2,Tubulin inhibitor 6,"[('Tubulin inhibitor 6', 0.5, 'uM')]",G2M,-0.04186140937816836,3850,8795,Microtubule inhibitor
PANC-1,plate2,palbociclib,"[('palbociclib', 0.5, 'uM')]",G1,0.8012847394811102,2653,8795,CDK inhibitor
PANC-1,plate2,palbociclib,"[('palbociclib', 0.5, 'uM')]",S,-1.2806868286143127,2653,8795,CDK inhibitor
PANC-1,plate2,palbociclib,"[('palbociclib', 0.5, 'uM')]",G2M,-0.5717993992919268,2653,8795,CDK inhibitor
PANC-1,plate2,vincristine,"[('vincristine', 0.5, 'uM')]",G1,-0.2636237337212564,994,8795,Microtubule inhibitor
PANC-1,plate2,vincristine,"[('vincristine', 0.5, 'uM')]",S,0.4247255515425216,994,8795,Microtubule inhibitor
PANC-1,plate2,vincristine,"[('vincristine', 0.5, 'uM')]",G2M,0.13897100710655022,994,8795,Microtubule inhibitor
PANC-1,plate3,Abemaciclib,"[('Abemaciclib', 5.0, 'uM')]",G1,-0.6193220101754525,1118,3386,CDK inhibitor
PANC-1,plate3,Abemaciclib,"[('Abemaciclib', 5.0, 'uM')]",S,0.9007129086258223,1118,3386,CDK inhibitor
PANC-1,plate3,Abemaciclib,"[('Abemaciclib', 5.0, 'uM')]",G2M,0.27353385137028624,1118,3386,CDK inhibitor
PANC-1,plate3,Paclitaxel,"[('Paclitaxel', 5.0, 'uM')]",G1,-0.31483434685639583,3434,3386,Microtubule inhibitor
PANC-1,plate3,Paclitaxel,"[('Paclitaxel', 5.0, 'uM')]",S,-0.20394530002219166,3434,3386,Microtubule inhibitor
PANC-1,plate3,Paclitaxel,"[('Paclitaxel', 5.0, 'uM')]",G2M,0.38716536114944317,3434,3386,Microtubule inhibitor
PANC-1,plate3,Tubulin inhibitor 6,"[('Tubulin inhibitor 6', 5.0, 'uM')]",G1,-0.29208706128904116,937,3386,Microtubule inhibitor
PANC-1,plate3,Tubulin inhibitor 6,"[('Tubulin inhibitor 6', 5.0, 'uM')]",S,0.5083946506832021,937,3386,Microtubule inhibitor
PANC-1,plate3,Tubulin inhibitor 6,"[('Tubulin inhibitor 6', 5.0, 'uM')]",G2M,0.12015223441829562,937,3386,Microtubule inhibitor
PANC-1,plate3,palbociclib,"[('palbociclib', 5.0, 'uM')]",G1,0.9748335550201076,1273,3386,CDK inhibitor
PANC-1,plate3,palbociclib,"[('palbociclib', 5.0, 'uM')]",S,-0.7709296395005528,1273,3386,CDK inhibitor
PANC-1,plate3,palbociclib,"[('palbociclib', 5.0, 'uM')]",G2M,-0.8432242815567637,1273,3386,CDK inhibitor
PANC-1,plate3,vincristine,"[('vincristine', 5.0, 'uM')]",G1,-0.0911694522196151,1044,3386,Microtubule inhibitor
PANC-1,plate3,vincristine,"[('vincristine', 5.0, 'uM')]",S,0.40685943513055484,1044,3386,Microtubule inhibitor
PANC-1,plate3,vincristine,"[('vincristine', 5.0, 'uM')]",G2M,-0.05072248759351711,1044,3386,Microtubule inhibitor
PANC-1,plate4,Docetaxel,"[('Docetaxel', 0.05, 'uM')]",G1,-1.1663523388472457,830,5881,Microtubule inhibitor
PANC-1,plate4,Docetaxel,"[('Docetaxel', 0.05, 'uM')]",S,0.5054328707257063,830,5881,Microtubule inhibitor
PANC-1,plate4,Docetaxel,"[('Docetaxel', 0.05, 'uM')]",G2M,1.0656699014463553,830,5881,Microtubule inhibitor
PANC-1,plate4,Tucidinostat,"[('Tucidinostat', 0.05, 'uM')]",G1,-0.05305254204780302,2891,5881,HDAC inhibitor
PANC-1,plate4,Tucidinostat,"[('Tucidinostat', 0.05, 'uM')]",S,-0.10941955939954967,2891,5881,HDAC inhibitor
PANC-1,plate4,Tucidinostat,"[('Tucidinostat', 0.05, 'uM')]",G2M,0.07714765526356489,2891,5881,HDAC inhibitor
PANC-1,plate4,Vinblastine (sulfate),"[('Vinblastine (sulfate)', 0.05, 'uM')]",G1,-0.7276224665048372,2678,5881,Microtubule inhibitor
PANC-1,plate4,Vinblastine (sulfate),"[('Vinblastine (sulfate)', 0.05, 'uM')]",S,0.5336942260557763,2678,5881,Microtubule inhibitor
PANC-1,plate4,Vinblastine (sulfate),"[('Vinblastine (sulfate)', 0.05, 'uM')]",G2M,0.6262149597667515,2678,5881,Microtubule inhibitor
PANC-1,plate5,Docetaxel,"[('Docetaxel', 0.5, 'uM')]",G1,-1.0098099362800153,2557,7511,Microtubule inhibitor
PANC-1,plate5,Docetaxel,"[('Docetaxel', 0.5, 'uM')]",S,0.22932863402874057,2557,7511,Microtubule inhibitor
PANC-1,plate5,Docetaxel,"[('Docetaxel', 0.5, 'uM')]",G2M,0.9708707352561082,2557,7511,Microtubule inhibitor
PANC-1,plate5,Tucidinostat,"[('Tucidinostat', 0.5, 'uM')]",G1,0.1736810751654862,2360,7511,HDAC inhibitor
PANC-1,plate5,Tucidinostat,"[('Tucidinostat', 0.5, 'uM')]",S,-0.02792898066028203,2360,7511,HDAC inhibitor
PANC-1,plate5,Tucidinostat,"[('Tucidinostat', 0.5, 'uM')]",G2M,-0.1762756147729812,2360,7511,HDAC inhibitor
PANC-1,plate5,Vinblastine (sulfate),"[('Vinblastine (sulfate)', 0.5, 'uM')]",G1,-0.4602753995619885,1189,7511,Microtubule inhibitor
PANC-1,plate5,Vinblastine (sulfate),"[('Vinblastine (sulfate)', 0.5, 'uM')]",S,0.47918282072821994,1189,7511,Microtubule inhibitor
PANC-1,plate5,Vinblastine (sulfate),"[('Vinblastine (sulfate)', 0.5, 'uM')]",G2M,0.36429355168226285,1189,7511,Microtubule inhibitor
PANC-1,plate6,Docetaxel,"[('Docetaxel', 5.0, 'uM')]",G1,-0.5945086718020018,1157,7460,Microtubule inhibitor
PANC-1,plate6,Docetaxel,"[('Docetaxel', 5.0, 'uM')]",S,0.31764827230947335,1157,7460,Microtubule inhibitor
PANC-1,plate6,Docetaxel,"[('Docetaxel', 5.0, 'uM')]",G2M,0.5488913832974465,1157,7460,Microtubule inhibitor
PANC-1,plate6,Tucidinostat,"[('Tucidinostat', 5.0, 'uM')]",G1,0.029476410768531143,2038,7460,HDAC inhibitor
PANC-1,plate6,Tucidinostat,"[('Tucidinostat', 5.0, 'uM')]",S,0.04034011432331154,2038,7460,HDAC inhibitor
PANC-1,plate6,Tucidinostat,"[('Tucidinostat', 5.0, 'uM')]",G2M,-0.038954107794620184,2038,7460,HDAC inhibitor
PANC-1,plate6,Vinblastine (sulfate),"[('Vinblastine (sulfate)', 5.0, 'uM')]",G1,0.08237510339564023,1302,7460,Microtubule inhibitor
PANC-1,plate6,Vinblastine (sulfate),"[('Vinblastine (sulfate)', 5.0, 'uM')]",S,-0.5998728772848987,1302,7460,Microtubule inhibitor
PANC-1,plate6,Vinblastine (sulfate),"[('Vinblastine (sulfate)', 5.0, 'uM')]",G2M,0.022339480543121373,1302,7460,Microtubule inhibitor
PANC-1,plate7,Dinaciclib,"[('Dinaciclib', 0.05, 'uM')]",G1,-1.8302515389159146,798,4482,CDK inhibitor
PANC-1,plate7,Dinaciclib,"[('Dinaciclib', 0.05, 'uM')]",S,0.9903899571450204,798,4482,CDK inhibitor
PANC-1,plate7,Dinaciclib,"[('Dinaciclib', 0.05, 'uM')]",G2M,1.171300172817779,798,4482,CDK inhibitor
PANC-1,plate7,Docetaxel (Trihydrate),"[('Docetaxel (Trihydrate)', 0.05, 'uM')]",G1,-0.1544178527963736,2003,4482,Microtubule inhibitor
PANC-1,plate7,Docetaxel (Trihydrate),"[('Docetaxel (Trihydrate)', 0.05, 'uM')]",S,-0.5250777995848296,2003,4482,Microtubule inhibitor
PANC-1,plate7,Docetaxel (Trihydrate),"[('Docetaxel (Trihydrate)', 0.05, 'uM')]",G2M,0.30995828889016686,2003,4482,Microtubule inhibitor
PANC-1,plate7,Mebendazole,"[('Mebendazole', 0.05, 'uM')]",G1,0.07342595823153078,3430,4482,Microtubule inhibitor
PANC-1,plate7,Mebendazole,"[('Mebendazole', 0.05, 'uM')]",S,-0.358937811589598,3430,4482,Microtubule inhibitor
PANC-1,plate7,Mebendazole,"[('Mebendazole', 0.05, 'uM')]",G2M,0.036453430975431834,3430,4482,Microtubule inhibitor
PANC-1,plate8,Dinaciclib,"[('Dinaciclib', 0.5, 'uM')]",G1,-1.1374650319148387,1727,9789,CDK inhibitor
PANC-1,plate8,Dinaciclib,"[('Dinaciclib', 0.5, 'uM')]",S,1.6941488604522394,1727,9789,CDK inhibitor
PANC-1,plate8,Dinaciclib,"[('Dinaciclib', 0.5, 'uM')]",G2M,0.6880526259614242,1727,9789,CDK inhibitor
PANC-1,plate8,Docetaxel (Trihydrate),"[('Docetaxel (Trihydrate)', 0.5, 'uM')]",G1,-0.46849528390785256,3217,9789,Microtubule inhibitor
PANC-1,plate8,Docetaxel (Trihydrate),"[('Docetaxel (Trihydrate)', 0.5, 'uM')]",S,0.059648977139943986,3217,9789,Microtubule inhibitor
PANC-1,plate8,Docetaxel (Trihydrate),"[('Docetaxel (Trihydrate)', 0.5, 'uM')]",G2M,0.494018563993084,3217,9789,Microtubule inhibitor
PANC-1,plate8,Mebendazole,"[('Mebendazole', 0.5, 'uM')]",G1,-0.28922389188975217,3873,9789,Microtubule inhibitor
PANC-1,plate8,Mebendazole,"[('Mebendazole', 0.5, 'uM')]",S,0.04525828104866585,3873,9789,Microtubule inhibitor
PANC-1,plate8,Mebendazole,"[('Mebendazole', 0.5, 'uM')]",G2M,0.3053684016225807,3873,9789,Microtubule inhibitor
PANC-1,plate9,Dinaciclib,"[('Dinaciclib', 5.0, 'uM')]",G1,-2.488626590642192,607,6323,CDK inhibitor
PANC-1,plate9,Dinaciclib,"[('Dinaciclib', 5.0, 'uM')]",S,2.1544880151178813,607,6323,CDK inhibitor
PANC-1,plate9,Dinaciclib,"[('Dinaciclib', 5.0, 'uM')]",G2M,1.061439728053265,607,6323,CDK inhibitor
PANC-1,plate9,Docetaxel (Trihydrate),"[('Docetaxel (Trihydrate)', 5.0, 'uM')]",G1,-0.22617611722165562,2317,6323,Microtubule inhibitor
PANC-1,plate9,Docetaxel (Trihydrate),"[('Docetaxel (Trihydrate)', 5.0, 'uM')]",S,-0.673999324413363,2317,6323,Microtubule inhibitor
PANC-1,plate9,Docetaxel (Trihydrate),"[('Docetaxel (Trihydrate)', 5.0, 'uM')]",G2M,0.3479235342977113,2317,6323,Microtubule inhibitor
PANC-1,plate9,Mebendazole,"[('Mebendazole', 5.0, 'uM')]",G1,-0.1786054621756697,6023,6323,Microtubule inhibitor
PANC-1,plate9,Mebendazole,"[('Mebendazole', 5.0, 'uM')]",S,-0.5226249663280674,6023,6323,Microtubule inhibitor
PANC-1,plate9,Mebendazole,"[('Mebendazole', 5.0, 'uM')]",G2M,0.27701397829926344,6023,6323,Microtubule inhibitor
Panc 03.27,plate1,Paclitaxel,"[('Paclitaxel', 0.05, 'uM')]",G1,-0.03630448811393857,1395,3133,Microtubule inhibitor
Panc 03.27,plate1,Paclitaxel,"[('Paclitaxel', 0.05, 'uM')]",S,-0.4476108555175983,1395,3133,Microtubule inhibitor
Panc 03.27,plate1,Paclitaxel,"[('Paclitaxel', 0.05, 'uM')]",G2M,0.14659470311811656,1395,3133,Microtubule inhibitor
Panc 03.27,plate1,Tubulin inhibitor 6,"[('Tubulin inhibitor 6', 0.05, 'uM')]",G1,0.025948177034860635,1065,3133,Microtubule inhibitor
Panc 03.27,plate1,Tubulin inhibitor 6,"[('Tubulin inhibitor 6', 0.05, 'uM')]",S,-0.03990895791477225,1065,3133,Microtubule inhibitor
Panc 03.27,plate1,Tubulin inhibitor 6,"[('Tubulin inhibitor 6', 0.05, 'uM')]",G2M,-0.016076357990576478,1065,3133,Microtubule inhibitor
Panc 03.27,plate1,palbociclib,"[('palbociclib', 0.05, 'uM')]",G1,-0.1381119259131647,810,3133,CDK inhibitor
Panc 03.27,plate1,palbociclib,"[('palbociclib', 0.05, 'uM')]",S,-0.21991000883829784,810,3133,CDK inhibitor
Panc 03.27,plate1,palbociclib,"[('palbociclib', 0.05, 'uM')]",G2M,0.21183866790050526,810,3133,CDK inhibitor
Panc 03.27,plate1,vincristine,"[('vincristine', 0.05, 'uM')]",G1,0.06278585067038187,973,3133,Microtubule inhibitor
Panc 03.27,plate1,vincristine,"[('vincristine', 0.05, 'uM')]",S,-0.38012742722672044,973,3133,Microtubule inhibitor
Panc 03.27,plate1,vincristine,"[('vincristine', 0.05, 'uM')]",G2M,0.0252590618848357,973,3133,Microtubule inhibitor
Panc 03.27,plate10,Belinostat,"[('Belinostat', 0.05, 'uM')]",G1,-0.7702025461693018,1355,3372,HDAC inhibitor
Panc 03.27,plate10,Belinostat,"[('Belinostat', 0.05, 'uM')]",S,0.46361284213112236,1355,3372,HDAC inhibitor
Panc 03.27,plate10,Belinostat,"[('Belinostat', 0.05, 'uM')]",G2M,0.7504815134339639,1355,3372,HDAC inhibitor
Panc 03.27,plate10,Carbamazepine,"[('Carbamazepine', 0.05, 'uM')]",G1,-0.5326436299997065,1196,3372,HDAC inhibitor
Panc 03.27,plate10,Carbamazepine,"[('Carbamazepine', 0.05, 'uM')]",S,0.03872103394800041,1196,3372,HDAC inhibitor
Panc 03.27,plate10,Carbamazepine,"[('Carbamazepine', 0.05, 'uM')]",G2M,0.5483430540635778,1196,3372,HDAC inhibitor
Panc 03.27,plate10,Panobinostat,"[('Panobinostat', 0.05, 'uM')]",G1,-0.8767190810395085,1740,3372,HDAC inhibitor
Panc 03.27,plate10,Panobinostat,"[('Panobinostat', 0.05, 'uM')]",S,0.28884102097031605,1740,3372,HDAC inhibitor
Panc 03.27,plate10,Panobinostat,"[('Panobinostat', 0.05, 'uM')]",G2M,0.8761746733959564,1740,3372,HDAC inhibitor
Panc 03.27,plate11,Belinostat,"[('Belinostat', 0.5, 'uM')]",G1,-0.9133532365012798,640,3109,HDAC inhibitor
Panc 03.27,plate11,Belinostat,"[('Belinostat', 0.5, 'uM')]",S,1.0531986001588374,640,3109,HDAC inhibitor
Panc 03.27,plate11,Belinostat,"[('Belinostat', 0.5, 'uM')]",G2M,0.6158873090652723,640,3109,HDAC inhibitor
Panc 03.27,plate11,Carbamazepine,"[('Carbamazepine', 0.5, 'uM')]",G1,0.14465589512929491,1115,3109,HDAC inhibitor
Panc 03.27,plate11,Carbamazepine,"[('Carbamazepine', 0.5, 'uM')]",S,-0.3514916540200582,1115,3109,HDAC inhibitor
Panc 03.27,plate11,Carbamazepine,"[('Carbamazepine', 0.5, 'uM')]",G2M,-0.08398753801419902,1115,3109,HDAC inhibitor
Panc 03.27,plate11,Panobinostat,"[('Panobinostat', 0.5, 'uM')]",G1,-1.1453041377483912,1333,3109,HDAC inhibitor
Panc 03.27,plate11,Panobinostat,"[('Panobinostat', 0.5, 'uM')]",S,1.5622437878942796,1333,3109,HDAC inhibitor
Panc 03.27,plate11,Panobinostat,"[('Panobinostat', 0.5, 'uM')]",G2M,0.6128799234251094,1333,3109,HDAC inhibitor
Panc 03.27,plate12,Belinostat,"[('Belinostat', 5.0, 'uM')]",G1,-1.7532420947845522,1609,2945,HDAC inhibitor
Panc 03.27,plate12,Belinostat,"[('Belinostat', 5.0, 'uM')]",S,1.9620897405632252,1609,2945,HDAC inhibitor
Panc 03.27,plate12,Belinostat,"[('Belinostat', 5.0, 'uM')]",G2M,1.091608319870438,1609,2945,HDAC inhibitor
Panc 03.27,plate12,Carbamazepine,"[('Carbamazepine', 5.0, 'uM')]",G1,0.1121198517464601,937,2945,HDAC inhibitor
Panc 03.27,plate12,Carbamazepine,"[('Carbamazepine', 5.0, 'uM')]",S,-0.015747245016686385,937,2945,HDAC inhibitor
Panc 03.27,plate12,Carbamazepine,"[('Carbamazepine', 5.0, 'uM')]",G2M,-0.1097032246429284,937,2945,HDAC inhibitor
Panc 03.27,plate12,Panobinostat,"[('Panobinostat', 5.0, 'uM')]",G1,-1.4975825507360128,1337,2945,HDAC inhibitor
Panc 03.27,plate12,Panobinostat,"[('Panobinostat', 5.0, 'uM')]",S,2.122061981347333,1337,2945,HDAC inhibitor
Panc 03.27,plate12,Panobinostat,"[('Panobinostat', 5.0, 'uM')]",G2M,0.8047126758591272,1337,2945,HDAC inhibitor
Panc 03.27,plate13,Abemaciclib,"[('Abemaciclib', 0.05, 'uM')]",G1,0.13042266746498452,1488,2174,CDK inhibitor
Panc 03.27,plate13,Abemaciclib,"[('Abemaciclib', 0.05, 'uM')]",S,-0.4770848326208426,1488,2174,CDK inhibitor
Panc 03.27,plate13,Abemaciclib,"[('Abemaciclib', 0.05, 'uM')]",G2M,-0.07482750998102303,1488,2174,CDK inhibitor
Panc 03.27,plate13,Ribociclib,"[('Ribociclib', 0.05, 'uM')]",G1,0.2286134853572337,1832,2174,CDK inhibitor
Panc 03.27,plate13,Ribociclib,"[('Ribociclib', 0.05, 'uM')]",S,-0.12540680596760206,1832,2174,CDK inhibitor
Panc 03.27,plate13,Ribociclib,"[('Ribociclib', 0.05, 'uM')]",G2M,-0.21853909694880233,1832,2174,CDK inhibitor
Panc 03.27,plate13,Ribociclib,"[('Ribociclib', 0.5, 'uM')]",G1,0.23037249921125497,1534,2174,CDK inhibitor
Panc 03.27,plate13,Ribociclib,"[('Ribociclib', 0.5, 'uM')]",S,-0.08012456172492285,1534,2174,CDK inhibitor
Panc 03.27,plate13,Ribociclib,"[('Ribociclib', 0.5, 'uM')]",G2M,-0.22627962058282564,1534,2174,CDK inhibitor
Panc 03.27,plate13,Ribociclib,"[('Ribociclib', 5.0, 'uM')]",G1,0.09388649437528086,1773,2174,CDK inhibitor
Panc 03.27,plate13,Ribociclib,"[('Ribociclib', 5.0, 'uM')]",S,-0.4178858506576514,1773,2174,CDK inhibitor
Panc 03.27,plate13,Ribociclib,"[('Ribociclib', 5.0, 'uM')]",G2M,-0.04405776442853899,1773,2174,CDK inhibitor
Panc 03.27,plate14,Docetaxel,"[('Docetaxel', 5.0, 'uM')]",G1,0.023394491489713475,1533,1497,Microtubule inhibitor
Panc 03.27,plate14,Docetaxel,"[('Docetaxel', 5.0, 'uM')]",S,-0.34243097742795,1533,1497,Microtubule inhibitor
Panc 03.27,plate14,Docetaxel,"[('Docetaxel', 5.0, 'uM')]",G2M,0.09428994211318521,1533,1497,Microtubule inhibitor
Panc 03.27,plate14,Tucidinostat,"[('Tucidinostat', 5.0, 'uM')]",G1,0.26685320669233364,1272,1497,HDAC inhibitor
Panc 03.27,plate14,Tucidinostat,"[('Tucidinostat', 5.0, 'uM')]",S,-0.6268715386914921,1272,1497,HDAC inhibitor
Panc 03.27,plate14,Tucidinostat,"[('Tucidinostat', 5.0, 'uM')]",G2M,-0.09951121164063707,1272,1497,HDAC inhibitor
Panc 03.27,plate14,Vinblastine (sulfate),"[('Vinblastine (sulfate)', 5.0, 'uM')]",G1,0.09321440348853322,1403,1497,Microtubule inhibitor
Panc 03.27,plate14,Vinblastine (sulfate),"[('Vinblastine (sulfate)', 5.0, 'uM')]",S,-0.41043797302101426,1403,1497,Microtubule inhibitor
Panc 03.27,plate14,Vinblastine (sulfate),"[('Vinblastine (sulfate)', 5.0, 'uM')]",G2M,0.035580230118454396,1403,1497,Microtubule inhibitor
Panc 03.27,plate2,Abemaciclib,"[('Abemaciclib', 0.5, 'uM')]",G1,-0.3273284586746989,1492,3915,CDK inhibitor
Panc 03.27,plate2,Abemaciclib,"[('Abemaciclib', 0.5, 'uM')]",S,0.07888713816516366,1492,3915,CDK inhibitor
Panc 03.27,plate2,Abemaciclib,"[('Abemaciclib', 0.5, 'uM')]",G2M,0.35886410781090067,1492,3915,CDK inhibitor
Panc 03.27,plate2,Paclitaxel,"[('Paclitaxel', 0.5, 'uM')]",G1,-0.21509563109292237,2336,3915,Microtubule inhibitor
Panc 03.27,plate2,Paclitaxel,"[('Paclitaxel', 0.5, 'uM')]",S,-0.43108232472356,2336,3915,Microtubule inhibitor
Panc 03.27,plate2,Paclitaxel,"[('Paclitaxel', 0.5, 'uM')]",G2M,0.3882815682869043,2336,3915,Microtubule inhibitor
Panc 03.27,plate2,Tubulin inhibitor 6,"[('Tubulin inhibitor 6', 0.5, 'uM')]",G1,-0.08810025660964979,2326,3915,Microtubule inhibitor
Panc 03.27,plate2,Tubulin inhibitor 6,"[('Tubulin inhibitor 6', 0.5, 'uM')]",S,-0.1787191575782059,2326,3915,Microtubule inhibitor
Panc 03.27,plate2,Tubulin inhibitor 6,"[('Tubulin inhibitor 6', 0.5, 'uM')]",G2M,0.16945574068421523,2326,3915,Microtubule inhibitor
Panc 03.27,plate2,palbociclib,"[('palbociclib', 0.5, 'uM')]",G1,0.6117735152782467,1526,3915,CDK inhibitor
Panc 03.27,plate2,palbociclib,"[('palbociclib', 0.5, 'uM')]",S,-1.2339245663970004,1526,3915,CDK inhibitor
Panc 03.27,plate2,palbociclib,"[('palbociclib', 0.5, 'uM')]",G2M,-0.3529896153533342,1526,3915,CDK inhibitor
Panc 03.27,plate2,vincristine,"[('vincristine', 0.5, 'uM')]",G1,0.037592563719466815,620,3915,Microtubule inhibitor
Panc 03.27,plate2,vincristine,"[('vincristine', 0.5, 'uM')]",S,0.06907684799811413,620,3915,Microtubule inhibitor
Panc 03.27,plate2,vincristine,"[('vincristine', 0.5, 'uM')]",G2M,-0.06799100854022251,620,3915,Microtubule inhibitor
Panc 03.27,plate3,Abemaciclib,"[('Abemaciclib', 5.0, 'uM')]",G1,0.13300006388786303,675,1575,CDK inhibitor
Panc 03.27,plate3,Abemaciclib,"[('Abemaciclib', 5.0, 'uM')]",S,0.02311899863129482,675,1575,CDK inhibitor
Panc 03.27,plate3,Abemaciclib,"[('Abemaciclib', 5.0, 'uM')]",G2M,-0.1606543545021104,675,1575,CDK inhibitor
Panc 03.27,plate3,Paclitaxel,"[('Paclitaxel', 5.0, 'uM')]",G1,-0.016905349687463135,1804,1575,Microtubule inhibitor
Panc 03.27,plate3,Paclitaxel,"[('Paclitaxel', 5.0, 'uM')]",S,-0.2864449698103197,1804,1575,Microtubule inhibitor
Panc 03.27,plate3,Paclitaxel,"[('Paclitaxel', 5.0, 'uM')]",G2M,0.11571296201596243,1804,1575,Microtubule inhibitor
Panc 03.27,plate3,Tubulin inhibitor 6,"[('Tubulin inhibitor 6', 5.0, 'uM')]",G1,0.1992919249213867,690,1575,Microtubule inhibitor
Panc 03.27,plate3,Tubulin inhibitor 6,"[('Tubulin inhibitor 6', 5.0, 'uM')]",S,0.09816937193193688,690,1575,Microtubule inhibitor
Panc 03.27,plate3,Tubulin inhibitor 6,"[('Tubulin inhibitor 6', 5.0, 'uM')]",G2M,-0.2710609489137437,690,1575,Microtubule inhibitor
Panc 03.27,plate3,palbociclib,"[('palbociclib', 5.0, 'uM')]",G1,0.6000357433124811,614,1575,CDK inhibitor
Panc 03.27,plate3,palbociclib,"[('palbociclib', 5.0, 'uM')]",S,-0.5666372676758521,614,1575,CDK inhibitor
Panc 03.27,plate3,palbociclib,"[('palbociclib', 5.0, 'uM')]",G2M,-0.4992341993559067,614,1575,CDK inhibitor
Panc 03.27,plate3,vincristine,"[('vincristine', 5.0, 'uM')]",G1,0.19514193326475626,485,1575,Microtubule inhibitor
Panc 03.27,plate3,vincristine,"[('vincristine', 5.0, 'uM')]",S,-0.6100100643142897,485,1575,Microtubule inhibitor
Panc 03.27,plate3,vincristine,"[('vincristine', 5.0, 'uM')]",G2M,-0.023437829570482228,485,1575,Microtubule inhibitor
Panc 03.27,plate4,Docetaxel,"[('Docetaxel', 0.05, 'uM')]",G1,-0.8345122220097376,249,2588,Microtubule inhibitor
Panc 03.27,plate4,Docetaxel,"[('Docetaxel', 0.05, 'uM')]",S,0.2681222023108937,249,2588,Microtubule inhibitor
Panc 03.27,plate4,Docetaxel,"[('Docetaxel', 0.05, 'uM')]",G2M,0.8522706673077476,249,2588,Microtubule inhibitor
Panc 03.27,plate4,Tucidinostat,"[('Tucidinostat', 0.05, 'uM')]",G1,0.044003764511863455,1302,2588,HDAC inhibitor
Panc 03.27,plate4,Tucidinostat,"[('Tucidinostat', 0.05, 'uM')]",S,-0.6019770905599431,1302,2588,HDAC inhibitor
Panc 03.27,plate4,Tucidinostat,"[('Tucidinostat', 0.05, 'uM')]",G2M,0.09214833034712511,1302,2588,HDAC inhibitor
Panc 03.27,plate4,Vinblastine (sulfate),"[('Vinblastine (sulfate)', 0.05, 'uM')]",G1,0.1351800174902207,1330,2588,Microtubule inhibitor
Panc 03.27,plate4,Vinblastine (sulfate),"[('Vinblastine (sulfate)', 0.05, 'uM')]",S,-0.06922222779764428,1330,2588,Microtubule inhibitor
Panc 03.27,plate4,Vinblastine (sulfate),"[('Vinblastine (sulfate)', 0.05, 'uM')]",G2M,-0.13312226902355548,1330,2588,Microtubule inhibitor
Panc 03.27,plate5,Docetaxel,"[('Docetaxel', 0.5, 'uM')]",G1,-0.35703689457737886,1139,2773,Microtubule inhibitor
Panc 03.27,plate5,Docetaxel,"[('Docetaxel', 0.5, 'uM')]",S,-0.10704257033964429,1139,2773,Microtubule inhibitor
Panc 03.27,plate5,Docetaxel,"[('Docetaxel', 0.5, 'uM')]",G2M,0.43328223300785457,1139,2773,Microtubule inhibitor
Panc 03.27,plate5,Tucidinostat,"[('Tucidinostat', 0.5, 'uM')]",G1,0.04222319540812996,983,2773,HDAC inhibitor
Panc 03.27,plate5,Tucidinostat,"[('Tucidinostat', 0.5, 'uM')]",S,-1.4472714819699504,983,2773,HDAC inhibitor
Panc 03.27,plate5,Tucidinostat,"[('Tucidinostat', 0.5, 'uM')]",G2M,0.2473616600661161,983,2773,HDAC inhibitor
Panc 03.27,plate5,Vinblastine (sulfate),"[('Vinblastine (sulfate)', 0.5, 'uM')]",G1,0.4780621908583374,641,2773,Microtubule inhibitor
Panc 03.27,plate5,Vinblastine (sulfate),"[('Vinblastine (sulfate)', 0.5, 'uM')]",S,-1.4311929189170458,641,2773,Microtubule inhibitor
Panc 03.27,plate5,Vinblastine (sulfate),"[('Vinblastine (sulfate)', 0.5, 'uM')]",G2M,-0.21545930624253193,641,2773,Microtubule inhibitor
Panc 03.27,plate6,Docetaxel,"[('Docetaxel', 5.0, 'uM')]",G1,-0.02534375445054042,789,3012,Microtubule inhibitor
Panc 03.27,plate6,Docetaxel,"[('Docetaxel', 5.0, 'uM')]",S,-0.44673484788044754,789,3012,Microtubule inhibitor
Panc 03.27,plate6,Docetaxel,"[('Docetaxel', 5.0, 'uM')]",G2M,0.14968622545212834,789,3012,Microtubule inhibitor
Panc 03.27,plate6,Tucidinostat,"[('Tucidinostat', 5.0, 'uM')]",G1,0.11278271032121473,1091,3012,HDAC inhibitor
Panc 03.27,plate6,Tucidinostat,"[('Tucidinostat', 5.0, 'uM')]",S,-1.3949382765141274,1091,3012,HDAC inhibitor
Panc 03.27,plate6,Tucidinostat,"[('Tucidinostat', 5.0, 'uM')]",G2M,0.1553901219825134,1091,3012,HDAC inhibitor
Panc 03.27,plate6,Vinblastine (sulfate),"[('Vinblastine (sulfate)', 5.0, 'uM')]",G1,0.6654203141516849,883,3012,Microtubule inhibitor
Panc 03.27,plate6,Vinblastine (sulfate),"[('Vinblastine (sulfate)', 5.0, 'uM')]",S,-1.2757436579722787,883,3012,Microtubule inhibitor
Panc 03.27,plate6,Vinblastine (sulfate),"[('Vinblastine (sulfate)', 5.0, 'uM')]",G2M,-0.4569525369626455,883,3012,Microtubule inhibitor
Panc 03.27,plate7,Dinaciclib,"[('Dinaciclib', 0.05, 'uM')]",G1,-1.7266747373499798,136,1682,CDK inhibitor
Panc 03.27,plate7,Dinaciclib,"[('Dinaciclib', 0.05, 'uM')]",S,1.5117761179236613,136,1682,CDK inhibitor
Panc 03.27,plate7,Dinaciclib,"[('Dinaciclib', 0.05, 'uM')]",G2M,0.9971901816964859,136,1682,CDK inhibitor
Panc 03.27,plate7,Docetaxel (Trihydrate),"[('Docetaxel (Trihydrate)', 0.05, 'uM')]",G1,-0.17609691042741432,971,1682,Microtubule inhibitor
Panc 03.27,plate7,Docetaxel (Trihydrate),"[('Docetaxel (Trihydrate)', 0.05, 'uM')]",S,0.02046879222898073,971,1682,Microtubule inhibitor
Panc 03.27,plate7,Docetaxel (Trihydrate),"[('Docetaxel (Trihydrate)', 0.05, 'uM')]",G2M,0.17363558056057163,971,1682,Microtubule inhibitor
Panc 03.27,plate7,Mebendazole,"[('Mebendazole', 0.05, 'uM')]",G1,0.09216750823061767,1230,1682,Microtubule inhibitor
Panc 03.27,plate7,Mebendazole,"[('Mebendazole', 0.05, 'uM')]",S,-0.8443584975923811,1230,1682,Microtubule inhibitor
Panc 03.27,plate7,Mebendazole,"[('Mebendazole', 0.05, 'uM')]",G2M,0.06805040180875326,1230,1682,Microtubule inhibitor
Panc 03.27,plate8,Dinaciclib,"[('Dinaciclib', 0.5, 'uM')]",G1,-1.2701234403674904,260,3475,CDK inhibitor
Panc 03.27,plate8,Dinaciclib,"[('Dinaciclib', 0.5, 'uM')]",S,2.108230167469853,260,3475,CDK inhibitor
Panc 03.27,plate8,Dinaciclib,"[('Dinaciclib', 0.5, 'uM')]",G2M,0.8007684219014086,260,3475,CDK inhibitor
Panc 03.27,plate8,Docetaxel (Trihydrate),"[('Docetaxel (Trihydrate)', 0.5, 'uM')]",G1,-0.3634560839043161,1290,3475,Microtubule inhibitor
Panc 03.27,plate8,Docetaxel (Trihydrate),"[('Docetaxel (Trihydrate)', 0.5, 'uM')]",S,0.25140110429416435,1290,3475,Microtubule inhibitor
Panc 03.27,plate8,Docetaxel (Trihydrate),"[('Docetaxel (Trihydrate)', 0.5, 'uM')]",G2M,0.34565494948690284,1290,3475,Microtubule inhibitor
Panc 03.27,plate8,Mebendazole,"[('Mebendazole', 0.5, 'uM')]",G1,-0.30313346250951806,1531,3475,Microtubule inhibitor
Panc 03.27,plate8,Mebendazole,"[('Mebendazole', 0.5, 'uM')]",S,0.15148434212681716,1531,3475,Microtubule inhibitor
Panc 03.27,plate8,Mebendazole,"[('Mebendazole', 0.5, 'uM')]",G2M,0.2970321948655897,1531,3475,Microtubule inhibitor
Panc 03.27,plate9,Dinaciclib,"[('Dinaciclib', 5.0, 'uM')]",G1,-2.7824453061039836,90,2237,CDK inhibitor
Panc 03.27,plate9,Dinaciclib,"[('Dinaciclib', 5.0, 'uM')]",S,2.115261994200816,90,2237,CDK inhibitor
Panc 03.27,plate9,Dinaciclib,"[('Dinaciclib', 5.0, 'uM')]",G2M,1.587990987880787,90,2237,CDK inhibitor
Panc 03.27,plate9,Docetaxel (Trihydrate),"[('Docetaxel (Trihydrate)', 5.0, 'uM')]",G1,0.03211679987399997,1093,2237,Microtubule inhibitor
Panc 03.27,plate9,Docetaxel (Trihydrate),"[('Docetaxel (Trihydrate)', 5.0, 'uM')]",S,-0.5368182877788675,1093,2237,Microtubule inhibitor
Panc 03.27,plate9,Docetaxel (Trihydrate),"[('Docetaxel (Trihydrate)', 5.0, 'uM')]",G2M,0.03675111583712655,1093,2237,Microtubule inhibitor
Panc 03.27,plate9,Mebendazole,"[('Mebendazole', 5.0, 'uM')]",G1,0.26057364876073025,2100,2237,Microtubule inhibitor
Panc 03.27,plate9,Mebendazole,"[('Mebendazole', 5.0, 'uM')]",S,-0.4892567461380563,2100,2237,Microtubule inhibitor
Panc 03.27,plate9,Mebendazole,"[('Mebendazole', 5.0, 'uM')]",G2M,-0.1986550096692625,2100,2237,Microtubule inhibitor
RKO,plate1,Paclitaxel,"[('Paclitaxel', 0.05, 'uM')]",G1,0.4319990861318331,1470,4362,Microtubule inhibitor
RKO,plate1,Paclitaxel,"[('Paclitaxel', 0.05, 'uM')]",S,-0.34861600259300596,1470,4362,Microtubule inhibitor
RKO,plate1,Paclitaxel,"[('Paclitaxel', 0.05, 'uM')]",G2M,-0.3078443373636071,1470,4362,Microtubule inhibitor
RKO,plate1,Tubulin inhibitor 6,"[('Tubulin inhibitor 6', 0.05, 'uM')]",G1,0.06804144856759406,1362,4362,Microtubule inhibitor
RKO,plate1,Tubulin inhibitor 6,"[('Tubulin inhibitor 6', 0.05, 'uM')]",S,-0.12889048571272824,1362,4362,Microtubule inhibitor
RKO,plate1,Tubulin inhibitor 6,"[('Tubulin inhibitor 6', 0.05, 'uM')]",G2M,0.003708343569383838,1362,4362,Microtubule inhibitor
RKO,plate1,palbociclib,"[('palbociclib', 0.05, 'uM')]",G1,0.3477636391409529,1155,4362,CDK inhibitor
RKO,plate1,palbociclib,"[('palbociclib', 0.05, 'uM')]",S,-0.1321189103796834,1155,4362,CDK inhibitor
RKO,plate1,palbociclib,"[('palbociclib', 0.05, 'uM')]",G2M,-0.3426713156655856,1155,4362,CDK inhibitor
RKO,plate1,vincristine,"[('vincristine', 0.05, 'uM')]",G1,-0.3029024344093519,907,4362,Microtubule inhibitor
RKO,plate1,vincristine,"[('vincristine', 0.05, 'uM')]",S,-0.7826180300211578,907,4362,Microtubule inhibitor
RKO,plate1,vincristine,"[('vincristine', 0.05, 'uM')]",G2M,0.7362869526846638,907,4362,Microtubule inhibitor
RKO,plate10,Belinostat,"[('Belinostat', 0.05, 'uM')]",G1,-0.334111772934977,1595,4468,HDAC inhibitor
RKO,plate10,Belinostat,"[('Belinostat', 0.05, 'uM')]",S,-0.41416937087694106,1595,4468,HDAC inhibitor
RKO,plate10,Belinostat,"[('Belinostat', 0.05, 'uM')]",G2M,0.5506798553613885,1595,4468,HDAC inhibitor
RKO,plate10,Carbamazepine,"[('Carbamazepine', 0.05, 'uM')]",G1,-0.04940832181485238,1466,4468,HDAC inhibitor
RKO,plate10,Carbamazepine,"[('Carbamazepine', 0.05, 'uM')]",S,-0.1670956336938264,1466,4468,HDAC inhibitor
RKO,plate10,Carbamazepine,"[('Carbamazepine', 0.05, 'uM')]",G2M,0.13623170958640773,1466,4468,HDAC inhibitor
RKO,plate10,Panobinostat,"[('Panobinostat', 0.05, 'uM')]",G1,-1.3604365092000654,2028,4468,HDAC inhibitor
RKO,plate10,Panobinostat,"[('Panobinostat', 0.05, 'uM')]",S,0.08432466749484047,2028,4468,HDAC inhibitor
RKO,plate10,Panobinostat,"[('Panobinostat', 0.05, 'uM')]",G2M,1.4585449853707022,2028,4468,HDAC inhibitor
RKO,plate11,Belinostat,"[('Belinostat', 0.5, 'uM')]",G1,-1.4543593049616608,625,3845,HDAC inhibitor
RKO,plate11,Belinostat,"[('Belinostat', 0.5, 'uM')]",S,0.3888651314777279,625,3845,HDAC inhibitor
RKO,plate11,Belinostat,"[('Belinostat', 0.5, 'uM')]",G2M,1.1318069817816123,625,3845,HDAC inhibitor
RKO,plate11,Carbamazepine,"[('Carbamazepine', 0.5, 'uM')]",G1,0.07537156174564642,1032,3845,HDAC inhibitor
RKO,plate11,Carbamazepine,"[('Carbamazepine', 0.5, 'uM')]",S,-0.28485600037823805,1032,3845,HDAC inhibitor
RKO,plate11,Carbamazepine,"[('Carbamazepine', 0.5, 'uM')]",G2M,0.07166630231236082,1032,3845,HDAC inhibitor
RKO,plate11,Panobinostat,"[('Panobinostat', 0.5, 'uM')]",G1,-3.082270542109869,1695,3845,HDAC inhibitor
RKO,plate11,Panobinostat,"[('Panobinostat', 0.5, 'uM')]",S,1.1947600219628185,1695,3845,HDAC inhibitor
RKO,plate11,Panobinostat,"[('Panobinostat', 0.5, 'uM')]",G2M,1.4520987426328702,1695,3845,HDAC inhibitor
RKO,plate12,Belinostat,"[('Belinostat', 5.0, 'uM')]",G1,-2.908237296437892,1846,4434,HDAC inhibitor
RKO,plate12,Belinostat,"[('Belinostat', 5.0, 'uM')]",S,0.7432648657575767,1846,4434,HDAC inhibitor
RKO,plate12,Belinostat,"[('Belinostat', 5.0, 'uM')]",G2M,1.9032538994698645,1846,4434,HDAC inhibitor
RKO,plate12,Carbamazepine,"[('Carbamazepine', 5.0, 'uM')]",G1,0.22379299468288247,1370,4434,HDAC inhibitor
RKO,plate12,Carbamazepine,"[('Carbamazepine', 5.0, 'uM')]",S,-0.33973550677611714,1370,4434,HDAC inhibitor
RKO,plate12,Carbamazepine,"[('Carbamazepine', 5.0, 'uM')]",G2M,-0.06236628380513394,1370,4434,HDAC inhibitor
RKO,plate12,Panobinostat,"[('Panobinostat', 5.0, 'uM')]",G1,-3.392636998119922,1864,4434,HDAC inhibitor
RKO,plate12,Panobinostat,"[('Panobinostat', 5.0, 'uM')]",S,1.112730324534373,1864,4434,HDAC inhibitor
RKO,plate12,Panobinostat,"[('Panobinostat', 5.0, 'uM')]",G2M,1.8032667502696649,1864,4434,HDAC inhibitor
RKO,plate13,Abemaciclib,"[('Abemaciclib', 0.05, 'uM')]",G1,-0.611619608317526,2111,2312,CDK inhibitor
RKO,plate13,Abemaciclib,"[('Abemaciclib', 0.05, 'uM')]",S,0.7302820444795819,2111,2312,CDK inhibitor
RKO,plate13,Abemaciclib,"[('Abemaciclib', 0.05, 'uM')]",G2M,0.3056145513655073,2111,2312,CDK inhibitor
RKO,plate13,Ribociclib,"[('Ribociclib', 0.05, 'uM')]",G1,-0.0948641637041328,1698,2312,CDK inhibitor
RKO,plate13,Ribociclib,"[('Ribociclib', 0.05, 'uM')]",S,0.024045677838073824,1698,2312,CDK inhibitor
RKO,plate13,Ribociclib,"[('Ribociclib', 0.05, 'uM')]",G2M,0.1003437677078169,1698,2312,CDK inhibitor
RKO,plate13,Ribociclib,"[('Ribociclib', 0.5, 'uM')]",G1,-0.05859575912247458,1691,2312,CDK inhibitor
RKO,plate13,Ribociclib,"[('Ribociclib', 0.5, 'uM')]",S,0.05652258401871007,1691,2312,CDK inhibitor
RKO,plate13,Ribociclib,"[('Ribociclib', 0.5, 'uM')]",G2M,0.04215245652206844,1691,2312,CDK inhibitor
RKO,plate13,Ribociclib,"[('Ribociclib', 5.0, 'uM')]",G1,-0.05147618528397953,1922,2312,CDK inhibitor
RKO,plate13,Ribociclib,"[('Ribociclib', 5.0, 'uM')]",S,0.003140113262714779,1922,2312,CDK inhibitor
RKO,plate13,Ribociclib,"[('Ribociclib', 5.0, 'uM')]",G2M,0.05939235407741637,1922,2312,CDK inhibitor
RKO,plate14,Docetaxel,"[('Docetaxel', 5.0, 'uM')]",G1,-0.4965688677559748,1433,2163,Microtubule inhibitor
RKO,plate14,Docetaxel,"[('Docetaxel', 5.0, 'uM')]",S,-0.6074445003630325,1433,2163,Microtubule inhibitor
RKO,plate14,Docetaxel,"[('Docetaxel', 5.0, 'uM')]",G2M,0.9824484684119656,1433,2163,Microtubule inhibitor
RKO,plate14,Tucidinostat,"[('Tucidinostat', 5.0, 'uM')]",G1,-0.197480749226724,1587,2163,HDAC inhibitor
RKO,plate14,Tucidinostat,"[('Tucidinostat', 5.0, 'uM')]",S,-0.2926583455080398,1587,2163,HDAC inhibitor
RKO,plate14,Tucidinostat,"[('Tucidinostat', 5.0, 'uM')]",G2M,0.4691479438768145,1587,2163,HDAC inhibitor
RKO,plate14,Vinblastine (sulfate),"[('Vinblastine (sulfate)', 5.0, 'uM')]",G1,0.22967372634653646,1071,2163,Microtubule inhibitor
RKO,plate14,Vinblastine (sulfate),"[('Vinblastine (sulfate)', 5.0, 'uM')]",S,-0.9040111000891178,1071,2163,Microtubule inhibitor
RKO,plate14,Vinblastine (sulfate),"[('Vinblastine (sulfate)', 5.0, 'uM')]",G2M,0.32829103025648754,1071,2163,Microtubule inhibitor
RKO,plate2,Abemaciclib,"[('Abemaciclib', 0.5, 'uM')]",G1,-0.4603597438392755,2048,5984,CDK inhibitor
RKO,plate2,Abemaciclib,"[('Abemaciclib', 0.5, 'uM')]",S,0.32290483284340904,2048,5984,CDK inhibitor
RKO,plate2,Abemaciclib,"[('Abemaciclib', 0.5, 'uM')]",G2M,0.29148854927445705,2048,5984,CDK inhibitor
RKO,plate2,Paclitaxel,"[('Paclitaxel', 0.5, 'uM')]",G1,-0.14153535173744983,3515,5984,Microtubule inhibitor
RKO,plate2,Paclitaxel,"[('Paclitaxel', 0.5, 'uM')]",S,-0.1862934433679152,3515,5984,Microtubule inhibitor
RKO,plate2,Paclitaxel,"[('Paclitaxel', 0.5, 'uM')]",G2M,0.3497084154864239,3515,5984,Microtubule inhibitor
RKO,plate2,Tubulin inhibitor 6,"[('Tubulin inhibitor 6', 0.5, 'uM')]",G1,0.3113895362507861,3469,5984,Microtubule inhibitor
RKO,plate2,Tubulin inhibitor 6,"[('Tubulin inhibitor 6', 0.5, 'uM')]",S,-0.47887524943738785,3469,5984,Microtubule inhibitor
RKO,plate2,Tubulin inhibitor 6,"[('Tubulin inhibitor 6', 0.5, 'uM')]",G2M,-0.0008902890197142815,3469,5984,Microtubule inhibitor
RKO,plate2,palbociclib,"[('palbociclib', 0.5, 'uM')]",G1,1.48628530699237,1960,5984,CDK inhibitor
RKO,plate2,palbociclib,"[('palbociclib', 0.5, 'uM')]",S,-1.4000516824137437,1960,5984,CDK inhibitor
RKO,plate2,palbociclib,"[('palbociclib', 0.5, 'uM')]",G2M,-0.9834300709472864,1960,5984,CDK inhibitor
RKO,plate2,vincristine,"[('vincristine', 0.5, 'uM')]",G1,-0.7172378600149948,604,5984,Microtubule inhibitor
RKO,plate2,vincristine,"[('vincristine', 0.5, 'uM')]",S,-0.535727424783104,604,5984,Microtubule inhibitor
RKO,plate2,vincristine,"[('vincristine', 0.5, 'uM')]",G2M,1.2227667669005942,604,5984,Microtubule inhibitor
RKO,plate3,Abemaciclib,"[('Abemaciclib', 5.0, 'uM')]",G1,-0.22083686825131715,934,1430,CDK inhibitor
RKO,plate3,Abemaciclib,"[('Abemaciclib', 5.0, 'uM')]",S,0.5820476371483742,934,1430,CDK inhibitor
RKO,plate3,Abemaciclib,"[('Abemaciclib', 5.0, 'uM')]",G2M,-0.25967216345967414,934,1430,CDK inhibitor
RKO,plate3,Paclitaxel,"[('Paclitaxel', 5.0, 'uM')]",G1,0.026983953874761036,1731,1430,Microtubule inhibitor
RKO,plate3,Paclitaxel,"[('Paclitaxel', 5.0, 'uM')]",S,-0.6483573381060355,1731,1430,Microtubule inhibitor
RKO,plate3,Paclitaxel,"[('Paclitaxel', 5.0, 'uM')]",G2M,0.38243077104993867,1731,1430,Microtubule inhibitor
RKO,plate3,Tubulin inhibitor 6,"[('Tubulin inhibitor 6', 5.0, 'uM')]",G1,0.4680746157765167,650,1430,Microtubule inhibitor
RKO,plate3,Tubulin inhibitor 6,"[('Tubulin inhibitor 6', 5.0, 'uM')]",S,-0.19140829824471042,650,1430,Microtubule inhibitor
RKO,plate3,Tubulin inhibitor 6,"[('Tubulin inhibitor 6', 5.0, 'uM')]",G2M,-0.37083256987722213,650,1430,Microtubule inhibitor
RKO,plate3,palbociclib,"[('palbociclib', 5.0, 'uM')]",G1,1.5059308609465267,846,1430,CDK inhibitor
RKO,plate3,palbociclib,"[('palbociclib', 5.0, 'uM')]",S,-1.1380142957134267,846,1430,CDK inhibitor
RKO,plate3,palbociclib,"[('palbociclib', 5.0, 'uM')]",G2M,-1.028265409717798,846,1430,CDK inhibitor
RKO,plate3,vincristine,"[('vincristine', 5.0, 'uM')]",G1,-0.39166050881624725,287,1430,Microtubule inhibitor
RKO,plate3,vincristine,"[('vincristine', 5.0, 'uM')]",S,-0.6096062383909717,287,1430,Microtubule inhibitor
RKO,plate3,vincristine,"[('vincristine', 5.0, 'uM')]",G2M,0.766334751445061,287,1430,Microtubule inhibitor
RKO,plate4,Docetaxel,"[('Docetaxel', 0.05, 'uM')]",G1,-0.8535050487485409,890,4583,Microtubule inhibitor
RKO,plate4,Docetaxel,"[('Docetaxel', 0.05, 'uM')]",S,-1.0113727638736174,890,4583,Microtubule inhibitor
RKO,plate4,Docetaxel,"[('Docetaxel', 0.05, 'uM')]",G2M,1.3651746059738088,890,4583,Microtubule inhibitor
RKO,plate4,Tucidinostat,"[('Tucidinostat', 0.05, 'uM')]",G1,0.25785606019916296,2189,4583,HDAC inhibitor
RKO,plate4,Tucidinostat,"[('Tucidinostat', 0.05, 'uM')]",S,-0.36316768398091315,2189,4583,HDAC inhibitor
RKO,plate4,Tucidinostat,"[('Tucidinostat', 0.05, 'uM')]",G2M,-0.08832568982035961,2189,4583,HDAC inhibitor
RKO,plate4,Vinblastine (sulfate),"[('Vinblastine (sulfate)', 0.05, 'uM')]",G1,-0.1844333617098368,1437,4583,Microtubule inhibitor
RKO,plate4,Vinblastine (sulfate),"[('Vinblastine (sulfate)', 0.05, 'uM')]",S,-0.4108678513602319,1437,4583,Microtubule inhibitor
RKO,plate4,Vinblastine (sulfate),"[('Vinblastine (sulfate)', 0.05, 'uM')]",G2M,0.44706404236945385,1437,4583,Microtubule inhibitor
RKO,plate5,Docetaxel,"[('Docetaxel', 0.5, 'uM')]",G1,-0.417179411805639,1295,5222,Microtubule inhibitor
RKO,plate5,Docetaxel,"[('Docetaxel', 0.5, 'uM')]",S,-0.8822299098312508,1295,5222,Microtubule inhibitor
RKO,plate5,Docetaxel,"[('Docetaxel', 0.5, 'uM')]",G2M,0.8941304630252159,1295,5222,Microtubule inhibitor
RKO,plate5,Tucidinostat,"[('Tucidinostat', 0.5, 'uM')]",G1,0.2687446130428214,1575,5222,HDAC inhibitor
RKO,plate5,Tucidinostat,"[('Tucidinostat', 0.5, 'uM')]",S,-0.7865803282254474,1575,5222,HDAC inhibitor
RKO,plate5,Tucidinostat,"[('Tucidinostat', 0.5, 'uM')]",G2M,0.14402409538252656,1575,5222,HDAC inhibitor
RKO,plate5,Vinblastine (sulfate),"[('Vinblastine (sulfate)', 0.5, 'uM')]",G1,-0.14714511674385852,561,5222,Microtubule inhibitor
RKO,plate5,Vinblastine (sulfate),"[('Vinblastine (sulfate)', 0.5, 'uM')]",S,-0.9050783482266042,561,5222,Microtubule inhibitor
RKO,plate5,Vinblastine (sulfate),"[('Vinblastine (sulfate)', 0.5, 'uM')]",G2M,0.6364904579776683,561,5222,Microtubule inhibitor
RKO,plate6,Docetaxel,"[('Docetaxel', 5.0, 'uM')]",G1,-0.17455399805252803,832,6303,Microtubule inhibitor
RKO,plate6,Docetaxel,"[('Docetaxel', 5.0, 'uM')]",S,-1.265915443901226,832,6303,Microtubule inhibitor
RKO,plate6,Docetaxel,"[('Docetaxel', 5.0, 'uM')]",G2M,0.840712828639575,832,6303,Microtubule inhibitor
RKO,plate6,Tucidinostat,"[('Tucidinostat', 5.0, 'uM')]",G1,0.3308436878874685,1850,6303,HDAC inhibitor
RKO,plate6,Tucidinostat,"[('Tucidinostat', 5.0, 'uM')]",S,-1.9519668560848902,1850,6303,HDAC inhibitor
RKO,plate6,Tucidinostat,"[('Tucidinostat', 5.0, 'uM')]",G2M,0.5055567354266141,1850,6303,HDAC inhibitor
RKO,plate6,Vinblastine (sulfate),"[('Vinblastine (sulfate)', 5.0, 'uM')]",G1,0.35517719164057615,1039,6303,Microtubule inhibitor
RKO,plate6,Vinblastine (sulfate),"[('Vinblastine (sulfate)', 5.0, 'uM')]",S,-1.572831607719423,1039,6303,Microtubule inhibitor
RKO,plate6,Vinblastine (sulfate),"[('Vinblastine (sulfate)', 5.0, 'uM')]",G2M,0.3802496458839299,1039,6303,Microtubule inhibitor
RKO,plate7,Docetaxel (Trihydrate),"[('Docetaxel (Trihydrate)', 0.05, 'uM')]",G1,-0.20280557925212256,884,1939,Microtubule inhibitor
RKO,plate7,Docetaxel (Trihydrate),"[('Docetaxel (Trihydrate)', 0.05, 'uM')]",S,-0.672415610897034,884,1939,Microtubule inhibitor
RKO,plate7,Docetaxel (Trihydrate),"[('Docetaxel (Trihydrate)', 0.05, 'uM')]",G2M,0.4903673330334381,884,1939,Microtubule inhibitor
RKO,plate7,Mebendazole,"[('Mebendazole', 0.05, 'uM')]",G1,0.13448997144640426,977,1939,Microtubule inhibitor
RKO,plate7,Mebendazole,"[('Mebendazole', 0.05, 'uM')]",S,0.0010081886883160402,977,1939,Microtubule inhibitor
RKO,plate7,Mebendazole,"[('Mebendazole', 0.05, 'uM')]",G2M,-0.13904910397996778,977,1939,Microtubule inhibitor
RKO,plate8,Dinaciclib,"[('Dinaciclib', 0.5, 'uM')]",G1,-1.600615484440535,58,4913,CDK inhibitor
RKO,plate8,Dinaciclib,"[('Dinaciclib', 0.5, 'uM')]",S,1.0404068455446798,58,4913,CDK inhibitor
RKO,plate8,Dinaciclib,"[('Dinaciclib', 0.5, 'uM')]",G2M,1.2096499721202132,58,4913,CDK inhibitor
RKO,plate8,Docetaxel (Trihydrate),"[('Docetaxel (Trihydrate)', 0.5, 'uM')]",G1,-0.7259950012314769,1291,4913,Microtubule inhibitor
RKO,plate8,Docetaxel (Trihydrate),"[('Docetaxel (Trihydrate)', 0.5, 'uM')]",S,-0.582873572379345,1291,4913,Microtubule inhibitor
RKO,plate8,Docetaxel (Trihydrate),"[('Docetaxel (Trihydrate)', 0.5, 'uM')]",G2M,1.1105659169924227,1291,4913,Microtubule inhibitor
RKO,plate8,Mebendazole,"[('Mebendazole', 0.5, 'uM')]",G1,-0.32430851968828195,1359,4913,Microtubule inhibitor
RKO,plate8,Mebendazole,"[('Mebendazole', 0.5, 'uM')]",S,-0.9499353843097039,1359,4913,Microtubule inhibitor
RKO,plate8,Mebendazole,"[('Mebendazole', 0.5, 'uM')]",G2M,0.7960477131940003,1359,4913,Microtubule inhibitor
RKO,plate9,Docetaxel (Trihydrate),"[('Docetaxel (Trihydrate)', 5.0, 'uM')]",G1,-0.13247581661883667,998,2428,Microtubule inhibitor
RKO,plate9,Docetaxel (Trihydrate),"[('Docetaxel (Trihydrate)', 5.0, 'uM')]",S,-0.6363777260047228,998,2428,Microtubule inhibitor
RKO,plate9,Docetaxel (Trihydrate),"[('Docetaxel (Trihydrate)', 5.0, 'uM')]",G2M,0.43419241238512785,998,2428,Microtubule inhibitor
RKO,plate9,Mebendazole,"[('Mebendazole', 5.0, 'uM')]",G1,-0.6122026235440505,1764,2428,Microtubule inhibitor
RKO,plate9,Mebendazole,"[('Mebendazole', 5.0, 'uM')]",S,-0.3711947729295426,1764,2428,Microtubule inhibitor
RKO,plate9,Mebendazole,"[('Mebendazole', 5.0, 'uM')]",G2M,0.7684788638715284,1764,2428,Microtubule inhibitor
RPMI-7951,plate1,Paclitaxel,"[('Paclitaxel', 0.05, 'uM')]",G1,0.0990377511536721,1359,2901,Microtubule inhibitor
RPMI-7951,plate1,Paclitaxel,"[('Paclitaxel', 0.05, 'uM')]",S,0.11620032485974871,1359,2901,Microtubule inhibitor
RPMI-7951,plate1,Paclitaxel,"[('Paclitaxel', 0.05, 'uM')]",G2M,-0.1705545429379013,1359,2901,Microtubule inhibitor
RPMI-7951,plate1,Tubulin inhibitor 6,"[('Tubulin inhibitor 6', 0.05, 'uM')]",G1,0.019422149683053145,1023,2901,Microtubule inhibitor
RPMI-7951,plate1,Tubulin inhibitor 6,"[('Tubulin inhibitor 6', 0.05, 'uM')]",S,-0.16160940214966824,1023,2901,Microtubule inhibitor
RPMI-7951,plate1,Tubulin inhibitor 6,"[('Tubulin inhibitor 6', 0.05, 'uM')]",G2M,0.03467116718991226,1023,2901,Microtubule inhibitor
RPMI-7951,plate1,palbociclib,"[('palbociclib', 0.05, 'uM')]",G1,0.25080090162018065,768,2901,CDK inhibitor
RPMI-7951,plate1,palbociclib,"[('palbociclib', 0.05, 'uM')]",S,-0.18314979292518974,768,2901,CDK inhibitor
RPMI-7951,plate1,palbociclib,"[('palbociclib', 0.05, 'uM')]",G2M,-0.24558025837173802,768,2901,CDK inhibitor
RPMI-7951,plate1,vincristine,"[('vincristine', 0.05, 'uM')]",G1,0.330027846940902,1063,2901,Microtubule inhibitor
RPMI-7951,plate1,vincristine,"[('vincristine', 0.05, 'uM')]",S,-0.6157587622992521,1063,2901,Microtubule inhibitor
RPMI-7951,plate1,vincristine,"[('vincristine', 0.05, 'uM')]",G2M,-0.21009314180364388,1063,2901,Microtubule inhibitor
RPMI-7951,plate10,Belinostat,"[('Belinostat', 0.05, 'uM')]",G1,-0.767720057158827,1252,3377,HDAC inhibitor
RPMI-7951,plate10,Belinostat,"[('Belinostat', 0.05, 'uM')]",S,0.3293123204445486,1252,3377,HDAC inhibitor
RPMI-7951,plate10,Belinostat,"[('Belinostat', 0.05, 'uM')]",G2M,0.7668890237508418,1252,3377,HDAC inhibitor
RPMI-7951,plate10,Carbamazepine,"[('Carbamazepine', 0.05, 'uM')]",G1,-0.510129073459428,1188,3377,HDAC inhibitor
RPMI-7951,plate10,Carbamazepine,"[('Carbamazepine', 0.05, 'uM')]",S,0.2171147225914085,1188,3377,HDAC inhibitor
RPMI-7951,plate10,Carbamazepine,"[('Carbamazepine', 0.05, 'uM')]",G2M,0.5115082995113581,1188,3377,HDAC inhibitor
RPMI-7951,plate10,Panobinostat,"[('Panobinostat', 0.05, 'uM')]",G1,-1.0189474453532057,1501,3377,HDAC inhibitor
RPMI-7951,plate10,Panobinostat,"[('Panobinostat', 0.05, 'uM')]",S,0.9646302360985245,1501,3377,HDAC inhibitor
RPMI-7951,plate10,Panobinostat,"[('Panobinostat', 0.05, 'uM')]",G2M,0.9778529707741067,1501,3377,HDAC inhibitor
RPMI-7951,plate11,Belinostat,"[('Belinostat', 0.5, 'uM')]",G1,-0.7447872392462596,583,3275,HDAC inhibitor
RPMI-7951,plate11,Belinostat,"[('Belinostat', 0.5, 'uM')]",S,0.6554046383956976,583,3275,HDAC inhibitor
RPMI-7951,plate11,Belinostat,"[('Belinostat', 0.5, 'uM')]",G2M,0.6209815531768702,583,3275,HDAC inhibitor
RPMI-7951,plate11,Carbamazepine,"[('Carbamazepine', 0.5, 'uM')]",G1,0.1555244475563013,968,3275,HDAC inhibitor
RPMI-7951,plate11,Carbamazepine,"[('Carbamazepine', 0.5, 'uM')]",S,-0.41534147274628597,968,3275,HDAC inhibitor
RPMI-7951,plate11,Carbamazepine,"[('Carbamazepine', 0.5, 'uM')]",G2M,-0.09477967554574993,968,3275,HDAC inhibitor
RPMI-7951,plate11,Panobinostat,"[('Panobinostat', 0.5, 'uM')]",G1,-1.3753706961805934,1226,3275,HDAC inhibitor
RPMI-7951,plate11,Panobinostat,"[('Panobinostat', 0.5, 'uM')]",S,1.4580982821930666,1226,3275,HDAC inhibitor
RPMI-7951,plate11,Panobinostat,"[('Panobinostat', 0.5, 'uM')]",G2M,0.9610059143190502,1226,3275,HDAC inhibitor
RPMI-7951,plate12,Belinostat,"[('Belinostat', 5.0, 'uM')]",G1,-1.7554321642727628,1261,3271,HDAC inhibitor
RPMI-7951,plate12,Belinostat,"[('Belinostat', 5.0, 'uM')]",S,1.770402502020106,1261,3271,HDAC inhibitor
RPMI-7951,plate12,Belinostat,"[('Belinostat', 5.0, 'uM')]",G2M,1.4117583977420707,1261,3271,HDAC inhibitor
RPMI-7951,plate12,Carbamazepine,"[('Carbamazepine', 5.0, 'uM')]",G1,0.2929418721197395,1125,3271,HDAC inhibitor
RPMI-7951,plate12,Carbamazepine,"[('Carbamazepine', 5.0, 'uM')]",S,-0.23558606220007233,1125,3271,HDAC inhibitor
RPMI-7951,plate12,Carbamazepine,"[('Carbamazepine', 5.0, 'uM')]",G2M,-0.27648988976916744,1125,3271,HDAC inhibitor
RPMI-7951,plate12,Panobinostat,"[('Panobinostat', 5.0, 'uM')]",G1,-1.6263625041028755,1178,3271,HDAC inhibitor
RPMI-7951,plate12,Panobinostat,"[('Panobinostat', 5.0, 'uM')]",S,2.159614241623124,1178,3271,HDAC inhibitor
RPMI-7951,plate12,Panobinostat,"[('Panobinostat', 5.0, 'uM')]",G2M,1.160003964082474,1178,3271,HDAC inhibitor
RPMI-7951,plate13,Abemaciclib,"[('Abemaciclib', 0.05, 'uM')]",G1,0.29627290148142077,1633,1827,CDK inhibitor
RPMI-7951,plate13,Abemaciclib,"[('Abemaciclib', 0.05, 'uM')]",S,-0.08711607757379836,1633,1827,CDK inhibitor
RPMI-7951,plate13,Abemaciclib,"[('Abemaciclib', 0.05, 'uM')]",G2M,-0.29639837642734845,1633,1827,CDK inhibitor
RPMI-7951,plate13,Ribociclib,"[('Ribociclib', 0.05, 'uM')]",G1,0.15121275782313254,1535,1827,CDK inhibitor
RPMI-7951,plate13,Ribociclib,"[('Ribociclib', 0.05, 'uM')]",S,0.15435431916924439,1535,1827,CDK inhibitor
RPMI-7951,plate13,Ribociclib,"[('Ribociclib', 0.05, 'uM')]",G2M,-0.1726740230993217,1535,1827,CDK inhibitor
RPMI-7951,plate13,Ribociclib,"[('Ribociclib', 0.5, 'uM')]",G1,-0.028874619128816743,1335,1827,CDK inhibitor
RPMI-7951,plate13,Ribociclib,"[('Ribociclib', 0.5, 'uM')]",S,-0.19494314746914784,1335,1827,CDK inhibitor
RPMI-7951,plate13,Ribociclib,"[('Ribociclib', 0.5, 'uM')]",G2M,0.04894882558745348,1335,1827,CDK inhibitor
RPMI-7951,plate13,Ribociclib,"[('Ribociclib', 5.0, 'uM')]",G1,0.014134080191996176,1493,1827,CDK inhibitor
RPMI-7951,plate13,Ribociclib,"[('Ribociclib', 5.0, 'uM')]",S,-0.12139538287099215,1493,1827,CDK inhibitor
RPMI-7951,plate13,Ribociclib,"[('Ribociclib', 5.0, 'uM')]",G2M,-0.0020963589019683945,1493,1827,CDK inhibitor
RPMI-7951,plate14,Docetaxel,"[('Docetaxel', 5.0, 'uM')]",G1,0.1764471916832739,1469,1385,Microtubule inhibitor
RPMI-7951,plate14,Docetaxel,"[('Docetaxel', 5.0, 'uM')]",S,-0.2601112753540638,1469,1385,Microtubule inhibitor
RPMI-7951,plate14,Docetaxel,"[('Docetaxel', 5.0, 'uM')]",G2M,-0.10557861607599113,1469,1385,Microtubule inhibitor
RPMI-7951,plate14,Tucidinostat,"[('Tucidinostat', 5.0, 'uM')]",G1,0.16085679882192033,1161,1385,HDAC inhibitor
RPMI-7951,plate14,Tucidinostat,"[('Tucidinostat', 5.0, 'uM')]",S,-0.31050802563911595,1161,1385,HDAC inhibitor
RPMI-7951,plate14,Tucidinostat,"[('Tucidinostat', 5.0, 'uM')]",G2M,-0.05515785135411778,1161,1385,HDAC inhibitor
RPMI-7951,plate14,Vinblastine (sulfate),"[('Vinblastine (sulfate)', 5.0, 'uM')]",G1,-0.13207316414416748,1063,1385,Microtubule inhibitor
RPMI-7951,plate14,Vinblastine (sulfate),"[('Vinblastine (sulfate)', 5.0, 'uM')]",S,-0.07516425209352712,1063,1385,Microtubule inhibitor
RPMI-7951,plate14,Vinblastine (sulfate),"[('Vinblastine (sulfate)', 5.0, 'uM')]",G2M,0.2312067933408421,1063,1385,Microtubule inhibitor
RPMI-7951,plate2,Abemaciclib,"[('Abemaciclib', 0.5, 'uM')]",G1,-0.05417685871467393,1531,4216,CDK inhibitor
RPMI-7951,plate2,Abemaciclib,"[('Abemaciclib', 0.5, 'uM')]",S,-0.3250418018224583,1531,4216,CDK inhibitor
RPMI-7951,plate2,Abemaciclib,"[('Abemaciclib', 0.5, 'uM')]",G2M,0.28930382488543754,1531,4216,CDK inhibitor
RPMI-7951,plate2,Paclitaxel,"[('Paclitaxel', 0.5, 'uM')]",G1,-0.3298641760585287,2749,4216,Microtubule inhibitor
RPMI-7951,plate2,Paclitaxel,"[('Paclitaxel', 0.5, 'uM')]",S,0.07625530528429816,2749,4216,Microtubule inhibitor
RPMI-7951,plate2,Paclitaxel,"[('Paclitaxel', 0.5, 'uM')]",G2M,0.4559771538104376,2749,4216,Microtubule inhibitor
RPMI-7951,plate2,Tubulin inhibitor 6,"[('Tubulin inhibitor 6', 0.5, 'uM')]",G1,-0.17956698206262492,2275,4216,Microtubule inhibitor
RPMI-7951,plate2,Tubulin inhibitor 6,"[('Tubulin inhibitor 6', 0.5, 'uM')]",S,-0.02309705900377831,2275,4216,Microtubule inhibitor
RPMI-7951,plate2,Tubulin inhibitor 6,"[('Tubulin inhibitor 6', 0.5, 'uM')]",G2M,0.2960625189808749,2275,4216,Microtubule inhibitor
RPMI-7951,plate2,palbociclib,"[('palbociclib', 0.5, 'uM')]",G1,0.5820500110516577,1832,4216,CDK inhibitor
RPMI-7951,plate2,palbociclib,"[('palbociclib', 0.5, 'uM')]",S,-0.9478371952446282,1832,4216,CDK inhibitor
RPMI-7951,plate2,palbociclib,"[('palbociclib', 0.5, 'uM')]",G2M,-0.2959482023149631,1832,4216,CDK inhibitor
RPMI-7951,plate2,vincristine,"[('vincristine', 0.5, 'uM')]",G1,-0.7127172454290789,459,4216,Microtubule inhibitor
RPMI-7951,plate2,vincristine,"[('vincristine', 0.5, 'uM')]",S,0.9371777386451908,459,4216,Microtubule inhibitor
RPMI-7951,plate2,vincristine,"[('vincristine', 0.5, 'uM')]",G2M,0.3937956087413879,459,4216,Microtubule inhibitor
RPMI-7951,plate3,Abemaciclib,"[('Abemaciclib', 5.0, 'uM')]",G1,0.20802030382931186,539,804,CDK inhibitor
RPMI-7951,plate3,Abemaciclib,"[('Abemaciclib', 5.0, 'uM')]",S,-0.44515759307976616,539,804,CDK inhibitor
RPMI-7951,plate3,Abemaciclib,"[('Abemaciclib', 5.0, 'uM')]",G2M,-0.04809428820104507,539,804,CDK inhibitor
RPMI-7951,plate3,Paclitaxel,"[('Paclitaxel', 5.0, 'uM')]",G1,0.2724242886127237,2021,804,Microtubule inhibitor
RPMI-7951,plate3,Paclitaxel,"[('Paclitaxel', 5.0, 'uM')]",S,-0.11217734790886766,2021,804,Microtubule inhibitor
RPMI-7951,plate3,Paclitaxel,"[('Paclitaxel', 5.0, 'uM')]",G2M,-0.32156475547163565,2021,804,Microtubule inhibitor
RPMI-7951,plate3,Tubulin inhibitor 6,"[('Tubulin inhibitor 6', 5.0, 'uM')]",G1,-0.2987987923116893,320,804,Microtubule inhibitor
RPMI-7951,plate3,Tubulin inhibitor 6,"[('Tubulin inhibitor 6', 5.0, 'uM')]",S,0.46557185940543894,320,804,Microtubule inhibitor
RPMI-7951,plate3,Tubulin inhibitor 6,"[('Tubulin inhibitor 6', 5.0, 'uM')]",G2M,0.1334040327422945,320,804,Microtubule inhibitor
RPMI-7951,plate3,palbociclib,"[('palbociclib', 5.0, 'uM')]",G1,0.3281976953221698,461,804,CDK inhibitor
RPMI-7951,plate3,palbociclib,"[('palbociclib', 5.0, 'uM')]",S,-0.6242408263943447,461,804,CDK inhibitor
RPMI-7951,plate3,palbociclib,"[('palbociclib', 5.0, 'uM')]",G2M,-0.12385446223808372,461,804,CDK inhibitor
RPMI-7951,plate3,vincristine,"[('vincristine', 5.0, 'uM')]",G1,-0.34468492935376216,155,804,Microtubule inhibitor
RPMI-7951,plate3,vincristine,"[('vincristine', 5.0, 'uM')]",S,-0.047879061637363364,155,804,Microtubule inhibitor
RPMI-7951,plate3,vincristine,"[('vincristine', 5.0, 'uM')]",G2M,0.4972120121683208,155,804,Microtubule inhibitor
RPMI-7951,plate4,Docetaxel,"[('Docetaxel', 0.05, 'uM')]",G1,-0.8620037645488289,142,2477,Microtubule inhibitor
RPMI-7951,plate4,Docetaxel,"[('Docetaxel', 0.05, 'uM')]",S,0.8759260922240241,142,2477,Microtubule inhibitor
RPMI-7951,plate4,Docetaxel,"[('Docetaxel', 0.05, 'uM')]",G2M,0.7780528061423135,142,2477,Microtubule inhibitor
RPMI-7951,plate4,Tucidinostat,"[('Tucidinostat', 0.05, 'uM')]",G1,0.6150325577760758,1419,2477,HDAC inhibitor
RPMI-7951,plate4,Tucidinostat,"[('Tucidinostat', 0.05, 'uM')]",S,-0.5967077083942558,1419,2477,HDAC inhibitor
RPMI-7951,plate4,Tucidinostat,"[('Tucidinostat', 0.05, 'uM')]",G2M,-0.5739054198470646,1419,2477,HDAC inhibitor
RPMI-7951,plate4,Vinblastine (sulfate),"[('Vinblastine (sulfate)', 0.05, 'uM')]",G1,0.148799239050646,1344,2477,Microtubule inhibitor
RPMI-7951,plate4,Vinblastine (sulfate),"[('Vinblastine (sulfate)', 0.05, 'uM')]",S,0.7342127157542953,1344,2477,Microtubule inhibitor
RPMI-7951,plate4,Vinblastine (sulfate),"[('Vinblastine (sulfate)', 0.05, 'uM')]",G2M,-0.5096218412106368,1344,2477,Microtubule inhibitor
RPMI-7951,plate5,Docetaxel,"[('Docetaxel', 0.5, 'uM')]",G1,-0.254678618348632,1145,2811,Microtubule inhibitor
RPMI-7951,plate5,Docetaxel,"[('Docetaxel', 0.5, 'uM')]",S,0.20727339461678038,1145,2811,Microtubule inhibitor
RPMI-7951,plate5,Docetaxel,"[('Docetaxel', 0.5, 'uM')]",G2M,0.24873384228298895,1145,2811,Microtubule inhibitor
RPMI-7951,plate5,Tucidinostat,"[('Tucidinostat', 0.5, 'uM')]",G1,0.2029654687212223,723,2811,HDAC inhibitor
RPMI-7951,plate5,Tucidinostat,"[('Tucidinostat', 0.5, 'uM')]",S,-0.9627085654316424,723,2811,HDAC inhibitor
RPMI-7951,plate5,Tucidinostat,"[('Tucidinostat', 0.5, 'uM')]",G2M,0.054480214702956546,723,2811,HDAC inhibitor
RPMI-7951,plate5,Vinblastine (sulfate),"[('Vinblastine (sulfate)', 0.5, 'uM')]",G1,-0.3504747175565936,471,2811,Microtubule inhibitor
RPMI-7951,plate5,Vinblastine (sulfate),"[('Vinblastine (sulfate)', 0.5, 'uM')]",S,0.35787427265221994,471,2811,Microtubule inhibitor
RPMI-7951,plate5,Vinblastine (sulfate),"[('Vinblastine (sulfate)', 0.5, 'uM')]",G2M,0.3154426842457713,471,2811,Microtubule inhibitor
RPMI-7951,plate6,Docetaxel,"[('Docetaxel', 5.0, 'uM')]",G1,-0.47793926324728386,792,3377,Microtubule inhibitor
RPMI-7951,plate6,Docetaxel,"[('Docetaxel', 5.0, 'uM')]",S,0.2439918408654114,792,3377,Microtubule inhibitor
RPMI-7951,plate6,Docetaxel,"[('Docetaxel', 5.0, 'uM')]",G2M,0.5421768050067131,792,3377,Microtubule inhibitor
RPMI-7951,plate6,Tucidinostat,"[('Tucidinostat', 5.0, 'uM')]",G1,-0.06285963017726458,903,3377,HDAC inhibitor
RPMI-7951,plate6,Tucidinostat,"[('Tucidinostat', 5.0, 'uM')]",S,-1.080734410393359,903,3377,HDAC inhibitor
RPMI-7951,plate6,Tucidinostat,"[('Tucidinostat', 5.0, 'uM')]",G2M,0.43507796001197235,903,3377,HDAC inhibitor
RPMI-7951,plate6,Vinblastine (sulfate),"[('Vinblastine (sulfate)', 5.0, 'uM')]",G1,-0.0018341503408416178,776,3377,Microtubule inhibitor
RPMI-7951,plate6,Vinblastine (sulfate),"[('Vinblastine (sulfate)', 5.0, 'uM')]",S,-0.14220291534867482,776,3377,Microtubule inhibitor
RPMI-7951,plate6,Vinblastine (sulfate),"[('Vinblastine (sulfate)', 5.0, 'uM')]",G2M,0.07829975546449776,776,3377,Microtubule inhibitor
RPMI-7951,plate7,Dinaciclib,"[('Dinaciclib', 0.05, 'uM')]",G1,-2.5805519346418424,164,1498,CDK inhibitor
RPMI-7951,plate7,Dinaciclib,"[('Dinaciclib', 0.05, 'uM')]",S,2.496018780320792,164,1498,CDK inhibitor
RPMI-7951,plate7,Dinaciclib,"[('Dinaciclib', 0.05, 'uM')]",G2M,1.4463508428386382,164,1498,CDK inhibitor
RPMI-7951,plate7,Docetaxel (Trihydrate),"[('Docetaxel (Trihydrate)', 0.05, 'uM')]",G1,-0.6039642904692399,679,1498,Microtubule inhibitor
RPMI-7951,plate7,Docetaxel (Trihydrate),"[('Docetaxel (Trihydrate)', 0.05, 'uM')]",S,0.014143780969356133,679,1498,Microtubule inhibitor
RPMI-7951,plate7,Docetaxel (Trihydrate),"[('Docetaxel (Trihydrate)', 0.05, 'uM')]",G2M,0.6061160140389513,679,1498,Microtubule inhibitor
RPMI-7951,plate7,Mebendazole,"[('Mebendazole', 0.05, 'uM')]",G1,-0.3418507468718018,970,1498,Microtubule inhibitor
RPMI-7951,plate7,Mebendazole,"[('Mebendazole', 0.05, 'uM')]",S,0.1181983853455812,970,1498,Microtubule inhibitor
RPMI-7951,plate7,Mebendazole,"[('Mebendazole', 0.05, 'uM')]",G2M,0.32918524113374503,970,1498,Microtubule inhibitor
RPMI-7951,plate8,Dinaciclib,"[('Dinaciclib', 0.5, 'uM')]",G1,-1.9131599916137094,334,3456,CDK inhibitor
RPMI-7951,plate8,Dinaciclib,"[('Dinaciclib', 0.5, 'uM')]",S,2.7468075863994676,334,3456,CDK inhibitor
RPMI-7951,plate8,Dinaciclib,"[('Dinaciclib', 0.5, 'uM')]",G2M,1.349591686380321,334,3456,CDK inhibitor
RPMI-7951,plate8,Docetaxel (Trihydrate),"[('Docetaxel (Trihydrate)', 0.5, 'uM')]",G1,-0.9063185309392868,924,3456,Microtubule inhibitor
RPMI-7951,plate8,Docetaxel (Trihydrate),"[('Docetaxel (Trihydrate)', 0.5, 'uM')]",S,0.18661647039674,924,3456,Microtubule inhibitor
RPMI-7951,plate8,Docetaxel (Trihydrate),"[('Docetaxel (Trihydrate)', 0.5, 'uM')]",G2M,0.9111382204585783,924,3456,Microtubule inhibitor
RPMI-7951,plate8,Mebendazole,"[('Mebendazole', 0.5, 'uM')]",G1,-0.5854868541289254,1104,3456,Microtubule inhibitor
RPMI-7951,plate8,Mebendazole,"[('Mebendazole', 0.5, 'uM')]",S,-0.5827519011132811,1104,3456,Microtubule inhibitor
RPMI-7951,plate8,Mebendazole,"[('Mebendazole', 0.5, 'uM')]",G2M,0.6403019374235718,1104,3456,Microtubule inhibitor
RPMI-7951,plate9,Dinaciclib,"[('Dinaciclib', 5.0, 'uM')]",G1,-2.915192604314117,165,1937,CDK inhibitor
RPMI-7951,plate9,Dinaciclib,"[('Dinaciclib', 5.0, 'uM')]",S,3.153251663030729,165,1937,CDK inhibitor
RPMI-7951,plate9,Dinaciclib,"[('Dinaciclib', 5.0, 'uM')]",G2M,1.251745088229939,165,1937,CDK inhibitor
RPMI-7951,plate9,Docetaxel (Trihydrate),"[('Docetaxel (Trihydrate)', 5.0, 'uM')]",G1,-0.47695136019482043,760,1937,Microtubule inhibitor
RPMI-7951,plate9,Docetaxel (Trihydrate),"[('Docetaxel (Trihydrate)', 5.0, 'uM')]",S,-0.7596317268260676,760,1937,Microtubule inhibitor
RPMI-7951,plate9,Docetaxel (Trihydrate),"[('Docetaxel (Trihydrate)', 5.0, 'uM')]",G2M,0.5473820298910681,760,1937,Microtubule inhibitor
RPMI-7951,plate9,Mebendazole,"[('Mebendazole', 5.0, 'uM')]",G1,-0.9526548043697479,1820,1937,Microtubule inhibitor
RPMI-7951,plate9,Mebendazole,"[('Mebendazole', 5.0, 'uM')]",S,0.33220442189394966,1820,1937,Microtubule inhibitor
RPMI-7951,plate9,Mebendazole,"[('Mebendazole', 5.0, 'uM')]",G2M,0.8959052461164542,1820,1937,Microtubule inhibitor
SHP-77,plate1,Paclitaxel,"[('Paclitaxel', 0.05, 'uM')]",G1,0.009779039824011196,811,1805,Microtubule inhibitor
SHP-77,plate1,Paclitaxel,"[('Paclitaxel', 0.05, 'uM')]",S,0.12101754876683674,811,1805,Microtubule inhibitor
SHP-77,plate1,Paclitaxel,"[('Paclitaxel', 0.05, 'uM')]",G2M,-0.12577597875471658,811,1805,Microtubule inhibitor
SHP-77,plate1,Tubulin inhibitor 6,"[('Tubulin inhibitor 6', 0.05, 'uM')]",G1,-0.0408851170086912,613,1805,Microtubule inhibitor
SHP-77,plate1,Tubulin inhibitor 6,"[('Tubulin inhibitor 6', 0.05, 'uM')]",S,0.09742315336044395,613,1805,Microtubule inhibitor
SHP-77,plate1,Tubulin inhibitor 6,"[('Tubulin inhibitor 6', 0.05, 'uM')]",G2M,-0.03460091931271083,613,1805,Microtubule inhibitor
SHP-77,plate1,palbociclib,"[('palbociclib', 0.05, 'uM')]",G1,-0.5459782023048184,471,1805,CDK inhibitor
SHP-77,plate1,palbociclib,"[('palbociclib', 0.05, 'uM')]",S,0.6392224420804825,471,1805,CDK inhibitor
SHP-77,plate1,palbociclib,"[('palbociclib', 0.05, 'uM')]",G2M,0.04538659446928651,471,1805,CDK inhibitor
SHP-77,plate1,vincristine,"[('vincristine', 0.05, 'uM')]",G1,-0.14287849219936583,684,1805,Microtubule inhibitor
SHP-77,plate1,vincristine,"[('vincristine', 0.05, 'uM')]",S,0.31242307517850465,684,1805,Microtubule inhibitor
SHP-77,plate1,vincristine,"[('vincristine', 0.05, 'uM')]",G2M,-0.11822736605187442,684,1805,Microtubule inhibitor
SHP-77,plate10,Belinostat,"[('Belinostat', 0.05, 'uM')]",G1,-0.3105633375263753,2375,6228,HDAC inhibitor
SHP-77,plate10,Belinostat,"[('Belinostat', 0.05, 'uM')]",S,0.22895788474148301,2375,6228,HDAC inhibitor
SHP-77,plate10,Belinostat,"[('Belinostat', 0.05, 'uM')]",G2M,0.21252216258974196,2375,6228,HDAC inhibitor
SHP-77,plate10,Carbamazepine,"[('Carbamazepine', 0.05, 'uM')]",G1,-0.24669580466465948,2313,6228,HDAC inhibitor
SHP-77,plate10,Carbamazepine,"[('Carbamazepine', 0.05, 'uM')]",S,0.13363691759104074,2313,6228,HDAC inhibitor
SHP-77,plate10,Carbamazepine,"[('Carbamazepine', 0.05, 'uM')]",G2M,0.19930952655107745,2313,6228,HDAC inhibitor
SHP-77,plate10,Panobinostat,"[('Panobinostat', 0.05, 'uM')]",G1,0.23010496129165278,3386,6228,HDAC inhibitor
SHP-77,plate10,Panobinostat,"[('Panobinostat', 0.05, 'uM')]",S,-0.26505166739343744,3386,6228,HDAC inhibitor
SHP-77,plate10,Panobinostat,"[('Panobinostat', 0.05, 'uM')]",G2M,-0.12053958633115126,3386,6228,HDAC inhibitor
SHP-77,plate11,Belinostat,"[('Belinostat', 0.5, 'uM')]",G1,0.3667660403735713,782,4084,HDAC inhibitor
SHP-77,plate11,Belinostat,"[('Belinostat', 0.5, 'uM')]",S,-0.049051953852811817,782,4084,HDAC inhibitor
SHP-77,plate11,Belinostat,"[('Belinostat', 0.5, 'uM')]",G2M,-0.2784689636775513,782,4084,HDAC inhibitor
SHP-77,plate11,Carbamazepine,"[('Carbamazepine', 0.5, 'uM')]",G1,-0.20340591956913795,1547,4084,HDAC inhibitor
SHP-77,plate11,Carbamazepine,"[('Carbamazepine', 0.5, 'uM')]",S,0.013138869088432967,1547,4084,HDAC inhibitor
SHP-77,plate11,Carbamazepine,"[('Carbamazepine', 0.5, 'uM')]",G2M,0.15135954501154164,1547,4084,HDAC inhibitor
SHP-77,plate11,Panobinostat,"[('Panobinostat', 0.5, 'uM')]",G1,0.22322505234603562,2036,4084,HDAC inhibitor
SHP-77,plate11,Panobinostat,"[('Panobinostat', 0.5, 'uM')]",S,0.014993234591431303,2036,4084,HDAC inhibitor
SHP-77,plate11,Panobinostat,"[('Panobinostat', 0.5, 'uM')]",G2M,-0.203391389508597,2036,4084,HDAC inhibitor
SHP-77,plate12,Belinostat,"[('Belinostat', 5.0, 'uM')]",G1,0.08236084621880911,2786,7610,HDAC inhibitor
SHP-77,plate12,Belinostat,"[('Belinostat', 5.0, 'uM')]",S,-0.07959620453350733,2786,7610,HDAC inhibitor
SHP-77,plate12,Belinostat,"[('Belinostat', 5.0, 'uM')]",G2M,-0.012817075181277225,2786,7610,HDAC inhibitor
SHP-77,plate12,Carbamazepine,"[('Carbamazepine', 5.0, 'uM')]",G1,-0.14874790730729082,2340,7610,HDAC inhibitor
SHP-77,plate12,Carbamazepine,"[('Carbamazepine', 5.0, 'uM')]",S,-0.0067598946802071985,2340,7610,HDAC inhibitor
SHP-77,plate12,Carbamazepine,"[('Carbamazepine', 5.0, 'uM')]",G2M,0.13996510596125267,2340,7610,HDAC inhibitor
SHP-77,plate12,Panobinostat,"[('Panobinostat', 5.0, 'uM')]",G1,0.39069363905213744,3135,7610,HDAC inhibitor
SHP-77,plate12,Panobinostat,"[('Panobinostat', 5.0, 'uM')]",S,-0.08226756620510178,3135,7610,HDAC inhibitor
SHP-77,plate12,Panobinostat,"[('Panobinostat', 5.0, 'uM')]",G2M,-0.31713678783774046,3135,7610,HDAC inhibitor
SHP-77,plate13,Abemaciclib,"[('Abemaciclib', 0.05, 'uM')]",G1,-0.42161858310560646,3984,4071,CDK inhibitor
SHP-77,plate13,Abemaciclib,"[('Abemaciclib', 0.05, 'uM')]",S,0.3905702449899028,3984,4071,CDK inhibitor
SHP-77,plate13,Abemaciclib,"[('Abemaciclib', 0.05, 'uM')]",G2M,0.16555770270112807,3984,4071,CDK inhibitor
SHP-77,plate13,Ribociclib,"[('Ribociclib', 0.05, 'uM')]",G1,0.29421965730114347,2480,4071,CDK inhibitor
SHP-77,plate13,Ribociclib,"[('Ribociclib', 0.05, 'uM')]",S,-0.18110846357322466,2480,4071,CDK inhibitor
SHP-77,plate13,Ribociclib,"[('Ribociclib', 0.05, 'uM')]",G2M,-0.20681459293198487,2480,4071,CDK inhibitor
SHP-77,plate13,Ribociclib,"[('Ribociclib', 0.5, 'uM')]",G1,0.27439712327548704,2477,4071,CDK inhibitor
SHP-77,plate13,Ribociclib,"[('Ribociclib', 0.5, 'uM')]",S,-0.06603174149113183,2477,4071,CDK inhibitor
SHP-77,plate13,Ribociclib,"[('Ribociclib', 0.5, 'uM')]",G2M,-0.2561414587388651,2477,4071,CDK inhibitor
SHP-77,plate13,Ribociclib,"[('Ribociclib', 5.0, 'uM')]",G1,0.3517752561693642,2678,4071,CDK inhibitor
SHP-77,plate13,Ribociclib,"[('Ribociclib', 5.0, 'uM')]",S,-0.2744914542340606,2678,4071,CDK inhibitor
SHP-77,plate13,Ribociclib,"[('Ribociclib', 5.0, 'uM')]",G2M,-0.21590164515645308,2678,4071,CDK inhibitor
SHP-77,plate14,Docetaxel,"[('Docetaxel', 5.0, 'uM')]",G1,-0.170935249123606,1201,1038,Microtubule inhibitor
SHP-77,plate14,Docetaxel,"[('Docetaxel', 5.0, 'uM')]",S,0.3615410207112299,1201,1038,Microtubule inhibitor
SHP-77,plate14,Docetaxel,"[('Docetaxel', 5.0, 'uM')]",G2M,-0.13588614376466443,1201,1038,Microtubule inhibitor
SHP-77,plate14,Tucidinostat,"[('Tucidinostat', 5.0, 'uM')]",G1,-0.03016580136727857,933,1038,HDAC inhibitor
SHP-77,plate14,Tucidinostat,"[('Tucidinostat', 5.0, 'uM')]",S,0.33823385220638225,933,1038,HDAC inhibitor
SHP-77,plate14,Tucidinostat,"[('Tucidinostat', 5.0, 'uM')]",G2M,-0.31201838763148015,933,1038,HDAC inhibitor
SHP-77,plate14,Vinblastine (sulfate),"[('Vinblastine (sulfate)', 5.0, 'uM')]",G1,-0.044241054966315106,661,1038,Microtubule inhibitor
SHP-77,plate14,Vinblastine (sulfate),"[('Vinblastine (sulfate)', 5.0, 'uM')]",S,0.08695606323767352,661,1038,Microtubule inhibitor
SHP-77,plate14,Vinblastine (sulfate),"[('Vinblastine (sulfate)', 5.0, 'uM')]",G2M,-0.021488384560209465,661,1038,Microtubule inhibitor
SHP-77,plate2,Abemaciclib,"[('Abemaciclib', 0.5, 'uM')]",G1,-0.3607322015399734,1108,3256,CDK inhibitor
SHP-77,plate2,Abemaciclib,"[('Abemaciclib', 0.5, 'uM')]",S,0.5305809797189611,1108,3256,CDK inhibitor
SHP-77,plate2,Abemaciclib,"[('Abemaciclib', 0.5, 'uM')]",G2M,-0.14606141924440633,1108,3256,CDK inhibitor
SHP-77,plate2,Paclitaxel,"[('Paclitaxel', 0.5, 'uM')]",G1,-0.1617295407188522,1781,3256,Microtubule inhibitor
SHP-77,plate2,Paclitaxel,"[('Paclitaxel', 0.5, 'uM')]",S,0.15179990317883651,1781,3256,Microtubule inhibitor
SHP-77,plate2,Paclitaxel,"[('Paclitaxel', 0.5, 'uM')]",G2M,0.0512006236579996,1781,3256,Microtubule inhibitor
SHP-77,plate2,Tubulin inhibitor 6,"[('Tubulin inhibitor 6', 0.5, 'uM')]",G1,0.14453704139887924,1965,3256,Microtubule inhibitor
SHP-77,plate2,Tubulin inhibitor 6,"[('Tubulin inhibitor 6', 0.5, 'uM')]",S,-0.06950031327578748,1965,3256,Microtubule inhibitor
SHP-77,plate2,Tubulin inhibitor 6,"[('Tubulin inhibitor 6', 0.5, 'uM')]",G2M,-0.12758308619136843,1965,3256,Microtubule inhibitor
SHP-77,plate2,palbociclib,"[('palbociclib', 0.5, 'uM')]",G1,0.178697592809403,1004,3256,CDK inhibitor
SHP-77,plate2,palbociclib,"[('palbociclib', 0.5, 'uM')]",S,0.08862114543921598,1004,3256,CDK inhibitor
SHP-77,plate2,palbociclib,"[('palbociclib', 0.5, 'uM')]",G2M,-0.37763483377981777,1004,3256,CDK inhibitor
SHP-77,plate2,vincristine,"[('vincristine', 0.5, 'uM')]",G1,-0.7152460287433459,568,3256,Microtubule inhibitor
SHP-77,plate2,vincristine,"[('vincristine', 0.5, 'uM')]",S,0.5583038501347048,568,3256,Microtubule inhibitor
SHP-77,plate2,vincristine,"[('vincristine', 0.5, 'uM')]",G2M,0.2877462755979139,568,3256,Microtubule inhibitor
SHP-77,plate3,Abemaciclib,"[('Abemaciclib', 5.0, 'uM')]",G1,0.0165282184396067,499,558,CDK inhibitor
SHP-77,plate3,Abemaciclib,"[('Abemaciclib', 5.0, 'uM')]",S,0.4290208424995805,499,558,CDK inhibitor
SHP-77,plate3,Abemaciclib,"[('Abemaciclib', 5.0, 'uM')]",G2M,-0.4719699575746815,499,558,CDK inhibitor
SHP-77,plate3,Paclitaxel,"[('Paclitaxel', 5.0, 'uM')]",G1,0.42230354792083324,1237,558,Microtubule inhibitor
SHP-77,plate3,Paclitaxel,"[('Paclitaxel', 5.0, 'uM')]",S,0.014643418039352069,1237,558,Microtubule inhibitor
SHP-77,plate3,Paclitaxel,"[('Paclitaxel', 5.0, 'uM')]",G2M,-0.46838426675504624,1237,558,Microtubule inhibitor
SHP-77,plate3,Tubulin inhibitor 6,"[('Tubulin inhibitor 6', 5.0, 'uM')]",G1,0.10933710711474096,315,558,Microtubule inhibitor
SHP-77,plate3,Tubulin inhibitor 6,"[('Tubulin inhibitor 6', 5.0, 'uM')]",S,0.13287816930875282,315,558,Microtubule inhibitor
SHP-77,plate3,Tubulin inhibitor 6,"[('Tubulin inhibitor 6', 5.0, 'uM')]",G2M,-0.23814691153938558,315,558,Microtubule inhibitor
SHP-77,plate3,palbociclib,"[('palbociclib', 5.0, 'uM')]",G1,-0.06615591283367318,345,558,CDK inhibitor
SHP-77,plate3,palbociclib,"[('palbociclib', 5.0, 'uM')]",S,0.255203171491812,345,558,CDK inhibitor
SHP-77,plate3,palbociclib,"[('palbociclib', 5.0, 'uM')]",G2M,-0.18909252995138137,345,558,CDK inhibitor
SHP-77,plate3,vincristine,"[('vincristine', 5.0, 'uM')]",G1,-0.18121891070770044,191,558,Microtubule inhibitor
SHP-77,plate3,vincristine,"[('vincristine', 5.0, 'uM')]",S,-0.15767784851368832,191,558,Microtubule inhibitor
SHP-77,plate3,vincristine,"[('vincristine', 5.0, 'uM')]",G2M,0.32037229982098403,191,558,Microtubule inhibitor
SHP-77,plate4,Docetaxel,"[('Docetaxel', 0.05, 'uM')]",G1,-1.221160603286327,411,1948,Microtubule inhibitor
SHP-77,plate4,Docetaxel,"[('Docetaxel', 0.05, 'uM')]",S,-0.07566894222196308,411,1948,Microtubule inhibitor
SHP-77,plate4,Docetaxel,"[('Docetaxel', 0.05, 'uM')]",G2M,1.3063801087873652,411,1948,Microtubule inhibitor
SHP-77,plate4,Tucidinostat,"[('Tucidinostat', 0.05, 'uM')]",G1,0.2262153562003524,968,1948,HDAC inhibitor
SHP-77,plate4,Tucidinostat,"[('Tucidinostat', 0.05, 'uM')]",S,-0.0876326319733895,968,1948,HDAC inhibitor
SHP-77,plate4,Tucidinostat,"[('Tucidinostat', 0.05, 'uM')]",G2M,-0.21145317965527877,968,1948,HDAC inhibitor
SHP-77,plate4,Vinblastine (sulfate),"[('Vinblastine (sulfate)', 0.05, 'uM')]",G1,-0.22674221525841745,1477,1948,Microtubule inhibitor
SHP-77,plate4,Vinblastine (sulfate),"[('Vinblastine (sulfate)', 0.05, 'uM')]",S,0.2795612559966974,1477,1948,Microtubule inhibitor
SHP-77,plate4,Vinblastine (sulfate),"[('Vinblastine (sulfate)', 0.05, 'uM')]",G2M,0.018064339997828468,1477,1948,Microtubule inhibitor
SHP-77,plate5,Docetaxel,"[('Docetaxel', 0.5, 'uM')]",G1,-0.3445814674510881,1139,2422,Microtubule inhibitor
SHP-77,plate5,Docetaxel,"[('Docetaxel', 0.5, 'uM')]",S,0.2198271805434772,1139,2422,Microtubule inhibitor
SHP-77,plate5,Docetaxel,"[('Docetaxel', 0.5, 'uM')]",G2M,0.20873517122791413,1139,2422,Microtubule inhibitor
SHP-77,plate5,Tucidinostat,"[('Tucidinostat', 0.5, 'uM')]",G1,0.3585085111925829,734,2422,HDAC inhibitor
SHP-77,plate5,Tucidinostat,"[('Tucidinostat', 0.5, 'uM')]",S,-0.04664018391206255,734,2422,HDAC inhibitor
SHP-77,plate5,Tucidinostat,"[('Tucidinostat', 0.5, 'uM')]",G2M,-0.42218533187213186,734,2422,HDAC inhibitor
SHP-77,plate5,Vinblastine (sulfate),"[('Vinblastine (sulfate)', 0.5, 'uM')]",G1,0.1010094847655478,464,2422,Microtubule inhibitor
SHP-77,plate5,Vinblastine (sulfate),"[('Vinblastine (sulfate)', 0.5, 'uM')]",S,-0.17090878664707204,464,2422,Microtubule inhibitor
SHP-77,plate5,Vinblastine (sulfate),"[('Vinblastine (sulfate)', 0.5, 'uM')]",G2M,0.030097933815457507,464,2422,Microtubule inhibitor
SHP-77,plate6,Docetaxel,"[('Docetaxel', 5.0, 'uM')]",G1,-0.3204880055413043,910,3463,Microtubule inhibitor
SHP-77,plate6,Docetaxel,"[('Docetaxel', 5.0, 'uM')]",S,0.15246857488392293,910,3463,Microtubule inhibitor
SHP-77,plate6,Docetaxel,"[('Docetaxel', 5.0, 'uM')]",G2M,0.25319751782047206,910,3463,Microtubule inhibitor
SHP-77,plate6,Tucidinostat,"[('Tucidinostat', 5.0, 'uM')]",G1,0.5427724088205237,1065,3463,HDAC inhibitor
SHP-77,plate6,Tucidinostat,"[('Tucidinostat', 5.0, 'uM')]",S,-0.05218571637646374,1065,3463,HDAC inhibitor
SHP-77,plate6,Tucidinostat,"[('Tucidinostat', 5.0, 'uM')]",G2M,-0.7180900202816362,1065,3463,HDAC inhibitor
SHP-77,plate6,Vinblastine (sulfate),"[('Vinblastine (sulfate)', 5.0, 'uM')]",G1,0.2516198612509428,925,3463,Microtubule inhibitor
SHP-77,plate6,Vinblastine (sulfate),"[('Vinblastine (sulfate)', 5.0, 'uM')]",S,-0.13792796520436576,925,3463,Microtubule inhibitor
SHP-77,plate6,Vinblastine (sulfate),"[('Vinblastine (sulfate)', 5.0, 'uM')]",G2M,-0.19867194711332437,925,3463,Microtubule inhibitor
SHP-77,plate7,Dinaciclib,"[('Dinaciclib', 0.05, 'uM')]",G1,-0.9612045905191742,146,3259,CDK inhibitor
SHP-77,plate7,Dinaciclib,"[('Dinaciclib', 0.05, 'uM')]",S,-0.22164907256631855,146,3259,CDK inhibitor
SHP-77,plate7,Dinaciclib,"[('Dinaciclib', 0.05, 'uM')]",G2M,0.8180580701770822,146,3259,CDK inhibitor
SHP-77,plate7,Docetaxel (Trihydrate),"[('Docetaxel (Trihydrate)', 0.05, 'uM')]",G1,-0.2830169559449037,1673,3259,Microtubule inhibitor
SHP-77,plate7,Docetaxel (Trihydrate),"[('Docetaxel (Trihydrate)', 0.05, 'uM')]",S,-0.05186891130753585,1673,3259,Microtubule inhibitor
SHP-77,plate7,Docetaxel (Trihydrate),"[('Docetaxel (Trihydrate)', 0.05, 'uM')]",G2M,0.25012029686602083,1673,3259,Microtubule inhibitor
SHP-77,plate7,Mebendazole,"[('Mebendazole', 0.05, 'uM')]",G1,-0.21558673771743161,1446,3259,Microtubule inhibitor
SHP-77,plate7,Mebendazole,"[('Mebendazole', 0.05, 'uM')]",S,-0.15714448093936906,1446,3259,Microtubule inhibitor
SHP-77,plate7,Mebendazole,"[('Mebendazole', 0.05, 'uM')]",G2M,0.2846372390573121,1446,3259,Microtubule inhibitor
SHP-77,plate8,Dinaciclib,"[('Dinaciclib', 0.5, 'uM')]",G1,-0.3275702389647392,195,7750,CDK inhibitor
SHP-77,plate8,Dinaciclib,"[('Dinaciclib', 0.5, 'uM')]",S,-0.5313954196741014,195,7750,CDK inhibitor
SHP-77,plate8,Dinaciclib,"[('Dinaciclib', 0.5, 'uM')]",G2M,0.6691398233906101,195,7750,CDK inhibitor
SHP-77,plate8,Docetaxel (Trihydrate),"[('Docetaxel (Trihydrate)', 0.5, 'uM')]",G1,-0.4768278362528257,2241,7750,Microtubule inhibitor
SHP-77,plate8,Docetaxel (Trihydrate),"[('Docetaxel (Trihydrate)', 0.5, 'uM')]",S,-0.18062225352247602,2241,7750,Microtubule inhibitor
SHP-77,plate8,Docetaxel (Trihydrate),"[('Docetaxel (Trihydrate)', 0.5, 'uM')]",G2M,0.6346761099884923,2241,7750,Microtubule inhibitor
SHP-77,plate8,Mebendazole,"[('Mebendazole', 0.5, 'uM')]",G1,-0.36121428571903536,2302,7750,Microtubule inhibitor
SHP-77,plate8,Mebendazole,"[('Mebendazole', 0.5, 'uM')]",S,-0.09308739336851449,2302,7750,Microtubule inhibitor
SHP-77,plate8,Mebendazole,"[('Mebendazole', 0.5, 'uM')]",G2M,0.46440184091493436,2302,7750,Microtubule inhibitor
SHP-77,plate9,Dinaciclib,"[('Dinaciclib', 5.0, 'uM')]",G1,-0.5909817188020945,68,2852,CDK inhibitor
SHP-77,plate9,Dinaciclib,"[('Dinaciclib', 5.0, 'uM')]",S,-0.8095483941193011,68,2852,CDK inhibitor
SHP-77,plate9,Dinaciclib,"[('Dinaciclib', 5.0, 'uM')]",G2M,0.994709534560972,68,2852,CDK inhibitor
SHP-77,plate9,Docetaxel (Trihydrate),"[('Docetaxel (Trihydrate)', 5.0, 'uM')]",G1,-0.12797060340130997,1843,2852,Microtubule inhibitor
SHP-77,plate9,Docetaxel (Trihydrate),"[('Docetaxel (Trihydrate)', 5.0, 'uM')]",S,-0.2917080766946578,1843,2852,Microtubule inhibitor
SHP-77,plate9,Docetaxel (Trihydrate),"[('Docetaxel (Trihydrate)', 5.0, 'uM')]",G2M,0.30441169452946537,1843,2852,Microtubule inhibitor
SHP-77,plate9,Mebendazole,"[('Mebendazole', 5.0, 'uM')]",G1,0.08381931473444439,2220,2852,Microtubule inhibitor
SHP-77,plate9,Mebendazole,"[('Mebendazole', 5.0, 'uM')]",S,-0.34834805180053047,2220,2852,Microtubule inhibitor
SHP-77,plate9,Mebendazole,"[('Mebendazole', 5.0, 'uM')]",G2M,0.19222799817635358,2220,2852,Microtubule inhibitor
SK-MEL-2,plate1,Paclitaxel,"[('Paclitaxel', 0.05, 'uM')]",G1,0.36860836309062,830,2211,Microtubule inhibitor
SK-MEL-2,plate1,Paclitaxel,"[('Paclitaxel', 0.05, 'uM')]",S,-0.42509448883200235,830,2211,Microtubule inhibitor
SK-MEL-2,plate1,Paclitaxel,"[('Paclitaxel', 0.05, 'uM')]",G2M,-0.26245197391498815,830,2211,Microtubule inhibitor
SK-MEL-2,plate1,Tubulin inhibitor 6,"[('Tubulin inhibitor 6', 0.05, 'uM')]",G1,0.35557237211723486,741,2211,Microtubule inhibitor
SK-MEL-2,plate1,Tubulin inhibitor 6,"[('Tubulin inhibitor 6', 0.05, 'uM')]",S,-0.8651144129388744,741,2211,Microtubule inhibitor
SK-MEL-2,plate1,Tubulin inhibitor 6,"[('Tubulin inhibitor 6', 0.05, 'uM')]",G2M,-0.14336822944087182,741,2211,Microtubule inhibitor
SK-MEL-2,plate1,palbociclib,"[('palbociclib', 0.05, 'uM')]",G1,0.3163530554595535,553,2211,CDK inhibitor
SK-MEL-2,plate1,palbociclib,"[('palbociclib', 0.05, 'uM')]",S,-0.3354787758948345,553,2211,CDK inhibitor
SK-MEL-2,plate1,palbociclib,"[('palbociclib', 0.05, 'uM')]",G2M,-0.22946171965999895,553,2211,CDK inhibitor
SK-MEL-2,plate1,vincristine,"[('vincristine', 0.05, 'uM')]",G1,-0.12530460402879828,702,2211,Microtubule inhibitor
SK-MEL-2,plate1,vincristine,"[('vincristine', 0.05, 'uM')]",S,-0.2535575406065434,702,2211,Microtubule inhibitor
SK-MEL-2,plate1,vincristine,"[('vincristine', 0.05, 'uM')]",G2M,0.21152118184173593,702,2211,Microtubule inhibitor
SK-MEL-2,plate10,Belinostat,"[('Belinostat', 0.05, 'uM')]",G1,-0.1825978779830046,1100,3277,HDAC inhibitor
SK-MEL-2,plate10,Belinostat,"[('Belinostat', 0.05, 'uM')]",S,-1.0908096688790143,1100,3277,HDAC inhibitor
SK-MEL-2,plate10,Belinostat,"[('Belinostat', 0.05, 'uM')]",G2M,0.426983999438374,1100,3277,HDAC inhibitor
SK-MEL-2,plate10,Carbamazepine,"[('Carbamazepine', 0.05, 'uM')]",G1,-0.1247483487306925,1276,3277,HDAC inhibitor
SK-MEL-2,plate10,Carbamazepine,"[('Carbamazepine', 0.05, 'uM')]",S,-0.7312389565640148,1276,3277,HDAC inhibitor
SK-MEL-2,plate10,Carbamazepine,"[('Carbamazepine', 0.05, 'uM')]",G2M,0.31025991393532565,1276,3277,HDAC inhibitor
SK-MEL-2,plate10,Panobinostat,"[('Panobinostat', 0.05, 'uM')]",G1,-0.5233696915309896,1546,3277,HDAC inhibitor
SK-MEL-2,plate10,Panobinostat,"[('Panobinostat', 0.05, 'uM')]",S,-0.753501221198993,1546,3277,HDAC inhibitor
SK-MEL-2,plate10,Panobinostat,"[('Panobinostat', 0.05, 'uM')]",G2M,0.7349806877515441,1546,3277,HDAC inhibitor
SK-MEL-2,plate11,Belinostat,"[('Belinostat', 0.5, 'uM')]",G1,-0.5969329466397235,477,2359,HDAC inhibitor
SK-MEL-2,plate11,Belinostat,"[('Belinostat', 0.5, 'uM')]",S,0.08631273666002982,477,2359,HDAC inhibitor
SK-MEL-2,plate11,Belinostat,"[('Belinostat', 0.5, 'uM')]",G2M,0.612121028363242,477,2359,HDAC inhibitor
SK-MEL-2,plate11,Carbamazepine,"[('Carbamazepine', 0.5, 'uM')]",G1,-0.028202539281449036,991,2359,HDAC inhibitor
SK-MEL-2,plate11,Carbamazepine,"[('Carbamazepine', 0.5, 'uM')]",S,-0.18731560773477632,991,2359,HDAC inhibitor
SK-MEL-2,plate11,Carbamazepine,"[('Carbamazepine', 0.5, 'uM')]",G2M,0.08645687201155029,991,2359,HDAC inhibitor
SK-MEL-2,plate11,Panobinostat,"[('Panobinostat', 0.5, 'uM')]",G1,-1.059755364946908,980,2359,HDAC inhibitor
SK-MEL-2,plate11,Panobinostat,"[('Panobinostat', 0.5, 'uM')]",S,1.5338552397993928,980,2359,HDAC inhibitor
SK-MEL-2,plate11,Panobinostat,"[('Panobinostat', 0.5, 'uM')]",G2M,0.4412944277806127,980,2359,HDAC inhibitor
SK-MEL-2,plate12,Belinostat,"[('Belinostat', 5.0, 'uM')]",G1,-1.2290708381999846,1356,3500,HDAC inhibitor
SK-MEL-2,plate12,Belinostat,"[('Belinostat', 5.0, 'uM')]",S,0.7240049046412509,1356,3500,HDAC inhibitor
SK-MEL-2,plate12,Belinostat,"[('Belinostat', 5.0, 'uM')]",G2M,0.9957283734921875,1356,3500,HDAC inhibitor
SK-MEL-2,plate12,Carbamazepine,"[('Carbamazepine', 5.0, 'uM')]",G1,-0.027600554602690477,1095,3500,HDAC inhibitor
SK-MEL-2,plate12,Carbamazepine,"[('Carbamazepine', 5.0, 'uM')]",S,-0.4421865728373349,1095,3500,HDAC inhibitor
SK-MEL-2,plate12,Carbamazepine,"[('Carbamazepine', 5.0, 'uM')]",G2M,0.18087188840187784,1095,3500,HDAC inhibitor
SK-MEL-2,plate12,Panobinostat,"[('Panobinostat', 5.0, 'uM')]",G1,-1.0921120409924447,1185,3500,HDAC inhibitor
SK-MEL-2,plate12,Panobinostat,"[('Panobinostat', 5.0, 'uM')]",S,0.952273892314368,1185,3500,HDAC inhibitor
SK-MEL-2,plate12,Panobinostat,"[('Panobinostat', 5.0, 'uM')]",G2M,0.7427382062830493,1185,3500,HDAC inhibitor
SK-MEL-2,plate13,Abemaciclib,"[('Abemaciclib', 0.05, 'uM')]",G1,-0.21831967846832878,1794,2166,CDK inhibitor
SK-MEL-2,plate13,Abemaciclib,"[('Abemaciclib', 0.05, 'uM')]",S,1.20715541513777,1794,2166,CDK inhibitor
SK-MEL-2,plate13,Abemaciclib,"[('Abemaciclib', 0.05, 'uM')]",G2M,-0.012369116503102531,1794,2166,CDK inhibitor
SK-MEL-2,plate13,Ribociclib,"[('Ribociclib', 0.05, 'uM')]",G1,0.26044556646835043,1768,2166,CDK inhibitor
SK-MEL-2,plate13,Ribociclib,"[('Ribociclib', 0.05, 'uM')]",S,0.6502863508422133,1768,2166,CDK inhibitor
SK-MEL-2,plate13,Ribociclib,"[('Ribociclib', 0.05, 'uM')]",G2M,-0.3948108077746428,1768,2166,CDK inhibitor
SK-MEL-2,plate13,Ribociclib,"[('Ribociclib', 0.5, 'uM')]",G1,0.15890694712818904,1492,2166,CDK inhibitor
SK-MEL-2,plate13,Ribociclib,"[('Ribociclib', 0.5, 'uM')]",S,0.5111705217555917,1492,2166,CDK inhibitor
SK-MEL-2,plate13,Ribociclib,"[('Ribociclib', 0.5, 'uM')]",G2M,-0.25332936687958985,1492,2166,CDK inhibitor
SK-MEL-2,plate13,Ribociclib,"[('Ribociclib', 5.0, 'uM')]",G1,0.224380817258236,1789,2166,CDK inhibitor
SK-MEL-2,plate13,Ribociclib,"[('Ribociclib', 5.0, 'uM')]",S,0.6865003703604757,1789,2166,CDK inhibitor
SK-MEL-2,plate13,Ribociclib,"[('Ribociclib', 5.0, 'uM')]",G2M,-0.3634411353956214,1789,2166,CDK inhibitor
SK-MEL-2,plate14,Docetaxel,"[('Docetaxel', 5.0, 'uM')]",G1,-0.30746983877160233,1225,1252,Microtubule inhibitor
SK-MEL-2,plate14,Docetaxel,"[('Docetaxel', 5.0, 'uM')]",S,-0.14558119250833748,1225,1252,Microtubule inhibitor
SK-MEL-2,plate14,Docetaxel,"[('Docetaxel', 5.0, 'uM')]",G2M,0.4035148837054065,1225,1252,Microtubule inhibitor
SK-MEL-2,plate14,Tucidinostat,"[('Tucidinostat', 5.0, 'uM')]",G1,0.009582434275700233,987,1252,HDAC inhibitor
SK-MEL-2,plate14,Tucidinostat,"[('Tucidinostat', 5.0, 'uM')]",S,-0.5237974823713571,987,1252,HDAC inhibitor
SK-MEL-2,plate14,Tucidinostat,"[('Tucidinostat', 5.0, 'uM')]",G2M,0.19026731678324185,987,1252,HDAC inhibitor
SK-MEL-2,plate14,Vinblastine (sulfate),"[('Vinblastine (sulfate)', 5.0, 'uM')]",G1,0.08281190119703044,966,1252,Microtubule inhibitor
SK-MEL-2,plate14,Vinblastine (sulfate),"[('Vinblastine (sulfate)', 5.0, 'uM')]",S,-0.9732015080838455,966,1252,Microtubule inhibitor
SK-MEL-2,plate14,Vinblastine (sulfate),"[('Vinblastine (sulfate)', 5.0, 'uM')]",G2M,0.23617512323983453,966,1252,Microtubule inhibitor
SK-MEL-2,plate2,Abemaciclib,"[('Abemaciclib', 0.5, 'uM')]",G1,-0.2683199936391469,1117,3523,CDK inhibitor
SK-MEL-2,plate2,Abemaciclib,"[('Abemaciclib', 0.5, 'uM')]",S,-0.21769175245892128,1117,3523,CDK inhibitor
SK-MEL-2,plate2,Abemaciclib,"[('Abemaciclib', 0.5, 'uM')]",G2M,0.3845314772396008,1117,3523,CDK inhibitor
SK-MEL-2,plate2,Paclitaxel,"[('Paclitaxel', 0.5, 'uM')]",G1,0.09007918794204844,1501,3523,Microtubule inhibitor
SK-MEL-2,plate2,Paclitaxel,"[('Paclitaxel', 0.5, 'uM')]",S,-0.4074497877483775,1501,3523,Microtubule inhibitor
SK-MEL-2,plate2,Paclitaxel,"[('Paclitaxel', 0.5, 'uM')]",G2M,0.05734357893924538,1501,3523,Microtubule inhibitor
SK-MEL-2,plate2,Tubulin inhibitor 6,"[('Tubulin inhibitor 6', 0.5, 'uM')]",G1,0.22017240541126057,1900,3523,Microtubule inhibitor
SK-MEL-2,plate2,Tubulin inhibitor 6,"[('Tubulin inhibitor 6', 0.5, 'uM')]",S,-0.6601162861130129,1900,3523,Microtubule inhibitor
SK-MEL-2,plate2,Tubulin inhibitor 6,"[('Tubulin inhibitor 6', 0.5, 'uM')]",G2M,-0.0068174609787081215,1900,3523,Microtubule inhibitor
SK-MEL-2,plate2,palbociclib,"[('palbociclib', 0.5, 'uM')]",G1,0.9515406539624911,1139,3523,CDK inhibitor
SK-MEL-2,plate2,palbociclib,"[('palbociclib', 0.5, 'uM')]",S,-1.5883658311130338,1139,3523,CDK inhibitor
SK-MEL-2,plate2,palbociclib,"[('palbociclib', 0.5, 'uM')]",G2M,-0.587755665246309,1139,3523,CDK inhibitor
SK-MEL-2,plate2,vincristine,"[('vincristine', 0.5, 'uM')]",G1,-0.14213153072056714,454,3523,Microtubule inhibitor
SK-MEL-2,plate2,vincristine,"[('vincristine', 0.5, 'uM')]",S,0.07071519207541764,454,3523,Microtubule inhibitor
SK-MEL-2,plate2,vincristine,"[('vincristine', 0.5, 'uM')]",G2M,0.13678781008795993,454,3523,Microtubule inhibitor
SK-MEL-2,plate3,Abemaciclib,"[('Abemaciclib', 5.0, 'uM')]",G1,-0.06994455572622744,271,957,CDK inhibitor
SK-MEL-2,plate3,Abemaciclib,"[('Abemaciclib', 5.0, 'uM')]",S,-0.21384747772697868,271,957,CDK inhibitor
SK-MEL-2,plate3,Abemaciclib,"[('Abemaciclib', 5.0, 'uM')]",G2M,0.17949085320129957,271,957,CDK inhibitor
SK-MEL-2,plate3,Paclitaxel,"[('Paclitaxel', 5.0, 'uM')]",G1,0.16719615962918477,1181,957,Microtubule inhibitor
SK-MEL-2,plate3,Paclitaxel,"[('Paclitaxel', 5.0, 'uM')]",S,-0.3258787387338919,1181,957,Microtubule inhibitor
SK-MEL-2,plate3,Paclitaxel,"[('Paclitaxel', 5.0, 'uM')]",G2M,-0.04439452023897667,1181,957,Microtubule inhibitor
SK-MEL-2,plate3,Tubulin inhibitor 6,"[('Tubulin inhibitor 6', 5.0, 'uM')]",G1,0.015792384691448984,374,957,Microtubule inhibitor
SK-MEL-2,plate3,Tubulin inhibitor 6,"[('Tubulin inhibitor 6', 5.0, 'uM')]",S,-0.3764801745494279,374,957,Microtubule inhibitor
SK-MEL-2,plate3,Tubulin inhibitor 6,"[('Tubulin inhibitor 6', 5.0, 'uM')]",G2M,0.14725137803741242,374,957,Microtubule inhibitor
SK-MEL-2,plate3,palbociclib,"[('palbociclib', 5.0, 'uM')]",G1,1.1950514116438653,351,957,CDK inhibitor
SK-MEL-2,plate3,palbociclib,"[('palbociclib', 5.0, 'uM')]",S,-1.4647343666511083,351,957,CDK inhibitor
SK-MEL-2,plate3,palbociclib,"[('palbociclib', 5.0, 'uM')]",G2M,-0.8292769002171647,351,957,CDK inhibitor
SK-MEL-2,plate3,vincristine,"[('vincristine', 5.0, 'uM')]",G1,-0.25720097842129375,320,957,Microtubule inhibitor
SK-MEL-2,plate3,vincristine,"[('vincristine', 5.0, 'uM')]",S,-0.17282640178811384,320,957,Microtubule inhibitor
SK-MEL-2,plate3,vincristine,"[('vincristine', 5.0, 'uM')]",G2M,0.36086019547081555,320,957,Microtubule inhibitor
SK-MEL-2,plate4,Docetaxel,"[('Docetaxel', 0.05, 'uM')]",G1,-0.4991301822465101,516,2268,Microtubule inhibitor
SK-MEL-2,plate4,Docetaxel,"[('Docetaxel', 0.05, 'uM')]",S,-0.3788765781118565,516,2268,Microtubule inhibitor
SK-MEL-2,plate4,Docetaxel,"[('Docetaxel', 0.05, 'uM')]",G2M,0.6543456915452528,516,2268,Microtubule inhibitor
SK-MEL-2,plate4,Tucidinostat,"[('Tucidinostat', 0.05, 'uM')]",G1,0.37403839357877605,1259,2268,HDAC inhibitor
SK-MEL-2,plate4,Tucidinostat,"[('Tucidinostat', 0.05, 'uM')]",S,-0.5686878578150425,1259,2268,HDAC inhibitor
SK-MEL-2,plate4,Tucidinostat,"[('Tucidinostat', 0.05, 'uM')]",G2M,-0.23125314740504602,1259,2268,HDAC inhibitor
SK-MEL-2,plate4,Vinblastine (sulfate),"[('Vinblastine (sulfate)', 0.05, 'uM')]",G1,-0.4053065295298625,1410,2268,Microtubule inhibitor
SK-MEL-2,plate4,Vinblastine (sulfate),"[('Vinblastine (sulfate)', 0.05, 'uM')]",S,0.23990518501190544,1410,2268,Microtubule inhibitor
SK-MEL-2,plate4,Vinblastine (sulfate),"[('Vinblastine (sulfate)', 0.05, 'uM')]",G2M,0.3526262097275115,1410,2268,Microtubule inhibitor
SK-MEL-2,plate5,Docetaxel,"[('Docetaxel', 0.5, 'uM')]",G1,-0.4940843783543363,1074,3124,Microtubule inhibitor
SK-MEL-2,plate5,Docetaxel,"[('Docetaxel', 0.5, 'uM')]",S,-0.5246356158014508,1074,3124,Microtubule inhibitor
SK-MEL-2,plate5,Docetaxel,"[('Docetaxel', 0.5, 'uM')]",G2M,0.7255305982639156,1074,3124,Microtubule inhibitor
SK-MEL-2,plate5,Tucidinostat,"[('Tucidinostat', 0.5, 'uM')]",G1,0.3213483640247596,784,3124,HDAC inhibitor
SK-MEL-2,plate5,Tucidinostat,"[('Tucidinostat', 0.5, 'uM')]",S,-0.9485758644454547,784,3124,HDAC inhibitor
SK-MEL-2,plate5,Tucidinostat,"[('Tucidinostat', 0.5, 'uM')]",G2M,-0.017547087119835946,784,3124,HDAC inhibitor
SK-MEL-2,plate5,Vinblastine (sulfate),"[('Vinblastine (sulfate)', 0.5, 'uM')]",G1,0.2865019601888977,539,3124,Microtubule inhibitor
SK-MEL-2,plate5,Vinblastine (sulfate),"[('Vinblastine (sulfate)', 0.5, 'uM')]",S,-0.4339643042002511,539,3124,Microtubule inhibitor
SK-MEL-2,plate5,Vinblastine (sulfate),"[('Vinblastine (sulfate)', 0.5, 'uM')]",G2M,-0.1403541614986149,539,3124,Microtubule inhibitor
SK-MEL-2,plate6,Docetaxel,"[('Docetaxel', 5.0, 'uM')]",G1,-0.13569177571341015,722,3619,Microtubule inhibitor
SK-MEL-2,plate6,Docetaxel,"[('Docetaxel', 5.0, 'uM')]",S,-0.7022126691244516,722,3619,Microtubule inhibitor
SK-MEL-2,plate6,Docetaxel,"[('Docetaxel', 5.0, 'uM')]",G2M,0.42196166821944,722,3619,Microtubule inhibitor
SK-MEL-2,plate6,Tucidinostat,"[('Tucidinostat', 5.0, 'uM')]",G1,0.7858466048780558,852,3619,HDAC inhibitor
SK-MEL-2,plate6,Tucidinostat,"[('Tucidinostat', 5.0, 'uM')]",S,-1.4994617864172914,852,3619,HDAC inhibitor
SK-MEL-2,plate6,Tucidinostat,"[('Tucidinostat', 5.0, 'uM')]",G2M,-0.37703081925755383,852,3619,HDAC inhibitor
SK-MEL-2,plate6,Vinblastine (sulfate),"[('Vinblastine (sulfate)', 5.0, 'uM')]",G1,0.44698506475963146,781,3619,Microtubule inhibitor
SK-MEL-2,plate6,Vinblastine (sulfate),"[('Vinblastine (sulfate)', 5.0, 'uM')]",S,-0.9132419815879802,781,3619,Microtubule inhibitor
SK-MEL-2,plate6,Vinblastine (sulfate),"[('Vinblastine (sulfate)', 5.0, 'uM')]",G2M,-0.15231459750580503,781,3619,Microtubule inhibitor
SK-MEL-2,plate7,Dinaciclib,"[('Dinaciclib', 0.05, 'uM')]",G1,-0.9688124683479284,97,1739,CDK inhibitor
SK-MEL-2,plate7,Dinaciclib,"[('Dinaciclib', 0.05, 'uM')]",S,0.9993657680676731,97,1739,CDK inhibitor
SK-MEL-2,plate7,Dinaciclib,"[('Dinaciclib', 0.05, 'uM')]",G2M,0.6876578249127471,97,1739,CDK inhibitor
SK-MEL-2,plate7,Docetaxel (Trihydrate),"[('Docetaxel (Trihydrate)', 0.05, 'uM')]",G1,-0.24963666851966998,775,1739,Microtubule inhibitor
SK-MEL-2,plate7,Docetaxel (Trihydrate),"[('Docetaxel (Trihydrate)', 0.05, 'uM')]",S,0.06581171833243521,775,1739,Microtubule inhibitor
SK-MEL-2,plate7,Docetaxel (Trihydrate),"[('Docetaxel (Trihydrate)', 0.05, 'uM')]",G2M,0.24584855739806774,775,1739,Microtubule inhibitor
SK-MEL-2,plate7,Mebendazole,"[('Mebendazole', 0.05, 'uM')]",G1,-0.1910600349201917,1053,1739,Microtubule inhibitor
SK-MEL-2,plate7,Mebendazole,"[('Mebendazole', 0.05, 'uM')]",S,0.041072395974657276,1053,1739,Microtubule inhibitor
SK-MEL-2,plate7,Mebendazole,"[('Mebendazole', 0.05, 'uM')]",G2M,0.1904808506940039,1053,1739,Microtubule inhibitor
SK-MEL-2,plate8,Dinaciclib,"[('Dinaciclib', 0.5, 'uM')]",G1,-1.370446785571879,101,3913,CDK inhibitor
SK-MEL-2,plate8,Dinaciclib,"[('Dinaciclib', 0.5, 'uM')]",S,1.3081652388024323,101,3913,CDK inhibitor
SK-MEL-2,plate8,Dinaciclib,"[('Dinaciclib', 0.5, 'uM')]",G2M,1.0291131110700469,101,3913,CDK inhibitor
SK-MEL-2,plate8,Docetaxel (Trihydrate),"[('Docetaxel (Trihydrate)', 0.5, 'uM')]",G1,-0.68487116027677,1185,3913,Microtubule inhibitor
SK-MEL-2,plate8,Docetaxel (Trihydrate),"[('Docetaxel (Trihydrate)', 0.5, 'uM')]",S,-0.14913858850109876,1185,3913,Microtubule inhibitor
SK-MEL-2,plate8,Docetaxel (Trihydrate),"[('Docetaxel (Trihydrate)', 0.5, 'uM')]",G2M,0.8001701678105904,1185,3913,Microtubule inhibitor
SK-MEL-2,plate8,Mebendazole,"[('Mebendazole', 0.5, 'uM')]",G1,-0.5195635674215336,1360,3913,Microtubule inhibitor
SK-MEL-2,plate8,Mebendazole,"[('Mebendazole', 0.5, 'uM')]",S,-0.38150145889173254,1360,3913,Microtubule inhibitor
SK-MEL-2,plate8,Mebendazole,"[('Mebendazole', 0.5, 'uM')]",G2M,0.6759847363917314,1360,3913,Microtubule inhibitor
SK-MEL-2,plate9,Docetaxel (Trihydrate),"[('Docetaxel (Trihydrate)', 5.0, 'uM')]",G1,-0.2499372497371165,917,1935,Microtubule inhibitor
SK-MEL-2,plate9,Docetaxel (Trihydrate),"[('Docetaxel (Trihydrate)', 5.0, 'uM')]",S,-0.03305977240775058,917,1935,Microtubule inhibitor
SK-MEL-2,plate9,Docetaxel (Trihydrate),"[('Docetaxel (Trihydrate)', 5.0, 'uM')]",G2M,0.26774589517856434,917,1935,Microtubule inhibitor
SK-MEL-2,plate9,Mebendazole,"[('Mebendazole', 5.0, 'uM')]",G1,-0.520036580081898,1459,1935,Microtubule inhibitor
SK-MEL-2,plate9,Mebendazole,"[('Mebendazole', 5.0, 'uM')]",S,-0.22227780910212278,1459,1935,Microtubule inhibitor
SK-MEL-2,plate9,Mebendazole,"[('Mebendazole', 5.0, 'uM')]",G2M,0.5826200398761875,1459,1935,Microtubule inhibitor
SNU-1,plate1,Paclitaxel,"[('Paclitaxel', 0.05, 'uM')]",G1,0.5332802987009738,575,1601,Microtubule inhibitor
SNU-1,plate1,Paclitaxel,"[('Paclitaxel', 0.05, 'uM')]",S,-0.716581377064468,575,1601,Microtubule inhibitor
SNU-1,plate1,Paclitaxel,"[('Paclitaxel', 0.05, 'uM')]",G2M,-0.3322811578797378,575,1601,Microtubule inhibitor
SNU-1,plate1,Tubulin inhibitor 6,"[('Tubulin inhibitor 6', 0.05, 'uM')]",G1,0.1583836115498323,446,1601,Microtubule inhibitor
SNU-1,plate1,Tubulin inhibitor 6,"[('Tubulin inhibitor 6', 0.05, 'uM')]",S,-0.23947303395747854,446,1601,Microtubule inhibitor
SNU-1,plate1,Tubulin inhibitor 6,"[('Tubulin inhibitor 6', 0.05, 'uM')]",G2M,-0.07531525429941699,446,1601,Microtubule inhibitor
SNU-1,plate1,palbociclib,"[('palbociclib', 0.05, 'uM')]",G1,0.49489252791473054,384,1601,CDK inhibitor
SNU-1,plate1,palbociclib,"[('palbociclib', 0.05, 'uM')]",S,-0.6900201514839437,384,1601,CDK inhibitor
SNU-1,plate1,palbociclib,"[('palbociclib', 0.05, 'uM')]",G2M,-0.2953323400669935,384,1601,CDK inhibitor
SNU-1,plate1,vincristine,"[('vincristine', 0.05, 'uM')]",G1,0.14243207792859314,485,1601,Microtubule inhibitor
SNU-1,plate1,vincristine,"[('vincristine', 0.05, 'uM')]",S,-0.6751884605162095,485,1601,Microtubule inhibitor
SNU-1,plate1,vincristine,"[('vincristine', 0.05, 'uM')]",G2M,0.07290858876981725,485,1601,Microtubule inhibitor
SNU-1,plate10,Belinostat,"[('Belinostat', 0.05, 'uM')]",G1,0.014367774396042102,1125,3264,HDAC inhibitor
SNU-1,plate10,Belinostat,"[('Belinostat', 0.05, 'uM')]",S,-1.1087358688368862,1125,3264,HDAC inhibitor
SNU-1,plate10,Belinostat,"[('Belinostat', 0.05, 'uM')]",G2M,0.12616581975392055,1125,3264,HDAC inhibitor
SNU-1,plate10,Carbamazepine,"[('Carbamazepine', 0.05, 'uM')]",G1,0.23581068074192393,1155,3264,HDAC inhibitor
SNU-1,plate10,Carbamazepine,"[('Carbamazepine', 0.05, 'uM')]",S,-1.1472613901062017,1155,3264,HDAC inhibitor
SNU-1,plate10,Carbamazepine,"[('Carbamazepine', 0.05, 'uM')]",G2M,-0.10190100397963296,1155,3264,HDAC inhibitor
SNU-1,plate10,Panobinostat,"[('Panobinostat', 0.05, 'uM')]",G1,-0.21217215823626853,1731,3264,HDAC inhibitor
SNU-1,plate10,Panobinostat,"[('Panobinostat', 0.05, 'uM')]",S,-0.7875821433359741,1731,3264,HDAC inhibitor
SNU-1,plate10,Panobinostat,"[('Panobinostat', 0.05, 'uM')]",G2M,0.33227987555451954,1731,3264,HDAC inhibitor
SNU-1,plate11,Belinostat,"[('Belinostat', 0.5, 'uM')]",G1,-0.6324773561821521,383,2423,HDAC inhibitor
SNU-1,plate11,Belinostat,"[('Belinostat', 0.5, 'uM')]",S,0.04030941380090111,383,2423,HDAC inhibitor
SNU-1,plate11,Belinostat,"[('Belinostat', 0.5, 'uM')]",G2M,0.6589285126317834,383,2423,HDAC inhibitor
SNU-1,plate11,Carbamazepine,"[('Carbamazepine', 0.5, 'uM')]",G1,-0.18265194065588677,752,2423,HDAC inhibitor
SNU-1,plate11,Carbamazepine,"[('Carbamazepine', 0.5, 'uM')]",S,-0.31542232401804204,752,2423,HDAC inhibitor
SNU-1,plate11,Carbamazepine,"[('Carbamazepine', 0.5, 'uM')]",G2M,0.2674641666735169,752,2423,HDAC inhibitor
SNU-1,plate11,Panobinostat,"[('Panobinostat', 0.5, 'uM')]",G1,-0.7195537062243501,1398,2423,HDAC inhibitor
SNU-1,plate11,Panobinostat,"[('Panobinostat', 0.5, 'uM')]",S,1.120861454904348,1398,2423,HDAC inhibitor
SNU-1,plate11,Panobinostat,"[('Panobinostat', 0.5, 'uM')]",G2M,0.38559162754445486,1398,2423,HDAC inhibitor
SNU-1,plate12,Belinostat,"[('Belinostat', 5.0, 'uM')]",G1,-1.259654310399118,1605,4016,HDAC inhibitor
SNU-1,plate12,Belinostat,"[('Belinostat', 5.0, 'uM')]",S,0.7204983184808414,1605,4016,HDAC inhibitor
SNU-1,plate12,Belinostat,"[('Belinostat', 5.0, 'uM')]",G2M,1.148200762096171,1605,4016,HDAC inhibitor
SNU-1,plate12,Carbamazepine,"[('Carbamazepine', 5.0, 'uM')]",G1,-0.06547096509470655,1083,4016,HDAC inhibitor
SNU-1,plate12,Carbamazepine,"[('Carbamazepine', 5.0, 'uM')]",S,-0.3241664425050582,1083,4016,HDAC inhibitor
SNU-1,plate12,Carbamazepine,"[('Carbamazepine', 5.0, 'uM')]",G2M,0.15507871802307557,1083,4016,HDAC inhibitor
SNU-1,plate12,Panobinostat,"[('Panobinostat', 5.0, 'uM')]",G1,-1.2324706089837536,1923,4016,HDAC inhibitor
SNU-1,plate12,Panobinostat,"[('Panobinostat', 5.0, 'uM')]",S,1.338758623886141,1923,4016,HDAC inhibitor
SNU-1,plate12,Panobinostat,"[('Panobinostat', 5.0, 'uM')]",G2M,0.873056706732953,1923,4016,HDAC inhibitor
SNU-1,plate13,Abemaciclib,"[('Abemaciclib', 0.05, 'uM')]",G1,-0.3376077167423118,2303,2078,CDK inhibitor
SNU-1,plate13,Abemaciclib,"[('Abemaciclib', 0.05, 'uM')]",S,1.1110982391722966,2303,2078,CDK inhibitor
SNU-1,plate13,Abemaciclib,"[('Abemaciclib', 0.05, 'uM')]",G2M,0.16937313304839888,2303,2078,CDK inhibitor
SNU-1,plate13,Ribociclib,"[('Ribociclib', 0.05, 'uM')]",G1,-0.41473712377136573,1269,2078,CDK inhibitor
SNU-1,plate13,Ribociclib,"[('Ribociclib', 0.05, 'uM')]",S,0.7953555197742299,1269,2078,CDK inhibitor
SNU-1,plate13,Ribociclib,"[('Ribociclib', 0.05, 'uM')]",G2M,0.32379207105937713,1269,2078,CDK inhibitor
SNU-1,plate13,Ribociclib,"[('Ribociclib', 0.5, 'uM')]",G1,-0.2514756423018157,1260,2078,CDK inhibitor
SNU-1,plate13,Ribociclib,"[('Ribociclib', 0.5, 'uM')]",S,0.2544627071100758,1260,2078,CDK inhibitor
SNU-1,plate13,Ribociclib,"[('Ribociclib', 0.5, 'uM')]",G2M,0.23603900715780896,1260,2078,CDK inhibitor
SNU-1,plate13,Ribociclib,"[('Ribociclib', 5.0, 'uM')]",G1,-0.3394711780280945,1472,2078,CDK inhibitor
SNU-1,plate13,Ribociclib,"[('Ribociclib', 5.0, 'uM')]",S,0.7201806785311142,1472,2078,CDK inhibitor
SNU-1,plate13,Ribociclib,"[('Ribociclib', 5.0, 'uM')]",G2M,0.2557168480521067,1472,2078,CDK inhibitor
SNU-1,plate14,Docetaxel,"[('Docetaxel', 5.0, 'uM')]",G1,0.1306384546381994,893,803,Microtubule inhibitor
SNU-1,plate14,Docetaxel,"[('Docetaxel', 5.0, 'uM')]",S,-0.05179677884526419,893,803,Microtubule inhibitor
SNU-1,plate14,Docetaxel,"[('Docetaxel', 5.0, 'uM')]",G2M,-0.1202700564072016,893,803,Microtubule inhibitor
SNU-1,plate14,Tucidinostat,"[('Tucidinostat', 5.0, 'uM')]",G1,0.1640096526059425,665,803,HDAC inhibitor
SNU-1,plate14,Tucidinostat,"[('Tucidinostat', 5.0, 'uM')]",S,-0.2230923930299068,665,803,HDAC inhibitor
SNU-1,plate14,Tucidinostat,"[('Tucidinostat', 5.0, 'uM')]",G2M,-0.09449085868807665,665,803,HDAC inhibitor
SNU-1,plate14,Vinblastine (sulfate),"[('Vinblastine (sulfate)', 5.0, 'uM')]",G1,0.11885099953483493,462,803,Microtubule inhibitor
SNU-1,plate14,Vinblastine (sulfate),"[('Vinblastine (sulfate)', 5.0, 'uM')]",S,-1.0169194482906492,462,803,Microtubule inhibitor
SNU-1,plate14,Vinblastine (sulfate),"[('Vinblastine (sulfate)', 5.0, 'uM')]",G2M,0.16186432268030698,462,803,Microtubule inhibitor
SNU-1,plate2,Abemaciclib,"[('Abemaciclib', 0.5, 'uM')]",G1,0.07385198683852402,727,2100,CDK inhibitor
SNU-1,plate2,Abemaciclib,"[('Abemaciclib', 0.5, 'uM')]",S,-0.02612004525678246,727,2100,CDK inhibitor
SNU-1,plate2,Abemaciclib,"[('Abemaciclib', 0.5, 'uM')]",G2M,-0.06851217070034799,727,2100,CDK inhibitor
SNU-1,plate2,Paclitaxel,"[('Paclitaxel', 0.5, 'uM')]",G1,0.32935759088059874,1269,2100,Microtubule inhibitor
SNU-1,plate2,Paclitaxel,"[('Paclitaxel', 0.5, 'uM')]",S,-0.2505746746084066,1269,2100,Microtubule inhibitor
SNU-1,plate2,Paclitaxel,"[('Paclitaxel', 0.5, 'uM')]",G2M,-0.25903108038158024,1269,2100,Microtubule inhibitor
SNU-1,plate2,Tubulin inhibitor 6,"[('Tubulin inhibitor 6', 0.5, 'uM')]",G1,0.24486064282827352,1227,2100,Microtubule inhibitor
SNU-1,plate2,Tubulin inhibitor 6,"[('Tubulin inhibitor 6', 0.5, 'uM')]",S,-0.44076562578320777,1227,2100,Microtubule inhibitor
SNU-1,plate2,Tubulin inhibitor 6,"[('Tubulin inhibitor 6', 0.5, 'uM')]",G2M,-0.07857866353799561,1227,2100,Microtubule inhibitor
SNU-1,plate2,palbociclib,"[('palbociclib', 0.5, 'uM')]",G1,1.029473620822353,744,2100,CDK inhibitor
SNU-1,plate2,palbociclib,"[('palbociclib', 0.5, 'uM')]",S,-0.672968540441448,744,2100,CDK inhibitor
SNU-1,plate2,palbociclib,"[('palbociclib', 0.5, 'uM')]",G2M,-0.9150569971723477,744,2100,CDK inhibitor
SNU-1,plate2,vincristine,"[('vincristine', 0.5, 'uM')]",G1,-0.11462869577891537,314,2100,Microtubule inhibitor
SNU-1,plate2,vincristine,"[('vincristine', 0.5, 'uM')]",S,-0.29266429073223854,314,2100,Microtubule inhibitor
SNU-1,plate2,vincristine,"[('vincristine', 0.5, 'uM')]",G2M,0.2673966787939566,314,2100,Microtubule inhibitor
SNU-1,plate3,Abemaciclib,"[('Abemaciclib', 5.0, 'uM')]",G1,-0.4015274752183788,354,455,CDK inhibitor
SNU-1,plate3,Abemaciclib,"[('Abemaciclib', 5.0, 'uM')]",S,0.6366554578387679,354,455,CDK inhibitor
SNU-1,plate3,Abemaciclib,"[('Abemaciclib', 5.0, 'uM')]",G2M,0.026782908753096732,354,455,CDK inhibitor
SNU-1,plate3,Paclitaxel,"[('Paclitaxel', 5.0, 'uM')]",G1,0.5966800654420181,952,455,Microtubule inhibitor
SNU-1,plate3,Paclitaxel,"[('Paclitaxel', 5.0, 'uM')]",S,-0.8179122412228463,952,455,Microtubule inhibitor
SNU-1,plate3,Paclitaxel,"[('Paclitaxel', 5.0, 'uM')]",G2M,-0.28496723644511973,952,455,Microtubule inhibitor
SNU-1,plate3,Tubulin inhibitor 6,"[('Tubulin inhibitor 6', 5.0, 'uM')]",G1,0.5953470204905525,214,455,Microtubule inhibitor
SNU-1,plate3,Tubulin inhibitor 6,"[('Tubulin inhibitor 6', 5.0, 'uM')]",S,-0.5016565388904405,214,455,Microtubule inhibitor
SNU-1,plate3,Tubulin inhibitor 6,"[('Tubulin inhibitor 6', 5.0, 'uM')]",G2M,-0.40178681967901525,214,455,Microtubule inhibitor
SNU-1,plate3,palbociclib,"[('palbociclib', 5.0, 'uM')]",G1,1.388850757322171,258,455,CDK inhibitor
SNU-1,plate3,palbociclib,"[('palbociclib', 5.0, 'uM')]",S,-0.8688880856528416,258,455,CDK inhibitor
SNU-1,plate3,palbociclib,"[('palbociclib', 5.0, 'uM')]",G2M,-1.1842777316599749,258,455,CDK inhibitor
SNU-1,plate3,vincristine,"[('vincristine', 5.0, 'uM')]",G1,0.1732075854316139,131,455,Microtubule inhibitor
SNU-1,plate3,vincristine,"[('vincristine', 5.0, 'uM')]",S,-0.18496557979509837,131,455,Microtubule inhibitor
SNU-1,plate3,vincristine,"[('vincristine', 5.0, 'uM')]",G2M,-0.07377396233067558,131,455,Microtubule inhibitor
SNU-1,plate4,Docetaxel,"[('Docetaxel', 0.05, 'uM')]",G1,-0.5035711852173249,394,1453,Microtubule inhibitor
SNU-1,plate4,Docetaxel,"[('Docetaxel', 0.05, 'uM')]",S,-0.21324891124907572,394,1453,Microtubule inhibitor
SNU-1,plate4,Docetaxel,"[('Docetaxel', 0.05, 'uM')]",G2M,0.6034519182111541,394,1453,Microtubule inhibitor
SNU-1,plate4,Tucidinostat,"[('Tucidinostat', 0.05, 'uM')]",G1,0.39006603952290597,639,1453,HDAC inhibitor
SNU-1,plate4,Tucidinostat,"[('Tucidinostat', 0.05, 'uM')]",S,-0.9232429020486314,639,1453,HDAC inhibitor
SNU-1,plate4,Tucidinostat,"[('Tucidinostat', 0.05, 'uM')]",G2M,-0.11956263639441142,639,1453,HDAC inhibitor
SNU-1,plate4,Vinblastine (sulfate),"[('Vinblastine (sulfate)', 0.05, 'uM')]",G1,-0.08163968147552736,843,1453,Microtubule inhibitor
SNU-1,plate4,Vinblastine (sulfate),"[('Vinblastine (sulfate)', 0.05, 'uM')]",S,0.21184454006986006,843,1453,Microtubule inhibitor
SNU-1,plate4,Vinblastine (sulfate),"[('Vinblastine (sulfate)', 0.05, 'uM')]",G2M,-0.0020481622981500603,843,1453,Microtubule inhibitor
SNU-1,plate5,Docetaxel,"[('Docetaxel', 0.5, 'uM')]",G1,0.10347114990194714,790,1856,Microtubule inhibitor
SNU-1,plate5,Docetaxel,"[('Docetaxel', 0.5, 'uM')]",S,-0.26111969886834296,790,1856,Microtubule inhibitor
SNU-1,plate5,Docetaxel,"[('Docetaxel', 0.5, 'uM')]",G2M,0.007090094416315042,790,1856,Microtubule inhibitor
SNU-1,plate5,Tucidinostat,"[('Tucidinostat', 0.5, 'uM')]",G1,0.32707610269717485,524,1856,HDAC inhibitor
SNU-1,plate5,Tucidinostat,"[('Tucidinostat', 0.5, 'uM')]",S,-0.8759793952431869,524,1856,HDAC inhibitor
SNU-1,plate5,Tucidinostat,"[('Tucidinostat', 0.5, 'uM')]",G2M,-0.014749825130911677,524,1856,HDAC inhibitor
SNU-1,plate5,Vinblastine (sulfate),"[('Vinblastine (sulfate)', 0.5, 'uM')]",G1,0.36821983184179496,265,1856,Microtubule inhibitor
SNU-1,plate5,Vinblastine (sulfate),"[('Vinblastine (sulfate)', 0.5, 'uM')]",S,-0.7238958414071124,265,1856,Microtubule inhibitor
SNU-1,plate5,Vinblastine (sulfate),"[('Vinblastine (sulfate)', 0.5, 'uM')]",G2M,-0.09771242625573576,265,1856,Microtubule inhibitor
SNU-1,plate6,Docetaxel,"[('Docetaxel', 5.0, 'uM')]",G1,0.5817760925923169,573,2357,Microtubule inhibitor
SNU-1,plate6,Docetaxel,"[('Docetaxel', 5.0, 'uM')]",S,-1.0713996457893182,573,2357,Microtubule inhibitor
SNU-1,plate6,Docetaxel,"[('Docetaxel', 5.0, 'uM')]",G2M,-0.21931317759255417,573,2357,Microtubule inhibitor
SNU-1,plate6,Tucidinostat,"[('Tucidinostat', 5.0, 'uM')]",G1,0.5255634022061764,651,2357,HDAC inhibitor
SNU-1,plate6,Tucidinostat,"[('Tucidinostat', 5.0, 'uM')]",S,-1.4352142914278343,651,2357,HDAC inhibitor
SNU-1,plate6,Tucidinostat,"[('Tucidinostat', 5.0, 'uM')]",G2M,-0.06705012935359665,651,2357,HDAC inhibitor
SNU-1,plate6,Vinblastine (sulfate),"[('Vinblastine (sulfate)', 5.0, 'uM')]",G1,0.9788470453417116,461,2357,Microtubule inhibitor
SNU-1,plate6,Vinblastine (sulfate),"[('Vinblastine (sulfate)', 5.0, 'uM')]",S,-1.370855923391908,461,2357,Microtubule inhibitor
SNU-1,plate6,Vinblastine (sulfate),"[('Vinblastine (sulfate)', 5.0, 'uM')]",G2M,-0.5728421260592123,461,2357,Microtubule inhibitor
SNU-1,plate7,Docetaxel (Trihydrate),"[('Docetaxel (Trihydrate)', 0.05, 'uM')]",G1,-0.6584658864760042,666,1405,Microtubule inhibitor
SNU-1,plate7,Docetaxel (Trihydrate),"[('Docetaxel (Trihydrate)', 0.05, 'uM')]",S,-0.10176356298589587,666,1405,Microtubule inhibitor
SNU-1,plate7,Docetaxel (Trihydrate),"[('Docetaxel (Trihydrate)', 0.05, 'uM')]",G2M,0.7125655089263985,666,1405,Microtubule inhibitor
SNU-1,plate7,Mebendazole,"[('Mebendazole', 0.05, 'uM')]",G1,-0.24442988985743333,686,1405,Microtubule inhibitor
SNU-1,plate7,Mebendazole,"[('Mebendazole', 0.05, 'uM')]",S,-0.10196157898193663,686,1405,Microtubule inhibitor
SNU-1,plate7,Mebendazole,"[('Mebendazole', 0.05, 'uM')]",G2M,0.2846687983336953,686,1405,Microtubule inhibitor
SNU-1,plate8,Dinaciclib,"[('Dinaciclib', 0.5, 'uM')]",G1,-1.4800742431967504,65,4021,CDK inhibitor
SNU-1,plate8,Dinaciclib,"[('Dinaciclib', 0.5, 'uM')]",S,2.3841680980810933,65,4021,CDK inhibitor
SNU-1,plate8,Dinaciclib,"[('Dinaciclib', 0.5, 'uM')]",G2M,0.9085398588187031,65,4021,CDK inhibitor
SNU-1,plate8,Docetaxel (Trihydrate),"[('Docetaxel (Trihydrate)', 0.5, 'uM')]",G1,-0.4230195215409296,1116,4021,Microtubule inhibitor
SNU-1,plate8,Docetaxel (Trihydrate),"[('Docetaxel (Trihydrate)', 0.5, 'uM')]",S,0.43150927777521747,1116,4021,Microtubule inhibitor
SNU-1,plate8,Docetaxel (Trihydrate),"[('Docetaxel (Trihydrate)', 0.5, 'uM')]",G2M,0.38460679149510657,1116,4021,Microtubule inhibitor
SNU-1,plate8,Mebendazole,"[('Mebendazole', 0.5, 'uM')]",G1,-0.5804433428459368,1099,4021,Microtubule inhibitor
SNU-1,plate8,Mebendazole,"[('Mebendazole', 0.5, 'uM')]",S,0.13199111163614982,1099,4021,Microtubule inhibitor
SNU-1,plate8,Mebendazole,"[('Mebendazole', 0.5, 'uM')]",G2M,0.6138482038534019,1099,4021,Microtubule inhibitor
SNU-1,plate9,Docetaxel (Trihydrate),"[('Docetaxel (Trihydrate)', 5.0, 'uM')]",G1,0.11215337741974783,995,1582,Microtubule inhibitor
SNU-1,plate9,Docetaxel (Trihydrate),"[('Docetaxel (Trihydrate)', 5.0, 'uM')]",S,-0.5068577901012689,995,1582,Microtubule inhibitor
SNU-1,plate9,Docetaxel (Trihydrate),"[('Docetaxel (Trihydrate)', 5.0, 'uM')]",G2M,0.005576598554969245,995,1582,Microtubule inhibitor
SNU-1,plate9,Mebendazole,"[('Mebendazole', 5.0, 'uM')]",G1,-0.28833046141099106,1201,1582,Microtubule inhibitor
SNU-1,plate9,Mebendazole,"[('Mebendazole', 5.0, 'uM')]",S,-0.7608429275182241,1201,1582,Microtubule inhibitor
SNU-1,plate9,Mebendazole,"[('Mebendazole', 5.0, 'uM')]",G2M,0.4663909607477402,1201,1582,Microtubule inhibitor
SNU-423,plate1,Paclitaxel,"[('Paclitaxel', 0.05, 'uM')]",G1,0.001255602150924768,1186,2922,Microtubule inhibitor
SNU-423,plate1,Paclitaxel,"[('Paclitaxel', 0.05, 'uM')]",S,-0.1511089583721949,1186,2922,Microtubule inhibitor
SNU-423,plate1,Paclitaxel,"[('Paclitaxel', 0.05, 'uM')]",G2M,0.016870459828309495,1186,2922,Microtubule inhibitor
SNU-423,plate1,Tubulin inhibitor 6,"[('Tubulin inhibitor 6', 0.05, 'uM')]",G1,-0.2485683432399807,718,2922,Microtubule inhibitor
SNU-423,plate1,Tubulin inhibitor 6,"[('Tubulin inhibitor 6', 0.05, 'uM')]",S,0.6651016664791759,718,2922,Microtubule inhibitor
SNU-423,plate1,Tubulin inhibitor 6,"[('Tubulin inhibitor 6', 0.05, 'uM')]",G2M,0.18374816131505575,718,2922,Microtubule inhibitor
SNU-423,plate1,palbociclib,"[('palbociclib', 0.05, 'uM')]",G1,-0.14023408312563945,635,2922,CDK inhibitor
SNU-423,plate1,palbociclib,"[('palbociclib', 0.05, 'uM')]",S,0.9218166529153072,635,2922,CDK inhibitor
SNU-423,plate1,palbociclib,"[('palbociclib', 0.05, 'uM')]",G2M,0.018930260159413927,635,2922,CDK inhibitor
SNU-423,plate1,vincristine,"[('vincristine', 0.05, 'uM')]",G1,-0.41878079524679696,913,2922,Microtubule inhibitor
SNU-423,plate1,vincristine,"[('vincristine', 0.05, 'uM')]",S,0.3103442415920207,913,2922,Microtubule inhibitor
SNU-423,plate1,vincristine,"[('vincristine', 0.05, 'uM')]",G2M,0.4133188314577765,913,2922,Microtubule inhibitor
SNU-423,plate10,Belinostat,"[('Belinostat', 0.05, 'uM')]",G1,-0.6144432764251848,1071,3175,HDAC inhibitor
SNU-423,plate10,Belinostat,"[('Belinostat', 0.05, 'uM')]",S,1.0407315907536783,1071,3175,HDAC inhibitor
SNU-423,plate10,Belinostat,"[('Belinostat', 0.05, 'uM')]",G2M,0.5221202460264258,1071,3175,HDAC inhibitor
SNU-423,plate10,Carbamazepine,"[('Carbamazepine', 0.05, 'uM')]",G1,-0.23000773479858994,796,3175,HDAC inhibitor
SNU-423,plate10,Carbamazepine,"[('Carbamazepine', 0.05, 'uM')]",S,-0.10475457709920004,796,3175,HDAC inhibitor
SNU-423,plate10,Carbamazepine,"[('Carbamazepine', 0.05, 'uM')]",G2M,0.2539376680278765,796,3175,HDAC inhibitor
SNU-423,plate10,Panobinostat,"[('Panobinostat', 0.05, 'uM')]",G1,-0.7245895428117931,1089,3175,HDAC inhibitor
SNU-423,plate10,Panobinostat,"[('Panobinostat', 0.05, 'uM')]",S,0.4834839776133743,1089,3175,HDAC inhibitor
SNU-423,plate10,Panobinostat,"[('Panobinostat', 0.05, 'uM')]",G2M,0.7114042710016784,1089,3175,HDAC inhibitor
SNU-423,plate11,Belinostat,"[('Belinostat', 0.5, 'uM')]",G1,-0.6068970701246341,597,2734,HDAC inhibitor
SNU-423,plate11,Belinostat,"[('Belinostat', 0.5, 'uM')]",S,1.0648230335162612,597,2734,HDAC inhibitor
SNU-423,plate11,Belinostat,"[('Belinostat', 0.5, 'uM')]",G2M,0.38147234835349947,597,2734,HDAC inhibitor
SNU-423,plate11,Carbamazepine,"[('Carbamazepine', 0.5, 'uM')]",G1,0.1538204553064701,727,2734,HDAC inhibitor
SNU-423,plate11,Carbamazepine,"[('Carbamazepine', 0.5, 'uM')]",S,0.036627086151665586,727,2734,HDAC inhibitor
SNU-423,plate11,Carbamazepine,"[('Carbamazepine', 0.5, 'uM')]",G2M,-0.16898076229644723,727,2734,HDAC inhibitor
SNU-423,plate11,Panobinostat,"[('Panobinostat', 0.5, 'uM')]",G1,-1.1322587496923435,964,2734,HDAC inhibitor
SNU-423,plate11,Panobinostat,"[('Panobinostat', 0.5, 'uM')]",S,1.6805325688237676,964,2734,HDAC inhibitor
SNU-423,plate11,Panobinostat,"[('Panobinostat', 0.5, 'uM')]",G2M,0.6908273596810521,964,2734,HDAC inhibitor
SNU-423,plate12,Belinostat,"[('Belinostat', 5.0, 'uM')]",G1,-1.8679963633220897,1035,1987,HDAC inhibitor
SNU-423,plate12,Belinostat,"[('Belinostat', 5.0, 'uM')]",S,2.2477294598860835,1035,1987,HDAC inhibitor
SNU-423,plate12,Belinostat,"[('Belinostat', 5.0, 'uM')]",G2M,1.4739311883324122,1035,1987,HDAC inhibitor
SNU-423,plate12,Carbamazepine,"[('Carbamazepine', 5.0, 'uM')]",G1,0.04207885431061966,722,1987,HDAC inhibitor
SNU-423,plate12,Carbamazepine,"[('Carbamazepine', 5.0, 'uM')]",S,0.14902076793318234,722,1987,HDAC inhibitor
SNU-423,plate12,Carbamazepine,"[('Carbamazepine', 5.0, 'uM')]",G2M,-0.05910561815404969,722,1987,HDAC inhibitor
SNU-423,plate12,Panobinostat,"[('Panobinostat', 5.0, 'uM')]",G1,-1.4559412993395986,567,1987,HDAC inhibitor
SNU-423,plate12,Panobinostat,"[('Panobinostat', 5.0, 'uM')]",S,2.093396464851864,567,1987,HDAC inhibitor
SNU-423,plate12,Panobinostat,"[('Panobinostat', 5.0, 'uM')]",G2M,1.1155799796605252,567,1987,HDAC inhibitor
SNU-423,plate13,Abemaciclib,"[('Abemaciclib', 0.05, 'uM')]",G1,0.214966623284231,1416,1152,CDK inhibitor
SNU-423,plate13,Abemaciclib,"[('Abemaciclib', 0.05, 'uM')]",S,-0.21408375656582643,1416,1152,CDK inhibitor
SNU-423,plate13,Abemaciclib,"[('Abemaciclib', 0.05, 'uM')]",G2M,-0.20130695564431983,1416,1152,CDK inhibitor
SNU-423,plate13,Ribociclib,"[('Ribociclib', 0.05, 'uM')]",G1,0.029550834944160415,1520,1152,CDK inhibitor
SNU-423,plate13,Ribociclib,"[('Ribociclib', 0.05, 'uM')]",S,0.10170177141879934,1520,1152,CDK inhibitor
SNU-423,plate13,Ribociclib,"[('Ribociclib', 0.05, 'uM')]",G2M,-0.04796605829594035,1520,1152,CDK inhibitor
SNU-423,plate13,Ribociclib,"[('Ribociclib', 0.5, 'uM')]",G1,0.1499950280947371,1128,1152,CDK inhibitor
SNU-423,plate13,Ribociclib,"[('Ribociclib', 0.5, 'uM')]",S,-0.8350752344956678,1128,1152,CDK inhibitor
SNU-423,plate13,Ribociclib,"[('Ribociclib', 0.5, 'uM')]",G2M,-0.06463882145468666,1128,1152,CDK inhibitor
SNU-423,plate13,Ribociclib,"[('Ribociclib', 5.0, 'uM')]",G1,-0.03226095488812395,1601,1152,CDK inhibitor
SNU-423,plate13,Ribociclib,"[('Ribociclib', 5.0, 'uM')]",S,-0.22873327115868503,1601,1152,CDK inhibitor
SNU-423,plate13,Ribociclib,"[('Ribociclib', 5.0, 'uM')]",G2M,0.06379590936046745,1601,1152,CDK inhibitor
SNU-423,plate14,Docetaxel,"[('Docetaxel', 5.0, 'uM')]",G1,-0.018165746622721263,1813,2080,Microtubule inhibitor
SNU-423,plate14,Docetaxel,"[('Docetaxel', 5.0, 'uM')]",S,-0.226883977443623,1813,2080,Microtubule inhibitor
SNU-423,plate14,Docetaxel,"[('Docetaxel', 5.0, 'uM')]",G2M,0.06496694939637399,1813,2080,Microtubule inhibitor
SNU-423,plate14,Tucidinostat,"[('Tucidinostat', 5.0, 'uM')]",G1,-0.2093275282537421,1726,2080,HDAC inhibitor
SNU-423,plate14,Tucidinostat,"[('Tucidinostat', 5.0, 'uM')]",S,-0.018091919991555887,1726,2080,HDAC inhibitor
SNU-423,plate14,Tucidinostat,"[('Tucidinostat', 5.0, 'uM')]",G2M,0.24167888104524318,1726,2080,HDAC inhibitor
SNU-423,plate14,Vinblastine (sulfate),"[('Vinblastine (sulfate)', 5.0, 'uM')]",G1,-0.4659694047235514,1248,2080,Microtubule inhibitor
SNU-423,plate14,Vinblastine (sulfate),"[('Vinblastine (sulfate)', 5.0, 'uM')]",S,0.32687846096011985,1248,2080,Microtubule inhibitor
SNU-423,plate14,Vinblastine (sulfate),"[('Vinblastine (sulfate)', 5.0, 'uM')]",G2M,0.46305385768501506,1248,2080,Microtubule inhibitor
SNU-423,plate2,Abemaciclib,"[('Abemaciclib', 0.5, 'uM')]",G1,-0.5486494682011399,1610,5016,CDK inhibitor
SNU-423,plate2,Abemaciclib,"[('Abemaciclib', 0.5, 'uM')]",S,0.9466075946606656,1610,5016,CDK inhibitor
SNU-423,plate2,Abemaciclib,"[('Abemaciclib', 0.5, 'uM')]",G2M,0.4085690631455434,1610,5016,CDK inhibitor
SNU-423,plate2,Paclitaxel,"[('Paclitaxel', 0.5, 'uM')]",G1,-0.42615345156675455,2173,5016,Microtubule inhibitor
SNU-423,plate2,Paclitaxel,"[('Paclitaxel', 0.5, 'uM')]",S,0.0707979600604535,2173,5016,Microtubule inhibitor
SNU-423,plate2,Paclitaxel,"[('Paclitaxel', 0.5, 'uM')]",G2M,0.4634322193277054,2173,5016,Microtubule inhibitor
SNU-423,plate2,Tubulin inhibitor 6,"[('Tubulin inhibitor 6', 0.5, 'uM')]",G1,-0.101816949856589,2056,5016,Microtubule inhibitor
SNU-423,plate2,Tubulin inhibitor 6,"[('Tubulin inhibitor 6', 0.5, 'uM')]",S,-0.40179952755354104,2056,5016,Microtubule inhibitor
SNU-423,plate2,Tubulin inhibitor 6,"[('Tubulin inhibitor 6', 0.5, 'uM')]",G2M,0.1795428405711395,2056,5016,Microtubule inhibitor
SNU-423,plate2,palbociclib,"[('palbociclib', 0.5, 'uM')]",G1,0.10053167624955531,1143,5016,CDK inhibitor
SNU-423,plate2,palbociclib,"[('palbociclib', 0.5, 'uM')]",S,-1.0107148778310135,1143,5016,CDK inhibitor
SNU-423,plate2,palbociclib,"[('palbociclib', 0.5, 'uM')]",G2M,0.033826009973520775,1143,5016,CDK inhibitor
SNU-423,plate2,vincristine,"[('vincristine', 0.5, 'uM')]",G1,-0.65321196514091,623,5016,Microtubule inhibitor
SNU-423,plate2,vincristine,"[('vincristine', 0.5, 'uM')]",S,0.7778982341295871,623,5016,Microtubule inhibitor
SNU-423,plate2,vincristine,"[('vincristine', 0.5, 'uM')]",G2M,0.5791067503857008,623,5016,Microtubule inhibitor
SNU-423,plate3,Abemaciclib,"[('Abemaciclib', 5.0, 'uM')]",G1,-0.3993949245790005,668,2029,CDK inhibitor
SNU-423,plate3,Abemaciclib,"[('Abemaciclib', 5.0, 'uM')]",S,0.5532046646407885,668,2029,CDK inhibitor
SNU-423,plate3,Abemaciclib,"[('Abemaciclib', 5.0, 'uM')]",G2M,0.2929163097352898,668,2029,CDK inhibitor
SNU-423,plate3,Paclitaxel,"[('Paclitaxel', 5.0, 'uM')]",G1,0.2365863437329876,2247,2029,Microtubule inhibitor
SNU-423,plate3,Paclitaxel,"[('Paclitaxel', 5.0, 'uM')]",S,-0.5066391352164217,2247,2029,Microtubule inhibitor
SNU-423,plate3,Paclitaxel,"[('Paclitaxel', 5.0, 'uM')]",G2M,-0.14644923922319758,2247,2029,Microtubule inhibitor
SNU-423,plate3,Tubulin inhibitor 6,"[('Tubulin inhibitor 6', 5.0, 'uM')]",G1,-0.10702308052577902,555,2029,Microtubule inhibitor
SNU-423,plate3,Tubulin inhibitor 6,"[('Tubulin inhibitor 6', 5.0, 'uM')]",S,-0.0576067820668117,555,2029,Microtubule inhibitor
SNU-423,plate3,Tubulin inhibitor 6,"[('Tubulin inhibitor 6', 5.0, 'uM')]",G2M,0.14174405571649515,555,2029,Microtubule inhibitor
SNU-423,plate3,palbociclib,"[('palbociclib', 5.0, 'uM')]",G1,0.8315490966955406,780,2029,CDK inhibitor
SNU-423,plate3,palbociclib,"[('palbociclib', 5.0, 'uM')]",S,-0.17251435599404658,780,2029,CDK inhibitor
SNU-423,plate3,palbociclib,"[('palbociclib', 5.0, 'uM')]",G2M,-0.9412859947269335,780,2029,CDK inhibitor
SNU-423,plate3,vincristine,"[('vincristine', 5.0, 'uM')]",G1,-0.08379617224793119,565,2029,Microtubule inhibitor
SNU-423,plate3,vincristine,"[('vincristine', 5.0, 'uM')]",S,-0.028483183657222133,565,2029,Microtubule inhibitor
SNU-423,plate3,vincristine,"[('vincristine', 5.0, 'uM')]",G2M,0.10807403182685879,565,2029,Microtubule inhibitor
SNU-423,plate4,Docetaxel,"[('Docetaxel', 0.05, 'uM')]",G1,-0.7321592042971942,368,2802,Microtubule inhibitor
SNU-423,plate4,Docetaxel,"[('Docetaxel', 0.05, 'uM')]",S,0.5513181711692845,368,2802,Microtubule inhibitor
SNU-423,plate4,Docetaxel,"[('Docetaxel', 0.05, 'uM')]",G2M,0.7149182047656835,368,2802,Microtubule inhibitor
SNU-423,plate4,Tucidinostat,"[('Tucidinostat', 0.05, 'uM')]",G1,-0.1605601478727894,1445,2802,HDAC inhibitor
SNU-423,plate4,Tucidinostat,"[('Tucidinostat', 0.05, 'uM')]",S,-0.057468106964272896,1445,2802,HDAC inhibitor
SNU-423,plate4,Tucidinostat,"[('Tucidinostat', 0.05, 'uM')]",G2M,0.18385550838954942,1445,2802,HDAC inhibitor
SNU-423,plate4,Vinblastine (sulfate),"[('Vinblastine (sulfate)', 0.05, 'uM')]",G1,-0.009672902035233489,1530,2802,Microtubule inhibitor
SNU-423,plate4,Vinblastine (sulfate),"[('Vinblastine (sulfate)', 0.05, 'uM')]",S,-0.23527001819695406,1530,2802,Microtubule inhibitor
SNU-423,plate4,Vinblastine (sulfate),"[('Vinblastine (sulfate)', 0.05, 'uM')]",G2M,0.04445430868594164,1530,2802,Microtubule inhibitor
SNU-423,plate5,Docetaxel,"[('Docetaxel', 0.5, 'uM')]",G1,-0.18053129960789305,1618,3900,Microtubule inhibitor
SNU-423,plate5,Docetaxel,"[('Docetaxel', 0.5, 'uM')]",S,-0.1660882162305779,1618,3900,Microtubule inhibitor
SNU-423,plate5,Docetaxel,"[('Docetaxel', 0.5, 'uM')]",G2M,0.21536948909054357,1618,3900,Microtubule inhibitor
SNU-423,plate5,Tucidinostat,"[('Tucidinostat', 0.5, 'uM')]",G1,0.0659258094304039,1332,3900,HDAC inhibitor
SNU-423,plate5,Tucidinostat,"[('Tucidinostat', 0.5, 'uM')]",S,-0.6663219497878162,1332,3900,HDAC inhibitor
SNU-423,plate5,Tucidinostat,"[('Tucidinostat', 0.5, 'uM')]",G2M,0.002115187791047664,1332,3900,HDAC inhibitor
SNU-423,plate5,Vinblastine (sulfate),"[('Vinblastine (sulfate)', 0.5, 'uM')]",G1,-0.8115548927437575,457,3900,Microtubule inhibitor
SNU-423,plate5,Vinblastine (sulfate),"[('Vinblastine (sulfate)', 0.5, 'uM')]",S,0.4641145772856755,457,3900,Microtubule inhibitor
SNU-423,plate5,Vinblastine (sulfate),"[('Vinblastine (sulfate)', 0.5, 'uM')]",G2M,0.8185454476281768,457,3900,Microtubule inhibitor
SNU-423,plate6,Docetaxel,"[('Docetaxel', 5.0, 'uM')]",G1,-0.07514009420489622,723,3823,Microtubule inhibitor
SNU-423,plate6,Docetaxel,"[('Docetaxel', 5.0, 'uM')]",S,-0.009386611534020962,723,3823,Microtubule inhibitor
SNU-423,plate6,Docetaxel,"[('Docetaxel', 5.0, 'uM')]",G2M,0.08736916948429514,723,3823,Microtubule inhibitor
SNU-423,plate6,Tucidinostat,"[('Tucidinostat', 5.0, 'uM')]",G1,-0.0830698842971598,1108,3823,HDAC inhibitor
SNU-423,plate6,Tucidinostat,"[('Tucidinostat', 5.0, 'uM')]",S,-0.23135783078065877,1108,3823,HDAC inhibitor
SNU-423,plate6,Tucidinostat,"[('Tucidinostat', 5.0, 'uM')]",G2M,0.1132326253093637,1108,3823,HDAC inhibitor
SNU-423,plate6,Vinblastine (sulfate),"[('Vinblastine (sulfate)', 5.0, 'uM')]",G1,-0.44182775052921397,588,3823,Microtubule inhibitor
SNU-423,plate6,Vinblastine (sulfate),"[('Vinblastine (sulfate)', 5.0, 'uM')]",S,-0.053268709746489736,588,3823,Microtubule inhibitor
SNU-423,plate6,Vinblastine (sulfate),"[('Vinblastine (sulfate)', 5.0, 'uM')]",G2M,0.47919659312845597,588,3823,Microtubule inhibitor
SNU-423,plate7,Dinaciclib,"[('Dinaciclib', 0.05, 'uM')]",G1,-2.3704405195348284,341,1173,CDK inhibitor
SNU-423,plate7,Dinaciclib,"[('Dinaciclib', 0.05, 'uM')]",S,2.920748824977051,341,1173,CDK inhibitor
SNU-423,plate7,Dinaciclib,"[('Dinaciclib', 0.05, 'uM')]",G2M,1.0803309851808929,341,1173,CDK inhibitor
SNU-423,plate7,Docetaxel (Trihydrate),"[('Docetaxel (Trihydrate)', 0.05, 'uM')]",G1,-0.21568644411361446,432,1173,Microtubule inhibitor
SNU-423,plate7,Docetaxel (Trihydrate),"[('Docetaxel (Trihydrate)', 0.05, 'uM')]",S,-0.06371032412717101,432,1173,Microtubule inhibitor
SNU-423,plate7,Docetaxel (Trihydrate),"[('Docetaxel (Trihydrate)', 0.05, 'uM')]",G2M,0.24332652841875124,432,1173,Microtubule inhibitor
SNU-423,plate7,Mebendazole,"[('Mebendazole', 0.05, 'uM')]",G1,-0.05671616414988023,977,1173,Microtubule inhibitor
SNU-423,plate7,Mebendazole,"[('Mebendazole', 0.05, 'uM')]",S,-0.18328140003600407,977,1173,Microtubule inhibitor
SNU-423,plate7,Mebendazole,"[('Mebendazole', 0.05, 'uM')]",G2M,0.09254178301235573,977,1173,Microtubule inhibitor
SNU-423,plate8,Dinaciclib,"[('Dinaciclib', 0.5, 'uM')]",G1,-1.8507375682401028,791,2333,CDK inhibitor
SNU-423,plate8,Dinaciclib,"[('Dinaciclib', 0.5, 'uM')]",S,3.244185838060307,791,2333,CDK inhibitor
SNU-423,plate8,Dinaciclib,"[('Dinaciclib', 0.5, 'uM')]",G2M,0.9924611932410897,791,2333,CDK inhibitor
SNU-423,plate8,Docetaxel (Trihydrate),"[('Docetaxel (Trihydrate)', 0.5, 'uM')]",G1,-0.43667699109761604,638,2333,Microtubule inhibitor
SNU-423,plate8,Docetaxel (Trihydrate),"[('Docetaxel (Trihydrate)', 0.5, 'uM')]",S,0.23236271009137605,638,2333,Microtubule inhibitor
SNU-423,plate8,Docetaxel (Trihydrate),"[('Docetaxel (Trihydrate)', 0.5, 'uM')]",G2M,0.4387856718656609,638,2333,Microtubule inhibitor
SNU-423,plate8,Mebendazole,"[('Mebendazole', 0.5, 'uM')]",G1,-0.3775734911418623,712,2333,Microtubule inhibitor
SNU-423,plate8,Mebendazole,"[('Mebendazole', 0.5, 'uM')]",S,0.31754876422701167,712,2333,Microtubule inhibitor
SNU-423,plate8,Mebendazole,"[('Mebendazole', 0.5, 'uM')]",G2M,0.36443706345972665,712,2333,Microtubule inhibitor
SNU-423,plate9,Dinaciclib,"[('Dinaciclib', 5.0, 'uM')]",G1,-2.748075310335522,425,1677,CDK inhibitor
SNU-423,plate9,Dinaciclib,"[('Dinaciclib', 5.0, 'uM')]",S,3.349841517014509,425,1677,CDK inhibitor
SNU-423,plate9,Dinaciclib,"[('Dinaciclib', 5.0, 'uM')]",G2M,1.0894057740155787,425,1677,CDK inhibitor
SNU-423,plate9,Docetaxel (Trihydrate),"[('Docetaxel (Trihydrate)', 5.0, 'uM')]",G1,0.21984096247877816,460,1677,Microtubule inhibitor
SNU-423,plate9,Docetaxel (Trihydrate),"[('Docetaxel (Trihydrate)', 5.0, 'uM')]",S,-1.226087394316727,460,1677,Microtubule inhibitor
SNU-423,plate9,Docetaxel (Trihydrate),"[('Docetaxel (Trihydrate)', 5.0, 'uM')]",G2M,-0.08562774660894253,460,1677,Microtubule inhibitor
SNU-423,plate9,Mebendazole,"[('Mebendazole', 5.0, 'uM')]",G1,-0.2829123862714766,2413,1677,Microtubule inhibitor
SNU-423,plate9,Mebendazole,"[('Mebendazole', 5.0, 'uM')]",S,0.22597505183512281,2413,1677,Microtubule inhibitor
SNU-423,plate9,Mebendazole,"[('Mebendazole', 5.0, 'uM')]",G2M,0.2565343874283908,2413,1677,Microtubule inhibitor
SW 1088,plate1,Paclitaxel,"[('Paclitaxel', 0.05, 'uM')]",G1,0.2592045786818924,205,389,Microtubule inhibitor
SW 1088,plate1,Paclitaxel,"[('Paclitaxel', 0.05, 'uM')]",S,-1.5355102631568052,205,389,Microtubule inhibitor
SW 1088,plate1,Paclitaxel,"[('Paclitaxel', 0.05, 'uM')]",G2M,0.20988661564162658,205,389,Microtubule inhibitor
SW 1088,plate1,Tubulin inhibitor 6,"[('Tubulin inhibitor 6', 0.05, 'uM')]",G1,0.0011822947114362315,187,389,Microtubule inhibitor
SW 1088,plate1,Tubulin inhibitor 6,"[('Tubulin inhibitor 6', 0.05, 'uM')]",S,-0.8887634532356502,187,389,Microtubule inhibitor
SW 1088,plate1,Tubulin inhibitor 6,"[('Tubulin inhibitor 6', 0.05, 'uM')]",G2M,0.34806035705085603,187,389,Microtubule inhibitor
SW 1088,plate1,palbociclib,"[('palbociclib', 0.05, 'uM')]",G1,-0.07859759555387362,104,389,CDK inhibitor
SW 1088,plate1,palbociclib,"[('palbociclib', 0.05, 'uM')]",S,0.42978200225705987,104,389,CDK inhibitor
SW 1088,plate1,palbociclib,"[('palbociclib', 0.05, 'uM')]",G2M,-0.1249936347515198,104,389,CDK inhibitor
SW 1088,plate1,vincristine,"[('vincristine', 0.05, 'uM')]",G1,0.07606782612613056,148,389,Microtubule inhibitor
SW 1088,plate1,vincristine,"[('vincristine', 0.05, 'uM')]",S,-0.25830661276749395,148,389,Microtubule inhibitor
SW 1088,plate1,vincristine,"[('vincristine', 0.05, 'uM')]",G2M,0.04678605206214951,148,389,Microtubule inhibitor
SW 1088,plate10,Belinostat,"[('Belinostat', 0.05, 'uM')]",G1,-0.278369284718109,69,220,HDAC inhibitor
SW 1088,plate10,Belinostat,"[('Belinostat', 0.05, 'uM')]",S,-0.27830116248710446,69,220,HDAC inhibitor
SW 1088,plate10,Belinostat,"[('Belinostat', 0.05, 'uM')]",G2M,0.4157277354334329,69,220,HDAC inhibitor
SW 1088,plate10,Panobinostat,"[('Panobinostat', 0.05, 'uM')]",G1,0.9206939425069739,84,220,HDAC inhibitor
SW 1088,plate10,Panobinostat,"[('Panobinostat', 0.05, 'uM')]",S,-2.9242930966058203,84,220,HDAC inhibitor
SW 1088,plate10,Panobinostat,"[('Panobinostat', 0.05, 'uM')]",G2M,-0.5633097863032248,84,220,HDAC inhibitor
SW 1088,plate11,Panobinostat,"[('Panobinostat', 0.5, 'uM')]",G1,-0.6520766965796931,84,188,HDAC inhibitor
SW 1088,plate11,Panobinostat,"[('Panobinostat', 0.5, 'uM')]",S,2.5862372695742954,84,188,HDAC inhibitor
SW 1088,plate11,Panobinostat,"[('Panobinostat', 0.5, 'uM')]",G2M,-0.5251565116875856,84,188,HDAC inhibitor
SW 1088,plate12,Belinostat,"[('Belinostat', 5.0, 'uM')]",G1,-1.2460618788361424,60,102,HDAC inhibitor
SW 1088,plate12,Belinostat,"[('Belinostat', 5.0, 'uM')]",S,0.6027936257913961,60,102,HDAC inhibitor
SW 1088,plate12,Belinostat,"[('Belinostat', 5.0, 'uM')]",G2M,1.1275514966108102,60,102,HDAC inhibitor
SW 1088,plate12,Panobinostat,"[('Panobinostat', 5.0, 'uM')]",G1,-1.5680719659966016,66,102,HDAC inhibitor
SW 1088,plate12,Panobinostat,"[('Panobinostat', 5.0, 'uM')]",S,1.6839587481895515,66,102,HDAC inhibitor
SW 1088,plate12,Panobinostat,"[('Panobinostat', 5.0, 'uM')]",G2M,0.8831327689443635,66,102,HDAC inhibitor
SW 1088,plate13,Abemaciclib,"[('Abemaciclib', 0.05, 'uM')]",G1,0.578022962003114,59,75,CDK inhibitor
SW 1088,plate13,Abemaciclib,"[('Abemaciclib', 0.05, 'uM')]",S,-0.15100778809968246,59,75,CDK inhibitor
SW 1088,plate13,Abemaciclib,"[('Abemaciclib', 0.05, 'uM')]",G2M,-0.5840798484813948,59,75,CDK inhibitor
SW 1088,plate13,Ribociclib,"[('Ribociclib', 0.05, 'uM')]",G1,0.8842659693443929,60,75,CDK inhibitor
SW 1088,plate13,Ribociclib,"[('Ribociclib', 0.05, 'uM')]",S,0.3344190390705593,60,75,CDK inhibitor
SW 1088,plate13,Ribociclib,"[('Ribociclib', 0.05, 'uM')]",G2M,-1.0966534436648046,60,75,CDK inhibitor
SW 1088,plate13,Ribociclib,"[('Ribociclib', 0.5, 'uM')]",G1,0.9137097472368748,61,75,CDK inhibitor
SW 1088,plate13,Ribociclib,"[('Ribociclib', 0.5, 'uM')]",S,-0.20033550046325074,61,75,CDK inhibitor
SW 1088,plate13,Ribociclib,"[('Ribociclib', 0.5, 'uM')]",G2M,-0.9522635343296297,61,75,CDK inhibitor
SW 1088,plate13,Ribociclib,"[('Ribociclib', 5.0, 'uM')]",G1,1.2501374118193525,56,75,CDK inhibitor
SW 1088,plate13,Ribociclib,"[('Ribociclib', 5.0, 'uM')]",S,-0.07370206193223351,56,75,CDK inhibitor
SW 1088,plate13,Ribociclib,"[('Ribociclib', 5.0, 'uM')]",G2M,-1.3805464543962627,56,75,CDK inhibitor
SW 1088,plate14,Docetaxel,"[('Docetaxel', 5.0, 'uM')]",G1,0.31948174926967,304,254,Microtubule inhibitor
SW 1088,plate14,Docetaxel,"[('Docetaxel', 5.0, 'uM')]",S,-0.4163408646587457,304,254,Microtubule inhibitor
SW 1088,plate14,Docetaxel,"[('Docetaxel', 5.0, 'uM')]",G2M,-0.20307809852137956,304,254,Microtubule inhibitor
SW 1088,plate14,Tucidinostat,"[('Tucidinostat', 5.0, 'uM')]",G1,-0.13608945443267265,163,254,HDAC inhibitor
SW 1088,plate14,Tucidinostat,"[('Tucidinostat', 5.0, 'uM')]",S,-0.6358643262772893,163,254,HDAC inhibitor
SW 1088,plate14,Tucidinostat,"[('Tucidinostat', 5.0, 'uM')]",G2M,0.45998774908076173,163,254,HDAC inhibitor
SW 1088,plate14,Vinblastine (sulfate),"[('Vinblastine (sulfate)', 5.0, 'uM')]",G1,-0.7170853177800407,161,254,Microtubule inhibitor
SW 1088,plate14,Vinblastine (sulfate),"[('Vinblastine (sulfate)', 5.0, 'uM')]",S,-0.4761446243885594,161,254,Microtubule inhibitor
SW 1088,plate14,Vinblastine (sulfate),"[('Vinblastine (sulfate)', 5.0, 'uM')]",G2M,1.0633427301284193,161,254,Microtubule inhibitor
SW 1088,plate2,Abemaciclib,"[('Abemaciclib', 0.5, 'uM')]",G1,0.3170149958621622,177,626,CDK inhibitor
SW 1088,plate2,Abemaciclib,"[('Abemaciclib', 0.5, 'uM')]",S,-0.6027523043589947,177,626,CDK inhibitor
SW 1088,plate2,Abemaciclib,"[('Abemaciclib', 0.5, 'uM')]",G2M,-0.08584479958662519,177,626,CDK inhibitor
SW 1088,plate2,Paclitaxel,"[('Paclitaxel', 0.5, 'uM')]",G1,0.10208963834012116,563,626,Microtubule inhibitor
SW 1088,plate2,Paclitaxel,"[('Paclitaxel', 0.5, 'uM')]",S,-0.7864555301512696,563,626,Microtubule inhibitor
SW 1088,plate2,Paclitaxel,"[('Paclitaxel', 0.5, 'uM')]",G2M,0.23599233378997986,563,626,Microtubule inhibitor
SW 1088,plate2,Tubulin inhibitor 6,"[('Tubulin inhibitor 6', 0.5, 'uM')]",G1,0.0431272478869402,269,626,Microtubule inhibitor
SW 1088,plate2,Tubulin inhibitor 6,"[('Tubulin inhibitor 6', 0.5, 'uM')]",S,0.25246633465754936,269,626,Microtubule inhibitor
SW 1088,plate2,Tubulin inhibitor 6,"[('Tubulin inhibitor 6', 0.5, 'uM')]",G2M,-0.22930170211856654,269,626,Microtubule inhibitor
SW 1088,plate2,palbociclib,"[('palbociclib', 0.5, 'uM')]",G1,0.5081131070075796,320,626,CDK inhibitor
SW 1088,plate2,palbociclib,"[('palbociclib', 0.5, 'uM')]",S,-1.0088147103558296,320,626,CDK inhibitor
SW 1088,plate2,palbociclib,"[('palbociclib', 0.5, 'uM')]",G2M,-0.17900517449661216,320,626,CDK inhibitor
SW 1088,plate2,vincristine,"[('vincristine', 0.5, 'uM')]",G1,-1.3254859143005515,87,626,Microtubule inhibitor
SW 1088,plate2,vincristine,"[('vincristine', 0.5, 'uM')]",S,1.277470340787444,87,626,Microtubule inhibitor
SW 1088,plate2,vincristine,"[('vincristine', 0.5, 'uM')]",G2M,0.9528253856843524,87,626,Microtubule inhibitor
SW 1088,plate3,Abemaciclib,"[('Abemaciclib', 5.0, 'uM')]",G1,0.9068659022856671,128,156,CDK inhibitor
SW 1088,plate3,Abemaciclib,"[('Abemaciclib', 5.0, 'uM')]",S,-1.6514282606764554,128,156,CDK inhibitor
SW 1088,plate3,Abemaciclib,"[('Abemaciclib', 5.0, 'uM')]",G2M,-0.21021770739034562,128,156,CDK inhibitor
SW 1088,plate3,Paclitaxel,"[('Paclitaxel', 5.0, 'uM')]",G1,0.5309694586672934,499,156,Microtubule inhibitor
SW 1088,plate3,Paclitaxel,"[('Paclitaxel', 5.0, 'uM')]",S,-1.176782950593426,499,156,Microtubule inhibitor
SW 1088,plate3,Paclitaxel,"[('Paclitaxel', 5.0, 'uM')]",G2M,0.029143323102787534,499,156,Microtubule inhibitor
SW 1088,plate3,Tubulin inhibitor 6,"[('Tubulin inhibitor 6', 5.0, 'uM')]",G1,0.5657513868257489,69,156,Microtubule inhibitor
SW 1088,plate3,Tubulin inhibitor 6,"[('Tubulin inhibitor 6', 5.0, 'uM')]",S,-0.6924000417327618,69,156,Microtubule inhibitor
SW 1088,plate3,Tubulin inhibitor 6,"[('Tubulin inhibitor 6', 5.0, 'uM')]",G2M,-0.23509237602937505,69,156,Microtubule inhibitor
SW 1088,plate3,palbociclib,"[('palbociclib', 5.0, 'uM')]",G1,1.1987577707363941,108,156,CDK inhibitor
SW 1088,plate3,palbociclib,"[('palbociclib', 5.0, 'uM')]",S,-1.3919516742558509,108,156,CDK inhibitor
SW 1088,plate3,palbociclib,"[('palbociclib', 5.0, 'uM')]",G2M,-0.7108309383752636,108,156,CDK inhibitor
SW 1088,plate4,Tucidinostat,"[('Tucidinostat', 0.05, 'uM')]",G1,0.36575659650762554,157,300,HDAC inhibitor
SW 1088,plate4,Tucidinostat,"[('Tucidinostat', 0.05, 'uM')]",S,-0.23832393170252614,157,300,HDAC inhibitor
SW 1088,plate4,Tucidinostat,"[('Tucidinostat', 0.05, 'uM')]",G2M,-0.3474394211280333,157,300,HDAC inhibitor
SW 1088,plate4,Vinblastine (sulfate),"[('Vinblastine (sulfate)', 0.05, 'uM')]",G1,-1.0241035775700407,148,300,Microtubule inhibitor
SW 1088,plate4,Vinblastine (sulfate),"[('Vinblastine (sulfate)', 0.05, 'uM')]",S,0.7246844812743236,148,300,Microtubule inhibitor
SW 1088,plate4,Vinblastine (sulfate),"[('Vinblastine (sulfate)', 0.05, 'uM')]",G2M,0.9647008310377068,148,300,Microtubule inhibitor
SW 1088,plate5,Docetaxel,"[('Docetaxel', 0.5, 'uM')]",G1,-0.5292742221761874,104,321,Microtubule inhibitor
SW 1088,plate5,Docetaxel,"[('Docetaxel', 0.5, 'uM')]",S,0.1144872393114483,104,321,Microtubule inhibitor
SW 1088,plate5,Docetaxel,"[('Docetaxel', 0.5, 'uM')]",G2M,0.586403035080371,104,321,Microtubule inhibitor
SW 1088,plate5,Tucidinostat,"[('Tucidinostat', 0.5, 'uM')]",G1,0.4821305410960621,80,321,HDAC inhibitor
SW 1088,plate5,Tucidinostat,"[('Tucidinostat', 0.5, 'uM')]",S,-0.9365933133775325,80,321,HDAC inhibitor
SW 1088,plate5,Tucidinostat,"[('Tucidinostat', 0.5, 'uM')]",G2M,-0.27043123473375597,80,321,HDAC inhibitor
SW 1088,plate5,Vinblastine (sulfate),"[('Vinblastine (sulfate)', 0.5, 'uM')]",G1,0.4029476633889529,50,321,Microtubule inhibitor
SW 1088,plate5,Vinblastine (sulfate),"[('Vinblastine (sulfate)', 0.5, 'uM')]",S,0.9877363190653333,50,321,Microtubule inhibitor
SW 1088,plate5,Vinblastine (sulfate),"[('Vinblastine (sulfate)', 0.5, 'uM')]",G2M,-0.9664982564084866,50,321,Microtubule inhibitor
SW 1088,plate6,Docetaxel,"[('Docetaxel', 5.0, 'uM')]",G1,0.24081878807867807,76,315,Microtubule inhibitor
SW 1088,plate6,Docetaxel,"[('Docetaxel', 5.0, 'uM')]",S,0.30685277442526404,76,315,Microtubule inhibitor
SW 1088,plate6,Docetaxel,"[('Docetaxel', 5.0, 'uM')]",G2M,-0.37591617478153805,76,315,Microtubule inhibitor
SW 1088,plate6,Tucidinostat,"[('Tucidinostat', 5.0, 'uM')]",G1,0.08056652681645296,94,315,HDAC inhibitor
SW 1088,plate6,Tucidinostat,"[('Tucidinostat', 5.0, 'uM')]",S,-1.9546394666001243,94,315,HDAC inhibitor
SW 1088,plate6,Tucidinostat,"[('Tucidinostat', 5.0, 'uM')]",G2M,0.30339889718173163,94,315,HDAC inhibitor
SW 1088,plate6,Vinblastine (sulfate),"[('Vinblastine (sulfate)', 5.0, 'uM')]",G1,-0.19639009219878598,78,315,Microtubule inhibitor
SW 1088,plate6,Vinblastine (sulfate),"[('Vinblastine (sulfate)', 5.0, 'uM')]",S,1.1362789332864345,78,315,Microtubule inhibitor
SW 1088,plate6,Vinblastine (sulfate),"[('Vinblastine (sulfate)', 5.0, 'uM')]",G2M,-0.2870806085069905,78,315,Microtubule inhibitor
SW 1088,plate7,Mebendazole,"[('Mebendazole', 0.05, 'uM')]",G1,-0.15382394681621633,61,74,Microtubule inhibitor
SW 1088,plate7,Mebendazole,"[('Mebendazole', 0.05, 'uM')]",S,-0.7077454552512124,61,74,Microtubule inhibitor
SW 1088,plate7,Mebendazole,"[('Mebendazole', 0.05, 'uM')]",G2M,0.42939279225591387,61,74,Microtubule inhibitor
SW 1088,plate8,Dinaciclib,"[('Dinaciclib', 0.5, 'uM')]",G1,-1.8336216359409336,56,122,CDK inhibitor
SW 1088,plate8,Dinaciclib,"[('Dinaciclib', 0.5, 'uM')]",S,2.2063682465191583,56,122,CDK inhibitor
SW 1088,plate8,Dinaciclib,"[('Dinaciclib', 0.5, 'uM')]",G2M,1.2956546908494457,56,122,CDK inhibitor
SW 1088,plate8,Docetaxel (Trihydrate),"[('Docetaxel (Trihydrate)', 0.5, 'uM')]",G1,0.18057224564182084,55,122,Microtubule inhibitor
SW 1088,plate8,Docetaxel (Trihydrate),"[('Docetaxel (Trihydrate)', 0.5, 'uM')]",S,-2.075597618894159,55,122,Microtubule inhibitor
SW 1088,plate8,Docetaxel (Trihydrate),"[('Docetaxel (Trihydrate)', 0.5, 'uM')]",G2M,0.1235939450631425,55,122,Microtubule inhibitor
SW 1088,plate8,Mebendazole,"[('Mebendazole', 0.5, 'uM')]",G1,-0.13467448415389258,64,122,Microtubule inhibitor
SW 1088,plate8,Mebendazole,"[('Mebendazole', 0.5, 'uM')]",S,0.07496205768122191,64,122,Microtubule inhibitor
SW 1088,plate8,Mebendazole,"[('Mebendazole', 0.5, 'uM')]",G2M,0.16868183459168035,64,122,Microtubule inhibitor
SW 1088,plate9,Mebendazole,"[('Mebendazole', 5.0, 'uM')]",G1,-0.4837270684529246,232,112,Microtubule inhibitor
SW 1088,plate9,Mebendazole,"[('Mebendazole', 5.0, 'uM')]",S,-0.4032933365413461,232,112,Microtubule inhibitor
SW 1088,plate9,Mebendazole,"[('Mebendazole', 5.0, 'uM')]",G2M,0.6337637805983247,232,112,Microtubule inhibitor
SW 1271,plate1,Paclitaxel,"[('Paclitaxel', 0.05, 'uM')]",G1,-0.005591848244353703,177,390,Microtubule inhibitor
SW 1271,plate1,Paclitaxel,"[('Paclitaxel', 0.05, 'uM')]",S,0.11447103694844862,177,390,Microtubule inhibitor
SW 1271,plate1,Paclitaxel,"[('Paclitaxel', 0.05, 'uM')]",G2M,-0.016643239836956585,177,390,Microtubule inhibitor
SW 1271,plate1,Tubulin inhibitor 6,"[('Tubulin inhibitor 6', 0.05, 'uM')]",G1,-0.6917120981127378,148,390,Microtubule inhibitor
SW 1271,plate1,Tubulin inhibitor 6,"[('Tubulin inhibitor 6', 0.05, 'uM')]",S,-0.20566122498964495,148,390,Microtubule inhibitor
SW 1271,plate1,Tubulin inhibitor 6,"[('Tubulin inhibitor 6', 0.05, 'uM')]",G2M,0.7809740534062973,148,390,Microtubule inhibitor
SW 1271,plate1,palbociclib,"[('palbociclib', 0.05, 'uM')]",G1,-0.46381650288192205,95,390,CDK inhibitor
SW 1271,plate1,palbociclib,"[('palbociclib', 0.05, 'uM')]",S,0.057926194857777585,95,390,CDK inhibitor
SW 1271,plate1,palbociclib,"[('palbociclib', 0.05, 'uM')]",G2M,0.4974606343223027,95,390,CDK inhibitor
SW 1271,plate1,vincristine,"[('vincristine', 0.05, 'uM')]",G1,-0.4385536692669009,147,390,Microtubule inhibitor
SW 1271,plate1,vincristine,"[('vincristine', 0.05, 'uM')]",S,-0.19535621659790642,147,390,Microtubule inhibitor
SW 1271,plate1,vincristine,"[('vincristine', 0.05, 'uM')]",G2M,0.5217451262629029,147,390,Microtubule inhibitor
SW 1271,plate10,Belinostat,"[('Belinostat', 0.05, 'uM')]",G1,-0.8832795151434415,114,392,HDAC inhibitor
SW 1271,plate10,Belinostat,"[('Belinostat', 0.05, 'uM')]",S,0.6467677851946279,114,392,HDAC inhibitor
SW 1271,plate10,Belinostat,"[('Belinostat', 0.05, 'uM')]",G2M,0.8543591513610358,114,392,HDAC inhibitor
SW 1271,plate10,Carbamazepine,"[('Carbamazepine', 0.05, 'uM')]",G1,-0.24692749061322863,148,392,HDAC inhibitor
SW 1271,plate10,Carbamazepine,"[('Carbamazepine', 0.05, 'uM')]",S,1.1336202004659361,148,392,HDAC inhibitor
SW 1271,plate10,Carbamazepine,"[('Carbamazepine', 0.05, 'uM')]",G2M,0.16610476289288353,148,392,HDAC inhibitor
SW 1271,plate10,Panobinostat,"[('Panobinostat', 0.05, 'uM')]",G1,-1.1939363113955375,187,392,HDAC inhibitor
SW 1271,plate10,Panobinostat,"[('Panobinostat', 0.05, 'uM')]",S,1.7382436889515906,187,392,HDAC inhibitor
SW 1271,plate10,Panobinostat,"[('Panobinostat', 0.05, 'uM')]",G2M,1.0063695248757272,187,392,HDAC inhibitor
SW 1271,plate11,Belinostat,"[('Belinostat', 0.5, 'uM')]",G1,-0.8358056269889578,69,310,HDAC inhibitor
SW 1271,plate11,Belinostat,"[('Belinostat', 0.5, 'uM')]",S,1.606806691942937,69,310,HDAC inhibitor
SW 1271,plate11,Belinostat,"[('Belinostat', 0.5, 'uM')]",G2M,0.32296103057097314,69,310,HDAC inhibitor
SW 1271,plate11,Carbamazepine,"[('Carbamazepine', 0.5, 'uM')]",G1,-0.29660198937211985,120,310,HDAC inhibitor
SW 1271,plate11,Carbamazepine,"[('Carbamazepine', 0.5, 'uM')]",S,0.9088859695551181,120,310,HDAC inhibitor
SW 1271,plate11,Carbamazepine,"[('Carbamazepine', 0.5, 'uM')]",G2M,0.08927785893244261,120,310,HDAC inhibitor
SW 1271,plate11,Panobinostat,"[('Panobinostat', 0.5, 'uM')]",G1,-2.46918245512834,158,310,HDAC inhibitor
SW 1271,plate11,Panobinostat,"[('Panobinostat', 0.5, 'uM')]",S,2.6632382439518416,158,310,HDAC inhibitor
SW 1271,plate11,Panobinostat,"[('Panobinostat', 0.5, 'uM')]",G2M,0.6696303116916857,158,310,HDAC inhibitor
SW 1271,plate12,Belinostat,"[('Belinostat', 5.0, 'uM')]",G1,-2.4530706986073287,220,345,HDAC inhibitor
SW 1271,plate12,Belinostat,"[('Belinostat', 5.0, 'uM')]",S,2.331705138546981,220,345,HDAC inhibitor
SW 1271,plate12,Belinostat,"[('Belinostat', 5.0, 'uM')]",G2M,1.2928333627257413,220,345,HDAC inhibitor
SW 1271,plate12,Carbamazepine,"[('Carbamazepine', 5.0, 'uM')]",G1,0.19867285777631796,96,345,HDAC inhibitor
SW 1271,plate12,Carbamazepine,"[('Carbamazepine', 5.0, 'uM')]",S,0.4069956433366988,96,345,HDAC inhibitor
SW 1271,plate12,Carbamazepine,"[('Carbamazepine', 5.0, 'uM')]",G2M,-0.22407099684691165,96,345,HDAC inhibitor
SW 1271,plate12,Panobinostat,"[('Panobinostat', 5.0, 'uM')]",G1,-2.9890069787922737,177,345,HDAC inhibitor
SW 1271,plate12,Panobinostat,"[('Panobinostat', 5.0, 'uM')]",S,2.2048791673975363,177,345,HDAC inhibitor
SW 1271,plate12,Panobinostat,"[('Panobinostat', 5.0, 'uM')]",G2M,1.6462534084962699,177,345,HDAC inhibitor
SW 1271,plate13,Abemaciclib,"[('Abemaciclib', 0.05, 'uM')]",G1,0.3744624489572672,162,208,CDK inhibitor
SW 1271,plate13,Abemaciclib,"[('Abemaciclib', 0.05, 'uM')]",S,-0.7376295127425291,162,208,CDK inhibitor
SW 1271,plate13,Abemaciclib,"[('Abemaciclib', 0.05, 'uM')]",G2M,-0.24442112644808184,162,208,CDK inhibitor
SW 1271,plate13,Ribociclib,"[('Ribociclib', 0.05, 'uM')]",G1,-0.07652498578265768,217,208,CDK inhibitor
SW 1271,plate13,Ribociclib,"[('Ribociclib', 0.05, 'uM')]",S,-0.9219272479714052,217,208,CDK inhibitor
SW 1271,plate13,Ribociclib,"[('Ribociclib', 0.05, 'uM')]",G2M,0.2210466719092974,217,208,CDK inhibitor
SW 1271,plate13,Ribociclib,"[('Ribociclib', 0.5, 'uM')]",G1,0.04776404812614966,167,208,CDK inhibitor
SW 1271,plate13,Ribociclib,"[('Ribociclib', 0.5, 'uM')]",S,-1.0810749370483177,167,208,CDK inhibitor
SW 1271,plate13,Ribociclib,"[('Ribociclib', 0.5, 'uM')]",G2M,0.12014955653386612,167,208,CDK inhibitor
SW 1271,plate13,Ribociclib,"[('Ribociclib', 5.0, 'uM')]",G1,0.26873439439339963,179,208,CDK inhibitor
SW 1271,plate13,Ribociclib,"[('Ribociclib', 5.0, 'uM')]",S,-1.5540225642061238,179,208,CDK inhibitor
SW 1271,plate13,Ribociclib,"[('Ribociclib', 5.0, 'uM')]",G2M,-0.05799209037354121,179,208,CDK inhibitor
SW 1271,plate14,Docetaxel,"[('Docetaxel', 5.0, 'uM')]",G1,-0.24721382574621678,257,261,Microtubule inhibitor
SW 1271,plate14,Docetaxel,"[('Docetaxel', 5.0, 'uM')]",S,-0.05798976189498895,257,261,Microtubule inhibitor
SW 1271,plate14,Docetaxel,"[('Docetaxel', 5.0, 'uM')]",G2M,0.2904509953920638,257,261,Microtubule inhibitor
SW 1271,plate14,Tucidinostat,"[('Tucidinostat', 5.0, 'uM')]",G1,-0.14673484221726327,214,261,HDAC inhibitor
SW 1271,plate14,Tucidinostat,"[('Tucidinostat', 5.0, 'uM')]",S,0.3108161397671377,214,261,HDAC inhibitor
SW 1271,plate14,Tucidinostat,"[('Tucidinostat', 5.0, 'uM')]",G2M,0.055495112591703394,214,261,HDAC inhibitor
SW 1271,plate14,Vinblastine (sulfate),"[('Vinblastine (sulfate)', 5.0, 'uM')]",G1,-0.18527817858701895,170,261,Microtubule inhibitor
SW 1271,plate14,Vinblastine (sulfate),"[('Vinblastine (sulfate)', 5.0, 'uM')]",S,-0.028044122152441137,170,261,Microtubule inhibitor
SW 1271,plate14,Vinblastine (sulfate),"[('Vinblastine (sulfate)', 5.0, 'uM')]",G2M,0.22055435886219968,170,261,Microtubule inhibitor
SW 1271,plate2,Abemaciclib,"[('Abemaciclib', 0.5, 'uM')]",G1,-0.03502203566309747,251,753,CDK inhibitor
SW 1271,plate2,Abemaciclib,"[('Abemaciclib', 0.5, 'uM')]",S,0.3032031919752238,251,753,CDK inhibitor
SW 1271,plate2,Abemaciclib,"[('Abemaciclib', 0.5, 'uM')]",G2M,-0.06127407484187739,251,753,CDK inhibitor
SW 1271,plate2,Paclitaxel,"[('Paclitaxel', 0.5, 'uM')]",G1,-0.43549641029920755,457,753,Microtubule inhibitor
SW 1271,plate2,Paclitaxel,"[('Paclitaxel', 0.5, 'uM')]",S,0.16655713930009355,457,753,Microtubule inhibitor
SW 1271,plate2,Paclitaxel,"[('Paclitaxel', 0.5, 'uM')]",G2M,0.4257326169345262,457,753,Microtubule inhibitor
SW 1271,plate2,Tubulin inhibitor 6,"[('Tubulin inhibitor 6', 0.5, 'uM')]",G1,0.15126608446815892,390,753,Microtubule inhibitor
SW 1271,plate2,Tubulin inhibitor 6,"[('Tubulin inhibitor 6', 0.5, 'uM')]",S,0.19023894338590674,390,753,Microtubule inhibitor
SW 1271,plate2,Tubulin inhibitor 6,"[('Tubulin inhibitor 6', 0.5, 'uM')]",G2M,-0.23737400553715615,390,753,Microtubule inhibitor
SW 1271,plate2,palbociclib,"[('palbociclib', 0.5, 'uM')]",G1,0.11587366507728618,329,753,CDK inhibitor
SW 1271,plate2,palbociclib,"[('palbociclib', 0.5, 'uM')]",S,-0.18916148538796299,329,753,CDK inhibitor
SW 1271,plate2,palbociclib,"[('palbociclib', 0.5, 'uM')]",G2M,-0.06409229818485435,329,753,CDK inhibitor
SW 1271,plate2,vincristine,"[('vincristine', 0.5, 'uM')]",G1,-0.6186794866995853,64,753,Microtubule inhibitor
SW 1271,plate2,vincristine,"[('vincristine', 0.5, 'uM')]",S,1.1072120861528367,64,753,Microtubule inhibitor
SW 1271,plate2,vincristine,"[('vincristine', 0.5, 'uM')]",G2M,0.25803087412027403,64,753,Microtubule inhibitor
SW 1271,plate3,Abemaciclib,"[('Abemaciclib', 5.0, 'uM')]",G1,-0.33920608631919796,91,102,CDK inhibitor
SW 1271,plate3,Abemaciclib,"[('Abemaciclib', 5.0, 'uM')]",S,-0.7252749145177763,91,102,CDK inhibitor
SW 1271,plate3,Abemaciclib,"[('Abemaciclib', 5.0, 'uM')]",G2M,0.5907817612305128,91,102,CDK inhibitor
SW 1271,plate3,Paclitaxel,"[('Paclitaxel', 5.0, 'uM')]",G1,0.13823478550773194,356,102,Microtubule inhibitor
SW 1271,plate3,Paclitaxel,"[('Paclitaxel', 5.0, 'uM')]",S,-0.4280639617565151,356,102,Microtubule inhibitor
SW 1271,plate3,Paclitaxel,"[('Paclitaxel', 5.0, 'uM')]",G2M,-0.0069737660426050915,356,102,Microtubule inhibitor
SW 1271,plate3,palbociclib,"[('palbociclib', 5.0, 'uM')]",G1,-0.16496840646749195,52,102,CDK inhibitor
SW 1271,plate3,palbociclib,"[('palbociclib', 5.0, 'uM')]",S,0.15341878926009034,52,102,CDK inhibitor
SW 1271,plate3,palbociclib,"[('palbociclib', 5.0, 'uM')]",G2M,0.13388876979724443,52,102,CDK inhibitor
SW 1271,plate4,Tucidinostat,"[('Tucidinostat', 0.05, 'uM')]",G1,0.2284348469050681,214,420,HDAC inhibitor
SW 1271,plate4,Tucidinostat,"[('Tucidinostat', 0.05, 'uM')]",S,0.525490936784467,214,420,HDAC inhibitor
SW 1271,plate4,Tucidinostat,"[('Tucidinostat', 0.05, 'uM')]",G2M,-0.3234831369348406,214,420,HDAC inhibitor
SW 1271,plate4,Vinblastine (sulfate),"[('Vinblastine (sulfate)', 0.05, 'uM')]",G1,-0.5798253707803119,221,420,Microtubule inhibitor
SW 1271,plate4,Vinblastine (sulfate),"[('Vinblastine (sulfate)', 0.05, 'uM')]",S,0.8601144756662605,221,420,Microtubule inhibitor
SW 1271,plate4,Vinblastine (sulfate),"[('Vinblastine (sulfate)', 0.05, 'uM')]",G2M,0.44243781479101396,221,420,Microtubule inhibitor
SW 1271,plate5,Docetaxel,"[('Docetaxel', 0.5, 'uM')]",G1,-0.47698999002160186,164,458,Microtubule inhibitor
SW 1271,plate5,Docetaxel,"[('Docetaxel', 0.5, 'uM')]",S,-0.33868473390565695,164,458,Microtubule inhibitor
SW 1271,plate5,Docetaxel,"[('Docetaxel', 0.5, 'uM')]",G2M,0.5913061697039184,164,458,Microtubule inhibitor
SW 1271,plate5,Tucidinostat,"[('Tucidinostat', 0.5, 'uM')]",G1,-0.3910308438393531,132,458,HDAC inhibitor
SW 1271,plate5,Tucidinostat,"[('Tucidinostat', 0.5, 'uM')]",S,-0.008667819041119294,132,458,HDAC inhibitor
SW 1271,plate5,Tucidinostat,"[('Tucidinostat', 0.5, 'uM')]",G2M,0.43312256456766535,132,458,HDAC inhibitor
SW 1271,plate5,Vinblastine (sulfate),"[('Vinblastine (sulfate)', 0.5, 'uM')]",G1,-0.8245438925844586,66,458,Microtubule inhibitor
SW 1271,plate5,Vinblastine (sulfate),"[('Vinblastine (sulfate)', 0.5, 'uM')]",S,-0.3174584929379396,66,458,Microtubule inhibitor
SW 1271,plate5,Vinblastine (sulfate),"[('Vinblastine (sulfate)', 0.5, 'uM')]",G2M,0.963637281266445,66,458,Microtubule inhibitor
SW 1271,plate6,Docetaxel,"[('Docetaxel', 5.0, 'uM')]",G1,-0.3094724938959249,90,542,Microtubule inhibitor
SW 1271,plate6,Docetaxel,"[('Docetaxel', 5.0, 'uM')]",S,1.4311006161822502,90,542,Microtubule inhibitor
SW 1271,plate6,Docetaxel,"[('Docetaxel', 5.0, 'uM')]",G2M,-0.0551078459706137,90,542,Microtubule inhibitor
SW 1271,plate6,Tucidinostat,"[('Tucidinostat', 5.0, 'uM')]",G1,-0.18076815134048974,153,542,HDAC inhibitor
SW 1271,plate6,Tucidinostat,"[('Tucidinostat', 5.0, 'uM')]",S,0.027769830861630918,153,542,HDAC inhibitor
SW 1271,plate6,Tucidinostat,"[('Tucidinostat', 5.0, 'uM')]",G2M,0.20112672775783907,153,542,HDAC inhibitor
SW 1271,plate6,Vinblastine (sulfate),"[('Vinblastine (sulfate)', 5.0, 'uM')]",G1,-0.253349623227879,133,542,Microtubule inhibitor
SW 1271,plate6,Vinblastine (sulfate),"[('Vinblastine (sulfate)', 5.0, 'uM')]",S,0.6478205442693097,133,542,Microtubule inhibitor
SW 1271,plate6,Vinblastine (sulfate),"[('Vinblastine (sulfate)', 5.0, 'uM')]",G2M,0.14413478097903396,133,542,Microtubule inhibitor
SW 1271,plate7,Docetaxel (Trihydrate),"[('Docetaxel (Trihydrate)', 0.05, 'uM')]",G1,-0.9523171038224755,64,164,Microtubule inhibitor
SW 1271,plate7,Docetaxel (Trihydrate),"[('Docetaxel (Trihydrate)', 0.05, 'uM')]",S,0.4536177698499968,64,164,Microtubule inhibitor
SW 1271,plate7,Docetaxel (Trihydrate),"[('Docetaxel (Trihydrate)', 0.05, 'uM')]",G2M,0.8021539329006361,64,164,Microtubule inhibitor
SW 1271,plate7,Mebendazole,"[('Mebendazole', 0.05, 'uM')]",G1,-0.6416020497505088,122,164,Microtubule inhibitor
SW 1271,plate7,Mebendazole,"[('Mebendazole', 0.05, 'uM')]",S,0.2576975598747397,122,164,Microtubule inhibitor
SW 1271,plate7,Mebendazole,"[('Mebendazole', 0.05, 'uM')]",G2M,0.5539119659879491,122,164,Microtubule inhibitor
SW 1271,plate8,Docetaxel (Trihydrate),"[('Docetaxel (Trihydrate)', 0.5, 'uM')]",G1,-0.9959972408329233,132,396,Microtubule inhibitor
SW 1271,plate8,Docetaxel (Trihydrate),"[('Docetaxel (Trihydrate)', 0.5, 'uM')]",S,-0.8777826363430574,132,396,Microtubule inhibitor
SW 1271,plate8,Docetaxel (Trihydrate),"[('Docetaxel (Trihydrate)', 0.5, 'uM')]",G2M,1.1015827757615553,132,396,Microtubule inhibitor
SW 1271,plate8,Mebendazole,"[('Mebendazole', 0.5, 'uM')]",G1,-0.6487045813652784,128,396,Microtubule inhibitor
SW 1271,plate8,Mebendazole,"[('Mebendazole', 0.5, 'uM')]",S,0.03811833471369614,128,396,Microtubule inhibitor
SW 1271,plate8,Mebendazole,"[('Mebendazole', 0.5, 'uM')]",G2M,0.6646125516027079,128,396,Microtubule inhibitor
SW 1271,plate9,Docetaxel (Trihydrate),"[('Docetaxel (Trihydrate)', 5.0, 'uM')]",G1,-0.39875532454424356,141,199,Microtubule inhibitor
SW 1271,plate9,Docetaxel (Trihydrate),"[('Docetaxel (Trihydrate)', 5.0, 'uM')]",S,-1.3994966483830658,141,199,Microtubule inhibitor
SW 1271,plate9,Docetaxel (Trihydrate),"[('Docetaxel (Trihydrate)', 5.0, 'uM')]",G2M,0.6214021504640287,141,199,Microtubule inhibitor
SW 1271,plate9,Mebendazole,"[('Mebendazole', 5.0, 'uM')]",G1,-0.6458110317074532,245,199,Microtubule inhibitor
SW 1271,plate9,Mebendazole,"[('Mebendazole', 5.0, 'uM')]",S,-0.44299156084984515,245,199,Microtubule inhibitor
SW 1271,plate9,Mebendazole,"[('Mebendazole', 5.0, 'uM')]",G2M,0.6927015133914668,245,199,Microtubule inhibitor
SW 900,plate1,Paclitaxel,"[('Paclitaxel', 0.05, 'uM')]",G1,0.2541471523383176,1323,2863,Microtubule inhibitor
SW 900,plate1,Paclitaxel,"[('Paclitaxel', 0.05, 'uM')]",S,-0.0904009264601696,1323,2863,Microtubule inhibitor
SW 900,plate1,Paclitaxel,"[('Paclitaxel', 0.05, 'uM')]",G2M,-0.2610370478939411,1323,2863,Microtubule inhibitor
SW 900,plate1,Tubulin inhibitor 6,"[('Tubulin inhibitor 6', 0.05, 'uM')]",G1,0.2580968773156178,1010,2863,Microtubule inhibitor
SW 900,plate1,Tubulin inhibitor 6,"[('Tubulin inhibitor 6', 0.05, 'uM')]",S,-0.30136029139340514,1010,2863,Microtubule inhibitor
SW 900,plate1,Tubulin inhibitor 6,"[('Tubulin inhibitor 6', 0.05, 'uM')]",G2M,-0.22973928266068303,1010,2863,Microtubule inhibitor
SW 900,plate1,palbociclib,"[('palbociclib', 0.05, 'uM')]",G1,0.3888710232882165,731,2863,CDK inhibitor
SW 900,plate1,palbociclib,"[('palbociclib', 0.05, 'uM')]",S,0.17880601931614137,731,2863,CDK inhibitor
SW 900,plate1,palbociclib,"[('palbociclib', 0.05, 'uM')]",G2M,-0.4635080182419891,731,2863,CDK inhibitor
SW 900,plate1,vincristine,"[('vincristine', 0.05, 'uM')]",G1,-0.16539305012588976,889,2863,Microtubule inhibitor
SW 900,plate1,vincristine,"[('vincristine', 0.05, 'uM')]",S,0.338826839967341,889,2863,Microtubule inhibitor
SW 900,plate1,vincristine,"[('vincristine', 0.05, 'uM')]",G2M,0.12125279243735897,889,2863,Microtubule inhibitor
SW 900,plate10,Belinostat,"[('Belinostat', 0.05, 'uM')]",G1,-0.5873208546973105,1358,4086,HDAC inhibitor
SW 900,plate10,Belinostat,"[('Belinostat', 0.05, 'uM')]",S,-0.057893313738958674,1358,4086,HDAC inhibitor
SW 900,plate10,Belinostat,"[('Belinostat', 0.05, 'uM')]",G2M,0.6128632616334286,1358,4086,HDAC inhibitor
SW 900,plate10,Carbamazepine,"[('Carbamazepine', 0.05, 'uM')]",G1,-0.3860865022556401,1129,4086,HDAC inhibitor
SW 900,plate10,Carbamazepine,"[('Carbamazepine', 0.05, 'uM')]",S,-0.8459181521326586,1129,4086,HDAC inhibitor
SW 900,plate10,Carbamazepine,"[('Carbamazepine', 0.05, 'uM')]",G2M,0.4436681843356466,1129,4086,HDAC inhibitor
SW 900,plate10,Panobinostat,"[('Panobinostat', 0.05, 'uM')]",G1,-0.843583076879466,1729,4086,HDAC inhibitor
SW 900,plate10,Panobinostat,"[('Panobinostat', 0.05, 'uM')]",S,1.2016017871677176,1729,4086,HDAC inhibitor
SW 900,plate10,Panobinostat,"[('Panobinostat', 0.05, 'uM')]",G2M,0.7683124414414628,1729,4086,HDAC inhibitor
SW 900,plate11,Belinostat,"[('Belinostat', 0.5, 'uM')]",G1,-0.8129778022172118,783,3669,HDAC inhibitor
SW 900,plate11,Belinostat,"[('Belinostat', 0.5, 'uM')]",S,0.940606193668315,783,3669,HDAC inhibitor
SW 900,plate11,Belinostat,"[('Belinostat', 0.5, 'uM')]",G2M,0.6501152122123485,783,3669,HDAC inhibitor
SW 900,plate11,Carbamazepine,"[('Carbamazepine', 0.5, 'uM')]",G1,-0.0022653553652243735,1071,3669,HDAC inhibitor
SW 900,plate11,Carbamazepine,"[('Carbamazepine', 0.5, 'uM')]",S,0.04909667861694836,1071,3669,HDAC inhibitor
SW 900,plate11,Carbamazepine,"[('Carbamazepine', 0.5, 'uM')]",G2M,-0.0035752956313183635,1071,3669,HDAC inhibitor
SW 900,plate11,Panobinostat,"[('Panobinostat', 0.5, 'uM')]",G1,-1.3054705579121695,1463,3669,HDAC inhibitor
SW 900,plate11,Panobinostat,"[('Panobinostat', 0.5, 'uM')]",S,2.681337612416911,1463,3669,HDAC inhibitor
SW 900,plate11,Panobinostat,"[('Panobinostat', 0.5, 'uM')]",G2M,0.37491854675501346,1463,3669,HDAC inhibitor
SW 900,plate12,Belinostat,"[('Belinostat', 5.0, 'uM')]",G1,-1.9795392975162895,1509,2929,HDAC inhibitor
SW 900,plate12,Belinostat,"[('Belinostat', 5.0, 'uM')]",S,3.0777959126076584,1509,2929,HDAC inhibitor
SW 900,plate12,Belinostat,"[('Belinostat', 5.0, 'uM')]",G2M,1.090401875638937,1509,2929,HDAC inhibitor
SW 900,plate12,Carbamazepine,"[('Carbamazepine', 5.0, 'uM')]",G1,0.053792324000879174,1040,2929,HDAC inhibitor
SW 900,plate12,Carbamazepine,"[('Carbamazepine', 5.0, 'uM')]",S,-0.2870208355669146,1040,2929,HDAC inhibitor
SW 900,plate12,Carbamazepine,"[('Carbamazepine', 5.0, 'uM')]",G2M,-0.023210022653524807,1040,2929,HDAC inhibitor
SW 900,plate12,Panobinostat,"[('Panobinostat', 5.0, 'uM')]",G1,-1.695434613174262,1165,2929,HDAC inhibitor
SW 900,plate12,Panobinostat,"[('Panobinostat', 5.0, 'uM')]",S,3.243735944535048,1165,2929,HDAC inhibitor
SW 900,plate12,Panobinostat,"[('Panobinostat', 5.0, 'uM')]",G2M,0.7199364890830037,1165,2929,HDAC inhibitor
SW 900,plate13,Abemaciclib,"[('Abemaciclib', 0.05, 'uM')]",G1,-0.01719317313051431,1806,1828,CDK inhibitor
SW 900,plate13,Abemaciclib,"[('Abemaciclib', 0.05, 'uM')]",S,0.017886558159814065,1806,1828,CDK inhibitor
SW 900,plate13,Abemaciclib,"[('Abemaciclib', 0.05, 'uM')]",G2M,0.015994913436427807,1806,1828,CDK inhibitor
SW 900,plate13,Ribociclib,"[('Ribociclib', 0.05, 'uM')]",G1,-0.0077687201579845055,1713,1828,CDK inhibitor
SW 900,plate13,Ribociclib,"[('Ribociclib', 0.05, 'uM')]",S,0.0960481512510956,1713,1828,CDK inhibitor
SW 900,plate13,Ribociclib,"[('Ribociclib', 0.05, 'uM')]",G2M,-0.0033304895858865123,1713,1828,CDK inhibitor
SW 900,plate13,Ribociclib,"[('Ribociclib', 0.5, 'uM')]",G1,0.036635890531859255,1516,1828,CDK inhibitor
SW 900,plate13,Ribociclib,"[('Ribociclib', 0.5, 'uM')]",S,-0.45449128269063205,1516,1828,CDK inhibitor
SW 900,plate13,Ribociclib,"[('Ribociclib', 0.5, 'uM')]",G2M,0.008142515009825142,1516,1828,CDK inhibitor
SW 900,plate13,Ribociclib,"[('Ribociclib', 5.0, 'uM')]",G1,0.03592486146120106,1757,1828,CDK inhibitor
SW 900,plate13,Ribociclib,"[('Ribociclib', 5.0, 'uM')]",S,-0.32670430026574365,1757,1828,CDK inhibitor
SW 900,plate13,Ribociclib,"[('Ribociclib', 5.0, 'uM')]",G2M,-0.003015449263471148,1757,1828,CDK inhibitor
SW 900,plate14,Docetaxel,"[('Docetaxel', 5.0, 'uM')]",G1,-0.04863849364168389,1730,1675,Microtubule inhibitor
SW 900,plate14,Docetaxel,"[('Docetaxel', 5.0, 'uM')]",S,-0.31471848307536,1730,1675,Microtubule inhibitor
SW 900,plate14,Docetaxel,"[('Docetaxel', 5.0, 'uM')]",G2M,0.14443995230529746,1730,1675,Microtubule inhibitor
SW 900,plate14,Tucidinostat,"[('Tucidinostat', 5.0, 'uM')]",G1,0.09975811873028298,1445,1675,HDAC inhibitor
SW 900,plate14,Tucidinostat,"[('Tucidinostat', 5.0, 'uM')]",S,-0.08095038358465931,1445,1675,HDAC inhibitor
SW 900,plate14,Tucidinostat,"[('Tucidinostat', 5.0, 'uM')]",G2M,-0.09157386217644856,1445,1675,HDAC inhibitor
SW 900,plate14,Vinblastine (sulfate),"[('Vinblastine (sulfate)', 5.0, 'uM')]",G1,-0.0011589770265196058,1285,1675,Microtubule inhibitor
SW 900,plate14,Vinblastine (sulfate),"[('Vinblastine (sulfate)', 5.0, 'uM')]",S,-0.00518011342940847,1285,1675,Microtubule inhibitor
SW 900,plate14,Vinblastine (sulfate),"[('Vinblastine (sulfate)', 5.0, 'uM')]",G2M,0.0037972837644085133,1285,1675,Microtubule inhibitor
SW 900,plate2,Abemaciclib,"[('Abemaciclib', 0.5, 'uM')]",G1,-0.17422358256108186,1494,4210,CDK inhibitor
SW 900,plate2,Abemaciclib,"[('Abemaciclib', 0.5, 'uM')]",S,0.3134665028321838,1494,4210,CDK inhibitor
SW 900,plate2,Abemaciclib,"[('Abemaciclib', 0.5, 'uM')]",G2M,0.09596403244550118,1494,4210,CDK inhibitor
SW 900,plate2,Paclitaxel,"[('Paclitaxel', 0.5, 'uM')]",G1,-0.17684346301881199,2652,4210,Microtubule inhibitor
SW 900,plate2,Paclitaxel,"[('Paclitaxel', 0.5, 'uM')]",S,-0.015532609261157664,2652,4210,Microtubule inhibitor
SW 900,plate2,Paclitaxel,"[('Paclitaxel', 0.5, 'uM')]",G2M,0.22082027837264323,2652,4210,Microtubule inhibitor
SW 900,plate2,Tubulin inhibitor 6,"[('Tubulin inhibitor 6', 0.5, 'uM')]",G1,-0.10998765920839057,2197,4210,Microtubule inhibitor
SW 900,plate2,Tubulin inhibitor 6,"[('Tubulin inhibitor 6', 0.5, 'uM')]",S,0.3366711375205894,2197,4210,Microtubule inhibitor
SW 900,plate2,Tubulin inhibitor 6,"[('Tubulin inhibitor 6', 0.5, 'uM')]",G2M,0.0030068142250681885,2197,4210,Microtubule inhibitor
SW 900,plate2,palbociclib,"[('palbociclib', 0.5, 'uM')]",G1,0.5673556074731597,1661,4210,CDK inhibitor
SW 900,plate2,palbociclib,"[('palbociclib', 0.5, 'uM')]",S,-0.7052196959559798,1661,4210,CDK inhibitor
SW 900,plate2,palbociclib,"[('palbociclib', 0.5, 'uM')]",G2M,-0.46159725760142273,1661,4210,CDK inhibitor
SW 900,plate2,vincristine,"[('vincristine', 0.5, 'uM')]",G1,-0.8181646565392245,599,4210,Microtubule inhibitor
SW 900,plate2,vincristine,"[('vincristine', 0.5, 'uM')]",S,0.48149862093190826,599,4210,Microtubule inhibitor
SW 900,plate2,vincristine,"[('vincristine', 0.5, 'uM')]",G2M,0.8103288254654092,599,4210,Microtubule inhibitor
SW 900,plate3,Abemaciclib,"[('Abemaciclib', 5.0, 'uM')]",G1,0.32438399233605986,601,1068,CDK inhibitor
SW 900,plate3,Abemaciclib,"[('Abemaciclib', 5.0, 'uM')]",S,-0.031105271897473405,601,1068,CDK inhibitor
SW 900,plate3,Abemaciclib,"[('Abemaciclib', 5.0, 'uM')]",G2M,-0.38642102454414345,601,1068,CDK inhibitor
SW 900,plate3,Paclitaxel,"[('Paclitaxel', 5.0, 'uM')]",G1,0.24520125055973932,2004,1068,Microtubule inhibitor
SW 900,plate3,Paclitaxel,"[('Paclitaxel', 5.0, 'uM')]",S,-0.8037398462317317,2004,1068,Microtubule inhibitor
SW 900,plate3,Paclitaxel,"[('Paclitaxel', 5.0, 'uM')]",G2M,0.004967832742217282,2004,1068,Microtubule inhibitor
SW 900,plate3,Tubulin inhibitor 6,"[('Tubulin inhibitor 6', 5.0, 'uM')]",G1,0.17304853451446234,431,1068,Microtubule inhibitor
SW 900,plate3,Tubulin inhibitor 6,"[('Tubulin inhibitor 6', 5.0, 'uM')]",S,-0.6100796314809928,431,1068,Microtubule inhibitor
SW 900,plate3,Tubulin inhibitor 6,"[('Tubulin inhibitor 6', 5.0, 'uM')]",G2M,0.03601095752132584,431,1068,Microtubule inhibitor
SW 900,plate3,palbociclib,"[('palbociclib', 5.0, 'uM')]",G1,0.7210815924060874,631,1068,CDK inhibitor
SW 900,plate3,palbociclib,"[('palbociclib', 5.0, 'uM')]",S,-0.5254005194177356,631,1068,CDK inhibitor
SW 900,plate3,palbociclib,"[('palbociclib', 5.0, 'uM')]",G2M,-0.6584128674169748,631,1068,CDK inhibitor
SW 900,plate3,vincristine,"[('vincristine', 5.0, 'uM')]",G1,-0.8662099728468029,318,1068,Microtubule inhibitor
SW 900,plate3,vincristine,"[('vincristine', 5.0, 'uM')]",S,0.07841832509250404,318,1068,Microtubule inhibitor
SW 900,plate3,vincristine,"[('vincristine', 5.0, 'uM')]",G2M,0.9494240613466797,318,1068,Microtubule inhibitor
SW 900,plate4,Docetaxel,"[('Docetaxel', 0.05, 'uM')]",G1,-1.9168569135654836,235,2590,Microtubule inhibitor
SW 900,plate4,Docetaxel,"[('Docetaxel', 0.05, 'uM')]",S,0.6855882348006116,235,2590,Microtubule inhibitor
SW 900,plate4,Docetaxel,"[('Docetaxel', 0.05, 'uM')]",G2M,1.8824469900650105,235,2590,Microtubule inhibitor
SW 900,plate4,Tucidinostat,"[('Tucidinostat', 0.05, 'uM')]",G1,0.37033670493123744,1250,2590,HDAC inhibitor
SW 900,plate4,Tucidinostat,"[('Tucidinostat', 0.05, 'uM')]",S,-0.5402954457845908,1250,2590,HDAC inhibitor
SW 900,plate4,Tucidinostat,"[('Tucidinostat', 0.05, 'uM')]",G2M,-0.29935196420560095,1250,2590,HDAC inhibitor
SW 900,plate4,Vinblastine (sulfate),"[('Vinblastine (sulfate)', 0.05, 'uM')]",G1,-0.38684206126888954,1413,2590,Microtubule inhibitor
SW 900,plate4,Vinblastine (sulfate),"[('Vinblastine (sulfate)', 0.05, 'uM')]",S,0.05712839659631942,1413,2590,Microtubule inhibitor
SW 900,plate4,Vinblastine (sulfate),"[('Vinblastine (sulfate)', 0.05, 'uM')]",G2M,0.41825833949697105,1413,2590,Microtubule inhibitor
SW 900,plate5,Docetaxel,"[('Docetaxel', 0.5, 'uM')]",G1,-0.2477018958067722,1283,2766,Microtubule inhibitor
SW 900,plate5,Docetaxel,"[('Docetaxel', 0.5, 'uM')]",S,-0.1550585699382904,1283,2766,Microtubule inhibitor
SW 900,plate5,Docetaxel,"[('Docetaxel', 0.5, 'uM')]",G2M,0.30370209117713126,1283,2766,Microtubule inhibitor
SW 900,plate5,Tucidinostat,"[('Tucidinostat', 0.5, 'uM')]",G1,0.388338629016249,895,2766,HDAC inhibitor
SW 900,plate5,Tucidinostat,"[('Tucidinostat', 0.5, 'uM')]",S,-0.7316784504663851,895,2766,HDAC inhibitor
SW 900,plate5,Tucidinostat,"[('Tucidinostat', 0.5, 'uM')]",G2M,-0.28888804351579983,895,2766,HDAC inhibitor
SW 900,plate5,Vinblastine (sulfate),"[('Vinblastine (sulfate)', 0.5, 'uM')]",G1,-0.26653259144817554,480,2766,Microtubule inhibitor
SW 900,plate5,Vinblastine (sulfate),"[('Vinblastine (sulfate)', 0.5, 'uM')]",S,0.8975978441034596,480,2766,Microtubule inhibitor
SW 900,plate5,Vinblastine (sulfate),"[('Vinblastine (sulfate)', 0.5, 'uM')]",G2M,0.04981548851262425,480,2766,Microtubule inhibitor
SW 900,plate6,Docetaxel,"[('Docetaxel', 5.0, 'uM')]",G1,-0.48881495089370197,749,3431,Microtubule inhibitor
SW 900,plate6,Docetaxel,"[('Docetaxel', 5.0, 'uM')]",S,0.4120908911945842,749,3431,Microtubule inhibitor
SW 900,plate6,Docetaxel,"[('Docetaxel', 5.0, 'uM')]",G2M,0.4603113726139493,749,3431,Microtubule inhibitor
SW 900,plate6,Tucidinostat,"[('Tucidinostat', 5.0, 'uM')]",G1,-0.03682527348811019,1026,3431,HDAC inhibitor
SW 900,plate6,Tucidinostat,"[('Tucidinostat', 5.0, 'uM')]",S,0.027102752274791565,1026,3431,HDAC inhibitor
SW 900,plate6,Tucidinostat,"[('Tucidinostat', 5.0, 'uM')]",G2M,0.038811497070825034,1026,3431,HDAC inhibitor
SW 900,plate6,Vinblastine (sulfate),"[('Vinblastine (sulfate)', 5.0, 'uM')]",G1,-0.34135138516728386,773,3431,Microtubule inhibitor
SW 900,plate6,Vinblastine (sulfate),"[('Vinblastine (sulfate)', 5.0, 'uM')]",S,0.4089427146780587,773,3431,Microtubule inhibitor
SW 900,plate6,Vinblastine (sulfate),"[('Vinblastine (sulfate)', 5.0, 'uM')]",G2M,0.2962808229340022,773,3431,Microtubule inhibitor
SW 900,plate7,Dinaciclib,"[('Dinaciclib', 0.05, 'uM')]",G1,-2.2558312332441015,234,1612,CDK inhibitor
SW 900,plate7,Dinaciclib,"[('Dinaciclib', 0.05, 'uM')]",S,2.417737973731682,234,1612,CDK inhibitor
SW 900,plate7,Dinaciclib,"[('Dinaciclib', 0.05, 'uM')]",G2M,1.3258696529535687,234,1612,CDK inhibitor
SW 900,plate7,Docetaxel (Trihydrate),"[('Docetaxel (Trihydrate)', 0.05, 'uM')]",G1,-0.7868595572675645,670,1612,Microtubule inhibitor
SW 900,plate7,Docetaxel (Trihydrate),"[('Docetaxel (Trihydrate)', 0.05, 'uM')]",S,0.01966637249755434,670,1612,Microtubule inhibitor
SW 900,plate7,Docetaxel (Trihydrate),"[('Docetaxel (Trihydrate)', 0.05, 'uM')]",G2M,0.7966902834580949,670,1612,Microtubule inhibitor
SW 900,plate7,Mebendazole,"[('Mebendazole', 0.05, 'uM')]",G1,0.038206858012360075,1129,1612,Microtubule inhibitor
SW 900,plate7,Mebendazole,"[('Mebendazole', 0.05, 'uM')]",S,0.03898535250069484,1129,1612,Microtubule inhibitor
SW 900,plate7,Mebendazole,"[('Mebendazole', 0.05, 'uM')]",G2M,-0.04489895547615655,1129,1612,Microtubule inhibitor
SW 900,plate8,Dinaciclib,"[('Dinaciclib', 0.5, 'uM')]",G1,-1.6261241304912342,554,3230,CDK inhibitor
SW 900,plate8,Dinaciclib,"[('Dinaciclib', 0.5, 'uM')]",S,3.193364916585266,554,3230,CDK inhibitor
SW 900,plate8,Dinaciclib,"[('Dinaciclib', 0.5, 'uM')]",G2M,0.9499729458950305,554,3230,CDK inhibitor
SW 900,plate8,Docetaxel (Trihydrate),"[('Docetaxel (Trihydrate)', 0.5, 'uM')]",G1,-0.8684020614457763,1091,3230,Microtubule inhibitor
SW 900,plate8,Docetaxel (Trihydrate),"[('Docetaxel (Trihydrate)', 0.5, 'uM')]",S,1.0641641302562348,1091,3230,Microtubule inhibitor
SW 900,plate8,Docetaxel (Trihydrate),"[('Docetaxel (Trihydrate)', 0.5, 'uM')]",G2M,0.7852049295986527,1091,3230,Microtubule inhibitor
SW 900,plate8,Mebendazole,"[('Mebendazole', 0.5, 'uM')]",G1,-0.7643467844583797,1295,3230,Microtubule inhibitor
SW 900,plate8,Mebendazole,"[('Mebendazole', 0.5, 'uM')]",S,0.4635977338308416,1295,3230,Microtubule inhibitor
SW 900,plate8,Mebendazole,"[('Mebendazole', 0.5, 'uM')]",G2M,0.7531377815167467,1295,3230,Microtubule inhibitor
SW 900,plate9,Dinaciclib,"[('Dinaciclib', 5.0, 'uM')]",G1,-2.265513282420654,153,2204,CDK inhibitor
SW 900,plate9,Dinaciclib,"[('Dinaciclib', 5.0, 'uM')]",S,2.30550186640684,153,2204,CDK inhibitor
SW 900,plate9,Dinaciclib,"[('Dinaciclib', 5.0, 'uM')]",G2M,1.3976198903514407,153,2204,CDK inhibitor
SW 900,plate9,Docetaxel (Trihydrate),"[('Docetaxel (Trihydrate)', 5.0, 'uM')]",G1,-0.20166795553207803,858,2204,Microtubule inhibitor
SW 900,plate9,Docetaxel (Trihydrate),"[('Docetaxel (Trihydrate)', 5.0, 'uM')]",S,-0.25179403571583375,858,2204,Microtubule inhibitor
SW 900,plate9,Docetaxel (Trihydrate),"[('Docetaxel (Trihydrate)', 5.0, 'uM')]",G2M,0.23936146626269006,858,2204,Microtubule inhibitor
SW 900,plate9,Mebendazole,"[('Mebendazole', 5.0, 'uM')]",G1,-0.4881126525826349,2839,2204,Microtubule inhibitor
SW 900,plate9,Mebendazole,"[('Mebendazole', 5.0, 'uM')]",S,-0.21360365421506644,2839,2204,Microtubule inhibitor
SW 900,plate9,Mebendazole,"[('Mebendazole', 5.0, 'uM')]",G2M,0.5201958577466219,2839,2204,Microtubule inhibitor
SW1417,plate1,Paclitaxel,"[('Paclitaxel', 0.05, 'uM')]",G1,-0.013669210352417548,1656,4070,Microtubule inhibitor
SW1417,plate1,Paclitaxel,"[('Paclitaxel', 0.05, 'uM')]",S,-0.04029344927973973,1656,4070,Microtubule inhibitor
SW1417,plate1,Paclitaxel,"[('Paclitaxel', 0.05, 'uM')]",G2M,0.022345250817709286,1656,4070,Microtubule inhibitor
SW1417,plate1,Tubulin inhibitor 6,"[('Tubulin inhibitor 6', 0.05, 'uM')]",G1,0.12940868189392787,1332,4070,Microtubule inhibitor
SW1417,plate1,Tubulin inhibitor 6,"[('Tubulin inhibitor 6', 0.05, 'uM')]",S,-0.17631205756230267,1332,4070,Microtubule inhibitor
SW1417,plate1,Tubulin inhibitor 6,"[('Tubulin inhibitor 6', 0.05, 'uM')]",G2M,-0.10041460630507303,1332,4070,Microtubule inhibitor
SW1417,plate1,palbociclib,"[('palbociclib', 0.05, 'uM')]",G1,0.26931117057387016,934,4070,CDK inhibitor
SW1417,plate1,palbociclib,"[('palbociclib', 0.05, 'uM')]",S,0.36225575079072003,934,4070,CDK inhibitor
SW1417,plate1,palbociclib,"[('palbociclib', 0.05, 'uM')]",G2M,-0.3541439412016639,934,4070,CDK inhibitor
SW1417,plate1,vincristine,"[('vincristine', 0.05, 'uM')]",G1,-0.4568837868646018,1223,4070,Microtubule inhibitor
SW1417,plate1,vincristine,"[('vincristine', 0.05, 'uM')]",S,0.35899004613466395,1223,4070,Microtubule inhibitor
SW1417,plate1,vincristine,"[('vincristine', 0.05, 'uM')]",G2M,0.3906056839284844,1223,4070,Microtubule inhibitor
SW1417,plate10,Belinostat,"[('Belinostat', 0.05, 'uM')]",G1,-0.4312513860968218,1296,3575,HDAC inhibitor
SW1417,plate10,Belinostat,"[('Belinostat', 0.05, 'uM')]",S,0.6691200895566749,1296,3575,HDAC inhibitor
SW1417,plate10,Belinostat,"[('Belinostat', 0.05, 'uM')]",G2M,0.3769052139645672,1296,3575,HDAC inhibitor
SW1417,plate10,Carbamazepine,"[('Carbamazepine', 0.05, 'uM')]",G1,-0.14097380310676777,1321,3575,HDAC inhibitor
SW1417,plate10,Carbamazepine,"[('Carbamazepine', 0.05, 'uM')]",S,0.640742010142236,1321,3575,HDAC inhibitor
SW1417,plate10,Carbamazepine,"[('Carbamazepine', 0.05, 'uM')]",G2M,0.07731440790223602,1321,3575,HDAC inhibitor
SW1417,plate10,Panobinostat,"[('Panobinostat', 0.05, 'uM')]",G1,-0.6049133054509045,1815,3575,HDAC inhibitor
SW1417,plate10,Panobinostat,"[('Panobinostat', 0.05, 'uM')]",S,0.913309007896933,1815,3575,HDAC inhibitor
SW1417,plate10,Panobinostat,"[('Panobinostat', 0.05, 'uM')]",G2M,0.5228531391749082,1815,3575,HDAC inhibitor
SW1417,plate11,Belinostat,"[('Belinostat', 0.5, 'uM')]",G1,-0.5689555174743853,599,3190,HDAC inhibitor
SW1417,plate11,Belinostat,"[('Belinostat', 0.5, 'uM')]",S,1.0154289667822307,599,3190,HDAC inhibitor
SW1417,plate11,Belinostat,"[('Belinostat', 0.5, 'uM')]",G2M,0.27771558609824987,599,3190,HDAC inhibitor
SW1417,plate11,Carbamazepine,"[('Carbamazepine', 0.5, 'uM')]",G1,0.007695145420525778,1020,3190,HDAC inhibitor
SW1417,plate11,Carbamazepine,"[('Carbamazepine', 0.5, 'uM')]",S,-0.5408850685224814,1020,3190,HDAC inhibitor
SW1417,plate11,Carbamazepine,"[('Carbamazepine', 0.5, 'uM')]",G2M,0.09130934857736574,1020,3190,HDAC inhibitor
SW1417,plate11,Panobinostat,"[('Panobinostat', 0.5, 'uM')]",G1,-0.9901814109464908,1630,3190,HDAC inhibitor
SW1417,plate11,Panobinostat,"[('Panobinostat', 0.5, 'uM')]",S,1.4764439403285015,1630,3190,HDAC inhibitor
SW1417,plate11,Panobinostat,"[('Panobinostat', 0.5, 'uM')]",G2M,0.4717674892936845,1630,3190,HDAC inhibitor
SW1417,plate12,Belinostat,"[('Belinostat', 5.0, 'uM')]",G1,-1.190801294618785,1924,3366,HDAC inhibitor
SW1417,plate12,Belinostat,"[('Belinostat', 5.0, 'uM')]",S,1.1829583219213604,1924,3366,HDAC inhibitor
SW1417,plate12,Belinostat,"[('Belinostat', 5.0, 'uM')]",G2M,0.8162299243706016,1924,3366,HDAC inhibitor
SW1417,plate12,Carbamazepine,"[('Carbamazepine', 5.0, 'uM')]",G1,0.07364065055861142,886,3366,HDAC inhibitor
SW1417,plate12,Carbamazepine,"[('Carbamazepine', 5.0, 'uM')]",S,-0.1676753441300104,886,3366,HDAC inhibitor
SW1417,plate12,Carbamazepine,"[('Carbamazepine', 5.0, 'uM')]",G2M,-0.04172889163733887,886,3366,HDAC inhibitor
SW1417,plate12,Panobinostat,"[('Panobinostat', 5.0, 'uM')]",G1,-1.3148019953406738,1829,3366,HDAC inhibitor
SW1417,plate12,Panobinostat,"[('Panobinostat', 5.0, 'uM')]",S,1.6255412727747487,1829,3366,HDAC inhibitor
SW1417,plate12,Panobinostat,"[('Panobinostat', 5.0, 'uM')]",G2M,0.7298290947413584,1829,3366,HDAC inhibitor
SW1417,plate13,Abemaciclib,"[('Abemaciclib', 0.05, 'uM')]",G1,-0.09179917974255078,1639,2194,CDK inhibitor
SW1417,plate13,Abemaciclib,"[('Abemaciclib', 0.05, 'uM')]",S,0.21400554123377064,1639,2194,CDK inhibitor
SW1417,plate13,Abemaciclib,"[('Abemaciclib', 0.05, 'uM')]",G2M,0.0612697847215624,1639,2194,CDK inhibitor
SW1417,plate13,Ribociclib,"[('Ribociclib', 0.05, 'uM')]",G1,0.1987529484363588,1681,2194,CDK inhibitor
SW1417,plate13,Ribociclib,"[('Ribociclib', 0.05, 'uM')]",S,0.32259948892566215,1681,2194,CDK inhibitor
SW1417,plate13,Ribociclib,"[('Ribociclib', 0.05, 'uM')]",G2M,-0.2644492068877291,1681,2194,CDK inhibitor
SW1417,plate13,Ribociclib,"[('Ribociclib', 0.5, 'uM')]",G1,0.009708189708477054,1562,2194,CDK inhibitor
SW1417,plate13,Ribociclib,"[('Ribociclib', 0.5, 'uM')]",S,0.12422576085408522,1562,2194,CDK inhibitor
SW1417,plate13,Ribociclib,"[('Ribociclib', 0.5, 'uM')]",G2M,-0.02920259485697016,1562,2194,CDK inhibitor
SW1417,plate13,Ribociclib,"[('Ribociclib', 5.0, 'uM')]",G1,0.2380864610670028,1764,2194,CDK inhibitor
SW1417,plate13,Ribociclib,"[('Ribociclib', 5.0, 'uM')]",S,-0.29374273999713363,1764,2194,CDK inhibitor
SW1417,plate13,Ribociclib,"[('Ribociclib', 5.0, 'uM')]",G2M,-0.20596629659771223,1764,2194,CDK inhibitor
SW1417,plate14,Docetaxel,"[('Docetaxel', 5.0, 'uM')]",G1,-0.07047557124052141,1937,2055,Microtubule inhibitor
SW1417,plate14,Docetaxel,"[('Docetaxel', 5.0, 'uM')]",S,-0.4731849133462151,1937,2055,Microtubule inhibitor
SW1417,plate14,Docetaxel,"[('Docetaxel', 5.0, 'uM')]",G2M,0.18962308517293602,1937,2055,Microtubule inhibitor
SW1417,plate14,Tucidinostat,"[('Tucidinostat', 5.0, 'uM')]",G1,-0.007451743640726513,1774,2055,HDAC inhibitor
SW1417,plate14,Tucidinostat,"[('Tucidinostat', 5.0, 'uM')]",S,-0.2798788391556641,1774,2055,HDAC inhibitor
SW1417,plate14,Tucidinostat,"[('Tucidinostat', 5.0, 'uM')]",G2M,0.08119366058397191,1774,2055,HDAC inhibitor
SW1417,plate14,Vinblastine (sulfate),"[('Vinblastine (sulfate)', 5.0, 'uM')]",G1,-0.4024161362202911,1691,2055,Microtubule inhibitor
SW1417,plate14,Vinblastine (sulfate),"[('Vinblastine (sulfate)', 5.0, 'uM')]",S,0.20527525727122428,1691,2055,Microtubule inhibitor
SW1417,plate14,Vinblastine (sulfate),"[('Vinblastine (sulfate)', 5.0, 'uM')]",G2M,0.3595615567290063,1691,2055,Microtubule inhibitor
SW1417,plate2,Abemaciclib,"[('Abemaciclib', 0.5, 'uM')]",G1,-0.05775166190784865,1856,5110,CDK inhibitor
SW1417,plate2,Abemaciclib,"[('Abemaciclib', 0.5, 'uM')]",S,0.10561687322120766,1856,5110,CDK inhibitor
SW1417,plate2,Abemaciclib,"[('Abemaciclib', 0.5, 'uM')]",G2M,0.0309326507137057,1856,5110,CDK inhibitor
SW1417,plate2,Paclitaxel,"[('Paclitaxel', 0.5, 'uM')]",G1,-0.16935546426170595,3265,5110,Microtubule inhibitor
SW1417,plate2,Paclitaxel,"[('Paclitaxel', 0.5, 'uM')]",S,0.15404240135623368,3265,5110,Microtubule inhibitor
SW1417,plate2,Paclitaxel,"[('Paclitaxel', 0.5, 'uM')]",G2M,0.1317797083961245,3265,5110,Microtubule inhibitor
SW1417,plate2,Tubulin inhibitor 6,"[('Tubulin inhibitor 6', 0.5, 'uM')]",G1,-0.10050946181088873,3008,5110,Microtubule inhibitor
SW1417,plate2,Tubulin inhibitor 6,"[('Tubulin inhibitor 6', 0.5, 'uM')]",S,-0.1606656347768872,3008,5110,Microtubule inhibitor
SW1417,plate2,Tubulin inhibitor 6,"[('Tubulin inhibitor 6', 0.5, 'uM')]",G2M,0.1473546202259889,3008,5110,Microtubule inhibitor
SW1417,plate2,palbociclib,"[('palbociclib', 0.5, 'uM')]",G1,0.3365953272940872,2002,5110,CDK inhibitor
SW1417,plate2,palbociclib,"[('palbociclib', 0.5, 'uM')]",S,-0.578773800002226,2002,5110,CDK inhibitor
SW1417,plate2,palbociclib,"[('palbociclib', 0.5, 'uM')]",G2M,-0.21331546253637743,2002,5110,CDK inhibitor
SW1417,plate2,vincristine,"[('vincristine', 0.5, 'uM')]",G1,-0.7370445255249036,691,5110,Microtubule inhibitor
SW1417,plate2,vincristine,"[('vincristine', 0.5, 'uM')]",S,0.4846287885476114,691,5110,Microtubule inhibitor
SW1417,plate2,vincristine,"[('vincristine', 0.5, 'uM')]",G2M,0.5979608145310703,691,5110,Microtubule inhibitor
SW1417,plate3,Abemaciclib,"[('Abemaciclib', 5.0, 'uM')]",G1,0.4174099050394728,1007,1885,CDK inhibitor
SW1417,plate3,Abemaciclib,"[('Abemaciclib', 5.0, 'uM')]",S,-0.566019420434702,1007,1885,CDK inhibitor
SW1417,plate3,Abemaciclib,"[('Abemaciclib', 5.0, 'uM')]",G2M,-0.27324521856259776,1007,1885,CDK inhibitor
SW1417,plate3,Paclitaxel,"[('Paclitaxel', 5.0, 'uM')]",G1,-0.1448378803105559,2666,1885,Microtubule inhibitor
SW1417,plate3,Paclitaxel,"[('Paclitaxel', 5.0, 'uM')]",S,-0.2584989626683756,2666,1885,Microtubule inhibitor
SW1417,plate3,Paclitaxel,"[('Paclitaxel', 5.0, 'uM')]",G2M,0.2266694601632946,2666,1885,Microtubule inhibitor
SW1417,plate3,Tubulin inhibitor 6,"[('Tubulin inhibitor 6', 5.0, 'uM')]",G1,-0.02890511657221046,622,1885,Microtubule inhibitor
SW1417,plate3,Tubulin inhibitor 6,"[('Tubulin inhibitor 6', 5.0, 'uM')]",S,0.2386151357255354,622,1885,Microtubule inhibitor
SW1417,plate3,Tubulin inhibitor 6,"[('Tubulin inhibitor 6', 5.0, 'uM')]",G2M,-0.051871336451720367,622,1885,Microtubule inhibitor
SW1417,plate3,palbociclib,"[('palbociclib', 5.0, 'uM')]",G1,0.8856730786663599,914,1885,CDK inhibitor
SW1417,plate3,palbociclib,"[('palbociclib', 5.0, 'uM')]",S,-0.29556364411171043,914,1885,CDK inhibitor
SW1417,plate3,palbociclib,"[('palbociclib', 5.0, 'uM')]",G2M,-0.8641681416843906,914,1885,CDK inhibitor
SW1417,plate3,vincristine,"[('vincristine', 5.0, 'uM')]",G1,-0.654613815722704,568,1885,Microtubule inhibitor
SW1417,plate3,vincristine,"[('vincristine', 5.0, 'uM')]",S,0.43549980346042905,568,1885,Microtubule inhibitor
SW1417,plate3,vincristine,"[('vincristine', 5.0, 'uM')]",G2M,0.49833004577779905,568,1885,Microtubule inhibitor
SW1417,plate4,Docetaxel,"[('Docetaxel', 0.05, 'uM')]",G1,-1.3835709394572162,418,3407,Microtubule inhibitor
SW1417,plate4,Docetaxel,"[('Docetaxel', 0.05, 'uM')]",S,-0.2705307587271094,418,3407,Microtubule inhibitor
SW1417,plate4,Docetaxel,"[('Docetaxel', 0.05, 'uM')]",G2M,1.425148568964461,418,3407,Microtubule inhibitor
SW1417,plate4,Tucidinostat,"[('Tucidinostat', 0.05, 'uM')]",G1,0.11928382986213083,1654,3407,HDAC inhibitor
SW1417,plate4,Tucidinostat,"[('Tucidinostat', 0.05, 'uM')]",S,0.08843258117686571,1654,3407,HDAC inhibitor
SW1417,plate4,Tucidinostat,"[('Tucidinostat', 0.05, 'uM')]",G2M,-0.14429348418338087,1654,3407,HDAC inhibitor
SW1417,plate4,Vinblastine (sulfate),"[('Vinblastine (sulfate)', 0.05, 'uM')]",G1,-0.3856747394147161,2018,3407,Microtubule inhibitor
SW1417,plate4,Vinblastine (sulfate),"[('Vinblastine (sulfate)', 0.05, 'uM')]",S,0.016713309817365785,2018,3407,Microtubule inhibitor
SW1417,plate4,Vinblastine (sulfate),"[('Vinblastine (sulfate)', 0.05, 'uM')]",G2M,0.39192184385129075,2018,3407,Microtubule inhibitor
SW1417,plate5,Docetaxel,"[('Docetaxel', 0.5, 'uM')]",G1,-0.4166340248420241,1501,3624,Microtubule inhibitor
SW1417,plate5,Docetaxel,"[('Docetaxel', 0.5, 'uM')]",S,-0.5373172564003513,1501,3624,Microtubule inhibitor
SW1417,plate5,Docetaxel,"[('Docetaxel', 0.5, 'uM')]",G2M,0.5273369931753439,1501,3624,Microtubule inhibitor
SW1417,plate5,Tucidinostat,"[('Tucidinostat', 0.5, 'uM')]",G1,0.23200442512865174,1094,3624,HDAC inhibitor
SW1417,plate5,Tucidinostat,"[('Tucidinostat', 0.5, 'uM')]",S,-0.9294822653321066,1094,3624,HDAC inhibitor
SW1417,plate5,Tucidinostat,"[('Tucidinostat', 0.5, 'uM')]",G2M,-0.07448682934618966,1094,3624,HDAC inhibitor
SW1417,plate5,Vinblastine (sulfate),"[('Vinblastine (sulfate)', 0.5, 'uM')]",G1,-0.32894483684768727,690,3624,Microtubule inhibitor
SW1417,plate5,Vinblastine (sulfate),"[('Vinblastine (sulfate)', 0.5, 'uM')]",S,0.15174905457642296,690,3624,Microtubule inhibitor
SW1417,plate5,Vinblastine (sulfate),"[('Vinblastine (sulfate)', 0.5, 'uM')]",G2M,0.3051777505657498,690,3624,Microtubule inhibitor
SW1417,plate6,Docetaxel,"[('Docetaxel', 5.0, 'uM')]",G1,-0.064619726242643,1000,4085,Microtubule inhibitor
SW1417,plate6,Docetaxel,"[('Docetaxel', 5.0, 'uM')]",S,-0.47355782213953906,1000,4085,Microtubule inhibitor
SW1417,plate6,Docetaxel,"[('Docetaxel', 5.0, 'uM')]",G2M,0.15859578070811417,1000,4085,Microtubule inhibitor
SW1417,plate6,Tucidinostat,"[('Tucidinostat', 5.0, 'uM')]",G1,0.08091542543130328,1382,4085,HDAC inhibitor
SW1417,plate6,Tucidinostat,"[('Tucidinostat', 5.0, 'uM')]",S,-0.7457240589539202,1382,4085,HDAC inhibitor
SW1417,plate6,Tucidinostat,"[('Tucidinostat', 5.0, 'uM')]",G2M,0.04790975573711381,1382,4085,HDAC inhibitor
SW1417,plate6,Vinblastine (sulfate),"[('Vinblastine (sulfate)', 5.0, 'uM')]",G1,-0.5243243827238457,1090,4085,Microtubule inhibitor
SW1417,plate6,Vinblastine (sulfate),"[('Vinblastine (sulfate)', 5.0, 'uM')]",S,0.5941708559266881,1090,4085,Microtubule inhibitor
SW1417,plate6,Vinblastine (sulfate),"[('Vinblastine (sulfate)', 5.0, 'uM')]",G2M,0.3932397382572816,1090,4085,Microtubule inhibitor
SW1417,plate7,Dinaciclib,"[('Dinaciclib', 0.05, 'uM')]",G1,-1.899937159466924,241,1444,CDK inhibitor
SW1417,plate7,Dinaciclib,"[('Dinaciclib', 0.05, 'uM')]",S,1.0380060681570928,241,1444,CDK inhibitor
SW1417,plate7,Dinaciclib,"[('Dinaciclib', 0.05, 'uM')]",G2M,1.2906555093081902,241,1444,CDK inhibitor
SW1417,plate7,Docetaxel (Trihydrate),"[('Docetaxel (Trihydrate)', 0.05, 'uM')]",G1,-0.2541881184269371,797,1444,Microtubule inhibitor
SW1417,plate7,Docetaxel (Trihydrate),"[('Docetaxel (Trihydrate)', 0.05, 'uM')]",S,-0.35528558180343645,797,1444,Microtubule inhibitor
SW1417,plate7,Docetaxel (Trihydrate),"[('Docetaxel (Trihydrate)', 0.05, 'uM')]",G2M,0.33703316391118254,797,1444,Microtubule inhibitor
SW1417,plate7,Mebendazole,"[('Mebendazole', 0.05, 'uM')]",G1,0.025422286969300583,1024,1444,Microtubule inhibitor
SW1417,plate7,Mebendazole,"[('Mebendazole', 0.05, 'uM')]",S,-0.6051187028716742,1024,1444,Microtubule inhibitor
SW1417,plate7,Mebendazole,"[('Mebendazole', 0.05, 'uM')]",G2M,0.10819262120048259,1024,1444,Microtubule inhibitor
SW1417,plate8,Dinaciclib,"[('Dinaciclib', 0.5, 'uM')]",G1,-0.9403633591893388,484,3687,CDK inhibitor
SW1417,plate8,Dinaciclib,"[('Dinaciclib', 0.5, 'uM')]",S,1.0896653834731223,484,3687,CDK inhibitor
SW1417,plate8,Dinaciclib,"[('Dinaciclib', 0.5, 'uM')]",G2M,0.7397389441475866,484,3687,CDK inhibitor
SW1417,plate8,Docetaxel (Trihydrate),"[('Docetaxel (Trihydrate)', 0.5, 'uM')]",G1,-0.2722239801092484,1188,3687,Microtubule inhibitor
SW1417,plate8,Docetaxel (Trihydrate),"[('Docetaxel (Trihydrate)', 0.5, 'uM')]",S,0.12001595402773878,1188,3687,Microtubule inhibitor
SW1417,plate8,Docetaxel (Trihydrate),"[('Docetaxel (Trihydrate)', 0.5, 'uM')]",G2M,0.27000074257297535,1188,3687,Microtubule inhibitor
SW1417,plate8,Mebendazole,"[('Mebendazole', 0.5, 'uM')]",G1,-0.1568076644593001,1456,3687,Microtubule inhibitor
SW1417,plate8,Mebendazole,"[('Mebendazole', 0.5, 'uM')]",S,-0.07317390586444651,1456,3687,Microtubule inhibitor
SW1417,plate8,Mebendazole,"[('Mebendazole', 0.5, 'uM')]",G2M,0.18186749055526633,1456,3687,Microtubule inhibitor
SW1417,plate9,Dinaciclib,"[('Dinaciclib', 5.0, 'uM')]",G1,-1.9960898781620537,154,1808,CDK inhibitor
SW1417,plate9,Dinaciclib,"[('Dinaciclib', 5.0, 'uM')]",S,1.4007721281783947,154,1808,CDK inhibitor
SW1417,plate9,Dinaciclib,"[('Dinaciclib', 5.0, 'uM')]",G2M,1.2829427758024812,154,1808,CDK inhibitor
SW1417,plate9,Docetaxel (Trihydrate),"[('Docetaxel (Trihydrate)', 5.0, 'uM')]",G1,0.0940189428427828,1185,1808,Microtubule inhibitor
SW1417,plate9,Docetaxel (Trihydrate),"[('Docetaxel (Trihydrate)', 5.0, 'uM')]",S,-0.45013714044342334,1185,1808,Microtubule inhibitor
SW1417,plate9,Docetaxel (Trihydrate),"[('Docetaxel (Trihydrate)', 5.0, 'uM')]",G2M,-0.015678288985711056,1185,1808,Microtubule inhibitor
SW1417,plate9,Mebendazole,"[('Mebendazole', 5.0, 'uM')]",G1,-0.41372319016490994,2025,1808,Microtubule inhibitor
SW1417,plate9,Mebendazole,"[('Mebendazole', 5.0, 'uM')]",S,0.28910852869930564,2025,1808,Microtubule inhibitor
SW1417,plate9,Mebendazole,"[('Mebendazole', 5.0, 'uM')]",G2M,0.34060248338395,2025,1808,Microtubule inhibitor
SW48,plate1,Paclitaxel,"[('Paclitaxel', 0.05, 'uM')]",G1,0.2187125108204894,916,2050,Microtubule inhibitor
SW48,plate1,Paclitaxel,"[('Paclitaxel', 0.05, 'uM')]",S,-0.44452752517176597,916,2050,Microtubule inhibitor
SW48,plate1,Paclitaxel,"[('Paclitaxel', 0.05, 'uM')]",G2M,-0.057913318421699354,916,2050,Microtubule inhibitor
SW48,plate1,Tubulin inhibitor 6,"[('Tubulin inhibitor 6', 0.05, 'uM')]",G1,0.007585341193775614,721,2050,Microtubule inhibitor
SW48,plate1,Tubulin inhibitor 6,"[('Tubulin inhibitor 6', 0.05, 'uM')]",S,0.07451208474319272,721,2050,Microtubule inhibitor
SW48,plate1,Tubulin inhibitor 6,"[('Tubulin inhibitor 6', 0.05, 'uM')]",G2M,-0.037852946397000216,721,2050,Microtubule inhibitor
SW48,plate1,palbociclib,"[('palbociclib', 0.05, 'uM')]",G1,0.6176499422534631,498,2050,CDK inhibitor
SW48,plate1,palbociclib,"[('palbociclib', 0.05, 'uM')]",S,-0.34983784411056656,498,2050,CDK inhibitor
SW48,plate1,palbociclib,"[('palbociclib', 0.05, 'uM')]",G2M,-0.5217871804720866,498,2050,CDK inhibitor
SW48,plate1,vincristine,"[('vincristine', 0.05, 'uM')]",G1,-0.2100504963095224,708,2050,Microtubule inhibitor
SW48,plate1,vincristine,"[('vincristine', 0.05, 'uM')]",S,-0.20133028713445386,708,2050,Microtubule inhibitor
SW48,plate1,vincristine,"[('vincristine', 0.05, 'uM')]",G2M,0.29766699609253594,708,2050,Microtubule inhibitor
SW48,plate10,Belinostat,"[('Belinostat', 0.05, 'uM')]",G1,-0.3451380701262782,630,1875,HDAC inhibitor
SW48,plate10,Belinostat,"[('Belinostat', 0.05, 'uM')]",S,-0.2162345165599364,630,1875,HDAC inhibitor
SW48,plate10,Belinostat,"[('Belinostat', 0.05, 'uM')]",G2M,0.40524818536141716,630,1875,HDAC inhibitor
SW48,plate10,Carbamazepine,"[('Carbamazepine', 0.05, 'uM')]",G1,-0.1499706632447632,634,1875,HDAC inhibitor
SW48,plate10,Carbamazepine,"[('Carbamazepine', 0.05, 'uM')]",S,-0.4813314877979102,634,1875,HDAC inhibitor
SW48,plate10,Carbamazepine,"[('Carbamazepine', 0.05, 'uM')]",G2M,0.2437978213477269,634,1875,HDAC inhibitor
SW48,plate10,Panobinostat,"[('Panobinostat', 0.05, 'uM')]",G1,-0.6557525260373731,939,1875,HDAC inhibitor
SW48,plate10,Panobinostat,"[('Panobinostat', 0.05, 'uM')]",S,0.2739654995496124,939,1875,HDAC inhibitor
SW48,plate10,Panobinostat,"[('Panobinostat', 0.05, 'uM')]",G2M,0.6306759795689363,939,1875,HDAC inhibitor
SW48,plate11,Belinostat,"[('Belinostat', 0.5, 'uM')]",G1,-0.5443209885980849,229,1413,HDAC inhibitor
SW48,plate11,Belinostat,"[('Belinostat', 0.5, 'uM')]",S,0.11753853284984964,229,1413,HDAC inhibitor
SW48,plate11,Belinostat,"[('Belinostat', 0.5, 'uM')]",G2M,0.5105864702155183,229,1413,HDAC inhibitor
SW48,plate11,Carbamazepine,"[('Carbamazepine', 0.5, 'uM')]",G1,0.021966915878995512,416,1413,HDAC inhibitor
SW48,plate11,Carbamazepine,"[('Carbamazepine', 0.5, 'uM')]",S,0.16180753953900465,416,1413,HDAC inhibitor
SW48,plate11,Carbamazepine,"[('Carbamazepine', 0.5, 'uM')]",G2M,-0.06476259989131816,416,1413,HDAC inhibitor
SW48,plate11,Panobinostat,"[('Panobinostat', 0.5, 'uM')]",G1,-1.2223261000588779,627,1413,HDAC inhibitor
SW48,plate11,Panobinostat,"[('Panobinostat', 0.5, 'uM')]",S,1.2234639795018156,627,1413,HDAC inhibitor
SW48,plate11,Panobinostat,"[('Panobinostat', 0.5, 'uM')]",G2M,0.6524997975716771,627,1413,HDAC inhibitor
SW48,plate12,Belinostat,"[('Belinostat', 5.0, 'uM')]",G1,-1.7847587640130977,720,1673,HDAC inhibitor
SW48,plate12,Belinostat,"[('Belinostat', 5.0, 'uM')]",S,1.0769841961573738,720,1673,HDAC inhibitor
SW48,plate12,Belinostat,"[('Belinostat', 5.0, 'uM')]",G2M,1.1815119694848077,720,1673,HDAC inhibitor
SW48,plate12,Carbamazepine,"[('Carbamazepine', 5.0, 'uM')]",G1,-0.3456401122515067,415,1673,HDAC inhibitor
SW48,plate12,Carbamazepine,"[('Carbamazepine', 5.0, 'uM')]",S,0.2294189366861151,415,1673,HDAC inhibitor
SW48,plate12,Carbamazepine,"[('Carbamazepine', 5.0, 'uM')]",G2M,0.2814705245464899,415,1673,HDAC inhibitor
SW48,plate12,Panobinostat,"[('Panobinostat', 5.0, 'uM')]",G1,-1.7103495926295857,986,1673,HDAC inhibitor
SW48,plate12,Panobinostat,"[('Panobinostat', 5.0, 'uM')]",S,1.2529375600866735,986,1673,HDAC inhibitor
SW48,plate12,Panobinostat,"[('Panobinostat', 5.0, 'uM')]",G2M,1.022707224132238,986,1673,HDAC inhibitor
SW48,plate13,Abemaciclib,"[('Abemaciclib', 0.05, 'uM')]",G1,-0.4767342304887911,835,984,CDK inhibitor
SW48,plate13,Abemaciclib,"[('Abemaciclib', 0.05, 'uM')]",S,1.2250785877898842,835,984,CDK inhibitor
SW48,plate13,Abemaciclib,"[('Abemaciclib', 0.05, 'uM')]",G2M,0.12171028281584806,835,984,CDK inhibitor
SW48,plate13,Ribociclib,"[('Ribociclib', 0.05, 'uM')]",G1,0.46402819099053005,672,984,CDK inhibitor
SW48,plate13,Ribociclib,"[('Ribociclib', 0.05, 'uM')]",S,0.21493401834593595,672,984,CDK inhibitor
SW48,plate13,Ribociclib,"[('Ribociclib', 0.05, 'uM')]",G2M,-0.5354906502579196,672,984,CDK inhibitor
SW48,plate13,Ribociclib,"[('Ribociclib', 0.5, 'uM')]",G1,0.24205534222018352,791,984,CDK inhibitor
SW48,plate13,Ribociclib,"[('Ribociclib', 0.5, 'uM')]",S,0.5317172489529982,791,984,CDK inhibitor
SW48,plate13,Ribociclib,"[('Ribociclib', 0.5, 'uM')]",G2M,-0.38555966585831297,791,984,CDK inhibitor
SW48,plate13,Ribociclib,"[('Ribociclib', 5.0, 'uM')]",G1,0.02890001593002817,763,984,CDK inhibitor
SW48,plate13,Ribociclib,"[('Ribociclib', 5.0, 'uM')]",S,0.1300945607169645,763,984,CDK inhibitor
SW48,plate13,Ribociclib,"[('Ribociclib', 5.0, 'uM')]",G2M,-0.05672830504503418,763,984,CDK inhibitor
SW48,plate14,Docetaxel,"[('Docetaxel', 5.0, 'uM')]",G1,-0.25493986938280255,1299,1342,Microtubule inhibitor
SW48,plate14,Docetaxel,"[('Docetaxel', 5.0, 'uM')]",S,-0.42528448325138035,1299,1342,Microtubule inhibitor
SW48,plate14,Docetaxel,"[('Docetaxel', 5.0, 'uM')]",G2M,0.4681957106672276,1299,1342,Microtubule inhibitor
SW48,plate14,Tucidinostat,"[('Tucidinostat', 5.0, 'uM')]",G1,0.1252076193180177,984,1342,HDAC inhibitor
SW48,plate14,Tucidinostat,"[('Tucidinostat', 5.0, 'uM')]",S,-0.21676774287908715,984,1342,HDAC inhibitor
SW48,plate14,Tucidinostat,"[('Tucidinostat', 5.0, 'uM')]",G2M,-0.017421849912312392,984,1342,HDAC inhibitor
SW48,plate14,Vinblastine (sulfate),"[('Vinblastine (sulfate)', 5.0, 'uM')]",G1,0.23152073906485462,970,1342,Microtubule inhibitor
SW48,plate14,Vinblastine (sulfate),"[('Vinblastine (sulfate)', 5.0, 'uM')]",S,-0.41679307623506456,970,1342,Microtubule inhibitor
SW48,plate14,Vinblastine (sulfate),"[('Vinblastine (sulfate)', 5.0, 'uM')]",G2M,-0.03519817825778281,970,1342,Microtubule inhibitor
SW48,plate2,Abemaciclib,"[('Abemaciclib', 0.5, 'uM')]",G1,-0.37089868867170384,1054,3022,CDK inhibitor
SW48,plate2,Abemaciclib,"[('Abemaciclib', 0.5, 'uM')]",S,0.5564292245012269,1054,3022,CDK inhibitor
SW48,plate2,Abemaciclib,"[('Abemaciclib', 0.5, 'uM')]",G2M,0.00911404022344517,1054,3022,CDK inhibitor
SW48,plate2,Paclitaxel,"[('Paclitaxel', 0.5, 'uM')]",G1,0.026318504841502596,1969,3022,Microtubule inhibitor
SW48,plate2,Paclitaxel,"[('Paclitaxel', 0.5, 'uM')]",S,-0.40077984354762664,1969,3022,Microtubule inhibitor
SW48,plate2,Paclitaxel,"[('Paclitaxel', 0.5, 'uM')]",G2M,0.20778955163424903,1969,3022,Microtubule inhibitor
SW48,plate2,Tubulin inhibitor 6,"[('Tubulin inhibitor 6', 0.5, 'uM')]",G1,0.28770983032078007,1736,3022,Microtubule inhibitor
SW48,plate2,Tubulin inhibitor 6,"[('Tubulin inhibitor 6', 0.5, 'uM')]",S,-0.490679777717839,1736,3022,Microtubule inhibitor
SW48,plate2,Tubulin inhibitor 6,"[('Tubulin inhibitor 6', 0.5, 'uM')]",G2M,-0.03718512423205125,1736,3022,Microtubule inhibitor
SW48,plate2,palbociclib,"[('palbociclib', 0.5, 'uM')]",G1,1.194252103113823,1212,3022,CDK inhibitor
SW48,plate2,palbociclib,"[('palbociclib', 0.5, 'uM')]",S,-1.4352935473240258,1212,3022,CDK inhibitor
SW48,plate2,palbociclib,"[('palbociclib', 0.5, 'uM')]",G2M,-0.6748566286961253,1212,3022,CDK inhibitor
SW48,plate2,vincristine,"[('vincristine', 0.5, 'uM')]",G1,-0.6094862457292304,331,3022,Microtubule inhibitor
SW48,plate2,vincristine,"[('vincristine', 0.5, 'uM')]",S,0.12381167028037517,331,3022,Microtubule inhibitor
SW48,plate2,vincristine,"[('vincristine', 0.5, 'uM')]",G2M,0.5780547167330206,331,3022,Microtubule inhibitor
SW48,plate3,Abemaciclib,"[('Abemaciclib', 5.0, 'uM')]",G1,-0.5001874815703702,539,622,CDK inhibitor
SW48,plate3,Abemaciclib,"[('Abemaciclib', 5.0, 'uM')]",S,0.8454842724094175,539,622,CDK inhibitor
SW48,plate3,Abemaciclib,"[('Abemaciclib', 5.0, 'uM')]",G2M,0.015064578239600697,539,622,CDK inhibitor
SW48,plate3,Paclitaxel,"[('Paclitaxel', 5.0, 'uM')]",G1,-0.05748582779863458,1495,622,Microtubule inhibitor
SW48,plate3,Paclitaxel,"[('Paclitaxel', 5.0, 'uM')]",S,-0.30551483777244093,1495,622,Microtubule inhibitor
SW48,plate3,Paclitaxel,"[('Paclitaxel', 5.0, 'uM')]",G2M,0.19716046770004736,1495,622,Microtubule inhibitor
SW48,plate3,Tubulin inhibitor 6,"[('Tubulin inhibitor 6', 5.0, 'uM')]",G1,-0.31527652685295676,264,622,Microtubule inhibitor
SW48,plate3,Tubulin inhibitor 6,"[('Tubulin inhibitor 6', 5.0, 'uM')]",S,0.2626832671775716,264,622,Microtubule inhibitor
SW48,plate3,Tubulin inhibitor 6,"[('Tubulin inhibitor 6', 5.0, 'uM')]",G2M,0.20149772432904905,264,622,Microtubule inhibitor
SW48,plate3,palbociclib,"[('palbociclib', 5.0, 'uM')]",G1,0.633856384949245,300,622,CDK inhibitor
SW48,plate3,palbociclib,"[('palbociclib', 5.0, 'uM')]",S,-1.1598140362040164,300,622,CDK inhibitor
SW48,plate3,palbociclib,"[('palbociclib', 5.0, 'uM')]",G2M,-0.24191512892887768,300,622,CDK inhibitor
SW48,plate3,vincristine,"[('vincristine', 5.0, 'uM')]",G1,-1.3780919911853584,205,622,Microtubule inhibitor
SW48,plate3,vincristine,"[('vincristine', 5.0, 'uM')]",S,0.3274114958062057,205,622,Microtubule inhibitor
SW48,plate3,vincristine,"[('vincristine', 5.0, 'uM')]",G2M,1.1497143037195854,205,622,Microtubule inhibitor
SW48,plate4,Docetaxel,"[('Docetaxel', 0.05, 'uM')]",G1,-0.80903645489707,329,1855,Microtubule inhibitor
SW48,plate4,Docetaxel,"[('Docetaxel', 0.05, 'uM')]",S,-0.28998201568504645,329,1855,Microtubule inhibitor
SW48,plate4,Docetaxel,"[('Docetaxel', 0.05, 'uM')]",G2M,0.9117668253738507,329,1855,Microtubule inhibitor
SW48,plate4,Tucidinostat,"[('Tucidinostat', 0.05, 'uM')]",G1,0.20018849132884917,840,1855,HDAC inhibitor
SW48,plate4,Tucidinostat,"[('Tucidinostat', 0.05, 'uM')]",S,0.17268055790361242,840,1855,HDAC inhibitor
SW48,plate4,Tucidinostat,"[('Tucidinostat', 0.05, 'uM')]",G2M,-0.2898840649173612,840,1855,HDAC inhibitor
SW48,plate4,Vinblastine (sulfate),"[('Vinblastine (sulfate)', 0.05, 'uM')]",G1,-0.42988513345141305,1135,1855,Microtubule inhibitor
SW48,plate4,Vinblastine (sulfate),"[('Vinblastine (sulfate)', 0.05, 'uM')]",S,-0.29747613426474906,1135,1855,Microtubule inhibitor
SW48,plate4,Vinblastine (sulfate),"[('Vinblastine (sulfate)', 0.05, 'uM')]",G2M,0.5459018456055071,1135,1855,Microtubule inhibitor
SW48,plate5,Docetaxel,"[('Docetaxel', 0.5, 'uM')]",G1,-0.08042053820961516,751,1812,Microtubule inhibitor
SW48,plate5,Docetaxel,"[('Docetaxel', 0.5, 'uM')]",S,-0.7884180627475249,751,1812,Microtubule inhibitor
SW48,plate5,Docetaxel,"[('Docetaxel', 0.5, 'uM')]",G2M,0.39254450207207064,751,1812,Microtubule inhibitor
SW48,plate5,Tucidinostat,"[('Tucidinostat', 0.5, 'uM')]",G1,0.7543536972608857,461,1812,HDAC inhibitor
SW48,plate5,Tucidinostat,"[('Tucidinostat', 0.5, 'uM')]",S,-0.5582710098001876,461,1812,HDAC inhibitor
SW48,plate5,Tucidinostat,"[('Tucidinostat', 0.5, 'uM')]",G2M,-0.5149116879225261,461,1812,HDAC inhibitor
SW48,plate5,Vinblastine (sulfate),"[('Vinblastine (sulfate)', 0.5, 'uM')]",G1,0.10593797690362446,336,1812,Microtubule inhibitor
SW48,plate5,Vinblastine (sulfate),"[('Vinblastine (sulfate)', 0.5, 'uM')]",S,-0.041960696434371864,336,1812,Microtubule inhibitor
SW48,plate5,Vinblastine (sulfate),"[('Vinblastine (sulfate)', 0.5, 'uM')]",G2M,-0.07459168587099378,336,1812,Microtubule inhibitor
SW48,plate6,Docetaxel,"[('Docetaxel', 5.0, 'uM')]",G1,-0.014438107843996297,582,2483,Microtubule inhibitor
SW48,plate6,Docetaxel,"[('Docetaxel', 5.0, 'uM')]",S,-0.8009705618595501,582,2483,Microtubule inhibitor
SW48,plate6,Docetaxel,"[('Docetaxel', 5.0, 'uM')]",G2M,0.328728398316598,582,2483,Microtubule inhibitor
SW48,plate6,Tucidinostat,"[('Tucidinostat', 5.0, 'uM')]",G1,0.6169420408301568,699,2483,HDAC inhibitor
SW48,plate6,Tucidinostat,"[('Tucidinostat', 5.0, 'uM')]",S,-1.449041359282285,699,2483,HDAC inhibitor
SW48,plate6,Tucidinostat,"[('Tucidinostat', 5.0, 'uM')]",G2M,-0.15551382495167732,699,2483,HDAC inhibitor
SW48,plate6,Vinblastine (sulfate),"[('Vinblastine (sulfate)', 5.0, 'uM')]",G1,0.12082735934103188,668,2483,Microtubule inhibitor
SW48,plate6,Vinblastine (sulfate),"[('Vinblastine (sulfate)', 5.0, 'uM')]",S,-0.983457963383471,668,2483,Microtubule inhibitor
SW48,plate6,Vinblastine (sulfate),"[('Vinblastine (sulfate)', 5.0, 'uM')]",G2M,0.24375457136990905,668,2483,Microtubule inhibitor
SW48,plate7,Dinaciclib,"[('Dinaciclib', 0.05, 'uM')]",G1,-1.0554633578058892,80,564,CDK inhibitor
SW48,plate7,Dinaciclib,"[('Dinaciclib', 0.05, 'uM')]",S,0.9097723659638502,80,564,CDK inhibitor
SW48,plate7,Dinaciclib,"[('Dinaciclib', 0.05, 'uM')]",G2M,0.6878636864703352,80,564,CDK inhibitor
SW48,plate7,Docetaxel (Trihydrate),"[('Docetaxel (Trihydrate)', 0.05, 'uM')]",G1,-0.6188316621096314,357,564,Microtubule inhibitor
SW48,plate7,Docetaxel (Trihydrate),"[('Docetaxel (Trihydrate)', 0.05, 'uM')]",S,-0.04777889283317278,357,564,Microtubule inhibitor
SW48,plate7,Docetaxel (Trihydrate),"[('Docetaxel (Trihydrate)', 0.05, 'uM')]",G2M,0.6144264198285939,357,564,Microtubule inhibitor
SW48,plate7,Mebendazole,"[('Mebendazole', 0.05, 'uM')]",G1,-0.17602420359416773,352,564,Microtubule inhibitor
SW48,plate7,Mebendazole,"[('Mebendazole', 0.05, 'uM')]",S,0.14782164174948687,352,564,Microtubule inhibitor
SW48,plate7,Mebendazole,"[('Mebendazole', 0.05, 'uM')]",G2M,0.1350490873523693,352,564,Microtubule inhibitor
SW48,plate8,Dinaciclib,"[('Dinaciclib', 0.5, 'uM')]",G1,-0.560943049528298,160,1888,CDK inhibitor
SW48,plate8,Dinaciclib,"[('Dinaciclib', 0.5, 'uM')]",S,1.9983418310353669,160,1888,CDK inhibitor
SW48,plate8,Dinaciclib,"[('Dinaciclib', 0.5, 'uM')]",G2M,-0.18469777571000445,160,1888,CDK inhibitor
SW48,plate8,Docetaxel (Trihydrate),"[('Docetaxel (Trihydrate)', 0.5, 'uM')]",G1,-0.3396523759056213,607,1888,Microtubule inhibitor
SW48,plate8,Docetaxel (Trihydrate),"[('Docetaxel (Trihydrate)', 0.5, 'uM')]",S,0.1152264741328457,607,1888,Microtubule inhibitor
SW48,plate8,Docetaxel (Trihydrate),"[('Docetaxel (Trihydrate)', 0.5, 'uM')]",G2M,0.3353234769314896,607,1888,Microtubule inhibitor
SW48,plate8,Mebendazole,"[('Mebendazole', 0.5, 'uM')]",G1,-0.3946979417653974,612,1888,Microtubule inhibitor
SW48,plate8,Mebendazole,"[('Mebendazole', 0.5, 'uM')]",S,-0.04007653565756965,612,1888,Microtubule inhibitor
SW48,plate8,Mebendazole,"[('Mebendazole', 0.5, 'uM')]",G2M,0.42440262314522503,612,1888,Microtubule inhibitor
SW48,plate9,Dinaciclib,"[('Dinaciclib', 5.0, 'uM')]",G1,-2.1834983223223072,58,861,CDK inhibitor
SW48,plate9,Dinaciclib,"[('Dinaciclib', 5.0, 'uM')]",S,2.169057513095407,58,861,CDK inhibitor
SW48,plate9,Dinaciclib,"[('Dinaciclib', 5.0, 'uM')]",G2M,0.5641222500562825,58,861,CDK inhibitor
SW48,plate9,Docetaxel (Trihydrate),"[('Docetaxel (Trihydrate)', 5.0, 'uM')]",G1,-0.2690766328506506,634,861,Microtubule inhibitor
SW48,plate9,Docetaxel (Trihydrate),"[('Docetaxel (Trihydrate)', 5.0, 'uM')]",S,-0.7258757073804498,634,861,Microtubule inhibitor
SW48,plate9,Docetaxel (Trihydrate),"[('Docetaxel (Trihydrate)', 5.0, 'uM')]",G2M,0.43576310782160516,634,861,Microtubule inhibitor
SW48,plate9,Mebendazole,"[('Mebendazole', 5.0, 'uM')]",G1,-0.488491577858706,1021,861,Microtubule inhibitor
SW48,plate9,Mebendazole,"[('Mebendazole', 5.0, 'uM')]",S,-0.6440869223274517,1021,861,Microtubule inhibitor
SW48,plate9,Mebendazole,"[('Mebendazole', 5.0, 'uM')]",G2M,0.6276775709357755,1021,861,Microtubule inhibitor
SW480,plate1,Paclitaxel,"[('Paclitaxel', 0.05, 'uM')]",G1,0.414187975820978,4413,10609,Microtubule inhibitor
SW480,plate1,Paclitaxel,"[('Paclitaxel', 0.05, 'uM')]",S,-0.2860748966869484,4413,10609,Microtubule inhibitor
SW480,plate1,Paclitaxel,"[('Paclitaxel', 0.05, 'uM')]",G2M,-0.28460276541784674,4413,10609,Microtubule inhibitor
SW480,plate1,Tubulin inhibitor 6,"[('Tubulin inhibitor 6', 0.05, 'uM')]",G1,0.18009993793144524,3681,10609,Microtubule inhibitor
SW480,plate1,Tubulin inhibitor 6,"[('Tubulin inhibitor 6', 0.05, 'uM')]",S,-0.17689057387246007,3681,10609,Microtubule inhibitor
SW480,plate1,Tubulin inhibitor 6,"[('Tubulin inhibitor 6', 0.05, 'uM')]",G2M,-0.09298967941186514,3681,10609,Microtubule inhibitor
SW480,plate1,palbociclib,"[('palbociclib', 0.05, 'uM')]",G1,0.5387053929185612,2626,10609,CDK inhibitor
SW480,plate1,palbociclib,"[('palbociclib', 0.05, 'uM')]",S,-0.27169557434916564,2626,10609,CDK inhibitor
SW480,plate1,palbociclib,"[('palbociclib', 0.05, 'uM')]",G2M,-0.4237348140533232,2626,10609,CDK inhibitor
SW480,plate1,vincristine,"[('vincristine', 0.05, 'uM')]",G1,-0.3215807876895438,3438,10609,Microtubule inhibitor
SW480,plate1,vincristine,"[('vincristine', 0.05, 'uM')]",S,-0.13600393727068838,3438,10609,Microtubule inhibitor
SW480,plate1,vincristine,"[('vincristine', 0.05, 'uM')]",G2M,0.37538601215522155,3438,10609,Microtubule inhibitor
SW480,plate10,Belinostat,"[('Belinostat', 0.05, 'uM')]",G1,-0.5161418664239255,4966,13066,HDAC inhibitor
SW480,plate10,Belinostat,"[('Belinostat', 0.05, 'uM')]",S,0.20254531378551593,4966,13066,HDAC inhibitor
SW480,plate10,Belinostat,"[('Belinostat', 0.05, 'uM')]",G2M,0.4870391772610344,4966,13066,HDAC inhibitor
SW480,plate10,Carbamazepine,"[('Carbamazepine', 0.05, 'uM')]",G1,-0.17310444141993986,4721,13066,HDAC inhibitor
SW480,plate10,Carbamazepine,"[('Carbamazepine', 0.05, 'uM')]",S,-0.24857800541790098,4721,13066,HDAC inhibitor
SW480,plate10,Carbamazepine,"[('Carbamazepine', 0.05, 'uM')]",G2M,0.25948500222524906,4721,13066,HDAC inhibitor
SW480,plate10,Panobinostat,"[('Panobinostat', 0.05, 'uM')]",G1,-0.7655957204208538,6025,13066,HDAC inhibitor
SW480,plate10,Panobinostat,"[('Panobinostat', 0.05, 'uM')]",S,0.12907811949256276,6025,13066,HDAC inhibitor
SW480,plate10,Panobinostat,"[('Panobinostat', 0.05, 'uM')]",G2M,0.7659684856329991,6025,13066,HDAC inhibitor
SW480,plate11,Belinostat,"[('Belinostat', 0.5, 'uM')]",G1,-0.7185858085697422,2141,11802,HDAC inhibitor
SW480,plate11,Belinostat,"[('Belinostat', 0.5, 'uM')]",S,0.08512138212415366,2141,11802,HDAC inhibitor
SW480,plate11,Belinostat,"[('Belinostat', 0.5, 'uM')]",G2M,0.626036923330755,2141,11802,HDAC inhibitor
SW480,plate11,Carbamazepine,"[('Carbamazepine', 0.5, 'uM')]",G1,0.0674621729063024,3580,11802,HDAC inhibitor
SW480,plate11,Carbamazepine,"[('Carbamazepine', 0.5, 'uM')]",S,-0.0847862958128872,3580,11802,HDAC inhibitor
SW480,plate11,Carbamazepine,"[('Carbamazepine', 0.5, 'uM')]",G2M,-0.027961077526402027,3580,11802,HDAC inhibitor
SW480,plate11,Panobinostat,"[('Panobinostat', 0.5, 'uM')]",G1,-1.4826306079490854,4896,11802,HDAC inhibitor
SW480,plate11,Panobinostat,"[('Panobinostat', 0.5, 'uM')]",S,1.1913905156161952,4896,11802,HDAC inhibitor
SW480,plate11,Panobinostat,"[('Panobinostat', 0.5, 'uM')]",G2M,0.5190459392872392,4896,11802,HDAC inhibitor
SW480,plate12,Belinostat,"[('Belinostat', 5.0, 'uM')]",G1,-1.7060420504083418,5224,12994,HDAC inhibitor
SW480,plate12,Belinostat,"[('Belinostat', 5.0, 'uM')]",S,0.7644785432618214,5224,12994,HDAC inhibitor
SW480,plate12,Belinostat,"[('Belinostat', 5.0, 'uM')]",G2M,0.9678387286932694,5224,12994,HDAC inhibitor
SW480,plate12,Carbamazepine,"[('Carbamazepine', 5.0, 'uM')]",G1,0.04160507061561646,3467,12994,HDAC inhibitor
SW480,plate12,Carbamazepine,"[('Carbamazepine', 5.0, 'uM')]",S,-0.4957144362250511,3467,12994,HDAC inhibitor
SW480,plate12,Carbamazepine,"[('Carbamazepine', 5.0, 'uM')]",G2M,0.18920269804208636,3467,12994,HDAC inhibitor
SW480,plate12,Panobinostat,"[('Panobinostat', 5.0, 'uM')]",G1,-1.7092891523562386,5913,12994,HDAC inhibitor
SW480,plate12,Panobinostat,"[('Panobinostat', 5.0, 'uM')]",S,1.0519959259936913,5913,12994,HDAC inhibitor
SW480,plate12,Panobinostat,"[('Panobinostat', 5.0, 'uM')]",G2M,0.7514876371417823,5913,12994,HDAC inhibitor
SW480,plate13,Abemaciclib,"[('Abemaciclib', 0.05, 'uM')]",G1,-0.17170091427038892,6297,7700,CDK inhibitor
SW480,plate13,Abemaciclib,"[('Abemaciclib', 0.05, 'uM')]",S,0.16747625285389725,6297,7700,CDK inhibitor
SW480,plate13,Abemaciclib,"[('Abemaciclib', 0.05, 'uM')]",G2M,0.10522318188764339,6297,7700,CDK inhibitor
SW480,plate13,Ribociclib,"[('Ribociclib', 0.05, 'uM')]",G1,0.12054784309908936,5732,7700,CDK inhibitor
SW480,plate13,Ribociclib,"[('Ribociclib', 0.05, 'uM')]",S,-0.02498529309929336,5732,7700,CDK inhibitor
SW480,plate13,Ribociclib,"[('Ribociclib', 0.05, 'uM')]",G2M,-0.11738994447397964,5732,7700,CDK inhibitor
SW480,plate13,Ribociclib,"[('Ribociclib', 0.5, 'uM')]",G1,0.19062213544251452,5750,7700,CDK inhibitor
SW480,plate13,Ribociclib,"[('Ribociclib', 0.5, 'uM')]",S,-0.24623321290490546,5750,7700,CDK inhibitor
SW480,plate13,Ribociclib,"[('Ribociclib', 0.5, 'uM')]",G2M,-0.10297357677034846,5750,7700,CDK inhibitor
SW480,plate13,Ribociclib,"[('Ribociclib', 5.0, 'uM')]",G1,0.16496531142033424,5804,7700,CDK inhibitor
SW480,plate13,Ribociclib,"[('Ribociclib', 5.0, 'uM')]",S,-0.17548890260464656,5804,7700,CDK inhibitor
SW480,plate13,Ribociclib,"[('Ribociclib', 5.0, 'uM')]",G2M,-0.10295856202172611,5804,7700,CDK inhibitor
SW480,plate14,Docetaxel,"[('Docetaxel', 5.0, 'uM')]",G1,-0.04554588792887593,5426,5913,Microtubule inhibitor
SW480,plate14,Docetaxel,"[('Docetaxel', 5.0, 'uM')]",S,-0.33928264098704586,5426,5913,Microtubule inhibitor
SW480,plate14,Docetaxel,"[('Docetaxel', 5.0, 'uM')]",G2M,0.2458201736613747,5426,5913,Microtubule inhibitor
SW480,plate14,Tucidinostat,"[('Tucidinostat', 5.0, 'uM')]",G1,0.14078798084009697,4626,5913,HDAC inhibitor
SW480,plate14,Tucidinostat,"[('Tucidinostat', 5.0, 'uM')]",S,-0.10626482617094433,4626,5913,HDAC inhibitor
SW480,plate14,Tucidinostat,"[('Tucidinostat', 5.0, 'uM')]",G2M,-0.07794530797931155,4626,5913,HDAC inhibitor
SW480,plate14,Vinblastine (sulfate),"[('Vinblastine (sulfate)', 5.0, 'uM')]",G1,0.08034907660798171,4303,5913,Microtubule inhibitor
SW480,plate14,Vinblastine (sulfate),"[('Vinblastine (sulfate)', 5.0, 'uM')]",S,-0.06819699617983337,4303,5913,Microtubule inhibitor
SW480,plate14,Vinblastine (sulfate),"[('Vinblastine (sulfate)', 5.0, 'uM')]",G2M,-0.03885434635227044,4303,5913,Microtubule inhibitor
SW480,plate2,Abemaciclib,"[('Abemaciclib', 0.5, 'uM')]",G1,0.09348474481239501,5443,14701,CDK inhibitor
SW480,plate2,Abemaciclib,"[('Abemaciclib', 0.5, 'uM')]",S,0.08484108107318304,5443,14701,CDK inhibitor
SW480,plate2,Abemaciclib,"[('Abemaciclib', 0.5, 'uM')]",G2M,-0.1623023492854348,5443,14701,CDK inhibitor
SW480,plate2,Paclitaxel,"[('Paclitaxel', 0.5, 'uM')]",G1,0.23701986603128752,9334,14701,Microtubule inhibitor
SW480,plate2,Paclitaxel,"[('Paclitaxel', 0.5, 'uM')]",S,-0.5180854212599629,9334,14701,Microtubule inhibitor
SW480,plate2,Paclitaxel,"[('Paclitaxel', 0.5, 'uM')]",G2M,0.06635238969595882,9334,14701,Microtubule inhibitor
SW480,plate2,Tubulin inhibitor 6,"[('Tubulin inhibitor 6', 0.5, 'uM')]",G1,0.22355695139219034,8807,14701,Microtubule inhibitor
SW480,plate2,Tubulin inhibitor 6,"[('Tubulin inhibitor 6', 0.5, 'uM')]",S,-0.25766486289103757,8807,14701,Microtubule inhibitor
SW480,plate2,Tubulin inhibitor 6,"[('Tubulin inhibitor 6', 0.5, 'uM')]",G2M,-0.07134864152841579,8807,14701,Microtubule inhibitor
SW480,plate2,palbociclib,"[('palbociclib', 0.5, 'uM')]",G1,1.694932329925138,5894,14701,CDK inhibitor
SW480,plate2,palbociclib,"[('palbociclib', 0.5, 'uM')]",S,-1.2644940873309651,5894,14701,CDK inhibitor
SW480,plate2,palbociclib,"[('palbociclib', 0.5, 'uM')]",G2M,-1.2779369869116963,5894,14701,CDK inhibitor
SW480,plate2,vincristine,"[('vincristine', 0.5, 'uM')]",G1,-0.6197302267438468,1954,14701,Microtubule inhibitor
SW480,plate2,vincristine,"[('vincristine', 0.5, 'uM')]",S,-0.15245817928199745,1954,14701,Microtubule inhibitor
SW480,plate2,vincristine,"[('vincristine', 0.5, 'uM')]",G2M,0.7030940014128567,1954,14701,Microtubule inhibitor
SW480,plate3,Abemaciclib,"[('Abemaciclib', 5.0, 'uM')]",G1,0.44126498555402277,2834,3059,CDK inhibitor
SW480,plate3,Abemaciclib,"[('Abemaciclib', 5.0, 'uM')]",S,-0.16914317026299866,2834,3059,CDK inhibitor
SW480,plate3,Abemaciclib,"[('Abemaciclib', 5.0, 'uM')]",G2M,-0.3284465111916098,2834,3059,CDK inhibitor
SW480,plate3,Paclitaxel,"[('Paclitaxel', 5.0, 'uM')]",G1,0.9478430055126396,6791,3059,Microtubule inhibitor
SW480,plate3,Paclitaxel,"[('Paclitaxel', 5.0, 'uM')]",S,-0.8983940571469229,6791,3059,Microtubule inhibitor
SW480,plate3,Paclitaxel,"[('Paclitaxel', 5.0, 'uM')]",G2M,-0.4806503418383674,6791,3059,Microtubule inhibitor
SW480,plate3,Tubulin inhibitor 6,"[('Tubulin inhibitor 6', 5.0, 'uM')]",G1,-0.1514228778596683,1368,3059,Microtubule inhibitor
SW480,plate3,Tubulin inhibitor 6,"[('Tubulin inhibitor 6', 5.0, 'uM')]",S,-0.04745585313690763,1368,3059,Microtubule inhibitor
SW480,plate3,Tubulin inhibitor 6,"[('Tubulin inhibitor 6', 5.0, 'uM')]",G2M,0.1697696056593679,1368,3059,Microtubule inhibitor
SW480,plate3,palbociclib,"[('palbociclib', 5.0, 'uM')]",G1,1.992560812314706,1553,3059,CDK inhibitor
SW480,plate3,palbociclib,"[('palbociclib', 5.0, 'uM')]",S,-1.5057782806278863,1553,3059,CDK inhibitor
SW480,plate3,palbociclib,"[('palbociclib', 5.0, 'uM')]",G2M,-1.418962917145816,1553,3059,CDK inhibitor
SW480,plate3,vincristine,"[('vincristine', 5.0, 'uM')]",G1,-0.6350561703778851,1062,3059,Microtubule inhibitor
SW480,plate3,vincristine,"[('vincristine', 5.0, 'uM')]",S,-0.13969419105155786,1062,3059,Microtubule inhibitor
SW480,plate3,vincristine,"[('vincristine', 5.0, 'uM')]",G2M,0.6340004210024683,1062,3059,Microtubule inhibitor
SW480,plate4,Docetaxel,"[('Docetaxel', 0.05, 'uM')]",G1,-0.7101385410973078,1562,9876,Microtubule inhibitor
SW480,plate4,Docetaxel,"[('Docetaxel', 0.05, 'uM')]",S,-0.3744142589155958,1562,9876,Microtubule inhibitor
SW480,plate4,Docetaxel,"[('Docetaxel', 0.05, 'uM')]",G2M,0.8511958285231741,1562,9876,Microtubule inhibitor
SW480,plate4,Tucidinostat,"[('Tucidinostat', 0.05, 'uM')]",G1,0.455606218025803,4504,9876,HDAC inhibitor
SW480,plate4,Tucidinostat,"[('Tucidinostat', 0.05, 'uM')]",S,-0.4098859445068955,4504,9876,HDAC inhibitor
SW480,plate4,Tucidinostat,"[('Tucidinostat', 0.05, 'uM')]",G2M,-0.27730033000741533,4504,9876,HDAC inhibitor
SW480,plate4,Vinblastine (sulfate),"[('Vinblastine (sulfate)', 0.05, 'uM')]",G1,-0.44967479417607514,4943,9876,Microtubule inhibitor
SW480,plate4,Vinblastine (sulfate),"[('Vinblastine (sulfate)', 0.05, 'uM')]",S,0.17067878346184592,4943,9876,Microtubule inhibitor
SW480,plate4,Vinblastine (sulfate),"[('Vinblastine (sulfate)', 0.05, 'uM')]",G2M,0.34595055639805306,4943,9876,Microtubule inhibitor
SW480,plate5,Docetaxel,"[('Docetaxel', 0.5, 'uM')]",G1,0.05471213601404443,3628,9956,Microtubule inhibitor
SW480,plate5,Docetaxel,"[('Docetaxel', 0.5, 'uM')]",S,-0.6580958166670704,3628,9956,Microtubule inhibitor
SW480,plate5,Docetaxel,"[('Docetaxel', 0.5, 'uM')]",G2M,0.2924364626354146,3628,9956,Microtubule inhibitor
SW480,plate5,Tucidinostat,"[('Tucidinostat', 0.5, 'uM')]",G1,0.7604030913391256,2482,9956,HDAC inhibitor
SW480,plate5,Tucidinostat,"[('Tucidinostat', 0.5, 'uM')]",S,-1.1156845687118506,2482,9956,HDAC inhibitor
SW480,plate5,Tucidinostat,"[('Tucidinostat', 0.5, 'uM')]",G2M,-0.22435394940307027,2482,9956,HDAC inhibitor
SW480,plate5,Vinblastine (sulfate),"[('Vinblastine (sulfate)', 0.5, 'uM')]",G1,0.055136364508136804,1554,9956,Microtubule inhibitor
SW480,plate5,Vinblastine (sulfate),"[('Vinblastine (sulfate)', 0.5, 'uM')]",S,-0.0015143039817896082,1554,9956,Microtubule inhibitor
SW480,plate5,Vinblastine (sulfate),"[('Vinblastine (sulfate)', 0.5, 'uM')]",G2M,-0.04958673540411783,1554,9956,Microtubule inhibitor
SW480,plate6,Docetaxel,"[('Docetaxel', 5.0, 'uM')]",G1,0.13597945298739653,2532,13159,Microtubule inhibitor
SW480,plate6,Docetaxel,"[('Docetaxel', 5.0, 'uM')]",S,-0.893458167850489,2532,13159,Microtubule inhibitor
SW480,plate6,Docetaxel,"[('Docetaxel', 5.0, 'uM')]",G2M,0.3435576833287031,2532,13159,Microtubule inhibitor
SW480,plate6,Tucidinostat,"[('Tucidinostat', 5.0, 'uM')]",G1,1.0313456959830927,3618,13159,HDAC inhibitor
SW480,plate6,Tucidinostat,"[('Tucidinostat', 5.0, 'uM')]",S,-2.22163767958289,3618,13159,HDAC inhibitor
SW480,plate6,Tucidinostat,"[('Tucidinostat', 5.0, 'uM')]",G2M,-0.1814041764067107,3618,13159,HDAC inhibitor
SW480,plate6,Vinblastine (sulfate),"[('Vinblastine (sulfate)', 5.0, 'uM')]",G1,0.15186726563900052,2750,13159,Microtubule inhibitor
SW480,plate6,Vinblastine (sulfate),"[('Vinblastine (sulfate)', 5.0, 'uM')]",S,-0.5104411006706024,2750,13159,Microtubule inhibitor
SW480,plate6,Vinblastine (sulfate),"[('Vinblastine (sulfate)', 5.0, 'uM')]",G2M,0.14804411267608164,2750,13159,Microtubule inhibitor
SW480,plate7,Dinaciclib,"[('Dinaciclib', 0.05, 'uM')]",G1,-2.3981729657295663,322,5302,CDK inhibitor
SW480,plate7,Dinaciclib,"[('Dinaciclib', 0.05, 'uM')]",S,0.09700752502717563,322,5302,CDK inhibitor
SW480,plate7,Dinaciclib,"[('Dinaciclib', 0.05, 'uM')]",G2M,1.6148858623133475,322,5302,CDK inhibitor
SW480,plate7,Docetaxel (Trihydrate),"[('Docetaxel (Trihydrate)', 0.05, 'uM')]",G1,-0.15238567059047256,2624,5302,Microtubule inhibitor
SW480,plate7,Docetaxel (Trihydrate),"[('Docetaxel (Trihydrate)', 0.05, 'uM')]",S,-0.38381071453003923,2624,5302,Microtubule inhibitor
SW480,plate7,Docetaxel (Trihydrate),"[('Docetaxel (Trihydrate)', 0.05, 'uM')]",G2M,0.321609288977042,2624,5302,Microtubule inhibitor
SW480,plate7,Mebendazole,"[('Mebendazole', 0.05, 'uM')]",G1,-0.03199070536191098,3167,5302,Microtubule inhibitor
SW480,plate7,Mebendazole,"[('Mebendazole', 0.05, 'uM')]",S,-0.46318586443005444,3167,5302,Microtubule inhibitor
SW480,plate7,Mebendazole,"[('Mebendazole', 0.05, 'uM')]",G2M,0.24512515160431803,3167,5302,Microtubule inhibitor
SW480,plate8,Dinaciclib,"[('Dinaciclib', 0.5, 'uM')]",G1,-1.0342238370241015,738,13988,CDK inhibitor
SW480,plate8,Dinaciclib,"[('Dinaciclib', 0.5, 'uM')]",S,0.09404252564653119,738,13988,CDK inhibitor
SW480,plate8,Dinaciclib,"[('Dinaciclib', 0.5, 'uM')]",G2M,1.0491709516107615,738,13988,CDK inhibitor
SW480,plate8,Docetaxel (Trihydrate),"[('Docetaxel (Trihydrate)', 0.5, 'uM')]",G1,-0.32496990039573465,3769,13988,Microtubule inhibitor
SW480,plate8,Docetaxel (Trihydrate),"[('Docetaxel (Trihydrate)', 0.5, 'uM')]",S,-0.0071809089607537575,3769,13988,Microtubule inhibitor
SW480,plate8,Docetaxel (Trihydrate),"[('Docetaxel (Trihydrate)', 0.5, 'uM')]",G2M,0.36450592676318094,3769,13988,Microtubule inhibitor
SW480,plate8,Mebendazole,"[('Mebendazole', 0.5, 'uM')]",G1,-0.32585604146564334,4676,13988,Microtubule inhibitor
SW480,plate8,Mebendazole,"[('Mebendazole', 0.5, 'uM')]",S,-0.1870283108236994,4676,13988,Microtubule inhibitor
SW480,plate8,Mebendazole,"[('Mebendazole', 0.5, 'uM')]",G2M,0.438048519699545,4676,13988,Microtubule inhibitor
SW480,plate9,Dinaciclib,"[('Dinaciclib', 5.0, 'uM')]",G1,-2.365770814061744,229,7099,CDK inhibitor
SW480,plate9,Dinaciclib,"[('Dinaciclib', 5.0, 'uM')]",S,1.0285479510202726,229,7099,CDK inhibitor
SW480,plate9,Dinaciclib,"[('Dinaciclib', 5.0, 'uM')]",G2M,0.9627383861127512,229,7099,CDK inhibitor
SW480,plate9,Docetaxel (Trihydrate),"[('Docetaxel (Trihydrate)', 5.0, 'uM')]",G1,0.1322242735142016,3599,7099,Microtubule inhibitor
SW480,plate9,Docetaxel (Trihydrate),"[('Docetaxel (Trihydrate)', 5.0, 'uM')]",S,0.013409299663089425,3599,7099,Microtubule inhibitor
SW480,plate9,Docetaxel (Trihydrate),"[('Docetaxel (Trihydrate)', 5.0, 'uM')]",G2M,-0.12883722277195037,3599,7099,Microtubule inhibitor
SW480,plate9,Mebendazole,"[('Mebendazole', 5.0, 'uM')]",G1,-0.6634613027778657,8010,7099,Microtubule inhibitor
SW480,plate9,Mebendazole,"[('Mebendazole', 5.0, 'uM')]",S,0.01615786785819737,8010,7099,Microtubule inhibitor
SW480,plate9,Mebendazole,"[('Mebendazole', 5.0, 'uM')]",G2M,0.5665347579469834,8010,7099,Microtubule inhibitor
hTERT-HPNE,plate1,Paclitaxel,"[('Paclitaxel', 0.05, 'uM')]",G1,-0.005244451397135442,1894,3674,Microtubule inhibitor
hTERT-HPNE,plate1,Paclitaxel,"[('Paclitaxel', 0.05, 'uM')]",S,-0.34125972942043586,1894,3674,Microtubule inhibitor
hTERT-HPNE,plate1,Paclitaxel,"[('Paclitaxel', 0.05, 'uM')]",G2M,0.07892592314460084,1894,3674,Microtubule inhibitor
hTERT-HPNE,plate1,Tubulin inhibitor 6,"[('Tubulin inhibitor 6', 0.05, 'uM')]",G1,-0.15922251199684426,1449,3674,Microtubule inhibitor
hTERT-HPNE,plate1,Tubulin inhibitor 6,"[('Tubulin inhibitor 6', 0.05, 'uM')]",S,0.08779134049356854,1449,3674,Microtubule inhibitor
hTERT-HPNE,plate1,Tubulin inhibitor 6,"[('Tubulin inhibitor 6', 0.05, 'uM')]",G2M,0.1661782251568555,1449,3674,Microtubule inhibitor
hTERT-HPNE,plate1,palbociclib,"[('palbociclib', 0.05, 'uM')]",G1,-0.042591780151825104,1065,3674,CDK inhibitor
hTERT-HPNE,plate1,palbociclib,"[('palbociclib', 0.05, 'uM')]",S,-0.11365371299884958,1065,3674,CDK inhibitor
hTERT-HPNE,plate1,palbociclib,"[('palbociclib', 0.05, 'uM')]",G2M,0.07850184248283708,1065,3674,CDK inhibitor
hTERT-HPNE,plate1,vincristine,"[('vincristine', 0.05, 'uM')]",G1,-0.1447400695149723,1497,3674,Microtubule inhibitor
hTERT-HPNE,plate1,vincristine,"[('vincristine', 0.05, 'uM')]",S,0.03924181579172641,1497,3674,Microtubule inhibitor
hTERT-HPNE,plate1,vincristine,"[('vincristine', 0.05, 'uM')]",G2M,0.16053637398292742,1497,3674,Microtubule inhibitor
hTERT-HPNE,plate10,Belinostat,"[('Belinostat', 0.05, 'uM')]",G1,-0.41280180892016344,986,3204,HDAC inhibitor
hTERT-HPNE,plate10,Belinostat,"[('Belinostat', 0.05, 'uM')]",S,-0.38461740568339514,986,3204,HDAC inhibitor
hTERT-HPNE,plate10,Belinostat,"[('Belinostat', 0.05, 'uM')]",G2M,0.44652919737652996,986,3204,HDAC inhibitor
hTERT-HPNE,plate10,Carbamazepine,"[('Carbamazepine', 0.05, 'uM')]",G1,-0.2614535498856752,784,3204,HDAC inhibitor
hTERT-HPNE,plate10,Carbamazepine,"[('Carbamazepine', 0.05, 'uM')]",S,0.6475126903568534,784,3204,HDAC inhibitor
hTERT-HPNE,plate10,Carbamazepine,"[('Carbamazepine', 0.05, 'uM')]",G2M,0.23105965700086287,784,3204,HDAC inhibitor
hTERT-HPNE,plate10,Panobinostat,"[('Panobinostat', 0.05, 'uM')]",G1,-0.735601279253209,1403,3204,HDAC inhibitor
hTERT-HPNE,plate10,Panobinostat,"[('Panobinostat', 0.05, 'uM')]",S,0.3672015449356909,1403,3204,HDAC inhibitor
hTERT-HPNE,plate10,Panobinostat,"[('Panobinostat', 0.05, 'uM')]",G2M,0.7401102205258955,1403,3204,HDAC inhibitor
hTERT-HPNE,plate11,Belinostat,"[('Belinostat', 0.5, 'uM')]",G1,-0.7368023507457321,749,3099,HDAC inhibitor
hTERT-HPNE,plate11,Belinostat,"[('Belinostat', 0.5, 'uM')]",S,0.6601037989094115,749,3099,HDAC inhibitor
hTERT-HPNE,plate11,Belinostat,"[('Belinostat', 0.5, 'uM')]",G2M,0.6643208718920504,749,3099,HDAC inhibitor
hTERT-HPNE,plate11,Carbamazepine,"[('Carbamazepine', 0.5, 'uM')]",G1,0.01795270850507464,803,3099,HDAC inhibitor
hTERT-HPNE,plate11,Carbamazepine,"[('Carbamazepine', 0.5, 'uM')]",S,0.17166447963790454,803,3099,HDAC inhibitor
hTERT-HPNE,plate11,Carbamazepine,"[('Carbamazepine', 0.5, 'uM')]",G2M,-0.04149567808129114,803,3099,HDAC inhibitor
hTERT-HPNE,plate11,Panobinostat,"[('Panobinostat', 0.5, 'uM')]",G1,-1.333629989207767,2040,3099,HDAC inhibitor
hTERT-HPNE,plate11,Panobinostat,"[('Panobinostat', 0.5, 'uM')]",S,2.1667520551444777,2040,3099,HDAC inhibitor
hTERT-HPNE,plate11,Panobinostat,"[('Panobinostat', 0.5, 'uM')]",G2M,0.8200508594207443,2040,3099,HDAC inhibitor
hTERT-HPNE,plate12,Belinostat,"[('Belinostat', 5.0, 'uM')]",G1,-2.1097954098937253,1521,2206,HDAC inhibitor
hTERT-HPNE,plate12,Belinostat,"[('Belinostat', 5.0, 'uM')]",S,1.9830355675744036,1521,2206,HDAC inhibitor
hTERT-HPNE,plate12,Belinostat,"[('Belinostat', 5.0, 'uM')]",G2M,1.8478641939353764,1521,2206,HDAC inhibitor
hTERT-HPNE,plate12,Carbamazepine,"[('Carbamazepine', 5.0, 'uM')]",G1,-0.21271891923259392,1006,2206,HDAC inhibitor
hTERT-HPNE,plate12,Carbamazepine,"[('Carbamazepine', 5.0, 'uM')]",S,-0.13689280365520673,1006,2206,HDAC inhibitor
hTERT-HPNE,plate12,Carbamazepine,"[('Carbamazepine', 5.0, 'uM')]",G2M,0.24318670296667177,1006,2206,HDAC inhibitor
hTERT-HPNE,plate12,Panobinostat,"[('Panobinostat', 5.0, 'uM')]",G1,-1.7515344006123346,1320,2206,HDAC inhibitor
hTERT-HPNE,plate12,Panobinostat,"[('Panobinostat', 5.0, 'uM')]",S,2.299346047757398,1320,2206,HDAC inhibitor
hTERT-HPNE,plate12,Panobinostat,"[('Panobinostat', 5.0, 'uM')]",G2M,1.3866579810619593,1320,2206,HDAC inhibitor
hTERT-HPNE,plate13,Abemaciclib,"[('Abemaciclib', 0.05, 'uM')]",G1,0.2567163843759735,1428,1199,CDK inhibitor
hTERT-HPNE,plate13,Abemaciclib,"[('Abemaciclib', 0.05, 'uM')]",S,-0.8273081482584769,1428,1199,CDK inhibitor
hTERT-HPNE,plate13,Abemaciclib,"[('Abemaciclib', 0.05, 'uM')]",G2M,-0.20880557594044594,1428,1199,CDK inhibitor
hTERT-HPNE,plate13,Ribociclib,"[('Ribociclib', 0.05, 'uM')]",G1,-0.02603401181972605,1412,1199,CDK inhibitor
hTERT-HPNE,plate13,Ribociclib,"[('Ribociclib', 0.05, 'uM')]",S,-0.16214451989666376,1412,1199,CDK inhibitor
hTERT-HPNE,plate13,Ribociclib,"[('Ribociclib', 0.05, 'uM')]",G2M,0.040299533088618326,1412,1199,CDK inhibitor
hTERT-HPNE,plate13,Ribociclib,"[('Ribociclib', 0.5, 'uM')]",G1,0.02989316863678337,1157,1199,CDK inhibitor
hTERT-HPNE,plate13,Ribociclib,"[('Ribociclib', 0.5, 'uM')]",S,0.05221870470854957,1157,1199,CDK inhibitor
hTERT-HPNE,plate13,Ribociclib,"[('Ribociclib', 0.5, 'uM')]",G2M,-0.03604522051967534,1157,1199,CDK inhibitor
hTERT-HPNE,plate13,Ribociclib,"[('Ribociclib', 5.0, 'uM')]",G1,-0.20603226098039418,1440,1199,CDK inhibitor
hTERT-HPNE,plate13,Ribociclib,"[('Ribociclib', 5.0, 'uM')]",S,0.14354550608200642,1440,1199,CDK inhibitor
hTERT-HPNE,plate13,Ribociclib,"[('Ribociclib', 5.0, 'uM')]",G2M,0.20220707062200996,1440,1199,CDK inhibitor
hTERT-HPNE,plate14,Docetaxel,"[('Docetaxel', 5.0, 'uM')]",G1,-0.18427216846227834,2246,2154,Microtubule inhibitor
hTERT-HPNE,plate14,Docetaxel,"[('Docetaxel', 5.0, 'uM')]",S,-0.16170898610721343,2246,2154,Microtubule inhibitor
hTERT-HPNE,plate14,Docetaxel,"[('Docetaxel', 5.0, 'uM')]",G2M,0.24884809858114826,2246,2154,Microtubule inhibitor
hTERT-HPNE,plate14,Tucidinostat,"[('Tucidinostat', 5.0, 'uM')]",G1,-0.1207104699400692,1770,2154,HDAC inhibitor
hTERT-HPNE,plate14,Tucidinostat,"[('Tucidinostat', 5.0, 'uM')]",S,0.056498078694887856,1770,2154,HDAC inhibitor
hTERT-HPNE,plate14,Tucidinostat,"[('Tucidinostat', 5.0, 'uM')]",G2M,0.12874248014310075,1770,2154,HDAC inhibitor
hTERT-HPNE,plate14,Vinblastine (sulfate),"[('Vinblastine (sulfate)', 5.0, 'uM')]",G1,-0.6467874546473423,1302,2154,Microtubule inhibitor
hTERT-HPNE,plate14,Vinblastine (sulfate),"[('Vinblastine (sulfate)', 5.0, 'uM')]",S,0.9395857698244466,1302,2154,Microtubule inhibitor
hTERT-HPNE,plate14,Vinblastine (sulfate),"[('Vinblastine (sulfate)', 5.0, 'uM')]",G2M,0.49999090398775703,1302,2154,Microtubule inhibitor
hTERT-HPNE,plate2,Abemaciclib,"[('Abemaciclib', 0.5, 'uM')]",G1,-0.4644142203644421,2171,6013,CDK inhibitor
hTERT-HPNE,plate2,Abemaciclib,"[('Abemaciclib', 0.5, 'uM')]",S,0.4975767178257779,2171,6013,CDK inhibitor
hTERT-HPNE,plate2,Abemaciclib,"[('Abemaciclib', 0.5, 'uM')]",G2M,0.3967685419831061,2171,6013,CDK inhibitor
hTERT-HPNE,plate2,Paclitaxel,"[('Paclitaxel', 0.5, 'uM')]",G1,-0.3532332415463315,4164,6013,Microtubule inhibitor
hTERT-HPNE,plate2,Paclitaxel,"[('Paclitaxel', 0.5, 'uM')]",S,0.5174202608549415,4164,6013,Microtubule inhibitor
hTERT-HPNE,plate2,Paclitaxel,"[('Paclitaxel', 0.5, 'uM')]",G2M,0.23608668740957114,4164,6013,Microtubule inhibitor
hTERT-HPNE,plate2,Tubulin inhibitor 6,"[('Tubulin inhibitor 6', 0.5, 'uM')]",G1,-0.09554177491504799,2915,6013,Microtubule inhibitor
hTERT-HPNE,plate2,Tubulin inhibitor 6,"[('Tubulin inhibitor 6', 0.5, 'uM')]",S,0.21402926468573377,2915,6013,Microtubule inhibitor
hTERT-HPNE,plate2,Tubulin inhibitor 6,"[('Tubulin inhibitor 6', 0.5, 'uM')]",G2M,0.03409459669662844,2915,6013,Microtubule inhibitor
hTERT-HPNE,plate2,palbociclib,"[('palbociclib', 0.5, 'uM')]",G1,0.47981608878908155,2635,6013,CDK inhibitor
hTERT-HPNE,plate2,palbociclib,"[('palbociclib', 0.5, 'uM')]",S,-0.33238206421211186,2635,6013,CDK inhibitor
hTERT-HPNE,plate2,palbociclib,"[('palbociclib', 0.5, 'uM')]",G2M,-0.49995242657193373,2635,6013,CDK inhibitor
hTERT-HPNE,plate2,vincristine,"[('vincristine', 0.5, 'uM')]",G1,-1.34694559774054,533,6013,Microtubule inhibitor
hTERT-HPNE,plate2,vincristine,"[('vincristine', 0.5, 'uM')]",S,1.1416699302489797,533,6013,Microtubule inhibitor
hTERT-HPNE,plate2,vincristine,"[('vincristine', 0.5, 'uM')]",G2M,1.233461218002748,533,6013,Microtubule inhibitor
hTERT-HPNE,plate3,Abemaciclib,"[('Abemaciclib', 5.0, 'uM')]",G1,0.02651139986016892,997,808,CDK inhibitor
hTERT-HPNE,plate3,Abemaciclib,"[('Abemaciclib', 5.0, 'uM')]",S,-0.17122692400100273,997,808,CDK inhibitor
hTERT-HPNE,plate3,Abemaciclib,"[('Abemaciclib', 5.0, 'uM')]",G2M,0.03389081948570034,997,808,CDK inhibitor
hTERT-HPNE,plate3,Paclitaxel,"[('Paclitaxel', 5.0, 'uM')]",G1,0.21825018533239315,3256,808,Microtubule inhibitor
hTERT-HPNE,plate3,Paclitaxel,"[('Paclitaxel', 5.0, 'uM')]",S,-0.3578912739172006,3256,808,Microtubule inhibitor
hTERT-HPNE,plate3,Paclitaxel,"[('Paclitaxel', 5.0, 'uM')]",G2M,-0.13429305137836037,3256,808,Microtubule inhibitor
hTERT-HPNE,plate3,Tubulin inhibitor 6,"[('Tubulin inhibitor 6', 5.0, 'uM')]",G1,-0.3457725953881203,338,808,Microtubule inhibitor
hTERT-HPNE,plate3,Tubulin inhibitor 6,"[('Tubulin inhibitor 6', 5.0, 'uM')]",S,0.4707637923096625,338,808,Microtubule inhibitor
hTERT-HPNE,plate3,Tubulin inhibitor 6,"[('Tubulin inhibitor 6', 5.0, 'uM')]",G2M,0.22251868937087588,338,808,Microtubule inhibitor
hTERT-HPNE,plate3,palbociclib,"[('palbociclib', 5.0, 'uM')]",G1,0.6939831697164796,615,808,CDK inhibitor
hTERT-HPNE,plate3,palbociclib,"[('palbociclib', 5.0, 'uM')]",S,-0.4580817897069042,615,808,CDK inhibitor
hTERT-HPNE,plate3,palbociclib,"[('palbociclib', 5.0, 'uM')]",G2M,-0.6875448818064012,615,808,CDK inhibitor
hTERT-HPNE,plate3,vincristine,"[('vincristine', 5.0, 'uM')]",G1,-0.8317356033885386,117,808,Microtubule inhibitor
hTERT-HPNE,plate3,vincristine,"[('vincristine', 5.0, 'uM')]",S,0.8726332806002365,117,808,Microtubule inhibitor
hTERT-HPNE,plate3,vincristine,"[('vincristine', 5.0, 'uM')]",G2M,0.6302883998255683,117,808,Microtubule inhibitor
hTERT-HPNE,plate4,Docetaxel,"[('Docetaxel', 0.05, 'uM')]",G1,-1.3284675627190494,173,2917,Microtubule inhibitor
hTERT-HPNE,plate4,Docetaxel,"[('Docetaxel', 0.05, 'uM')]",S,0.6951319435889988,173,2917,Microtubule inhibitor
hTERT-HPNE,plate4,Docetaxel,"[('Docetaxel', 0.05, 'uM')]",G2M,1.3410620793979953,173,2917,Microtubule inhibitor
hTERT-HPNE,plate4,Tucidinostat,"[('Tucidinostat', 0.05, 'uM')]",G1,0.42222681222607766,1567,2917,HDAC inhibitor
hTERT-HPNE,plate4,Tucidinostat,"[('Tucidinostat', 0.05, 'uM')]",S,-0.3565273245602997,1567,2917,HDAC inhibitor
hTERT-HPNE,plate4,Tucidinostat,"[('Tucidinostat', 0.05, 'uM')]",G2M,-0.40575334104186345,1567,2917,HDAC inhibitor
hTERT-HPNE,plate4,Vinblastine (sulfate),"[('Vinblastine (sulfate)', 0.05, 'uM')]",G1,-0.27404626479797356,1320,2917,Microtubule inhibitor
hTERT-HPNE,plate4,Vinblastine (sulfate),"[('Vinblastine (sulfate)', 0.05, 'uM')]",S,9.566047687886607e-05,1320,2917,Microtubule inhibitor
hTERT-HPNE,plate4,Vinblastine (sulfate),"[('Vinblastine (sulfate)', 0.05, 'uM')]",G2M,0.31616844852715364,1320,2917,Microtubule inhibitor
hTERT-HPNE,plate5,Docetaxel,"[('Docetaxel', 0.5, 'uM')]",G1,-0.682225475110872,1362,3634,Microtubule inhibitor
hTERT-HPNE,plate5,Docetaxel,"[('Docetaxel', 0.5, 'uM')]",S,0.034946913121505406,1362,3634,Microtubule inhibitor
hTERT-HPNE,plate5,Docetaxel,"[('Docetaxel', 0.5, 'uM')]",G2M,0.7669579266983838,1362,3634,Microtubule inhibitor
hTERT-HPNE,plate5,Tucidinostat,"[('Tucidinostat', 0.5, 'uM')]",G1,-0.09776429550133538,886,3634,HDAC inhibitor
hTERT-HPNE,plate5,Tucidinostat,"[('Tucidinostat', 0.5, 'uM')]",S,-0.07352188519941703,886,3634,HDAC inhibitor
hTERT-HPNE,plate5,Tucidinostat,"[('Tucidinostat', 0.5, 'uM')]",G2M,0.13504131464285424,886,3634,HDAC inhibitor
hTERT-HPNE,plate5,Vinblastine (sulfate),"[('Vinblastine (sulfate)', 0.5, 'uM')]",G1,-0.9534692383087661,399,3634,Microtubule inhibitor
hTERT-HPNE,plate5,Vinblastine (sulfate),"[('Vinblastine (sulfate)', 0.5, 'uM')]",S,1.0622317142439777,399,3634,Microtubule inhibitor
hTERT-HPNE,plate5,Vinblastine (sulfate),"[('Vinblastine (sulfate)', 0.5, 'uM')]",G2M,0.8338303225725865,399,3634,Microtubule inhibitor
hTERT-HPNE,plate6,Docetaxel,"[('Docetaxel', 5.0, 'uM')]",G1,-0.6409305899731169,1020,4619,Microtubule inhibitor
hTERT-HPNE,plate6,Docetaxel,"[('Docetaxel', 5.0, 'uM')]",S,0.28671764068104294,1020,4619,Microtubule inhibitor
hTERT-HPNE,plate6,Docetaxel,"[('Docetaxel', 5.0, 'uM')]",G2M,0.687325636426521,1020,4619,Microtubule inhibitor
hTERT-HPNE,plate6,Tucidinostat,"[('Tucidinostat', 5.0, 'uM')]",G1,-0.059852933157556194,1247,4619,HDAC inhibitor
hTERT-HPNE,plate6,Tucidinostat,"[('Tucidinostat', 5.0, 'uM')]",S,-0.5073080583085262,1247,4619,HDAC inhibitor
hTERT-HPNE,plate6,Tucidinostat,"[('Tucidinostat', 5.0, 'uM')]",G2M,0.17994479388354528,1247,4619,HDAC inhibitor
hTERT-HPNE,plate6,Vinblastine (sulfate),"[('Vinblastine (sulfate)', 5.0, 'uM')]",G1,-0.755281304551853,767,4619,Microtubule inhibitor
hTERT-HPNE,plate6,Vinblastine (sulfate),"[('Vinblastine (sulfate)', 5.0, 'uM')]",S,0.759779896002263,767,4619,Microtubule inhibitor
hTERT-HPNE,plate6,Vinblastine (sulfate),"[('Vinblastine (sulfate)', 5.0, 'uM')]",G2M,0.7012531839782482,767,4619,Microtubule inhibitor
hTERT-HPNE,plate7,Dinaciclib,"[('Dinaciclib', 0.05, 'uM')]",G1,-2.1344596672080494,176,1084,CDK inhibitor
hTERT-HPNE,plate7,Dinaciclib,"[('Dinaciclib', 0.05, 'uM')]",S,2.612012186088583,176,1084,CDK inhibitor
hTERT-HPNE,plate7,Dinaciclib,"[('Dinaciclib', 0.05, 'uM')]",G2M,1.246789062074367,176,1084,CDK inhibitor
hTERT-HPNE,plate7,Docetaxel (Trihydrate),"[('Docetaxel (Trihydrate)', 0.05, 'uM')]",G1,-0.7005998992905651,552,1084,Microtubule inhibitor
hTERT-HPNE,plate7,Docetaxel (Trihydrate),"[('Docetaxel (Trihydrate)', 0.05, 'uM')]",S,-0.7926855159905069,552,1084,Microtubule inhibitor
hTERT-HPNE,plate7,Docetaxel (Trihydrate),"[('Docetaxel (Trihydrate)', 0.05, 'uM')]",G2M,0.8125431829884815,552,1084,Microtubule inhibitor
hTERT-HPNE,plate7,Mebendazole,"[('Mebendazole', 0.05, 'uM')]",G1,-0.14240985648476578,742,1084,Microtubule inhibitor
hTERT-HPNE,plate7,Mebendazole,"[('Mebendazole', 0.05, 'uM')]",S,-0.0498396240307469,742,1084,Microtubule inhibitor
hTERT-HPNE,plate7,Mebendazole,"[('Mebendazole', 0.05, 'uM')]",G2M,0.1583172892601573,742,1084,Microtubule inhibitor
hTERT-HPNE,plate8,Dinaciclib,"[('Dinaciclib', 0.5, 'uM')]",G1,-2.058437800624562,437,2264,CDK inhibitor
hTERT-HPNE,plate8,Dinaciclib,"[('Dinaciclib', 0.5, 'uM')]",S,2.801571276437029,437,2264,CDK inhibitor
hTERT-HPNE,plate8,Dinaciclib,"[('Dinaciclib', 0.5, 'uM')]",G2M,1.6538256098154016,437,2264,CDK inhibitor
hTERT-HPNE,plate8,Docetaxel (Trihydrate),"[('Docetaxel (Trihydrate)', 0.5, 'uM')]",G1,-1.102005886948783,737,2264,Microtubule inhibitor
hTERT-HPNE,plate8,Docetaxel (Trihydrate),"[('Docetaxel (Trihydrate)', 0.5, 'uM')]",S,0.3117545234006218,737,2264,Microtubule inhibitor
hTERT-HPNE,plate8,Docetaxel (Trihydrate),"[('Docetaxel (Trihydrate)', 0.5, 'uM')]",G2M,1.1330408955294768,737,2264,Microtubule inhibitor
hTERT-HPNE,plate8,Mebendazole,"[('Mebendazole', 0.5, 'uM')]",G1,-0.3891625640578916,747,2264,Microtubule inhibitor
hTERT-HPNE,plate8,Mebendazole,"[('Mebendazole', 0.5, 'uM')]",S,-0.07647291556372313,747,2264,Microtubule inhibitor
hTERT-HPNE,plate8,Mebendazole,"[('Mebendazole', 0.5, 'uM')]",G2M,0.42413677910024056,747,2264,Microtubule inhibitor
hTERT-HPNE,plate9,Dinaciclib,"[('Dinaciclib', 5.0, 'uM')]",G1,-2.105857277507282,193,1545,CDK inhibitor
hTERT-HPNE,plate9,Dinaciclib,"[('Dinaciclib', 5.0, 'uM')]",S,2.54170793308649,193,1545,CDK inhibitor
hTERT-HPNE,plate9,Dinaciclib,"[('Dinaciclib', 5.0, 'uM')]",G2M,1.249337909291812,193,1545,CDK inhibitor
hTERT-HPNE,plate9,Docetaxel (Trihydrate),"[('Docetaxel (Trihydrate)', 5.0, 'uM')]",G1,0.1408076416517513,537,1545,Microtubule inhibitor
hTERT-HPNE,plate9,Docetaxel (Trihydrate),"[('Docetaxel (Trihydrate)', 5.0, 'uM')]",S,-1.7951578667248829,537,1545,Microtubule inhibitor
hTERT-HPNE,plate9,Docetaxel (Trihydrate),"[('Docetaxel (Trihydrate)', 5.0, 'uM')]",G2M,0.015833836501999377,537,1545,Microtubule inhibitor
hTERT-HPNE,plate9,Mebendazole,"[('Mebendazole', 5.0, 'uM')]",G1,-0.9055044859192829,2338,1545,Microtubule inhibitor
hTERT-HPNE,plate9,Mebendazole,"[('Mebendazole', 5.0, 'uM')]",S,-0.5874301726805016,2338,1545,Microtubule inhibitor
hTERT-HPNE,plate9,Mebendazole,"[('Mebendazole', 5.0, 'uM')]",G2M,0.9880446368039879,2338,1545,Microtubule inhibitor
